candidate_id,segment,origin_id,step,mine,master,abs_err,exact_match
Last,calibration,Agriculture:h12:f1:o212,1,1.0504355430603027,1.0504355430603027,0.0,1
Last,calibration,Agriculture:h12:f1:o212,2,1.0504355430603027,1.0504355430603027,0.0,1
Last,calibration,Agriculture:h12:f1:o212,3,1.0504355430603027,1.0504355430603027,0.0,1
Last,calibration,Agriculture:h12:f1:o212,4,1.0504355430603027,1.0504355430603027,0.0,1
Last,calibration,Agriculture:h12:f1:o212,5,1.0504355430603027,1.0504355430603027,0.0,1
Last,calibration,Agriculture:h12:f1:o212,6,1.0504355430603027,1.0504355430603027,0.0,1
Last,calibration,Agriculture:h12:f1:o212,7,1.0504355430603027,1.0504355430603027,0.0,1
Last,calibration,Agriculture:h12:f1:o212,8,1.0504355430603027,1.0504355430603027,0.0,1
Last,calibration,Agriculture:h12:f1:o212,9,1.0504355430603027,1.0504355430603027,0.0,1
Last,calibration,Agriculture:h12:f1:o212,10,1.0504355430603027,1.0504355430603027,0.0,1
Last,calibration,Agriculture:h12:f1:o212,11,1.0504355430603027,1.0504355430603027,0.0,1
Last,calibration,Agriculture:h12:f1:o212,12,1.0504355430603027,1.0504355430603027,0.0,1
Last,calibration,Agriculture:h12:f1:o213,1,1.2183494567871094,1.2183494567871094,0.0,1
Last,calibration,Agriculture:h12:f1:o213,2,1.2183494567871094,1.2183494567871094,0.0,1
Last,calibration,Agriculture:h12:f1:o213,3,1.2183494567871094,1.2183494567871094,0.0,1
Last,calibration,Agriculture:h12:f1:o213,4,1.2183494567871094,1.2183494567871094,0.0,1
Last,calibration,Agriculture:h12:f1:o213,5,1.2183494567871094,1.2183494567871094,0.0,1
Last,calibration,Agriculture:h12:f1:o213,6,1.2183494567871094,1.2183494567871094,0.0,1
Last,calibration,Agriculture:h12:f1:o213,7,1.2183494567871094,1.2183494567871094,0.0,1
Last,calibration,Agriculture:h12:f1:o213,8,1.2183494567871094,1.2183494567871094,0.0,1
Last,calibration,Agriculture:h12:f1:o213,9,1.2183494567871094,1.2183494567871094,0.0,1
Last,calibration,Agriculture:h12:f1:o213,10,1.2183494567871094,1.2183494567871094,0.0,1
Last,calibration,Agriculture:h12:f1:o213,11,1.2183494567871094,1.2183494567871094,0.0,1
Last,calibration,Agriculture:h12:f1:o213,12,1.2183494567871094,1.2183494567871094,0.0,1
Last,calibration,Agriculture:h12:f1:o214,1,1.0089952945709229,1.0089952945709229,0.0,1
Last,calibration,Agriculture:h12:f1:o214,2,1.0089952945709229,1.0089952945709229,0.0,1
Last,calibration,Agriculture:h12:f1:o214,3,1.0089952945709229,1.0089952945709229,0.0,1
Last,calibration,Agriculture:h12:f1:o214,4,1.0089952945709229,1.0089952945709229,0.0,1
Last,calibration,Agriculture:h12:f1:o214,5,1.0089952945709229,1.0089952945709229,0.0,1
Last,calibration,Agriculture:h12:f1:o214,6,1.0089952945709229,1.0089952945709229,0.0,1
Last,calibration,Agriculture:h12:f1:o214,7,1.0089952945709229,1.0089952945709229,0.0,1
Last,calibration,Agriculture:h12:f1:o214,8,1.0089952945709229,1.0089952945709229,0.0,1
Last,calibration,Agriculture:h12:f1:o214,9,1.0089952945709229,1.0089952945709229,0.0,1
Last,calibration,Agriculture:h12:f1:o214,10,1.0089952945709229,1.0089952945709229,0.0,1
Last,calibration,Agriculture:h12:f1:o214,11,1.0089952945709229,1.0089952945709229,0.0,1
Last,calibration,Agriculture:h12:f1:o214,12,1.0089952945709229,1.0089952945709229,0.0,1
Last,calibration,Agriculture:h12:f1:o215,1,1.1672217845916748,1.1672217845916748,0.0,1
Last,calibration,Agriculture:h12:f1:o215,2,1.1672217845916748,1.1672217845916748,0.0,1
Last,calibration,Agriculture:h12:f1:o215,3,1.1672217845916748,1.1672217845916748,0.0,1
Last,calibration,Agriculture:h12:f1:o215,4,1.1672217845916748,1.1672217845916748,0.0,1
Last,calibration,Agriculture:h12:f1:o215,5,1.1672217845916748,1.1672217845916748,0.0,1
Last,calibration,Agriculture:h12:f1:o215,6,1.1672217845916748,1.1672217845916748,0.0,1
Last,calibration,Agriculture:h12:f1:o215,7,1.1672217845916748,1.1672217845916748,0.0,1
Last,calibration,Agriculture:h12:f1:o215,8,1.1672217845916748,1.1672217845916748,0.0,1
Last,calibration,Agriculture:h12:f1:o215,9,1.1672217845916748,1.1672217845916748,0.0,1
Last,calibration,Agriculture:h12:f1:o215,10,1.1672217845916748,1.1672217845916748,0.0,1
Last,calibration,Agriculture:h12:f1:o215,11,1.1672217845916748,1.1672217845916748,0.0,1
Last,calibration,Agriculture:h12:f1:o215,12,1.1672217845916748,1.1672217845916748,0.0,1
Last,calibration,Agriculture:h12:f1:o216,1,0.9810096025466919,0.9810096025466919,0.0,1
Last,calibration,Agriculture:h12:f1:o216,2,0.9810096025466919,0.9810096025466919,0.0,1
Last,calibration,Agriculture:h12:f1:o216,3,0.9810096025466919,0.9810096025466919,0.0,1
Last,calibration,Agriculture:h12:f1:o216,4,0.9810096025466919,0.9810096025466919,0.0,1
Last,calibration,Agriculture:h12:f1:o216,5,0.9810096025466919,0.9810096025466919,0.0,1
Last,calibration,Agriculture:h12:f1:o216,6,0.9810096025466919,0.9810096025466919,0.0,1
Last,calibration,Agriculture:h12:f1:o216,7,0.9810096025466919,0.9810096025466919,0.0,1
Last,calibration,Agriculture:h12:f1:o216,8,0.9810096025466919,0.9810096025466919,0.0,1
Last,calibration,Agriculture:h12:f1:o216,9,0.9810096025466919,0.9810096025466919,0.0,1
Last,calibration,Agriculture:h12:f1:o216,10,0.9810096025466919,0.9810096025466919,0.0,1
Last,calibration,Agriculture:h12:f1:o216,11,0.9810096025466919,0.9810096025466919,0.0,1
Last,calibration,Agriculture:h12:f1:o216,12,0.9810096025466919,0.9810096025466919,0.0,1
Last,calibration,Agriculture:h12:f1:o217,1,1.2560224533081055,1.2560224533081055,0.0,1
Last,calibration,Agriculture:h12:f1:o217,2,1.2560224533081055,1.2560224533081055,0.0,1
Last,calibration,Agriculture:h12:f1:o217,3,1.2560224533081055,1.2560224533081055,0.0,1
Last,calibration,Agriculture:h12:f1:o217,4,1.2560224533081055,1.2560224533081055,0.0,1
Last,calibration,Agriculture:h12:f1:o217,5,1.2560224533081055,1.2560224533081055,0.0,1
Last,calibration,Agriculture:h12:f1:o217,6,1.2560224533081055,1.2560224533081055,0.0,1
Last,calibration,Agriculture:h12:f1:o217,7,1.2560224533081055,1.2560224533081055,0.0,1
Last,calibration,Agriculture:h12:f1:o217,8,1.2560224533081055,1.2560224533081055,0.0,1
Last,calibration,Agriculture:h12:f1:o217,9,1.2560224533081055,1.2560224533081055,0.0,1
Last,calibration,Agriculture:h12:f1:o217,10,1.2560224533081055,1.2560224533081055,0.0,1
Last,calibration,Agriculture:h12:f1:o217,11,1.2560224533081055,1.2560224533081055,0.0,1
Last,calibration,Agriculture:h12:f1:o217,12,1.2560224533081055,1.2560224533081055,0.0,1
Last,calibration,Agriculture:h12:f1:o218,1,1.1058686971664429,1.1058686971664429,0.0,1
Last,calibration,Agriculture:h12:f1:o218,2,1.1058686971664429,1.1058686971664429,0.0,1
Last,calibration,Agriculture:h12:f1:o218,3,1.1058686971664429,1.1058686971664429,0.0,1
Last,calibration,Agriculture:h12:f1:o218,4,1.1058686971664429,1.1058686971664429,0.0,1
Last,calibration,Agriculture:h12:f1:o218,5,1.1058686971664429,1.1058686971664429,0.0,1
Last,calibration,Agriculture:h12:f1:o218,6,1.1058686971664429,1.1058686971664429,0.0,1
Last,calibration,Agriculture:h12:f1:o218,7,1.1058686971664429,1.1058686971664429,0.0,1
Last,calibration,Agriculture:h12:f1:o218,8,1.1058686971664429,1.1058686971664429,0.0,1
Last,calibration,Agriculture:h12:f1:o218,9,1.1058686971664429,1.1058686971664429,0.0,1
Last,calibration,Agriculture:h12:f1:o218,10,1.1058686971664429,1.1058686971664429,0.0,1
Last,calibration,Agriculture:h12:f1:o218,11,1.1058686971664429,1.1058686971664429,0.0,1
Last,calibration,Agriculture:h12:f1:o218,12,1.1058686971664429,1.1058686971664429,0.0,1
Last,calibration,Agriculture:h12:f1:o219,1,1.0897231101989746,1.0897231101989746,0.0,1
Last,calibration,Agriculture:h12:f1:o219,2,1.0897231101989746,1.0897231101989746,0.0,1
Last,calibration,Agriculture:h12:f1:o219,3,1.0897231101989746,1.0897231101989746,0.0,1
Last,calibration,Agriculture:h12:f1:o219,4,1.0897231101989746,1.0897231101989746,0.0,1
Last,calibration,Agriculture:h12:f1:o219,5,1.0897231101989746,1.0897231101989746,0.0,1
Last,calibration,Agriculture:h12:f1:o219,6,1.0897231101989746,1.0897231101989746,0.0,1
Last,calibration,Agriculture:h12:f1:o219,7,1.0897231101989746,1.0897231101989746,0.0,1
Last,calibration,Agriculture:h12:f1:o219,8,1.0897231101989746,1.0897231101989746,0.0,1
Last,calibration,Agriculture:h12:f1:o219,9,1.0897231101989746,1.0897231101989746,0.0,1
Last,calibration,Agriculture:h12:f1:o219,10,1.0897231101989746,1.0897231101989746,0.0,1
Last,calibration,Agriculture:h12:f1:o219,11,1.0897231101989746,1.0897231101989746,0.0,1
Last,calibration,Agriculture:h12:f1:o219,12,1.0897231101989746,1.0897231101989746,0.0,1
Last,calibration,Agriculture:h12:f1:o220,1,1.1650691032409668,1.1650691032409668,0.0,1
Last,calibration,Agriculture:h12:f1:o220,2,1.1650691032409668,1.1650691032409668,0.0,1
Last,calibration,Agriculture:h12:f1:o220,3,1.1650691032409668,1.1650691032409668,0.0,1
Last,calibration,Agriculture:h12:f1:o220,4,1.1650691032409668,1.1650691032409668,0.0,1
Last,calibration,Agriculture:h12:f1:o220,5,1.1650691032409668,1.1650691032409668,0.0,1
Last,calibration,Agriculture:h12:f1:o220,6,1.1650691032409668,1.1650691032409668,0.0,1
Last,calibration,Agriculture:h12:f1:o220,7,1.1650691032409668,1.1650691032409668,0.0,1
Last,calibration,Agriculture:h12:f1:o220,8,1.1650691032409668,1.1650691032409668,0.0,1
Last,calibration,Agriculture:h12:f1:o220,9,1.1650691032409668,1.1650691032409668,0.0,1
Last,calibration,Agriculture:h12:f1:o220,10,1.1650691032409668,1.1650691032409668,0.0,1
Last,calibration,Agriculture:h12:f1:o220,11,1.1650691032409668,1.1650691032409668,0.0,1
Last,calibration,Agriculture:h12:f1:o220,12,1.1650691032409668,1.1650691032409668,0.0,1
Last,calibration,Agriculture:h12:f1:o221,1,1.1575344800949097,1.1575344800949097,0.0,1
Last,calibration,Agriculture:h12:f1:o221,2,1.1575344800949097,1.1575344800949097,0.0,1
Last,calibration,Agriculture:h12:f1:o221,3,1.1575344800949097,1.1575344800949097,0.0,1
Last,calibration,Agriculture:h12:f1:o221,4,1.1575344800949097,1.1575344800949097,0.0,1
Last,calibration,Agriculture:h12:f1:o221,5,1.1575344800949097,1.1575344800949097,0.0,1
Last,calibration,Agriculture:h12:f1:o221,6,1.1575344800949097,1.1575344800949097,0.0,1
Last,calibration,Agriculture:h12:f1:o221,7,1.1575344800949097,1.1575344800949097,0.0,1
Last,calibration,Agriculture:h12:f1:o221,8,1.1575344800949097,1.1575344800949097,0.0,1
Last,calibration,Agriculture:h12:f1:o221,9,1.1575344800949097,1.1575344800949097,0.0,1
Last,calibration,Agriculture:h12:f1:o221,10,1.1575344800949097,1.1575344800949097,0.0,1
Last,calibration,Agriculture:h12:f1:o221,11,1.1575344800949097,1.1575344800949097,0.0,1
Last,calibration,Agriculture:h12:f1:o221,12,1.1575344800949097,1.1575344800949097,0.0,1
Last,calibration,Agriculture:h12:f1:o222,1,1.3464375734329224,1.3464375734329224,0.0,1
Last,calibration,Agriculture:h12:f1:o222,2,1.3464375734329224,1.3464375734329224,0.0,1
Last,calibration,Agriculture:h12:f1:o222,3,1.3464375734329224,1.3464375734329224,0.0,1
Last,calibration,Agriculture:h12:f1:o222,4,1.3464375734329224,1.3464375734329224,0.0,1
Last,calibration,Agriculture:h12:f1:o222,5,1.3464375734329224,1.3464375734329224,0.0,1
Last,calibration,Agriculture:h12:f1:o222,6,1.3464375734329224,1.3464375734329224,0.0,1
Last,calibration,Agriculture:h12:f1:o222,7,1.3464375734329224,1.3464375734329224,0.0,1
Last,calibration,Agriculture:h12:f1:o222,8,1.3464375734329224,1.3464375734329224,0.0,1
Last,calibration,Agriculture:h12:f1:o222,9,1.3464375734329224,1.3464375734329224,0.0,1
Last,calibration,Agriculture:h12:f1:o222,10,1.3464375734329224,1.3464375734329224,0.0,1
Last,calibration,Agriculture:h12:f1:o222,11,1.3464375734329224,1.3464375734329224,0.0,1
Last,calibration,Agriculture:h12:f1:o222,12,1.3464375734329224,1.3464375734329224,0.0,1
Last,calibration,Agriculture:h12:f1:o223,1,1.2199640274047852,1.2199640274047852,0.0,1
Last,calibration,Agriculture:h12:f1:o223,2,1.2199640274047852,1.2199640274047852,0.0,1
Last,calibration,Agriculture:h12:f1:o223,3,1.2199640274047852,1.2199640274047852,0.0,1
Last,calibration,Agriculture:h12:f1:o223,4,1.2199640274047852,1.2199640274047852,0.0,1
Last,calibration,Agriculture:h12:f1:o223,5,1.2199640274047852,1.2199640274047852,0.0,1
Last,calibration,Agriculture:h12:f1:o223,6,1.2199640274047852,1.2199640274047852,0.0,1
Last,calibration,Agriculture:h12:f1:o223,7,1.2199640274047852,1.2199640274047852,0.0,1
Last,calibration,Agriculture:h12:f1:o223,8,1.2199640274047852,1.2199640274047852,0.0,1
Last,calibration,Agriculture:h12:f1:o223,9,1.2199640274047852,1.2199640274047852,0.0,1
Last,calibration,Agriculture:h12:f1:o223,10,1.2199640274047852,1.2199640274047852,0.0,1
Last,calibration,Agriculture:h12:f1:o223,11,1.2199640274047852,1.2199640274047852,0.0,1
Last,calibration,Agriculture:h12:f1:o223,12,1.2199640274047852,1.2199640274047852,0.0,1
Last,calibration,Agriculture:h12:f1:o224,1,1.4207072257995605,1.4207072257995605,0.0,1
Last,calibration,Agriculture:h12:f1:o224,2,1.4207072257995605,1.4207072257995605,0.0,1
Last,calibration,Agriculture:h12:f1:o224,3,1.4207072257995605,1.4207072257995605,0.0,1
Last,calibration,Agriculture:h12:f1:o224,4,1.4207072257995605,1.4207072257995605,0.0,1
Last,calibration,Agriculture:h12:f1:o224,5,1.4207072257995605,1.4207072257995605,0.0,1
Last,calibration,Agriculture:h12:f1:o224,6,1.4207072257995605,1.4207072257995605,0.0,1
Last,calibration,Agriculture:h12:f1:o224,7,1.4207072257995605,1.4207072257995605,0.0,1
Last,calibration,Agriculture:h12:f1:o224,8,1.4207072257995605,1.4207072257995605,0.0,1
Last,calibration,Agriculture:h12:f1:o224,9,1.4207072257995605,1.4207072257995605,0.0,1
Last,calibration,Agriculture:h12:f1:o224,10,1.4207072257995605,1.4207072257995605,0.0,1
Last,calibration,Agriculture:h12:f1:o224,11,1.4207072257995605,1.4207072257995605,0.0,1
Last,calibration,Agriculture:h12:f1:o224,12,1.4207072257995605,1.4207072257995605,0.0,1
Last,calibration,Agriculture:h12:f1:o225,1,1.3319066762924194,1.3319066762924194,0.0,1
Last,calibration,Agriculture:h12:f1:o225,2,1.3319066762924194,1.3319066762924194,0.0,1
Last,calibration,Agriculture:h12:f1:o225,3,1.3319066762924194,1.3319066762924194,0.0,1
Last,calibration,Agriculture:h12:f1:o225,4,1.3319066762924194,1.3319066762924194,0.0,1
Last,calibration,Agriculture:h12:f1:o225,5,1.3319066762924194,1.3319066762924194,0.0,1
Last,calibration,Agriculture:h12:f1:o225,6,1.3319066762924194,1.3319066762924194,0.0,1
Last,calibration,Agriculture:h12:f1:o225,7,1.3319066762924194,1.3319066762924194,0.0,1
Last,calibration,Agriculture:h12:f1:o225,8,1.3319066762924194,1.3319066762924194,0.0,1
Last,calibration,Agriculture:h12:f1:o225,9,1.3319066762924194,1.3319066762924194,0.0,1
Last,calibration,Agriculture:h12:f1:o225,10,1.3319066762924194,1.3319066762924194,0.0,1
Last,calibration,Agriculture:h12:f1:o225,11,1.3319066762924194,1.3319066762924194,0.0,1
Last,calibration,Agriculture:h12:f1:o225,12,1.3319066762924194,1.3319066762924194,0.0,1
Last,calibration,Agriculture:h12:f1:o226,1,1.5477190017700195,1.5477190017700195,0.0,1
Last,calibration,Agriculture:h12:f1:o226,2,1.5477190017700195,1.5477190017700195,0.0,1
Last,calibration,Agriculture:h12:f1:o226,3,1.5477190017700195,1.5477190017700195,0.0,1
Last,calibration,Agriculture:h12:f1:o226,4,1.5477190017700195,1.5477190017700195,0.0,1
Last,calibration,Agriculture:h12:f1:o226,5,1.5477190017700195,1.5477190017700195,0.0,1
Last,calibration,Agriculture:h12:f1:o226,6,1.5477190017700195,1.5477190017700195,0.0,1
Last,calibration,Agriculture:h12:f1:o226,7,1.5477190017700195,1.5477190017700195,0.0,1
Last,calibration,Agriculture:h12:f1:o226,8,1.5477190017700195,1.5477190017700195,0.0,1
Last,calibration,Agriculture:h12:f1:o226,9,1.5477190017700195,1.5477190017700195,0.0,1
Last,calibration,Agriculture:h12:f1:o226,10,1.5477190017700195,1.5477190017700195,0.0,1
Last,calibration,Agriculture:h12:f1:o226,11,1.5477190017700195,1.5477190017700195,0.0,1
Last,calibration,Agriculture:h12:f1:o226,12,1.5477190017700195,1.5477190017700195,0.0,1
Last,calibration,Agriculture:h12:f1:o227,1,1.4955151081085205,1.4955151081085205,0.0,1
Last,calibration,Agriculture:h12:f1:o227,2,1.4955151081085205,1.4955151081085205,0.0,1
Last,calibration,Agriculture:h12:f1:o227,3,1.4955151081085205,1.4955151081085205,0.0,1
Last,calibration,Agriculture:h12:f1:o227,4,1.4955151081085205,1.4955151081085205,0.0,1
Last,calibration,Agriculture:h12:f1:o227,5,1.4955151081085205,1.4955151081085205,0.0,1
Last,calibration,Agriculture:h12:f1:o227,6,1.4955151081085205,1.4955151081085205,0.0,1
Last,calibration,Agriculture:h12:f1:o227,7,1.4955151081085205,1.4955151081085205,0.0,1
Last,calibration,Agriculture:h12:f1:o227,8,1.4955151081085205,1.4955151081085205,0.0,1
Last,calibration,Agriculture:h12:f1:o227,9,1.4955151081085205,1.4955151081085205,0.0,1
Last,calibration,Agriculture:h12:f1:o227,10,1.4955151081085205,1.4955151081085205,0.0,1
Last,calibration,Agriculture:h12:f1:o227,11,1.4955151081085205,1.4955151081085205,0.0,1
Last,calibration,Agriculture:h12:f1:o227,12,1.4955151081085205,1.4955151081085205,0.0,1
Last,calibration,Agriculture:h12:f1:o228,1,1.3970271348953247,1.3970271348953247,0.0,1
Last,calibration,Agriculture:h12:f1:o228,2,1.3970271348953247,1.3970271348953247,0.0,1
Last,calibration,Agriculture:h12:f1:o228,3,1.3970271348953247,1.3970271348953247,0.0,1
Last,calibration,Agriculture:h12:f1:o228,4,1.3970271348953247,1.3970271348953247,0.0,1
Last,calibration,Agriculture:h12:f1:o228,5,1.3970271348953247,1.3970271348953247,0.0,1
Last,calibration,Agriculture:h12:f1:o228,6,1.3970271348953247,1.3970271348953247,0.0,1
Last,calibration,Agriculture:h12:f1:o228,7,1.3970271348953247,1.3970271348953247,0.0,1
Last,calibration,Agriculture:h12:f1:o228,8,1.3970271348953247,1.3970271348953247,0.0,1
Last,calibration,Agriculture:h12:f1:o228,9,1.3970271348953247,1.3970271348953247,0.0,1
Last,calibration,Agriculture:h12:f1:o228,10,1.3970271348953247,1.3970271348953247,0.0,1
Last,calibration,Agriculture:h12:f1:o228,11,1.3970271348953247,1.3970271348953247,0.0,1
Last,calibration,Agriculture:h12:f1:o228,12,1.3970271348953247,1.3970271348953247,0.0,1
Last,calibration,Agriculture:h12:f1:o229,1,1.3545104265213013,1.3545104265213013,0.0,1
Last,calibration,Agriculture:h12:f1:o229,2,1.3545104265213013,1.3545104265213013,0.0,1
Last,calibration,Agriculture:h12:f1:o229,3,1.3545104265213013,1.3545104265213013,0.0,1
Last,calibration,Agriculture:h12:f1:o229,4,1.3545104265213013,1.3545104265213013,0.0,1
Last,calibration,Agriculture:h12:f1:o229,5,1.3545104265213013,1.3545104265213013,0.0,1
Last,calibration,Agriculture:h12:f1:o229,6,1.3545104265213013,1.3545104265213013,0.0,1
Last,calibration,Agriculture:h12:f1:o229,7,1.3545104265213013,1.3545104265213013,0.0,1
Last,calibration,Agriculture:h12:f1:o229,8,1.3545104265213013,1.3545104265213013,0.0,1
Last,calibration,Agriculture:h12:f1:o229,9,1.3545104265213013,1.3545104265213013,0.0,1
Last,calibration,Agriculture:h12:f1:o229,10,1.3545104265213013,1.3545104265213013,0.0,1
Last,calibration,Agriculture:h12:f1:o229,11,1.3545104265213013,1.3545104265213013,0.0,1
Last,calibration,Agriculture:h12:f1:o229,12,1.3545104265213013,1.3545104265213013,0.0,1
Last,calibration,Agriculture:h12:f1:o230,1,1.291542649269104,1.291542649269104,0.0,1
Last,calibration,Agriculture:h12:f1:o230,2,1.291542649269104,1.291542649269104,0.0,1
Last,calibration,Agriculture:h12:f1:o230,3,1.291542649269104,1.291542649269104,0.0,1
Last,calibration,Agriculture:h12:f1:o230,4,1.291542649269104,1.291542649269104,0.0,1
Last,calibration,Agriculture:h12:f1:o230,5,1.291542649269104,1.291542649269104,0.0,1
Last,calibration,Agriculture:h12:f1:o230,6,1.291542649269104,1.291542649269104,0.0,1
Last,calibration,Agriculture:h12:f1:o230,7,1.291542649269104,1.291542649269104,0.0,1
Last,calibration,Agriculture:h12:f1:o230,8,1.291542649269104,1.291542649269104,0.0,1
Last,calibration,Agriculture:h12:f1:o230,9,1.291542649269104,1.291542649269104,0.0,1
Last,calibration,Agriculture:h12:f1:o230,10,1.291542649269104,1.291542649269104,0.0,1
Last,calibration,Agriculture:h12:f1:o230,11,1.291542649269104,1.291542649269104,0.0,1
Last,calibration,Agriculture:h12:f1:o230,12,1.291542649269104,1.291542649269104,0.0,1
Last,calibration,Agriculture:h12:f1:o231,1,1.3868016004562378,1.3868016004562378,0.0,1
Last,calibration,Agriculture:h12:f1:o231,2,1.3868016004562378,1.3868016004562378,0.0,1
Last,calibration,Agriculture:h12:f1:o231,3,1.3868016004562378,1.3868016004562378,0.0,1
Last,calibration,Agriculture:h12:f1:o231,4,1.3868016004562378,1.3868016004562378,0.0,1
Last,calibration,Agriculture:h12:f1:o231,5,1.3868016004562378,1.3868016004562378,0.0,1
Last,calibration,Agriculture:h12:f1:o231,6,1.3868016004562378,1.3868016004562378,0.0,1
Last,calibration,Agriculture:h12:f1:o231,7,1.3868016004562378,1.3868016004562378,0.0,1
Last,calibration,Agriculture:h12:f1:o231,8,1.3868016004562378,1.3868016004562378,0.0,1
Last,calibration,Agriculture:h12:f1:o231,9,1.3868016004562378,1.3868016004562378,0.0,1
Last,calibration,Agriculture:h12:f1:o231,10,1.3868016004562378,1.3868016004562378,0.0,1
Last,calibration,Agriculture:h12:f1:o231,11,1.3868016004562378,1.3868016004562378,0.0,1
Last,calibration,Agriculture:h12:f1:o231,12,1.3868016004562378,1.3868016004562378,0.0,1
Last,calibration,Agriculture:h12:f1:o232,1,1.367426872253418,1.367426872253418,0.0,1
Last,calibration,Agriculture:h12:f1:o232,2,1.367426872253418,1.367426872253418,0.0,1
Last,calibration,Agriculture:h12:f1:o232,3,1.367426872253418,1.367426872253418,0.0,1
Last,calibration,Agriculture:h12:f1:o232,4,1.367426872253418,1.367426872253418,0.0,1
Last,calibration,Agriculture:h12:f1:o232,5,1.367426872253418,1.367426872253418,0.0,1
Last,calibration,Agriculture:h12:f1:o232,6,1.367426872253418,1.367426872253418,0.0,1
Last,calibration,Agriculture:h12:f1:o232,7,1.367426872253418,1.367426872253418,0.0,1
Last,calibration,Agriculture:h12:f1:o232,8,1.367426872253418,1.367426872253418,0.0,1
Last,calibration,Agriculture:h12:f1:o232,9,1.367426872253418,1.367426872253418,0.0,1
Last,calibration,Agriculture:h12:f1:o232,10,1.367426872253418,1.367426872253418,0.0,1
Last,calibration,Agriculture:h12:f1:o232,11,1.367426872253418,1.367426872253418,0.0,1
Last,calibration,Agriculture:h12:f1:o232,12,1.367426872253418,1.367426872253418,0.0,1
Last,calibration,Agriculture:h12:f1:o233,1,1.156996250152588,1.156996250152588,0.0,1
Last,calibration,Agriculture:h12:f1:o233,2,1.156996250152588,1.156996250152588,0.0,1
Last,calibration,Agriculture:h12:f1:o233,3,1.156996250152588,1.156996250152588,0.0,1
Last,calibration,Agriculture:h12:f1:o233,4,1.156996250152588,1.156996250152588,0.0,1
Last,calibration,Agriculture:h12:f1:o233,5,1.156996250152588,1.156996250152588,0.0,1
Last,calibration,Agriculture:h12:f1:o233,6,1.156996250152588,1.156996250152588,0.0,1
Last,calibration,Agriculture:h12:f1:o233,7,1.156996250152588,1.156996250152588,0.0,1
Last,calibration,Agriculture:h12:f1:o233,8,1.156996250152588,1.156996250152588,0.0,1
Last,calibration,Agriculture:h12:f1:o233,9,1.156996250152588,1.156996250152588,0.0,1
Last,calibration,Agriculture:h12:f1:o233,10,1.156996250152588,1.156996250152588,0.0,1
Last,calibration,Agriculture:h12:f1:o233,11,1.156996250152588,1.156996250152588,0.0,1
Last,calibration,Agriculture:h12:f1:o233,12,1.156996250152588,1.156996250152588,0.0,1
Last,calibration,Agriculture:h12:f1:o234,1,1.3668886423110962,1.3668886423110962,0.0,1
Last,calibration,Agriculture:h12:f1:o234,2,1.3668886423110962,1.3668886423110962,0.0,1
Last,calibration,Agriculture:h12:f1:o234,3,1.3668886423110962,1.3668886423110962,0.0,1
Last,calibration,Agriculture:h12:f1:o234,4,1.3668886423110962,1.3668886423110962,0.0,1
Last,calibration,Agriculture:h12:f1:o234,5,1.3668886423110962,1.3668886423110962,0.0,1
Last,calibration,Agriculture:h12:f1:o234,6,1.3668886423110962,1.3668886423110962,0.0,1
Last,calibration,Agriculture:h12:f1:o234,7,1.3668886423110962,1.3668886423110962,0.0,1
Last,calibration,Agriculture:h12:f1:o234,8,1.3668886423110962,1.3668886423110962,0.0,1
Last,calibration,Agriculture:h12:f1:o234,9,1.3668886423110962,1.3668886423110962,0.0,1
Last,calibration,Agriculture:h12:f1:o234,10,1.3668886423110962,1.3668886423110962,0.0,1
Last,calibration,Agriculture:h12:f1:o234,11,1.3668886423110962,1.3668886423110962,0.0,1
Last,calibration,Agriculture:h12:f1:o234,12,1.3668886423110962,1.3668886423110962,0.0,1
Last,calibration,Agriculture:h12:f1:o235,1,1.4260890483856201,1.4260890483856201,0.0,1
Last,calibration,Agriculture:h12:f1:o235,2,1.4260890483856201,1.4260890483856201,0.0,1
Last,calibration,Agriculture:h12:f1:o235,3,1.4260890483856201,1.4260890483856201,0.0,1
Last,calibration,Agriculture:h12:f1:o235,4,1.4260890483856201,1.4260890483856201,0.0,1
Last,calibration,Agriculture:h12:f1:o235,5,1.4260890483856201,1.4260890483856201,0.0,1
Last,calibration,Agriculture:h12:f1:o235,6,1.4260890483856201,1.4260890483856201,0.0,1
Last,calibration,Agriculture:h12:f1:o235,7,1.4260890483856201,1.4260890483856201,0.0,1
Last,calibration,Agriculture:h12:f1:o235,8,1.4260890483856201,1.4260890483856201,0.0,1
Last,calibration,Agriculture:h12:f1:o235,9,1.4260890483856201,1.4260890483856201,0.0,1
Last,calibration,Agriculture:h12:f1:o235,10,1.4260890483856201,1.4260890483856201,0.0,1
Last,calibration,Agriculture:h12:f1:o235,11,1.4260890483856201,1.4260890483856201,0.0,1
Last,calibration,Agriculture:h12:f1:o235,12,1.4260890483856201,1.4260890483856201,0.0,1
Last,calibration,Agriculture:h12:f1:o236,1,1.3421320915222168,1.3421320915222168,0.0,1
Last,calibration,Agriculture:h12:f1:o236,2,1.3421320915222168,1.3421320915222168,0.0,1
Last,calibration,Agriculture:h12:f1:o236,3,1.3421320915222168,1.3421320915222168,0.0,1
Last,calibration,Agriculture:h12:f1:o236,4,1.3421320915222168,1.3421320915222168,0.0,1
Last,calibration,Agriculture:h12:f1:o236,5,1.3421320915222168,1.3421320915222168,0.0,1
Last,calibration,Agriculture:h12:f1:o236,6,1.3421320915222168,1.3421320915222168,0.0,1
Last,calibration,Agriculture:h12:f1:o236,7,1.3421320915222168,1.3421320915222168,0.0,1
Last,calibration,Agriculture:h12:f1:o236,8,1.3421320915222168,1.3421320915222168,0.0,1
Last,calibration,Agriculture:h12:f1:o236,9,1.3421320915222168,1.3421320915222168,0.0,1
Last,calibration,Agriculture:h12:f1:o236,10,1.3421320915222168,1.3421320915222168,0.0,1
Last,calibration,Agriculture:h12:f1:o236,11,1.3421320915222168,1.3421320915222168,0.0,1
Last,calibration,Agriculture:h12:f1:o236,12,1.3421320915222168,1.3421320915222168,0.0,1
Last,calibration,Agriculture:h12:f1:o237,1,1.4098399877548218,1.4098399877548218,0.0,1
Last,calibration,Agriculture:h12:f1:o237,2,1.4098399877548218,1.4098399877548218,0.0,1
Last,calibration,Agriculture:h12:f1:o237,3,1.4098399877548218,1.4098399877548218,0.0,1
Last,calibration,Agriculture:h12:f1:o237,4,1.4098399877548218,1.4098399877548218,0.0,1
Last,calibration,Agriculture:h12:f1:o237,5,1.4098399877548218,1.4098399877548218,0.0,1
Last,calibration,Agriculture:h12:f1:o237,6,1.4098399877548218,1.4098399877548218,0.0,1
Last,calibration,Agriculture:h12:f1:o237,7,1.4098399877548218,1.4098399877548218,0.0,1
Last,calibration,Agriculture:h12:f1:o237,8,1.4098399877548218,1.4098399877548218,0.0,1
Last,calibration,Agriculture:h12:f1:o237,9,1.4098399877548218,1.4098399877548218,0.0,1
Last,calibration,Agriculture:h12:f1:o237,10,1.4098399877548218,1.4098399877548218,0.0,1
Last,calibration,Agriculture:h12:f1:o237,11,1.4098399877548218,1.4098399877548218,0.0,1
Last,calibration,Agriculture:h12:f1:o237,12,1.4098399877548218,1.4098399877548218,0.0,1
Last,calibration,Agriculture:h12:f1:o238,1,1.374961495399475,1.374961495399475,0.0,1
Last,calibration,Agriculture:h12:f1:o238,2,1.374961495399475,1.374961495399475,0.0,1
Last,calibration,Agriculture:h12:f1:o238,3,1.374961495399475,1.374961495399475,0.0,1
Last,calibration,Agriculture:h12:f1:o238,4,1.374961495399475,1.374961495399475,0.0,1
Last,calibration,Agriculture:h12:f1:o238,5,1.374961495399475,1.374961495399475,0.0,1
Last,calibration,Agriculture:h12:f1:o238,6,1.374961495399475,1.374961495399475,0.0,1
Last,calibration,Agriculture:h12:f1:o238,7,1.374961495399475,1.374961495399475,0.0,1
Last,calibration,Agriculture:h12:f1:o238,8,1.374961495399475,1.374961495399475,0.0,1
Last,calibration,Agriculture:h12:f1:o238,9,1.374961495399475,1.374961495399475,0.0,1
Last,calibration,Agriculture:h12:f1:o238,10,1.374961495399475,1.374961495399475,0.0,1
Last,calibration,Agriculture:h12:f1:o238,11,1.374961495399475,1.374961495399475,0.0,1
Last,calibration,Agriculture:h12:f1:o238,12,1.374961495399475,1.374961495399475,0.0,1
Last,calibration,Agriculture:h12:f1:o239,1,1.4217835664749146,1.4217835664749146,0.0,1
Last,calibration,Agriculture:h12:f1:o239,2,1.4217835664749146,1.4217835664749146,0.0,1
Last,calibration,Agriculture:h12:f1:o239,3,1.4217835664749146,1.4217835664749146,0.0,1
Last,calibration,Agriculture:h12:f1:o239,4,1.4217835664749146,1.4217835664749146,0.0,1
Last,calibration,Agriculture:h12:f1:o239,5,1.4217835664749146,1.4217835664749146,0.0,1
Last,calibration,Agriculture:h12:f1:o239,6,1.4217835664749146,1.4217835664749146,0.0,1
Last,calibration,Agriculture:h12:f1:o239,7,1.4217835664749146,1.4217835664749146,0.0,1
Last,calibration,Agriculture:h12:f1:o239,8,1.4217835664749146,1.4217835664749146,0.0,1
Last,calibration,Agriculture:h12:f1:o239,9,1.4217835664749146,1.4217835664749146,0.0,1
Last,calibration,Agriculture:h12:f1:o239,10,1.4217835664749146,1.4217835664749146,0.0,1
Last,calibration,Agriculture:h12:f1:o239,11,1.4217835664749146,1.4217835664749146,0.0,1
Last,calibration,Agriculture:h12:f1:o239,12,1.4217835664749146,1.4217835664749146,0.0,1
Last,calibration,Agriculture:h12:f1:o240,1,1.066581130027771,1.066581130027771,0.0,1
Last,calibration,Agriculture:h12:f1:o240,2,1.066581130027771,1.066581130027771,0.0,1
Last,calibration,Agriculture:h12:f1:o240,3,1.066581130027771,1.066581130027771,0.0,1
Last,calibration,Agriculture:h12:f1:o240,4,1.066581130027771,1.066581130027771,0.0,1
Last,calibration,Agriculture:h12:f1:o240,5,1.066581130027771,1.066581130027771,0.0,1
Last,calibration,Agriculture:h12:f1:o240,6,1.066581130027771,1.066581130027771,0.0,1
Last,calibration,Agriculture:h12:f1:o240,7,1.066581130027771,1.066581130027771,0.0,1
Last,calibration,Agriculture:h12:f1:o240,8,1.066581130027771,1.066581130027771,0.0,1
Last,calibration,Agriculture:h12:f1:o240,9,1.066581130027771,1.066581130027771,0.0,1
Last,calibration,Agriculture:h12:f1:o240,10,1.066581130027771,1.066581130027771,0.0,1
Last,calibration,Agriculture:h12:f1:o240,11,1.066581130027771,1.066581130027771,0.0,1
Last,calibration,Agriculture:h12:f1:o240,12,1.066581130027771,1.066581130027771,0.0,1
Last,calibration,Agriculture:h12:f1:o241,1,1.3243720531463623,1.3243720531463623,0.0,1
Last,calibration,Agriculture:h12:f1:o241,2,1.3243720531463623,1.3243720531463623,0.0,1
Last,calibration,Agriculture:h12:f1:o241,3,1.3243720531463623,1.3243720531463623,0.0,1
Last,calibration,Agriculture:h12:f1:o241,4,1.3243720531463623,1.3243720531463623,0.0,1
Last,calibration,Agriculture:h12:f1:o241,5,1.3243720531463623,1.3243720531463623,0.0,1
Last,calibration,Agriculture:h12:f1:o241,6,1.3243720531463623,1.3243720531463623,0.0,1
Last,calibration,Agriculture:h12:f1:o241,7,1.3243720531463623,1.3243720531463623,0.0,1
Last,calibration,Agriculture:h12:f1:o241,8,1.3243720531463623,1.3243720531463623,0.0,1
Last,calibration,Agriculture:h12:f1:o241,9,1.3243720531463623,1.3243720531463623,0.0,1
Last,calibration,Agriculture:h12:f1:o241,10,1.3243720531463623,1.3243720531463623,0.0,1
Last,calibration,Agriculture:h12:f1:o241,11,1.3243720531463623,1.3243720531463623,0.0,1
Last,calibration,Agriculture:h12:f1:o241,12,1.3243720531463623,1.3243720531463623,0.0,1
Last,calibration,Agriculture:h12:f1:o242,1,1.1295487880706787,1.1295487880706787,0.0,1
Last,calibration,Agriculture:h12:f1:o242,2,1.1295487880706787,1.1295487880706787,0.0,1
Last,calibration,Agriculture:h12:f1:o242,3,1.1295487880706787,1.1295487880706787,0.0,1
Last,calibration,Agriculture:h12:f1:o242,4,1.1295487880706787,1.1295487880706787,0.0,1
Last,calibration,Agriculture:h12:f1:o242,5,1.1295487880706787,1.1295487880706787,0.0,1
Last,calibration,Agriculture:h12:f1:o242,6,1.1295487880706787,1.1295487880706787,0.0,1
Last,calibration,Agriculture:h12:f1:o242,7,1.1295487880706787,1.1295487880706787,0.0,1
Last,calibration,Agriculture:h12:f1:o242,8,1.1295487880706787,1.1295487880706787,0.0,1
Last,calibration,Agriculture:h12:f1:o242,9,1.1295487880706787,1.1295487880706787,0.0,1
Last,calibration,Agriculture:h12:f1:o242,10,1.1295487880706787,1.1295487880706787,0.0,1
Last,calibration,Agriculture:h12:f1:o242,11,1.1295487880706787,1.1295487880706787,0.0,1
Last,calibration,Agriculture:h12:f1:o242,12,1.1295487880706787,1.1295487880706787,0.0,1
Last,calibration,Agriculture:h12:f1:o243,1,1.373885154724121,1.373885154724121,0.0,1
Last,calibration,Agriculture:h12:f1:o243,2,1.373885154724121,1.373885154724121,0.0,1
Last,calibration,Agriculture:h12:f1:o243,3,1.373885154724121,1.373885154724121,0.0,1
Last,calibration,Agriculture:h12:f1:o243,4,1.373885154724121,1.373885154724121,0.0,1
Last,calibration,Agriculture:h12:f1:o243,5,1.373885154724121,1.373885154724121,0.0,1
Last,calibration,Agriculture:h12:f1:o243,6,1.373885154724121,1.373885154724121,0.0,1
Last,calibration,Agriculture:h12:f1:o243,7,1.373885154724121,1.373885154724121,0.0,1
Last,calibration,Agriculture:h12:f1:o243,8,1.373885154724121,1.373885154724121,0.0,1
Last,calibration,Agriculture:h12:f1:o243,9,1.373885154724121,1.373885154724121,0.0,1
Last,calibration,Agriculture:h12:f1:o243,10,1.373885154724121,1.373885154724121,0.0,1
Last,calibration,Agriculture:h12:f1:o243,11,1.373885154724121,1.373885154724121,0.0,1
Last,calibration,Agriculture:h12:f1:o243,12,1.373885154724121,1.373885154724121,0.0,1
Last,calibration,Agriculture:h12:f1:o244,1,1.4271655082702637,1.4271655082702637,0.0,1
Last,calibration,Agriculture:h12:f1:o244,2,1.4271655082702637,1.4271655082702637,0.0,1
Last,calibration,Agriculture:h12:f1:o244,3,1.4271655082702637,1.4271655082702637,0.0,1
Last,calibration,Agriculture:h12:f1:o244,4,1.4271655082702637,1.4271655082702637,0.0,1
Last,calibration,Agriculture:h12:f1:o244,5,1.4271655082702637,1.4271655082702637,0.0,1
Last,calibration,Agriculture:h12:f1:o244,6,1.4271655082702637,1.4271655082702637,0.0,1
Last,calibration,Agriculture:h12:f1:o244,7,1.4271655082702637,1.4271655082702637,0.0,1
Last,calibration,Agriculture:h12:f1:o244,8,1.4271655082702637,1.4271655082702637,0.0,1
Last,calibration,Agriculture:h12:f1:o244,9,1.4271655082702637,1.4271655082702637,0.0,1
Last,calibration,Agriculture:h12:f1:o244,10,1.4271655082702637,1.4271655082702637,0.0,1
Last,calibration,Agriculture:h12:f1:o244,11,1.4271655082702637,1.4271655082702637,0.0,1
Last,calibration,Agriculture:h12:f1:o244,12,1.4271655082702637,1.4271655082702637,0.0,1
Last,calibration,Agriculture:h12:f1:o245,1,1.452998399734497,1.452998399734497,0.0,1
Last,calibration,Agriculture:h12:f1:o245,2,1.452998399734497,1.452998399734497,0.0,1
Last,calibration,Agriculture:h12:f1:o245,3,1.452998399734497,1.452998399734497,0.0,1
Last,calibration,Agriculture:h12:f1:o245,4,1.452998399734497,1.452998399734497,0.0,1
Last,calibration,Agriculture:h12:f1:o245,5,1.452998399734497,1.452998399734497,0.0,1
Last,calibration,Agriculture:h12:f1:o245,6,1.452998399734497,1.452998399734497,0.0,1
Last,calibration,Agriculture:h12:f1:o245,7,1.452998399734497,1.452998399734497,0.0,1
Last,calibration,Agriculture:h12:f1:o245,8,1.452998399734497,1.452998399734497,0.0,1
Last,calibration,Agriculture:h12:f1:o245,9,1.452998399734497,1.452998399734497,0.0,1
Last,calibration,Agriculture:h12:f1:o245,10,1.452998399734497,1.452998399734497,0.0,1
Last,calibration,Agriculture:h12:f1:o245,11,1.452998399734497,1.452998399734497,0.0,1
Last,calibration,Agriculture:h12:f1:o245,12,1.452998399734497,1.452998399734497,0.0,1
Last,calibration,Agriculture:h12:f1:o246,1,1.3679651021957397,1.3679651021957397,0.0,1
Last,calibration,Agriculture:h12:f1:o246,2,1.3679651021957397,1.3679651021957397,0.0,1
Last,calibration,Agriculture:h12:f1:o246,3,1.3679651021957397,1.3679651021957397,0.0,1
Last,calibration,Agriculture:h12:f1:o246,4,1.3679651021957397,1.3679651021957397,0.0,1
Last,calibration,Agriculture:h12:f1:o246,5,1.3679651021957397,1.3679651021957397,0.0,1
Last,calibration,Agriculture:h12:f1:o246,6,1.3679651021957397,1.3679651021957397,0.0,1
Last,calibration,Agriculture:h12:f1:o246,7,1.3679651021957397,1.3679651021957397,0.0,1
Last,calibration,Agriculture:h12:f1:o246,8,1.3679651021957397,1.3679651021957397,0.0,1
Last,calibration,Agriculture:h12:f1:o246,9,1.3679651021957397,1.3679651021957397,0.0,1
Last,calibration,Agriculture:h12:f1:o246,10,1.3679651021957397,1.3679651021957397,0.0,1
Last,calibration,Agriculture:h12:f1:o246,11,1.3679651021957397,1.3679651021957397,0.0,1
Last,calibration,Agriculture:h12:f1:o246,12,1.3679651021957397,1.3679651021957397,0.0,1
Last,calibration,Agriculture:h12:f1:o247,1,1.4067144393920898,1.4067144393920898,0.0,1
Last,calibration,Agriculture:h12:f1:o247,2,1.4067144393920898,1.4067144393920898,0.0,1
Last,calibration,Agriculture:h12:f1:o247,3,1.4067144393920898,1.4067144393920898,0.0,1
Last,calibration,Agriculture:h12:f1:o247,4,1.4067144393920898,1.4067144393920898,0.0,1
Last,calibration,Agriculture:h12:f1:o247,5,1.4067144393920898,1.4067144393920898,0.0,1
Last,calibration,Agriculture:h12:f1:o247,6,1.4067144393920898,1.4067144393920898,0.0,1
Last,calibration,Agriculture:h12:f1:o247,7,1.4067144393920898,1.4067144393920898,0.0,1
Last,calibration,Agriculture:h12:f1:o247,8,1.4067144393920898,1.4067144393920898,0.0,1
Last,calibration,Agriculture:h12:f1:o247,9,1.4067144393920898,1.4067144393920898,0.0,1
Last,calibration,Agriculture:h12:f1:o247,10,1.4067144393920898,1.4067144393920898,0.0,1
Last,calibration,Agriculture:h12:f1:o247,11,1.4067144393920898,1.4067144393920898,0.0,1
Last,calibration,Agriculture:h12:f1:o247,12,1.4067144393920898,1.4067144393920898,0.0,1
Last,calibration,Agriculture:h12:f1:o248,1,1.5374935865402222,1.5374935865402222,0.0,1
Last,calibration,Agriculture:h12:f1:o248,2,1.5374935865402222,1.5374935865402222,0.0,1
Last,calibration,Agriculture:h12:f1:o248,3,1.5374935865402222,1.5374935865402222,0.0,1
Last,calibration,Agriculture:h12:f1:o248,4,1.5374935865402222,1.5374935865402222,0.0,1
Last,calibration,Agriculture:h12:f1:o248,5,1.5374935865402222,1.5374935865402222,0.0,1
Last,calibration,Agriculture:h12:f1:o248,6,1.5374935865402222,1.5374935865402222,0.0,1
Last,calibration,Agriculture:h12:f1:o248,7,1.5374935865402222,1.5374935865402222,0.0,1
Last,calibration,Agriculture:h12:f1:o248,8,1.5374935865402222,1.5374935865402222,0.0,1
Last,calibration,Agriculture:h12:f1:o248,9,1.5374935865402222,1.5374935865402222,0.0,1
Last,calibration,Agriculture:h12:f1:o248,10,1.5374935865402222,1.5374935865402222,0.0,1
Last,calibration,Agriculture:h12:f1:o248,11,1.5374935865402222,1.5374935865402222,0.0,1
Last,calibration,Agriculture:h12:f1:o248,12,1.5374935865402222,1.5374935865402222,0.0,1
Last,calibration,Agriculture:h12:f1:o249,1,1.4605330228805542,1.4605330228805542,0.0,1
Last,calibration,Agriculture:h12:f1:o249,2,1.4605330228805542,1.4605330228805542,0.0,1
Last,calibration,Agriculture:h12:f1:o249,3,1.4605330228805542,1.4605330228805542,0.0,1
Last,calibration,Agriculture:h12:f1:o249,4,1.4605330228805542,1.4605330228805542,0.0,1
Last,calibration,Agriculture:h12:f1:o249,5,1.4605330228805542,1.4605330228805542,0.0,1
Last,calibration,Agriculture:h12:f1:o249,6,1.4605330228805542,1.4605330228805542,0.0,1
Last,calibration,Agriculture:h12:f1:o249,7,1.4605330228805542,1.4605330228805542,0.0,1
Last,calibration,Agriculture:h12:f1:o249,8,1.4605330228805542,1.4605330228805542,0.0,1
Last,calibration,Agriculture:h12:f1:o249,9,1.4605330228805542,1.4605330228805542,0.0,1
Last,calibration,Agriculture:h12:f1:o249,10,1.4605330228805542,1.4605330228805542,0.0,1
Last,calibration,Agriculture:h12:f1:o249,11,1.4605330228805542,1.4605330228805542,0.0,1
Last,calibration,Agriculture:h12:f1:o249,12,1.4605330228805542,1.4605330228805542,0.0,1
Last,calibration,Agriculture:h12:f1:o250,1,1.4298564195632935,1.4298564195632935,0.0,1
Last,calibration,Agriculture:h12:f1:o250,2,1.4298564195632935,1.4298564195632935,0.0,1
Last,calibration,Agriculture:h12:f1:o250,3,1.4298564195632935,1.4298564195632935,0.0,1
Last,calibration,Agriculture:h12:f1:o250,4,1.4298564195632935,1.4298564195632935,0.0,1
Last,calibration,Agriculture:h12:f1:o250,5,1.4298564195632935,1.4298564195632935,0.0,1
Last,calibration,Agriculture:h12:f1:o250,6,1.4298564195632935,1.4298564195632935,0.0,1
Last,calibration,Agriculture:h12:f1:o250,7,1.4298564195632935,1.4298564195632935,0.0,1
Last,calibration,Agriculture:h12:f1:o250,8,1.4298564195632935,1.4298564195632935,0.0,1
Last,calibration,Agriculture:h12:f1:o250,9,1.4298564195632935,1.4298564195632935,0.0,1
Last,calibration,Agriculture:h12:f1:o250,10,1.4298564195632935,1.4298564195632935,0.0,1
Last,calibration,Agriculture:h12:f1:o250,11,1.4298564195632935,1.4298564195632935,0.0,1
Last,calibration,Agriculture:h12:f1:o250,12,1.4298564195632935,1.4298564195632935,0.0,1
Last,calibration,Agriculture:h12:f1:o251,1,1.1715272665023804,1.1715272665023804,0.0,1
Last,calibration,Agriculture:h12:f1:o251,2,1.1715272665023804,1.1715272665023804,0.0,1
Last,calibration,Agriculture:h12:f1:o251,3,1.1715272665023804,1.1715272665023804,0.0,1
Last,calibration,Agriculture:h12:f1:o251,4,1.1715272665023804,1.1715272665023804,0.0,1
Last,calibration,Agriculture:h12:f1:o251,5,1.1715272665023804,1.1715272665023804,0.0,1
Last,calibration,Agriculture:h12:f1:o251,6,1.1715272665023804,1.1715272665023804,0.0,1
Last,calibration,Agriculture:h12:f1:o251,7,1.1715272665023804,1.1715272665023804,0.0,1
Last,calibration,Agriculture:h12:f1:o251,8,1.1715272665023804,1.1715272665023804,0.0,1
Last,calibration,Agriculture:h12:f1:o251,9,1.1715272665023804,1.1715272665023804,0.0,1
Last,calibration,Agriculture:h12:f1:o251,10,1.1715272665023804,1.1715272665023804,0.0,1
Last,calibration,Agriculture:h12:f1:o251,11,1.1715272665023804,1.1715272665023804,0.0,1
Last,calibration,Agriculture:h12:f1:o251,12,1.1715272665023804,1.1715272665023804,0.0,1
Last,calibration,Agriculture:h12:f1:o252,1,1.4782930612564087,1.4782930612564087,0.0,1
Last,calibration,Agriculture:h12:f1:o252,2,1.4782930612564087,1.4782930612564087,0.0,1
Last,calibration,Agriculture:h12:f1:o252,3,1.4782930612564087,1.4782930612564087,0.0,1
Last,calibration,Agriculture:h12:f1:o252,4,1.4782930612564087,1.4782930612564087,0.0,1
Last,calibration,Agriculture:h12:f1:o252,5,1.4782930612564087,1.4782930612564087,0.0,1
Last,calibration,Agriculture:h12:f1:o252,6,1.4782930612564087,1.4782930612564087,0.0,1
Last,calibration,Agriculture:h12:f1:o252,7,1.4782930612564087,1.4782930612564087,0.0,1
Last,calibration,Agriculture:h12:f1:o252,8,1.4782930612564087,1.4782930612564087,0.0,1
Last,calibration,Agriculture:h12:f1:o252,9,1.4782930612564087,1.4782930612564087,0.0,1
Last,calibration,Agriculture:h12:f1:o252,10,1.4782930612564087,1.4782930612564087,0.0,1
Last,calibration,Agriculture:h12:f1:o252,11,1.4782930612564087,1.4782930612564087,0.0,1
Last,calibration,Agriculture:h12:f1:o252,12,1.4782930612564087,1.4782930612564087,0.0,1
Last,calibration,Agriculture:h12:f1:o253,1,1.4836750030517578,1.4836750030517578,0.0,1
Last,calibration,Agriculture:h12:f1:o253,2,1.4836750030517578,1.4836750030517578,0.0,1
Last,calibration,Agriculture:h12:f1:o253,3,1.4836750030517578,1.4836750030517578,0.0,1
Last,calibration,Agriculture:h12:f1:o253,4,1.4836750030517578,1.4836750030517578,0.0,1
Last,calibration,Agriculture:h12:f1:o253,5,1.4836750030517578,1.4836750030517578,0.0,1
Last,calibration,Agriculture:h12:f1:o253,6,1.4836750030517578,1.4836750030517578,0.0,1
Last,calibration,Agriculture:h12:f1:o253,7,1.4836750030517578,1.4836750030517578,0.0,1
Last,calibration,Agriculture:h12:f1:o253,8,1.4836750030517578,1.4836750030517578,0.0,1
Last,calibration,Agriculture:h12:f1:o253,9,1.4836750030517578,1.4836750030517578,0.0,1
Last,calibration,Agriculture:h12:f1:o253,10,1.4836750030517578,1.4836750030517578,0.0,1
Last,calibration,Agriculture:h12:f1:o253,11,1.4836750030517578,1.4836750030517578,0.0,1
Last,calibration,Agriculture:h12:f1:o253,12,1.4836750030517578,1.4836750030517578,0.0,1
Last,calibration,Agriculture:h12:f1:o254,1,1.3598922491073608,1.3598922491073608,0.0,1
Last,calibration,Agriculture:h12:f1:o254,2,1.3598922491073608,1.3598922491073608,0.0,1
Last,calibration,Agriculture:h12:f1:o254,3,1.3598922491073608,1.3598922491073608,0.0,1
Last,calibration,Agriculture:h12:f1:o254,4,1.3598922491073608,1.3598922491073608,0.0,1
Last,calibration,Agriculture:h12:f1:o254,5,1.3598922491073608,1.3598922491073608,0.0,1
Last,calibration,Agriculture:h12:f1:o254,6,1.3598922491073608,1.3598922491073608,0.0,1
Last,calibration,Agriculture:h12:f1:o254,7,1.3598922491073608,1.3598922491073608,0.0,1
Last,calibration,Agriculture:h12:f1:o254,8,1.3598922491073608,1.3598922491073608,0.0,1
Last,calibration,Agriculture:h12:f1:o254,9,1.3598922491073608,1.3598922491073608,0.0,1
Last,calibration,Agriculture:h12:f1:o254,10,1.3598922491073608,1.3598922491073608,0.0,1
Last,calibration,Agriculture:h12:f1:o254,11,1.3598922491073608,1.3598922491073608,0.0,1
Last,calibration,Agriculture:h12:f1:o254,12,1.3598922491073608,1.3598922491073608,0.0,1
Last,decision,Agriculture:h12:f1:o266,1,1.7366222143173218,1.7366222143173218,0.0,1
Last,decision,Agriculture:h12:f1:o266,2,1.7366222143173218,1.7366222143173218,0.0,1
Last,decision,Agriculture:h12:f1:o266,3,1.7366222143173218,1.7366222143173218,0.0,1
Last,decision,Agriculture:h12:f1:o266,4,1.7366222143173218,1.7366222143173218,0.0,1
Last,decision,Agriculture:h12:f1:o266,5,1.7366222143173218,1.7366222143173218,0.0,1
Last,decision,Agriculture:h12:f1:o266,6,1.7366222143173218,1.7366222143173218,0.0,1
Last,decision,Agriculture:h12:f1:o266,7,1.7366222143173218,1.7366222143173218,0.0,1
Last,decision,Agriculture:h12:f1:o266,8,1.7366222143173218,1.7366222143173218,0.0,1
Last,decision,Agriculture:h12:f1:o266,9,1.7366222143173218,1.7366222143173218,0.0,1
Last,decision,Agriculture:h12:f1:o266,10,1.7366222143173218,1.7366222143173218,0.0,1
Last,decision,Agriculture:h12:f1:o266,11,1.7366222143173218,1.7366222143173218,0.0,1
Last,decision,Agriculture:h12:f1:o266,12,1.7366222143173218,1.7366222143173218,0.0,1
Last,decision,Agriculture:h12:f1:o267,1,1.5977703332901,1.5977703332901,0.0,1
Last,decision,Agriculture:h12:f1:o267,2,1.5977703332901,1.5977703332901,0.0,1
Last,decision,Agriculture:h12:f1:o267,3,1.5977703332901,1.5977703332901,0.0,1
Last,decision,Agriculture:h12:f1:o267,4,1.5977703332901,1.5977703332901,0.0,1
Last,decision,Agriculture:h12:f1:o267,5,1.5977703332901,1.5977703332901,0.0,1
Last,decision,Agriculture:h12:f1:o267,6,1.5977703332901,1.5977703332901,0.0,1
Last,decision,Agriculture:h12:f1:o267,7,1.5977703332901,1.5977703332901,0.0,1
Last,decision,Agriculture:h12:f1:o267,8,1.5977703332901,1.5977703332901,0.0,1
Last,decision,Agriculture:h12:f1:o267,9,1.5977703332901,1.5977703332901,0.0,1
Last,decision,Agriculture:h12:f1:o267,10,1.5977703332901,1.5977703332901,0.0,1
Last,decision,Agriculture:h12:f1:o267,11,1.5977703332901,1.5977703332901,0.0,1
Last,decision,Agriculture:h12:f1:o267,12,1.5977703332901,1.5977703332901,0.0,1
Last,decision,Agriculture:h12:f1:o268,1,1.7021783590316772,1.7021783590316772,0.0,1
Last,decision,Agriculture:h12:f1:o268,2,1.7021783590316772,1.7021783590316772,0.0,1
Last,decision,Agriculture:h12:f1:o268,3,1.7021783590316772,1.7021783590316772,0.0,1
Last,decision,Agriculture:h12:f1:o268,4,1.7021783590316772,1.7021783590316772,0.0,1
Last,decision,Agriculture:h12:f1:o268,5,1.7021783590316772,1.7021783590316772,0.0,1
Last,decision,Agriculture:h12:f1:o268,6,1.7021783590316772,1.7021783590316772,0.0,1
Last,decision,Agriculture:h12:f1:o268,7,1.7021783590316772,1.7021783590316772,0.0,1
Last,decision,Agriculture:h12:f1:o268,8,1.7021783590316772,1.7021783590316772,0.0,1
Last,decision,Agriculture:h12:f1:o268,9,1.7021783590316772,1.7021783590316772,0.0,1
Last,decision,Agriculture:h12:f1:o268,10,1.7021783590316772,1.7021783590316772,0.0,1
Last,decision,Agriculture:h12:f1:o268,11,1.7021783590316772,1.7021783590316772,0.0,1
Last,decision,Agriculture:h12:f1:o268,12,1.7021783590316772,1.7021783590316772,0.0,1
Last,decision,Agriculture:h12:f1:o269,1,1.6187595129013062,1.6187595129013062,0.0,1
Last,decision,Agriculture:h12:f1:o269,2,1.6187595129013062,1.6187595129013062,0.0,1
Last,decision,Agriculture:h12:f1:o269,3,1.6187595129013062,1.6187595129013062,0.0,1
Last,decision,Agriculture:h12:f1:o269,4,1.6187595129013062,1.6187595129013062,0.0,1
Last,decision,Agriculture:h12:f1:o269,5,1.6187595129013062,1.6187595129013062,0.0,1
Last,decision,Agriculture:h12:f1:o269,6,1.6187595129013062,1.6187595129013062,0.0,1
Last,decision,Agriculture:h12:f1:o269,7,1.6187595129013062,1.6187595129013062,0.0,1
Last,decision,Agriculture:h12:f1:o269,8,1.6187595129013062,1.6187595129013062,0.0,1
Last,decision,Agriculture:h12:f1:o269,9,1.6187595129013062,1.6187595129013062,0.0,1
Last,decision,Agriculture:h12:f1:o269,10,1.6187595129013062,1.6187595129013062,0.0,1
Last,decision,Agriculture:h12:f1:o269,11,1.6187595129013062,1.6187595129013062,0.0,1
Last,decision,Agriculture:h12:f1:o269,12,1.6187595129013062,1.6187595129013062,0.0,1
Last,decision,Agriculture:h12:f1:o270,1,1.5740901231765747,1.5740901231765747,0.0,1
Last,decision,Agriculture:h12:f1:o270,2,1.5740901231765747,1.5740901231765747,0.0,1
Last,decision,Agriculture:h12:f1:o270,3,1.5740901231765747,1.5740901231765747,0.0,1
Last,decision,Agriculture:h12:f1:o270,4,1.5740901231765747,1.5740901231765747,0.0,1
Last,decision,Agriculture:h12:f1:o270,5,1.5740901231765747,1.5740901231765747,0.0,1
Last,decision,Agriculture:h12:f1:o270,6,1.5740901231765747,1.5740901231765747,0.0,1
Last,decision,Agriculture:h12:f1:o270,7,1.5740901231765747,1.5740901231765747,0.0,1
Last,decision,Agriculture:h12:f1:o270,8,1.5740901231765747,1.5740901231765747,0.0,1
Last,decision,Agriculture:h12:f1:o270,9,1.5740901231765747,1.5740901231765747,0.0,1
Last,decision,Agriculture:h12:f1:o270,10,1.5740901231765747,1.5740901231765747,0.0,1
Last,decision,Agriculture:h12:f1:o270,11,1.5740901231765747,1.5740901231765747,0.0,1
Last,decision,Agriculture:h12:f1:o270,12,1.5740901231765747,1.5740901231765747,0.0,1
Last,decision,Agriculture:h12:f1:o271,1,1.6478215456008911,1.6478215456008911,0.0,1
Last,decision,Agriculture:h12:f1:o271,2,1.6478215456008911,1.6478215456008911,0.0,1
Last,decision,Agriculture:h12:f1:o271,3,1.6478215456008911,1.6478215456008911,0.0,1
Last,decision,Agriculture:h12:f1:o271,4,1.6478215456008911,1.6478215456008911,0.0,1
Last,decision,Agriculture:h12:f1:o271,5,1.6478215456008911,1.6478215456008911,0.0,1
Last,decision,Agriculture:h12:f1:o271,6,1.6478215456008911,1.6478215456008911,0.0,1
Last,decision,Agriculture:h12:f1:o271,7,1.6478215456008911,1.6478215456008911,0.0,1
Last,decision,Agriculture:h12:f1:o271,8,1.6478215456008911,1.6478215456008911,0.0,1
Last,decision,Agriculture:h12:f1:o271,9,1.6478215456008911,1.6478215456008911,0.0,1
Last,decision,Agriculture:h12:f1:o271,10,1.6478215456008911,1.6478215456008911,0.0,1
Last,decision,Agriculture:h12:f1:o271,11,1.6478215456008911,1.6478215456008911,0.0,1
Last,decision,Agriculture:h12:f1:o271,12,1.6478215456008911,1.6478215456008911,0.0,1
Last,decision,Agriculture:h12:f1:o272,1,1.8264992237091064,1.8264992237091064,0.0,1
Last,decision,Agriculture:h12:f1:o272,2,1.8264992237091064,1.8264992237091064,0.0,1
Last,decision,Agriculture:h12:f1:o272,3,1.8264992237091064,1.8264992237091064,0.0,1
Last,decision,Agriculture:h12:f1:o272,4,1.8264992237091064,1.8264992237091064,0.0,1
Last,decision,Agriculture:h12:f1:o272,5,1.8264992237091064,1.8264992237091064,0.0,1
Last,decision,Agriculture:h12:f1:o272,6,1.8264992237091064,1.8264992237091064,0.0,1
Last,decision,Agriculture:h12:f1:o272,7,1.8264992237091064,1.8264992237091064,0.0,1
Last,decision,Agriculture:h12:f1:o272,8,1.8264992237091064,1.8264992237091064,0.0,1
Last,decision,Agriculture:h12:f1:o272,9,1.8264992237091064,1.8264992237091064,0.0,1
Last,decision,Agriculture:h12:f1:o272,10,1.8264992237091064,1.8264992237091064,0.0,1
Last,decision,Agriculture:h12:f1:o272,11,1.8264992237091064,1.8264992237091064,0.0,1
Last,decision,Agriculture:h12:f1:o272,12,1.8264992237091064,1.8264992237091064,0.0,1
Last,decision,Agriculture:h12:f1:o273,1,1.8749358654022217,1.8749358654022217,0.0,1
Last,decision,Agriculture:h12:f1:o273,2,1.8749358654022217,1.8749358654022217,0.0,1
Last,decision,Agriculture:h12:f1:o273,3,1.8749358654022217,1.8749358654022217,0.0,1
Last,decision,Agriculture:h12:f1:o273,4,1.8749358654022217,1.8749358654022217,0.0,1
Last,decision,Agriculture:h12:f1:o273,5,1.8749358654022217,1.8749358654022217,0.0,1
Last,decision,Agriculture:h12:f1:o273,6,1.8749358654022217,1.8749358654022217,0.0,1
Last,decision,Agriculture:h12:f1:o273,7,1.8749358654022217,1.8749358654022217,0.0,1
Last,decision,Agriculture:h12:f1:o273,8,1.8749358654022217,1.8749358654022217,0.0,1
Last,decision,Agriculture:h12:f1:o273,9,1.8749358654022217,1.8749358654022217,0.0,1
Last,decision,Agriculture:h12:f1:o273,10,1.8749358654022217,1.8749358654022217,0.0,1
Last,decision,Agriculture:h12:f1:o273,11,1.8749358654022217,1.8749358654022217,0.0,1
Last,decision,Agriculture:h12:f1:o273,12,1.8749358654022217,1.8749358654022217,0.0,1
Last,decision,Agriculture:h12:f1:o274,1,1.8055099248886108,1.8055099248886108,0.0,1
Last,decision,Agriculture:h12:f1:o274,2,1.8055099248886108,1.8055099248886108,0.0,1
Last,decision,Agriculture:h12:f1:o274,3,1.8055099248886108,1.8055099248886108,0.0,1
Last,decision,Agriculture:h12:f1:o274,4,1.8055099248886108,1.8055099248886108,0.0,1
Last,decision,Agriculture:h12:f1:o274,5,1.8055099248886108,1.8055099248886108,0.0,1
Last,decision,Agriculture:h12:f1:o274,6,1.8055099248886108,1.8055099248886108,0.0,1
Last,decision,Agriculture:h12:f1:o274,7,1.8055099248886108,1.8055099248886108,0.0,1
Last,decision,Agriculture:h12:f1:o274,8,1.8055099248886108,1.8055099248886108,0.0,1
Last,decision,Agriculture:h12:f1:o274,9,1.8055099248886108,1.8055099248886108,0.0,1
Last,decision,Agriculture:h12:f1:o274,10,1.8055099248886108,1.8055099248886108,0.0,1
Last,decision,Agriculture:h12:f1:o274,11,1.8055099248886108,1.8055099248886108,0.0,1
Last,decision,Agriculture:h12:f1:o274,12,1.8055099248886108,1.8055099248886108,0.0,1
Last,decision,Agriculture:h12:f1:o275,1,1.94651460647583,1.94651460647583,0.0,1
Last,decision,Agriculture:h12:f1:o275,2,1.94651460647583,1.94651460647583,0.0,1
Last,decision,Agriculture:h12:f1:o275,3,1.94651460647583,1.94651460647583,0.0,1
Last,decision,Agriculture:h12:f1:o275,4,1.94651460647583,1.94651460647583,0.0,1
Last,decision,Agriculture:h12:f1:o275,5,1.94651460647583,1.94651460647583,0.0,1
Last,decision,Agriculture:h12:f1:o275,6,1.94651460647583,1.94651460647583,0.0,1
Last,decision,Agriculture:h12:f1:o275,7,1.94651460647583,1.94651460647583,0.0,1
Last,decision,Agriculture:h12:f1:o275,8,1.94651460647583,1.94651460647583,0.0,1
Last,decision,Agriculture:h12:f1:o275,9,1.94651460647583,1.94651460647583,0.0,1
Last,decision,Agriculture:h12:f1:o275,10,1.94651460647583,1.94651460647583,0.0,1
Last,decision,Agriculture:h12:f1:o275,11,1.94651460647583,1.94651460647583,0.0,1
Last,decision,Agriculture:h12:f1:o275,12,1.94651460647583,1.94651460647583,0.0,1
Last,decision,Agriculture:h12:f1:o276,1,1.8577139377593994,1.8577139377593994,0.0,1
Last,decision,Agriculture:h12:f1:o276,2,1.8577139377593994,1.8577139377593994,0.0,1
Last,decision,Agriculture:h12:f1:o276,3,1.8577139377593994,1.8577139377593994,0.0,1
Last,decision,Agriculture:h12:f1:o276,4,1.8577139377593994,1.8577139377593994,0.0,1
Last,decision,Agriculture:h12:f1:o276,5,1.8577139377593994,1.8577139377593994,0.0,1
Last,decision,Agriculture:h12:f1:o276,6,1.8577139377593994,1.8577139377593994,0.0,1
Last,decision,Agriculture:h12:f1:o276,7,1.8577139377593994,1.8577139377593994,0.0,1
Last,decision,Agriculture:h12:f1:o276,8,1.8577139377593994,1.8577139377593994,0.0,1
Last,decision,Agriculture:h12:f1:o276,9,1.8577139377593994,1.8577139377593994,0.0,1
Last,decision,Agriculture:h12:f1:o276,10,1.8577139377593994,1.8577139377593994,0.0,1
Last,decision,Agriculture:h12:f1:o276,11,1.8577139377593994,1.8577139377593994,0.0,1
Last,decision,Agriculture:h12:f1:o276,12,1.8577139377593994,1.8577139377593994,0.0,1
Last,decision,Agriculture:h12:f1:o277,1,1.5929266214370728,1.5929266214370728,0.0,1
Last,decision,Agriculture:h12:f1:o277,2,1.5929266214370728,1.5929266214370728,0.0,1
Last,decision,Agriculture:h12:f1:o277,3,1.5929266214370728,1.5929266214370728,0.0,1
Last,decision,Agriculture:h12:f1:o277,4,1.5929266214370728,1.5929266214370728,0.0,1
Last,decision,Agriculture:h12:f1:o277,5,1.5929266214370728,1.5929266214370728,0.0,1
Last,decision,Agriculture:h12:f1:o277,6,1.5929266214370728,1.5929266214370728,0.0,1
Last,decision,Agriculture:h12:f1:o277,7,1.5929266214370728,1.5929266214370728,0.0,1
Last,decision,Agriculture:h12:f1:o277,8,1.5929266214370728,1.5929266214370728,0.0,1
Last,decision,Agriculture:h12:f1:o277,9,1.5929266214370728,1.5929266214370728,0.0,1
Last,decision,Agriculture:h12:f1:o277,10,1.5929266214370728,1.5929266214370728,0.0,1
Last,decision,Agriculture:h12:f1:o277,11,1.5929266214370728,1.5929266214370728,0.0,1
Last,decision,Agriculture:h12:f1:o277,12,1.5929266214370728,1.5929266214370728,0.0,1
Last,decision,Agriculture:h12:f1:o278,1,1.523500680923462,1.523500680923462,0.0,1
Last,decision,Agriculture:h12:f1:o278,2,1.523500680923462,1.523500680923462,0.0,1
Last,decision,Agriculture:h12:f1:o278,3,1.523500680923462,1.523500680923462,0.0,1
Last,decision,Agriculture:h12:f1:o278,4,1.523500680923462,1.523500680923462,0.0,1
Last,decision,Agriculture:h12:f1:o278,5,1.523500680923462,1.523500680923462,0.0,1
Last,decision,Agriculture:h12:f1:o278,6,1.523500680923462,1.523500680923462,0.0,1
Last,decision,Agriculture:h12:f1:o278,7,1.523500680923462,1.523500680923462,0.0,1
Last,decision,Agriculture:h12:f1:o278,8,1.523500680923462,1.523500680923462,0.0,1
Last,decision,Agriculture:h12:f1:o278,9,1.523500680923462,1.523500680923462,0.0,1
Last,decision,Agriculture:h12:f1:o278,10,1.523500680923462,1.523500680923462,0.0,1
Last,decision,Agriculture:h12:f1:o278,11,1.523500680923462,1.523500680923462,0.0,1
Last,decision,Agriculture:h12:f1:o278,12,1.523500680923462,1.523500680923462,0.0,1
Last,decision,Agriculture:h12:f1:o279,1,1.6273704767227173,1.6273704767227173,0.0,1
Last,decision,Agriculture:h12:f1:o279,2,1.6273704767227173,1.6273704767227173,0.0,1
Last,decision,Agriculture:h12:f1:o279,3,1.6273704767227173,1.6273704767227173,0.0,1
Last,decision,Agriculture:h12:f1:o279,4,1.6273704767227173,1.6273704767227173,0.0,1
Last,decision,Agriculture:h12:f1:o279,5,1.6273704767227173,1.6273704767227173,0.0,1
Last,decision,Agriculture:h12:f1:o279,6,1.6273704767227173,1.6273704767227173,0.0,1
Last,decision,Agriculture:h12:f1:o279,7,1.6273704767227173,1.6273704767227173,0.0,1
Last,decision,Agriculture:h12:f1:o279,8,1.6273704767227173,1.6273704767227173,0.0,1
Last,decision,Agriculture:h12:f1:o279,9,1.6273704767227173,1.6273704767227173,0.0,1
Last,decision,Agriculture:h12:f1:o279,10,1.6273704767227173,1.6273704767227173,0.0,1
Last,decision,Agriculture:h12:f1:o279,11,1.6273704767227173,1.6273704767227173,0.0,1
Last,decision,Agriculture:h12:f1:o279,12,1.6273704767227173,1.6273704767227173,0.0,1
Last,decision,Agriculture:h12:f1:o280,1,1.7500768899917603,1.7500768899917603,0.0,1
Last,decision,Agriculture:h12:f1:o280,2,1.7500768899917603,1.7500768899917603,0.0,1
Last,decision,Agriculture:h12:f1:o280,3,1.7500768899917603,1.7500768899917603,0.0,1
Last,decision,Agriculture:h12:f1:o280,4,1.7500768899917603,1.7500768899917603,0.0,1
Last,decision,Agriculture:h12:f1:o280,5,1.7500768899917603,1.7500768899917603,0.0,1
Last,decision,Agriculture:h12:f1:o280,6,1.7500768899917603,1.7500768899917603,0.0,1
Last,decision,Agriculture:h12:f1:o280,7,1.7500768899917603,1.7500768899917603,0.0,1
Last,decision,Agriculture:h12:f1:o280,8,1.7500768899917603,1.7500768899917603,0.0,1
Last,decision,Agriculture:h12:f1:o280,9,1.7500768899917603,1.7500768899917603,0.0,1
Last,decision,Agriculture:h12:f1:o280,10,1.7500768899917603,1.7500768899917603,0.0,1
Last,decision,Agriculture:h12:f1:o280,11,1.7500768899917603,1.7500768899917603,0.0,1
Last,decision,Agriculture:h12:f1:o280,12,1.7500768899917603,1.7500768899917603,0.0,1
Last,decision,Agriculture:h12:f1:o281,1,1.6548179388046265,1.6548179388046265,0.0,1
Last,decision,Agriculture:h12:f1:o281,2,1.6548179388046265,1.6548179388046265,0.0,1
Last,decision,Agriculture:h12:f1:o281,3,1.6548179388046265,1.6548179388046265,0.0,1
Last,decision,Agriculture:h12:f1:o281,4,1.6548179388046265,1.6548179388046265,0.0,1
Last,decision,Agriculture:h12:f1:o281,5,1.6548179388046265,1.6548179388046265,0.0,1
Last,decision,Agriculture:h12:f1:o281,6,1.6548179388046265,1.6548179388046265,0.0,1
Last,decision,Agriculture:h12:f1:o281,7,1.6548179388046265,1.6548179388046265,0.0,1
Last,decision,Agriculture:h12:f1:o281,8,1.6548179388046265,1.6548179388046265,0.0,1
Last,decision,Agriculture:h12:f1:o281,9,1.6548179388046265,1.6548179388046265,0.0,1
Last,decision,Agriculture:h12:f1:o281,10,1.6548179388046265,1.6548179388046265,0.0,1
Last,decision,Agriculture:h12:f1:o281,11,1.6548179388046265,1.6548179388046265,0.0,1
Last,decision,Agriculture:h12:f1:o281,12,1.6548179388046265,1.6548179388046265,0.0,1
Last,decision,Agriculture:h12:f1:o282,1,1.5899624824523926,1.5899624824523926,0.0,1
Last,decision,Agriculture:h12:f1:o282,2,1.5899624824523926,1.5899624824523926,0.0,1
Last,decision,Agriculture:h12:f1:o282,3,1.5899624824523926,1.5899624824523926,0.0,1
Last,decision,Agriculture:h12:f1:o282,4,1.5899624824523926,1.5899624824523926,0.0,1
Last,decision,Agriculture:h12:f1:o282,5,1.5899624824523926,1.5899624824523926,0.0,1
Last,decision,Agriculture:h12:f1:o282,6,1.5899624824523926,1.5899624824523926,0.0,1
Last,decision,Agriculture:h12:f1:o282,7,1.5899624824523926,1.5899624824523926,0.0,1
Last,decision,Agriculture:h12:f1:o282,8,1.5899624824523926,1.5899624824523926,0.0,1
Last,decision,Agriculture:h12:f1:o282,9,1.5899624824523926,1.5899624824523926,0.0,1
Last,decision,Agriculture:h12:f1:o282,10,1.5899624824523926,1.5899624824523926,0.0,1
Last,decision,Agriculture:h12:f1:o282,11,1.5899624824523926,1.5899624824523926,0.0,1
Last,decision,Agriculture:h12:f1:o282,12,1.5899624824523926,1.5899624824523926,0.0,1
Last,decision,Agriculture:h12:f1:o283,1,1.7410539388656616,1.7410539388656616,0.0,1
Last,decision,Agriculture:h12:f1:o283,2,1.7410539388656616,1.7410539388656616,0.0,1
Last,decision,Agriculture:h12:f1:o283,3,1.7410539388656616,1.7410539388656616,0.0,1
Last,decision,Agriculture:h12:f1:o283,4,1.7410539388656616,1.7410539388656616,0.0,1
Last,decision,Agriculture:h12:f1:o283,5,1.7410539388656616,1.7410539388656616,0.0,1
Last,decision,Agriculture:h12:f1:o283,6,1.7410539388656616,1.7410539388656616,0.0,1
Last,decision,Agriculture:h12:f1:o283,7,1.7410539388656616,1.7410539388656616,0.0,1
Last,decision,Agriculture:h12:f1:o283,8,1.7410539388656616,1.7410539388656616,0.0,1
Last,decision,Agriculture:h12:f1:o283,9,1.7410539388656616,1.7410539388656616,0.0,1
Last,decision,Agriculture:h12:f1:o283,10,1.7410539388656616,1.7410539388656616,0.0,1
Last,decision,Agriculture:h12:f1:o283,11,1.7410539388656616,1.7410539388656616,0.0,1
Last,decision,Agriculture:h12:f1:o283,12,1.7410539388656616,1.7410539388656616,0.0,1
Last,decision,Agriculture:h12:f1:o284,1,1.6891707181930542,1.6891707181930542,0.0,1
Last,decision,Agriculture:h12:f1:o284,2,1.6891707181930542,1.6891707181930542,0.0,1
Last,decision,Agriculture:h12:f1:o284,3,1.6891707181930542,1.6891707181930542,0.0,1
Last,decision,Agriculture:h12:f1:o284,4,1.6891707181930542,1.6891707181930542,0.0,1
Last,decision,Agriculture:h12:f1:o284,5,1.6891707181930542,1.6891707181930542,0.0,1
Last,decision,Agriculture:h12:f1:o284,6,1.6891707181930542,1.6891707181930542,0.0,1
Last,decision,Agriculture:h12:f1:o284,7,1.6891707181930542,1.6891707181930542,0.0,1
Last,decision,Agriculture:h12:f1:o284,8,1.6891707181930542,1.6891707181930542,0.0,1
Last,decision,Agriculture:h12:f1:o284,9,1.6891707181930542,1.6891707181930542,0.0,1
Last,decision,Agriculture:h12:f1:o284,10,1.6891707181930542,1.6891707181930542,0.0,1
Last,decision,Agriculture:h12:f1:o284,11,1.6891707181930542,1.6891707181930542,0.0,1
Last,decision,Agriculture:h12:f1:o284,12,1.6891707181930542,1.6891707181930542,0.0,1
Last,decision,Agriculture:h12:f1:o285,1,1.69256591796875,1.69256591796875,0.0,1
Last,decision,Agriculture:h12:f1:o285,2,1.69256591796875,1.69256591796875,0.0,1
Last,decision,Agriculture:h12:f1:o285,3,1.69256591796875,1.69256591796875,0.0,1
Last,decision,Agriculture:h12:f1:o285,4,1.69256591796875,1.69256591796875,0.0,1
Last,decision,Agriculture:h12:f1:o285,5,1.69256591796875,1.69256591796875,0.0,1
Last,decision,Agriculture:h12:f1:o285,6,1.69256591796875,1.69256591796875,0.0,1
Last,decision,Agriculture:h12:f1:o285,7,1.69256591796875,1.69256591796875,0.0,1
Last,decision,Agriculture:h12:f1:o285,8,1.69256591796875,1.69256591796875,0.0,1
Last,decision,Agriculture:h12:f1:o285,9,1.69256591796875,1.69256591796875,0.0,1
Last,decision,Agriculture:h12:f1:o285,10,1.69256591796875,1.69256591796875,0.0,1
Last,decision,Agriculture:h12:f1:o285,11,1.69256591796875,1.69256591796875,0.0,1
Last,decision,Agriculture:h12:f1:o285,12,1.69256591796875,1.69256591796875,0.0,1
Last,decision,Agriculture:h12:f1:o286,1,1.8819305896759033,1.8819305896759033,0.0,1
Last,decision,Agriculture:h12:f1:o286,2,1.8819305896759033,1.8819305896759033,0.0,1
Last,decision,Agriculture:h12:f1:o286,3,1.8819305896759033,1.8819305896759033,0.0,1
Last,decision,Agriculture:h12:f1:o286,4,1.8819305896759033,1.8819305896759033,0.0,1
Last,decision,Agriculture:h12:f1:o286,5,1.8819305896759033,1.8819305896759033,0.0,1
Last,decision,Agriculture:h12:f1:o286,6,1.8819305896759033,1.8819305896759033,0.0,1
Last,decision,Agriculture:h12:f1:o286,7,1.8819305896759033,1.8819305896759033,0.0,1
Last,decision,Agriculture:h12:f1:o286,8,1.8819305896759033,1.8819305896759033,0.0,1
Last,decision,Agriculture:h12:f1:o286,9,1.8819305896759033,1.8819305896759033,0.0,1
Last,decision,Agriculture:h12:f1:o286,10,1.8819305896759033,1.8819305896759033,0.0,1
Last,decision,Agriculture:h12:f1:o286,11,1.8819305896759033,1.8819305896759033,0.0,1
Last,decision,Agriculture:h12:f1:o286,12,1.8819305896759033,1.8819305896759033,0.0,1
Last,decision,Agriculture:h12:f1:o287,1,1.805521011352539,1.805521011352539,0.0,1
Last,decision,Agriculture:h12:f1:o287,2,1.805521011352539,1.805521011352539,0.0,1
Last,decision,Agriculture:h12:f1:o287,3,1.805521011352539,1.805521011352539,0.0,1
Last,decision,Agriculture:h12:f1:o287,4,1.805521011352539,1.805521011352539,0.0,1
Last,decision,Agriculture:h12:f1:o287,5,1.805521011352539,1.805521011352539,0.0,1
Last,decision,Agriculture:h12:f1:o287,6,1.805521011352539,1.805521011352539,0.0,1
Last,decision,Agriculture:h12:f1:o287,7,1.805521011352539,1.805521011352539,0.0,1
Last,decision,Agriculture:h12:f1:o287,8,1.805521011352539,1.805521011352539,0.0,1
Last,decision,Agriculture:h12:f1:o287,9,1.805521011352539,1.805521011352539,0.0,1
Last,decision,Agriculture:h12:f1:o287,10,1.805521011352539,1.805521011352539,0.0,1
Last,decision,Agriculture:h12:f1:o287,11,1.805521011352539,1.805521011352539,0.0,1
Last,decision,Agriculture:h12:f1:o287,12,1.805521011352539,1.805521011352539,0.0,1
Last,decision,Agriculture:h12:f1:o288,1,1.8792543411254883,1.8792543411254883,0.0,1
Last,decision,Agriculture:h12:f1:o288,2,1.8792543411254883,1.8792543411254883,0.0,1
Last,decision,Agriculture:h12:f1:o288,3,1.8792543411254883,1.8792543411254883,0.0,1
Last,decision,Agriculture:h12:f1:o288,4,1.8792543411254883,1.8792543411254883,0.0,1
Last,decision,Agriculture:h12:f1:o288,5,1.8792543411254883,1.8792543411254883,0.0,1
Last,decision,Agriculture:h12:f1:o288,6,1.8792543411254883,1.8792543411254883,0.0,1
Last,decision,Agriculture:h12:f1:o288,7,1.8792543411254883,1.8792543411254883,0.0,1
Last,decision,Agriculture:h12:f1:o288,8,1.8792543411254883,1.8792543411254883,0.0,1
Last,decision,Agriculture:h12:f1:o288,9,1.8792543411254883,1.8792543411254883,0.0,1
Last,decision,Agriculture:h12:f1:o288,10,1.8792543411254883,1.8792543411254883,0.0,1
Last,decision,Agriculture:h12:f1:o288,11,1.8792543411254883,1.8792543411254883,0.0,1
Last,decision,Agriculture:h12:f1:o288,12,1.8792543411254883,1.8792543411254883,0.0,1
Last,decision,Agriculture:h12:f1:o289,1,1.9317258596420288,1.9317258596420288,0.0,1
Last,decision,Agriculture:h12:f1:o289,2,1.9317258596420288,1.9317258596420288,0.0,1
Last,decision,Agriculture:h12:f1:o289,3,1.9317258596420288,1.9317258596420288,0.0,1
Last,decision,Agriculture:h12:f1:o289,4,1.9317258596420288,1.9317258596420288,0.0,1
Last,decision,Agriculture:h12:f1:o289,5,1.9317258596420288,1.9317258596420288,0.0,1
Last,decision,Agriculture:h12:f1:o289,6,1.9317258596420288,1.9317258596420288,0.0,1
Last,decision,Agriculture:h12:f1:o289,7,1.9317258596420288,1.9317258596420288,0.0,1
Last,decision,Agriculture:h12:f1:o289,8,1.9317258596420288,1.9317258596420288,0.0,1
Last,decision,Agriculture:h12:f1:o289,9,1.9317258596420288,1.9317258596420288,0.0,1
Last,decision,Agriculture:h12:f1:o289,10,1.9317258596420288,1.9317258596420288,0.0,1
Last,decision,Agriculture:h12:f1:o289,11,1.9317258596420288,1.9317258596420288,0.0,1
Last,decision,Agriculture:h12:f1:o289,12,1.9317258596420288,1.9317258596420288,0.0,1
Last,decision,Agriculture:h12:f1:o290,1,1.9852620363235474,1.9852620363235474,0.0,1
Last,decision,Agriculture:h12:f1:o290,2,1.9852620363235474,1.9852620363235474,0.0,1
Last,decision,Agriculture:h12:f1:o290,3,1.9852620363235474,1.9852620363235474,0.0,1
Last,decision,Agriculture:h12:f1:o290,4,1.9852620363235474,1.9852620363235474,0.0,1
Last,decision,Agriculture:h12:f1:o290,5,1.9852620363235474,1.9852620363235474,0.0,1
Last,decision,Agriculture:h12:f1:o290,6,1.9852620363235474,1.9852620363235474,0.0,1
Last,decision,Agriculture:h12:f1:o290,7,1.9852620363235474,1.9852620363235474,0.0,1
Last,decision,Agriculture:h12:f1:o290,8,1.9852620363235474,1.9852620363235474,0.0,1
Last,decision,Agriculture:h12:f1:o290,9,1.9852620363235474,1.9852620363235474,0.0,1
Last,decision,Agriculture:h12:f1:o290,10,1.9852620363235474,1.9852620363235474,0.0,1
Last,decision,Agriculture:h12:f1:o290,11,1.9852620363235474,1.9852620363235474,0.0,1
Last,decision,Agriculture:h12:f1:o290,12,1.9852620363235474,1.9852620363235474,0.0,1
Last,decision,Agriculture:h12:f1:o291,1,2.0017855167388916,2.0017855167388916,0.0,1
Last,decision,Agriculture:h12:f1:o291,2,2.0017855167388916,2.0017855167388916,0.0,1
Last,decision,Agriculture:h12:f1:o291,3,2.0017855167388916,2.0017855167388916,0.0,1
Last,decision,Agriculture:h12:f1:o291,4,2.0017855167388916,2.0017855167388916,0.0,1
Last,decision,Agriculture:h12:f1:o291,5,2.0017855167388916,2.0017855167388916,0.0,1
Last,decision,Agriculture:h12:f1:o291,6,2.0017855167388916,2.0017855167388916,0.0,1
Last,decision,Agriculture:h12:f1:o291,7,2.0017855167388916,2.0017855167388916,0.0,1
Last,decision,Agriculture:h12:f1:o291,8,2.0017855167388916,2.0017855167388916,0.0,1
Last,decision,Agriculture:h12:f1:o291,9,2.0017855167388916,2.0017855167388916,0.0,1
Last,decision,Agriculture:h12:f1:o291,10,2.0017855167388916,2.0017855167388916,0.0,1
Last,decision,Agriculture:h12:f1:o291,11,2.0017855167388916,2.0017855167388916,0.0,1
Last,decision,Agriculture:h12:f1:o291,12,2.0017855167388916,2.0017855167388916,0.0,1
Last,decision,Agriculture:h12:f1:o292,1,2.0145347118377686,2.0145347118377686,0.0,1
Last,decision,Agriculture:h12:f1:o292,2,2.0145347118377686,2.0145347118377686,0.0,1
Last,decision,Agriculture:h12:f1:o292,3,2.0145347118377686,2.0145347118377686,0.0,1
Last,decision,Agriculture:h12:f1:o292,4,2.0145347118377686,2.0145347118377686,0.0,1
Last,decision,Agriculture:h12:f1:o292,5,2.0145347118377686,2.0145347118377686,0.0,1
Last,decision,Agriculture:h12:f1:o292,6,2.0145347118377686,2.0145347118377686,0.0,1
Last,decision,Agriculture:h12:f1:o292,7,2.0145347118377686,2.0145347118377686,0.0,1
Last,decision,Agriculture:h12:f1:o292,8,2.0145347118377686,2.0145347118377686,0.0,1
Last,decision,Agriculture:h12:f1:o292,9,2.0145347118377686,2.0145347118377686,0.0,1
Last,decision,Agriculture:h12:f1:o292,10,2.0145347118377686,2.0145347118377686,0.0,1
Last,decision,Agriculture:h12:f1:o292,11,2.0145347118377686,2.0145347118377686,0.0,1
Last,decision,Agriculture:h12:f1:o292,12,2.0145347118377686,2.0145347118377686,0.0,1
Last,decision,Agriculture:h12:f1:o293,1,2.399919033050537,2.399919033050537,0.0,1
Last,decision,Agriculture:h12:f1:o293,2,2.399919033050537,2.399919033050537,0.0,1
Last,decision,Agriculture:h12:f1:o293,3,2.399919033050537,2.399919033050537,0.0,1
Last,decision,Agriculture:h12:f1:o293,4,2.399919033050537,2.399919033050537,0.0,1
Last,decision,Agriculture:h12:f1:o293,5,2.399919033050537,2.399919033050537,0.0,1
Last,decision,Agriculture:h12:f1:o293,6,2.399919033050537,2.399919033050537,0.0,1
Last,decision,Agriculture:h12:f1:o293,7,2.399919033050537,2.399919033050537,0.0,1
Last,decision,Agriculture:h12:f1:o293,8,2.399919033050537,2.399919033050537,0.0,1
Last,decision,Agriculture:h12:f1:o293,9,2.399919033050537,2.399919033050537,0.0,1
Last,decision,Agriculture:h12:f1:o293,10,2.399919033050537,2.399919033050537,0.0,1
Last,decision,Agriculture:h12:f1:o293,11,2.399919033050537,2.399919033050537,0.0,1
Last,decision,Agriculture:h12:f1:o293,12,2.399919033050537,2.399919033050537,0.0,1
Last,decision,Agriculture:h12:f1:o294,1,2.3638603687286377,2.3638603687286377,0.0,1
Last,decision,Agriculture:h12:f1:o294,2,2.3638603687286377,2.3638603687286377,0.0,1
Last,decision,Agriculture:h12:f1:o294,3,2.3638603687286377,2.3638603687286377,0.0,1
Last,decision,Agriculture:h12:f1:o294,4,2.3638603687286377,2.3638603687286377,0.0,1
Last,decision,Agriculture:h12:f1:o294,5,2.3638603687286377,2.3638603687286377,0.0,1
Last,decision,Agriculture:h12:f1:o294,6,2.3638603687286377,2.3638603687286377,0.0,1
Last,decision,Agriculture:h12:f1:o294,7,2.3638603687286377,2.3638603687286377,0.0,1
Last,decision,Agriculture:h12:f1:o294,8,2.3638603687286377,2.3638603687286377,0.0,1
Last,decision,Agriculture:h12:f1:o294,9,2.3638603687286377,2.3638603687286377,0.0,1
Last,decision,Agriculture:h12:f1:o294,10,2.3638603687286377,2.3638603687286377,0.0,1
Last,decision,Agriculture:h12:f1:o294,11,2.3638603687286377,2.3638603687286377,0.0,1
Last,decision,Agriculture:h12:f1:o294,12,2.3638603687286377,2.3638603687286377,0.0,1
Last,decision,Agriculture:h12:f1:o295,1,2.502692937850952,2.502692937850952,0.0,1
Last,decision,Agriculture:h12:f1:o295,2,2.502692937850952,2.502692937850952,0.0,1
Last,decision,Agriculture:h12:f1:o295,3,2.502692937850952,2.502692937850952,0.0,1
Last,decision,Agriculture:h12:f1:o295,4,2.502692937850952,2.502692937850952,0.0,1
Last,decision,Agriculture:h12:f1:o295,5,2.502692937850952,2.502692937850952,0.0,1
Last,decision,Agriculture:h12:f1:o295,6,2.502692937850952,2.502692937850952,0.0,1
Last,decision,Agriculture:h12:f1:o295,7,2.502692937850952,2.502692937850952,0.0,1
Last,decision,Agriculture:h12:f1:o295,8,2.502692937850952,2.502692937850952,0.0,1
Last,decision,Agriculture:h12:f1:o295,9,2.502692937850952,2.502692937850952,0.0,1
Last,decision,Agriculture:h12:f1:o295,10,2.502692937850952,2.502692937850952,0.0,1
Last,decision,Agriculture:h12:f1:o295,11,2.502692937850952,2.502692937850952,0.0,1
Last,decision,Agriculture:h12:f1:o295,12,2.502692937850952,2.502692937850952,0.0,1
Last,decision,Agriculture:h12:f1:o296,1,2.565959930419922,2.565959930419922,0.0,1
Last,decision,Agriculture:h12:f1:o296,2,2.565959930419922,2.565959930419922,0.0,1
Last,decision,Agriculture:h12:f1:o296,3,2.565959930419922,2.565959930419922,0.0,1
Last,decision,Agriculture:h12:f1:o296,4,2.565959930419922,2.565959930419922,0.0,1
Last,decision,Agriculture:h12:f1:o296,5,2.565959930419922,2.565959930419922,0.0,1
Last,decision,Agriculture:h12:f1:o296,6,2.565959930419922,2.565959930419922,0.0,1
Last,decision,Agriculture:h12:f1:o296,7,2.565959930419922,2.565959930419922,0.0,1
Last,decision,Agriculture:h12:f1:o296,8,2.565959930419922,2.565959930419922,0.0,1
Last,decision,Agriculture:h12:f1:o296,9,2.565959930419922,2.565959930419922,0.0,1
Last,decision,Agriculture:h12:f1:o296,10,2.565959930419922,2.565959930419922,0.0,1
Last,decision,Agriculture:h12:f1:o296,11,2.565959930419922,2.565959930419922,0.0,1
Last,decision,Agriculture:h12:f1:o296,12,2.565959930419922,2.565959930419922,0.0,1
Last,decision,Agriculture:h12:f1:o297,1,2.615429639816284,2.615429639816284,0.0,1
Last,decision,Agriculture:h12:f1:o297,2,2.615429639816284,2.615429639816284,0.0,1
Last,decision,Agriculture:h12:f1:o297,3,2.615429639816284,2.615429639816284,0.0,1
Last,decision,Agriculture:h12:f1:o297,4,2.615429639816284,2.615429639816284,0.0,1
Last,decision,Agriculture:h12:f1:o297,5,2.615429639816284,2.615429639816284,0.0,1
Last,decision,Agriculture:h12:f1:o297,6,2.615429639816284,2.615429639816284,0.0,1
Last,decision,Agriculture:h12:f1:o297,7,2.615429639816284,2.615429639816284,0.0,1
Last,decision,Agriculture:h12:f1:o297,8,2.615429639816284,2.615429639816284,0.0,1
Last,decision,Agriculture:h12:f1:o297,9,2.615429639816284,2.615429639816284,0.0,1
Last,decision,Agriculture:h12:f1:o297,10,2.615429639816284,2.615429639816284,0.0,1
Last,decision,Agriculture:h12:f1:o297,11,2.615429639816284,2.615429639816284,0.0,1
Last,decision,Agriculture:h12:f1:o297,12,2.615429639816284,2.615429639816284,0.0,1
Last,decision,Agriculture:h12:f1:o298,1,2.6476762294769287,2.6476762294769287,0.0,1
Last,decision,Agriculture:h12:f1:o298,2,2.6476762294769287,2.6476762294769287,0.0,1
Last,decision,Agriculture:h12:f1:o298,3,2.6476762294769287,2.6476762294769287,0.0,1
Last,decision,Agriculture:h12:f1:o298,4,2.6476762294769287,2.6476762294769287,0.0,1
Last,decision,Agriculture:h12:f1:o298,5,2.6476762294769287,2.6476762294769287,0.0,1
Last,decision,Agriculture:h12:f1:o298,6,2.6476762294769287,2.6476762294769287,0.0,1
Last,decision,Agriculture:h12:f1:o298,7,2.6476762294769287,2.6476762294769287,0.0,1
Last,decision,Agriculture:h12:f1:o298,8,2.6476762294769287,2.6476762294769287,0.0,1
Last,decision,Agriculture:h12:f1:o298,9,2.6476762294769287,2.6476762294769287,0.0,1
Last,decision,Agriculture:h12:f1:o298,10,2.6476762294769287,2.6476762294769287,0.0,1
Last,decision,Agriculture:h12:f1:o298,11,2.6476762294769287,2.6476762294769287,0.0,1
Last,decision,Agriculture:h12:f1:o298,12,2.6476762294769287,2.6476762294769287,0.0,1
Last,decision,Agriculture:h12:f1:o299,1,2.349827527999878,2.349827527999878,0.0,1
Last,decision,Agriculture:h12:f1:o299,2,2.349827527999878,2.349827527999878,0.0,1
Last,decision,Agriculture:h12:f1:o299,3,2.349827527999878,2.349827527999878,0.0,1
Last,decision,Agriculture:h12:f1:o299,4,2.349827527999878,2.349827527999878,0.0,1
Last,decision,Agriculture:h12:f1:o299,5,2.349827527999878,2.349827527999878,0.0,1
Last,decision,Agriculture:h12:f1:o299,6,2.349827527999878,2.349827527999878,0.0,1
Last,decision,Agriculture:h12:f1:o299,7,2.349827527999878,2.349827527999878,0.0,1
Last,decision,Agriculture:h12:f1:o299,8,2.349827527999878,2.349827527999878,0.0,1
Last,decision,Agriculture:h12:f1:o299,9,2.349827527999878,2.349827527999878,0.0,1
Last,decision,Agriculture:h12:f1:o299,10,2.349827527999878,2.349827527999878,0.0,1
Last,decision,Agriculture:h12:f1:o299,11,2.349827527999878,2.349827527999878,0.0,1
Last,decision,Agriculture:h12:f1:o299,12,2.349827527999878,2.349827527999878,0.0,1
Last,decision,Agriculture:h12:f1:o300,1,2.45684814453125,2.45684814453125,0.0,1
Last,decision,Agriculture:h12:f1:o300,2,2.45684814453125,2.45684814453125,0.0,1
Last,decision,Agriculture:h12:f1:o300,3,2.45684814453125,2.45684814453125,0.0,1
Last,decision,Agriculture:h12:f1:o300,4,2.45684814453125,2.45684814453125,0.0,1
Last,decision,Agriculture:h12:f1:o300,5,2.45684814453125,2.45684814453125,0.0,1
Last,decision,Agriculture:h12:f1:o300,6,2.45684814453125,2.45684814453125,0.0,1
Last,decision,Agriculture:h12:f1:o300,7,2.45684814453125,2.45684814453125,0.0,1
Last,decision,Agriculture:h12:f1:o300,8,2.45684814453125,2.45684814453125,0.0,1
Last,decision,Agriculture:h12:f1:o300,9,2.45684814453125,2.45684814453125,0.0,1
Last,decision,Agriculture:h12:f1:o300,10,2.45684814453125,2.45684814453125,0.0,1
Last,decision,Agriculture:h12:f1:o300,11,2.45684814453125,2.45684814453125,0.0,1
Last,decision,Agriculture:h12:f1:o300,12,2.45684814453125,2.45684814453125,0.0,1
Last,decision,Agriculture:h12:f1:o301,1,2.2737314701080322,2.2737314701080322,0.0,1
Last,decision,Agriculture:h12:f1:o301,2,2.2737314701080322,2.2737314701080322,0.0,1
Last,decision,Agriculture:h12:f1:o301,3,2.2737314701080322,2.2737314701080322,0.0,1
Last,decision,Agriculture:h12:f1:o301,4,2.2737314701080322,2.2737314701080322,0.0,1
Last,decision,Agriculture:h12:f1:o301,5,2.2737314701080322,2.2737314701080322,0.0,1
Last,decision,Agriculture:h12:f1:o301,6,2.2737314701080322,2.2737314701080322,0.0,1
Last,decision,Agriculture:h12:f1:o301,7,2.2737314701080322,2.2737314701080322,0.0,1
Last,decision,Agriculture:h12:f1:o301,8,2.2737314701080322,2.2737314701080322,0.0,1
Last,decision,Agriculture:h12:f1:o301,9,2.2737314701080322,2.2737314701080322,0.0,1
Last,decision,Agriculture:h12:f1:o301,10,2.2737314701080322,2.2737314701080322,0.0,1
Last,decision,Agriculture:h12:f1:o301,11,2.2737314701080322,2.2737314701080322,0.0,1
Last,decision,Agriculture:h12:f1:o301,12,2.2737314701080322,2.2737314701080322,0.0,1
Last,decision,Agriculture:h12:f1:o302,1,2.352306604385376,2.352306604385376,0.0,1
Last,decision,Agriculture:h12:f1:o302,2,2.352306604385376,2.352306604385376,0.0,1
Last,decision,Agriculture:h12:f1:o302,3,2.352306604385376,2.352306604385376,0.0,1
Last,decision,Agriculture:h12:f1:o302,4,2.352306604385376,2.352306604385376,0.0,1
Last,decision,Agriculture:h12:f1:o302,5,2.352306604385376,2.352306604385376,0.0,1
Last,decision,Agriculture:h12:f1:o302,6,2.352306604385376,2.352306604385376,0.0,1
Last,decision,Agriculture:h12:f1:o302,7,2.352306604385376,2.352306604385376,0.0,1
Last,decision,Agriculture:h12:f1:o302,8,2.352306604385376,2.352306604385376,0.0,1
Last,decision,Agriculture:h12:f1:o302,9,2.352306604385376,2.352306604385376,0.0,1
Last,decision,Agriculture:h12:f1:o302,10,2.352306604385376,2.352306604385376,0.0,1
Last,decision,Agriculture:h12:f1:o302,11,2.352306604385376,2.352306604385376,0.0,1
Last,decision,Agriculture:h12:f1:o302,12,2.352306604385376,2.352306604385376,0.0,1
Last,decision,Agriculture:h12:f1:o303,1,2.2823424339294434,2.2823424339294434,0.0,1
Last,decision,Agriculture:h12:f1:o303,2,2.2823424339294434,2.2823424339294434,0.0,1
Last,decision,Agriculture:h12:f1:o303,3,2.2823424339294434,2.2823424339294434,0.0,1
Last,decision,Agriculture:h12:f1:o303,4,2.2823424339294434,2.2823424339294434,0.0,1
Last,decision,Agriculture:h12:f1:o303,5,2.2823424339294434,2.2823424339294434,0.0,1
Last,decision,Agriculture:h12:f1:o303,6,2.2823424339294434,2.2823424339294434,0.0,1
Last,decision,Agriculture:h12:f1:o303,7,2.2823424339294434,2.2823424339294434,0.0,1
Last,decision,Agriculture:h12:f1:o303,8,2.2823424339294434,2.2823424339294434,0.0,1
Last,decision,Agriculture:h12:f1:o303,9,2.2823424339294434,2.2823424339294434,0.0,1
Last,decision,Agriculture:h12:f1:o303,10,2.2823424339294434,2.2823424339294434,0.0,1
Last,decision,Agriculture:h12:f1:o303,11,2.2823424339294434,2.2823424339294434,0.0,1
Last,decision,Agriculture:h12:f1:o303,12,2.2823424339294434,2.2823424339294434,0.0,1
Last,decision,Agriculture:h12:f1:o304,1,2.3323936462402344,2.3323936462402344,0.0,1
Last,decision,Agriculture:h12:f1:o304,2,2.3323936462402344,2.3323936462402344,0.0,1
Last,decision,Agriculture:h12:f1:o304,3,2.3323936462402344,2.3323936462402344,0.0,1
Last,decision,Agriculture:h12:f1:o304,4,2.3323936462402344,2.3323936462402344,0.0,1
Last,decision,Agriculture:h12:f1:o304,5,2.3323936462402344,2.3323936462402344,0.0,1
Last,decision,Agriculture:h12:f1:o304,6,2.3323936462402344,2.3323936462402344,0.0,1
Last,decision,Agriculture:h12:f1:o304,7,2.3323936462402344,2.3323936462402344,0.0,1
Last,decision,Agriculture:h12:f1:o304,8,2.3323936462402344,2.3323936462402344,0.0,1
Last,decision,Agriculture:h12:f1:o304,9,2.3323936462402344,2.3323936462402344,0.0,1
Last,decision,Agriculture:h12:f1:o304,10,2.3323936462402344,2.3323936462402344,0.0,1
Last,decision,Agriculture:h12:f1:o304,11,2.3323936462402344,2.3323936462402344,0.0,1
Last,decision,Agriculture:h12:f1:o304,12,2.3323936462402344,2.3323936462402344,0.0,1
Last,decision,Agriculture:h12:f1:o305,1,2.2914915084838867,2.2914915084838867,0.0,1
Last,decision,Agriculture:h12:f1:o305,2,2.2914915084838867,2.2914915084838867,0.0,1
Last,decision,Agriculture:h12:f1:o305,3,2.2914915084838867,2.2914915084838867,0.0,1
Last,decision,Agriculture:h12:f1:o305,4,2.2914915084838867,2.2914915084838867,0.0,1
Last,decision,Agriculture:h12:f1:o305,5,2.2914915084838867,2.2914915084838867,0.0,1
Last,decision,Agriculture:h12:f1:o305,6,2.2914915084838867,2.2914915084838867,0.0,1
Last,decision,Agriculture:h12:f1:o305,7,2.2914915084838867,2.2914915084838867,0.0,1
Last,decision,Agriculture:h12:f1:o305,8,2.2914915084838867,2.2914915084838867,0.0,1
Last,decision,Agriculture:h12:f1:o305,9,2.2914915084838867,2.2914915084838867,0.0,1
Last,decision,Agriculture:h12:f1:o305,10,2.2914915084838867,2.2914915084838867,0.0,1
Last,decision,Agriculture:h12:f1:o305,11,2.2914915084838867,2.2914915084838867,0.0,1
Last,decision,Agriculture:h12:f1:o305,12,2.2914915084838867,2.2914915084838867,0.0,1
Last,decision,Agriculture:h12:f1:o306,1,2.4039723873138428,2.4039723873138428,0.0,1
Last,decision,Agriculture:h12:f1:o306,2,2.4039723873138428,2.4039723873138428,0.0,1
Last,decision,Agriculture:h12:f1:o306,3,2.4039723873138428,2.4039723873138428,0.0,1
Last,decision,Agriculture:h12:f1:o306,4,2.4039723873138428,2.4039723873138428,0.0,1
Last,decision,Agriculture:h12:f1:o306,5,2.4039723873138428,2.4039723873138428,0.0,1
Last,decision,Agriculture:h12:f1:o306,6,2.4039723873138428,2.4039723873138428,0.0,1
Last,decision,Agriculture:h12:f1:o306,7,2.4039723873138428,2.4039723873138428,0.0,1
Last,decision,Agriculture:h12:f1:o306,8,2.4039723873138428,2.4039723873138428,0.0,1
Last,decision,Agriculture:h12:f1:o306,9,2.4039723873138428,2.4039723873138428,0.0,1
Last,decision,Agriculture:h12:f1:o306,10,2.4039723873138428,2.4039723873138428,0.0,1
Last,decision,Agriculture:h12:f1:o306,11,2.4039723873138428,2.4039723873138428,0.0,1
Last,decision,Agriculture:h12:f1:o306,12,2.4039723873138428,2.4039723873138428,0.0,1
Last,decision,Agriculture:h12:f1:o307,1,2.333470106124878,2.333470106124878,0.0,1
Last,decision,Agriculture:h12:f1:o307,2,2.333470106124878,2.333470106124878,0.0,1
Last,decision,Agriculture:h12:f1:o307,3,2.333470106124878,2.333470106124878,0.0,1
Last,decision,Agriculture:h12:f1:o307,4,2.333470106124878,2.333470106124878,0.0,1
Last,decision,Agriculture:h12:f1:o307,5,2.333470106124878,2.333470106124878,0.0,1
Last,decision,Agriculture:h12:f1:o307,6,2.333470106124878,2.333470106124878,0.0,1
Last,decision,Agriculture:h12:f1:o307,7,2.333470106124878,2.333470106124878,0.0,1
Last,decision,Agriculture:h12:f1:o307,8,2.333470106124878,2.333470106124878,0.0,1
Last,decision,Agriculture:h12:f1:o307,9,2.333470106124878,2.333470106124878,0.0,1
Last,decision,Agriculture:h12:f1:o307,10,2.333470106124878,2.333470106124878,0.0,1
Last,decision,Agriculture:h12:f1:o307,11,2.333470106124878,2.333470106124878,0.0,1
Last,decision,Agriculture:h12:f1:o307,12,2.333470106124878,2.333470106124878,0.0,1
Last,decision,Agriculture:h12:f1:o308,1,2.4034342765808105,2.4034342765808105,0.0,1
Last,decision,Agriculture:h12:f1:o308,2,2.4034342765808105,2.4034342765808105,0.0,1
Last,decision,Agriculture:h12:f1:o308,3,2.4034342765808105,2.4034342765808105,0.0,1
Last,decision,Agriculture:h12:f1:o308,4,2.4034342765808105,2.4034342765808105,0.0,1
Last,decision,Agriculture:h12:f1:o308,5,2.4034342765808105,2.4034342765808105,0.0,1
Last,decision,Agriculture:h12:f1:o308,6,2.4034342765808105,2.4034342765808105,0.0,1
Last,decision,Agriculture:h12:f1:o308,7,2.4034342765808105,2.4034342765808105,0.0,1
Last,decision,Agriculture:h12:f1:o308,8,2.4034342765808105,2.4034342765808105,0.0,1
Last,decision,Agriculture:h12:f1:o308,9,2.4034342765808105,2.4034342765808105,0.0,1
Last,decision,Agriculture:h12:f1:o308,10,2.4034342765808105,2.4034342765808105,0.0,1
Last,decision,Agriculture:h12:f1:o308,11,2.4034342765808105,2.4034342765808105,0.0,1
Last,decision,Agriculture:h12:f1:o308,12,2.4034342765808105,2.4034342765808105,0.0,1
Last,decision,Agriculture:h12:f1:o309,1,2.5745773315429688,2.5745773315429688,0.0,1
Last,decision,Agriculture:h12:f1:o309,2,2.5745773315429688,2.5745773315429688,0.0,1
Last,decision,Agriculture:h12:f1:o309,3,2.5745773315429688,2.5745773315429688,0.0,1
Last,decision,Agriculture:h12:f1:o309,4,2.5745773315429688,2.5745773315429688,0.0,1
Last,decision,Agriculture:h12:f1:o309,5,2.5745773315429688,2.5745773315429688,0.0,1
Last,decision,Agriculture:h12:f1:o309,6,2.5745773315429688,2.5745773315429688,0.0,1
Last,decision,Agriculture:h12:f1:o309,7,2.5745773315429688,2.5745773315429688,0.0,1
Last,decision,Agriculture:h12:f1:o309,8,2.5745773315429688,2.5745773315429688,0.0,1
Last,decision,Agriculture:h12:f1:o309,9,2.5745773315429688,2.5745773315429688,0.0,1
Last,decision,Agriculture:h12:f1:o309,10,2.5745773315429688,2.5745773315429688,0.0,1
Last,decision,Agriculture:h12:f1:o309,11,2.5745773315429688,2.5745773315429688,0.0,1
Last,decision,Agriculture:h12:f1:o309,12,2.5745773315429688,2.5745773315429688,0.0,1
Last,decision,Agriculture:h12:f1:o310,1,2.4658637046813965,2.4658637046813965,0.0,1
Last,decision,Agriculture:h12:f1:o310,2,2.4658637046813965,2.4658637046813965,0.0,1
Last,decision,Agriculture:h12:f1:o310,3,2.4658637046813965,2.4658637046813965,0.0,1
Last,decision,Agriculture:h12:f1:o310,4,2.4658637046813965,2.4658637046813965,0.0,1
Last,decision,Agriculture:h12:f1:o310,5,2.4658637046813965,2.4658637046813965,0.0,1
Last,decision,Agriculture:h12:f1:o310,6,2.4658637046813965,2.4658637046813965,0.0,1
Last,decision,Agriculture:h12:f1:o310,7,2.4658637046813965,2.4658637046813965,0.0,1
Last,decision,Agriculture:h12:f1:o310,8,2.4658637046813965,2.4658637046813965,0.0,1
Last,decision,Agriculture:h12:f1:o310,9,2.4658637046813965,2.4658637046813965,0.0,1
Last,decision,Agriculture:h12:f1:o310,10,2.4658637046813965,2.4658637046813965,0.0,1
Last,decision,Agriculture:h12:f1:o310,11,2.4658637046813965,2.4658637046813965,0.0,1
Last,decision,Agriculture:h12:f1:o310,12,2.4658637046813965,2.4658637046813965,0.0,1
Last,decision,Agriculture:h12:f1:o311,1,2.6117119789123535,2.6117119789123535,0.0,1
Last,decision,Agriculture:h12:f1:o311,2,2.6117119789123535,2.6117119789123535,0.0,1
Last,decision,Agriculture:h12:f1:o311,3,2.6117119789123535,2.6117119789123535,0.0,1
Last,decision,Agriculture:h12:f1:o311,4,2.6117119789123535,2.6117119789123535,0.0,1
Last,decision,Agriculture:h12:f1:o311,5,2.6117119789123535,2.6117119789123535,0.0,1
Last,decision,Agriculture:h12:f1:o311,6,2.6117119789123535,2.6117119789123535,0.0,1
Last,decision,Agriculture:h12:f1:o311,7,2.6117119789123535,2.6117119789123535,0.0,1
Last,decision,Agriculture:h12:f1:o311,8,2.6117119789123535,2.6117119789123535,0.0,1
Last,decision,Agriculture:h12:f1:o311,9,2.6117119789123535,2.6117119789123535,0.0,1
Last,decision,Agriculture:h12:f1:o311,10,2.6117119789123535,2.6117119789123535,0.0,1
Last,decision,Agriculture:h12:f1:o311,11,2.6117119789123535,2.6117119789123535,0.0,1
Last,decision,Agriculture:h12:f1:o311,12,2.6117119789123535,2.6117119789123535,0.0,1
Last,decision,Agriculture:h12:f1:o312,1,2.3410046100616455,2.3410046100616455,0.0,1
Last,decision,Agriculture:h12:f1:o312,2,2.3410046100616455,2.3410046100616455,0.0,1
Last,decision,Agriculture:h12:f1:o312,3,2.3410046100616455,2.3410046100616455,0.0,1
Last,decision,Agriculture:h12:f1:o312,4,2.3410046100616455,2.3410046100616455,0.0,1
Last,decision,Agriculture:h12:f1:o312,5,2.3410046100616455,2.3410046100616455,0.0,1
Last,decision,Agriculture:h12:f1:o312,6,2.3410046100616455,2.3410046100616455,0.0,1
Last,decision,Agriculture:h12:f1:o312,7,2.3410046100616455,2.3410046100616455,0.0,1
Last,decision,Agriculture:h12:f1:o312,8,2.3410046100616455,2.3410046100616455,0.0,1
Last,decision,Agriculture:h12:f1:o312,9,2.3410046100616455,2.3410046100616455,0.0,1
Last,decision,Agriculture:h12:f1:o312,10,2.3410046100616455,2.3410046100616455,0.0,1
Last,decision,Agriculture:h12:f1:o312,11,2.3410046100616455,2.3410046100616455,0.0,1
Last,decision,Agriculture:h12:f1:o312,12,2.3410046100616455,2.3410046100616455,0.0,1
Last,decision,Agriculture:h12:f1:o313,1,2.1442465782165527,2.1442465782165527,0.0,1
Last,decision,Agriculture:h12:f1:o313,2,2.1442465782165527,2.1442465782165527,0.0,1
Last,decision,Agriculture:h12:f1:o313,3,2.1442465782165527,2.1442465782165527,0.0,1
Last,decision,Agriculture:h12:f1:o313,4,2.1442465782165527,2.1442465782165527,0.0,1
Last,decision,Agriculture:h12:f1:o313,5,2.1442465782165527,2.1442465782165527,0.0,1
Last,decision,Agriculture:h12:f1:o313,6,2.1442465782165527,2.1442465782165527,0.0,1
Last,decision,Agriculture:h12:f1:o313,7,2.1442465782165527,2.1442465782165527,0.0,1
Last,decision,Agriculture:h12:f1:o313,8,2.1442465782165527,2.1442465782165527,0.0,1
Last,decision,Agriculture:h12:f1:o313,9,2.1442465782165527,2.1442465782165527,0.0,1
Last,decision,Agriculture:h12:f1:o313,10,2.1442465782165527,2.1442465782165527,0.0,1
Last,decision,Agriculture:h12:f1:o313,11,2.1442465782165527,2.1442465782165527,0.0,1
Last,decision,Agriculture:h12:f1:o313,12,2.1442465782165527,2.1442465782165527,0.0,1
Last,decision,Agriculture:h12:f1:o314,1,1.3167701959609985,1.3167701959609985,0.0,1
Last,decision,Agriculture:h12:f1:o314,2,1.3167701959609985,1.3167701959609985,0.0,1
Last,decision,Agriculture:h12:f1:o314,3,1.3167701959609985,1.3167701959609985,0.0,1
Last,decision,Agriculture:h12:f1:o314,4,1.3167701959609985,1.3167701959609985,0.0,1
Last,decision,Agriculture:h12:f1:o314,5,1.3167701959609985,1.3167701959609985,0.0,1
Last,decision,Agriculture:h12:f1:o314,6,1.3167701959609985,1.3167701959609985,0.0,1
Last,decision,Agriculture:h12:f1:o314,7,1.3167701959609985,1.3167701959609985,0.0,1
Last,decision,Agriculture:h12:f1:o314,8,1.3167701959609985,1.3167701959609985,0.0,1
Last,decision,Agriculture:h12:f1:o314,9,1.3167701959609985,1.3167701959609985,0.0,1
Last,decision,Agriculture:h12:f1:o314,10,1.3167701959609985,1.3167701959609985,0.0,1
Last,decision,Agriculture:h12:f1:o314,11,1.3167701959609985,1.3167701959609985,0.0,1
Last,decision,Agriculture:h12:f1:o314,12,1.3167701959609985,1.3167701959609985,0.0,1
Last,decision,Agriculture:h12:f1:o315,1,1.8184170722961426,1.8184170722961426,0.0,1
Last,decision,Agriculture:h12:f1:o315,2,1.8184170722961426,1.8184170722961426,0.0,1
Last,decision,Agriculture:h12:f1:o315,3,1.8184170722961426,1.8184170722961426,0.0,1
Last,decision,Agriculture:h12:f1:o315,4,1.8184170722961426,1.8184170722961426,0.0,1
Last,decision,Agriculture:h12:f1:o315,5,1.8184170722961426,1.8184170722961426,0.0,1
Last,decision,Agriculture:h12:f1:o315,6,1.8184170722961426,1.8184170722961426,0.0,1
Last,decision,Agriculture:h12:f1:o315,7,1.8184170722961426,1.8184170722961426,0.0,1
Last,decision,Agriculture:h12:f1:o315,8,1.8184170722961426,1.8184170722961426,0.0,1
Last,decision,Agriculture:h12:f1:o315,9,1.8184170722961426,1.8184170722961426,0.0,1
Last,decision,Agriculture:h12:f1:o315,10,1.8184170722961426,1.8184170722961426,0.0,1
Last,decision,Agriculture:h12:f1:o315,11,1.8184170722961426,1.8184170722961426,0.0,1
Last,decision,Agriculture:h12:f1:o315,12,1.8184170722961426,1.8184170722961426,0.0,1
Last,decision,Agriculture:h12:f1:o316,1,1.8697659969329834,1.8697659969329834,0.0,1
Last,decision,Agriculture:h12:f1:o316,2,1.8697659969329834,1.8697659969329834,0.0,1
Last,decision,Agriculture:h12:f1:o316,3,1.8697659969329834,1.8697659969329834,0.0,1
Last,decision,Agriculture:h12:f1:o316,4,1.8697659969329834,1.8697659969329834,0.0,1
Last,decision,Agriculture:h12:f1:o316,5,1.8697659969329834,1.8697659969329834,0.0,1
Last,decision,Agriculture:h12:f1:o316,6,1.8697659969329834,1.8697659969329834,0.0,1
Last,decision,Agriculture:h12:f1:o316,7,1.8697659969329834,1.8697659969329834,0.0,1
Last,decision,Agriculture:h12:f1:o316,8,1.8697659969329834,1.8697659969329834,0.0,1
Last,decision,Agriculture:h12:f1:o316,9,1.8697659969329834,1.8697659969329834,0.0,1
Last,decision,Agriculture:h12:f1:o316,10,1.8697659969329834,1.8697659969329834,0.0,1
Last,decision,Agriculture:h12:f1:o316,11,1.8697659969329834,1.8697659969329834,0.0,1
Last,decision,Agriculture:h12:f1:o316,12,1.8697659969329834,1.8697659969329834,0.0,1
Last,decision,Agriculture:h12:f1:o317,1,1.1753323078155518,1.1753323078155518,0.0,1
Last,decision,Agriculture:h12:f1:o317,2,1.1753323078155518,1.1753323078155518,0.0,1
Last,decision,Agriculture:h12:f1:o317,3,1.1753323078155518,1.1753323078155518,0.0,1
Last,decision,Agriculture:h12:f1:o317,4,1.1753323078155518,1.1753323078155518,0.0,1
Last,decision,Agriculture:h12:f1:o317,5,1.1753323078155518,1.1753323078155518,0.0,1
Last,decision,Agriculture:h12:f1:o317,6,1.1753323078155518,1.1753323078155518,0.0,1
Last,decision,Agriculture:h12:f1:o317,7,1.1753323078155518,1.1753323078155518,0.0,1
Last,decision,Agriculture:h12:f1:o317,8,1.1753323078155518,1.1753323078155518,0.0,1
Last,decision,Agriculture:h12:f1:o317,9,1.1753323078155518,1.1753323078155518,0.0,1
Last,decision,Agriculture:h12:f1:o317,10,1.1753323078155518,1.1753323078155518,0.0,1
Last,decision,Agriculture:h12:f1:o317,11,1.1753323078155518,1.1753323078155518,0.0,1
Last,decision,Agriculture:h12:f1:o317,12,1.1753323078155518,1.1753323078155518,0.0,1
Last,decision,Agriculture:h12:f1:o318,1,1.0711965560913086,1.0711965560913086,0.0,1
Last,decision,Agriculture:h12:f1:o318,2,1.0711965560913086,1.0711965560913086,0.0,1
Last,decision,Agriculture:h12:f1:o318,3,1.0711965560913086,1.0711965560913086,0.0,1
Last,decision,Agriculture:h12:f1:o318,4,1.0711965560913086,1.0711965560913086,0.0,1
Last,decision,Agriculture:h12:f1:o318,5,1.0711965560913086,1.0711965560913086,0.0,1
Last,decision,Agriculture:h12:f1:o318,6,1.0711965560913086,1.0711965560913086,0.0,1
Last,decision,Agriculture:h12:f1:o318,7,1.0711965560913086,1.0711965560913086,0.0,1
Last,decision,Agriculture:h12:f1:o318,8,1.0711965560913086,1.0711965560913086,0.0,1
Last,decision,Agriculture:h12:f1:o318,9,1.0711965560913086,1.0711965560913086,0.0,1
Last,decision,Agriculture:h12:f1:o318,10,1.0711965560913086,1.0711965560913086,0.0,1
Last,decision,Agriculture:h12:f1:o318,11,1.0711965560913086,1.0711965560913086,0.0,1
Last,decision,Agriculture:h12:f1:o318,12,1.0711965560913086,1.0711965560913086,0.0,1
Last,decision,Agriculture:h12:f1:o319,1,1.275147557258606,1.275147557258606,0.0,1
Last,decision,Agriculture:h12:f1:o319,2,1.275147557258606,1.275147557258606,0.0,1
Last,decision,Agriculture:h12:f1:o319,3,1.275147557258606,1.275147557258606,0.0,1
Last,decision,Agriculture:h12:f1:o319,4,1.275147557258606,1.275147557258606,0.0,1
Last,decision,Agriculture:h12:f1:o319,5,1.275147557258606,1.275147557258606,0.0,1
Last,decision,Agriculture:h12:f1:o319,6,1.275147557258606,1.275147557258606,0.0,1
Last,decision,Agriculture:h12:f1:o319,7,1.275147557258606,1.275147557258606,0.0,1
Last,decision,Agriculture:h12:f1:o319,8,1.275147557258606,1.275147557258606,0.0,1
Last,decision,Agriculture:h12:f1:o319,9,1.275147557258606,1.275147557258606,0.0,1
Last,decision,Agriculture:h12:f1:o319,10,1.275147557258606,1.275147557258606,0.0,1
Last,decision,Agriculture:h12:f1:o319,11,1.275147557258606,1.275147557258606,0.0,1
Last,decision,Agriculture:h12:f1:o319,12,1.275147557258606,1.275147557258606,0.0,1
Last,decision,Agriculture:h12:f1:o320,1,1.4512770175933838,1.4512770175933838,0.0,1
Last,decision,Agriculture:h12:f1:o320,2,1.4512770175933838,1.4512770175933838,0.0,1
Last,decision,Agriculture:h12:f1:o320,3,1.4512770175933838,1.4512770175933838,0.0,1
Last,decision,Agriculture:h12:f1:o320,4,1.4512770175933838,1.4512770175933838,0.0,1
Last,decision,Agriculture:h12:f1:o320,5,1.4512770175933838,1.4512770175933838,0.0,1
Last,decision,Agriculture:h12:f1:o320,6,1.4512770175933838,1.4512770175933838,0.0,1
Last,decision,Agriculture:h12:f1:o320,7,1.4512770175933838,1.4512770175933838,0.0,1
Last,decision,Agriculture:h12:f1:o320,8,1.4512770175933838,1.4512770175933838,0.0,1
Last,decision,Agriculture:h12:f1:o320,9,1.4512770175933838,1.4512770175933838,0.0,1
Last,decision,Agriculture:h12:f1:o320,10,1.4512770175933838,1.4512770175933838,0.0,1
Last,decision,Agriculture:h12:f1:o320,11,1.4512770175933838,1.4512770175933838,0.0,1
Last,decision,Agriculture:h12:f1:o320,12,1.4512770175933838,1.4512770175933838,0.0,1
Last,decision,Agriculture:h12:f1:o321,1,1.3081156015396118,1.3081156015396118,0.0,1
Last,decision,Agriculture:h12:f1:o321,2,1.3081156015396118,1.3081156015396118,0.0,1
Last,decision,Agriculture:h12:f1:o321,3,1.3081156015396118,1.3081156015396118,0.0,1
Last,decision,Agriculture:h12:f1:o321,4,1.3081156015396118,1.3081156015396118,0.0,1
Last,decision,Agriculture:h12:f1:o321,5,1.3081156015396118,1.3081156015396118,0.0,1
Last,decision,Agriculture:h12:f1:o321,6,1.3081156015396118,1.3081156015396118,0.0,1
Last,decision,Agriculture:h12:f1:o321,7,1.3081156015396118,1.3081156015396118,0.0,1
Last,decision,Agriculture:h12:f1:o321,8,1.3081156015396118,1.3081156015396118,0.0,1
Last,decision,Agriculture:h12:f1:o321,9,1.3081156015396118,1.3081156015396118,0.0,1
Last,decision,Agriculture:h12:f1:o321,10,1.3081156015396118,1.3081156015396118,0.0,1
Last,decision,Agriculture:h12:f1:o321,11,1.3081156015396118,1.3081156015396118,0.0,1
Last,decision,Agriculture:h12:f1:o321,12,1.3081156015396118,1.3081156015396118,0.0,1
Last,decision,Agriculture:h12:f1:o322,1,1.3471544981002808,1.3471544981002808,0.0,1
Last,decision,Agriculture:h12:f1:o322,2,1.3471544981002808,1.3471544981002808,0.0,1
Last,decision,Agriculture:h12:f1:o322,3,1.3471544981002808,1.3471544981002808,0.0,1
Last,decision,Agriculture:h12:f1:o322,4,1.3471544981002808,1.3471544981002808,0.0,1
Last,decision,Agriculture:h12:f1:o322,5,1.3471544981002808,1.3471544981002808,0.0,1
Last,decision,Agriculture:h12:f1:o322,6,1.3471544981002808,1.3471544981002808,0.0,1
Last,decision,Agriculture:h12:f1:o322,7,1.3471544981002808,1.3471544981002808,0.0,1
Last,decision,Agriculture:h12:f1:o322,8,1.3471544981002808,1.3471544981002808,0.0,1
Last,decision,Agriculture:h12:f1:o322,9,1.3471544981002808,1.3471544981002808,0.0,1
Last,decision,Agriculture:h12:f1:o322,10,1.3471544981002808,1.3471544981002808,0.0,1
Last,decision,Agriculture:h12:f1:o322,11,1.3471544981002808,1.3471544981002808,0.0,1
Last,decision,Agriculture:h12:f1:o322,12,1.3471544981002808,1.3471544981002808,0.0,1
Last,decision,Agriculture:h12:f1:o323,1,1.4652268886566162,1.4652268886566162,0.0,1
Last,decision,Agriculture:h12:f1:o323,2,1.4652268886566162,1.4652268886566162,0.0,1
Last,decision,Agriculture:h12:f1:o323,3,1.4652268886566162,1.4652268886566162,0.0,1
Last,decision,Agriculture:h12:f1:o323,4,1.4652268886566162,1.4652268886566162,0.0,1
Last,decision,Agriculture:h12:f1:o323,5,1.4652268886566162,1.4652268886566162,0.0,1
Last,decision,Agriculture:h12:f1:o323,6,1.4652268886566162,1.4652268886566162,0.0,1
Last,decision,Agriculture:h12:f1:o323,7,1.4652268886566162,1.4652268886566162,0.0,1
Last,decision,Agriculture:h12:f1:o323,8,1.4652268886566162,1.4652268886566162,0.0,1
Last,decision,Agriculture:h12:f1:o323,9,1.4652268886566162,1.4652268886566162,0.0,1
Last,decision,Agriculture:h12:f1:o323,10,1.4652268886566162,1.4652268886566162,0.0,1
Last,decision,Agriculture:h12:f1:o323,11,1.4652268886566162,1.4652268886566162,0.0,1
Last,decision,Agriculture:h12:f1:o323,12,1.4652268886566162,1.4652268886566162,0.0,1
Last,decision,Agriculture:h12:f1:o324,1,1.4424412250518799,1.4424412250518799,0.0,1
Last,decision,Agriculture:h12:f1:o324,2,1.4424412250518799,1.4424412250518799,0.0,1
Last,decision,Agriculture:h12:f1:o324,3,1.4424412250518799,1.4424412250518799,0.0,1
Last,decision,Agriculture:h12:f1:o324,4,1.4424412250518799,1.4424412250518799,0.0,1
Last,decision,Agriculture:h12:f1:o324,5,1.4424412250518799,1.4424412250518799,0.0,1
Last,decision,Agriculture:h12:f1:o324,6,1.4424412250518799,1.4424412250518799,0.0,1
Last,decision,Agriculture:h12:f1:o324,7,1.4424412250518799,1.4424412250518799,0.0,1
Last,decision,Agriculture:h12:f1:o324,8,1.4424412250518799,1.4424412250518799,0.0,1
Last,decision,Agriculture:h12:f1:o324,9,1.4424412250518799,1.4424412250518799,0.0,1
Last,decision,Agriculture:h12:f1:o324,10,1.4424412250518799,1.4424412250518799,0.0,1
Last,decision,Agriculture:h12:f1:o324,11,1.4424412250518799,1.4424412250518799,0.0,1
Last,decision,Agriculture:h12:f1:o324,12,1.4424412250518799,1.4424412250518799,0.0,1
Last,decision,Agriculture:h12:f1:o325,1,1.3172426223754883,1.3172426223754883,0.0,1
Last,decision,Agriculture:h12:f1:o325,2,1.3172426223754883,1.3172426223754883,0.0,1
Last,decision,Agriculture:h12:f1:o325,3,1.3172426223754883,1.3172426223754883,0.0,1
Last,decision,Agriculture:h12:f1:o325,4,1.3172426223754883,1.3172426223754883,0.0,1
Last,decision,Agriculture:h12:f1:o325,5,1.3172426223754883,1.3172426223754883,0.0,1
Last,decision,Agriculture:h12:f1:o325,6,1.3172426223754883,1.3172426223754883,0.0,1
Last,decision,Agriculture:h12:f1:o325,7,1.3172426223754883,1.3172426223754883,0.0,1
Last,decision,Agriculture:h12:f1:o325,8,1.3172426223754883,1.3172426223754883,0.0,1
Last,decision,Agriculture:h12:f1:o325,9,1.3172426223754883,1.3172426223754883,0.0,1
Last,decision,Agriculture:h12:f1:o325,10,1.3172426223754883,1.3172426223754883,0.0,1
Last,decision,Agriculture:h12:f1:o325,11,1.3172426223754883,1.3172426223754883,0.0,1
Last,decision,Agriculture:h12:f1:o325,12,1.3172426223754883,1.3172426223754883,0.0,1
Last,decision,Agriculture:h12:f1:o326,1,1.7079007625579834,1.7079007625579834,0.0,1
Last,decision,Agriculture:h12:f1:o326,2,1.7079007625579834,1.7079007625579834,0.0,1
Last,decision,Agriculture:h12:f1:o326,3,1.7079007625579834,1.7079007625579834,0.0,1
Last,decision,Agriculture:h12:f1:o326,4,1.7079007625579834,1.7079007625579834,0.0,1
Last,decision,Agriculture:h12:f1:o326,5,1.7079007625579834,1.7079007625579834,0.0,1
Last,decision,Agriculture:h12:f1:o326,6,1.7079007625579834,1.7079007625579834,0.0,1
Last,decision,Agriculture:h12:f1:o326,7,1.7079007625579834,1.7079007625579834,0.0,1
Last,decision,Agriculture:h12:f1:o326,8,1.7079007625579834,1.7079007625579834,0.0,1
Last,decision,Agriculture:h12:f1:o326,9,1.7079007625579834,1.7079007625579834,0.0,1
Last,decision,Agriculture:h12:f1:o326,10,1.7079007625579834,1.7079007625579834,0.0,1
Last,decision,Agriculture:h12:f1:o326,11,1.7079007625579834,1.7079007625579834,0.0,1
Last,decision,Agriculture:h12:f1:o326,12,1.7079007625579834,1.7079007625579834,0.0,1
Last,decision,Agriculture:h12:f1:o327,1,1.7468714714050293,1.7468714714050293,0.0,1
Last,decision,Agriculture:h12:f1:o327,2,1.7468714714050293,1.7468714714050293,0.0,1
Last,decision,Agriculture:h12:f1:o327,3,1.7468714714050293,1.7468714714050293,0.0,1
Last,decision,Agriculture:h12:f1:o327,4,1.7468714714050293,1.7468714714050293,0.0,1
Last,decision,Agriculture:h12:f1:o327,5,1.7468714714050293,1.7468714714050293,0.0,1
Last,decision,Agriculture:h12:f1:o327,6,1.7468714714050293,1.7468714714050293,0.0,1
Last,decision,Agriculture:h12:f1:o327,7,1.7468714714050293,1.7468714714050293,0.0,1
Last,decision,Agriculture:h12:f1:o327,8,1.7468714714050293,1.7468714714050293,0.0,1
Last,decision,Agriculture:h12:f1:o327,9,1.7468714714050293,1.7468714714050293,0.0,1
Last,decision,Agriculture:h12:f1:o327,10,1.7468714714050293,1.7468714714050293,0.0,1
Last,decision,Agriculture:h12:f1:o327,11,1.7468714714050293,1.7468714714050293,0.0,1
Last,decision,Agriculture:h12:f1:o327,12,1.7468714714050293,1.7468714714050293,0.0,1
Last,decision,Agriculture:h12:f1:o328,1,1.9081480503082275,1.9081480503082275,0.0,1
Last,decision,Agriculture:h12:f1:o328,2,1.9081480503082275,1.9081480503082275,0.0,1
Last,decision,Agriculture:h12:f1:o328,3,1.9081480503082275,1.9081480503082275,0.0,1
Last,decision,Agriculture:h12:f1:o328,4,1.9081480503082275,1.9081480503082275,0.0,1
Last,decision,Agriculture:h12:f1:o328,5,1.9081480503082275,1.9081480503082275,0.0,1
Last,decision,Agriculture:h12:f1:o328,6,1.9081480503082275,1.9081480503082275,0.0,1
Last,decision,Agriculture:h12:f1:o328,7,1.9081480503082275,1.9081480503082275,0.0,1
Last,decision,Agriculture:h12:f1:o328,8,1.9081480503082275,1.9081480503082275,0.0,1
Last,decision,Agriculture:h12:f1:o328,9,1.9081480503082275,1.9081480503082275,0.0,1
Last,decision,Agriculture:h12:f1:o328,10,1.9081480503082275,1.9081480503082275,0.0,1
Last,decision,Agriculture:h12:f1:o328,11,1.9081480503082275,1.9081480503082275,0.0,1
Last,decision,Agriculture:h12:f1:o328,12,1.9081480503082275,1.9081480503082275,0.0,1
Last,decision,Agriculture:h12:f1:o329,1,1.9376132488250732,1.9376132488250732,0.0,1
Last,decision,Agriculture:h12:f1:o329,2,1.9376132488250732,1.9376132488250732,0.0,1
Last,decision,Agriculture:h12:f1:o329,3,1.9376132488250732,1.9376132488250732,0.0,1
Last,decision,Agriculture:h12:f1:o329,4,1.9376132488250732,1.9376132488250732,0.0,1
Last,decision,Agriculture:h12:f1:o329,5,1.9376132488250732,1.9376132488250732,0.0,1
Last,decision,Agriculture:h12:f1:o329,6,1.9376132488250732,1.9376132488250732,0.0,1
Last,decision,Agriculture:h12:f1:o329,7,1.9376132488250732,1.9376132488250732,0.0,1
Last,decision,Agriculture:h12:f1:o329,8,1.9376132488250732,1.9376132488250732,0.0,1
Last,decision,Agriculture:h12:f1:o329,9,1.9376132488250732,1.9376132488250732,0.0,1
Last,decision,Agriculture:h12:f1:o329,10,1.9376132488250732,1.9376132488250732,0.0,1
Last,decision,Agriculture:h12:f1:o329,11,1.9376132488250732,1.9376132488250732,0.0,1
Last,decision,Agriculture:h12:f1:o329,12,1.9376132488250732,1.9376132488250732,0.0,1
Last,decision,Agriculture:h12:f1:o330,1,1.9150800704956055,1.9150800704956055,0.0,1
Last,decision,Agriculture:h12:f1:o330,2,1.9150800704956055,1.9150800704956055,0.0,1
Last,decision,Agriculture:h12:f1:o330,3,1.9150800704956055,1.9150800704956055,0.0,1
Last,decision,Agriculture:h12:f1:o330,4,1.9150800704956055,1.9150800704956055,0.0,1
Last,decision,Agriculture:h12:f1:o330,5,1.9150800704956055,1.9150800704956055,0.0,1
Last,decision,Agriculture:h12:f1:o330,6,1.9150800704956055,1.9150800704956055,0.0,1
Last,decision,Agriculture:h12:f1:o330,7,1.9150800704956055,1.9150800704956055,0.0,1
Last,decision,Agriculture:h12:f1:o330,8,1.9150800704956055,1.9150800704956055,0.0,1
Last,decision,Agriculture:h12:f1:o330,9,1.9150800704956055,1.9150800704956055,0.0,1
Last,decision,Agriculture:h12:f1:o330,10,1.9150800704956055,1.9150800704956055,0.0,1
Last,decision,Agriculture:h12:f1:o330,11,1.9150800704956055,1.9150800704956055,0.0,1
Last,decision,Agriculture:h12:f1:o330,12,1.9150800704956055,1.9150800704956055,0.0,1
Last,decision,Agriculture:h12:f1:o331,1,2.1773617267608643,2.1773617267608643,0.0,1
Last,decision,Agriculture:h12:f1:o331,2,2.1773617267608643,2.1773617267608643,0.0,1
Last,decision,Agriculture:h12:f1:o331,3,2.1773617267608643,2.1773617267608643,0.0,1
Last,decision,Agriculture:h12:f1:o331,4,2.1773617267608643,2.1773617267608643,0.0,1
Last,decision,Agriculture:h12:f1:o331,5,2.1773617267608643,2.1773617267608643,0.0,1
Last,decision,Agriculture:h12:f1:o331,6,2.1773617267608643,2.1773617267608643,0.0,1
Last,decision,Agriculture:h12:f1:o331,7,2.1773617267608643,2.1773617267608643,0.0,1
Last,decision,Agriculture:h12:f1:o331,8,2.1773617267608643,2.1773617267608643,0.0,1
Last,decision,Agriculture:h12:f1:o331,9,2.1773617267608643,2.1773617267608643,0.0,1
Last,decision,Agriculture:h12:f1:o331,10,2.1773617267608643,2.1773617267608643,0.0,1
Last,decision,Agriculture:h12:f1:o331,11,2.1773617267608643,2.1773617267608643,0.0,1
Last,decision,Agriculture:h12:f1:o331,12,2.1773617267608643,2.1773617267608643,0.0,1
Last,decision,Agriculture:h12:f1:o332,1,2.027334451675415,2.027334451675415,0.0,1
Last,decision,Agriculture:h12:f1:o332,2,2.027334451675415,2.027334451675415,0.0,1
Last,decision,Agriculture:h12:f1:o332,3,2.027334451675415,2.027334451675415,0.0,1
Last,decision,Agriculture:h12:f1:o332,4,2.027334451675415,2.027334451675415,0.0,1
Last,decision,Agriculture:h12:f1:o332,5,2.027334451675415,2.027334451675415,0.0,1
Last,decision,Agriculture:h12:f1:o332,6,2.027334451675415,2.027334451675415,0.0,1
Last,decision,Agriculture:h12:f1:o332,7,2.027334451675415,2.027334451675415,0.0,1
Last,decision,Agriculture:h12:f1:o332,8,2.027334451675415,2.027334451675415,0.0,1
Last,decision,Agriculture:h12:f1:o332,9,2.027334451675415,2.027334451675415,0.0,1
Last,decision,Agriculture:h12:f1:o332,10,2.027334451675415,2.027334451675415,0.0,1
Last,decision,Agriculture:h12:f1:o332,11,2.027334451675415,2.027334451675415,0.0,1
Last,decision,Agriculture:h12:f1:o332,12,2.027334451675415,2.027334451675415,0.0,1
Last,decision,Agriculture:h12:f1:o333,1,1.9883098602294922,1.9883098602294922,0.0,1
Last,decision,Agriculture:h12:f1:o333,2,1.9883098602294922,1.9883098602294922,0.0,1
Last,decision,Agriculture:h12:f1:o333,3,1.9883098602294922,1.9883098602294922,0.0,1
Last,decision,Agriculture:h12:f1:o333,4,1.9883098602294922,1.9883098602294922,0.0,1
Last,decision,Agriculture:h12:f1:o333,5,1.9883098602294922,1.9883098602294922,0.0,1
Last,decision,Agriculture:h12:f1:o333,6,1.9883098602294922,1.9883098602294922,0.0,1
Last,decision,Agriculture:h12:f1:o333,7,1.9883098602294922,1.9883098602294922,0.0,1
Last,decision,Agriculture:h12:f1:o333,8,1.9883098602294922,1.9883098602294922,0.0,1
Last,decision,Agriculture:h12:f1:o333,9,1.9883098602294922,1.9883098602294922,0.0,1
Last,decision,Agriculture:h12:f1:o333,10,1.9883098602294922,1.9883098602294922,0.0,1
Last,decision,Agriculture:h12:f1:o333,11,1.9883098602294922,1.9883098602294922,0.0,1
Last,decision,Agriculture:h12:f1:o333,12,1.9883098602294922,1.9883098602294922,0.0,1
Last,decision,Agriculture:h12:f1:o334,1,1.9106780290603638,1.9106780290603638,0.0,1
Last,decision,Agriculture:h12:f1:o334,2,1.9106780290603638,1.9106780290603638,0.0,1
Last,decision,Agriculture:h12:f1:o334,3,1.9106780290603638,1.9106780290603638,0.0,1
Last,decision,Agriculture:h12:f1:o334,4,1.9106780290603638,1.9106780290603638,0.0,1
Last,decision,Agriculture:h12:f1:o334,5,1.9106780290603638,1.9106780290603638,0.0,1
Last,decision,Agriculture:h12:f1:o334,6,1.9106780290603638,1.9106780290603638,0.0,1
Last,decision,Agriculture:h12:f1:o334,7,1.9106780290603638,1.9106780290603638,0.0,1
Last,decision,Agriculture:h12:f1:o334,8,1.9106780290603638,1.9106780290603638,0.0,1
Last,decision,Agriculture:h12:f1:o334,9,1.9106780290603638,1.9106780290603638,0.0,1
Last,decision,Agriculture:h12:f1:o334,10,1.9106780290603638,1.9106780290603638,0.0,1
Last,decision,Agriculture:h12:f1:o334,11,1.9106780290603638,1.9106780290603638,0.0,1
Last,decision,Agriculture:h12:f1:o334,12,1.9106780290603638,1.9106780290603638,0.0,1
Last,decision,Agriculture:h12:f1:o335,1,2.113070011138916,2.113070011138916,0.0,1
Last,decision,Agriculture:h12:f1:o335,2,2.113070011138916,2.113070011138916,0.0,1
Last,decision,Agriculture:h12:f1:o335,3,2.113070011138916,2.113070011138916,0.0,1
Last,decision,Agriculture:h12:f1:o335,4,2.113070011138916,2.113070011138916,0.0,1
Last,decision,Agriculture:h12:f1:o335,5,2.113070011138916,2.113070011138916,0.0,1
Last,decision,Agriculture:h12:f1:o335,6,2.113070011138916,2.113070011138916,0.0,1
Last,decision,Agriculture:h12:f1:o335,7,2.113070011138916,2.113070011138916,0.0,1
Last,decision,Agriculture:h12:f1:o335,8,2.113070011138916,2.113070011138916,0.0,1
Last,decision,Agriculture:h12:f1:o335,9,2.113070011138916,2.113070011138916,0.0,1
Last,decision,Agriculture:h12:f1:o335,10,2.113070011138916,2.113070011138916,0.0,1
Last,decision,Agriculture:h12:f1:o335,11,2.113070011138916,2.113070011138916,0.0,1
Last,decision,Agriculture:h12:f1:o335,12,2.113070011138916,2.113070011138916,0.0,1
Last,decision,Agriculture:h12:f1:o336,1,2.131514310836792,2.131514310836792,0.0,1
Last,decision,Agriculture:h12:f1:o336,2,2.131514310836792,2.131514310836792,0.0,1
Last,decision,Agriculture:h12:f1:o336,3,2.131514310836792,2.131514310836792,0.0,1
Last,decision,Agriculture:h12:f1:o336,4,2.131514310836792,2.131514310836792,0.0,1
Last,decision,Agriculture:h12:f1:o336,5,2.131514310836792,2.131514310836792,0.0,1
Last,decision,Agriculture:h12:f1:o336,6,2.131514310836792,2.131514310836792,0.0,1
Last,decision,Agriculture:h12:f1:o336,7,2.131514310836792,2.131514310836792,0.0,1
Last,decision,Agriculture:h12:f1:o336,8,2.131514310836792,2.131514310836792,0.0,1
Last,decision,Agriculture:h12:f1:o336,9,2.131514310836792,2.131514310836792,0.0,1
Last,decision,Agriculture:h12:f1:o336,10,2.131514310836792,2.131514310836792,0.0,1
Last,decision,Agriculture:h12:f1:o336,11,2.131514310836792,2.131514310836792,0.0,1
Last,decision,Agriculture:h12:f1:o336,12,2.131514310836792,2.131514310836792,0.0,1
Last,decision,Agriculture:h12:f1:o337,1,2.138490915298462,2.138490915298462,0.0,1
Last,decision,Agriculture:h12:f1:o337,2,2.138490915298462,2.138490915298462,0.0,1
Last,decision,Agriculture:h12:f1:o337,3,2.138490915298462,2.138490915298462,0.0,1
Last,decision,Agriculture:h12:f1:o337,4,2.138490915298462,2.138490915298462,0.0,1
Last,decision,Agriculture:h12:f1:o337,5,2.138490915298462,2.138490915298462,0.0,1
Last,decision,Agriculture:h12:f1:o337,6,2.138490915298462,2.138490915298462,0.0,1
Last,decision,Agriculture:h12:f1:o337,7,2.138490915298462,2.138490915298462,0.0,1
Last,decision,Agriculture:h12:f1:o337,8,2.138490915298462,2.138490915298462,0.0,1
Last,decision,Agriculture:h12:f1:o337,9,2.138490915298462,2.138490915298462,0.0,1
Last,decision,Agriculture:h12:f1:o337,10,2.138490915298462,2.138490915298462,0.0,1
Last,decision,Agriculture:h12:f1:o337,11,2.138490915298462,2.138490915298462,0.0,1
Last,decision,Agriculture:h12:f1:o337,12,2.138490915298462,2.138490915298462,0.0,1
Last,decision,Agriculture:h12:f1:o338,1,2.3182451725006104,2.3182451725006104,0.0,1
Last,decision,Agriculture:h12:f1:o338,2,2.3182451725006104,2.3182451725006104,0.0,1
Last,decision,Agriculture:h12:f1:o338,3,2.3182451725006104,2.3182451725006104,0.0,1
Last,decision,Agriculture:h12:f1:o338,4,2.3182451725006104,2.3182451725006104,0.0,1
Last,decision,Agriculture:h12:f1:o338,5,2.3182451725006104,2.3182451725006104,0.0,1
Last,decision,Agriculture:h12:f1:o338,6,2.3182451725006104,2.3182451725006104,0.0,1
Last,decision,Agriculture:h12:f1:o338,7,2.3182451725006104,2.3182451725006104,0.0,1
Last,decision,Agriculture:h12:f1:o338,8,2.3182451725006104,2.3182451725006104,0.0,1
Last,decision,Agriculture:h12:f1:o338,9,2.3182451725006104,2.3182451725006104,0.0,1
Last,decision,Agriculture:h12:f1:o338,10,2.3182451725006104,2.3182451725006104,0.0,1
Last,decision,Agriculture:h12:f1:o338,11,2.3182451725006104,2.3182451725006104,0.0,1
Last,decision,Agriculture:h12:f1:o338,12,2.3182451725006104,2.3182451725006104,0.0,1
Last,decision,Agriculture:h12:f1:o339,1,2.340388536453247,2.340388536453247,0.0,1
Last,decision,Agriculture:h12:f1:o339,2,2.340388536453247,2.340388536453247,0.0,1
Last,decision,Agriculture:h12:f1:o339,3,2.340388536453247,2.340388536453247,0.0,1
Last,decision,Agriculture:h12:f1:o339,4,2.340388536453247,2.340388536453247,0.0,1
Last,decision,Agriculture:h12:f1:o339,5,2.340388536453247,2.340388536453247,0.0,1
Last,decision,Agriculture:h12:f1:o339,6,2.340388536453247,2.340388536453247,0.0,1
Last,decision,Agriculture:h12:f1:o339,7,2.340388536453247,2.340388536453247,0.0,1
Last,decision,Agriculture:h12:f1:o339,8,2.340388536453247,2.340388536453247,0.0,1
Last,decision,Agriculture:h12:f1:o339,9,2.340388536453247,2.340388536453247,0.0,1
Last,decision,Agriculture:h12:f1:o339,10,2.340388536453247,2.340388536453247,0.0,1
Last,decision,Agriculture:h12:f1:o339,11,2.340388536453247,2.340388536453247,0.0,1
Last,decision,Agriculture:h12:f1:o339,12,2.340388536453247,2.340388536453247,0.0,1
Last,decision,Agriculture:h12:f1:o340,1,2.3443639278411865,2.3443639278411865,0.0,1
Last,decision,Agriculture:h12:f1:o340,2,2.3443639278411865,2.3443639278411865,0.0,1
Last,decision,Agriculture:h12:f1:o340,3,2.3443639278411865,2.3443639278411865,0.0,1
Last,decision,Agriculture:h12:f1:o340,4,2.3443639278411865,2.3443639278411865,0.0,1
Last,decision,Agriculture:h12:f1:o340,5,2.3443639278411865,2.3443639278411865,0.0,1
Last,decision,Agriculture:h12:f1:o340,6,2.3443639278411865,2.3443639278411865,0.0,1
Last,decision,Agriculture:h12:f1:o340,7,2.3443639278411865,2.3443639278411865,0.0,1
Last,decision,Agriculture:h12:f1:o340,8,2.3443639278411865,2.3443639278411865,0.0,1
Last,decision,Agriculture:h12:f1:o340,9,2.3443639278411865,2.3443639278411865,0.0,1
Last,decision,Agriculture:h12:f1:o340,10,2.3443639278411865,2.3443639278411865,0.0,1
Last,decision,Agriculture:h12:f1:o340,11,2.3443639278411865,2.3443639278411865,0.0,1
Last,decision,Agriculture:h12:f1:o340,12,2.3443639278411865,2.3443639278411865,0.0,1
Last,decision,Agriculture:h12:f1:o341,1,2.391812562942505,2.391812562942505,0.0,1
Last,decision,Agriculture:h12:f1:o341,2,2.391812562942505,2.391812562942505,0.0,1
Last,decision,Agriculture:h12:f1:o341,3,2.391812562942505,2.391812562942505,0.0,1
Last,decision,Agriculture:h12:f1:o341,4,2.391812562942505,2.391812562942505,0.0,1
Last,decision,Agriculture:h12:f1:o341,5,2.391812562942505,2.391812562942505,0.0,1
Last,decision,Agriculture:h12:f1:o341,6,2.391812562942505,2.391812562942505,0.0,1
Last,decision,Agriculture:h12:f1:o341,7,2.391812562942505,2.391812562942505,0.0,1
Last,decision,Agriculture:h12:f1:o341,8,2.391812562942505,2.391812562942505,0.0,1
Last,decision,Agriculture:h12:f1:o341,9,2.391812562942505,2.391812562942505,0.0,1
Last,decision,Agriculture:h12:f1:o341,10,2.391812562942505,2.391812562942505,0.0,1
Last,decision,Agriculture:h12:f1:o341,11,2.391812562942505,2.391812562942505,0.0,1
Last,decision,Agriculture:h12:f1:o341,12,2.391812562942505,2.391812562942505,0.0,1
Last,decision,Agriculture:h12:f1:o342,1,2.508481979370117,2.508481979370117,0.0,1
Last,decision,Agriculture:h12:f1:o342,2,2.508481979370117,2.508481979370117,0.0,1
Last,decision,Agriculture:h12:f1:o342,3,2.508481979370117,2.508481979370117,0.0,1
Last,decision,Agriculture:h12:f1:o342,4,2.508481979370117,2.508481979370117,0.0,1
Last,decision,Agriculture:h12:f1:o342,5,2.508481979370117,2.508481979370117,0.0,1
Last,decision,Agriculture:h12:f1:o342,6,2.508481979370117,2.508481979370117,0.0,1
Last,decision,Agriculture:h12:f1:o342,7,2.508481979370117,2.508481979370117,0.0,1
Last,decision,Agriculture:h12:f1:o342,8,2.508481979370117,2.508481979370117,0.0,1
Last,decision,Agriculture:h12:f1:o342,9,2.508481979370117,2.508481979370117,0.0,1
Last,decision,Agriculture:h12:f1:o342,10,2.508481979370117,2.508481979370117,0.0,1
Last,decision,Agriculture:h12:f1:o342,11,2.508481979370117,2.508481979370117,0.0,1
Last,decision,Agriculture:h12:f1:o342,12,2.508481979370117,2.508481979370117,0.0,1
Last,decision,Agriculture:h12:f1:o343,1,2.466463088989258,2.466463088989258,0.0,1
Last,decision,Agriculture:h12:f1:o343,2,2.466463088989258,2.466463088989258,0.0,1
Last,decision,Agriculture:h12:f1:o343,3,2.466463088989258,2.466463088989258,0.0,1
Last,decision,Agriculture:h12:f1:o343,4,2.466463088989258,2.466463088989258,0.0,1
Last,decision,Agriculture:h12:f1:o343,5,2.466463088989258,2.466463088989258,0.0,1
Last,decision,Agriculture:h12:f1:o343,6,2.466463088989258,2.466463088989258,0.0,1
Last,decision,Agriculture:h12:f1:o343,7,2.466463088989258,2.466463088989258,0.0,1
Last,decision,Agriculture:h12:f1:o343,8,2.466463088989258,2.466463088989258,0.0,1
Last,decision,Agriculture:h12:f1:o343,9,2.466463088989258,2.466463088989258,0.0,1
Last,decision,Agriculture:h12:f1:o343,10,2.466463088989258,2.466463088989258,0.0,1
Last,decision,Agriculture:h12:f1:o343,11,2.466463088989258,2.466463088989258,0.0,1
Last,decision,Agriculture:h12:f1:o343,12,2.466463088989258,2.466463088989258,0.0,1
Last,decision,Agriculture:h12:f1:o344,1,2.392559289932251,2.392559289932251,0.0,1
Last,decision,Agriculture:h12:f1:o344,2,2.392559289932251,2.392559289932251,0.0,1
Last,decision,Agriculture:h12:f1:o344,3,2.392559289932251,2.392559289932251,0.0,1
Last,decision,Agriculture:h12:f1:o344,4,2.392559289932251,2.392559289932251,0.0,1
Last,decision,Agriculture:h12:f1:o344,5,2.392559289932251,2.392559289932251,0.0,1
Last,decision,Agriculture:h12:f1:o344,6,2.392559289932251,2.392559289932251,0.0,1
Last,decision,Agriculture:h12:f1:o344,7,2.392559289932251,2.392559289932251,0.0,1
Last,decision,Agriculture:h12:f1:o344,8,2.392559289932251,2.392559289932251,0.0,1
Last,decision,Agriculture:h12:f1:o344,9,2.392559289932251,2.392559289932251,0.0,1
Last,decision,Agriculture:h12:f1:o344,10,2.392559289932251,2.392559289932251,0.0,1
Last,decision,Agriculture:h12:f1:o344,11,2.392559289932251,2.392559289932251,0.0,1
Last,decision,Agriculture:h12:f1:o344,12,2.392559289932251,2.392559289932251,0.0,1
Last,decision,Agriculture:h12:f1:o345,1,2.4734745025634766,2.4734745025634766,0.0,1
Last,decision,Agriculture:h12:f1:o345,2,2.4734745025634766,2.4734745025634766,0.0,1
Last,decision,Agriculture:h12:f1:o345,3,2.4734745025634766,2.4734745025634766,0.0,1
Last,decision,Agriculture:h12:f1:o345,4,2.4734745025634766,2.4734745025634766,0.0,1
Last,decision,Agriculture:h12:f1:o345,5,2.4734745025634766,2.4734745025634766,0.0,1
Last,decision,Agriculture:h12:f1:o345,6,2.4734745025634766,2.4734745025634766,0.0,1
Last,decision,Agriculture:h12:f1:o345,7,2.4734745025634766,2.4734745025634766,0.0,1
Last,decision,Agriculture:h12:f1:o345,8,2.4734745025634766,2.4734745025634766,0.0,1
Last,decision,Agriculture:h12:f1:o345,9,2.4734745025634766,2.4734745025634766,0.0,1
Last,decision,Agriculture:h12:f1:o345,10,2.4734745025634766,2.4734745025634766,0.0,1
Last,decision,Agriculture:h12:f1:o345,11,2.4734745025634766,2.4734745025634766,0.0,1
Last,decision,Agriculture:h12:f1:o345,12,2.4734745025634766,2.4734745025634766,0.0,1
Last,decision,Agriculture:h12:f1:o346,1,2.38541579246521,2.38541579246521,0.0,1
Last,decision,Agriculture:h12:f1:o346,2,2.38541579246521,2.38541579246521,0.0,1
Last,decision,Agriculture:h12:f1:o346,3,2.38541579246521,2.38541579246521,0.0,1
Last,decision,Agriculture:h12:f1:o346,4,2.38541579246521,2.38541579246521,0.0,1
Last,decision,Agriculture:h12:f1:o346,5,2.38541579246521,2.38541579246521,0.0,1
Last,decision,Agriculture:h12:f1:o346,6,2.38541579246521,2.38541579246521,0.0,1
Last,decision,Agriculture:h12:f1:o346,7,2.38541579246521,2.38541579246521,0.0,1
Last,decision,Agriculture:h12:f1:o346,8,2.38541579246521,2.38541579246521,0.0,1
Last,decision,Agriculture:h12:f1:o346,9,2.38541579246521,2.38541579246521,0.0,1
Last,decision,Agriculture:h12:f1:o346,10,2.38541579246521,2.38541579246521,0.0,1
Last,decision,Agriculture:h12:f1:o346,11,2.38541579246521,2.38541579246521,0.0,1
Last,decision,Agriculture:h12:f1:o346,12,2.38541579246521,2.38541579246521,0.0,1
Last,decision,Agriculture:h12:f1:o347,1,2.671067476272583,2.671067476272583,0.0,1
Last,decision,Agriculture:h12:f1:o347,2,2.671067476272583,2.671067476272583,0.0,1
Last,decision,Agriculture:h12:f1:o347,3,2.671067476272583,2.671067476272583,0.0,1
Last,decision,Agriculture:h12:f1:o347,4,2.671067476272583,2.671067476272583,0.0,1
Last,decision,Agriculture:h12:f1:o347,5,2.671067476272583,2.671067476272583,0.0,1
Last,decision,Agriculture:h12:f1:o347,6,2.671067476272583,2.671067476272583,0.0,1
Last,decision,Agriculture:h12:f1:o347,7,2.671067476272583,2.671067476272583,0.0,1
Last,decision,Agriculture:h12:f1:o347,8,2.671067476272583,2.671067476272583,0.0,1
Last,decision,Agriculture:h12:f1:o347,9,2.671067476272583,2.671067476272583,0.0,1
Last,decision,Agriculture:h12:f1:o347,10,2.671067476272583,2.671067476272583,0.0,1
Last,decision,Agriculture:h12:f1:o347,11,2.671067476272583,2.671067476272583,0.0,1
Last,decision,Agriculture:h12:f1:o347,12,2.671067476272583,2.671067476272583,0.0,1
Last,decision,Agriculture:h12:f1:o348,1,2.6063716411590576,2.6063716411590576,0.0,1
Last,decision,Agriculture:h12:f1:o348,2,2.6063716411590576,2.6063716411590576,0.0,1
Last,decision,Agriculture:h12:f1:o348,3,2.6063716411590576,2.6063716411590576,0.0,1
Last,decision,Agriculture:h12:f1:o348,4,2.6063716411590576,2.6063716411590576,0.0,1
Last,decision,Agriculture:h12:f1:o348,5,2.6063716411590576,2.6063716411590576,0.0,1
Last,decision,Agriculture:h12:f1:o348,6,2.6063716411590576,2.6063716411590576,0.0,1
Last,decision,Agriculture:h12:f1:o348,7,2.6063716411590576,2.6063716411590576,0.0,1
Last,decision,Agriculture:h12:f1:o348,8,2.6063716411590576,2.6063716411590576,0.0,1
Last,decision,Agriculture:h12:f1:o348,9,2.6063716411590576,2.6063716411590576,0.0,1
Last,decision,Agriculture:h12:f1:o348,10,2.6063716411590576,2.6063716411590576,0.0,1
Last,decision,Agriculture:h12:f1:o348,11,2.6063716411590576,2.6063716411590576,0.0,1
Last,decision,Agriculture:h12:f1:o348,12,2.6063716411590576,2.6063716411590576,0.0,1
Last,decision,Agriculture:h12:f1:o349,1,2.9051945209503174,2.9051945209503174,0.0,1
Last,decision,Agriculture:h12:f1:o349,2,2.9051945209503174,2.9051945209503174,0.0,1
Last,decision,Agriculture:h12:f1:o349,3,2.9051945209503174,2.9051945209503174,0.0,1
Last,decision,Agriculture:h12:f1:o349,4,2.9051945209503174,2.9051945209503174,0.0,1
Last,decision,Agriculture:h12:f1:o349,5,2.9051945209503174,2.9051945209503174,0.0,1
Last,decision,Agriculture:h12:f1:o349,6,2.9051945209503174,2.9051945209503174,0.0,1
Last,decision,Agriculture:h12:f1:o349,7,2.9051945209503174,2.9051945209503174,0.0,1
Last,decision,Agriculture:h12:f1:o349,8,2.9051945209503174,2.9051945209503174,0.0,1
Last,decision,Agriculture:h12:f1:o349,9,2.9051945209503174,2.9051945209503174,0.0,1
Last,decision,Agriculture:h12:f1:o349,10,2.9051945209503174,2.9051945209503174,0.0,1
Last,decision,Agriculture:h12:f1:o349,11,2.9051945209503174,2.9051945209503174,0.0,1
Last,decision,Agriculture:h12:f1:o349,12,2.9051945209503174,2.9051945209503174,0.0,1
Last,decision,Agriculture:h12:f1:o350,1,2.7166924476623535,2.7166924476623535,0.0,1
Last,decision,Agriculture:h12:f1:o350,2,2.7166924476623535,2.7166924476623535,0.0,1
Last,decision,Agriculture:h12:f1:o350,3,2.7166924476623535,2.7166924476623535,0.0,1
Last,decision,Agriculture:h12:f1:o350,4,2.7166924476623535,2.7166924476623535,0.0,1
Last,decision,Agriculture:h12:f1:o350,5,2.7166924476623535,2.7166924476623535,0.0,1
Last,decision,Agriculture:h12:f1:o350,6,2.7166924476623535,2.7166924476623535,0.0,1
Last,decision,Agriculture:h12:f1:o350,7,2.7166924476623535,2.7166924476623535,0.0,1
Last,decision,Agriculture:h12:f1:o350,8,2.7166924476623535,2.7166924476623535,0.0,1
Last,decision,Agriculture:h12:f1:o350,9,2.7166924476623535,2.7166924476623535,0.0,1
Last,decision,Agriculture:h12:f1:o350,10,2.7166924476623535,2.7166924476623535,0.0,1
Last,decision,Agriculture:h12:f1:o350,11,2.7166924476623535,2.7166924476623535,0.0,1
Last,decision,Agriculture:h12:f1:o350,12,2.7166924476623535,2.7166924476623535,0.0,1
Last,decision,Agriculture:h12:f1:o351,1,2.253378391265869,2.253378391265869,0.0,1
Last,decision,Agriculture:h12:f1:o351,2,2.253378391265869,2.253378391265869,0.0,1
Last,decision,Agriculture:h12:f1:o351,3,2.253378391265869,2.253378391265869,0.0,1
Last,decision,Agriculture:h12:f1:o351,4,2.253378391265869,2.253378391265869,0.0,1
Last,decision,Agriculture:h12:f1:o351,5,2.253378391265869,2.253378391265869,0.0,1
Last,decision,Agriculture:h12:f1:o351,6,2.253378391265869,2.253378391265869,0.0,1
Last,decision,Agriculture:h12:f1:o351,7,2.253378391265869,2.253378391265869,0.0,1
Last,decision,Agriculture:h12:f1:o351,8,2.253378391265869,2.253378391265869,0.0,1
Last,decision,Agriculture:h12:f1:o351,9,2.253378391265869,2.253378391265869,0.0,1
Last,decision,Agriculture:h12:f1:o351,10,2.253378391265869,2.253378391265869,0.0,1
Last,decision,Agriculture:h12:f1:o351,11,2.253378391265869,2.253378391265869,0.0,1
Last,decision,Agriculture:h12:f1:o351,12,2.253378391265869,2.253378391265869,0.0,1
Last,decision,Agriculture:h12:f1:o352,1,2.799194097518921,2.799194097518921,0.0,1
Last,decision,Agriculture:h12:f1:o352,2,2.799194097518921,2.799194097518921,0.0,1
Last,decision,Agriculture:h12:f1:o352,3,2.799194097518921,2.799194097518921,0.0,1
Last,decision,Agriculture:h12:f1:o352,4,2.799194097518921,2.799194097518921,0.0,1
Last,decision,Agriculture:h12:f1:o352,5,2.799194097518921,2.799194097518921,0.0,1
Last,decision,Agriculture:h12:f1:o352,6,2.799194097518921,2.799194097518921,0.0,1
Last,decision,Agriculture:h12:f1:o352,7,2.799194097518921,2.799194097518921,0.0,1
Last,decision,Agriculture:h12:f1:o352,8,2.799194097518921,2.799194097518921,0.0,1
Last,decision,Agriculture:h12:f1:o352,9,2.799194097518921,2.799194097518921,0.0,1
Last,decision,Agriculture:h12:f1:o352,10,2.799194097518921,2.799194097518921,0.0,1
Last,decision,Agriculture:h12:f1:o352,11,2.799194097518921,2.799194097518921,0.0,1
Last,decision,Agriculture:h12:f1:o352,12,2.799194097518921,2.799194097518921,0.0,1
Last,decision,Agriculture:h12:f1:o353,1,3.0137109756469727,3.0137109756469727,0.0,1
Last,decision,Agriculture:h12:f1:o353,2,3.0137109756469727,3.0137109756469727,0.0,1
Last,decision,Agriculture:h12:f1:o353,3,3.0137109756469727,3.0137109756469727,0.0,1
Last,decision,Agriculture:h12:f1:o353,4,3.0137109756469727,3.0137109756469727,0.0,1
Last,decision,Agriculture:h12:f1:o353,5,3.0137109756469727,3.0137109756469727,0.0,1
Last,decision,Agriculture:h12:f1:o353,6,3.0137109756469727,3.0137109756469727,0.0,1
Last,decision,Agriculture:h12:f1:o353,7,3.0137109756469727,3.0137109756469727,0.0,1
Last,decision,Agriculture:h12:f1:o353,8,3.0137109756469727,3.0137109756469727,0.0,1
Last,decision,Agriculture:h12:f1:o353,9,3.0137109756469727,3.0137109756469727,0.0,1
Last,decision,Agriculture:h12:f1:o353,10,3.0137109756469727,3.0137109756469727,0.0,1
Last,decision,Agriculture:h12:f1:o353,11,3.0137109756469727,3.0137109756469727,0.0,1
Last,decision,Agriculture:h12:f1:o353,12,3.0137109756469727,3.0137109756469727,0.0,1
Last,decision,Agriculture:h12:f1:o354,1,2.8452587127685547,2.8452587127685547,0.0,1
Last,decision,Agriculture:h12:f1:o354,2,2.8452587127685547,2.8452587127685547,0.0,1
Last,decision,Agriculture:h12:f1:o354,3,2.8452587127685547,2.8452587127685547,0.0,1
Last,decision,Agriculture:h12:f1:o354,4,2.8452587127685547,2.8452587127685547,0.0,1
Last,decision,Agriculture:h12:f1:o354,5,2.8452587127685547,2.8452587127685547,0.0,1
Last,decision,Agriculture:h12:f1:o354,6,2.8452587127685547,2.8452587127685547,0.0,1
Last,decision,Agriculture:h12:f1:o354,7,2.8452587127685547,2.8452587127685547,0.0,1
Last,decision,Agriculture:h12:f1:o354,8,2.8452587127685547,2.8452587127685547,0.0,1
Last,decision,Agriculture:h12:f1:o354,9,2.8452587127685547,2.8452587127685547,0.0,1
Last,decision,Agriculture:h12:f1:o354,10,2.8452587127685547,2.8452587127685547,0.0,1
Last,decision,Agriculture:h12:f1:o354,11,2.8452587127685547,2.8452587127685547,0.0,1
Last,decision,Agriculture:h12:f1:o354,12,2.8452587127685547,2.8452587127685547,0.0,1
Last,decision,Agriculture:h12:f1:o355,1,2.4324827194213867,2.4324827194213867,0.0,1
Last,decision,Agriculture:h12:f1:o355,2,2.4324827194213867,2.4324827194213867,0.0,1
Last,decision,Agriculture:h12:f1:o355,3,2.4324827194213867,2.4324827194213867,0.0,1
Last,decision,Agriculture:h12:f1:o355,4,2.4324827194213867,2.4324827194213867,0.0,1
Last,decision,Agriculture:h12:f1:o355,5,2.4324827194213867,2.4324827194213867,0.0,1
Last,decision,Agriculture:h12:f1:o355,6,2.4324827194213867,2.4324827194213867,0.0,1
Last,decision,Agriculture:h12:f1:o355,7,2.4324827194213867,2.4324827194213867,0.0,1
Last,decision,Agriculture:h12:f1:o355,8,2.4324827194213867,2.4324827194213867,0.0,1
Last,decision,Agriculture:h12:f1:o355,9,2.4324827194213867,2.4324827194213867,0.0,1
Last,decision,Agriculture:h12:f1:o355,10,2.4324827194213867,2.4324827194213867,0.0,1
Last,decision,Agriculture:h12:f1:o355,11,2.4324827194213867,2.4324827194213867,0.0,1
Last,decision,Agriculture:h12:f1:o355,12,2.4324827194213867,2.4324827194213867,0.0,1
Last,decision,Agriculture:h12:f1:o356,1,2.542151927947998,2.542151927947998,0.0,1
Last,decision,Agriculture:h12:f1:o356,2,2.542151927947998,2.542151927947998,0.0,1
Last,decision,Agriculture:h12:f1:o356,3,2.542151927947998,2.542151927947998,0.0,1
Last,decision,Agriculture:h12:f1:o356,4,2.542151927947998,2.542151927947998,0.0,1
Last,decision,Agriculture:h12:f1:o356,5,2.542151927947998,2.542151927947998,0.0,1
Last,decision,Agriculture:h12:f1:o356,6,2.542151927947998,2.542151927947998,0.0,1
Last,decision,Agriculture:h12:f1:o356,7,2.542151927947998,2.542151927947998,0.0,1
Last,decision,Agriculture:h12:f1:o356,8,2.542151927947998,2.542151927947998,0.0,1
Last,decision,Agriculture:h12:f1:o356,9,2.542151927947998,2.542151927947998,0.0,1
Last,decision,Agriculture:h12:f1:o356,10,2.542151927947998,2.542151927947998,0.0,1
Last,decision,Agriculture:h12:f1:o356,11,2.542151927947998,2.542151927947998,0.0,1
Last,decision,Agriculture:h12:f1:o356,12,2.542151927947998,2.542151927947998,0.0,1
Last,decision,Agriculture:h12:f1:o357,1,2.495338201522827,2.495338201522827,0.0,1
Last,decision,Agriculture:h12:f1:o357,2,2.495338201522827,2.495338201522827,0.0,1
Last,decision,Agriculture:h12:f1:o357,3,2.495338201522827,2.495338201522827,0.0,1
Last,decision,Agriculture:h12:f1:o357,4,2.495338201522827,2.495338201522827,0.0,1
Last,decision,Agriculture:h12:f1:o357,5,2.495338201522827,2.495338201522827,0.0,1
Last,decision,Agriculture:h12:f1:o357,6,2.495338201522827,2.495338201522827,0.0,1
Last,decision,Agriculture:h12:f1:o357,7,2.495338201522827,2.495338201522827,0.0,1
Last,decision,Agriculture:h12:f1:o357,8,2.495338201522827,2.495338201522827,0.0,1
Last,decision,Agriculture:h12:f1:o357,9,2.495338201522827,2.495338201522827,0.0,1
Last,decision,Agriculture:h12:f1:o357,10,2.495338201522827,2.495338201522827,0.0,1
Last,decision,Agriculture:h12:f1:o357,11,2.495338201522827,2.495338201522827,0.0,1
Last,decision,Agriculture:h12:f1:o357,12,2.495338201522827,2.495338201522827,0.0,1
Last,decision,Agriculture:h12:f1:o358,1,2.355901002883911,2.355901002883911,0.0,1
Last,decision,Agriculture:h12:f1:o358,2,2.355901002883911,2.355901002883911,0.0,1
Last,decision,Agriculture:h12:f1:o358,3,2.355901002883911,2.355901002883911,0.0,1
Last,decision,Agriculture:h12:f1:o358,4,2.355901002883911,2.355901002883911,0.0,1
Last,decision,Agriculture:h12:f1:o358,5,2.355901002883911,2.355901002883911,0.0,1
Last,decision,Agriculture:h12:f1:o358,6,2.355901002883911,2.355901002883911,0.0,1
Last,decision,Agriculture:h12:f1:o358,7,2.355901002883911,2.355901002883911,0.0,1
Last,decision,Agriculture:h12:f1:o358,8,2.355901002883911,2.355901002883911,0.0,1
Last,decision,Agriculture:h12:f1:o358,9,2.355901002883911,2.355901002883911,0.0,1
Last,decision,Agriculture:h12:f1:o358,10,2.355901002883911,2.355901002883911,0.0,1
Last,decision,Agriculture:h12:f1:o358,11,2.355901002883911,2.355901002883911,0.0,1
Last,decision,Agriculture:h12:f1:o358,12,2.355901002883911,2.355901002883911,0.0,1
Last,decision,Agriculture:h12:f1:o359,1,2.4021313190460205,2.4021313190460205,0.0,1
Last,decision,Agriculture:h12:f1:o359,2,2.4021313190460205,2.4021313190460205,0.0,1
Last,decision,Agriculture:h12:f1:o359,3,2.4021313190460205,2.4021313190460205,0.0,1
Last,decision,Agriculture:h12:f1:o359,4,2.4021313190460205,2.4021313190460205,0.0,1
Last,decision,Agriculture:h12:f1:o359,5,2.4021313190460205,2.4021313190460205,0.0,1
Last,decision,Agriculture:h12:f1:o359,6,2.4021313190460205,2.4021313190460205,0.0,1
Last,decision,Agriculture:h12:f1:o359,7,2.4021313190460205,2.4021313190460205,0.0,1
Last,decision,Agriculture:h12:f1:o359,8,2.4021313190460205,2.4021313190460205,0.0,1
Last,decision,Agriculture:h12:f1:o359,9,2.4021313190460205,2.4021313190460205,0.0,1
Last,decision,Agriculture:h12:f1:o359,10,2.4021313190460205,2.4021313190460205,0.0,1
Last,decision,Agriculture:h12:f1:o359,11,2.4021313190460205,2.4021313190460205,0.0,1
Last,decision,Agriculture:h12:f1:o359,12,2.4021313190460205,2.4021313190460205,0.0,1
Last,decision,Agriculture:h12:f1:o360,1,2.4217190742492676,2.4217190742492676,0.0,1
Last,decision,Agriculture:h12:f1:o360,2,2.4217190742492676,2.4217190742492676,0.0,1
Last,decision,Agriculture:h12:f1:o360,3,2.4217190742492676,2.4217190742492676,0.0,1
Last,decision,Agriculture:h12:f1:o360,4,2.4217190742492676,2.4217190742492676,0.0,1
Last,decision,Agriculture:h12:f1:o360,5,2.4217190742492676,2.4217190742492676,0.0,1
Last,decision,Agriculture:h12:f1:o360,6,2.4217190742492676,2.4217190742492676,0.0,1
Last,decision,Agriculture:h12:f1:o360,7,2.4217190742492676,2.4217190742492676,0.0,1
Last,decision,Agriculture:h12:f1:o360,8,2.4217190742492676,2.4217190742492676,0.0,1
Last,decision,Agriculture:h12:f1:o360,9,2.4217190742492676,2.4217190742492676,0.0,1
Last,decision,Agriculture:h12:f1:o360,10,2.4217190742492676,2.4217190742492676,0.0,1
Last,decision,Agriculture:h12:f1:o360,11,2.4217190742492676,2.4217190742492676,0.0,1
Last,decision,Agriculture:h12:f1:o360,12,2.4217190742492676,2.4217190742492676,0.0,1
SeasonalNaive,calibration,Agriculture:h12:f1:o212,1,1.5127370357513428,1.5127370357513428,0.0,1
SeasonalNaive,calibration,Agriculture:h12:f1:o212,2,1.2361096143722534,1.2361096143722534,0.0,1
SeasonalNaive,calibration,Agriculture:h12:f1:o212,3,1.162378191947937,1.162378191947937,0.0,1
SeasonalNaive,calibration,Agriculture:h12:f1:o212,4,1.3066118955612183,1.3066118955612183,0.0,1
SeasonalNaive,calibration,Agriculture:h12:f1:o212,5,1.2081239223480225,1.2081239223480225,0.0,1
SeasonalNaive,calibration,Agriculture:h12:f1:o212,6,1.2280367612838745,1.2280367612838745,0.0,1
SeasonalNaive,calibration,Agriculture:h12:f1:o212,7,1.0407482385635376,1.0407482385635376,0.0,1
SeasonalNaive,calibration,Agriculture:h12:f1:o212,8,1.0138388872146606,1.0138388872146606,0.0,1
SeasonalNaive,calibration,Agriculture:h12:f1:o212,9,1.1774473190307617,1.1774473190307617,0.0,1
SeasonalNaive,calibration,Agriculture:h12:f1:o212,10,1.1763709783554077,1.1763709783554077,0.0,1
SeasonalNaive,calibration,Agriculture:h12:f1:o212,11,1.259251594543457,1.259251594543457,0.0,1
SeasonalNaive,calibration,Agriculture:h12:f1:o212,12,1.0504355430603027,1.0504355430603027,0.0,1
SeasonalNaive,calibration,Agriculture:h12:f1:o213,1,1.2361096143722534,1.2361096143722534,0.0,1
SeasonalNaive,calibration,Agriculture:h12:f1:o213,2,1.162378191947937,1.162378191947937,0.0,1
SeasonalNaive,calibration,Agriculture:h12:f1:o213,3,1.3066118955612183,1.3066118955612183,0.0,1
SeasonalNaive,calibration,Agriculture:h12:f1:o213,4,1.2081239223480225,1.2081239223480225,0.0,1
SeasonalNaive,calibration,Agriculture:h12:f1:o213,5,1.2280367612838745,1.2280367612838745,0.0,1
SeasonalNaive,calibration,Agriculture:h12:f1:o213,6,1.0407482385635376,1.0407482385635376,0.0,1
SeasonalNaive,calibration,Agriculture:h12:f1:o213,7,1.0138388872146606,1.0138388872146606,0.0,1
SeasonalNaive,calibration,Agriculture:h12:f1:o213,8,1.1774473190307617,1.1774473190307617,0.0,1
SeasonalNaive,calibration,Agriculture:h12:f1:o213,9,1.1763709783554077,1.1763709783554077,0.0,1
SeasonalNaive,calibration,Agriculture:h12:f1:o213,10,1.259251594543457,1.259251594543457,0.0,1
SeasonalNaive,calibration,Agriculture:h12:f1:o213,11,1.0504355430603027,1.0504355430603027,0.0,1
SeasonalNaive,calibration,Agriculture:h12:f1:o213,12,1.2183494567871094,1.2183494567871094,0.0,1
SeasonalNaive,calibration,Agriculture:h12:f1:o214,1,1.162378191947937,1.162378191947937,0.0,1
SeasonalNaive,calibration,Agriculture:h12:f1:o214,2,1.3066118955612183,1.3066118955612183,0.0,1
SeasonalNaive,calibration,Agriculture:h12:f1:o214,3,1.2081239223480225,1.2081239223480225,0.0,1
SeasonalNaive,calibration,Agriculture:h12:f1:o214,4,1.2280367612838745,1.2280367612838745,0.0,1
SeasonalNaive,calibration,Agriculture:h12:f1:o214,5,1.0407482385635376,1.0407482385635376,0.0,1
SeasonalNaive,calibration,Agriculture:h12:f1:o214,6,1.0138388872146606,1.0138388872146606,0.0,1
SeasonalNaive,calibration,Agriculture:h12:f1:o214,7,1.1774473190307617,1.1774473190307617,0.0,1
SeasonalNaive,calibration,Agriculture:h12:f1:o214,8,1.1763709783554077,1.1763709783554077,0.0,1
SeasonalNaive,calibration,Agriculture:h12:f1:o214,9,1.259251594543457,1.259251594543457,0.0,1
SeasonalNaive,calibration,Agriculture:h12:f1:o214,10,1.0504355430603027,1.0504355430603027,0.0,1
SeasonalNaive,calibration,Agriculture:h12:f1:o214,11,1.2183494567871094,1.2183494567871094,0.0,1
SeasonalNaive,calibration,Agriculture:h12:f1:o214,12,1.0089952945709229,1.0089952945709229,0.0,1
SeasonalNaive,calibration,Agriculture:h12:f1:o215,1,1.3066118955612183,1.3066118955612183,0.0,1
SeasonalNaive,calibration,Agriculture:h12:f1:o215,2,1.2081239223480225,1.2081239223480225,0.0,1
SeasonalNaive,calibration,Agriculture:h12:f1:o215,3,1.2280367612838745,1.2280367612838745,0.0,1
SeasonalNaive,calibration,Agriculture:h12:f1:o215,4,1.0407482385635376,1.0407482385635376,0.0,1
SeasonalNaive,calibration,Agriculture:h12:f1:o215,5,1.0138388872146606,1.0138388872146606,0.0,1
SeasonalNaive,calibration,Agriculture:h12:f1:o215,6,1.1774473190307617,1.1774473190307617,0.0,1
SeasonalNaive,calibration,Agriculture:h12:f1:o215,7,1.1763709783554077,1.1763709783554077,0.0,1
SeasonalNaive,calibration,Agriculture:h12:f1:o215,8,1.259251594543457,1.259251594543457,0.0,1
SeasonalNaive,calibration,Agriculture:h12:f1:o215,9,1.0504355430603027,1.0504355430603027,0.0,1
SeasonalNaive,calibration,Agriculture:h12:f1:o215,10,1.2183494567871094,1.2183494567871094,0.0,1
SeasonalNaive,calibration,Agriculture:h12:f1:o215,11,1.0089952945709229,1.0089952945709229,0.0,1
SeasonalNaive,calibration,Agriculture:h12:f1:o215,12,1.1672217845916748,1.1672217845916748,0.0,1
SeasonalNaive,calibration,Agriculture:h12:f1:o216,1,1.2081239223480225,1.2081239223480225,0.0,1
SeasonalNaive,calibration,Agriculture:h12:f1:o216,2,1.2280367612838745,1.2280367612838745,0.0,1
SeasonalNaive,calibration,Agriculture:h12:f1:o216,3,1.0407482385635376,1.0407482385635376,0.0,1
SeasonalNaive,calibration,Agriculture:h12:f1:o216,4,1.0138388872146606,1.0138388872146606,0.0,1
SeasonalNaive,calibration,Agriculture:h12:f1:o216,5,1.1774473190307617,1.1774473190307617,0.0,1
SeasonalNaive,calibration,Agriculture:h12:f1:o216,6,1.1763709783554077,1.1763709783554077,0.0,1
SeasonalNaive,calibration,Agriculture:h12:f1:o216,7,1.259251594543457,1.259251594543457,0.0,1
SeasonalNaive,calibration,Agriculture:h12:f1:o216,8,1.0504355430603027,1.0504355430603027,0.0,1
SeasonalNaive,calibration,Agriculture:h12:f1:o216,9,1.2183494567871094,1.2183494567871094,0.0,1
SeasonalNaive,calibration,Agriculture:h12:f1:o216,10,1.0089952945709229,1.0089952945709229,0.0,1
SeasonalNaive,calibration,Agriculture:h12:f1:o216,11,1.1672217845916748,1.1672217845916748,0.0,1
SeasonalNaive,calibration,Agriculture:h12:f1:o216,12,0.9810096025466919,0.9810096025466919,0.0,1
SeasonalNaive,calibration,Agriculture:h12:f1:o217,1,1.2280367612838745,1.2280367612838745,0.0,1
SeasonalNaive,calibration,Agriculture:h12:f1:o217,2,1.0407482385635376,1.0407482385635376,0.0,1
SeasonalNaive,calibration,Agriculture:h12:f1:o217,3,1.0138388872146606,1.0138388872146606,0.0,1
SeasonalNaive,calibration,Agriculture:h12:f1:o217,4,1.1774473190307617,1.1774473190307617,0.0,1
SeasonalNaive,calibration,Agriculture:h12:f1:o217,5,1.1763709783554077,1.1763709783554077,0.0,1
SeasonalNaive,calibration,Agriculture:h12:f1:o217,6,1.259251594543457,1.259251594543457,0.0,1
SeasonalNaive,calibration,Agriculture:h12:f1:o217,7,1.0504355430603027,1.0504355430603027,0.0,1
SeasonalNaive,calibration,Agriculture:h12:f1:o217,8,1.2183494567871094,1.2183494567871094,0.0,1
SeasonalNaive,calibration,Agriculture:h12:f1:o217,9,1.0089952945709229,1.0089952945709229,0.0,1
SeasonalNaive,calibration,Agriculture:h12:f1:o217,10,1.1672217845916748,1.1672217845916748,0.0,1
SeasonalNaive,calibration,Agriculture:h12:f1:o217,11,0.9810096025466919,0.9810096025466919,0.0,1
SeasonalNaive,calibration,Agriculture:h12:f1:o217,12,1.2560224533081055,1.2560224533081055,0.0,1
SeasonalNaive,calibration,Agriculture:h12:f1:o218,1,1.0407482385635376,1.0407482385635376,0.0,1
SeasonalNaive,calibration,Agriculture:h12:f1:o218,2,1.0138388872146606,1.0138388872146606,0.0,1
SeasonalNaive,calibration,Agriculture:h12:f1:o218,3,1.1774473190307617,1.1774473190307617,0.0,1
SeasonalNaive,calibration,Agriculture:h12:f1:o218,4,1.1763709783554077,1.1763709783554077,0.0,1
SeasonalNaive,calibration,Agriculture:h12:f1:o218,5,1.259251594543457,1.259251594543457,0.0,1
SeasonalNaive,calibration,Agriculture:h12:f1:o218,6,1.0504355430603027,1.0504355430603027,0.0,1
SeasonalNaive,calibration,Agriculture:h12:f1:o218,7,1.2183494567871094,1.2183494567871094,0.0,1
SeasonalNaive,calibration,Agriculture:h12:f1:o218,8,1.0089952945709229,1.0089952945709229,0.0,1
SeasonalNaive,calibration,Agriculture:h12:f1:o218,9,1.1672217845916748,1.1672217845916748,0.0,1
SeasonalNaive,calibration,Agriculture:h12:f1:o218,10,0.9810096025466919,0.9810096025466919,0.0,1
SeasonalNaive,calibration,Agriculture:h12:f1:o218,11,1.2560224533081055,1.2560224533081055,0.0,1
SeasonalNaive,calibration,Agriculture:h12:f1:o218,12,1.1058686971664429,1.1058686971664429,0.0,1
SeasonalNaive,calibration,Agriculture:h12:f1:o219,1,1.0138388872146606,1.0138388872146606,0.0,1
SeasonalNaive,calibration,Agriculture:h12:f1:o219,2,1.1774473190307617,1.1774473190307617,0.0,1
SeasonalNaive,calibration,Agriculture:h12:f1:o219,3,1.1763709783554077,1.1763709783554077,0.0,1
SeasonalNaive,calibration,Agriculture:h12:f1:o219,4,1.259251594543457,1.259251594543457,0.0,1
SeasonalNaive,calibration,Agriculture:h12:f1:o219,5,1.0504355430603027,1.0504355430603027,0.0,1
SeasonalNaive,calibration,Agriculture:h12:f1:o219,6,1.2183494567871094,1.2183494567871094,0.0,1
SeasonalNaive,calibration,Agriculture:h12:f1:o219,7,1.0089952945709229,1.0089952945709229,0.0,1
SeasonalNaive,calibration,Agriculture:h12:f1:o219,8,1.1672217845916748,1.1672217845916748,0.0,1
SeasonalNaive,calibration,Agriculture:h12:f1:o219,9,0.9810096025466919,0.9810096025466919,0.0,1
SeasonalNaive,calibration,Agriculture:h12:f1:o219,10,1.2560224533081055,1.2560224533081055,0.0,1
SeasonalNaive,calibration,Agriculture:h12:f1:o219,11,1.1058686971664429,1.1058686971664429,0.0,1
SeasonalNaive,calibration,Agriculture:h12:f1:o219,12,1.0897231101989746,1.0897231101989746,0.0,1
SeasonalNaive,calibration,Agriculture:h12:f1:o220,1,1.1774473190307617,1.1774473190307617,0.0,1
SeasonalNaive,calibration,Agriculture:h12:f1:o220,2,1.1763709783554077,1.1763709783554077,0.0,1
SeasonalNaive,calibration,Agriculture:h12:f1:o220,3,1.259251594543457,1.259251594543457,0.0,1
SeasonalNaive,calibration,Agriculture:h12:f1:o220,4,1.0504355430603027,1.0504355430603027,0.0,1
SeasonalNaive,calibration,Agriculture:h12:f1:o220,5,1.2183494567871094,1.2183494567871094,0.0,1
SeasonalNaive,calibration,Agriculture:h12:f1:o220,6,1.0089952945709229,1.0089952945709229,0.0,1
SeasonalNaive,calibration,Agriculture:h12:f1:o220,7,1.1672217845916748,1.1672217845916748,0.0,1
SeasonalNaive,calibration,Agriculture:h12:f1:o220,8,0.9810096025466919,0.9810096025466919,0.0,1
SeasonalNaive,calibration,Agriculture:h12:f1:o220,9,1.2560224533081055,1.2560224533081055,0.0,1
SeasonalNaive,calibration,Agriculture:h12:f1:o220,10,1.1058686971664429,1.1058686971664429,0.0,1
SeasonalNaive,calibration,Agriculture:h12:f1:o220,11,1.0897231101989746,1.0897231101989746,0.0,1
SeasonalNaive,calibration,Agriculture:h12:f1:o220,12,1.1650691032409668,1.1650691032409668,0.0,1
SeasonalNaive,calibration,Agriculture:h12:f1:o221,1,1.1763709783554077,1.1763709783554077,0.0,1
SeasonalNaive,calibration,Agriculture:h12:f1:o221,2,1.259251594543457,1.259251594543457,0.0,1
SeasonalNaive,calibration,Agriculture:h12:f1:o221,3,1.0504355430603027,1.0504355430603027,0.0,1
SeasonalNaive,calibration,Agriculture:h12:f1:o221,4,1.2183494567871094,1.2183494567871094,0.0,1
SeasonalNaive,calibration,Agriculture:h12:f1:o221,5,1.0089952945709229,1.0089952945709229,0.0,1
SeasonalNaive,calibration,Agriculture:h12:f1:o221,6,1.1672217845916748,1.1672217845916748,0.0,1
SeasonalNaive,calibration,Agriculture:h12:f1:o221,7,0.9810096025466919,0.9810096025466919,0.0,1
SeasonalNaive,calibration,Agriculture:h12:f1:o221,8,1.2560224533081055,1.2560224533081055,0.0,1
SeasonalNaive,calibration,Agriculture:h12:f1:o221,9,1.1058686971664429,1.1058686971664429,0.0,1
SeasonalNaive,calibration,Agriculture:h12:f1:o221,10,1.0897231101989746,1.0897231101989746,0.0,1
SeasonalNaive,calibration,Agriculture:h12:f1:o221,11,1.1650691032409668,1.1650691032409668,0.0,1
SeasonalNaive,calibration,Agriculture:h12:f1:o221,12,1.1575344800949097,1.1575344800949097,0.0,1
SeasonalNaive,calibration,Agriculture:h12:f1:o222,1,1.259251594543457,1.259251594543457,0.0,1
SeasonalNaive,calibration,Agriculture:h12:f1:o222,2,1.0504355430603027,1.0504355430603027,0.0,1
SeasonalNaive,calibration,Agriculture:h12:f1:o222,3,1.2183494567871094,1.2183494567871094,0.0,1
SeasonalNaive,calibration,Agriculture:h12:f1:o222,4,1.0089952945709229,1.0089952945709229,0.0,1
SeasonalNaive,calibration,Agriculture:h12:f1:o222,5,1.1672217845916748,1.1672217845916748,0.0,1
SeasonalNaive,calibration,Agriculture:h12:f1:o222,6,0.9810096025466919,0.9810096025466919,0.0,1
SeasonalNaive,calibration,Agriculture:h12:f1:o222,7,1.2560224533081055,1.2560224533081055,0.0,1
SeasonalNaive,calibration,Agriculture:h12:f1:o222,8,1.1058686971664429,1.1058686971664429,0.0,1
SeasonalNaive,calibration,Agriculture:h12:f1:o222,9,1.0897231101989746,1.0897231101989746,0.0,1
SeasonalNaive,calibration,Agriculture:h12:f1:o222,10,1.1650691032409668,1.1650691032409668,0.0,1
SeasonalNaive,calibration,Agriculture:h12:f1:o222,11,1.1575344800949097,1.1575344800949097,0.0,1
SeasonalNaive,calibration,Agriculture:h12:f1:o222,12,1.3464375734329224,1.3464375734329224,0.0,1
SeasonalNaive,calibration,Agriculture:h12:f1:o223,1,1.0504355430603027,1.0504355430603027,0.0,1
SeasonalNaive,calibration,Agriculture:h12:f1:o223,2,1.2183494567871094,1.2183494567871094,0.0,1
SeasonalNaive,calibration,Agriculture:h12:f1:o223,3,1.0089952945709229,1.0089952945709229,0.0,1
SeasonalNaive,calibration,Agriculture:h12:f1:o223,4,1.1672217845916748,1.1672217845916748,0.0,1
SeasonalNaive,calibration,Agriculture:h12:f1:o223,5,0.9810096025466919,0.9810096025466919,0.0,1
SeasonalNaive,calibration,Agriculture:h12:f1:o223,6,1.2560224533081055,1.2560224533081055,0.0,1
SeasonalNaive,calibration,Agriculture:h12:f1:o223,7,1.1058686971664429,1.1058686971664429,0.0,1
SeasonalNaive,calibration,Agriculture:h12:f1:o223,8,1.0897231101989746,1.0897231101989746,0.0,1
SeasonalNaive,calibration,Agriculture:h12:f1:o223,9,1.1650691032409668,1.1650691032409668,0.0,1
SeasonalNaive,calibration,Agriculture:h12:f1:o223,10,1.1575344800949097,1.1575344800949097,0.0,1
SeasonalNaive,calibration,Agriculture:h12:f1:o223,11,1.3464375734329224,1.3464375734329224,0.0,1
SeasonalNaive,calibration,Agriculture:h12:f1:o223,12,1.2199640274047852,1.2199640274047852,0.0,1
SeasonalNaive,calibration,Agriculture:h12:f1:o224,1,1.2183494567871094,1.2183494567871094,0.0,1
SeasonalNaive,calibration,Agriculture:h12:f1:o224,2,1.0089952945709229,1.0089952945709229,0.0,1
SeasonalNaive,calibration,Agriculture:h12:f1:o224,3,1.1672217845916748,1.1672217845916748,0.0,1
SeasonalNaive,calibration,Agriculture:h12:f1:o224,4,0.9810096025466919,0.9810096025466919,0.0,1
SeasonalNaive,calibration,Agriculture:h12:f1:o224,5,1.2560224533081055,1.2560224533081055,0.0,1
SeasonalNaive,calibration,Agriculture:h12:f1:o224,6,1.1058686971664429,1.1058686971664429,0.0,1
SeasonalNaive,calibration,Agriculture:h12:f1:o224,7,1.0897231101989746,1.0897231101989746,0.0,1
SeasonalNaive,calibration,Agriculture:h12:f1:o224,8,1.1650691032409668,1.1650691032409668,0.0,1
SeasonalNaive,calibration,Agriculture:h12:f1:o224,9,1.1575344800949097,1.1575344800949097,0.0,1
SeasonalNaive,calibration,Agriculture:h12:f1:o224,10,1.3464375734329224,1.3464375734329224,0.0,1
SeasonalNaive,calibration,Agriculture:h12:f1:o224,11,1.2199640274047852,1.2199640274047852,0.0,1
SeasonalNaive,calibration,Agriculture:h12:f1:o224,12,1.4207072257995605,1.4207072257995605,0.0,1
SeasonalNaive,calibration,Agriculture:h12:f1:o225,1,1.0089952945709229,1.0089952945709229,0.0,1
SeasonalNaive,calibration,Agriculture:h12:f1:o225,2,1.1672217845916748,1.1672217845916748,0.0,1
SeasonalNaive,calibration,Agriculture:h12:f1:o225,3,0.9810096025466919,0.9810096025466919,0.0,1
SeasonalNaive,calibration,Agriculture:h12:f1:o225,4,1.2560224533081055,1.2560224533081055,0.0,1
SeasonalNaive,calibration,Agriculture:h12:f1:o225,5,1.1058686971664429,1.1058686971664429,0.0,1
SeasonalNaive,calibration,Agriculture:h12:f1:o225,6,1.0897231101989746,1.0897231101989746,0.0,1
SeasonalNaive,calibration,Agriculture:h12:f1:o225,7,1.1650691032409668,1.1650691032409668,0.0,1
SeasonalNaive,calibration,Agriculture:h12:f1:o225,8,1.1575344800949097,1.1575344800949097,0.0,1
SeasonalNaive,calibration,Agriculture:h12:f1:o225,9,1.3464375734329224,1.3464375734329224,0.0,1
SeasonalNaive,calibration,Agriculture:h12:f1:o225,10,1.2199640274047852,1.2199640274047852,0.0,1
SeasonalNaive,calibration,Agriculture:h12:f1:o225,11,1.4207072257995605,1.4207072257995605,0.0,1
SeasonalNaive,calibration,Agriculture:h12:f1:o225,12,1.3319066762924194,1.3319066762924194,0.0,1
SeasonalNaive,calibration,Agriculture:h12:f1:o226,1,1.1672217845916748,1.1672217845916748,0.0,1
SeasonalNaive,calibration,Agriculture:h12:f1:o226,2,0.9810096025466919,0.9810096025466919,0.0,1
SeasonalNaive,calibration,Agriculture:h12:f1:o226,3,1.2560224533081055,1.2560224533081055,0.0,1
SeasonalNaive,calibration,Agriculture:h12:f1:o226,4,1.1058686971664429,1.1058686971664429,0.0,1
SeasonalNaive,calibration,Agriculture:h12:f1:o226,5,1.0897231101989746,1.0897231101989746,0.0,1
SeasonalNaive,calibration,Agriculture:h12:f1:o226,6,1.1650691032409668,1.1650691032409668,0.0,1
SeasonalNaive,calibration,Agriculture:h12:f1:o226,7,1.1575344800949097,1.1575344800949097,0.0,1
SeasonalNaive,calibration,Agriculture:h12:f1:o226,8,1.3464375734329224,1.3464375734329224,0.0,1
SeasonalNaive,calibration,Agriculture:h12:f1:o226,9,1.2199640274047852,1.2199640274047852,0.0,1
SeasonalNaive,calibration,Agriculture:h12:f1:o226,10,1.4207072257995605,1.4207072257995605,0.0,1
SeasonalNaive,calibration,Agriculture:h12:f1:o226,11,1.3319066762924194,1.3319066762924194,0.0,1
SeasonalNaive,calibration,Agriculture:h12:f1:o226,12,1.5477190017700195,1.5477190017700195,0.0,1
SeasonalNaive,calibration,Agriculture:h12:f1:o227,1,0.9810096025466919,0.9810096025466919,0.0,1
SeasonalNaive,calibration,Agriculture:h12:f1:o227,2,1.2560224533081055,1.2560224533081055,0.0,1
SeasonalNaive,calibration,Agriculture:h12:f1:o227,3,1.1058686971664429,1.1058686971664429,0.0,1
SeasonalNaive,calibration,Agriculture:h12:f1:o227,4,1.0897231101989746,1.0897231101989746,0.0,1
SeasonalNaive,calibration,Agriculture:h12:f1:o227,5,1.1650691032409668,1.1650691032409668,0.0,1
SeasonalNaive,calibration,Agriculture:h12:f1:o227,6,1.1575344800949097,1.1575344800949097,0.0,1
SeasonalNaive,calibration,Agriculture:h12:f1:o227,7,1.3464375734329224,1.3464375734329224,0.0,1
SeasonalNaive,calibration,Agriculture:h12:f1:o227,8,1.2199640274047852,1.2199640274047852,0.0,1
SeasonalNaive,calibration,Agriculture:h12:f1:o227,9,1.4207072257995605,1.4207072257995605,0.0,1
SeasonalNaive,calibration,Agriculture:h12:f1:o227,10,1.3319066762924194,1.3319066762924194,0.0,1
SeasonalNaive,calibration,Agriculture:h12:f1:o227,11,1.5477190017700195,1.5477190017700195,0.0,1
SeasonalNaive,calibration,Agriculture:h12:f1:o227,12,1.4955151081085205,1.4955151081085205,0.0,1
SeasonalNaive,calibration,Agriculture:h12:f1:o228,1,1.2560224533081055,1.2560224533081055,0.0,1
SeasonalNaive,calibration,Agriculture:h12:f1:o228,2,1.1058686971664429,1.1058686971664429,0.0,1
SeasonalNaive,calibration,Agriculture:h12:f1:o228,3,1.0897231101989746,1.0897231101989746,0.0,1
SeasonalNaive,calibration,Agriculture:h12:f1:o228,4,1.1650691032409668,1.1650691032409668,0.0,1
SeasonalNaive,calibration,Agriculture:h12:f1:o228,5,1.1575344800949097,1.1575344800949097,0.0,1
SeasonalNaive,calibration,Agriculture:h12:f1:o228,6,1.3464375734329224,1.3464375734329224,0.0,1
SeasonalNaive,calibration,Agriculture:h12:f1:o228,7,1.2199640274047852,1.2199640274047852,0.0,1
SeasonalNaive,calibration,Agriculture:h12:f1:o228,8,1.4207072257995605,1.4207072257995605,0.0,1
SeasonalNaive,calibration,Agriculture:h12:f1:o228,9,1.3319066762924194,1.3319066762924194,0.0,1
SeasonalNaive,calibration,Agriculture:h12:f1:o228,10,1.5477190017700195,1.5477190017700195,0.0,1
SeasonalNaive,calibration,Agriculture:h12:f1:o228,11,1.4955151081085205,1.4955151081085205,0.0,1
SeasonalNaive,calibration,Agriculture:h12:f1:o228,12,1.3970271348953247,1.3970271348953247,0.0,1
SeasonalNaive,calibration,Agriculture:h12:f1:o229,1,1.1058686971664429,1.1058686971664429,0.0,1
SeasonalNaive,calibration,Agriculture:h12:f1:o229,2,1.0897231101989746,1.0897231101989746,0.0,1
SeasonalNaive,calibration,Agriculture:h12:f1:o229,3,1.1650691032409668,1.1650691032409668,0.0,1
SeasonalNaive,calibration,Agriculture:h12:f1:o229,4,1.1575344800949097,1.1575344800949097,0.0,1
SeasonalNaive,calibration,Agriculture:h12:f1:o229,5,1.3464375734329224,1.3464375734329224,0.0,1
SeasonalNaive,calibration,Agriculture:h12:f1:o229,6,1.2199640274047852,1.2199640274047852,0.0,1
SeasonalNaive,calibration,Agriculture:h12:f1:o229,7,1.4207072257995605,1.4207072257995605,0.0,1
SeasonalNaive,calibration,Agriculture:h12:f1:o229,8,1.3319066762924194,1.3319066762924194,0.0,1
SeasonalNaive,calibration,Agriculture:h12:f1:o229,9,1.5477190017700195,1.5477190017700195,0.0,1
SeasonalNaive,calibration,Agriculture:h12:f1:o229,10,1.4955151081085205,1.4955151081085205,0.0,1
SeasonalNaive,calibration,Agriculture:h12:f1:o229,11,1.3970271348953247,1.3970271348953247,0.0,1
SeasonalNaive,calibration,Agriculture:h12:f1:o229,12,1.3545104265213013,1.3545104265213013,0.0,1
SeasonalNaive,calibration,Agriculture:h12:f1:o230,1,1.0897231101989746,1.0897231101989746,0.0,1
SeasonalNaive,calibration,Agriculture:h12:f1:o230,2,1.1650691032409668,1.1650691032409668,0.0,1
SeasonalNaive,calibration,Agriculture:h12:f1:o230,3,1.1575344800949097,1.1575344800949097,0.0,1
SeasonalNaive,calibration,Agriculture:h12:f1:o230,4,1.3464375734329224,1.3464375734329224,0.0,1
SeasonalNaive,calibration,Agriculture:h12:f1:o230,5,1.2199640274047852,1.2199640274047852,0.0,1
SeasonalNaive,calibration,Agriculture:h12:f1:o230,6,1.4207072257995605,1.4207072257995605,0.0,1
SeasonalNaive,calibration,Agriculture:h12:f1:o230,7,1.3319066762924194,1.3319066762924194,0.0,1
SeasonalNaive,calibration,Agriculture:h12:f1:o230,8,1.5477190017700195,1.5477190017700195,0.0,1
SeasonalNaive,calibration,Agriculture:h12:f1:o230,9,1.4955151081085205,1.4955151081085205,0.0,1
SeasonalNaive,calibration,Agriculture:h12:f1:o230,10,1.3970271348953247,1.3970271348953247,0.0,1
SeasonalNaive,calibration,Agriculture:h12:f1:o230,11,1.3545104265213013,1.3545104265213013,0.0,1
SeasonalNaive,calibration,Agriculture:h12:f1:o230,12,1.291542649269104,1.291542649269104,0.0,1
SeasonalNaive,calibration,Agriculture:h12:f1:o231,1,1.1650691032409668,1.1650691032409668,0.0,1
SeasonalNaive,calibration,Agriculture:h12:f1:o231,2,1.1575344800949097,1.1575344800949097,0.0,1
SeasonalNaive,calibration,Agriculture:h12:f1:o231,3,1.3464375734329224,1.3464375734329224,0.0,1
SeasonalNaive,calibration,Agriculture:h12:f1:o231,4,1.2199640274047852,1.2199640274047852,0.0,1
SeasonalNaive,calibration,Agriculture:h12:f1:o231,5,1.4207072257995605,1.4207072257995605,0.0,1
SeasonalNaive,calibration,Agriculture:h12:f1:o231,6,1.3319066762924194,1.3319066762924194,0.0,1
SeasonalNaive,calibration,Agriculture:h12:f1:o231,7,1.5477190017700195,1.5477190017700195,0.0,1
SeasonalNaive,calibration,Agriculture:h12:f1:o231,8,1.4955151081085205,1.4955151081085205,0.0,1
SeasonalNaive,calibration,Agriculture:h12:f1:o231,9,1.3970271348953247,1.3970271348953247,0.0,1
SeasonalNaive,calibration,Agriculture:h12:f1:o231,10,1.3545104265213013,1.3545104265213013,0.0,1
SeasonalNaive,calibration,Agriculture:h12:f1:o231,11,1.291542649269104,1.291542649269104,0.0,1
SeasonalNaive,calibration,Agriculture:h12:f1:o231,12,1.3868016004562378,1.3868016004562378,0.0,1
SeasonalNaive,calibration,Agriculture:h12:f1:o232,1,1.1575344800949097,1.1575344800949097,0.0,1
SeasonalNaive,calibration,Agriculture:h12:f1:o232,2,1.3464375734329224,1.3464375734329224,0.0,1
SeasonalNaive,calibration,Agriculture:h12:f1:o232,3,1.2199640274047852,1.2199640274047852,0.0,1
SeasonalNaive,calibration,Agriculture:h12:f1:o232,4,1.4207072257995605,1.4207072257995605,0.0,1
SeasonalNaive,calibration,Agriculture:h12:f1:o232,5,1.3319066762924194,1.3319066762924194,0.0,1
SeasonalNaive,calibration,Agriculture:h12:f1:o232,6,1.5477190017700195,1.5477190017700195,0.0,1
SeasonalNaive,calibration,Agriculture:h12:f1:o232,7,1.4955151081085205,1.4955151081085205,0.0,1
SeasonalNaive,calibration,Agriculture:h12:f1:o232,8,1.3970271348953247,1.3970271348953247,0.0,1
SeasonalNaive,calibration,Agriculture:h12:f1:o232,9,1.3545104265213013,1.3545104265213013,0.0,1
SeasonalNaive,calibration,Agriculture:h12:f1:o232,10,1.291542649269104,1.291542649269104,0.0,1
SeasonalNaive,calibration,Agriculture:h12:f1:o232,11,1.3868016004562378,1.3868016004562378,0.0,1
SeasonalNaive,calibration,Agriculture:h12:f1:o232,12,1.367426872253418,1.367426872253418,0.0,1
SeasonalNaive,calibration,Agriculture:h12:f1:o233,1,1.3464375734329224,1.3464375734329224,0.0,1
SeasonalNaive,calibration,Agriculture:h12:f1:o233,2,1.2199640274047852,1.2199640274047852,0.0,1
SeasonalNaive,calibration,Agriculture:h12:f1:o233,3,1.4207072257995605,1.4207072257995605,0.0,1
SeasonalNaive,calibration,Agriculture:h12:f1:o233,4,1.3319066762924194,1.3319066762924194,0.0,1
SeasonalNaive,calibration,Agriculture:h12:f1:o233,5,1.5477190017700195,1.5477190017700195,0.0,1
SeasonalNaive,calibration,Agriculture:h12:f1:o233,6,1.4955151081085205,1.4955151081085205,0.0,1
SeasonalNaive,calibration,Agriculture:h12:f1:o233,7,1.3970271348953247,1.3970271348953247,0.0,1
SeasonalNaive,calibration,Agriculture:h12:f1:o233,8,1.3545104265213013,1.3545104265213013,0.0,1
SeasonalNaive,calibration,Agriculture:h12:f1:o233,9,1.291542649269104,1.291542649269104,0.0,1
SeasonalNaive,calibration,Agriculture:h12:f1:o233,10,1.3868016004562378,1.3868016004562378,0.0,1
SeasonalNaive,calibration,Agriculture:h12:f1:o233,11,1.367426872253418,1.367426872253418,0.0,1
SeasonalNaive,calibration,Agriculture:h12:f1:o233,12,1.156996250152588,1.156996250152588,0.0,1
SeasonalNaive,calibration,Agriculture:h12:f1:o234,1,1.2199640274047852,1.2199640274047852,0.0,1
SeasonalNaive,calibration,Agriculture:h12:f1:o234,2,1.4207072257995605,1.4207072257995605,0.0,1
SeasonalNaive,calibration,Agriculture:h12:f1:o234,3,1.3319066762924194,1.3319066762924194,0.0,1
SeasonalNaive,calibration,Agriculture:h12:f1:o234,4,1.5477190017700195,1.5477190017700195,0.0,1
SeasonalNaive,calibration,Agriculture:h12:f1:o234,5,1.4955151081085205,1.4955151081085205,0.0,1
SeasonalNaive,calibration,Agriculture:h12:f1:o234,6,1.3970271348953247,1.3970271348953247,0.0,1
SeasonalNaive,calibration,Agriculture:h12:f1:o234,7,1.3545104265213013,1.3545104265213013,0.0,1
SeasonalNaive,calibration,Agriculture:h12:f1:o234,8,1.291542649269104,1.291542649269104,0.0,1
SeasonalNaive,calibration,Agriculture:h12:f1:o234,9,1.3868016004562378,1.3868016004562378,0.0,1
SeasonalNaive,calibration,Agriculture:h12:f1:o234,10,1.367426872253418,1.367426872253418,0.0,1
SeasonalNaive,calibration,Agriculture:h12:f1:o234,11,1.156996250152588,1.156996250152588,0.0,1
SeasonalNaive,calibration,Agriculture:h12:f1:o234,12,1.3668886423110962,1.3668886423110962,0.0,1
SeasonalNaive,calibration,Agriculture:h12:f1:o235,1,1.4207072257995605,1.4207072257995605,0.0,1
SeasonalNaive,calibration,Agriculture:h12:f1:o235,2,1.3319066762924194,1.3319066762924194,0.0,1
SeasonalNaive,calibration,Agriculture:h12:f1:o235,3,1.5477190017700195,1.5477190017700195,0.0,1
SeasonalNaive,calibration,Agriculture:h12:f1:o235,4,1.4955151081085205,1.4955151081085205,0.0,1
SeasonalNaive,calibration,Agriculture:h12:f1:o235,5,1.3970271348953247,1.3970271348953247,0.0,1
SeasonalNaive,calibration,Agriculture:h12:f1:o235,6,1.3545104265213013,1.3545104265213013,0.0,1
SeasonalNaive,calibration,Agriculture:h12:f1:o235,7,1.291542649269104,1.291542649269104,0.0,1
SeasonalNaive,calibration,Agriculture:h12:f1:o235,8,1.3868016004562378,1.3868016004562378,0.0,1
SeasonalNaive,calibration,Agriculture:h12:f1:o235,9,1.367426872253418,1.367426872253418,0.0,1
SeasonalNaive,calibration,Agriculture:h12:f1:o235,10,1.156996250152588,1.156996250152588,0.0,1
SeasonalNaive,calibration,Agriculture:h12:f1:o235,11,1.3668886423110962,1.3668886423110962,0.0,1
SeasonalNaive,calibration,Agriculture:h12:f1:o235,12,1.4260890483856201,1.4260890483856201,0.0,1
SeasonalNaive,calibration,Agriculture:h12:f1:o236,1,1.3319066762924194,1.3319066762924194,0.0,1
SeasonalNaive,calibration,Agriculture:h12:f1:o236,2,1.5477190017700195,1.5477190017700195,0.0,1
SeasonalNaive,calibration,Agriculture:h12:f1:o236,3,1.4955151081085205,1.4955151081085205,0.0,1
SeasonalNaive,calibration,Agriculture:h12:f1:o236,4,1.3970271348953247,1.3970271348953247,0.0,1
SeasonalNaive,calibration,Agriculture:h12:f1:o236,5,1.3545104265213013,1.3545104265213013,0.0,1
SeasonalNaive,calibration,Agriculture:h12:f1:o236,6,1.291542649269104,1.291542649269104,0.0,1
SeasonalNaive,calibration,Agriculture:h12:f1:o236,7,1.3868016004562378,1.3868016004562378,0.0,1
SeasonalNaive,calibration,Agriculture:h12:f1:o236,8,1.367426872253418,1.367426872253418,0.0,1
SeasonalNaive,calibration,Agriculture:h12:f1:o236,9,1.156996250152588,1.156996250152588,0.0,1
SeasonalNaive,calibration,Agriculture:h12:f1:o236,10,1.3668886423110962,1.3668886423110962,0.0,1
SeasonalNaive,calibration,Agriculture:h12:f1:o236,11,1.4260890483856201,1.4260890483856201,0.0,1
SeasonalNaive,calibration,Agriculture:h12:f1:o236,12,1.3421320915222168,1.3421320915222168,0.0,1
SeasonalNaive,calibration,Agriculture:h12:f1:o237,1,1.5477190017700195,1.5477190017700195,0.0,1
SeasonalNaive,calibration,Agriculture:h12:f1:o237,2,1.4955151081085205,1.4955151081085205,0.0,1
SeasonalNaive,calibration,Agriculture:h12:f1:o237,3,1.3970271348953247,1.3970271348953247,0.0,1
SeasonalNaive,calibration,Agriculture:h12:f1:o237,4,1.3545104265213013,1.3545104265213013,0.0,1
SeasonalNaive,calibration,Agriculture:h12:f1:o237,5,1.291542649269104,1.291542649269104,0.0,1
SeasonalNaive,calibration,Agriculture:h12:f1:o237,6,1.3868016004562378,1.3868016004562378,0.0,1
SeasonalNaive,calibration,Agriculture:h12:f1:o237,7,1.367426872253418,1.367426872253418,0.0,1
SeasonalNaive,calibration,Agriculture:h12:f1:o237,8,1.156996250152588,1.156996250152588,0.0,1
SeasonalNaive,calibration,Agriculture:h12:f1:o237,9,1.3668886423110962,1.3668886423110962,0.0,1
SeasonalNaive,calibration,Agriculture:h12:f1:o237,10,1.4260890483856201,1.4260890483856201,0.0,1
SeasonalNaive,calibration,Agriculture:h12:f1:o237,11,1.3421320915222168,1.3421320915222168,0.0,1
SeasonalNaive,calibration,Agriculture:h12:f1:o237,12,1.4098399877548218,1.4098399877548218,0.0,1
SeasonalNaive,calibration,Agriculture:h12:f1:o238,1,1.4955151081085205,1.4955151081085205,0.0,1
SeasonalNaive,calibration,Agriculture:h12:f1:o238,2,1.3970271348953247,1.3970271348953247,0.0,1
SeasonalNaive,calibration,Agriculture:h12:f1:o238,3,1.3545104265213013,1.3545104265213013,0.0,1
SeasonalNaive,calibration,Agriculture:h12:f1:o238,4,1.291542649269104,1.291542649269104,0.0,1
SeasonalNaive,calibration,Agriculture:h12:f1:o238,5,1.3868016004562378,1.3868016004562378,0.0,1
SeasonalNaive,calibration,Agriculture:h12:f1:o238,6,1.367426872253418,1.367426872253418,0.0,1
SeasonalNaive,calibration,Agriculture:h12:f1:o238,7,1.156996250152588,1.156996250152588,0.0,1
SeasonalNaive,calibration,Agriculture:h12:f1:o238,8,1.3668886423110962,1.3668886423110962,0.0,1
SeasonalNaive,calibration,Agriculture:h12:f1:o238,9,1.4260890483856201,1.4260890483856201,0.0,1
SeasonalNaive,calibration,Agriculture:h12:f1:o238,10,1.3421320915222168,1.3421320915222168,0.0,1
SeasonalNaive,calibration,Agriculture:h12:f1:o238,11,1.4098399877548218,1.4098399877548218,0.0,1
SeasonalNaive,calibration,Agriculture:h12:f1:o238,12,1.374961495399475,1.374961495399475,0.0,1
SeasonalNaive,calibration,Agriculture:h12:f1:o239,1,1.3970271348953247,1.3970271348953247,0.0,1
SeasonalNaive,calibration,Agriculture:h12:f1:o239,2,1.3545104265213013,1.3545104265213013,0.0,1
SeasonalNaive,calibration,Agriculture:h12:f1:o239,3,1.291542649269104,1.291542649269104,0.0,1
SeasonalNaive,calibration,Agriculture:h12:f1:o239,4,1.3868016004562378,1.3868016004562378,0.0,1
SeasonalNaive,calibration,Agriculture:h12:f1:o239,5,1.367426872253418,1.367426872253418,0.0,1
SeasonalNaive,calibration,Agriculture:h12:f1:o239,6,1.156996250152588,1.156996250152588,0.0,1
SeasonalNaive,calibration,Agriculture:h12:f1:o239,7,1.3668886423110962,1.3668886423110962,0.0,1
SeasonalNaive,calibration,Agriculture:h12:f1:o239,8,1.4260890483856201,1.4260890483856201,0.0,1
SeasonalNaive,calibration,Agriculture:h12:f1:o239,9,1.3421320915222168,1.3421320915222168,0.0,1
SeasonalNaive,calibration,Agriculture:h12:f1:o239,10,1.4098399877548218,1.4098399877548218,0.0,1
SeasonalNaive,calibration,Agriculture:h12:f1:o239,11,1.374961495399475,1.374961495399475,0.0,1
SeasonalNaive,calibration,Agriculture:h12:f1:o239,12,1.4217835664749146,1.4217835664749146,0.0,1
SeasonalNaive,calibration,Agriculture:h12:f1:o240,1,1.3545104265213013,1.3545104265213013,0.0,1
SeasonalNaive,calibration,Agriculture:h12:f1:o240,2,1.291542649269104,1.291542649269104,0.0,1
SeasonalNaive,calibration,Agriculture:h12:f1:o240,3,1.3868016004562378,1.3868016004562378,0.0,1
SeasonalNaive,calibration,Agriculture:h12:f1:o240,4,1.367426872253418,1.367426872253418,0.0,1
SeasonalNaive,calibration,Agriculture:h12:f1:o240,5,1.156996250152588,1.156996250152588,0.0,1
SeasonalNaive,calibration,Agriculture:h12:f1:o240,6,1.3668886423110962,1.3668886423110962,0.0,1
SeasonalNaive,calibration,Agriculture:h12:f1:o240,7,1.4260890483856201,1.4260890483856201,0.0,1
SeasonalNaive,calibration,Agriculture:h12:f1:o240,8,1.3421320915222168,1.3421320915222168,0.0,1
SeasonalNaive,calibration,Agriculture:h12:f1:o240,9,1.4098399877548218,1.4098399877548218,0.0,1
SeasonalNaive,calibration,Agriculture:h12:f1:o240,10,1.374961495399475,1.374961495399475,0.0,1
SeasonalNaive,calibration,Agriculture:h12:f1:o240,11,1.4217835664749146,1.4217835664749146,0.0,1
SeasonalNaive,calibration,Agriculture:h12:f1:o240,12,1.066581130027771,1.066581130027771,0.0,1
SeasonalNaive,calibration,Agriculture:h12:f1:o241,1,1.291542649269104,1.291542649269104,0.0,1
SeasonalNaive,calibration,Agriculture:h12:f1:o241,2,1.3868016004562378,1.3868016004562378,0.0,1
SeasonalNaive,calibration,Agriculture:h12:f1:o241,3,1.367426872253418,1.367426872253418,0.0,1
SeasonalNaive,calibration,Agriculture:h12:f1:o241,4,1.156996250152588,1.156996250152588,0.0,1
SeasonalNaive,calibration,Agriculture:h12:f1:o241,5,1.3668886423110962,1.3668886423110962,0.0,1
SeasonalNaive,calibration,Agriculture:h12:f1:o241,6,1.4260890483856201,1.4260890483856201,0.0,1
SeasonalNaive,calibration,Agriculture:h12:f1:o241,7,1.3421320915222168,1.3421320915222168,0.0,1
SeasonalNaive,calibration,Agriculture:h12:f1:o241,8,1.4098399877548218,1.4098399877548218,0.0,1
SeasonalNaive,calibration,Agriculture:h12:f1:o241,9,1.374961495399475,1.374961495399475,0.0,1
SeasonalNaive,calibration,Agriculture:h12:f1:o241,10,1.4217835664749146,1.4217835664749146,0.0,1
SeasonalNaive,calibration,Agriculture:h12:f1:o241,11,1.066581130027771,1.066581130027771,0.0,1
SeasonalNaive,calibration,Agriculture:h12:f1:o241,12,1.3243720531463623,1.3243720531463623,0.0,1
SeasonalNaive,calibration,Agriculture:h12:f1:o242,1,1.3868016004562378,1.3868016004562378,0.0,1
SeasonalNaive,calibration,Agriculture:h12:f1:o242,2,1.367426872253418,1.367426872253418,0.0,1
SeasonalNaive,calibration,Agriculture:h12:f1:o242,3,1.156996250152588,1.156996250152588,0.0,1
SeasonalNaive,calibration,Agriculture:h12:f1:o242,4,1.3668886423110962,1.3668886423110962,0.0,1
SeasonalNaive,calibration,Agriculture:h12:f1:o242,5,1.4260890483856201,1.4260890483856201,0.0,1
SeasonalNaive,calibration,Agriculture:h12:f1:o242,6,1.3421320915222168,1.3421320915222168,0.0,1
SeasonalNaive,calibration,Agriculture:h12:f1:o242,7,1.4098399877548218,1.4098399877548218,0.0,1
SeasonalNaive,calibration,Agriculture:h12:f1:o242,8,1.374961495399475,1.374961495399475,0.0,1
SeasonalNaive,calibration,Agriculture:h12:f1:o242,9,1.4217835664749146,1.4217835664749146,0.0,1
SeasonalNaive,calibration,Agriculture:h12:f1:o242,10,1.066581130027771,1.066581130027771,0.0,1
SeasonalNaive,calibration,Agriculture:h12:f1:o242,11,1.3243720531463623,1.3243720531463623,0.0,1
SeasonalNaive,calibration,Agriculture:h12:f1:o242,12,1.1295487880706787,1.1295487880706787,0.0,1
SeasonalNaive,calibration,Agriculture:h12:f1:o243,1,1.367426872253418,1.367426872253418,0.0,1
SeasonalNaive,calibration,Agriculture:h12:f1:o243,2,1.156996250152588,1.156996250152588,0.0,1
SeasonalNaive,calibration,Agriculture:h12:f1:o243,3,1.3668886423110962,1.3668886423110962,0.0,1
SeasonalNaive,calibration,Agriculture:h12:f1:o243,4,1.4260890483856201,1.4260890483856201,0.0,1
SeasonalNaive,calibration,Agriculture:h12:f1:o243,5,1.3421320915222168,1.3421320915222168,0.0,1
SeasonalNaive,calibration,Agriculture:h12:f1:o243,6,1.4098399877548218,1.4098399877548218,0.0,1
SeasonalNaive,calibration,Agriculture:h12:f1:o243,7,1.374961495399475,1.374961495399475,0.0,1
SeasonalNaive,calibration,Agriculture:h12:f1:o243,8,1.4217835664749146,1.4217835664749146,0.0,1
SeasonalNaive,calibration,Agriculture:h12:f1:o243,9,1.066581130027771,1.066581130027771,0.0,1
SeasonalNaive,calibration,Agriculture:h12:f1:o243,10,1.3243720531463623,1.3243720531463623,0.0,1
SeasonalNaive,calibration,Agriculture:h12:f1:o243,11,1.1295487880706787,1.1295487880706787,0.0,1
SeasonalNaive,calibration,Agriculture:h12:f1:o243,12,1.373885154724121,1.373885154724121,0.0,1
SeasonalNaive,calibration,Agriculture:h12:f1:o244,1,1.156996250152588,1.156996250152588,0.0,1
SeasonalNaive,calibration,Agriculture:h12:f1:o244,2,1.3668886423110962,1.3668886423110962,0.0,1
SeasonalNaive,calibration,Agriculture:h12:f1:o244,3,1.4260890483856201,1.4260890483856201,0.0,1
SeasonalNaive,calibration,Agriculture:h12:f1:o244,4,1.3421320915222168,1.3421320915222168,0.0,1
SeasonalNaive,calibration,Agriculture:h12:f1:o244,5,1.4098399877548218,1.4098399877548218,0.0,1
SeasonalNaive,calibration,Agriculture:h12:f1:o244,6,1.374961495399475,1.374961495399475,0.0,1
SeasonalNaive,calibration,Agriculture:h12:f1:o244,7,1.4217835664749146,1.4217835664749146,0.0,1
SeasonalNaive,calibration,Agriculture:h12:f1:o244,8,1.066581130027771,1.066581130027771,0.0,1
SeasonalNaive,calibration,Agriculture:h12:f1:o244,9,1.3243720531463623,1.3243720531463623,0.0,1
SeasonalNaive,calibration,Agriculture:h12:f1:o244,10,1.1295487880706787,1.1295487880706787,0.0,1
SeasonalNaive,calibration,Agriculture:h12:f1:o244,11,1.373885154724121,1.373885154724121,0.0,1
SeasonalNaive,calibration,Agriculture:h12:f1:o244,12,1.4271655082702637,1.4271655082702637,0.0,1
SeasonalNaive,calibration,Agriculture:h12:f1:o245,1,1.3668886423110962,1.3668886423110962,0.0,1
SeasonalNaive,calibration,Agriculture:h12:f1:o245,2,1.4260890483856201,1.4260890483856201,0.0,1
SeasonalNaive,calibration,Agriculture:h12:f1:o245,3,1.3421320915222168,1.3421320915222168,0.0,1
SeasonalNaive,calibration,Agriculture:h12:f1:o245,4,1.4098399877548218,1.4098399877548218,0.0,1
SeasonalNaive,calibration,Agriculture:h12:f1:o245,5,1.374961495399475,1.374961495399475,0.0,1
SeasonalNaive,calibration,Agriculture:h12:f1:o245,6,1.4217835664749146,1.4217835664749146,0.0,1
SeasonalNaive,calibration,Agriculture:h12:f1:o245,7,1.066581130027771,1.066581130027771,0.0,1
SeasonalNaive,calibration,Agriculture:h12:f1:o245,8,1.3243720531463623,1.3243720531463623,0.0,1
SeasonalNaive,calibration,Agriculture:h12:f1:o245,9,1.1295487880706787,1.1295487880706787,0.0,1
SeasonalNaive,calibration,Agriculture:h12:f1:o245,10,1.373885154724121,1.373885154724121,0.0,1
SeasonalNaive,calibration,Agriculture:h12:f1:o245,11,1.4271655082702637,1.4271655082702637,0.0,1
SeasonalNaive,calibration,Agriculture:h12:f1:o245,12,1.452998399734497,1.452998399734497,0.0,1
SeasonalNaive,calibration,Agriculture:h12:f1:o246,1,1.4260890483856201,1.4260890483856201,0.0,1
SeasonalNaive,calibration,Agriculture:h12:f1:o246,2,1.3421320915222168,1.3421320915222168,0.0,1
SeasonalNaive,calibration,Agriculture:h12:f1:o246,3,1.4098399877548218,1.4098399877548218,0.0,1
SeasonalNaive,calibration,Agriculture:h12:f1:o246,4,1.374961495399475,1.374961495399475,0.0,1
SeasonalNaive,calibration,Agriculture:h12:f1:o246,5,1.4217835664749146,1.4217835664749146,0.0,1
SeasonalNaive,calibration,Agriculture:h12:f1:o246,6,1.066581130027771,1.066581130027771,0.0,1
SeasonalNaive,calibration,Agriculture:h12:f1:o246,7,1.3243720531463623,1.3243720531463623,0.0,1
SeasonalNaive,calibration,Agriculture:h12:f1:o246,8,1.1295487880706787,1.1295487880706787,0.0,1
SeasonalNaive,calibration,Agriculture:h12:f1:o246,9,1.373885154724121,1.373885154724121,0.0,1
SeasonalNaive,calibration,Agriculture:h12:f1:o246,10,1.4271655082702637,1.4271655082702637,0.0,1
SeasonalNaive,calibration,Agriculture:h12:f1:o246,11,1.452998399734497,1.452998399734497,0.0,1
SeasonalNaive,calibration,Agriculture:h12:f1:o246,12,1.3679651021957397,1.3679651021957397,0.0,1
SeasonalNaive,calibration,Agriculture:h12:f1:o247,1,1.3421320915222168,1.3421320915222168,0.0,1
SeasonalNaive,calibration,Agriculture:h12:f1:o247,2,1.4098399877548218,1.4098399877548218,0.0,1
SeasonalNaive,calibration,Agriculture:h12:f1:o247,3,1.374961495399475,1.374961495399475,0.0,1
SeasonalNaive,calibration,Agriculture:h12:f1:o247,4,1.4217835664749146,1.4217835664749146,0.0,1
SeasonalNaive,calibration,Agriculture:h12:f1:o247,5,1.066581130027771,1.066581130027771,0.0,1
SeasonalNaive,calibration,Agriculture:h12:f1:o247,6,1.3243720531463623,1.3243720531463623,0.0,1
SeasonalNaive,calibration,Agriculture:h12:f1:o247,7,1.1295487880706787,1.1295487880706787,0.0,1
SeasonalNaive,calibration,Agriculture:h12:f1:o247,8,1.373885154724121,1.373885154724121,0.0,1
SeasonalNaive,calibration,Agriculture:h12:f1:o247,9,1.4271655082702637,1.4271655082702637,0.0,1
SeasonalNaive,calibration,Agriculture:h12:f1:o247,10,1.452998399734497,1.452998399734497,0.0,1
SeasonalNaive,calibration,Agriculture:h12:f1:o247,11,1.3679651021957397,1.3679651021957397,0.0,1
SeasonalNaive,calibration,Agriculture:h12:f1:o247,12,1.4067144393920898,1.4067144393920898,0.0,1
SeasonalNaive,calibration,Agriculture:h12:f1:o248,1,1.4098399877548218,1.4098399877548218,0.0,1
SeasonalNaive,calibration,Agriculture:h12:f1:o248,2,1.374961495399475,1.374961495399475,0.0,1
SeasonalNaive,calibration,Agriculture:h12:f1:o248,3,1.4217835664749146,1.4217835664749146,0.0,1
SeasonalNaive,calibration,Agriculture:h12:f1:o248,4,1.066581130027771,1.066581130027771,0.0,1
SeasonalNaive,calibration,Agriculture:h12:f1:o248,5,1.3243720531463623,1.3243720531463623,0.0,1
SeasonalNaive,calibration,Agriculture:h12:f1:o248,6,1.1295487880706787,1.1295487880706787,0.0,1
SeasonalNaive,calibration,Agriculture:h12:f1:o248,7,1.373885154724121,1.373885154724121,0.0,1
SeasonalNaive,calibration,Agriculture:h12:f1:o248,8,1.4271655082702637,1.4271655082702637,0.0,1
SeasonalNaive,calibration,Agriculture:h12:f1:o248,9,1.452998399734497,1.452998399734497,0.0,1
SeasonalNaive,calibration,Agriculture:h12:f1:o248,10,1.3679651021957397,1.3679651021957397,0.0,1
SeasonalNaive,calibration,Agriculture:h12:f1:o248,11,1.4067144393920898,1.4067144393920898,0.0,1
SeasonalNaive,calibration,Agriculture:h12:f1:o248,12,1.5374935865402222,1.5374935865402222,0.0,1
SeasonalNaive,calibration,Agriculture:h12:f1:o249,1,1.374961495399475,1.374961495399475,0.0,1
SeasonalNaive,calibration,Agriculture:h12:f1:o249,2,1.4217835664749146,1.4217835664749146,0.0,1
SeasonalNaive,calibration,Agriculture:h12:f1:o249,3,1.066581130027771,1.066581130027771,0.0,1
SeasonalNaive,calibration,Agriculture:h12:f1:o249,4,1.3243720531463623,1.3243720531463623,0.0,1
SeasonalNaive,calibration,Agriculture:h12:f1:o249,5,1.1295487880706787,1.1295487880706787,0.0,1
SeasonalNaive,calibration,Agriculture:h12:f1:o249,6,1.373885154724121,1.373885154724121,0.0,1
SeasonalNaive,calibration,Agriculture:h12:f1:o249,7,1.4271655082702637,1.4271655082702637,0.0,1
SeasonalNaive,calibration,Agriculture:h12:f1:o249,8,1.452998399734497,1.452998399734497,0.0,1
SeasonalNaive,calibration,Agriculture:h12:f1:o249,9,1.3679651021957397,1.3679651021957397,0.0,1
SeasonalNaive,calibration,Agriculture:h12:f1:o249,10,1.4067144393920898,1.4067144393920898,0.0,1
SeasonalNaive,calibration,Agriculture:h12:f1:o249,11,1.5374935865402222,1.5374935865402222,0.0,1
SeasonalNaive,calibration,Agriculture:h12:f1:o249,12,1.4605330228805542,1.4605330228805542,0.0,1
SeasonalNaive,calibration,Agriculture:h12:f1:o250,1,1.4217835664749146,1.4217835664749146,0.0,1
SeasonalNaive,calibration,Agriculture:h12:f1:o250,2,1.066581130027771,1.066581130027771,0.0,1
SeasonalNaive,calibration,Agriculture:h12:f1:o250,3,1.3243720531463623,1.3243720531463623,0.0,1
SeasonalNaive,calibration,Agriculture:h12:f1:o250,4,1.1295487880706787,1.1295487880706787,0.0,1
SeasonalNaive,calibration,Agriculture:h12:f1:o250,5,1.373885154724121,1.373885154724121,0.0,1
SeasonalNaive,calibration,Agriculture:h12:f1:o250,6,1.4271655082702637,1.4271655082702637,0.0,1
SeasonalNaive,calibration,Agriculture:h12:f1:o250,7,1.452998399734497,1.452998399734497,0.0,1
SeasonalNaive,calibration,Agriculture:h12:f1:o250,8,1.3679651021957397,1.3679651021957397,0.0,1
SeasonalNaive,calibration,Agriculture:h12:f1:o250,9,1.4067144393920898,1.4067144393920898,0.0,1
SeasonalNaive,calibration,Agriculture:h12:f1:o250,10,1.5374935865402222,1.5374935865402222,0.0,1
SeasonalNaive,calibration,Agriculture:h12:f1:o250,11,1.4605330228805542,1.4605330228805542,0.0,1
SeasonalNaive,calibration,Agriculture:h12:f1:o250,12,1.4298564195632935,1.4298564195632935,0.0,1
SeasonalNaive,calibration,Agriculture:h12:f1:o251,1,1.066581130027771,1.066581130027771,0.0,1
SeasonalNaive,calibration,Agriculture:h12:f1:o251,2,1.3243720531463623,1.3243720531463623,0.0,1
SeasonalNaive,calibration,Agriculture:h12:f1:o251,3,1.1295487880706787,1.1295487880706787,0.0,1
SeasonalNaive,calibration,Agriculture:h12:f1:o251,4,1.373885154724121,1.373885154724121,0.0,1
SeasonalNaive,calibration,Agriculture:h12:f1:o251,5,1.4271655082702637,1.4271655082702637,0.0,1
SeasonalNaive,calibration,Agriculture:h12:f1:o251,6,1.452998399734497,1.452998399734497,0.0,1
SeasonalNaive,calibration,Agriculture:h12:f1:o251,7,1.3679651021957397,1.3679651021957397,0.0,1
SeasonalNaive,calibration,Agriculture:h12:f1:o251,8,1.4067144393920898,1.4067144393920898,0.0,1
SeasonalNaive,calibration,Agriculture:h12:f1:o251,9,1.5374935865402222,1.5374935865402222,0.0,1
SeasonalNaive,calibration,Agriculture:h12:f1:o251,10,1.4605330228805542,1.4605330228805542,0.0,1
SeasonalNaive,calibration,Agriculture:h12:f1:o251,11,1.4298564195632935,1.4298564195632935,0.0,1
SeasonalNaive,calibration,Agriculture:h12:f1:o251,12,1.1715272665023804,1.1715272665023804,0.0,1
SeasonalNaive,calibration,Agriculture:h12:f1:o252,1,1.3243720531463623,1.3243720531463623,0.0,1
SeasonalNaive,calibration,Agriculture:h12:f1:o252,2,1.1295487880706787,1.1295487880706787,0.0,1
SeasonalNaive,calibration,Agriculture:h12:f1:o252,3,1.373885154724121,1.373885154724121,0.0,1
SeasonalNaive,calibration,Agriculture:h12:f1:o252,4,1.4271655082702637,1.4271655082702637,0.0,1
SeasonalNaive,calibration,Agriculture:h12:f1:o252,5,1.452998399734497,1.452998399734497,0.0,1
SeasonalNaive,calibration,Agriculture:h12:f1:o252,6,1.3679651021957397,1.3679651021957397,0.0,1
SeasonalNaive,calibration,Agriculture:h12:f1:o252,7,1.4067144393920898,1.4067144393920898,0.0,1
SeasonalNaive,calibration,Agriculture:h12:f1:o252,8,1.5374935865402222,1.5374935865402222,0.0,1
SeasonalNaive,calibration,Agriculture:h12:f1:o252,9,1.4605330228805542,1.4605330228805542,0.0,1
SeasonalNaive,calibration,Agriculture:h12:f1:o252,10,1.4298564195632935,1.4298564195632935,0.0,1
SeasonalNaive,calibration,Agriculture:h12:f1:o252,11,1.1715272665023804,1.1715272665023804,0.0,1
SeasonalNaive,calibration,Agriculture:h12:f1:o252,12,1.4782930612564087,1.4782930612564087,0.0,1
SeasonalNaive,calibration,Agriculture:h12:f1:o253,1,1.1295487880706787,1.1295487880706787,0.0,1
SeasonalNaive,calibration,Agriculture:h12:f1:o253,2,1.373885154724121,1.373885154724121,0.0,1
SeasonalNaive,calibration,Agriculture:h12:f1:o253,3,1.4271655082702637,1.4271655082702637,0.0,1
SeasonalNaive,calibration,Agriculture:h12:f1:o253,4,1.452998399734497,1.452998399734497,0.0,1
SeasonalNaive,calibration,Agriculture:h12:f1:o253,5,1.3679651021957397,1.3679651021957397,0.0,1
SeasonalNaive,calibration,Agriculture:h12:f1:o253,6,1.4067144393920898,1.4067144393920898,0.0,1
SeasonalNaive,calibration,Agriculture:h12:f1:o253,7,1.5374935865402222,1.5374935865402222,0.0,1
SeasonalNaive,calibration,Agriculture:h12:f1:o253,8,1.4605330228805542,1.4605330228805542,0.0,1
SeasonalNaive,calibration,Agriculture:h12:f1:o253,9,1.4298564195632935,1.4298564195632935,0.0,1
SeasonalNaive,calibration,Agriculture:h12:f1:o253,10,1.1715272665023804,1.1715272665023804,0.0,1
SeasonalNaive,calibration,Agriculture:h12:f1:o253,11,1.4782930612564087,1.4782930612564087,0.0,1
SeasonalNaive,calibration,Agriculture:h12:f1:o253,12,1.4836750030517578,1.4836750030517578,0.0,1
SeasonalNaive,calibration,Agriculture:h12:f1:o254,1,1.373885154724121,1.373885154724121,0.0,1
SeasonalNaive,calibration,Agriculture:h12:f1:o254,2,1.4271655082702637,1.4271655082702637,0.0,1
SeasonalNaive,calibration,Agriculture:h12:f1:o254,3,1.452998399734497,1.452998399734497,0.0,1
SeasonalNaive,calibration,Agriculture:h12:f1:o254,4,1.3679651021957397,1.3679651021957397,0.0,1
SeasonalNaive,calibration,Agriculture:h12:f1:o254,5,1.4067144393920898,1.4067144393920898,0.0,1
SeasonalNaive,calibration,Agriculture:h12:f1:o254,6,1.5374935865402222,1.5374935865402222,0.0,1
SeasonalNaive,calibration,Agriculture:h12:f1:o254,7,1.4605330228805542,1.4605330228805542,0.0,1
SeasonalNaive,calibration,Agriculture:h12:f1:o254,8,1.4298564195632935,1.4298564195632935,0.0,1
SeasonalNaive,calibration,Agriculture:h12:f1:o254,9,1.1715272665023804,1.1715272665023804,0.0,1
SeasonalNaive,calibration,Agriculture:h12:f1:o254,10,1.4782930612564087,1.4782930612564087,0.0,1
SeasonalNaive,calibration,Agriculture:h12:f1:o254,11,1.4836750030517578,1.4836750030517578,0.0,1
SeasonalNaive,calibration,Agriculture:h12:f1:o254,12,1.3598922491073608,1.3598922491073608,0.0,1
SeasonalNaive,decision,Agriculture:h12:f1:o266,1,1.414249062538147,1.414249062538147,0.0,1
SeasonalNaive,decision,Agriculture:h12:f1:o266,2,1.4460020065307617,1.4460020065307617,0.0,1
SeasonalNaive,decision,Agriculture:h12:f1:o266,3,1.3636596202850342,1.3636596202850342,0.0,1
SeasonalNaive,decision,Agriculture:h12:f1:o266,4,1.3523576259613037,1.3523576259613037,0.0,1
SeasonalNaive,decision,Agriculture:h12:f1:o266,5,1.550948143005371,1.550948143005371,0.0,1
SeasonalNaive,decision,Agriculture:h12:f1:o266,6,1.7100012302398682,1.7100012302398682,0.0,1
SeasonalNaive,decision,Agriculture:h12:f1:o266,7,1.4963717460632324,1.4963717460632324,0.0,1
SeasonalNaive,decision,Agriculture:h12:f1:o266,8,1.722629427909851,1.722629427909851,0.0,1
SeasonalNaive,decision,Agriculture:h12:f1:o266,9,1.5794720649719238,1.5794720649719238,0.0,1
SeasonalNaive,decision,Agriculture:h12:f1:o266,10,1.6236032247543335,1.6236032247543335,0.0,1
SeasonalNaive,decision,Agriculture:h12:f1:o266,11,1.5859302282333374,1.5859302282333374,0.0,1
SeasonalNaive,decision,Agriculture:h12:f1:o266,12,1.7366222143173218,1.7366222143173218,0.0,1
SeasonalNaive,decision,Agriculture:h12:f1:o267,1,1.4460020065307617,1.4460020065307617,0.0,1
SeasonalNaive,decision,Agriculture:h12:f1:o267,2,1.3636596202850342,1.3636596202850342,0.0,1
SeasonalNaive,decision,Agriculture:h12:f1:o267,3,1.3523576259613037,1.3523576259613037,0.0,1
SeasonalNaive,decision,Agriculture:h12:f1:o267,4,1.550948143005371,1.550948143005371,0.0,1
SeasonalNaive,decision,Agriculture:h12:f1:o267,5,1.7100012302398682,1.7100012302398682,0.0,1
SeasonalNaive,decision,Agriculture:h12:f1:o267,6,1.4963717460632324,1.4963717460632324,0.0,1
SeasonalNaive,decision,Agriculture:h12:f1:o267,7,1.722629427909851,1.722629427909851,0.0,1
SeasonalNaive,decision,Agriculture:h12:f1:o267,8,1.5794720649719238,1.5794720649719238,0.0,1
SeasonalNaive,decision,Agriculture:h12:f1:o267,9,1.6236032247543335,1.6236032247543335,0.0,1
SeasonalNaive,decision,Agriculture:h12:f1:o267,10,1.5859302282333374,1.5859302282333374,0.0,1
SeasonalNaive,decision,Agriculture:h12:f1:o267,11,1.7366222143173218,1.7366222143173218,0.0,1
SeasonalNaive,decision,Agriculture:h12:f1:o267,12,1.5977703332901,1.5977703332901,0.0,1
SeasonalNaive,decision,Agriculture:h12:f1:o268,1,1.3636596202850342,1.3636596202850342,0.0,1
SeasonalNaive,decision,Agriculture:h12:f1:o268,2,1.3523576259613037,1.3523576259613037,0.0,1
SeasonalNaive,decision,Agriculture:h12:f1:o268,3,1.550948143005371,1.550948143005371,0.0,1
SeasonalNaive,decision,Agriculture:h12:f1:o268,4,1.7100012302398682,1.7100012302398682,0.0,1
SeasonalNaive,decision,Agriculture:h12:f1:o268,5,1.4963717460632324,1.4963717460632324,0.0,1
SeasonalNaive,decision,Agriculture:h12:f1:o268,6,1.722629427909851,1.722629427909851,0.0,1
SeasonalNaive,decision,Agriculture:h12:f1:o268,7,1.5794720649719238,1.5794720649719238,0.0,1
SeasonalNaive,decision,Agriculture:h12:f1:o268,8,1.6236032247543335,1.6236032247543335,0.0,1
SeasonalNaive,decision,Agriculture:h12:f1:o268,9,1.5859302282333374,1.5859302282333374,0.0,1
SeasonalNaive,decision,Agriculture:h12:f1:o268,10,1.7366222143173218,1.7366222143173218,0.0,1
SeasonalNaive,decision,Agriculture:h12:f1:o268,11,1.5977703332901,1.5977703332901,0.0,1
SeasonalNaive,decision,Agriculture:h12:f1:o268,12,1.7021783590316772,1.7021783590316772,0.0,1
SeasonalNaive,decision,Agriculture:h12:f1:o269,1,1.3523576259613037,1.3523576259613037,0.0,1
SeasonalNaive,decision,Agriculture:h12:f1:o269,2,1.550948143005371,1.550948143005371,0.0,1
SeasonalNaive,decision,Agriculture:h12:f1:o269,3,1.7100012302398682,1.7100012302398682,0.0,1
SeasonalNaive,decision,Agriculture:h12:f1:o269,4,1.4963717460632324,1.4963717460632324,0.0,1
SeasonalNaive,decision,Agriculture:h12:f1:o269,5,1.722629427909851,1.722629427909851,0.0,1
SeasonalNaive,decision,Agriculture:h12:f1:o269,6,1.5794720649719238,1.5794720649719238,0.0,1
SeasonalNaive,decision,Agriculture:h12:f1:o269,7,1.6236032247543335,1.6236032247543335,0.0,1
SeasonalNaive,decision,Agriculture:h12:f1:o269,8,1.5859302282333374,1.5859302282333374,0.0,1
SeasonalNaive,decision,Agriculture:h12:f1:o269,9,1.7366222143173218,1.7366222143173218,0.0,1
SeasonalNaive,decision,Agriculture:h12:f1:o269,10,1.5977703332901,1.5977703332901,0.0,1
SeasonalNaive,decision,Agriculture:h12:f1:o269,11,1.7021783590316772,1.7021783590316772,0.0,1
SeasonalNaive,decision,Agriculture:h12:f1:o269,12,1.6187595129013062,1.6187595129013062,0.0,1
SeasonalNaive,decision,Agriculture:h12:f1:o270,1,1.550948143005371,1.550948143005371,0.0,1
SeasonalNaive,decision,Agriculture:h12:f1:o270,2,1.7100012302398682,1.7100012302398682,0.0,1
SeasonalNaive,decision,Agriculture:h12:f1:o270,3,1.4963717460632324,1.4963717460632324,0.0,1
SeasonalNaive,decision,Agriculture:h12:f1:o270,4,1.722629427909851,1.722629427909851,0.0,1
SeasonalNaive,decision,Agriculture:h12:f1:o270,5,1.5794720649719238,1.5794720649719238,0.0,1
SeasonalNaive,decision,Agriculture:h12:f1:o270,6,1.6236032247543335,1.6236032247543335,0.0,1
SeasonalNaive,decision,Agriculture:h12:f1:o270,7,1.5859302282333374,1.5859302282333374,0.0,1
SeasonalNaive,decision,Agriculture:h12:f1:o270,8,1.7366222143173218,1.7366222143173218,0.0,1
SeasonalNaive,decision,Agriculture:h12:f1:o270,9,1.5977703332901,1.5977703332901,0.0,1
SeasonalNaive,decision,Agriculture:h12:f1:o270,10,1.7021783590316772,1.7021783590316772,0.0,1
SeasonalNaive,decision,Agriculture:h12:f1:o270,11,1.6187595129013062,1.6187595129013062,0.0,1
SeasonalNaive,decision,Agriculture:h12:f1:o270,12,1.5740901231765747,1.5740901231765747,0.0,1
SeasonalNaive,decision,Agriculture:h12:f1:o271,1,1.7100012302398682,1.7100012302398682,0.0,1
SeasonalNaive,decision,Agriculture:h12:f1:o271,2,1.4963717460632324,1.4963717460632324,0.0,1
SeasonalNaive,decision,Agriculture:h12:f1:o271,3,1.722629427909851,1.722629427909851,0.0,1
SeasonalNaive,decision,Agriculture:h12:f1:o271,4,1.5794720649719238,1.5794720649719238,0.0,1
SeasonalNaive,decision,Agriculture:h12:f1:o271,5,1.6236032247543335,1.6236032247543335,0.0,1
SeasonalNaive,decision,Agriculture:h12:f1:o271,6,1.5859302282333374,1.5859302282333374,0.0,1
SeasonalNaive,decision,Agriculture:h12:f1:o271,7,1.7366222143173218,1.7366222143173218,0.0,1
SeasonalNaive,decision,Agriculture:h12:f1:o271,8,1.5977703332901,1.5977703332901,0.0,1
SeasonalNaive,decision,Agriculture:h12:f1:o271,9,1.7021783590316772,1.7021783590316772,0.0,1
SeasonalNaive,decision,Agriculture:h12:f1:o271,10,1.6187595129013062,1.6187595129013062,0.0,1
SeasonalNaive,decision,Agriculture:h12:f1:o271,11,1.5740901231765747,1.5740901231765747,0.0,1
SeasonalNaive,decision,Agriculture:h12:f1:o271,12,1.6478215456008911,1.6478215456008911,0.0,1
SeasonalNaive,decision,Agriculture:h12:f1:o272,1,1.4963717460632324,1.4963717460632324,0.0,1
SeasonalNaive,decision,Agriculture:h12:f1:o272,2,1.722629427909851,1.722629427909851,0.0,1
SeasonalNaive,decision,Agriculture:h12:f1:o272,3,1.5794720649719238,1.5794720649719238,0.0,1
SeasonalNaive,decision,Agriculture:h12:f1:o272,4,1.6236032247543335,1.6236032247543335,0.0,1
SeasonalNaive,decision,Agriculture:h12:f1:o272,5,1.5859302282333374,1.5859302282333374,0.0,1
SeasonalNaive,decision,Agriculture:h12:f1:o272,6,1.7366222143173218,1.7366222143173218,0.0,1
SeasonalNaive,decision,Agriculture:h12:f1:o272,7,1.5977703332901,1.5977703332901,0.0,1
SeasonalNaive,decision,Agriculture:h12:f1:o272,8,1.7021783590316772,1.7021783590316772,0.0,1
SeasonalNaive,decision,Agriculture:h12:f1:o272,9,1.6187595129013062,1.6187595129013062,0.0,1
SeasonalNaive,decision,Agriculture:h12:f1:o272,10,1.5740901231765747,1.5740901231765747,0.0,1
SeasonalNaive,decision,Agriculture:h12:f1:o272,11,1.6478215456008911,1.6478215456008911,0.0,1
SeasonalNaive,decision,Agriculture:h12:f1:o272,12,1.8264992237091064,1.8264992237091064,0.0,1
SeasonalNaive,decision,Agriculture:h12:f1:o273,1,1.722629427909851,1.722629427909851,0.0,1
SeasonalNaive,decision,Agriculture:h12:f1:o273,2,1.5794720649719238,1.5794720649719238,0.0,1
SeasonalNaive,decision,Agriculture:h12:f1:o273,3,1.6236032247543335,1.6236032247543335,0.0,1
SeasonalNaive,decision,Agriculture:h12:f1:o273,4,1.5859302282333374,1.5859302282333374,0.0,1
SeasonalNaive,decision,Agriculture:h12:f1:o273,5,1.7366222143173218,1.7366222143173218,0.0,1
SeasonalNaive,decision,Agriculture:h12:f1:o273,6,1.5977703332901,1.5977703332901,0.0,1
SeasonalNaive,decision,Agriculture:h12:f1:o273,7,1.7021783590316772,1.7021783590316772,0.0,1
SeasonalNaive,decision,Agriculture:h12:f1:o273,8,1.6187595129013062,1.6187595129013062,0.0,1
SeasonalNaive,decision,Agriculture:h12:f1:o273,9,1.5740901231765747,1.5740901231765747,0.0,1
SeasonalNaive,decision,Agriculture:h12:f1:o273,10,1.6478215456008911,1.6478215456008911,0.0,1
SeasonalNaive,decision,Agriculture:h12:f1:o273,11,1.8264992237091064,1.8264992237091064,0.0,1
SeasonalNaive,decision,Agriculture:h12:f1:o273,12,1.8749358654022217,1.8749358654022217,0.0,1
SeasonalNaive,decision,Agriculture:h12:f1:o274,1,1.5794720649719238,1.5794720649719238,0.0,1
SeasonalNaive,decision,Agriculture:h12:f1:o274,2,1.6236032247543335,1.6236032247543335,0.0,1
SeasonalNaive,decision,Agriculture:h12:f1:o274,3,1.5859302282333374,1.5859302282333374,0.0,1
SeasonalNaive,decision,Agriculture:h12:f1:o274,4,1.7366222143173218,1.7366222143173218,0.0,1
SeasonalNaive,decision,Agriculture:h12:f1:o274,5,1.5977703332901,1.5977703332901,0.0,1
SeasonalNaive,decision,Agriculture:h12:f1:o274,6,1.7021783590316772,1.7021783590316772,0.0,1
SeasonalNaive,decision,Agriculture:h12:f1:o274,7,1.6187595129013062,1.6187595129013062,0.0,1
SeasonalNaive,decision,Agriculture:h12:f1:o274,8,1.5740901231765747,1.5740901231765747,0.0,1
SeasonalNaive,decision,Agriculture:h12:f1:o274,9,1.6478215456008911,1.6478215456008911,0.0,1
SeasonalNaive,decision,Agriculture:h12:f1:o274,10,1.8264992237091064,1.8264992237091064,0.0,1
SeasonalNaive,decision,Agriculture:h12:f1:o274,11,1.8749358654022217,1.8749358654022217,0.0,1
SeasonalNaive,decision,Agriculture:h12:f1:o274,12,1.8055099248886108,1.8055099248886108,0.0,1
SeasonalNaive,decision,Agriculture:h12:f1:o275,1,1.6236032247543335,1.6236032247543335,0.0,1
SeasonalNaive,decision,Agriculture:h12:f1:o275,2,1.5859302282333374,1.5859302282333374,0.0,1
SeasonalNaive,decision,Agriculture:h12:f1:o275,3,1.7366222143173218,1.7366222143173218,0.0,1
SeasonalNaive,decision,Agriculture:h12:f1:o275,4,1.5977703332901,1.5977703332901,0.0,1
SeasonalNaive,decision,Agriculture:h12:f1:o275,5,1.7021783590316772,1.7021783590316772,0.0,1
SeasonalNaive,decision,Agriculture:h12:f1:o275,6,1.6187595129013062,1.6187595129013062,0.0,1
SeasonalNaive,decision,Agriculture:h12:f1:o275,7,1.5740901231765747,1.5740901231765747,0.0,1
SeasonalNaive,decision,Agriculture:h12:f1:o275,8,1.6478215456008911,1.6478215456008911,0.0,1
SeasonalNaive,decision,Agriculture:h12:f1:o275,9,1.8264992237091064,1.8264992237091064,0.0,1
SeasonalNaive,decision,Agriculture:h12:f1:o275,10,1.8749358654022217,1.8749358654022217,0.0,1
SeasonalNaive,decision,Agriculture:h12:f1:o275,11,1.8055099248886108,1.8055099248886108,0.0,1
SeasonalNaive,decision,Agriculture:h12:f1:o275,12,1.94651460647583,1.94651460647583,0.0,1
SeasonalNaive,decision,Agriculture:h12:f1:o276,1,1.5859302282333374,1.5859302282333374,0.0,1
SeasonalNaive,decision,Agriculture:h12:f1:o276,2,1.7366222143173218,1.7366222143173218,0.0,1
SeasonalNaive,decision,Agriculture:h12:f1:o276,3,1.5977703332901,1.5977703332901,0.0,1
SeasonalNaive,decision,Agriculture:h12:f1:o276,4,1.7021783590316772,1.7021783590316772,0.0,1
SeasonalNaive,decision,Agriculture:h12:f1:o276,5,1.6187595129013062,1.6187595129013062,0.0,1
SeasonalNaive,decision,Agriculture:h12:f1:o276,6,1.5740901231765747,1.5740901231765747,0.0,1
SeasonalNaive,decision,Agriculture:h12:f1:o276,7,1.6478215456008911,1.6478215456008911,0.0,1
SeasonalNaive,decision,Agriculture:h12:f1:o276,8,1.8264992237091064,1.8264992237091064,0.0,1
SeasonalNaive,decision,Agriculture:h12:f1:o276,9,1.8749358654022217,1.8749358654022217,0.0,1
SeasonalNaive,decision,Agriculture:h12:f1:o276,10,1.8055099248886108,1.8055099248886108,0.0,1
SeasonalNaive,decision,Agriculture:h12:f1:o276,11,1.94651460647583,1.94651460647583,0.0,1
SeasonalNaive,decision,Agriculture:h12:f1:o276,12,1.8577139377593994,1.8577139377593994,0.0,1
SeasonalNaive,decision,Agriculture:h12:f1:o277,1,1.7366222143173218,1.7366222143173218,0.0,1
SeasonalNaive,decision,Agriculture:h12:f1:o277,2,1.5977703332901,1.5977703332901,0.0,1
SeasonalNaive,decision,Agriculture:h12:f1:o277,3,1.7021783590316772,1.7021783590316772,0.0,1
SeasonalNaive,decision,Agriculture:h12:f1:o277,4,1.6187595129013062,1.6187595129013062,0.0,1
SeasonalNaive,decision,Agriculture:h12:f1:o277,5,1.5740901231765747,1.5740901231765747,0.0,1
SeasonalNaive,decision,Agriculture:h12:f1:o277,6,1.6478215456008911,1.6478215456008911,0.0,1
SeasonalNaive,decision,Agriculture:h12:f1:o277,7,1.8264992237091064,1.8264992237091064,0.0,1
SeasonalNaive,decision,Agriculture:h12:f1:o277,8,1.8749358654022217,1.8749358654022217,0.0,1
SeasonalNaive,decision,Agriculture:h12:f1:o277,9,1.8055099248886108,1.8055099248886108,0.0,1
SeasonalNaive,decision,Agriculture:h12:f1:o277,10,1.94651460647583,1.94651460647583,0.0,1
SeasonalNaive,decision,Agriculture:h12:f1:o277,11,1.8577139377593994,1.8577139377593994,0.0,1
SeasonalNaive,decision,Agriculture:h12:f1:o277,12,1.5929266214370728,1.5929266214370728,0.0,1
SeasonalNaive,decision,Agriculture:h12:f1:o278,1,1.5977703332901,1.5977703332901,0.0,1
SeasonalNaive,decision,Agriculture:h12:f1:o278,2,1.7021783590316772,1.7021783590316772,0.0,1
SeasonalNaive,decision,Agriculture:h12:f1:o278,3,1.6187595129013062,1.6187595129013062,0.0,1
SeasonalNaive,decision,Agriculture:h12:f1:o278,4,1.5740901231765747,1.5740901231765747,0.0,1
SeasonalNaive,decision,Agriculture:h12:f1:o278,5,1.6478215456008911,1.6478215456008911,0.0,1
SeasonalNaive,decision,Agriculture:h12:f1:o278,6,1.8264992237091064,1.8264992237091064,0.0,1
SeasonalNaive,decision,Agriculture:h12:f1:o278,7,1.8749358654022217,1.8749358654022217,0.0,1
SeasonalNaive,decision,Agriculture:h12:f1:o278,8,1.8055099248886108,1.8055099248886108,0.0,1
SeasonalNaive,decision,Agriculture:h12:f1:o278,9,1.94651460647583,1.94651460647583,0.0,1
SeasonalNaive,decision,Agriculture:h12:f1:o278,10,1.8577139377593994,1.8577139377593994,0.0,1
SeasonalNaive,decision,Agriculture:h12:f1:o278,11,1.5929266214370728,1.5929266214370728,0.0,1
SeasonalNaive,decision,Agriculture:h12:f1:o278,12,1.523500680923462,1.523500680923462,0.0,1
SeasonalNaive,decision,Agriculture:h12:f1:o279,1,1.7021783590316772,1.7021783590316772,0.0,1
SeasonalNaive,decision,Agriculture:h12:f1:o279,2,1.6187595129013062,1.6187595129013062,0.0,1
SeasonalNaive,decision,Agriculture:h12:f1:o279,3,1.5740901231765747,1.5740901231765747,0.0,1
SeasonalNaive,decision,Agriculture:h12:f1:o279,4,1.6478215456008911,1.6478215456008911,0.0,1
SeasonalNaive,decision,Agriculture:h12:f1:o279,5,1.8264992237091064,1.8264992237091064,0.0,1
SeasonalNaive,decision,Agriculture:h12:f1:o279,6,1.8749358654022217,1.8749358654022217,0.0,1
SeasonalNaive,decision,Agriculture:h12:f1:o279,7,1.8055099248886108,1.8055099248886108,0.0,1
SeasonalNaive,decision,Agriculture:h12:f1:o279,8,1.94651460647583,1.94651460647583,0.0,1
SeasonalNaive,decision,Agriculture:h12:f1:o279,9,1.8577139377593994,1.8577139377593994,0.0,1
SeasonalNaive,decision,Agriculture:h12:f1:o279,10,1.5929266214370728,1.5929266214370728,0.0,1
SeasonalNaive,decision,Agriculture:h12:f1:o279,11,1.523500680923462,1.523500680923462,0.0,1
SeasonalNaive,decision,Agriculture:h12:f1:o279,12,1.6273704767227173,1.6273704767227173,0.0,1
SeasonalNaive,decision,Agriculture:h12:f1:o280,1,1.6187595129013062,1.6187595129013062,0.0,1
SeasonalNaive,decision,Agriculture:h12:f1:o280,2,1.5740901231765747,1.5740901231765747,0.0,1
SeasonalNaive,decision,Agriculture:h12:f1:o280,3,1.6478215456008911,1.6478215456008911,0.0,1
SeasonalNaive,decision,Agriculture:h12:f1:o280,4,1.8264992237091064,1.8264992237091064,0.0,1
SeasonalNaive,decision,Agriculture:h12:f1:o280,5,1.8749358654022217,1.8749358654022217,0.0,1
SeasonalNaive,decision,Agriculture:h12:f1:o280,6,1.8055099248886108,1.8055099248886108,0.0,1
SeasonalNaive,decision,Agriculture:h12:f1:o280,7,1.94651460647583,1.94651460647583,0.0,1
SeasonalNaive,decision,Agriculture:h12:f1:o280,8,1.8577139377593994,1.8577139377593994,0.0,1
SeasonalNaive,decision,Agriculture:h12:f1:o280,9,1.5929266214370728,1.5929266214370728,0.0,1
SeasonalNaive,decision,Agriculture:h12:f1:o280,10,1.523500680923462,1.523500680923462,0.0,1
SeasonalNaive,decision,Agriculture:h12:f1:o280,11,1.6273704767227173,1.6273704767227173,0.0,1
SeasonalNaive,decision,Agriculture:h12:f1:o280,12,1.7500768899917603,1.7500768899917603,0.0,1
SeasonalNaive,decision,Agriculture:h12:f1:o281,1,1.5740901231765747,1.5740901231765747,0.0,1
SeasonalNaive,decision,Agriculture:h12:f1:o281,2,1.6478215456008911,1.6478215456008911,0.0,1
SeasonalNaive,decision,Agriculture:h12:f1:o281,3,1.8264992237091064,1.8264992237091064,0.0,1
SeasonalNaive,decision,Agriculture:h12:f1:o281,4,1.8749358654022217,1.8749358654022217,0.0,1
SeasonalNaive,decision,Agriculture:h12:f1:o281,5,1.8055099248886108,1.8055099248886108,0.0,1
SeasonalNaive,decision,Agriculture:h12:f1:o281,6,1.94651460647583,1.94651460647583,0.0,1
SeasonalNaive,decision,Agriculture:h12:f1:o281,7,1.8577139377593994,1.8577139377593994,0.0,1
SeasonalNaive,decision,Agriculture:h12:f1:o281,8,1.5929266214370728,1.5929266214370728,0.0,1
SeasonalNaive,decision,Agriculture:h12:f1:o281,9,1.523500680923462,1.523500680923462,0.0,1
SeasonalNaive,decision,Agriculture:h12:f1:o281,10,1.6273704767227173,1.6273704767227173,0.0,1
SeasonalNaive,decision,Agriculture:h12:f1:o281,11,1.7500768899917603,1.7500768899917603,0.0,1
SeasonalNaive,decision,Agriculture:h12:f1:o281,12,1.6548179388046265,1.6548179388046265,0.0,1
SeasonalNaive,decision,Agriculture:h12:f1:o282,1,1.6478215456008911,1.6478215456008911,0.0,1
SeasonalNaive,decision,Agriculture:h12:f1:o282,2,1.8264992237091064,1.8264992237091064,0.0,1
SeasonalNaive,decision,Agriculture:h12:f1:o282,3,1.8749358654022217,1.8749358654022217,0.0,1
SeasonalNaive,decision,Agriculture:h12:f1:o282,4,1.8055099248886108,1.8055099248886108,0.0,1
SeasonalNaive,decision,Agriculture:h12:f1:o282,5,1.94651460647583,1.94651460647583,0.0,1
SeasonalNaive,decision,Agriculture:h12:f1:o282,6,1.8577139377593994,1.8577139377593994,0.0,1
SeasonalNaive,decision,Agriculture:h12:f1:o282,7,1.5929266214370728,1.5929266214370728,0.0,1
SeasonalNaive,decision,Agriculture:h12:f1:o282,8,1.523500680923462,1.523500680923462,0.0,1
SeasonalNaive,decision,Agriculture:h12:f1:o282,9,1.6273704767227173,1.6273704767227173,0.0,1
SeasonalNaive,decision,Agriculture:h12:f1:o282,10,1.7500768899917603,1.7500768899917603,0.0,1
SeasonalNaive,decision,Agriculture:h12:f1:o282,11,1.6548179388046265,1.6548179388046265,0.0,1
SeasonalNaive,decision,Agriculture:h12:f1:o282,12,1.5899624824523926,1.5899624824523926,0.0,1
SeasonalNaive,decision,Agriculture:h12:f1:o283,1,1.8264992237091064,1.8264992237091064,0.0,1
SeasonalNaive,decision,Agriculture:h12:f1:o283,2,1.8749358654022217,1.8749358654022217,0.0,1
SeasonalNaive,decision,Agriculture:h12:f1:o283,3,1.8055099248886108,1.8055099248886108,0.0,1
SeasonalNaive,decision,Agriculture:h12:f1:o283,4,1.94651460647583,1.94651460647583,0.0,1
SeasonalNaive,decision,Agriculture:h12:f1:o283,5,1.8577139377593994,1.8577139377593994,0.0,1
SeasonalNaive,decision,Agriculture:h12:f1:o283,6,1.5929266214370728,1.5929266214370728,0.0,1
SeasonalNaive,decision,Agriculture:h12:f1:o283,7,1.523500680923462,1.523500680923462,0.0,1
SeasonalNaive,decision,Agriculture:h12:f1:o283,8,1.6273704767227173,1.6273704767227173,0.0,1
SeasonalNaive,decision,Agriculture:h12:f1:o283,9,1.7500768899917603,1.7500768899917603,0.0,1
SeasonalNaive,decision,Agriculture:h12:f1:o283,10,1.6548179388046265,1.6548179388046265,0.0,1
SeasonalNaive,decision,Agriculture:h12:f1:o283,11,1.5899624824523926,1.5899624824523926,0.0,1
SeasonalNaive,decision,Agriculture:h12:f1:o283,12,1.7410539388656616,1.7410539388656616,0.0,1
SeasonalNaive,decision,Agriculture:h12:f1:o284,1,1.8749358654022217,1.8749358654022217,0.0,1
SeasonalNaive,decision,Agriculture:h12:f1:o284,2,1.8055099248886108,1.8055099248886108,0.0,1
SeasonalNaive,decision,Agriculture:h12:f1:o284,3,1.94651460647583,1.94651460647583,0.0,1
SeasonalNaive,decision,Agriculture:h12:f1:o284,4,1.8577139377593994,1.8577139377593994,0.0,1
SeasonalNaive,decision,Agriculture:h12:f1:o284,5,1.5929266214370728,1.5929266214370728,0.0,1
SeasonalNaive,decision,Agriculture:h12:f1:o284,6,1.523500680923462,1.523500680923462,0.0,1
SeasonalNaive,decision,Agriculture:h12:f1:o284,7,1.6273704767227173,1.6273704767227173,0.0,1
SeasonalNaive,decision,Agriculture:h12:f1:o284,8,1.7500768899917603,1.7500768899917603,0.0,1
SeasonalNaive,decision,Agriculture:h12:f1:o284,9,1.6548179388046265,1.6548179388046265,0.0,1
SeasonalNaive,decision,Agriculture:h12:f1:o284,10,1.5899624824523926,1.5899624824523926,0.0,1
SeasonalNaive,decision,Agriculture:h12:f1:o284,11,1.7410539388656616,1.7410539388656616,0.0,1
SeasonalNaive,decision,Agriculture:h12:f1:o284,12,1.6891707181930542,1.6891707181930542,0.0,1
SeasonalNaive,decision,Agriculture:h12:f1:o285,1,1.8055099248886108,1.8055099248886108,0.0,1
SeasonalNaive,decision,Agriculture:h12:f1:o285,2,1.94651460647583,1.94651460647583,0.0,1
SeasonalNaive,decision,Agriculture:h12:f1:o285,3,1.8577139377593994,1.8577139377593994,0.0,1
SeasonalNaive,decision,Agriculture:h12:f1:o285,4,1.5929266214370728,1.5929266214370728,0.0,1
SeasonalNaive,decision,Agriculture:h12:f1:o285,5,1.523500680923462,1.523500680923462,0.0,1
SeasonalNaive,decision,Agriculture:h12:f1:o285,6,1.6273704767227173,1.6273704767227173,0.0,1
SeasonalNaive,decision,Agriculture:h12:f1:o285,7,1.7500768899917603,1.7500768899917603,0.0,1
SeasonalNaive,decision,Agriculture:h12:f1:o285,8,1.6548179388046265,1.6548179388046265,0.0,1
SeasonalNaive,decision,Agriculture:h12:f1:o285,9,1.5899624824523926,1.5899624824523926,0.0,1
SeasonalNaive,decision,Agriculture:h12:f1:o285,10,1.7410539388656616,1.7410539388656616,0.0,1
SeasonalNaive,decision,Agriculture:h12:f1:o285,11,1.6891707181930542,1.6891707181930542,0.0,1
SeasonalNaive,decision,Agriculture:h12:f1:o285,12,1.69256591796875,1.69256591796875,0.0,1
SeasonalNaive,decision,Agriculture:h12:f1:o286,1,1.94651460647583,1.94651460647583,0.0,1
SeasonalNaive,decision,Agriculture:h12:f1:o286,2,1.8577139377593994,1.8577139377593994,0.0,1
SeasonalNaive,decision,Agriculture:h12:f1:o286,3,1.5929266214370728,1.5929266214370728,0.0,1
SeasonalNaive,decision,Agriculture:h12:f1:o286,4,1.523500680923462,1.523500680923462,0.0,1
SeasonalNaive,decision,Agriculture:h12:f1:o286,5,1.6273704767227173,1.6273704767227173,0.0,1
SeasonalNaive,decision,Agriculture:h12:f1:o286,6,1.7500768899917603,1.7500768899917603,0.0,1
SeasonalNaive,decision,Agriculture:h12:f1:o286,7,1.6548179388046265,1.6548179388046265,0.0,1
SeasonalNaive,decision,Agriculture:h12:f1:o286,8,1.5899624824523926,1.5899624824523926,0.0,1
SeasonalNaive,decision,Agriculture:h12:f1:o286,9,1.7410539388656616,1.7410539388656616,0.0,1
SeasonalNaive,decision,Agriculture:h12:f1:o286,10,1.6891707181930542,1.6891707181930542,0.0,1
SeasonalNaive,decision,Agriculture:h12:f1:o286,11,1.69256591796875,1.69256591796875,0.0,1
SeasonalNaive,decision,Agriculture:h12:f1:o286,12,1.8819305896759033,1.8819305896759033,0.0,1
SeasonalNaive,decision,Agriculture:h12:f1:o287,1,1.8577139377593994,1.8577139377593994,0.0,1
SeasonalNaive,decision,Agriculture:h12:f1:o287,2,1.5929266214370728,1.5929266214370728,0.0,1
SeasonalNaive,decision,Agriculture:h12:f1:o287,3,1.523500680923462,1.523500680923462,0.0,1
SeasonalNaive,decision,Agriculture:h12:f1:o287,4,1.6273704767227173,1.6273704767227173,0.0,1
SeasonalNaive,decision,Agriculture:h12:f1:o287,5,1.7500768899917603,1.7500768899917603,0.0,1
SeasonalNaive,decision,Agriculture:h12:f1:o287,6,1.6548179388046265,1.6548179388046265,0.0,1
SeasonalNaive,decision,Agriculture:h12:f1:o287,7,1.5899624824523926,1.5899624824523926,0.0,1
SeasonalNaive,decision,Agriculture:h12:f1:o287,8,1.7410539388656616,1.7410539388656616,0.0,1
SeasonalNaive,decision,Agriculture:h12:f1:o287,9,1.6891707181930542,1.6891707181930542,0.0,1
SeasonalNaive,decision,Agriculture:h12:f1:o287,10,1.69256591796875,1.69256591796875,0.0,1
SeasonalNaive,decision,Agriculture:h12:f1:o287,11,1.8819305896759033,1.8819305896759033,0.0,1
SeasonalNaive,decision,Agriculture:h12:f1:o287,12,1.805521011352539,1.805521011352539,0.0,1
SeasonalNaive,decision,Agriculture:h12:f1:o288,1,1.5929266214370728,1.5929266214370728,0.0,1
SeasonalNaive,decision,Agriculture:h12:f1:o288,2,1.523500680923462,1.523500680923462,0.0,1
SeasonalNaive,decision,Agriculture:h12:f1:o288,3,1.6273704767227173,1.6273704767227173,0.0,1
SeasonalNaive,decision,Agriculture:h12:f1:o288,4,1.7500768899917603,1.7500768899917603,0.0,1
SeasonalNaive,decision,Agriculture:h12:f1:o288,5,1.6548179388046265,1.6548179388046265,0.0,1
SeasonalNaive,decision,Agriculture:h12:f1:o288,6,1.5899624824523926,1.5899624824523926,0.0,1
SeasonalNaive,decision,Agriculture:h12:f1:o288,7,1.7410539388656616,1.7410539388656616,0.0,1
SeasonalNaive,decision,Agriculture:h12:f1:o288,8,1.6891707181930542,1.6891707181930542,0.0,1
SeasonalNaive,decision,Agriculture:h12:f1:o288,9,1.69256591796875,1.69256591796875,0.0,1
SeasonalNaive,decision,Agriculture:h12:f1:o288,10,1.8819305896759033,1.8819305896759033,0.0,1
SeasonalNaive,decision,Agriculture:h12:f1:o288,11,1.805521011352539,1.805521011352539,0.0,1
SeasonalNaive,decision,Agriculture:h12:f1:o288,12,1.8792543411254883,1.8792543411254883,0.0,1
SeasonalNaive,decision,Agriculture:h12:f1:o289,1,1.523500680923462,1.523500680923462,0.0,1
SeasonalNaive,decision,Agriculture:h12:f1:o289,2,1.6273704767227173,1.6273704767227173,0.0,1
SeasonalNaive,decision,Agriculture:h12:f1:o289,3,1.7500768899917603,1.7500768899917603,0.0,1
SeasonalNaive,decision,Agriculture:h12:f1:o289,4,1.6548179388046265,1.6548179388046265,0.0,1
SeasonalNaive,decision,Agriculture:h12:f1:o289,5,1.5899624824523926,1.5899624824523926,0.0,1
SeasonalNaive,decision,Agriculture:h12:f1:o289,6,1.7410539388656616,1.7410539388656616,0.0,1
SeasonalNaive,decision,Agriculture:h12:f1:o289,7,1.6891707181930542,1.6891707181930542,0.0,1
SeasonalNaive,decision,Agriculture:h12:f1:o289,8,1.69256591796875,1.69256591796875,0.0,1
SeasonalNaive,decision,Agriculture:h12:f1:o289,9,1.8819305896759033,1.8819305896759033,0.0,1
SeasonalNaive,decision,Agriculture:h12:f1:o289,10,1.805521011352539,1.805521011352539,0.0,1
SeasonalNaive,decision,Agriculture:h12:f1:o289,11,1.8792543411254883,1.8792543411254883,0.0,1
SeasonalNaive,decision,Agriculture:h12:f1:o289,12,1.9317258596420288,1.9317258596420288,0.0,1
SeasonalNaive,decision,Agriculture:h12:f1:o290,1,1.6273704767227173,1.6273704767227173,0.0,1
SeasonalNaive,decision,Agriculture:h12:f1:o290,2,1.7500768899917603,1.7500768899917603,0.0,1
SeasonalNaive,decision,Agriculture:h12:f1:o290,3,1.6548179388046265,1.6548179388046265,0.0,1
SeasonalNaive,decision,Agriculture:h12:f1:o290,4,1.5899624824523926,1.5899624824523926,0.0,1
SeasonalNaive,decision,Agriculture:h12:f1:o290,5,1.7410539388656616,1.7410539388656616,0.0,1
SeasonalNaive,decision,Agriculture:h12:f1:o290,6,1.6891707181930542,1.6891707181930542,0.0,1
SeasonalNaive,decision,Agriculture:h12:f1:o290,7,1.69256591796875,1.69256591796875,0.0,1
SeasonalNaive,decision,Agriculture:h12:f1:o290,8,1.8819305896759033,1.8819305896759033,0.0,1
SeasonalNaive,decision,Agriculture:h12:f1:o290,9,1.805521011352539,1.805521011352539,0.0,1
SeasonalNaive,decision,Agriculture:h12:f1:o290,10,1.8792543411254883,1.8792543411254883,0.0,1
SeasonalNaive,decision,Agriculture:h12:f1:o290,11,1.9317258596420288,1.9317258596420288,0.0,1
SeasonalNaive,decision,Agriculture:h12:f1:o290,12,1.9852620363235474,1.9852620363235474,0.0,1
SeasonalNaive,decision,Agriculture:h12:f1:o291,1,1.7500768899917603,1.7500768899917603,0.0,1
SeasonalNaive,decision,Agriculture:h12:f1:o291,2,1.6548179388046265,1.6548179388046265,0.0,1
SeasonalNaive,decision,Agriculture:h12:f1:o291,3,1.5899624824523926,1.5899624824523926,0.0,1
SeasonalNaive,decision,Agriculture:h12:f1:o291,4,1.7410539388656616,1.7410539388656616,0.0,1
SeasonalNaive,decision,Agriculture:h12:f1:o291,5,1.6891707181930542,1.6891707181930542,0.0,1
SeasonalNaive,decision,Agriculture:h12:f1:o291,6,1.69256591796875,1.69256591796875,0.0,1
SeasonalNaive,decision,Agriculture:h12:f1:o291,7,1.8819305896759033,1.8819305896759033,0.0,1
SeasonalNaive,decision,Agriculture:h12:f1:o291,8,1.805521011352539,1.805521011352539,0.0,1
SeasonalNaive,decision,Agriculture:h12:f1:o291,9,1.8792543411254883,1.8792543411254883,0.0,1
SeasonalNaive,decision,Agriculture:h12:f1:o291,10,1.9317258596420288,1.9317258596420288,0.0,1
SeasonalNaive,decision,Agriculture:h12:f1:o291,11,1.9852620363235474,1.9852620363235474,0.0,1
SeasonalNaive,decision,Agriculture:h12:f1:o291,12,2.0017855167388916,2.0017855167388916,0.0,1
SeasonalNaive,decision,Agriculture:h12:f1:o292,1,1.6548179388046265,1.6548179388046265,0.0,1
SeasonalNaive,decision,Agriculture:h12:f1:o292,2,1.5899624824523926,1.5899624824523926,0.0,1
SeasonalNaive,decision,Agriculture:h12:f1:o292,3,1.7410539388656616,1.7410539388656616,0.0,1
SeasonalNaive,decision,Agriculture:h12:f1:o292,4,1.6891707181930542,1.6891707181930542,0.0,1
SeasonalNaive,decision,Agriculture:h12:f1:o292,5,1.69256591796875,1.69256591796875,0.0,1
SeasonalNaive,decision,Agriculture:h12:f1:o292,6,1.8819305896759033,1.8819305896759033,0.0,1
SeasonalNaive,decision,Agriculture:h12:f1:o292,7,1.805521011352539,1.805521011352539,0.0,1
SeasonalNaive,decision,Agriculture:h12:f1:o292,8,1.8792543411254883,1.8792543411254883,0.0,1
SeasonalNaive,decision,Agriculture:h12:f1:o292,9,1.9317258596420288,1.9317258596420288,0.0,1
SeasonalNaive,decision,Agriculture:h12:f1:o292,10,1.9852620363235474,1.9852620363235474,0.0,1
SeasonalNaive,decision,Agriculture:h12:f1:o292,11,2.0017855167388916,2.0017855167388916,0.0,1
SeasonalNaive,decision,Agriculture:h12:f1:o292,12,2.0145347118377686,2.0145347118377686,0.0,1
SeasonalNaive,decision,Agriculture:h12:f1:o293,1,1.5899624824523926,1.5899624824523926,0.0,1
SeasonalNaive,decision,Agriculture:h12:f1:o293,2,1.7410539388656616,1.7410539388656616,0.0,1
SeasonalNaive,decision,Agriculture:h12:f1:o293,3,1.6891707181930542,1.6891707181930542,0.0,1
SeasonalNaive,decision,Agriculture:h12:f1:o293,4,1.69256591796875,1.69256591796875,0.0,1
SeasonalNaive,decision,Agriculture:h12:f1:o293,5,1.8819305896759033,1.8819305896759033,0.0,1
SeasonalNaive,decision,Agriculture:h12:f1:o293,6,1.805521011352539,1.805521011352539,0.0,1
SeasonalNaive,decision,Agriculture:h12:f1:o293,7,1.8792543411254883,1.8792543411254883,0.0,1
SeasonalNaive,decision,Agriculture:h12:f1:o293,8,1.9317258596420288,1.9317258596420288,0.0,1
SeasonalNaive,decision,Agriculture:h12:f1:o293,9,1.9852620363235474,1.9852620363235474,0.0,1
SeasonalNaive,decision,Agriculture:h12:f1:o293,10,2.0017855167388916,2.0017855167388916,0.0,1
SeasonalNaive,decision,Agriculture:h12:f1:o293,11,2.0145347118377686,2.0145347118377686,0.0,1
SeasonalNaive,decision,Agriculture:h12:f1:o293,12,2.399919033050537,2.399919033050537,0.0,1
SeasonalNaive,decision,Agriculture:h12:f1:o294,1,1.7410539388656616,1.7410539388656616,0.0,1
SeasonalNaive,decision,Agriculture:h12:f1:o294,2,1.6891707181930542,1.6891707181930542,0.0,1
SeasonalNaive,decision,Agriculture:h12:f1:o294,3,1.69256591796875,1.69256591796875,0.0,1
SeasonalNaive,decision,Agriculture:h12:f1:o294,4,1.8819305896759033,1.8819305896759033,0.0,1
SeasonalNaive,decision,Agriculture:h12:f1:o294,5,1.805521011352539,1.805521011352539,0.0,1
SeasonalNaive,decision,Agriculture:h12:f1:o294,6,1.8792543411254883,1.8792543411254883,0.0,1
SeasonalNaive,decision,Agriculture:h12:f1:o294,7,1.9317258596420288,1.9317258596420288,0.0,1
SeasonalNaive,decision,Agriculture:h12:f1:o294,8,1.9852620363235474,1.9852620363235474,0.0,1
SeasonalNaive,decision,Agriculture:h12:f1:o294,9,2.0017855167388916,2.0017855167388916,0.0,1
SeasonalNaive,decision,Agriculture:h12:f1:o294,10,2.0145347118377686,2.0145347118377686,0.0,1
SeasonalNaive,decision,Agriculture:h12:f1:o294,11,2.399919033050537,2.399919033050537,0.0,1
SeasonalNaive,decision,Agriculture:h12:f1:o294,12,2.3638603687286377,2.3638603687286377,0.0,1
SeasonalNaive,decision,Agriculture:h12:f1:o295,1,1.6891707181930542,1.6891707181930542,0.0,1
SeasonalNaive,decision,Agriculture:h12:f1:o295,2,1.69256591796875,1.69256591796875,0.0,1
SeasonalNaive,decision,Agriculture:h12:f1:o295,3,1.8819305896759033,1.8819305896759033,0.0,1
SeasonalNaive,decision,Agriculture:h12:f1:o295,4,1.805521011352539,1.805521011352539,0.0,1
SeasonalNaive,decision,Agriculture:h12:f1:o295,5,1.8792543411254883,1.8792543411254883,0.0,1
SeasonalNaive,decision,Agriculture:h12:f1:o295,6,1.9317258596420288,1.9317258596420288,0.0,1
SeasonalNaive,decision,Agriculture:h12:f1:o295,7,1.9852620363235474,1.9852620363235474,0.0,1
SeasonalNaive,decision,Agriculture:h12:f1:o295,8,2.0017855167388916,2.0017855167388916,0.0,1
SeasonalNaive,decision,Agriculture:h12:f1:o295,9,2.0145347118377686,2.0145347118377686,0.0,1
SeasonalNaive,decision,Agriculture:h12:f1:o295,10,2.399919033050537,2.399919033050537,0.0,1
SeasonalNaive,decision,Agriculture:h12:f1:o295,11,2.3638603687286377,2.3638603687286377,0.0,1
SeasonalNaive,decision,Agriculture:h12:f1:o295,12,2.502692937850952,2.502692937850952,0.0,1
SeasonalNaive,decision,Agriculture:h12:f1:o296,1,1.69256591796875,1.69256591796875,0.0,1
SeasonalNaive,decision,Agriculture:h12:f1:o296,2,1.8819305896759033,1.8819305896759033,0.0,1
SeasonalNaive,decision,Agriculture:h12:f1:o296,3,1.805521011352539,1.805521011352539,0.0,1
SeasonalNaive,decision,Agriculture:h12:f1:o296,4,1.8792543411254883,1.8792543411254883,0.0,1
SeasonalNaive,decision,Agriculture:h12:f1:o296,5,1.9317258596420288,1.9317258596420288,0.0,1
SeasonalNaive,decision,Agriculture:h12:f1:o296,6,1.9852620363235474,1.9852620363235474,0.0,1
SeasonalNaive,decision,Agriculture:h12:f1:o296,7,2.0017855167388916,2.0017855167388916,0.0,1
SeasonalNaive,decision,Agriculture:h12:f1:o296,8,2.0145347118377686,2.0145347118377686,0.0,1
SeasonalNaive,decision,Agriculture:h12:f1:o296,9,2.399919033050537,2.399919033050537,0.0,1
SeasonalNaive,decision,Agriculture:h12:f1:o296,10,2.3638603687286377,2.3638603687286377,0.0,1
SeasonalNaive,decision,Agriculture:h12:f1:o296,11,2.502692937850952,2.502692937850952,0.0,1
SeasonalNaive,decision,Agriculture:h12:f1:o296,12,2.565959930419922,2.565959930419922,0.0,1
SeasonalNaive,decision,Agriculture:h12:f1:o297,1,1.8819305896759033,1.8819305896759033,0.0,1
SeasonalNaive,decision,Agriculture:h12:f1:o297,2,1.805521011352539,1.805521011352539,0.0,1
SeasonalNaive,decision,Agriculture:h12:f1:o297,3,1.8792543411254883,1.8792543411254883,0.0,1
SeasonalNaive,decision,Agriculture:h12:f1:o297,4,1.9317258596420288,1.9317258596420288,0.0,1
SeasonalNaive,decision,Agriculture:h12:f1:o297,5,1.9852620363235474,1.9852620363235474,0.0,1
SeasonalNaive,decision,Agriculture:h12:f1:o297,6,2.0017855167388916,2.0017855167388916,0.0,1
SeasonalNaive,decision,Agriculture:h12:f1:o297,7,2.0145347118377686,2.0145347118377686,0.0,1
SeasonalNaive,decision,Agriculture:h12:f1:o297,8,2.399919033050537,2.399919033050537,0.0,1
SeasonalNaive,decision,Agriculture:h12:f1:o297,9,2.3638603687286377,2.3638603687286377,0.0,1
SeasonalNaive,decision,Agriculture:h12:f1:o297,10,2.502692937850952,2.502692937850952,0.0,1
SeasonalNaive,decision,Agriculture:h12:f1:o297,11,2.565959930419922,2.565959930419922,0.0,1
SeasonalNaive,decision,Agriculture:h12:f1:o297,12,2.615429639816284,2.615429639816284,0.0,1
SeasonalNaive,decision,Agriculture:h12:f1:o298,1,1.805521011352539,1.805521011352539,0.0,1
SeasonalNaive,decision,Agriculture:h12:f1:o298,2,1.8792543411254883,1.8792543411254883,0.0,1
SeasonalNaive,decision,Agriculture:h12:f1:o298,3,1.9317258596420288,1.9317258596420288,0.0,1
SeasonalNaive,decision,Agriculture:h12:f1:o298,4,1.9852620363235474,1.9852620363235474,0.0,1
SeasonalNaive,decision,Agriculture:h12:f1:o298,5,2.0017855167388916,2.0017855167388916,0.0,1
SeasonalNaive,decision,Agriculture:h12:f1:o298,6,2.0145347118377686,2.0145347118377686,0.0,1
SeasonalNaive,decision,Agriculture:h12:f1:o298,7,2.399919033050537,2.399919033050537,0.0,1
SeasonalNaive,decision,Agriculture:h12:f1:o298,8,2.3638603687286377,2.3638603687286377,0.0,1
SeasonalNaive,decision,Agriculture:h12:f1:o298,9,2.502692937850952,2.502692937850952,0.0,1
SeasonalNaive,decision,Agriculture:h12:f1:o298,10,2.565959930419922,2.565959930419922,0.0,1
SeasonalNaive,decision,Agriculture:h12:f1:o298,11,2.615429639816284,2.615429639816284,0.0,1
SeasonalNaive,decision,Agriculture:h12:f1:o298,12,2.6476762294769287,2.6476762294769287,0.0,1
SeasonalNaive,decision,Agriculture:h12:f1:o299,1,1.8792543411254883,1.8792543411254883,0.0,1
SeasonalNaive,decision,Agriculture:h12:f1:o299,2,1.9317258596420288,1.9317258596420288,0.0,1
SeasonalNaive,decision,Agriculture:h12:f1:o299,3,1.9852620363235474,1.9852620363235474,0.0,1
SeasonalNaive,decision,Agriculture:h12:f1:o299,4,2.0017855167388916,2.0017855167388916,0.0,1
SeasonalNaive,decision,Agriculture:h12:f1:o299,5,2.0145347118377686,2.0145347118377686,0.0,1
SeasonalNaive,decision,Agriculture:h12:f1:o299,6,2.399919033050537,2.399919033050537,0.0,1
SeasonalNaive,decision,Agriculture:h12:f1:o299,7,2.3638603687286377,2.3638603687286377,0.0,1
SeasonalNaive,decision,Agriculture:h12:f1:o299,8,2.502692937850952,2.502692937850952,0.0,1
SeasonalNaive,decision,Agriculture:h12:f1:o299,9,2.565959930419922,2.565959930419922,0.0,1
SeasonalNaive,decision,Agriculture:h12:f1:o299,10,2.615429639816284,2.615429639816284,0.0,1
SeasonalNaive,decision,Agriculture:h12:f1:o299,11,2.6476762294769287,2.6476762294769287,0.0,1
SeasonalNaive,decision,Agriculture:h12:f1:o299,12,2.349827527999878,2.349827527999878,0.0,1
SeasonalNaive,decision,Agriculture:h12:f1:o300,1,1.9317258596420288,1.9317258596420288,0.0,1
SeasonalNaive,decision,Agriculture:h12:f1:o300,2,1.9852620363235474,1.9852620363235474,0.0,1
SeasonalNaive,decision,Agriculture:h12:f1:o300,3,2.0017855167388916,2.0017855167388916,0.0,1
SeasonalNaive,decision,Agriculture:h12:f1:o300,4,2.0145347118377686,2.0145347118377686,0.0,1
SeasonalNaive,decision,Agriculture:h12:f1:o300,5,2.399919033050537,2.399919033050537,0.0,1
SeasonalNaive,decision,Agriculture:h12:f1:o300,6,2.3638603687286377,2.3638603687286377,0.0,1
SeasonalNaive,decision,Agriculture:h12:f1:o300,7,2.502692937850952,2.502692937850952,0.0,1
SeasonalNaive,decision,Agriculture:h12:f1:o300,8,2.565959930419922,2.565959930419922,0.0,1
SeasonalNaive,decision,Agriculture:h12:f1:o300,9,2.615429639816284,2.615429639816284,0.0,1
SeasonalNaive,decision,Agriculture:h12:f1:o300,10,2.6476762294769287,2.6476762294769287,0.0,1
SeasonalNaive,decision,Agriculture:h12:f1:o300,11,2.349827527999878,2.349827527999878,0.0,1
SeasonalNaive,decision,Agriculture:h12:f1:o300,12,2.45684814453125,2.45684814453125,0.0,1
SeasonalNaive,decision,Agriculture:h12:f1:o301,1,1.9852620363235474,1.9852620363235474,0.0,1
SeasonalNaive,decision,Agriculture:h12:f1:o301,2,2.0017855167388916,2.0017855167388916,0.0,1
SeasonalNaive,decision,Agriculture:h12:f1:o301,3,2.0145347118377686,2.0145347118377686,0.0,1
SeasonalNaive,decision,Agriculture:h12:f1:o301,4,2.399919033050537,2.399919033050537,0.0,1
SeasonalNaive,decision,Agriculture:h12:f1:o301,5,2.3638603687286377,2.3638603687286377,0.0,1
SeasonalNaive,decision,Agriculture:h12:f1:o301,6,2.502692937850952,2.502692937850952,0.0,1
SeasonalNaive,decision,Agriculture:h12:f1:o301,7,2.565959930419922,2.565959930419922,0.0,1
SeasonalNaive,decision,Agriculture:h12:f1:o301,8,2.615429639816284,2.615429639816284,0.0,1
SeasonalNaive,decision,Agriculture:h12:f1:o301,9,2.6476762294769287,2.6476762294769287,0.0,1
SeasonalNaive,decision,Agriculture:h12:f1:o301,10,2.349827527999878,2.349827527999878,0.0,1
SeasonalNaive,decision,Agriculture:h12:f1:o301,11,2.45684814453125,2.45684814453125,0.0,1
SeasonalNaive,decision,Agriculture:h12:f1:o301,12,2.2737314701080322,2.2737314701080322,0.0,1
SeasonalNaive,decision,Agriculture:h12:f1:o302,1,2.0017855167388916,2.0017855167388916,0.0,1
SeasonalNaive,decision,Agriculture:h12:f1:o302,2,2.0145347118377686,2.0145347118377686,0.0,1
SeasonalNaive,decision,Agriculture:h12:f1:o302,3,2.399919033050537,2.399919033050537,0.0,1
SeasonalNaive,decision,Agriculture:h12:f1:o302,4,2.3638603687286377,2.3638603687286377,0.0,1
SeasonalNaive,decision,Agriculture:h12:f1:o302,5,2.502692937850952,2.502692937850952,0.0,1
SeasonalNaive,decision,Agriculture:h12:f1:o302,6,2.565959930419922,2.565959930419922,0.0,1
SeasonalNaive,decision,Agriculture:h12:f1:o302,7,2.615429639816284,2.615429639816284,0.0,1
SeasonalNaive,decision,Agriculture:h12:f1:o302,8,2.6476762294769287,2.6476762294769287,0.0,1
SeasonalNaive,decision,Agriculture:h12:f1:o302,9,2.349827527999878,2.349827527999878,0.0,1
SeasonalNaive,decision,Agriculture:h12:f1:o302,10,2.45684814453125,2.45684814453125,0.0,1
SeasonalNaive,decision,Agriculture:h12:f1:o302,11,2.2737314701080322,2.2737314701080322,0.0,1
SeasonalNaive,decision,Agriculture:h12:f1:o302,12,2.352306604385376,2.352306604385376,0.0,1
SeasonalNaive,decision,Agriculture:h12:f1:o303,1,2.0145347118377686,2.0145347118377686,0.0,1
SeasonalNaive,decision,Agriculture:h12:f1:o303,2,2.399919033050537,2.399919033050537,0.0,1
SeasonalNaive,decision,Agriculture:h12:f1:o303,3,2.3638603687286377,2.3638603687286377,0.0,1
SeasonalNaive,decision,Agriculture:h12:f1:o303,4,2.502692937850952,2.502692937850952,0.0,1
SeasonalNaive,decision,Agriculture:h12:f1:o303,5,2.565959930419922,2.565959930419922,0.0,1
SeasonalNaive,decision,Agriculture:h12:f1:o303,6,2.615429639816284,2.615429639816284,0.0,1
SeasonalNaive,decision,Agriculture:h12:f1:o303,7,2.6476762294769287,2.6476762294769287,0.0,1
SeasonalNaive,decision,Agriculture:h12:f1:o303,8,2.349827527999878,2.349827527999878,0.0,1
SeasonalNaive,decision,Agriculture:h12:f1:o303,9,2.45684814453125,2.45684814453125,0.0,1
SeasonalNaive,decision,Agriculture:h12:f1:o303,10,2.2737314701080322,2.2737314701080322,0.0,1
SeasonalNaive,decision,Agriculture:h12:f1:o303,11,2.352306604385376,2.352306604385376,0.0,1
SeasonalNaive,decision,Agriculture:h12:f1:o303,12,2.2823424339294434,2.2823424339294434,0.0,1
SeasonalNaive,decision,Agriculture:h12:f1:o304,1,2.399919033050537,2.399919033050537,0.0,1
SeasonalNaive,decision,Agriculture:h12:f1:o304,2,2.3638603687286377,2.3638603687286377,0.0,1
SeasonalNaive,decision,Agriculture:h12:f1:o304,3,2.502692937850952,2.502692937850952,0.0,1
SeasonalNaive,decision,Agriculture:h12:f1:o304,4,2.565959930419922,2.565959930419922,0.0,1
SeasonalNaive,decision,Agriculture:h12:f1:o304,5,2.615429639816284,2.615429639816284,0.0,1
SeasonalNaive,decision,Agriculture:h12:f1:o304,6,2.6476762294769287,2.6476762294769287,0.0,1
SeasonalNaive,decision,Agriculture:h12:f1:o304,7,2.349827527999878,2.349827527999878,0.0,1
SeasonalNaive,decision,Agriculture:h12:f1:o304,8,2.45684814453125,2.45684814453125,0.0,1
SeasonalNaive,decision,Agriculture:h12:f1:o304,9,2.2737314701080322,2.2737314701080322,0.0,1
SeasonalNaive,decision,Agriculture:h12:f1:o304,10,2.352306604385376,2.352306604385376,0.0,1
SeasonalNaive,decision,Agriculture:h12:f1:o304,11,2.2823424339294434,2.2823424339294434,0.0,1
SeasonalNaive,decision,Agriculture:h12:f1:o304,12,2.3323936462402344,2.3323936462402344,0.0,1
SeasonalNaive,decision,Agriculture:h12:f1:o305,1,2.3638603687286377,2.3638603687286377,0.0,1
SeasonalNaive,decision,Agriculture:h12:f1:o305,2,2.502692937850952,2.502692937850952,0.0,1
SeasonalNaive,decision,Agriculture:h12:f1:o305,3,2.565959930419922,2.565959930419922,0.0,1
SeasonalNaive,decision,Agriculture:h12:f1:o305,4,2.615429639816284,2.615429639816284,0.0,1
SeasonalNaive,decision,Agriculture:h12:f1:o305,5,2.6476762294769287,2.6476762294769287,0.0,1
SeasonalNaive,decision,Agriculture:h12:f1:o305,6,2.349827527999878,2.349827527999878,0.0,1
SeasonalNaive,decision,Agriculture:h12:f1:o305,7,2.45684814453125,2.45684814453125,0.0,1
SeasonalNaive,decision,Agriculture:h12:f1:o305,8,2.2737314701080322,2.2737314701080322,0.0,1
SeasonalNaive,decision,Agriculture:h12:f1:o305,9,2.352306604385376,2.352306604385376,0.0,1
SeasonalNaive,decision,Agriculture:h12:f1:o305,10,2.2823424339294434,2.2823424339294434,0.0,1
SeasonalNaive,decision,Agriculture:h12:f1:o305,11,2.3323936462402344,2.3323936462402344,0.0,1
SeasonalNaive,decision,Agriculture:h12:f1:o305,12,2.2914915084838867,2.2914915084838867,0.0,1
SeasonalNaive,decision,Agriculture:h12:f1:o306,1,2.502692937850952,2.502692937850952,0.0,1
SeasonalNaive,decision,Agriculture:h12:f1:o306,2,2.565959930419922,2.565959930419922,0.0,1
SeasonalNaive,decision,Agriculture:h12:f1:o306,3,2.615429639816284,2.615429639816284,0.0,1
SeasonalNaive,decision,Agriculture:h12:f1:o306,4,2.6476762294769287,2.6476762294769287,0.0,1
SeasonalNaive,decision,Agriculture:h12:f1:o306,5,2.349827527999878,2.349827527999878,0.0,1
SeasonalNaive,decision,Agriculture:h12:f1:o306,6,2.45684814453125,2.45684814453125,0.0,1
SeasonalNaive,decision,Agriculture:h12:f1:o306,7,2.2737314701080322,2.2737314701080322,0.0,1
SeasonalNaive,decision,Agriculture:h12:f1:o306,8,2.352306604385376,2.352306604385376,0.0,1
SeasonalNaive,decision,Agriculture:h12:f1:o306,9,2.2823424339294434,2.2823424339294434,0.0,1
SeasonalNaive,decision,Agriculture:h12:f1:o306,10,2.3323936462402344,2.3323936462402344,0.0,1
SeasonalNaive,decision,Agriculture:h12:f1:o306,11,2.2914915084838867,2.2914915084838867,0.0,1
SeasonalNaive,decision,Agriculture:h12:f1:o306,12,2.4039723873138428,2.4039723873138428,0.0,1
SeasonalNaive,decision,Agriculture:h12:f1:o307,1,2.565959930419922,2.565959930419922,0.0,1
SeasonalNaive,decision,Agriculture:h12:f1:o307,2,2.615429639816284,2.615429639816284,0.0,1
SeasonalNaive,decision,Agriculture:h12:f1:o307,3,2.6476762294769287,2.6476762294769287,0.0,1
SeasonalNaive,decision,Agriculture:h12:f1:o307,4,2.349827527999878,2.349827527999878,0.0,1
SeasonalNaive,decision,Agriculture:h12:f1:o307,5,2.45684814453125,2.45684814453125,0.0,1
SeasonalNaive,decision,Agriculture:h12:f1:o307,6,2.2737314701080322,2.2737314701080322,0.0,1
SeasonalNaive,decision,Agriculture:h12:f1:o307,7,2.352306604385376,2.352306604385376,0.0,1
SeasonalNaive,decision,Agriculture:h12:f1:o307,8,2.2823424339294434,2.2823424339294434,0.0,1
SeasonalNaive,decision,Agriculture:h12:f1:o307,9,2.3323936462402344,2.3323936462402344,0.0,1
SeasonalNaive,decision,Agriculture:h12:f1:o307,10,2.2914915084838867,2.2914915084838867,0.0,1
SeasonalNaive,decision,Agriculture:h12:f1:o307,11,2.4039723873138428,2.4039723873138428,0.0,1
SeasonalNaive,decision,Agriculture:h12:f1:o307,12,2.333470106124878,2.333470106124878,0.0,1
SeasonalNaive,decision,Agriculture:h12:f1:o308,1,2.615429639816284,2.615429639816284,0.0,1
SeasonalNaive,decision,Agriculture:h12:f1:o308,2,2.6476762294769287,2.6476762294769287,0.0,1
SeasonalNaive,decision,Agriculture:h12:f1:o308,3,2.349827527999878,2.349827527999878,0.0,1
SeasonalNaive,decision,Agriculture:h12:f1:o308,4,2.45684814453125,2.45684814453125,0.0,1
SeasonalNaive,decision,Agriculture:h12:f1:o308,5,2.2737314701080322,2.2737314701080322,0.0,1
SeasonalNaive,decision,Agriculture:h12:f1:o308,6,2.352306604385376,2.352306604385376,0.0,1
SeasonalNaive,decision,Agriculture:h12:f1:o308,7,2.2823424339294434,2.2823424339294434,0.0,1
SeasonalNaive,decision,Agriculture:h12:f1:o308,8,2.3323936462402344,2.3323936462402344,0.0,1
SeasonalNaive,decision,Agriculture:h12:f1:o308,9,2.2914915084838867,2.2914915084838867,0.0,1
SeasonalNaive,decision,Agriculture:h12:f1:o308,10,2.4039723873138428,2.4039723873138428,0.0,1
SeasonalNaive,decision,Agriculture:h12:f1:o308,11,2.333470106124878,2.333470106124878,0.0,1
SeasonalNaive,decision,Agriculture:h12:f1:o308,12,2.4034342765808105,2.4034342765808105,0.0,1
SeasonalNaive,decision,Agriculture:h12:f1:o309,1,2.6476762294769287,2.6476762294769287,0.0,1
SeasonalNaive,decision,Agriculture:h12:f1:o309,2,2.349827527999878,2.349827527999878,0.0,1
SeasonalNaive,decision,Agriculture:h12:f1:o309,3,2.45684814453125,2.45684814453125,0.0,1
SeasonalNaive,decision,Agriculture:h12:f1:o309,4,2.2737314701080322,2.2737314701080322,0.0,1
SeasonalNaive,decision,Agriculture:h12:f1:o309,5,2.352306604385376,2.352306604385376,0.0,1
SeasonalNaive,decision,Agriculture:h12:f1:o309,6,2.2823424339294434,2.2823424339294434,0.0,1
SeasonalNaive,decision,Agriculture:h12:f1:o309,7,2.3323936462402344,2.3323936462402344,0.0,1
SeasonalNaive,decision,Agriculture:h12:f1:o309,8,2.2914915084838867,2.2914915084838867,0.0,1
SeasonalNaive,decision,Agriculture:h12:f1:o309,9,2.4039723873138428,2.4039723873138428,0.0,1
SeasonalNaive,decision,Agriculture:h12:f1:o309,10,2.333470106124878,2.333470106124878,0.0,1
SeasonalNaive,decision,Agriculture:h12:f1:o309,11,2.4034342765808105,2.4034342765808105,0.0,1
SeasonalNaive,decision,Agriculture:h12:f1:o309,12,2.5745773315429688,2.5745773315429688,0.0,1
SeasonalNaive,decision,Agriculture:h12:f1:o310,1,2.349827527999878,2.349827527999878,0.0,1
SeasonalNaive,decision,Agriculture:h12:f1:o310,2,2.45684814453125,2.45684814453125,0.0,1
SeasonalNaive,decision,Agriculture:h12:f1:o310,3,2.2737314701080322,2.2737314701080322,0.0,1
SeasonalNaive,decision,Agriculture:h12:f1:o310,4,2.352306604385376,2.352306604385376,0.0,1
SeasonalNaive,decision,Agriculture:h12:f1:o310,5,2.2823424339294434,2.2823424339294434,0.0,1
SeasonalNaive,decision,Agriculture:h12:f1:o310,6,2.3323936462402344,2.3323936462402344,0.0,1
SeasonalNaive,decision,Agriculture:h12:f1:o310,7,2.2914915084838867,2.2914915084838867,0.0,1
SeasonalNaive,decision,Agriculture:h12:f1:o310,8,2.4039723873138428,2.4039723873138428,0.0,1
SeasonalNaive,decision,Agriculture:h12:f1:o310,9,2.333470106124878,2.333470106124878,0.0,1
SeasonalNaive,decision,Agriculture:h12:f1:o310,10,2.4034342765808105,2.4034342765808105,0.0,1
SeasonalNaive,decision,Agriculture:h12:f1:o310,11,2.5745773315429688,2.5745773315429688,0.0,1
SeasonalNaive,decision,Agriculture:h12:f1:o310,12,2.4658637046813965,2.4658637046813965,0.0,1
SeasonalNaive,decision,Agriculture:h12:f1:o311,1,2.45684814453125,2.45684814453125,0.0,1
SeasonalNaive,decision,Agriculture:h12:f1:o311,2,2.2737314701080322,2.2737314701080322,0.0,1
SeasonalNaive,decision,Agriculture:h12:f1:o311,3,2.352306604385376,2.352306604385376,0.0,1
SeasonalNaive,decision,Agriculture:h12:f1:o311,4,2.2823424339294434,2.2823424339294434,0.0,1
SeasonalNaive,decision,Agriculture:h12:f1:o311,5,2.3323936462402344,2.3323936462402344,0.0,1
SeasonalNaive,decision,Agriculture:h12:f1:o311,6,2.2914915084838867,2.2914915084838867,0.0,1
SeasonalNaive,decision,Agriculture:h12:f1:o311,7,2.4039723873138428,2.4039723873138428,0.0,1
SeasonalNaive,decision,Agriculture:h12:f1:o311,8,2.333470106124878,2.333470106124878,0.0,1
SeasonalNaive,decision,Agriculture:h12:f1:o311,9,2.4034342765808105,2.4034342765808105,0.0,1
SeasonalNaive,decision,Agriculture:h12:f1:o311,10,2.5745773315429688,2.5745773315429688,0.0,1
SeasonalNaive,decision,Agriculture:h12:f1:o311,11,2.4658637046813965,2.4658637046813965,0.0,1
SeasonalNaive,decision,Agriculture:h12:f1:o311,12,2.6117119789123535,2.6117119789123535,0.0,1
SeasonalNaive,decision,Agriculture:h12:f1:o312,1,2.2737314701080322,2.2737314701080322,0.0,1
SeasonalNaive,decision,Agriculture:h12:f1:o312,2,2.352306604385376,2.352306604385376,0.0,1
SeasonalNaive,decision,Agriculture:h12:f1:o312,3,2.2823424339294434,2.2823424339294434,0.0,1
SeasonalNaive,decision,Agriculture:h12:f1:o312,4,2.3323936462402344,2.3323936462402344,0.0,1
SeasonalNaive,decision,Agriculture:h12:f1:o312,5,2.2914915084838867,2.2914915084838867,0.0,1
SeasonalNaive,decision,Agriculture:h12:f1:o312,6,2.4039723873138428,2.4039723873138428,0.0,1
SeasonalNaive,decision,Agriculture:h12:f1:o312,7,2.333470106124878,2.333470106124878,0.0,1
SeasonalNaive,decision,Agriculture:h12:f1:o312,8,2.4034342765808105,2.4034342765808105,0.0,1
SeasonalNaive,decision,Agriculture:h12:f1:o312,9,2.5745773315429688,2.5745773315429688,0.0,1
SeasonalNaive,decision,Agriculture:h12:f1:o312,10,2.4658637046813965,2.4658637046813965,0.0,1
SeasonalNaive,decision,Agriculture:h12:f1:o312,11,2.6117119789123535,2.6117119789123535,0.0,1
SeasonalNaive,decision,Agriculture:h12:f1:o312,12,2.3410046100616455,2.3410046100616455,0.0,1
SeasonalNaive,decision,Agriculture:h12:f1:o313,1,2.352306604385376,2.352306604385376,0.0,1
SeasonalNaive,decision,Agriculture:h12:f1:o313,2,2.2823424339294434,2.2823424339294434,0.0,1
SeasonalNaive,decision,Agriculture:h12:f1:o313,3,2.3323936462402344,2.3323936462402344,0.0,1
SeasonalNaive,decision,Agriculture:h12:f1:o313,4,2.2914915084838867,2.2914915084838867,0.0,1
SeasonalNaive,decision,Agriculture:h12:f1:o313,5,2.4039723873138428,2.4039723873138428,0.0,1
SeasonalNaive,decision,Agriculture:h12:f1:o313,6,2.333470106124878,2.333470106124878,0.0,1
SeasonalNaive,decision,Agriculture:h12:f1:o313,7,2.4034342765808105,2.4034342765808105,0.0,1
SeasonalNaive,decision,Agriculture:h12:f1:o313,8,2.5745773315429688,2.5745773315429688,0.0,1
SeasonalNaive,decision,Agriculture:h12:f1:o313,9,2.4658637046813965,2.4658637046813965,0.0,1
SeasonalNaive,decision,Agriculture:h12:f1:o313,10,2.6117119789123535,2.6117119789123535,0.0,1
SeasonalNaive,decision,Agriculture:h12:f1:o313,11,2.3410046100616455,2.3410046100616455,0.0,1
SeasonalNaive,decision,Agriculture:h12:f1:o313,12,2.1442465782165527,2.1442465782165527,0.0,1
SeasonalNaive,decision,Agriculture:h12:f1:o314,1,2.2823424339294434,2.2823424339294434,0.0,1
SeasonalNaive,decision,Agriculture:h12:f1:o314,2,2.3323936462402344,2.3323936462402344,0.0,1
SeasonalNaive,decision,Agriculture:h12:f1:o314,3,2.2914915084838867,2.2914915084838867,0.0,1
SeasonalNaive,decision,Agriculture:h12:f1:o314,4,2.4039723873138428,2.4039723873138428,0.0,1
SeasonalNaive,decision,Agriculture:h12:f1:o314,5,2.333470106124878,2.333470106124878,0.0,1
SeasonalNaive,decision,Agriculture:h12:f1:o314,6,2.4034342765808105,2.4034342765808105,0.0,1
SeasonalNaive,decision,Agriculture:h12:f1:o314,7,2.5745773315429688,2.5745773315429688,0.0,1
SeasonalNaive,decision,Agriculture:h12:f1:o314,8,2.4658637046813965,2.4658637046813965,0.0,1
SeasonalNaive,decision,Agriculture:h12:f1:o314,9,2.6117119789123535,2.6117119789123535,0.0,1
SeasonalNaive,decision,Agriculture:h12:f1:o314,10,2.3410046100616455,2.3410046100616455,0.0,1
SeasonalNaive,decision,Agriculture:h12:f1:o314,11,2.1442465782165527,2.1442465782165527,0.0,1
SeasonalNaive,decision,Agriculture:h12:f1:o314,12,1.3167701959609985,1.3167701959609985,0.0,1
SeasonalNaive,decision,Agriculture:h12:f1:o315,1,2.3323936462402344,2.3323936462402344,0.0,1
SeasonalNaive,decision,Agriculture:h12:f1:o315,2,2.2914915084838867,2.2914915084838867,0.0,1
SeasonalNaive,decision,Agriculture:h12:f1:o315,3,2.4039723873138428,2.4039723873138428,0.0,1
SeasonalNaive,decision,Agriculture:h12:f1:o315,4,2.333470106124878,2.333470106124878,0.0,1
SeasonalNaive,decision,Agriculture:h12:f1:o315,5,2.4034342765808105,2.4034342765808105,0.0,1
SeasonalNaive,decision,Agriculture:h12:f1:o315,6,2.5745773315429688,2.5745773315429688,0.0,1
SeasonalNaive,decision,Agriculture:h12:f1:o315,7,2.4658637046813965,2.4658637046813965,0.0,1
SeasonalNaive,decision,Agriculture:h12:f1:o315,8,2.6117119789123535,2.6117119789123535,0.0,1
SeasonalNaive,decision,Agriculture:h12:f1:o315,9,2.3410046100616455,2.3410046100616455,0.0,1
SeasonalNaive,decision,Agriculture:h12:f1:o315,10,2.1442465782165527,2.1442465782165527,0.0,1
SeasonalNaive,decision,Agriculture:h12:f1:o315,11,1.3167701959609985,1.3167701959609985,0.0,1
SeasonalNaive,decision,Agriculture:h12:f1:o315,12,1.8184170722961426,1.8184170722961426,0.0,1
SeasonalNaive,decision,Agriculture:h12:f1:o316,1,2.2914915084838867,2.2914915084838867,0.0,1
SeasonalNaive,decision,Agriculture:h12:f1:o316,2,2.4039723873138428,2.4039723873138428,0.0,1
SeasonalNaive,decision,Agriculture:h12:f1:o316,3,2.333470106124878,2.333470106124878,0.0,1
SeasonalNaive,decision,Agriculture:h12:f1:o316,4,2.4034342765808105,2.4034342765808105,0.0,1
SeasonalNaive,decision,Agriculture:h12:f1:o316,5,2.5745773315429688,2.5745773315429688,0.0,1
SeasonalNaive,decision,Agriculture:h12:f1:o316,6,2.4658637046813965,2.4658637046813965,0.0,1
SeasonalNaive,decision,Agriculture:h12:f1:o316,7,2.6117119789123535,2.6117119789123535,0.0,1
SeasonalNaive,decision,Agriculture:h12:f1:o316,8,2.3410046100616455,2.3410046100616455,0.0,1
SeasonalNaive,decision,Agriculture:h12:f1:o316,9,2.1442465782165527,2.1442465782165527,0.0,1
SeasonalNaive,decision,Agriculture:h12:f1:o316,10,1.3167701959609985,1.3167701959609985,0.0,1
SeasonalNaive,decision,Agriculture:h12:f1:o316,11,1.8184170722961426,1.8184170722961426,0.0,1
SeasonalNaive,decision,Agriculture:h12:f1:o316,12,1.8697659969329834,1.8697659969329834,0.0,1
SeasonalNaive,decision,Agriculture:h12:f1:o317,1,2.4039723873138428,2.4039723873138428,0.0,1
SeasonalNaive,decision,Agriculture:h12:f1:o317,2,2.333470106124878,2.333470106124878,0.0,1
SeasonalNaive,decision,Agriculture:h12:f1:o317,3,2.4034342765808105,2.4034342765808105,0.0,1
SeasonalNaive,decision,Agriculture:h12:f1:o317,4,2.5745773315429688,2.5745773315429688,0.0,1
SeasonalNaive,decision,Agriculture:h12:f1:o317,5,2.4658637046813965,2.4658637046813965,0.0,1
SeasonalNaive,decision,Agriculture:h12:f1:o317,6,2.6117119789123535,2.6117119789123535,0.0,1
SeasonalNaive,decision,Agriculture:h12:f1:o317,7,2.3410046100616455,2.3410046100616455,0.0,1
SeasonalNaive,decision,Agriculture:h12:f1:o317,8,2.1442465782165527,2.1442465782165527,0.0,1
SeasonalNaive,decision,Agriculture:h12:f1:o317,9,1.3167701959609985,1.3167701959609985,0.0,1
SeasonalNaive,decision,Agriculture:h12:f1:o317,10,1.8184170722961426,1.8184170722961426,0.0,1
SeasonalNaive,decision,Agriculture:h12:f1:o317,11,1.8697659969329834,1.8697659969329834,0.0,1
SeasonalNaive,decision,Agriculture:h12:f1:o317,12,1.1753323078155518,1.1753323078155518,0.0,1
SeasonalNaive,decision,Agriculture:h12:f1:o318,1,2.333470106124878,2.333470106124878,0.0,1
SeasonalNaive,decision,Agriculture:h12:f1:o318,2,2.4034342765808105,2.4034342765808105,0.0,1
SeasonalNaive,decision,Agriculture:h12:f1:o318,3,2.5745773315429688,2.5745773315429688,0.0,1
SeasonalNaive,decision,Agriculture:h12:f1:o318,4,2.4658637046813965,2.4658637046813965,0.0,1
SeasonalNaive,decision,Agriculture:h12:f1:o318,5,2.6117119789123535,2.6117119789123535,0.0,1
SeasonalNaive,decision,Agriculture:h12:f1:o318,6,2.3410046100616455,2.3410046100616455,0.0,1
SeasonalNaive,decision,Agriculture:h12:f1:o318,7,2.1442465782165527,2.1442465782165527,0.0,1
SeasonalNaive,decision,Agriculture:h12:f1:o318,8,1.3167701959609985,1.3167701959609985,0.0,1
SeasonalNaive,decision,Agriculture:h12:f1:o318,9,1.8184170722961426,1.8184170722961426,0.0,1
SeasonalNaive,decision,Agriculture:h12:f1:o318,10,1.8697659969329834,1.8697659969329834,0.0,1
SeasonalNaive,decision,Agriculture:h12:f1:o318,11,1.1753323078155518,1.1753323078155518,0.0,1
SeasonalNaive,decision,Agriculture:h12:f1:o318,12,1.0711965560913086,1.0711965560913086,0.0,1
SeasonalNaive,decision,Agriculture:h12:f1:o319,1,2.4034342765808105,2.4034342765808105,0.0,1
SeasonalNaive,decision,Agriculture:h12:f1:o319,2,2.5745773315429688,2.5745773315429688,0.0,1
SeasonalNaive,decision,Agriculture:h12:f1:o319,3,2.4658637046813965,2.4658637046813965,0.0,1
SeasonalNaive,decision,Agriculture:h12:f1:o319,4,2.6117119789123535,2.6117119789123535,0.0,1
SeasonalNaive,decision,Agriculture:h12:f1:o319,5,2.3410046100616455,2.3410046100616455,0.0,1
SeasonalNaive,decision,Agriculture:h12:f1:o319,6,2.1442465782165527,2.1442465782165527,0.0,1
SeasonalNaive,decision,Agriculture:h12:f1:o319,7,1.3167701959609985,1.3167701959609985,0.0,1
SeasonalNaive,decision,Agriculture:h12:f1:o319,8,1.8184170722961426,1.8184170722961426,0.0,1
SeasonalNaive,decision,Agriculture:h12:f1:o319,9,1.8697659969329834,1.8697659969329834,0.0,1
SeasonalNaive,decision,Agriculture:h12:f1:o319,10,1.1753323078155518,1.1753323078155518,0.0,1
SeasonalNaive,decision,Agriculture:h12:f1:o319,11,1.0711965560913086,1.0711965560913086,0.0,1
SeasonalNaive,decision,Agriculture:h12:f1:o319,12,1.275147557258606,1.275147557258606,0.0,1
SeasonalNaive,decision,Agriculture:h12:f1:o320,1,2.5745773315429688,2.5745773315429688,0.0,1
SeasonalNaive,decision,Agriculture:h12:f1:o320,2,2.4658637046813965,2.4658637046813965,0.0,1
SeasonalNaive,decision,Agriculture:h12:f1:o320,3,2.6117119789123535,2.6117119789123535,0.0,1
SeasonalNaive,decision,Agriculture:h12:f1:o320,4,2.3410046100616455,2.3410046100616455,0.0,1
SeasonalNaive,decision,Agriculture:h12:f1:o320,5,2.1442465782165527,2.1442465782165527,0.0,1
SeasonalNaive,decision,Agriculture:h12:f1:o320,6,1.3167701959609985,1.3167701959609985,0.0,1
SeasonalNaive,decision,Agriculture:h12:f1:o320,7,1.8184170722961426,1.8184170722961426,0.0,1
SeasonalNaive,decision,Agriculture:h12:f1:o320,8,1.8697659969329834,1.8697659969329834,0.0,1
SeasonalNaive,decision,Agriculture:h12:f1:o320,9,1.1753323078155518,1.1753323078155518,0.0,1
SeasonalNaive,decision,Agriculture:h12:f1:o320,10,1.0711965560913086,1.0711965560913086,0.0,1
SeasonalNaive,decision,Agriculture:h12:f1:o320,11,1.275147557258606,1.275147557258606,0.0,1
SeasonalNaive,decision,Agriculture:h12:f1:o320,12,1.4512770175933838,1.4512770175933838,0.0,1
SeasonalNaive,decision,Agriculture:h12:f1:o321,1,2.4658637046813965,2.4658637046813965,0.0,1
SeasonalNaive,decision,Agriculture:h12:f1:o321,2,2.6117119789123535,2.6117119789123535,0.0,1
SeasonalNaive,decision,Agriculture:h12:f1:o321,3,2.3410046100616455,2.3410046100616455,0.0,1
SeasonalNaive,decision,Agriculture:h12:f1:o321,4,2.1442465782165527,2.1442465782165527,0.0,1
SeasonalNaive,decision,Agriculture:h12:f1:o321,5,1.3167701959609985,1.3167701959609985,0.0,1
SeasonalNaive,decision,Agriculture:h12:f1:o321,6,1.8184170722961426,1.8184170722961426,0.0,1
SeasonalNaive,decision,Agriculture:h12:f1:o321,7,1.8697659969329834,1.8697659969329834,0.0,1
SeasonalNaive,decision,Agriculture:h12:f1:o321,8,1.1753323078155518,1.1753323078155518,0.0,1
SeasonalNaive,decision,Agriculture:h12:f1:o321,9,1.0711965560913086,1.0711965560913086,0.0,1
SeasonalNaive,decision,Agriculture:h12:f1:o321,10,1.275147557258606,1.275147557258606,0.0,1
SeasonalNaive,decision,Agriculture:h12:f1:o321,11,1.4512770175933838,1.4512770175933838,0.0,1
SeasonalNaive,decision,Agriculture:h12:f1:o321,12,1.3081156015396118,1.3081156015396118,0.0,1
SeasonalNaive,decision,Agriculture:h12:f1:o322,1,2.6117119789123535,2.6117119789123535,0.0,1
SeasonalNaive,decision,Agriculture:h12:f1:o322,2,2.3410046100616455,2.3410046100616455,0.0,1
SeasonalNaive,decision,Agriculture:h12:f1:o322,3,2.1442465782165527,2.1442465782165527,0.0,1
SeasonalNaive,decision,Agriculture:h12:f1:o322,4,1.3167701959609985,1.3167701959609985,0.0,1
SeasonalNaive,decision,Agriculture:h12:f1:o322,5,1.8184170722961426,1.8184170722961426,0.0,1
SeasonalNaive,decision,Agriculture:h12:f1:o322,6,1.8697659969329834,1.8697659969329834,0.0,1
SeasonalNaive,decision,Agriculture:h12:f1:o322,7,1.1753323078155518,1.1753323078155518,0.0,1
SeasonalNaive,decision,Agriculture:h12:f1:o322,8,1.0711965560913086,1.0711965560913086,0.0,1
SeasonalNaive,decision,Agriculture:h12:f1:o322,9,1.275147557258606,1.275147557258606,0.0,1
SeasonalNaive,decision,Agriculture:h12:f1:o322,10,1.4512770175933838,1.4512770175933838,0.0,1
SeasonalNaive,decision,Agriculture:h12:f1:o322,11,1.3081156015396118,1.3081156015396118,0.0,1
SeasonalNaive,decision,Agriculture:h12:f1:o322,12,1.3471544981002808,1.3471544981002808,0.0,1
SeasonalNaive,decision,Agriculture:h12:f1:o323,1,2.3410046100616455,2.3410046100616455,0.0,1
SeasonalNaive,decision,Agriculture:h12:f1:o323,2,2.1442465782165527,2.1442465782165527,0.0,1
SeasonalNaive,decision,Agriculture:h12:f1:o323,3,1.3167701959609985,1.3167701959609985,0.0,1
SeasonalNaive,decision,Agriculture:h12:f1:o323,4,1.8184170722961426,1.8184170722961426,0.0,1
SeasonalNaive,decision,Agriculture:h12:f1:o323,5,1.8697659969329834,1.8697659969329834,0.0,1
SeasonalNaive,decision,Agriculture:h12:f1:o323,6,1.1753323078155518,1.1753323078155518,0.0,1
SeasonalNaive,decision,Agriculture:h12:f1:o323,7,1.0711965560913086,1.0711965560913086,0.0,1
SeasonalNaive,decision,Agriculture:h12:f1:o323,8,1.275147557258606,1.275147557258606,0.0,1
SeasonalNaive,decision,Agriculture:h12:f1:o323,9,1.4512770175933838,1.4512770175933838,0.0,1
SeasonalNaive,decision,Agriculture:h12:f1:o323,10,1.3081156015396118,1.3081156015396118,0.0,1
SeasonalNaive,decision,Agriculture:h12:f1:o323,11,1.3471544981002808,1.3471544981002808,0.0,1
SeasonalNaive,decision,Agriculture:h12:f1:o323,12,1.4652268886566162,1.4652268886566162,0.0,1
SeasonalNaive,decision,Agriculture:h12:f1:o324,1,2.1442465782165527,2.1442465782165527,0.0,1
SeasonalNaive,decision,Agriculture:h12:f1:o324,2,1.3167701959609985,1.3167701959609985,0.0,1
SeasonalNaive,decision,Agriculture:h12:f1:o324,3,1.8184170722961426,1.8184170722961426,0.0,1
SeasonalNaive,decision,Agriculture:h12:f1:o324,4,1.8697659969329834,1.8697659969329834,0.0,1
SeasonalNaive,decision,Agriculture:h12:f1:o324,5,1.1753323078155518,1.1753323078155518,0.0,1
SeasonalNaive,decision,Agriculture:h12:f1:o324,6,1.0711965560913086,1.0711965560913086,0.0,1
SeasonalNaive,decision,Agriculture:h12:f1:o324,7,1.275147557258606,1.275147557258606,0.0,1
SeasonalNaive,decision,Agriculture:h12:f1:o324,8,1.4512770175933838,1.4512770175933838,0.0,1
SeasonalNaive,decision,Agriculture:h12:f1:o324,9,1.3081156015396118,1.3081156015396118,0.0,1
SeasonalNaive,decision,Agriculture:h12:f1:o324,10,1.3471544981002808,1.3471544981002808,0.0,1
SeasonalNaive,decision,Agriculture:h12:f1:o324,11,1.4652268886566162,1.4652268886566162,0.0,1
SeasonalNaive,decision,Agriculture:h12:f1:o324,12,1.4424412250518799,1.4424412250518799,0.0,1
SeasonalNaive,decision,Agriculture:h12:f1:o325,1,1.3167701959609985,1.3167701959609985,0.0,1
SeasonalNaive,decision,Agriculture:h12:f1:o325,2,1.8184170722961426,1.8184170722961426,0.0,1
SeasonalNaive,decision,Agriculture:h12:f1:o325,3,1.8697659969329834,1.8697659969329834,0.0,1
SeasonalNaive,decision,Agriculture:h12:f1:o325,4,1.1753323078155518,1.1753323078155518,0.0,1
SeasonalNaive,decision,Agriculture:h12:f1:o325,5,1.0711965560913086,1.0711965560913086,0.0,1
SeasonalNaive,decision,Agriculture:h12:f1:o325,6,1.275147557258606,1.275147557258606,0.0,1
SeasonalNaive,decision,Agriculture:h12:f1:o325,7,1.4512770175933838,1.4512770175933838,0.0,1
SeasonalNaive,decision,Agriculture:h12:f1:o325,8,1.3081156015396118,1.3081156015396118,0.0,1
SeasonalNaive,decision,Agriculture:h12:f1:o325,9,1.3471544981002808,1.3471544981002808,0.0,1
SeasonalNaive,decision,Agriculture:h12:f1:o325,10,1.4652268886566162,1.4652268886566162,0.0,1
SeasonalNaive,decision,Agriculture:h12:f1:o325,11,1.4424412250518799,1.4424412250518799,0.0,1
SeasonalNaive,decision,Agriculture:h12:f1:o325,12,1.3172426223754883,1.3172426223754883,0.0,1
SeasonalNaive,decision,Agriculture:h12:f1:o326,1,1.8184170722961426,1.8184170722961426,0.0,1
SeasonalNaive,decision,Agriculture:h12:f1:o326,2,1.8697659969329834,1.8697659969329834,0.0,1
SeasonalNaive,decision,Agriculture:h12:f1:o326,3,1.1753323078155518,1.1753323078155518,0.0,1
SeasonalNaive,decision,Agriculture:h12:f1:o326,4,1.0711965560913086,1.0711965560913086,0.0,1
SeasonalNaive,decision,Agriculture:h12:f1:o326,5,1.275147557258606,1.275147557258606,0.0,1
SeasonalNaive,decision,Agriculture:h12:f1:o326,6,1.4512770175933838,1.4512770175933838,0.0,1
SeasonalNaive,decision,Agriculture:h12:f1:o326,7,1.3081156015396118,1.3081156015396118,0.0,1
SeasonalNaive,decision,Agriculture:h12:f1:o326,8,1.3471544981002808,1.3471544981002808,0.0,1
SeasonalNaive,decision,Agriculture:h12:f1:o326,9,1.4652268886566162,1.4652268886566162,0.0,1
SeasonalNaive,decision,Agriculture:h12:f1:o326,10,1.4424412250518799,1.4424412250518799,0.0,1
SeasonalNaive,decision,Agriculture:h12:f1:o326,11,1.3172426223754883,1.3172426223754883,0.0,1
SeasonalNaive,decision,Agriculture:h12:f1:o326,12,1.7079007625579834,1.7079007625579834,0.0,1
SeasonalNaive,decision,Agriculture:h12:f1:o327,1,1.8697659969329834,1.8697659969329834,0.0,1
SeasonalNaive,decision,Agriculture:h12:f1:o327,2,1.1753323078155518,1.1753323078155518,0.0,1
SeasonalNaive,decision,Agriculture:h12:f1:o327,3,1.0711965560913086,1.0711965560913086,0.0,1
SeasonalNaive,decision,Agriculture:h12:f1:o327,4,1.275147557258606,1.275147557258606,0.0,1
SeasonalNaive,decision,Agriculture:h12:f1:o327,5,1.4512770175933838,1.4512770175933838,0.0,1
SeasonalNaive,decision,Agriculture:h12:f1:o327,6,1.3081156015396118,1.3081156015396118,0.0,1
SeasonalNaive,decision,Agriculture:h12:f1:o327,7,1.3471544981002808,1.3471544981002808,0.0,1
SeasonalNaive,decision,Agriculture:h12:f1:o327,8,1.4652268886566162,1.4652268886566162,0.0,1
SeasonalNaive,decision,Agriculture:h12:f1:o327,9,1.4424412250518799,1.4424412250518799,0.0,1
SeasonalNaive,decision,Agriculture:h12:f1:o327,10,1.3172426223754883,1.3172426223754883,0.0,1
SeasonalNaive,decision,Agriculture:h12:f1:o327,11,1.7079007625579834,1.7079007625579834,0.0,1
SeasonalNaive,decision,Agriculture:h12:f1:o327,12,1.7468714714050293,1.7468714714050293,0.0,1
SeasonalNaive,decision,Agriculture:h12:f1:o328,1,1.1753323078155518,1.1753323078155518,0.0,1
SeasonalNaive,decision,Agriculture:h12:f1:o328,2,1.0711965560913086,1.0711965560913086,0.0,1
SeasonalNaive,decision,Agriculture:h12:f1:o328,3,1.275147557258606,1.275147557258606,0.0,1
SeasonalNaive,decision,Agriculture:h12:f1:o328,4,1.4512770175933838,1.4512770175933838,0.0,1
SeasonalNaive,decision,Agriculture:h12:f1:o328,5,1.3081156015396118,1.3081156015396118,0.0,1
SeasonalNaive,decision,Agriculture:h12:f1:o328,6,1.3471544981002808,1.3471544981002808,0.0,1
SeasonalNaive,decision,Agriculture:h12:f1:o328,7,1.4652268886566162,1.4652268886566162,0.0,1
SeasonalNaive,decision,Agriculture:h12:f1:o328,8,1.4424412250518799,1.4424412250518799,0.0,1
SeasonalNaive,decision,Agriculture:h12:f1:o328,9,1.3172426223754883,1.3172426223754883,0.0,1
SeasonalNaive,decision,Agriculture:h12:f1:o328,10,1.7079007625579834,1.7079007625579834,0.0,1
SeasonalNaive,decision,Agriculture:h12:f1:o328,11,1.7468714714050293,1.7468714714050293,0.0,1
SeasonalNaive,decision,Agriculture:h12:f1:o328,12,1.9081480503082275,1.9081480503082275,0.0,1
SeasonalNaive,decision,Agriculture:h12:f1:o329,1,1.0711965560913086,1.0711965560913086,0.0,1
SeasonalNaive,decision,Agriculture:h12:f1:o329,2,1.275147557258606,1.275147557258606,0.0,1
SeasonalNaive,decision,Agriculture:h12:f1:o329,3,1.4512770175933838,1.4512770175933838,0.0,1
SeasonalNaive,decision,Agriculture:h12:f1:o329,4,1.3081156015396118,1.3081156015396118,0.0,1
SeasonalNaive,decision,Agriculture:h12:f1:o329,5,1.3471544981002808,1.3471544981002808,0.0,1
SeasonalNaive,decision,Agriculture:h12:f1:o329,6,1.4652268886566162,1.4652268886566162,0.0,1
SeasonalNaive,decision,Agriculture:h12:f1:o329,7,1.4424412250518799,1.4424412250518799,0.0,1
SeasonalNaive,decision,Agriculture:h12:f1:o329,8,1.3172426223754883,1.3172426223754883,0.0,1
SeasonalNaive,decision,Agriculture:h12:f1:o329,9,1.7079007625579834,1.7079007625579834,0.0,1
SeasonalNaive,decision,Agriculture:h12:f1:o329,10,1.7468714714050293,1.7468714714050293,0.0,1
SeasonalNaive,decision,Agriculture:h12:f1:o329,11,1.9081480503082275,1.9081480503082275,0.0,1
SeasonalNaive,decision,Agriculture:h12:f1:o329,12,1.9376132488250732,1.9376132488250732,0.0,1
SeasonalNaive,decision,Agriculture:h12:f1:o330,1,1.275147557258606,1.275147557258606,0.0,1
SeasonalNaive,decision,Agriculture:h12:f1:o330,2,1.4512770175933838,1.4512770175933838,0.0,1
SeasonalNaive,decision,Agriculture:h12:f1:o330,3,1.3081156015396118,1.3081156015396118,0.0,1
SeasonalNaive,decision,Agriculture:h12:f1:o330,4,1.3471544981002808,1.3471544981002808,0.0,1
SeasonalNaive,decision,Agriculture:h12:f1:o330,5,1.4652268886566162,1.4652268886566162,0.0,1
SeasonalNaive,decision,Agriculture:h12:f1:o330,6,1.4424412250518799,1.4424412250518799,0.0,1
SeasonalNaive,decision,Agriculture:h12:f1:o330,7,1.3172426223754883,1.3172426223754883,0.0,1
SeasonalNaive,decision,Agriculture:h12:f1:o330,8,1.7079007625579834,1.7079007625579834,0.0,1
SeasonalNaive,decision,Agriculture:h12:f1:o330,9,1.7468714714050293,1.7468714714050293,0.0,1
SeasonalNaive,decision,Agriculture:h12:f1:o330,10,1.9081480503082275,1.9081480503082275,0.0,1
SeasonalNaive,decision,Agriculture:h12:f1:o330,11,1.9376132488250732,1.9376132488250732,0.0,1
SeasonalNaive,decision,Agriculture:h12:f1:o330,12,1.9150800704956055,1.9150800704956055,0.0,1
SeasonalNaive,decision,Agriculture:h12:f1:o331,1,1.4512770175933838,1.4512770175933838,0.0,1
SeasonalNaive,decision,Agriculture:h12:f1:o331,2,1.3081156015396118,1.3081156015396118,0.0,1
SeasonalNaive,decision,Agriculture:h12:f1:o331,3,1.3471544981002808,1.3471544981002808,0.0,1
SeasonalNaive,decision,Agriculture:h12:f1:o331,4,1.4652268886566162,1.4652268886566162,0.0,1
SeasonalNaive,decision,Agriculture:h12:f1:o331,5,1.4424412250518799,1.4424412250518799,0.0,1
SeasonalNaive,decision,Agriculture:h12:f1:o331,6,1.3172426223754883,1.3172426223754883,0.0,1
SeasonalNaive,decision,Agriculture:h12:f1:o331,7,1.7079007625579834,1.7079007625579834,0.0,1
SeasonalNaive,decision,Agriculture:h12:f1:o331,8,1.7468714714050293,1.7468714714050293,0.0,1
SeasonalNaive,decision,Agriculture:h12:f1:o331,9,1.9081480503082275,1.9081480503082275,0.0,1
SeasonalNaive,decision,Agriculture:h12:f1:o331,10,1.9376132488250732,1.9376132488250732,0.0,1
SeasonalNaive,decision,Agriculture:h12:f1:o331,11,1.9150800704956055,1.9150800704956055,0.0,1
SeasonalNaive,decision,Agriculture:h12:f1:o331,12,2.1773617267608643,2.1773617267608643,0.0,1
SeasonalNaive,decision,Agriculture:h12:f1:o332,1,1.3081156015396118,1.3081156015396118,0.0,1
SeasonalNaive,decision,Agriculture:h12:f1:o332,2,1.3471544981002808,1.3471544981002808,0.0,1
SeasonalNaive,decision,Agriculture:h12:f1:o332,3,1.4652268886566162,1.4652268886566162,0.0,1
SeasonalNaive,decision,Agriculture:h12:f1:o332,4,1.4424412250518799,1.4424412250518799,0.0,1
SeasonalNaive,decision,Agriculture:h12:f1:o332,5,1.3172426223754883,1.3172426223754883,0.0,1
SeasonalNaive,decision,Agriculture:h12:f1:o332,6,1.7079007625579834,1.7079007625579834,0.0,1
SeasonalNaive,decision,Agriculture:h12:f1:o332,7,1.7468714714050293,1.7468714714050293,0.0,1
SeasonalNaive,decision,Agriculture:h12:f1:o332,8,1.9081480503082275,1.9081480503082275,0.0,1
SeasonalNaive,decision,Agriculture:h12:f1:o332,9,1.9376132488250732,1.9376132488250732,0.0,1
SeasonalNaive,decision,Agriculture:h12:f1:o332,10,1.9150800704956055,1.9150800704956055,0.0,1
SeasonalNaive,decision,Agriculture:h12:f1:o332,11,2.1773617267608643,2.1773617267608643,0.0,1
SeasonalNaive,decision,Agriculture:h12:f1:o332,12,2.027334451675415,2.027334451675415,0.0,1
SeasonalNaive,decision,Agriculture:h12:f1:o333,1,1.3471544981002808,1.3471544981002808,0.0,1
SeasonalNaive,decision,Agriculture:h12:f1:o333,2,1.4652268886566162,1.4652268886566162,0.0,1
SeasonalNaive,decision,Agriculture:h12:f1:o333,3,1.4424412250518799,1.4424412250518799,0.0,1
SeasonalNaive,decision,Agriculture:h12:f1:o333,4,1.3172426223754883,1.3172426223754883,0.0,1
SeasonalNaive,decision,Agriculture:h12:f1:o333,5,1.7079007625579834,1.7079007625579834,0.0,1
SeasonalNaive,decision,Agriculture:h12:f1:o333,6,1.7468714714050293,1.7468714714050293,0.0,1
SeasonalNaive,decision,Agriculture:h12:f1:o333,7,1.9081480503082275,1.9081480503082275,0.0,1
SeasonalNaive,decision,Agriculture:h12:f1:o333,8,1.9376132488250732,1.9376132488250732,0.0,1
SeasonalNaive,decision,Agriculture:h12:f1:o333,9,1.9150800704956055,1.9150800704956055,0.0,1
SeasonalNaive,decision,Agriculture:h12:f1:o333,10,2.1773617267608643,2.1773617267608643,0.0,1
SeasonalNaive,decision,Agriculture:h12:f1:o333,11,2.027334451675415,2.027334451675415,0.0,1
SeasonalNaive,decision,Agriculture:h12:f1:o333,12,1.9883098602294922,1.9883098602294922,0.0,1
SeasonalNaive,decision,Agriculture:h12:f1:o334,1,1.4652268886566162,1.4652268886566162,0.0,1
SeasonalNaive,decision,Agriculture:h12:f1:o334,2,1.4424412250518799,1.4424412250518799,0.0,1
SeasonalNaive,decision,Agriculture:h12:f1:o334,3,1.3172426223754883,1.3172426223754883,0.0,1
SeasonalNaive,decision,Agriculture:h12:f1:o334,4,1.7079007625579834,1.7079007625579834,0.0,1
SeasonalNaive,decision,Agriculture:h12:f1:o334,5,1.7468714714050293,1.7468714714050293,0.0,1
SeasonalNaive,decision,Agriculture:h12:f1:o334,6,1.9081480503082275,1.9081480503082275,0.0,1
SeasonalNaive,decision,Agriculture:h12:f1:o334,7,1.9376132488250732,1.9376132488250732,0.0,1
SeasonalNaive,decision,Agriculture:h12:f1:o334,8,1.9150800704956055,1.9150800704956055,0.0,1
SeasonalNaive,decision,Agriculture:h12:f1:o334,9,2.1773617267608643,2.1773617267608643,0.0,1
SeasonalNaive,decision,Agriculture:h12:f1:o334,10,2.027334451675415,2.027334451675415,0.0,1
SeasonalNaive,decision,Agriculture:h12:f1:o334,11,1.9883098602294922,1.9883098602294922,0.0,1
SeasonalNaive,decision,Agriculture:h12:f1:o334,12,1.9106780290603638,1.9106780290603638,0.0,1
SeasonalNaive,decision,Agriculture:h12:f1:o335,1,1.4424412250518799,1.4424412250518799,0.0,1
SeasonalNaive,decision,Agriculture:h12:f1:o335,2,1.3172426223754883,1.3172426223754883,0.0,1
SeasonalNaive,decision,Agriculture:h12:f1:o335,3,1.7079007625579834,1.7079007625579834,0.0,1
SeasonalNaive,decision,Agriculture:h12:f1:o335,4,1.7468714714050293,1.7468714714050293,0.0,1
SeasonalNaive,decision,Agriculture:h12:f1:o335,5,1.9081480503082275,1.9081480503082275,0.0,1
SeasonalNaive,decision,Agriculture:h12:f1:o335,6,1.9376132488250732,1.9376132488250732,0.0,1
SeasonalNaive,decision,Agriculture:h12:f1:o335,7,1.9150800704956055,1.9150800704956055,0.0,1
SeasonalNaive,decision,Agriculture:h12:f1:o335,8,2.1773617267608643,2.1773617267608643,0.0,1
SeasonalNaive,decision,Agriculture:h12:f1:o335,9,2.027334451675415,2.027334451675415,0.0,1
SeasonalNaive,decision,Agriculture:h12:f1:o335,10,1.9883098602294922,1.9883098602294922,0.0,1
SeasonalNaive,decision,Agriculture:h12:f1:o335,11,1.9106780290603638,1.9106780290603638,0.0,1
SeasonalNaive,decision,Agriculture:h12:f1:o335,12,2.113070011138916,2.113070011138916,0.0,1
SeasonalNaive,decision,Agriculture:h12:f1:o336,1,1.3172426223754883,1.3172426223754883,0.0,1
SeasonalNaive,decision,Agriculture:h12:f1:o336,2,1.7079007625579834,1.7079007625579834,0.0,1
SeasonalNaive,decision,Agriculture:h12:f1:o336,3,1.7468714714050293,1.7468714714050293,0.0,1
SeasonalNaive,decision,Agriculture:h12:f1:o336,4,1.9081480503082275,1.9081480503082275,0.0,1
SeasonalNaive,decision,Agriculture:h12:f1:o336,5,1.9376132488250732,1.9376132488250732,0.0,1
SeasonalNaive,decision,Agriculture:h12:f1:o336,6,1.9150800704956055,1.9150800704956055,0.0,1
SeasonalNaive,decision,Agriculture:h12:f1:o336,7,2.1773617267608643,2.1773617267608643,0.0,1
SeasonalNaive,decision,Agriculture:h12:f1:o336,8,2.027334451675415,2.027334451675415,0.0,1
SeasonalNaive,decision,Agriculture:h12:f1:o336,9,1.9883098602294922,1.9883098602294922,0.0,1
SeasonalNaive,decision,Agriculture:h12:f1:o336,10,1.9106780290603638,1.9106780290603638,0.0,1
SeasonalNaive,decision,Agriculture:h12:f1:o336,11,2.113070011138916,2.113070011138916,0.0,1
SeasonalNaive,decision,Agriculture:h12:f1:o336,12,2.131514310836792,2.131514310836792,0.0,1
SeasonalNaive,decision,Agriculture:h12:f1:o337,1,1.7079007625579834,1.7079007625579834,0.0,1
SeasonalNaive,decision,Agriculture:h12:f1:o337,2,1.7468714714050293,1.7468714714050293,0.0,1
SeasonalNaive,decision,Agriculture:h12:f1:o337,3,1.9081480503082275,1.9081480503082275,0.0,1
SeasonalNaive,decision,Agriculture:h12:f1:o337,4,1.9376132488250732,1.9376132488250732,0.0,1
SeasonalNaive,decision,Agriculture:h12:f1:o337,5,1.9150800704956055,1.9150800704956055,0.0,1
SeasonalNaive,decision,Agriculture:h12:f1:o337,6,2.1773617267608643,2.1773617267608643,0.0,1
SeasonalNaive,decision,Agriculture:h12:f1:o337,7,2.027334451675415,2.027334451675415,0.0,1
SeasonalNaive,decision,Agriculture:h12:f1:o337,8,1.9883098602294922,1.9883098602294922,0.0,1
SeasonalNaive,decision,Agriculture:h12:f1:o337,9,1.9106780290603638,1.9106780290603638,0.0,1
SeasonalNaive,decision,Agriculture:h12:f1:o337,10,2.113070011138916,2.113070011138916,0.0,1
SeasonalNaive,decision,Agriculture:h12:f1:o337,11,2.131514310836792,2.131514310836792,0.0,1
SeasonalNaive,decision,Agriculture:h12:f1:o337,12,2.138490915298462,2.138490915298462,0.0,1
SeasonalNaive,decision,Agriculture:h12:f1:o338,1,1.7468714714050293,1.7468714714050293,0.0,1
SeasonalNaive,decision,Agriculture:h12:f1:o338,2,1.9081480503082275,1.9081480503082275,0.0,1
SeasonalNaive,decision,Agriculture:h12:f1:o338,3,1.9376132488250732,1.9376132488250732,0.0,1
SeasonalNaive,decision,Agriculture:h12:f1:o338,4,1.9150800704956055,1.9150800704956055,0.0,1
SeasonalNaive,decision,Agriculture:h12:f1:o338,5,2.1773617267608643,2.1773617267608643,0.0,1
SeasonalNaive,decision,Agriculture:h12:f1:o338,6,2.027334451675415,2.027334451675415,0.0,1
SeasonalNaive,decision,Agriculture:h12:f1:o338,7,1.9883098602294922,1.9883098602294922,0.0,1
SeasonalNaive,decision,Agriculture:h12:f1:o338,8,1.9106780290603638,1.9106780290603638,0.0,1
SeasonalNaive,decision,Agriculture:h12:f1:o338,9,2.113070011138916,2.113070011138916,0.0,1
SeasonalNaive,decision,Agriculture:h12:f1:o338,10,2.131514310836792,2.131514310836792,0.0,1
SeasonalNaive,decision,Agriculture:h12:f1:o338,11,2.138490915298462,2.138490915298462,0.0,1
SeasonalNaive,decision,Agriculture:h12:f1:o338,12,2.3182451725006104,2.3182451725006104,0.0,1
SeasonalNaive,decision,Agriculture:h12:f1:o339,1,1.9081480503082275,1.9081480503082275,0.0,1
SeasonalNaive,decision,Agriculture:h12:f1:o339,2,1.9376132488250732,1.9376132488250732,0.0,1
SeasonalNaive,decision,Agriculture:h12:f1:o339,3,1.9150800704956055,1.9150800704956055,0.0,1
SeasonalNaive,decision,Agriculture:h12:f1:o339,4,2.1773617267608643,2.1773617267608643,0.0,1
SeasonalNaive,decision,Agriculture:h12:f1:o339,5,2.027334451675415,2.027334451675415,0.0,1
SeasonalNaive,decision,Agriculture:h12:f1:o339,6,1.9883098602294922,1.9883098602294922,0.0,1
SeasonalNaive,decision,Agriculture:h12:f1:o339,7,1.9106780290603638,1.9106780290603638,0.0,1
SeasonalNaive,decision,Agriculture:h12:f1:o339,8,2.113070011138916,2.113070011138916,0.0,1
SeasonalNaive,decision,Agriculture:h12:f1:o339,9,2.131514310836792,2.131514310836792,0.0,1
SeasonalNaive,decision,Agriculture:h12:f1:o339,10,2.138490915298462,2.138490915298462,0.0,1
SeasonalNaive,decision,Agriculture:h12:f1:o339,11,2.3182451725006104,2.3182451725006104,0.0,1
SeasonalNaive,decision,Agriculture:h12:f1:o339,12,2.340388536453247,2.340388536453247,0.0,1
SeasonalNaive,decision,Agriculture:h12:f1:o340,1,1.9376132488250732,1.9376132488250732,0.0,1
SeasonalNaive,decision,Agriculture:h12:f1:o340,2,1.9150800704956055,1.9150800704956055,0.0,1
SeasonalNaive,decision,Agriculture:h12:f1:o340,3,2.1773617267608643,2.1773617267608643,0.0,1
SeasonalNaive,decision,Agriculture:h12:f1:o340,4,2.027334451675415,2.027334451675415,0.0,1
SeasonalNaive,decision,Agriculture:h12:f1:o340,5,1.9883098602294922,1.9883098602294922,0.0,1
SeasonalNaive,decision,Agriculture:h12:f1:o340,6,1.9106780290603638,1.9106780290603638,0.0,1
SeasonalNaive,decision,Agriculture:h12:f1:o340,7,2.113070011138916,2.113070011138916,0.0,1
SeasonalNaive,decision,Agriculture:h12:f1:o340,8,2.131514310836792,2.131514310836792,0.0,1
SeasonalNaive,decision,Agriculture:h12:f1:o340,9,2.138490915298462,2.138490915298462,0.0,1
SeasonalNaive,decision,Agriculture:h12:f1:o340,10,2.3182451725006104,2.3182451725006104,0.0,1
SeasonalNaive,decision,Agriculture:h12:f1:o340,11,2.340388536453247,2.340388536453247,0.0,1
SeasonalNaive,decision,Agriculture:h12:f1:o340,12,2.3443639278411865,2.3443639278411865,0.0,1
SeasonalNaive,decision,Agriculture:h12:f1:o341,1,1.9150800704956055,1.9150800704956055,0.0,1
SeasonalNaive,decision,Agriculture:h12:f1:o341,2,2.1773617267608643,2.1773617267608643,0.0,1
SeasonalNaive,decision,Agriculture:h12:f1:o341,3,2.027334451675415,2.027334451675415,0.0,1
SeasonalNaive,decision,Agriculture:h12:f1:o341,4,1.9883098602294922,1.9883098602294922,0.0,1
SeasonalNaive,decision,Agriculture:h12:f1:o341,5,1.9106780290603638,1.9106780290603638,0.0,1
SeasonalNaive,decision,Agriculture:h12:f1:o341,6,2.113070011138916,2.113070011138916,0.0,1
SeasonalNaive,decision,Agriculture:h12:f1:o341,7,2.131514310836792,2.131514310836792,0.0,1
SeasonalNaive,decision,Agriculture:h12:f1:o341,8,2.138490915298462,2.138490915298462,0.0,1
SeasonalNaive,decision,Agriculture:h12:f1:o341,9,2.3182451725006104,2.3182451725006104,0.0,1
SeasonalNaive,decision,Agriculture:h12:f1:o341,10,2.340388536453247,2.340388536453247,0.0,1
SeasonalNaive,decision,Agriculture:h12:f1:o341,11,2.3443639278411865,2.3443639278411865,0.0,1
SeasonalNaive,decision,Agriculture:h12:f1:o341,12,2.391812562942505,2.391812562942505,0.0,1
SeasonalNaive,decision,Agriculture:h12:f1:o342,1,2.1773617267608643,2.1773617267608643,0.0,1
SeasonalNaive,decision,Agriculture:h12:f1:o342,2,2.027334451675415,2.027334451675415,0.0,1
SeasonalNaive,decision,Agriculture:h12:f1:o342,3,1.9883098602294922,1.9883098602294922,0.0,1
SeasonalNaive,decision,Agriculture:h12:f1:o342,4,1.9106780290603638,1.9106780290603638,0.0,1
SeasonalNaive,decision,Agriculture:h12:f1:o342,5,2.113070011138916,2.113070011138916,0.0,1
SeasonalNaive,decision,Agriculture:h12:f1:o342,6,2.131514310836792,2.131514310836792,0.0,1
SeasonalNaive,decision,Agriculture:h12:f1:o342,7,2.138490915298462,2.138490915298462,0.0,1
SeasonalNaive,decision,Agriculture:h12:f1:o342,8,2.3182451725006104,2.3182451725006104,0.0,1
SeasonalNaive,decision,Agriculture:h12:f1:o342,9,2.340388536453247,2.340388536453247,0.0,1
SeasonalNaive,decision,Agriculture:h12:f1:o342,10,2.3443639278411865,2.3443639278411865,0.0,1
SeasonalNaive,decision,Agriculture:h12:f1:o342,11,2.391812562942505,2.391812562942505,0.0,1
SeasonalNaive,decision,Agriculture:h12:f1:o342,12,2.508481979370117,2.508481979370117,0.0,1
SeasonalNaive,decision,Agriculture:h12:f1:o343,1,2.027334451675415,2.027334451675415,0.0,1
SeasonalNaive,decision,Agriculture:h12:f1:o343,2,1.9883098602294922,1.9883098602294922,0.0,1
SeasonalNaive,decision,Agriculture:h12:f1:o343,3,1.9106780290603638,1.9106780290603638,0.0,1
SeasonalNaive,decision,Agriculture:h12:f1:o343,4,2.113070011138916,2.113070011138916,0.0,1
SeasonalNaive,decision,Agriculture:h12:f1:o343,5,2.131514310836792,2.131514310836792,0.0,1
SeasonalNaive,decision,Agriculture:h12:f1:o343,6,2.138490915298462,2.138490915298462,0.0,1
SeasonalNaive,decision,Agriculture:h12:f1:o343,7,2.3182451725006104,2.3182451725006104,0.0,1
SeasonalNaive,decision,Agriculture:h12:f1:o343,8,2.340388536453247,2.340388536453247,0.0,1
SeasonalNaive,decision,Agriculture:h12:f1:o343,9,2.3443639278411865,2.3443639278411865,0.0,1
SeasonalNaive,decision,Agriculture:h12:f1:o343,10,2.391812562942505,2.391812562942505,0.0,1
SeasonalNaive,decision,Agriculture:h12:f1:o343,11,2.508481979370117,2.508481979370117,0.0,1
SeasonalNaive,decision,Agriculture:h12:f1:o343,12,2.466463088989258,2.466463088989258,0.0,1
SeasonalNaive,decision,Agriculture:h12:f1:o344,1,1.9883098602294922,1.9883098602294922,0.0,1
SeasonalNaive,decision,Agriculture:h12:f1:o344,2,1.9106780290603638,1.9106780290603638,0.0,1
SeasonalNaive,decision,Agriculture:h12:f1:o344,3,2.113070011138916,2.113070011138916,0.0,1
SeasonalNaive,decision,Agriculture:h12:f1:o344,4,2.131514310836792,2.131514310836792,0.0,1
SeasonalNaive,decision,Agriculture:h12:f1:o344,5,2.138490915298462,2.138490915298462,0.0,1
SeasonalNaive,decision,Agriculture:h12:f1:o344,6,2.3182451725006104,2.3182451725006104,0.0,1
SeasonalNaive,decision,Agriculture:h12:f1:o344,7,2.340388536453247,2.340388536453247,0.0,1
SeasonalNaive,decision,Agriculture:h12:f1:o344,8,2.3443639278411865,2.3443639278411865,0.0,1
SeasonalNaive,decision,Agriculture:h12:f1:o344,9,2.391812562942505,2.391812562942505,0.0,1
SeasonalNaive,decision,Agriculture:h12:f1:o344,10,2.508481979370117,2.508481979370117,0.0,1
SeasonalNaive,decision,Agriculture:h12:f1:o344,11,2.466463088989258,2.466463088989258,0.0,1
SeasonalNaive,decision,Agriculture:h12:f1:o344,12,2.392559289932251,2.392559289932251,0.0,1
SeasonalNaive,decision,Agriculture:h12:f1:o345,1,1.9106780290603638,1.9106780290603638,0.0,1
SeasonalNaive,decision,Agriculture:h12:f1:o345,2,2.113070011138916,2.113070011138916,0.0,1
SeasonalNaive,decision,Agriculture:h12:f1:o345,3,2.131514310836792,2.131514310836792,0.0,1
SeasonalNaive,decision,Agriculture:h12:f1:o345,4,2.138490915298462,2.138490915298462,0.0,1
SeasonalNaive,decision,Agriculture:h12:f1:o345,5,2.3182451725006104,2.3182451725006104,0.0,1
SeasonalNaive,decision,Agriculture:h12:f1:o345,6,2.340388536453247,2.340388536453247,0.0,1
SeasonalNaive,decision,Agriculture:h12:f1:o345,7,2.3443639278411865,2.3443639278411865,0.0,1
SeasonalNaive,decision,Agriculture:h12:f1:o345,8,2.391812562942505,2.391812562942505,0.0,1
SeasonalNaive,decision,Agriculture:h12:f1:o345,9,2.508481979370117,2.508481979370117,0.0,1
SeasonalNaive,decision,Agriculture:h12:f1:o345,10,2.466463088989258,2.466463088989258,0.0,1
SeasonalNaive,decision,Agriculture:h12:f1:o345,11,2.392559289932251,2.392559289932251,0.0,1
SeasonalNaive,decision,Agriculture:h12:f1:o345,12,2.4734745025634766,2.4734745025634766,0.0,1
SeasonalNaive,decision,Agriculture:h12:f1:o346,1,2.113070011138916,2.113070011138916,0.0,1
SeasonalNaive,decision,Agriculture:h12:f1:o346,2,2.131514310836792,2.131514310836792,0.0,1
SeasonalNaive,decision,Agriculture:h12:f1:o346,3,2.138490915298462,2.138490915298462,0.0,1
SeasonalNaive,decision,Agriculture:h12:f1:o346,4,2.3182451725006104,2.3182451725006104,0.0,1
SeasonalNaive,decision,Agriculture:h12:f1:o346,5,2.340388536453247,2.340388536453247,0.0,1
SeasonalNaive,decision,Agriculture:h12:f1:o346,6,2.3443639278411865,2.3443639278411865,0.0,1
SeasonalNaive,decision,Agriculture:h12:f1:o346,7,2.391812562942505,2.391812562942505,0.0,1
SeasonalNaive,decision,Agriculture:h12:f1:o346,8,2.508481979370117,2.508481979370117,0.0,1
SeasonalNaive,decision,Agriculture:h12:f1:o346,9,2.466463088989258,2.466463088989258,0.0,1
SeasonalNaive,decision,Agriculture:h12:f1:o346,10,2.392559289932251,2.392559289932251,0.0,1
SeasonalNaive,decision,Agriculture:h12:f1:o346,11,2.4734745025634766,2.4734745025634766,0.0,1
SeasonalNaive,decision,Agriculture:h12:f1:o346,12,2.38541579246521,2.38541579246521,0.0,1
SeasonalNaive,decision,Agriculture:h12:f1:o347,1,2.131514310836792,2.131514310836792,0.0,1
SeasonalNaive,decision,Agriculture:h12:f1:o347,2,2.138490915298462,2.138490915298462,0.0,1
SeasonalNaive,decision,Agriculture:h12:f1:o347,3,2.3182451725006104,2.3182451725006104,0.0,1
SeasonalNaive,decision,Agriculture:h12:f1:o347,4,2.340388536453247,2.340388536453247,0.0,1
SeasonalNaive,decision,Agriculture:h12:f1:o347,5,2.3443639278411865,2.3443639278411865,0.0,1
SeasonalNaive,decision,Agriculture:h12:f1:o347,6,2.391812562942505,2.391812562942505,0.0,1
SeasonalNaive,decision,Agriculture:h12:f1:o347,7,2.508481979370117,2.508481979370117,0.0,1
SeasonalNaive,decision,Agriculture:h12:f1:o347,8,2.466463088989258,2.466463088989258,0.0,1
SeasonalNaive,decision,Agriculture:h12:f1:o347,9,2.392559289932251,2.392559289932251,0.0,1
SeasonalNaive,decision,Agriculture:h12:f1:o347,10,2.4734745025634766,2.4734745025634766,0.0,1
SeasonalNaive,decision,Agriculture:h12:f1:o347,11,2.38541579246521,2.38541579246521,0.0,1
SeasonalNaive,decision,Agriculture:h12:f1:o347,12,2.671067476272583,2.671067476272583,0.0,1
SeasonalNaive,decision,Agriculture:h12:f1:o348,1,2.138490915298462,2.138490915298462,0.0,1
SeasonalNaive,decision,Agriculture:h12:f1:o348,2,2.3182451725006104,2.3182451725006104,0.0,1
SeasonalNaive,decision,Agriculture:h12:f1:o348,3,2.340388536453247,2.340388536453247,0.0,1
SeasonalNaive,decision,Agriculture:h12:f1:o348,4,2.3443639278411865,2.3443639278411865,0.0,1
SeasonalNaive,decision,Agriculture:h12:f1:o348,5,2.391812562942505,2.391812562942505,0.0,1
SeasonalNaive,decision,Agriculture:h12:f1:o348,6,2.508481979370117,2.508481979370117,0.0,1
SeasonalNaive,decision,Agriculture:h12:f1:o348,7,2.466463088989258,2.466463088989258,0.0,1
SeasonalNaive,decision,Agriculture:h12:f1:o348,8,2.392559289932251,2.392559289932251,0.0,1
SeasonalNaive,decision,Agriculture:h12:f1:o348,9,2.4734745025634766,2.4734745025634766,0.0,1
SeasonalNaive,decision,Agriculture:h12:f1:o348,10,2.38541579246521,2.38541579246521,0.0,1
SeasonalNaive,decision,Agriculture:h12:f1:o348,11,2.671067476272583,2.671067476272583,0.0,1
SeasonalNaive,decision,Agriculture:h12:f1:o348,12,2.6063716411590576,2.6063716411590576,0.0,1
SeasonalNaive,decision,Agriculture:h12:f1:o349,1,2.3182451725006104,2.3182451725006104,0.0,1
SeasonalNaive,decision,Agriculture:h12:f1:o349,2,2.340388536453247,2.340388536453247,0.0,1
SeasonalNaive,decision,Agriculture:h12:f1:o349,3,2.3443639278411865,2.3443639278411865,0.0,1
SeasonalNaive,decision,Agriculture:h12:f1:o349,4,2.391812562942505,2.391812562942505,0.0,1
SeasonalNaive,decision,Agriculture:h12:f1:o349,5,2.508481979370117,2.508481979370117,0.0,1
SeasonalNaive,decision,Agriculture:h12:f1:o349,6,2.466463088989258,2.466463088989258,0.0,1
SeasonalNaive,decision,Agriculture:h12:f1:o349,7,2.392559289932251,2.392559289932251,0.0,1
SeasonalNaive,decision,Agriculture:h12:f1:o349,8,2.4734745025634766,2.4734745025634766,0.0,1
SeasonalNaive,decision,Agriculture:h12:f1:o349,9,2.38541579246521,2.38541579246521,0.0,1
SeasonalNaive,decision,Agriculture:h12:f1:o349,10,2.671067476272583,2.671067476272583,0.0,1
SeasonalNaive,decision,Agriculture:h12:f1:o349,11,2.6063716411590576,2.6063716411590576,0.0,1
SeasonalNaive,decision,Agriculture:h12:f1:o349,12,2.9051945209503174,2.9051945209503174,0.0,1
SeasonalNaive,decision,Agriculture:h12:f1:o350,1,2.340388536453247,2.340388536453247,0.0,1
SeasonalNaive,decision,Agriculture:h12:f1:o350,2,2.3443639278411865,2.3443639278411865,0.0,1
SeasonalNaive,decision,Agriculture:h12:f1:o350,3,2.391812562942505,2.391812562942505,0.0,1
SeasonalNaive,decision,Agriculture:h12:f1:o350,4,2.508481979370117,2.508481979370117,0.0,1
SeasonalNaive,decision,Agriculture:h12:f1:o350,5,2.466463088989258,2.466463088989258,0.0,1
SeasonalNaive,decision,Agriculture:h12:f1:o350,6,2.392559289932251,2.392559289932251,0.0,1
SeasonalNaive,decision,Agriculture:h12:f1:o350,7,2.4734745025634766,2.4734745025634766,0.0,1
SeasonalNaive,decision,Agriculture:h12:f1:o350,8,2.38541579246521,2.38541579246521,0.0,1
SeasonalNaive,decision,Agriculture:h12:f1:o350,9,2.671067476272583,2.671067476272583,0.0,1
SeasonalNaive,decision,Agriculture:h12:f1:o350,10,2.6063716411590576,2.6063716411590576,0.0,1
SeasonalNaive,decision,Agriculture:h12:f1:o350,11,2.9051945209503174,2.9051945209503174,0.0,1
SeasonalNaive,decision,Agriculture:h12:f1:o350,12,2.7166924476623535,2.7166924476623535,0.0,1
SeasonalNaive,decision,Agriculture:h12:f1:o351,1,2.3443639278411865,2.3443639278411865,0.0,1
SeasonalNaive,decision,Agriculture:h12:f1:o351,2,2.391812562942505,2.391812562942505,0.0,1
SeasonalNaive,decision,Agriculture:h12:f1:o351,3,2.508481979370117,2.508481979370117,0.0,1
SeasonalNaive,decision,Agriculture:h12:f1:o351,4,2.466463088989258,2.466463088989258,0.0,1
SeasonalNaive,decision,Agriculture:h12:f1:o351,5,2.392559289932251,2.392559289932251,0.0,1
SeasonalNaive,decision,Agriculture:h12:f1:o351,6,2.4734745025634766,2.4734745025634766,0.0,1
SeasonalNaive,decision,Agriculture:h12:f1:o351,7,2.38541579246521,2.38541579246521,0.0,1
SeasonalNaive,decision,Agriculture:h12:f1:o351,8,2.671067476272583,2.671067476272583,0.0,1
SeasonalNaive,decision,Agriculture:h12:f1:o351,9,2.6063716411590576,2.6063716411590576,0.0,1
SeasonalNaive,decision,Agriculture:h12:f1:o351,10,2.9051945209503174,2.9051945209503174,0.0,1
SeasonalNaive,decision,Agriculture:h12:f1:o351,11,2.7166924476623535,2.7166924476623535,0.0,1
SeasonalNaive,decision,Agriculture:h12:f1:o351,12,2.253378391265869,2.253378391265869,0.0,1
SeasonalNaive,decision,Agriculture:h12:f1:o352,1,2.391812562942505,2.391812562942505,0.0,1
SeasonalNaive,decision,Agriculture:h12:f1:o352,2,2.508481979370117,2.508481979370117,0.0,1
SeasonalNaive,decision,Agriculture:h12:f1:o352,3,2.466463088989258,2.466463088989258,0.0,1
SeasonalNaive,decision,Agriculture:h12:f1:o352,4,2.392559289932251,2.392559289932251,0.0,1
SeasonalNaive,decision,Agriculture:h12:f1:o352,5,2.4734745025634766,2.4734745025634766,0.0,1
SeasonalNaive,decision,Agriculture:h12:f1:o352,6,2.38541579246521,2.38541579246521,0.0,1
SeasonalNaive,decision,Agriculture:h12:f1:o352,7,2.671067476272583,2.671067476272583,0.0,1
SeasonalNaive,decision,Agriculture:h12:f1:o352,8,2.6063716411590576,2.6063716411590576,0.0,1
SeasonalNaive,decision,Agriculture:h12:f1:o352,9,2.9051945209503174,2.9051945209503174,0.0,1
SeasonalNaive,decision,Agriculture:h12:f1:o352,10,2.7166924476623535,2.7166924476623535,0.0,1
SeasonalNaive,decision,Agriculture:h12:f1:o352,11,2.253378391265869,2.253378391265869,0.0,1
SeasonalNaive,decision,Agriculture:h12:f1:o352,12,2.799194097518921,2.799194097518921,0.0,1
SeasonalNaive,decision,Agriculture:h12:f1:o353,1,2.508481979370117,2.508481979370117,0.0,1
SeasonalNaive,decision,Agriculture:h12:f1:o353,2,2.466463088989258,2.466463088989258,0.0,1
SeasonalNaive,decision,Agriculture:h12:f1:o353,3,2.392559289932251,2.392559289932251,0.0,1
SeasonalNaive,decision,Agriculture:h12:f1:o353,4,2.4734745025634766,2.4734745025634766,0.0,1
SeasonalNaive,decision,Agriculture:h12:f1:o353,5,2.38541579246521,2.38541579246521,0.0,1
SeasonalNaive,decision,Agriculture:h12:f1:o353,6,2.671067476272583,2.671067476272583,0.0,1
SeasonalNaive,decision,Agriculture:h12:f1:o353,7,2.6063716411590576,2.6063716411590576,0.0,1
SeasonalNaive,decision,Agriculture:h12:f1:o353,8,2.9051945209503174,2.9051945209503174,0.0,1
SeasonalNaive,decision,Agriculture:h12:f1:o353,9,2.7166924476623535,2.7166924476623535,0.0,1
SeasonalNaive,decision,Agriculture:h12:f1:o353,10,2.253378391265869,2.253378391265869,0.0,1
SeasonalNaive,decision,Agriculture:h12:f1:o353,11,2.799194097518921,2.799194097518921,0.0,1
SeasonalNaive,decision,Agriculture:h12:f1:o353,12,3.0137109756469727,3.0137109756469727,0.0,1
SeasonalNaive,decision,Agriculture:h12:f1:o354,1,2.466463088989258,2.466463088989258,0.0,1
SeasonalNaive,decision,Agriculture:h12:f1:o354,2,2.392559289932251,2.392559289932251,0.0,1
SeasonalNaive,decision,Agriculture:h12:f1:o354,3,2.4734745025634766,2.4734745025634766,0.0,1
SeasonalNaive,decision,Agriculture:h12:f1:o354,4,2.38541579246521,2.38541579246521,0.0,1
SeasonalNaive,decision,Agriculture:h12:f1:o354,5,2.671067476272583,2.671067476272583,0.0,1
SeasonalNaive,decision,Agriculture:h12:f1:o354,6,2.6063716411590576,2.6063716411590576,0.0,1
SeasonalNaive,decision,Agriculture:h12:f1:o354,7,2.9051945209503174,2.9051945209503174,0.0,1
SeasonalNaive,decision,Agriculture:h12:f1:o354,8,2.7166924476623535,2.7166924476623535,0.0,1
SeasonalNaive,decision,Agriculture:h12:f1:o354,9,2.253378391265869,2.253378391265869,0.0,1
SeasonalNaive,decision,Agriculture:h12:f1:o354,10,2.799194097518921,2.799194097518921,0.0,1
SeasonalNaive,decision,Agriculture:h12:f1:o354,11,3.0137109756469727,3.0137109756469727,0.0,1
SeasonalNaive,decision,Agriculture:h12:f1:o354,12,2.8452587127685547,2.8452587127685547,0.0,1
SeasonalNaive,decision,Agriculture:h12:f1:o355,1,2.392559289932251,2.392559289932251,0.0,1
SeasonalNaive,decision,Agriculture:h12:f1:o355,2,2.4734745025634766,2.4734745025634766,0.0,1
SeasonalNaive,decision,Agriculture:h12:f1:o355,3,2.38541579246521,2.38541579246521,0.0,1
SeasonalNaive,decision,Agriculture:h12:f1:o355,4,2.671067476272583,2.671067476272583,0.0,1
SeasonalNaive,decision,Agriculture:h12:f1:o355,5,2.6063716411590576,2.6063716411590576,0.0,1
SeasonalNaive,decision,Agriculture:h12:f1:o355,6,2.9051945209503174,2.9051945209503174,0.0,1
SeasonalNaive,decision,Agriculture:h12:f1:o355,7,2.7166924476623535,2.7166924476623535,0.0,1
SeasonalNaive,decision,Agriculture:h12:f1:o355,8,2.253378391265869,2.253378391265869,0.0,1
SeasonalNaive,decision,Agriculture:h12:f1:o355,9,2.799194097518921,2.799194097518921,0.0,1
SeasonalNaive,decision,Agriculture:h12:f1:o355,10,3.0137109756469727,3.0137109756469727,0.0,1
SeasonalNaive,decision,Agriculture:h12:f1:o355,11,2.8452587127685547,2.8452587127685547,0.0,1
SeasonalNaive,decision,Agriculture:h12:f1:o355,12,2.4324827194213867,2.4324827194213867,0.0,1
SeasonalNaive,decision,Agriculture:h12:f1:o356,1,2.4734745025634766,2.4734745025634766,0.0,1
SeasonalNaive,decision,Agriculture:h12:f1:o356,2,2.38541579246521,2.38541579246521,0.0,1
SeasonalNaive,decision,Agriculture:h12:f1:o356,3,2.671067476272583,2.671067476272583,0.0,1
SeasonalNaive,decision,Agriculture:h12:f1:o356,4,2.6063716411590576,2.6063716411590576,0.0,1
SeasonalNaive,decision,Agriculture:h12:f1:o356,5,2.9051945209503174,2.9051945209503174,0.0,1
SeasonalNaive,decision,Agriculture:h12:f1:o356,6,2.7166924476623535,2.7166924476623535,0.0,1
SeasonalNaive,decision,Agriculture:h12:f1:o356,7,2.253378391265869,2.253378391265869,0.0,1
SeasonalNaive,decision,Agriculture:h12:f1:o356,8,2.799194097518921,2.799194097518921,0.0,1
SeasonalNaive,decision,Agriculture:h12:f1:o356,9,3.0137109756469727,3.0137109756469727,0.0,1
SeasonalNaive,decision,Agriculture:h12:f1:o356,10,2.8452587127685547,2.8452587127685547,0.0,1
SeasonalNaive,decision,Agriculture:h12:f1:o356,11,2.4324827194213867,2.4324827194213867,0.0,1
SeasonalNaive,decision,Agriculture:h12:f1:o356,12,2.542151927947998,2.542151927947998,0.0,1
SeasonalNaive,decision,Agriculture:h12:f1:o357,1,2.38541579246521,2.38541579246521,0.0,1
SeasonalNaive,decision,Agriculture:h12:f1:o357,2,2.671067476272583,2.671067476272583,0.0,1
SeasonalNaive,decision,Agriculture:h12:f1:o357,3,2.6063716411590576,2.6063716411590576,0.0,1
SeasonalNaive,decision,Agriculture:h12:f1:o357,4,2.9051945209503174,2.9051945209503174,0.0,1
SeasonalNaive,decision,Agriculture:h12:f1:o357,5,2.7166924476623535,2.7166924476623535,0.0,1
SeasonalNaive,decision,Agriculture:h12:f1:o357,6,2.253378391265869,2.253378391265869,0.0,1
SeasonalNaive,decision,Agriculture:h12:f1:o357,7,2.799194097518921,2.799194097518921,0.0,1
SeasonalNaive,decision,Agriculture:h12:f1:o357,8,3.0137109756469727,3.0137109756469727,0.0,1
SeasonalNaive,decision,Agriculture:h12:f1:o357,9,2.8452587127685547,2.8452587127685547,0.0,1
SeasonalNaive,decision,Agriculture:h12:f1:o357,10,2.4324827194213867,2.4324827194213867,0.0,1
SeasonalNaive,decision,Agriculture:h12:f1:o357,11,2.542151927947998,2.542151927947998,0.0,1
SeasonalNaive,decision,Agriculture:h12:f1:o357,12,2.495338201522827,2.495338201522827,0.0,1
SeasonalNaive,decision,Agriculture:h12:f1:o358,1,2.671067476272583,2.671067476272583,0.0,1
SeasonalNaive,decision,Agriculture:h12:f1:o358,2,2.6063716411590576,2.6063716411590576,0.0,1
SeasonalNaive,decision,Agriculture:h12:f1:o358,3,2.9051945209503174,2.9051945209503174,0.0,1
SeasonalNaive,decision,Agriculture:h12:f1:o358,4,2.7166924476623535,2.7166924476623535,0.0,1
SeasonalNaive,decision,Agriculture:h12:f1:o358,5,2.253378391265869,2.253378391265869,0.0,1
SeasonalNaive,decision,Agriculture:h12:f1:o358,6,2.799194097518921,2.799194097518921,0.0,1
SeasonalNaive,decision,Agriculture:h12:f1:o358,7,3.0137109756469727,3.0137109756469727,0.0,1
SeasonalNaive,decision,Agriculture:h12:f1:o358,8,2.8452587127685547,2.8452587127685547,0.0,1
SeasonalNaive,decision,Agriculture:h12:f1:o358,9,2.4324827194213867,2.4324827194213867,0.0,1
SeasonalNaive,decision,Agriculture:h12:f1:o358,10,2.542151927947998,2.542151927947998,0.0,1
SeasonalNaive,decision,Agriculture:h12:f1:o358,11,2.495338201522827,2.495338201522827,0.0,1
SeasonalNaive,decision,Agriculture:h12:f1:o358,12,2.355901002883911,2.355901002883911,0.0,1
SeasonalNaive,decision,Agriculture:h12:f1:o359,1,2.6063716411590576,2.6063716411590576,0.0,1
SeasonalNaive,decision,Agriculture:h12:f1:o359,2,2.9051945209503174,2.9051945209503174,0.0,1
SeasonalNaive,decision,Agriculture:h12:f1:o359,3,2.7166924476623535,2.7166924476623535,0.0,1
SeasonalNaive,decision,Agriculture:h12:f1:o359,4,2.253378391265869,2.253378391265869,0.0,1
SeasonalNaive,decision,Agriculture:h12:f1:o359,5,2.799194097518921,2.799194097518921,0.0,1
SeasonalNaive,decision,Agriculture:h12:f1:o359,6,3.0137109756469727,3.0137109756469727,0.0,1
SeasonalNaive,decision,Agriculture:h12:f1:o359,7,2.8452587127685547,2.8452587127685547,0.0,1
SeasonalNaive,decision,Agriculture:h12:f1:o359,8,2.4324827194213867,2.4324827194213867,0.0,1
SeasonalNaive,decision,Agriculture:h12:f1:o359,9,2.542151927947998,2.542151927947998,0.0,1
SeasonalNaive,decision,Agriculture:h12:f1:o359,10,2.495338201522827,2.495338201522827,0.0,1
SeasonalNaive,decision,Agriculture:h12:f1:o359,11,2.355901002883911,2.355901002883911,0.0,1
SeasonalNaive,decision,Agriculture:h12:f1:o359,12,2.4021313190460205,2.4021313190460205,0.0,1
SeasonalNaive,decision,Agriculture:h12:f1:o360,1,2.9051945209503174,2.9051945209503174,0.0,1
SeasonalNaive,decision,Agriculture:h12:f1:o360,2,2.7166924476623535,2.7166924476623535,0.0,1
SeasonalNaive,decision,Agriculture:h12:f1:o360,3,2.253378391265869,2.253378391265869,0.0,1
SeasonalNaive,decision,Agriculture:h12:f1:o360,4,2.799194097518921,2.799194097518921,0.0,1
SeasonalNaive,decision,Agriculture:h12:f1:o360,5,3.0137109756469727,3.0137109756469727,0.0,1
SeasonalNaive,decision,Agriculture:h12:f1:o360,6,2.8452587127685547,2.8452587127685547,0.0,1
SeasonalNaive,decision,Agriculture:h12:f1:o360,7,2.4324827194213867,2.4324827194213867,0.0,1
SeasonalNaive,decision,Agriculture:h12:f1:o360,8,2.542151927947998,2.542151927947998,0.0,1
SeasonalNaive,decision,Agriculture:h12:f1:o360,9,2.495338201522827,2.495338201522827,0.0,1
SeasonalNaive,decision,Agriculture:h12:f1:o360,10,2.355901002883911,2.355901002883911,0.0,1
SeasonalNaive,decision,Agriculture:h12:f1:o360,11,2.4021313190460205,2.4021313190460205,0.0,1
SeasonalNaive,decision,Agriculture:h12:f1:o360,12,2.4217190742492676,2.4217190742492676,0.0,1
AR-Ridge,calibration,Agriculture:h12:f1:o212,1,1.1185101344416537,1.1185101344416537,0.0,1
AR-Ridge,calibration,Agriculture:h12:f1:o212,2,1.0895735323542841,1.0895735323542841,0.0,1
AR-Ridge,calibration,Agriculture:h12:f1:o212,3,1.0745425807967004,1.0745425807967004,0.0,1
AR-Ridge,calibration,Agriculture:h12:f1:o212,4,1.0632781762091714,1.0632781762091714,0.0,1
AR-Ridge,calibration,Agriculture:h12:f1:o212,5,1.0552999360602378,1.0552999360602378,0.0,1
AR-Ridge,calibration,Agriculture:h12:f1:o212,6,1.0521624431961598,1.0521624431961598,0.0,1
AR-Ridge,calibration,Agriculture:h12:f1:o212,7,1.0656997768916598,1.0656997768916598,0.0,1
AR-Ridge,calibration,Agriculture:h12:f1:o212,8,1.1009811988424165,1.1009811988424165,0.0,1
AR-Ridge,calibration,Agriculture:h12:f1:o212,9,1.1375135496561346,1.1375135496561346,0.0,1
AR-Ridge,calibration,Agriculture:h12:f1:o212,10,1.1709446499180087,1.1709446499180087,0.0,1
AR-Ridge,calibration,Agriculture:h12:f1:o212,11,1.1977032498784812,1.1977032498784812,0.0,1
AR-Ridge,calibration,Agriculture:h12:f1:o212,12,1.2066802735169246,1.2066802735169246,0.0,1
AR-Ridge,calibration,Agriculture:h12:f1:o213,1,1.1379156694748278,1.1379156694748278,0.0,1
AR-Ridge,calibration,Agriculture:h12:f1:o213,2,1.1195202021794965,1.1195202021794965,0.0,1
AR-Ridge,calibration,Agriculture:h12:f1:o213,3,1.098705568292628,1.098705568292628,0.0,1
AR-Ridge,calibration,Agriculture:h12:f1:o213,4,1.0844880425955552,1.0844880425955552,0.0,1
AR-Ridge,calibration,Agriculture:h12:f1:o213,5,1.0729281138388163,1.0729281138388163,0.0,1
AR-Ridge,calibration,Agriculture:h12:f1:o213,6,1.0843657633170527,1.0843657633170527,0.0,1
AR-Ridge,calibration,Agriculture:h12:f1:o213,7,1.118795603394443,1.118795603394443,0.0,1
AR-Ridge,calibration,Agriculture:h12:f1:o213,8,1.1526100852900183,1.1526100852900183,0.0,1
AR-Ridge,calibration,Agriculture:h12:f1:o213,9,1.1860473461355336,1.1860473461355336,0.0,1
AR-Ridge,calibration,Agriculture:h12:f1:o213,10,1.212383782747509,1.212383782747509,0.0,1
AR-Ridge,calibration,Agriculture:h12:f1:o213,11,1.2269787464924489,1.2269787464924489,0.0,1
AR-Ridge,calibration,Agriculture:h12:f1:o213,12,1.218850180405405,1.218850180405405,0.0,1
AR-Ridge,calibration,Agriculture:h12:f1:o214,1,1.0574896307754196,1.0574896307754196,0.0,1
AR-Ridge,calibration,Agriculture:h12:f1:o214,2,1.0411939489013493,1.0411939489013493,0.0,1
AR-Ridge,calibration,Agriculture:h12:f1:o214,3,1.0335431168505984,1.0335431168505984,0.0,1
AR-Ridge,calibration,Agriculture:h12:f1:o214,4,1.036574776798039,1.036574776798039,0.0,1
AR-Ridge,calibration,Agriculture:h12:f1:o214,5,1.0608498320954893,1.0608498320954893,0.0,1
AR-Ridge,calibration,Agriculture:h12:f1:o214,6,1.1051468050261715,1.1051468050261715,0.0,1
AR-Ridge,calibration,Agriculture:h12:f1:o214,7,1.1388639653583281,1.1388639653583281,0.0,1
AR-Ridge,calibration,Agriculture:h12:f1:o214,8,1.1670289075531013,1.1670289075531013,0.0,1
AR-Ridge,calibration,Agriculture:h12:f1:o214,9,1.1915983945354245,1.1915983945354245,0.0,1
AR-Ridge,calibration,Agriculture:h12:f1:o214,10,1.204992714852016,1.204992714852016,0.0,1
AR-Ridge,calibration,Agriculture:h12:f1:o214,11,1.1980422755762026,1.1980422755762026,0.0,1
AR-Ridge,calibration,Agriculture:h12:f1:o214,12,1.1914450280619475,1.1914450280619475,0.0,1
AR-Ridge,calibration,Agriculture:h12:f1:o215,1,1.0957725953347937,1.0957725953347937,0.0,1
AR-Ridge,calibration,Agriculture:h12:f1:o215,2,1.085032287490654,1.085032287490654,0.0,1
AR-Ridge,calibration,Agriculture:h12:f1:o215,3,1.0775680116629374,1.0775680116629374,0.0,1
AR-Ridge,calibration,Agriculture:h12:f1:o215,4,1.0848597078581392,1.0848597078581392,0.0,1
AR-Ridge,calibration,Agriculture:h12:f1:o215,5,1.11233375681035,1.11233375681035,0.0,1
AR-Ridge,calibration,Agriculture:h12:f1:o215,6,1.1391899306924484,1.1391899306924484,0.0,1
AR-Ridge,calibration,Agriculture:h12:f1:o215,7,1.170595924832204,1.170595924832204,0.0,1
AR-Ridge,calibration,Agriculture:h12:f1:o215,8,1.2000770617048124,1.2000770617048124,0.0,1
AR-Ridge,calibration,Agriculture:h12:f1:o215,9,1.2160112196778843,1.2160112196778843,0.0,1
AR-Ridge,calibration,Agriculture:h12:f1:o215,10,1.2078849471364657,1.2078849471364657,0.0,1
AR-Ridge,calibration,Agriculture:h12:f1:o215,11,1.2044368980140618,1.2044368980140618,0.0,1
AR-Ridge,calibration,Agriculture:h12:f1:o215,12,1.2094649413894836,1.2094649413894836,0.0,1
AR-Ridge,calibration,Agriculture:h12:f1:o216,1,1.030129644902307,1.030129644902307,0.0,1
AR-Ridge,calibration,Agriculture:h12:f1:o216,2,1.0268274055346078,1.0268274055346078,0.0,1
AR-Ridge,calibration,Agriculture:h12:f1:o216,3,1.0386397920813202,1.0386397920813202,0.0,1
AR-Ridge,calibration,Agriculture:h12:f1:o216,4,1.0794402853853446,1.0794402853853446,0.0,1
AR-Ridge,calibration,Agriculture:h12:f1:o216,5,1.117442053004522,1.117442053004522,0.0,1
AR-Ridge,calibration,Agriculture:h12:f1:o216,6,1.1585848368901603,1.1585848368901603,0.0,1
AR-Ridge,calibration,Agriculture:h12:f1:o216,7,1.188105486775624,1.188105486775624,0.0,1
AR-Ridge,calibration,Agriculture:h12:f1:o216,8,1.1981018371803436,1.1981018371803436,0.0,1
AR-Ridge,calibration,Agriculture:h12:f1:o216,9,1.1882102769380487,1.1882102769380487,0.0,1
AR-Ridge,calibration,Agriculture:h12:f1:o216,10,1.1832083384133263,1.1832083384133263,0.0,1
AR-Ridge,calibration,Agriculture:h12:f1:o216,11,1.1906762953316665,1.1906762953316665,0.0,1
AR-Ridge,calibration,Agriculture:h12:f1:o216,12,1.1912606415665374,1.1912606415665374,0.0,1
AR-Ridge,calibration,Agriculture:h12:f1:o217,1,1.1338107790032723,1.1338107790032723,0.0,1
AR-Ridge,calibration,Agriculture:h12:f1:o217,2,1.1370090282495466,1.1370090282495466,0.0,1
AR-Ridge,calibration,Agriculture:h12:f1:o217,3,1.1623835769674753,1.1623835769674753,0.0,1
AR-Ridge,calibration,Agriculture:h12:f1:o217,4,1.194555258643231,1.194555258643231,0.0,1
AR-Ridge,calibration,Agriculture:h12:f1:o217,5,1.226455705923986,1.226455705923986,0.0,1
AR-Ridge,calibration,Agriculture:h12:f1:o217,6,1.2498314205040337,1.2498314205040337,0.0,1
AR-Ridge,calibration,Agriculture:h12:f1:o217,7,1.2525929770678463,1.2525929770678463,0.0,1
AR-Ridge,calibration,Agriculture:h12:f1:o217,8,1.2335585410540604,1.2335585410540604,0.0,1
AR-Ridge,calibration,Agriculture:h12:f1:o217,9,1.2263474305442639,1.2263474305442639,0.0,1
AR-Ridge,calibration,Agriculture:h12:f1:o217,10,1.2358004819655537,1.2358004819655537,0.0,1
AR-Ridge,calibration,Agriculture:h12:f1:o217,11,1.2439135574119418,1.2439135574119418,0.0,1
AR-Ridge,calibration,Agriculture:h12:f1:o217,12,1.2491754248633336,1.2491754248633336,0.0,1
AR-Ridge,calibration,Agriculture:h12:f1:o218,1,1.1247939559194282,1.1247939559194282,0.0,1
AR-Ridge,calibration,Agriculture:h12:f1:o218,2,1.1516099852561996,1.1516099852561996,0.0,1
AR-Ridge,calibration,Agriculture:h12:f1:o218,3,1.1824021374563238,1.1824021374563238,0.0,1
AR-Ridge,calibration,Agriculture:h12:f1:o218,4,1.2075444069457302,1.2075444069457302,0.0,1
AR-Ridge,calibration,Agriculture:h12:f1:o218,5,1.2229474460593912,1.2229474460593912,0.0,1
AR-Ridge,calibration,Agriculture:h12:f1:o218,6,1.227784174115924,1.227784174115924,0.0,1
AR-Ridge,calibration,Agriculture:h12:f1:o218,7,1.214658462921133,1.214658462921133,0.0,1
AR-Ridge,calibration,Agriculture:h12:f1:o218,8,1.2141382324089716,1.2141382324089716,0.0,1
AR-Ridge,calibration,Agriculture:h12:f1:o218,9,1.226742216495096,1.226742216495096,0.0,1
AR-Ridge,calibration,Agriculture:h12:f1:o218,10,1.2328535992428096,1.2328535992428096,0.0,1
AR-Ridge,calibration,Agriculture:h12:f1:o218,11,1.2413407050906227,1.2413407050906227,0.0,1
AR-Ridge,calibration,Agriculture:h12:f1:o218,12,1.2467445109362298,1.2467445109362298,0.0,1
AR-Ridge,calibration,Agriculture:h12:f1:o219,1,1.1327272733226161,1.1327272733226161,0.0,1
AR-Ridge,calibration,Agriculture:h12:f1:o219,2,1.1638757891930118,1.1638757891930118,0.0,1
AR-Ridge,calibration,Agriculture:h12:f1:o219,3,1.191873131632758,1.191873131632758,0.0,1
AR-Ridge,calibration,Agriculture:h12:f1:o219,4,1.2209930408179348,1.2209930408179348,0.0,1
AR-Ridge,calibration,Agriculture:h12:f1:o219,5,1.2362931250846947,1.2362931250846947,0.0,1
AR-Ridge,calibration,Agriculture:h12:f1:o219,6,1.2304951742655583,1.2304951742655583,0.0,1
AR-Ridge,calibration,Agriculture:h12:f1:o219,7,1.226142091666936,1.226142091666936,0.0,1
AR-Ridge,calibration,Agriculture:h12:f1:o219,8,1.2312295910207764,1.2312295910207764,0.0,1
AR-Ridge,calibration,Agriculture:h12:f1:o219,9,1.234939239668833,1.234939239668833,0.0,1
AR-Ridge,calibration,Agriculture:h12:f1:o219,10,1.2442065541536993,1.2442065541536993,0.0,1
AR-Ridge,calibration,Agriculture:h12:f1:o219,11,1.252877768210445,1.252877768210445,0.0,1
AR-Ridge,calibration,Agriculture:h12:f1:o219,12,1.2606805235952288,1.2606805235952288,0.0,1
AR-Ridge,calibration,Agriculture:h12:f1:o220,1,1.1779089768002995,1.1779089768002995,0.0,1
AR-Ridge,calibration,Agriculture:h12:f1:o220,2,1.2041194044110073,1.2041194044110073,0.0,1
AR-Ridge,calibration,Agriculture:h12:f1:o220,3,1.230590093375777,1.230590093375777,0.0,1
AR-Ridge,calibration,Agriculture:h12:f1:o220,4,1.253363138340504,1.253363138340504,0.0,1
AR-Ridge,calibration,Agriculture:h12:f1:o220,5,1.2517680519129029,1.2517680519129029,0.0,1
AR-Ridge,calibration,Agriculture:h12:f1:o220,6,1.2511524430961765,1.2511524430961765,0.0,1
AR-Ridge,calibration,Agriculture:h12:f1:o220,7,1.2521558809047342,1.2521558809047342,0.0,1
AR-Ridge,calibration,Agriculture:h12:f1:o220,8,1.248244488037918,1.248244488037918,0.0,1
AR-Ridge,calibration,Agriculture:h12:f1:o220,9,1.255373075101796,1.255373075101796,0.0,1
AR-Ridge,calibration,Agriculture:h12:f1:o220,10,1.2647509097530876,1.2647509097530876,0.0,1
AR-Ridge,calibration,Agriculture:h12:f1:o220,11,1.277272084558206,1.277272084558206,0.0,1
AR-Ridge,calibration,Agriculture:h12:f1:o220,12,1.2900316173636026,1.2900316173636026,0.0,1
AR-Ridge,calibration,Agriculture:h12:f1:o221,1,1.193493777372797,1.193493777372797,0.0,1
AR-Ridge,calibration,Agriculture:h12:f1:o221,2,1.2202850391723532,1.2202850391723532,0.0,1
AR-Ridge,calibration,Agriculture:h12:f1:o221,3,1.2433664472269426,1.2433664472269426,0.0,1
AR-Ridge,calibration,Agriculture:h12:f1:o221,4,1.2462306361668865,1.2462306361668865,0.0,1
AR-Ridge,calibration,Agriculture:h12:f1:o221,5,1.2473076517836164,1.2473076517836164,0.0,1
AR-Ridge,calibration,Agriculture:h12:f1:o221,6,1.2532961235209399,1.2532961235209399,0.0,1
AR-Ridge,calibration,Agriculture:h12:f1:o221,7,1.2495795266893392,1.2495795266893392,0.0,1
AR-Ridge,calibration,Agriculture:h12:f1:o221,8,1.2552755127587298,1.2552755127587298,0.0,1
AR-Ridge,calibration,Agriculture:h12:f1:o221,9,1.2647317894366874,1.2647317894366874,0.0,1
AR-Ridge,calibration,Agriculture:h12:f1:o221,10,1.2769588078146517,1.2769588078146517,0.0,1
AR-Ridge,calibration,Agriculture:h12:f1:o221,11,1.2936490656165893,1.2936490656165893,0.0,1
AR-Ridge,calibration,Agriculture:h12:f1:o221,12,1.2917852692349312,1.2917852692349312,0.0,1
AR-Ridge,calibration,Agriculture:h12:f1:o222,1,1.2930803613994446,1.2930803613994446,0.0,1
AR-Ridge,calibration,Agriculture:h12:f1:o222,2,1.3104580449244174,1.3104580449244174,0.0,1
AR-Ridge,calibration,Agriculture:h12:f1:o222,3,1.3020615731721652,1.3020615731721652,0.0,1
AR-Ridge,calibration,Agriculture:h12:f1:o222,4,1.2955864185096106,1.2955864185096106,0.0,1
AR-Ridge,calibration,Agriculture:h12:f1:o222,5,1.2914206210033365,1.2914206210033365,0.0,1
AR-Ridge,calibration,Agriculture:h12:f1:o222,6,1.2834837915062707,1.2834837915062707,0.0,1
AR-Ridge,calibration,Agriculture:h12:f1:o222,7,1.2864360115780877,1.2864360115780877,0.0,1
AR-Ridge,calibration,Agriculture:h12:f1:o222,8,1.292766947574227,1.292766947574227,0.0,1
AR-Ridge,calibration,Agriculture:h12:f1:o222,9,1.3048393668575988,1.3048393668575988,0.0,1
AR-Ridge,calibration,Agriculture:h12:f1:o222,10,1.3223195277224717,1.3223195277224717,0.0,1
AR-Ridge,calibration,Agriculture:h12:f1:o222,11,1.3265369696864369,1.3265369696864369,0.0,1
AR-Ridge,calibration,Agriculture:h12:f1:o222,12,1.3321227264331699,1.3321227264331699,0.0,1
AR-Ridge,calibration,Agriculture:h12:f1:o223,1,1.273735909164009,1.273735909164009,0.0,1
AR-Ridge,calibration,Agriculture:h12:f1:o223,2,1.267208608280216,1.267208608280216,0.0,1
AR-Ridge,calibration,Agriculture:h12:f1:o223,3,1.265546091337473,1.265546091337473,0.0,1
AR-Ridge,calibration,Agriculture:h12:f1:o223,4,1.2744549421597973,1.2744549421597973,0.0,1
AR-Ridge,calibration,Agriculture:h12:f1:o223,5,1.2765374857011689,1.2765374857011689,0.0,1
AR-Ridge,calibration,Agriculture:h12:f1:o223,6,1.2881554393422734,1.2881554393422734,0.0,1
AR-Ridge,calibration,Agriculture:h12:f1:o223,7,1.292975306843059,1.292975306843059,0.0,1
AR-Ridge,calibration,Agriculture:h12:f1:o223,8,1.3003825544156935,1.3003825544156935,0.0,1
AR-Ridge,calibration,Agriculture:h12:f1:o223,9,1.316493256792508,1.316493256792508,0.0,1
AR-Ridge,calibration,Agriculture:h12:f1:o223,10,1.3208041599707727,1.3208041599707727,0.0,1
AR-Ridge,calibration,Agriculture:h12:f1:o223,11,1.329293778730218,1.329293778730218,0.0,1
AR-Ridge,calibration,Agriculture:h12:f1:o223,12,1.3210078260278306,1.3210078260278306,0.0,1
AR-Ridge,calibration,Agriculture:h12:f1:o224,1,1.3357610736248848,1.3357610736248848,0.0,1
AR-Ridge,calibration,Agriculture:h12:f1:o224,2,1.328040804168575,1.328040804168575,0.0,1
AR-Ridge,calibration,Agriculture:h12:f1:o224,3,1.3275217384943525,1.3275217384943525,0.0,1
AR-Ridge,calibration,Agriculture:h12:f1:o224,4,1.331319920724046,1.331319920724046,0.0,1
AR-Ridge,calibration,Agriculture:h12:f1:o224,5,1.3410571750331846,1.3410571750331846,0.0,1
AR-Ridge,calibration,Agriculture:h12:f1:o224,6,1.3442673781101675,1.3442673781101675,0.0,1
AR-Ridge,calibration,Agriculture:h12:f1:o224,7,1.3447052275359204,1.3447052275359204,0.0,1
AR-Ridge,calibration,Agriculture:h12:f1:o224,8,1.351245920299388,1.351245920299388,0.0,1
AR-Ridge,calibration,Agriculture:h12:f1:o224,9,1.3529236135226177,1.3529236135226177,0.0,1
AR-Ridge,calibration,Agriculture:h12:f1:o224,10,1.363329264557199,1.363329264557199,0.0,1
AR-Ridge,calibration,Agriculture:h12:f1:o224,11,1.3613261675884882,1.3613261675884882,0.0,1
AR-Ridge,calibration,Agriculture:h12:f1:o224,12,1.332602177250277,1.332602177250277,0.0,1
AR-Ridge,calibration,Agriculture:h12:f1:o225,1,1.328148617704184,1.328148617704184,0.0,1
AR-Ridge,calibration,Agriculture:h12:f1:o225,2,1.328513677572279,1.328513677572279,0.0,1
AR-Ridge,calibration,Agriculture:h12:f1:o225,3,1.3283963494956348,1.3283963494956348,0.0,1
AR-Ridge,calibration,Agriculture:h12:f1:o225,4,1.3233311226831947,1.3233311226831947,0.0,1
AR-Ridge,calibration,Agriculture:h12:f1:o225,5,1.3107763427251413,1.3107763427251413,0.0,1
AR-Ridge,calibration,Agriculture:h12:f1:o225,6,1.3109363641069658,1.3109363641069658,0.0,1
AR-Ridge,calibration,Agriculture:h12:f1:o225,7,1.3263746039684086,1.3263746039684086,0.0,1
AR-Ridge,calibration,Agriculture:h12:f1:o225,8,1.3397826062107125,1.3397826062107125,0.0,1
AR-Ridge,calibration,Agriculture:h12:f1:o225,9,1.3554095194658458,1.3554095194658458,0.0,1
AR-Ridge,calibration,Agriculture:h12:f1:o225,10,1.3507654958171034,1.3507654958171034,0.0,1
AR-Ridge,calibration,Agriculture:h12:f1:o225,11,1.326025251183442,1.326025251183442,0.0,1
AR-Ridge,calibration,Agriculture:h12:f1:o225,12,1.288929245126287,1.288929245126287,0.0,1
AR-Ridge,calibration,Agriculture:h12:f1:o226,1,1.433431310689394,1.433431310689394,0.0,1
AR-Ridge,calibration,Agriculture:h12:f1:o226,2,1.4253270692538635,1.4253270692538635,0.0,1
AR-Ridge,calibration,Agriculture:h12:f1:o226,3,1.4050046587684968,1.4050046587684968,0.0,1
AR-Ridge,calibration,Agriculture:h12:f1:o226,4,1.3802275120046401,1.3802275120046401,0.0,1
AR-Ridge,calibration,Agriculture:h12:f1:o226,5,1.3662143313161854,1.3662143313161854,0.0,1
AR-Ridge,calibration,Agriculture:h12:f1:o226,6,1.3731173597667472,1.3731173597667472,0.0,1
AR-Ridge,calibration,Agriculture:h12:f1:o226,7,1.3823568177486278,1.3823568177486278,0.0,1
AR-Ridge,calibration,Agriculture:h12:f1:o226,8,1.3941971182149833,1.3941971182149833,0.0,1
AR-Ridge,calibration,Agriculture:h12:f1:o226,9,1.3891313983859255,1.3891313983859255,0.0,1
AR-Ridge,calibration,Agriculture:h12:f1:o226,10,1.3657614223154848,1.3657614223154848,0.0,1
AR-Ridge,calibration,Agriculture:h12:f1:o226,11,1.3345494931277282,1.3345494931277282,0.0,1
AR-Ridge,calibration,Agriculture:h12:f1:o226,12,1.302915060306502,1.302915060306502,0.0,1
AR-Ridge,calibration,Agriculture:h12:f1:o227,1,1.454572189515522,1.454572189515522,0.0,1
AR-Ridge,calibration,Agriculture:h12:f1:o227,2,1.4318222301130412,1.4318222301130412,0.0,1
AR-Ridge,calibration,Agriculture:h12:f1:o227,3,1.400003696646663,1.400003696646663,0.0,1
AR-Ridge,calibration,Agriculture:h12:f1:o227,4,1.3901860847217173,1.3901860847217173,0.0,1
AR-Ridge,calibration,Agriculture:h12:f1:o227,5,1.3975213528708705,1.3975213528708705,0.0,1
AR-Ridge,calibration,Agriculture:h12:f1:o227,6,1.4096554741349117,1.4096554741349117,0.0,1
AR-Ridge,calibration,Agriculture:h12:f1:o227,7,1.4178095408275466,1.4178095408275466,0.0,1
AR-Ridge,calibration,Agriculture:h12:f1:o227,8,1.4038593391694694,1.4038593391694694,0.0,1
AR-Ridge,calibration,Agriculture:h12:f1:o227,9,1.378336849846486,1.378336849846486,0.0,1
AR-Ridge,calibration,Agriculture:h12:f1:o227,10,1.3470056212582864,1.3470056212582864,0.0,1
AR-Ridge,calibration,Agriculture:h12:f1:o227,11,1.322235010595447,1.322235010595447,0.0,1
AR-Ridge,calibration,Agriculture:h12:f1:o227,12,1.3087222520542967,1.3087222520542967,0.0,1
AR-Ridge,calibration,Agriculture:h12:f1:o228,1,1.404628513313871,1.404628513313871,0.0,1
AR-Ridge,calibration,Agriculture:h12:f1:o228,2,1.3749721804067747,1.3749721804067747,0.0,1
AR-Ridge,calibration,Agriculture:h12:f1:o228,3,1.3664185715914687,1.3664185715914687,0.0,1
AR-Ridge,calibration,Agriculture:h12:f1:o228,4,1.3730852354642062,1.3730852354642062,0.0,1
AR-Ridge,calibration,Agriculture:h12:f1:o228,5,1.3826260318033705,1.3826260318033705,0.0,1
AR-Ridge,calibration,Agriculture:h12:f1:o228,6,1.3957543470439049,1.3957543470439049,0.0,1
AR-Ridge,calibration,Agriculture:h12:f1:o228,7,1.3863752431772731,1.3863752431772731,0.0,1
AR-Ridge,calibration,Agriculture:h12:f1:o228,8,1.3651092365492021,1.3651092365492021,0.0,1
AR-Ridge,calibration,Agriculture:h12:f1:o228,9,1.3359727814681133,1.3359727814681133,0.0,1
AR-Ridge,calibration,Agriculture:h12:f1:o228,10,1.3095546151743518,1.3095546151743518,0.0,1
AR-Ridge,calibration,Agriculture:h12:f1:o228,11,1.2993551465725226,1.2993551465725226,0.0,1
AR-Ridge,calibration,Agriculture:h12:f1:o228,12,1.2871387976758908,1.2871387976758908,0.0,1
AR-Ridge,calibration,Agriculture:h12:f1:o229,1,1.3508922642073489,1.3508922642073489,0.0,1
AR-Ridge,calibration,Agriculture:h12:f1:o229,2,1.3440528878281464,1.3440528878281464,0.0,1
AR-Ridge,calibration,Agriculture:h12:f1:o229,3,1.3509272103419057,1.3509272103419057,0.0,1
AR-Ridge,calibration,Agriculture:h12:f1:o229,4,1.3637232084946738,1.3637232084946738,0.0,1
AR-Ridge,calibration,Agriculture:h12:f1:o229,5,1.3768850647593587,1.3768850647593587,0.0,1
AR-Ridge,calibration,Agriculture:h12:f1:o229,6,1.3743669155444236,1.3743669155444236,0.0,1
AR-Ridge,calibration,Agriculture:h12:f1:o229,7,1.3558019708594706,1.3558019708594706,0.0,1
AR-Ridge,calibration,Agriculture:h12:f1:o229,8,1.3269288935694064,1.3269288935694064,0.0,1
AR-Ridge,calibration,Agriculture:h12:f1:o229,9,1.301514041519475,1.301514041519475,0.0,1
AR-Ridge,calibration,Agriculture:h12:f1:o229,10,1.2898096584927115,1.2898096584927115,0.0,1
AR-Ridge,calibration,Agriculture:h12:f1:o229,11,1.2828069755218776,1.2828069755218776,0.0,1
AR-Ridge,calibration,Agriculture:h12:f1:o229,12,1.2729930396227198,1.2729930396227198,0.0,1
AR-Ridge,calibration,Agriculture:h12:f1:o230,1,1.3160447286723613,1.3160447286723613,0.0,1
AR-Ridge,calibration,Agriculture:h12:f1:o230,2,1.325150029351369,1.325150029351369,0.0,1
AR-Ridge,calibration,Agriculture:h12:f1:o230,3,1.3399245336983394,1.3399245336983394,0.0,1
AR-Ridge,calibration,Agriculture:h12:f1:o230,4,1.349666640953379,1.349666640953379,0.0,1
AR-Ridge,calibration,Agriculture:h12:f1:o230,5,1.3423222584058438,1.3423222584058438,0.0,1
AR-Ridge,calibration,Agriculture:h12:f1:o230,6,1.3277200772487294,1.3277200772487294,0.0,1
AR-Ridge,calibration,Agriculture:h12:f1:o230,7,1.3047738503081705,1.3047738503081705,0.0,1
AR-Ridge,calibration,Agriculture:h12:f1:o230,8,1.2867549689350468,1.2867549689350468,0.0,1
AR-Ridge,calibration,Agriculture:h12:f1:o230,9,1.2782742292468252,1.2782742292468252,0.0,1
AR-Ridge,calibration,Agriculture:h12:f1:o230,10,1.2696451557255541,1.2696451557255541,0.0,1
AR-Ridge,calibration,Agriculture:h12:f1:o230,11,1.262330991903151,1.262330991903151,0.0,1
AR-Ridge,calibration,Agriculture:h12:f1:o230,12,1.2462892230142844,1.2462892230142844,0.0,1
AR-Ridge,calibration,Agriculture:h12:f1:o231,1,1.3581535380936354,1.3581535380936354,0.0,1
AR-Ridge,calibration,Agriculture:h12:f1:o231,2,1.3699960178514905,1.3699960178514905,0.0,1
AR-Ridge,calibration,Agriculture:h12:f1:o231,3,1.3743580485242788,1.3743580485242788,0.0,1
AR-Ridge,calibration,Agriculture:h12:f1:o231,4,1.367530278792089,1.367530278792089,0.0,1
AR-Ridge,calibration,Agriculture:h12:f1:o231,5,1.3508168166572891,1.3508168166572891,0.0,1
AR-Ridge,calibration,Agriculture:h12:f1:o231,6,1.3282416447060403,1.3282416447060403,0.0,1
AR-Ridge,calibration,Agriculture:h12:f1:o231,7,1.3075301387344254,1.3075301387344254,0.0,1
AR-Ridge,calibration,Agriculture:h12:f1:o231,8,1.2946841447272128,1.2946841447272128,0.0,1
AR-Ridge,calibration,Agriculture:h12:f1:o231,9,1.2851641216867562,1.2851641216867562,0.0,1
AR-Ridge,calibration,Agriculture:h12:f1:o231,10,1.2784369602490093,1.2784369602490093,0.0,1
AR-Ridge,calibration,Agriculture:h12:f1:o231,11,1.2670672622801842,1.2670672622801842,0.0,1
AR-Ridge,calibration,Agriculture:h12:f1:o231,12,1.2682315158140178,1.2682315158140178,0.0,1
AR-Ridge,calibration,Agriculture:h12:f1:o232,1,1.373157119014495,1.373157119014495,0.0,1
AR-Ridge,calibration,Agriculture:h12:f1:o232,2,1.3766473810392903,1.3766473810392903,0.0,1
AR-Ridge,calibration,Agriculture:h12:f1:o232,3,1.3687395806900056,1.3687395806900056,0.0,1
AR-Ridge,calibration,Agriculture:h12:f1:o232,4,1.3610096921405042,1.3610096921405042,0.0,1
AR-Ridge,calibration,Agriculture:h12:f1:o232,5,1.3446833783915333,1.3446833783915333,0.0,1
AR-Ridge,calibration,Agriculture:h12:f1:o232,6,1.3282383244944658,1.3282383244944658,0.0,1
AR-Ridge,calibration,Agriculture:h12:f1:o232,7,1.311428070571945,1.311428070571945,0.0,1
AR-Ridge,calibration,Agriculture:h12:f1:o232,8,1.2940892820329275,1.2940892820329275,0.0,1
AR-Ridge,calibration,Agriculture:h12:f1:o232,9,1.2849759807317276,1.2849759807317276,0.0,1
AR-Ridge,calibration,Agriculture:h12:f1:o232,10,1.2741659961571101,1.2741659961571101,0.0,1
AR-Ridge,calibration,Agriculture:h12:f1:o232,11,1.2789499348365931,1.2789499348365931,0.0,1
AR-Ridge,calibration,Agriculture:h12:f1:o232,12,1.2801095674574947,1.2801095674574947,0.0,1
AR-Ridge,calibration,Agriculture:h12:f1:o233,1,1.272978641318834,1.272978641318834,0.0,1
AR-Ridge,calibration,Agriculture:h12:f1:o233,2,1.2727065155749329,1.2727065155749329,0.0,1
AR-Ridge,calibration,Agriculture:h12:f1:o233,3,1.2776494119948139,1.2776494119948139,0.0,1
AR-Ridge,calibration,Agriculture:h12:f1:o233,4,1.2728508078580696,1.2728508078580696,0.0,1
AR-Ridge,calibration,Agriculture:h12:f1:o233,5,1.266501398016312,1.266501398016312,0.0,1
AR-Ridge,calibration,Agriculture:h12:f1:o233,6,1.2623813564869137,1.2623813564869137,0.0,1
AR-Ridge,calibration,Agriculture:h12:f1:o233,7,1.2512863134177172,1.2512863134177172,0.0,1
AR-Ridge,calibration,Agriculture:h12:f1:o233,8,1.2470427942239097,1.2470427942239097,0.0,1
AR-Ridge,calibration,Agriculture:h12:f1:o233,9,1.238049756822385,1.238049756822385,0.0,1
AR-Ridge,calibration,Agriculture:h12:f1:o233,10,1.2405849732214058,1.2405849732214058,0.0,1
AR-Ridge,calibration,Agriculture:h12:f1:o233,11,1.2417568256662337,1.2417568256662337,0.0,1
AR-Ridge,calibration,Agriculture:h12:f1:o233,12,1.2555120942993345,1.2555120942993345,0.0,1
AR-Ridge,calibration,Agriculture:h12:f1:o234,1,1.3177045325999144,1.3177045325999144,0.0,1
AR-Ridge,calibration,Agriculture:h12:f1:o234,2,1.3192670633742223,1.3192670633742223,0.0,1
AR-Ridge,calibration,Agriculture:h12:f1:o234,3,1.305625903852445,1.305625903852445,0.0,1
AR-Ridge,calibration,Agriculture:h12:f1:o234,4,1.2948886323427309,1.2948886323427309,0.0,1
AR-Ridge,calibration,Agriculture:h12:f1:o234,5,1.2834948482033164,1.2834948482033164,0.0,1
AR-Ridge,calibration,Agriculture:h12:f1:o234,6,1.2716341366433976,1.2716341366433976,0.0,1
AR-Ridge,calibration,Agriculture:h12:f1:o234,7,1.2662474607371121,1.2662474607371121,0.0,1
AR-Ridge,calibration,Agriculture:h12:f1:o234,8,1.2541520726815847,1.2541520726815847,0.0,1
AR-Ridge,calibration,Agriculture:h12:f1:o234,9,1.2566320309470158,1.2566320309470158,0.0,1
AR-Ridge,calibration,Agriculture:h12:f1:o234,10,1.2575724641253987,1.2575724641253987,0.0,1
AR-Ridge,calibration,Agriculture:h12:f1:o234,11,1.2776628346724854,1.2776628346724854,0.0,1
AR-Ridge,calibration,Agriculture:h12:f1:o234,12,1.3028923842349602,1.3028923842349602,0.0,1
AR-Ridge,calibration,Agriculture:h12:f1:o235,1,1.3721135016443329,1.3721135016443329,0.0,1
AR-Ridge,calibration,Agriculture:h12:f1:o235,2,1.3549271743412123,1.3549271743412123,0.0,1
AR-Ridge,calibration,Agriculture:h12:f1:o235,3,1.3339761973943522,1.3339761973943522,0.0,1
AR-Ridge,calibration,Agriculture:h12:f1:o235,4,1.3084275089313775,1.3084275089313775,0.0,1
AR-Ridge,calibration,Agriculture:h12:f1:o235,5,1.2804798862839561,1.2804798862839561,0.0,1
AR-Ridge,calibration,Agriculture:h12:f1:o235,6,1.271221162542941,1.271221162542941,0.0,1
AR-Ridge,calibration,Agriculture:h12:f1:o235,7,1.26207504189138,1.26207504189138,0.0,1
AR-Ridge,calibration,Agriculture:h12:f1:o235,8,1.2689387871973863,1.2689387871973863,0.0,1
AR-Ridge,calibration,Agriculture:h12:f1:o235,9,1.2726075479148191,1.2726075479148191,0.0,1
AR-Ridge,calibration,Agriculture:h12:f1:o235,10,1.2918015795711777,1.2918015795711777,0.0,1
AR-Ridge,calibration,Agriculture:h12:f1:o235,11,1.3229325412082702,1.3229325412082702,0.0,1
AR-Ridge,calibration,Agriculture:h12:f1:o235,12,1.340536649738004,1.340536649738004,0.0,1
AR-Ridge,calibration,Agriculture:h12:f1:o236,1,1.3404700560995912,1.3404700560995912,0.0,1
AR-Ridge,calibration,Agriculture:h12:f1:o236,2,1.3205549697744918,1.3205549697744918,0.0,1
AR-Ridge,calibration,Agriculture:h12:f1:o236,3,1.2942093480091796,1.2942093480091796,0.0,1
AR-Ridge,calibration,Agriculture:h12:f1:o236,4,1.2730751950505619,1.2730751950505619,0.0,1
AR-Ridge,calibration,Agriculture:h12:f1:o236,5,1.2680010693300765,1.2680010693300765,0.0,1
AR-Ridge,calibration,Agriculture:h12:f1:o236,6,1.2646058349667708,1.2646058349667708,0.0,1
AR-Ridge,calibration,Agriculture:h12:f1:o236,7,1.2707434076009736,1.2707434076009736,0.0,1
AR-Ridge,calibration,Agriculture:h12:f1:o236,8,1.269208516466734,1.269208516466734,0.0,1
AR-Ridge,calibration,Agriculture:h12:f1:o236,9,1.287189478371273,1.287189478371273,0.0,1
AR-Ridge,calibration,Agriculture:h12:f1:o236,10,1.3173953673669987,1.3173953673669987,0.0,1
AR-Ridge,calibration,Agriculture:h12:f1:o236,11,1.3391662691636552,1.3391662691636552,0.0,1
AR-Ridge,calibration,Agriculture:h12:f1:o236,12,1.3513067032163144,1.3513067032163144,0.0,1
AR-Ridge,calibration,Agriculture:h12:f1:o237,1,1.354862573387263,1.354862573387263,0.0,1
AR-Ridge,calibration,Agriculture:h12:f1:o237,2,1.3264486298392684,1.3264486298392684,0.0,1
AR-Ridge,calibration,Agriculture:h12:f1:o237,3,1.297775439933879,1.297775439933879,0.0,1
AR-Ridge,calibration,Agriculture:h12:f1:o237,4,1.2814269527771205,1.2814269527771205,0.0,1
AR-Ridge,calibration,Agriculture:h12:f1:o237,5,1.2654279136345588,1.2654279136345588,0.0,1
AR-Ridge,calibration,Agriculture:h12:f1:o237,6,1.2690015133852528,1.2690015133852528,0.0,1
AR-Ridge,calibration,Agriculture:h12:f1:o237,7,1.2706120347471577,1.2706120347471577,0.0,1
AR-Ridge,calibration,Agriculture:h12:f1:o237,8,1.2926284073593692,1.2926284073593692,0.0,1
AR-Ridge,calibration,Agriculture:h12:f1:o237,9,1.3251969316177532,1.3251969316177532,0.0,1
AR-Ridge,calibration,Agriculture:h12:f1:o237,10,1.3458572924906012,1.3458572924906012,0.0,1
AR-Ridge,calibration,Agriculture:h12:f1:o237,11,1.3624494809759726,1.3624494809759726,0.0,1
AR-Ridge,calibration,Agriculture:h12:f1:o237,12,1.3656789255811137,1.3656789255811137,0.0,1
AR-Ridge,calibration,Agriculture:h12:f1:o238,1,1.3350545663350042,1.3350545663350042,0.0,1
AR-Ridge,calibration,Agriculture:h12:f1:o238,2,1.3052177946663606,1.3052177946663606,0.0,1
AR-Ridge,calibration,Agriculture:h12:f1:o238,3,1.2858840734649577,1.2858840734649577,0.0,1
AR-Ridge,calibration,Agriculture:h12:f1:o238,4,1.2768184273815524,1.2768184273815524,0.0,1
AR-Ridge,calibration,Agriculture:h12:f1:o238,5,1.2838146059797455,1.2838146059797455,0.0,1
AR-Ridge,calibration,Agriculture:h12:f1:o238,6,1.2900270319291658,1.2900270319291658,0.0,1
AR-Ridge,calibration,Agriculture:h12:f1:o238,7,1.3090368045949312,1.3090368045949312,0.0,1
AR-Ridge,calibration,Agriculture:h12:f1:o238,8,1.334445266680264,1.334445266680264,0.0,1
AR-Ridge,calibration,Agriculture:h12:f1:o238,9,1.3533031965375506,1.3533031965375506,0.0,1
AR-Ridge,calibration,Agriculture:h12:f1:o238,10,1.369986626714348,1.369986626714348,0.0,1
AR-Ridge,calibration,Agriculture:h12:f1:o238,11,1.3786578591100476,1.3786578591100476,0.0,1
AR-Ridge,calibration,Agriculture:h12:f1:o238,12,1.3692432892136548,1.3692432892136548,0.0,1
AR-Ridge,calibration,Agriculture:h12:f1:o239,1,1.347531522642158,1.347531522642158,0.0,1
AR-Ridge,calibration,Agriculture:h12:f1:o239,2,1.325405519866139,1.325405519866139,0.0,1
AR-Ridge,calibration,Agriculture:h12:f1:o239,3,1.3070360214249117,1.3070360214249117,0.0,1
AR-Ridge,calibration,Agriculture:h12:f1:o239,4,1.307446487512732,1.307446487512732,0.0,1
AR-Ridge,calibration,Agriculture:h12:f1:o239,5,1.304779060936639,1.304779060936639,0.0,1
AR-Ridge,calibration,Agriculture:h12:f1:o239,6,1.3223998205864707,1.3223998205864707,0.0,1
AR-Ridge,calibration,Agriculture:h12:f1:o239,7,1.3479162318527,1.3479162318527,0.0,1
AR-Ridge,calibration,Agriculture:h12:f1:o239,8,1.3648568704165411,1.3648568704165411,0.0,1
AR-Ridge,calibration,Agriculture:h12:f1:o239,9,1.3819207558398303,1.3819207558398303,0.0,1
AR-Ridge,calibration,Agriculture:h12:f1:o239,10,1.389760496670708,1.389760496670708,0.0,1
AR-Ridge,calibration,Agriculture:h12:f1:o239,11,1.3862737695542255,1.3862737695542255,0.0,1
AR-Ridge,calibration,Agriculture:h12:f1:o239,12,1.3754663875273179,1.3754663875273179,0.0,1
AR-Ridge,calibration,Agriculture:h12:f1:o240,1,1.18944374545437,1.18944374545437,0.0,1
AR-Ridge,calibration,Agriculture:h12:f1:o240,2,1.1805526887466453,1.1805526887466453,0.0,1
AR-Ridge,calibration,Agriculture:h12:f1:o240,3,1.1992396260478568,1.1992396260478568,0.0,1
AR-Ridge,calibration,Agriculture:h12:f1:o240,4,1.2240845676843495,1.2240845676843495,0.0,1
AR-Ridge,calibration,Agriculture:h12:f1:o240,5,1.2673767404172431,1.2673767404172431,0.0,1
AR-Ridge,calibration,Agriculture:h12:f1:o240,6,1.3109245525712545,1.3109245525712545,0.0,1
AR-Ridge,calibration,Agriculture:h12:f1:o240,7,1.3290312875460344,1.3290312875460344,0.0,1
AR-Ridge,calibration,Agriculture:h12:f1:o240,8,1.3415741942463695,1.3415741942463695,0.0,1
AR-Ridge,calibration,Agriculture:h12:f1:o240,9,1.3473643415578676,1.3473643415578676,0.0,1
AR-Ridge,calibration,Agriculture:h12:f1:o240,10,1.3424930810471145,1.3424930810471145,0.0,1
AR-Ridge,calibration,Agriculture:h12:f1:o240,11,1.3301240201658138,1.3301240201658138,0.0,1
AR-Ridge,calibration,Agriculture:h12:f1:o240,12,1.3230586580115777,1.3230586580115777,0.0,1
AR-Ridge,calibration,Agriculture:h12:f1:o241,1,1.2461904151382317,1.2461904151382317,0.0,1
AR-Ridge,calibration,Agriculture:h12:f1:o241,2,1.2604519370103435,1.2604519370103435,0.0,1
AR-Ridge,calibration,Agriculture:h12:f1:o241,3,1.2734777525923597,1.2734777525923597,0.0,1
AR-Ridge,calibration,Agriculture:h12:f1:o241,4,1.3039402935736302,1.3039402935736302,0.0,1
AR-Ridge,calibration,Agriculture:h12:f1:o241,5,1.3332033234361595,1.3332033234361595,0.0,1
AR-Ridge,calibration,Agriculture:h12:f1:o241,6,1.3459040176120247,1.3459040176120247,0.0,1
AR-Ridge,calibration,Agriculture:h12:f1:o241,7,1.3589239580266634,1.3589239580266634,0.0,1
AR-Ridge,calibration,Agriculture:h12:f1:o241,8,1.3653305638712594,1.3653305638712594,0.0,1
AR-Ridge,calibration,Agriculture:h12:f1:o241,9,1.361688049132888,1.361688049132888,0.0,1
AR-Ridge,calibration,Agriculture:h12:f1:o241,10,1.3488576902826606,1.3488576902826606,0.0,1
AR-Ridge,calibration,Agriculture:h12:f1:o241,11,1.3470910696233223,1.3470910696233223,0.0,1
AR-Ridge,calibration,Agriculture:h12:f1:o241,12,1.3449929462862094,1.3449929462862094,0.0,1
AR-Ridge,calibration,Agriculture:h12:f1:o242,1,1.2043814214055064,1.2043814214055064,0.0,1
AR-Ridge,calibration,Agriculture:h12:f1:o242,2,1.2214689508979872,1.2214689508979872,0.0,1
AR-Ridge,calibration,Agriculture:h12:f1:o242,3,1.2572166576751602,1.2572166576751602,0.0,1
AR-Ridge,calibration,Agriculture:h12:f1:o242,4,1.295502666113247,1.295502666113247,0.0,1
AR-Ridge,calibration,Agriculture:h12:f1:o242,5,1.3147569493022808,1.3147569493022808,0.0,1
AR-Ridge,calibration,Agriculture:h12:f1:o242,6,1.3372666005665375,1.3372666005665375,0.0,1
AR-Ridge,calibration,Agriculture:h12:f1:o242,7,1.3464060937530766,1.3464060937530766,0.0,1
AR-Ridge,calibration,Agriculture:h12:f1:o242,8,1.3424101998158313,1.3424101998158313,0.0,1
AR-Ridge,calibration,Agriculture:h12:f1:o242,9,1.3299422098736566,1.3299422098736566,0.0,1
AR-Ridge,calibration,Agriculture:h12:f1:o242,10,1.326568108819982,1.326568108819982,0.0,1
AR-Ridge,calibration,Agriculture:h12:f1:o242,11,1.327350891353696,1.327350891353696,0.0,1
AR-Ridge,calibration,Agriculture:h12:f1:o242,12,1.3363398930357628,1.3363398930357628,0.0,1
AR-Ridge,calibration,Agriculture:h12:f1:o243,1,1.3014399986474792,1.3014399986474792,0.0,1
AR-Ridge,calibration,Agriculture:h12:f1:o243,2,1.3305902946901105,1.3305902946901105,0.0,1
AR-Ridge,calibration,Agriculture:h12:f1:o243,3,1.35770159532844,1.35770159532844,0.0,1
AR-Ridge,calibration,Agriculture:h12:f1:o243,4,1.3736795145659066,1.3736795145659066,0.0,1
AR-Ridge,calibration,Agriculture:h12:f1:o243,5,1.3901453834165918,1.3901453834165918,0.0,1
AR-Ridge,calibration,Agriculture:h12:f1:o243,6,1.3950362489909272,1.3950362489909272,0.0,1
AR-Ridge,calibration,Agriculture:h12:f1:o243,7,1.3851306213902645,1.3851306213902645,0.0,1
AR-Ridge,calibration,Agriculture:h12:f1:o243,8,1.3653310536052525,1.3653310536052525,0.0,1
AR-Ridge,calibration,Agriculture:h12:f1:o243,9,1.3601096728186768,1.3601096728186768,0.0,1
AR-Ridge,calibration,Agriculture:h12:f1:o243,10,1.3626143979207468,1.3626143979207468,0.0,1
AR-Ridge,calibration,Agriculture:h12:f1:o243,11,1.3773221847569064,1.3773221847569064,0.0,1
AR-Ridge,calibration,Agriculture:h12:f1:o243,12,1.3950128610935484,1.3950128610935484,0.0,1
AR-Ridge,calibration,Agriculture:h12:f1:o244,1,1.3898017786999048,1.3898017786999048,0.0,1
AR-Ridge,calibration,Agriculture:h12:f1:o244,2,1.4119525917061027,1.4119525917061027,0.0,1
AR-Ridge,calibration,Agriculture:h12:f1:o244,3,1.4182541138865046,1.4182541138865046,0.0,1
AR-Ridge,calibration,Agriculture:h12:f1:o244,4,1.4328171316848997,1.4328171316848997,0.0,1
AR-Ridge,calibration,Agriculture:h12:f1:o244,5,1.4321101124119586,1.4321101124119586,0.0,1
AR-Ridge,calibration,Agriculture:h12:f1:o244,6,1.4212895409666628,1.4212895409666628,0.0,1
AR-Ridge,calibration,Agriculture:h12:f1:o244,7,1.3977146746072253,1.3977146746072253,0.0,1
AR-Ridge,calibration,Agriculture:h12:f1:o244,8,1.386547979709903,1.386547979709903,0.0,1
AR-Ridge,calibration,Agriculture:h12:f1:o244,9,1.3879872104266657,1.3879872104266657,0.0,1
AR-Ridge,calibration,Agriculture:h12:f1:o244,10,1.4034902927105914,1.4034902927105914,0.0,1
AR-Ridge,calibration,Agriculture:h12:f1:o244,11,1.428307118868006,1.428307118868006,0.0,1
AR-Ridge,calibration,Agriculture:h12:f1:o244,12,1.4424463947188029,1.4424463947188029,0.0,1
AR-Ridge,calibration,Agriculture:h12:f1:o245,1,1.4399476478903959,1.4399476478903959,0.0,1
AR-Ridge,calibration,Agriculture:h12:f1:o245,2,1.4429757163378145,1.4429757163378145,0.0,1
AR-Ridge,calibration,Agriculture:h12:f1:o245,3,1.4539057988148032,1.4539057988148032,0.0,1
AR-Ridge,calibration,Agriculture:h12:f1:o245,4,1.459272754524796,1.459272754524796,0.0,1
AR-Ridge,calibration,Agriculture:h12:f1:o245,5,1.4504064332430675,1.4504064332430675,0.0,1
AR-Ridge,calibration,Agriculture:h12:f1:o245,6,1.429986402525289,1.429986402525289,0.0,1
AR-Ridge,calibration,Agriculture:h12:f1:o245,7,1.4143414501931453,1.4143414501931453,0.0,1
AR-Ridge,calibration,Agriculture:h12:f1:o245,8,1.4091834095698956,1.4091834095698956,0.0,1
AR-Ridge,calibration,Agriculture:h12:f1:o245,9,1.4230606999702502,1.4230606999702502,0.0,1
AR-Ridge,calibration,Agriculture:h12:f1:o245,10,1.4492588676868556,1.4492588676868556,0.0,1
AR-Ridge,calibration,Agriculture:h12:f1:o245,11,1.469302467891494,1.469302467891494,0.0,1
AR-Ridge,calibration,Agriculture:h12:f1:o245,12,1.4732380325109602,1.4732380325109602,0.0,1
AR-Ridge,calibration,Agriculture:h12:f1:o246,1,1.4087150828089552,1.4087150828089552,0.0,1
AR-Ridge,calibration,Agriculture:h12:f1:o246,2,1.4222548777105861,1.4222548777105861,0.0,1
AR-Ridge,calibration,Agriculture:h12:f1:o246,3,1.4296286691466769,1.4296286691466769,0.0,1
AR-Ridge,calibration,Agriculture:h12:f1:o246,4,1.4217794944629698,1.4217794944629698,0.0,1
AR-Ridge,calibration,Agriculture:h12:f1:o246,5,1.3999895497487407,1.3999895497487407,0.0,1
AR-Ridge,calibration,Agriculture:h12:f1:o246,6,1.3907549717598133,1.3907549717598133,0.0,1
AR-Ridge,calibration,Agriculture:h12:f1:o246,7,1.390281893839606,1.390281893839606,0.0,1
AR-Ridge,calibration,Agriculture:h12:f1:o246,8,1.4080415387518088,1.4080415387518088,0.0,1
AR-Ridge,calibration,Agriculture:h12:f1:o246,9,1.4363723828727943,1.4363723828727943,0.0,1
AR-Ridge,calibration,Agriculture:h12:f1:o246,10,1.4546442287806924,1.4546442287806924,0.0,1
AR-Ridge,calibration,Agriculture:h12:f1:o246,11,1.4624036618037373,1.4624036618037373,0.0,1
AR-Ridge,calibration,Agriculture:h12:f1:o246,12,1.4567691210401996,1.4567691210401996,0.0,1
AR-Ridge,calibration,Agriculture:h12:f1:o247,1,1.4194568068637656,1.4194568068637656,0.0,1
AR-Ridge,calibration,Agriculture:h12:f1:o247,2,1.426091357672815,1.426091357672815,0.0,1
AR-Ridge,calibration,Agriculture:h12:f1:o247,3,1.4184891832800817,1.4184891832800817,0.0,1
AR-Ridge,calibration,Agriculture:h12:f1:o247,4,1.4059158833573866,1.4059158833573866,0.0,1
AR-Ridge,calibration,Agriculture:h12:f1:o247,5,1.4024765377537427,1.4024765377537427,0.0,1
AR-Ridge,calibration,Agriculture:h12:f1:o247,6,1.4075520794176088,1.4075520794176088,0.0,1
AR-Ridge,calibration,Agriculture:h12:f1:o247,7,1.42225320519505,1.42225320519505,0.0,1
AR-Ridge,calibration,Agriculture:h12:f1:o247,8,1.444755401279219,1.444755401279219,0.0,1
AR-Ridge,calibration,Agriculture:h12:f1:o247,9,1.4614458620313973,1.4614458620313973,0.0,1
AR-Ridge,calibration,Agriculture:h12:f1:o247,10,1.4698919673198056,1.4698919673198056,0.0,1
AR-Ridge,calibration,Agriculture:h12:f1:o247,11,1.468528792294599,1.468528792294599,0.0,1
AR-Ridge,calibration,Agriculture:h12:f1:o247,12,1.4516117874806174,1.4516117874806174,0.0,1
AR-Ridge,calibration,Agriculture:h12:f1:o248,1,1.4827428702903094,1.4827428702903094,0.0,1
AR-Ridge,calibration,Agriculture:h12:f1:o248,2,1.4709325337621084,1.4709325337621084,0.0,1
AR-Ridge,calibration,Agriculture:h12:f1:o248,3,1.4481797982312534,1.4481797982312534,0.0,1
AR-Ridge,calibration,Agriculture:h12:f1:o248,4,1.437373045765231,1.437373045765231,0.0,1
AR-Ridge,calibration,Agriculture:h12:f1:o248,5,1.4324958118538127,1.4324958118538127,0.0,1
AR-Ridge,calibration,Agriculture:h12:f1:o248,6,1.4445957096256459,1.4445957096256459,0.0,1
AR-Ridge,calibration,Agriculture:h12:f1:o248,7,1.466124412627843,1.466124412627843,0.0,1
AR-Ridge,calibration,Agriculture:h12:f1:o248,8,1.480859591114583,1.480859591114583,0.0,1
AR-Ridge,calibration,Agriculture:h12:f1:o248,9,1.4896618469016603,1.4896618469016603,0.0,1
AR-Ridge,calibration,Agriculture:h12:f1:o248,10,1.4882336842358261,1.4882336842358261,0.0,1
AR-Ridge,calibration,Agriculture:h12:f1:o248,11,1.4775304039134152,1.4775304039134152,0.0,1
AR-Ridge,calibration,Agriculture:h12:f1:o248,12,1.4687006136049605,1.4687006136049605,0.0,1
AR-Ridge,calibration,Agriculture:h12:f1:o249,1,1.4590392775596501,1.4590392775596501,0.0,1
AR-Ridge,calibration,Agriculture:h12:f1:o249,2,1.4365431194649405,1.4365431194649405,0.0,1
AR-Ridge,calibration,Agriculture:h12:f1:o249,3,1.4260539940223234,1.4260539940223234,0.0,1
AR-Ridge,calibration,Agriculture:h12:f1:o249,4,1.4319268519363215,1.4319268519363215,0.0,1
AR-Ridge,calibration,Agriculture:h12:f1:o249,5,1.4514784542189172,1.4514784542189172,0.0,1
AR-Ridge,calibration,Agriculture:h12:f1:o249,6,1.4796183956532896,1.4796183956532896,0.0,1
AR-Ridge,calibration,Agriculture:h12:f1:o249,7,1.491440173737598,1.491440173737598,0.0,1
AR-Ridge,calibration,Agriculture:h12:f1:o249,8,1.4928822388248033,1.4928822388248033,0.0,1
AR-Ridge,calibration,Agriculture:h12:f1:o249,9,1.4893623261866096,1.4893623261866096,0.0,1
AR-Ridge,calibration,Agriculture:h12:f1:o249,10,1.4787275512419675,1.4787275512419675,0.0,1
AR-Ridge,calibration,Agriculture:h12:f1:o249,11,1.4742024147717867,1.4742024147717867,0.0,1
AR-Ridge,calibration,Agriculture:h12:f1:o249,12,1.4525020776021695,1.4525020776021695,0.0,1
AR-Ridge,calibration,Agriculture:h12:f1:o250,1,1.4228283458219977,1.4228283458219977,0.0,1
AR-Ridge,calibration,Agriculture:h12:f1:o250,2,1.413440326659622,1.413440326659622,0.0,1
AR-Ridge,calibration,Agriculture:h12:f1:o250,3,1.4196547206510115,1.4196547206510115,0.0,1
AR-Ridge,calibration,Agriculture:h12:f1:o250,4,1.436093026896073,1.436093026896073,0.0,1
AR-Ridge,calibration,Agriculture:h12:f1:o250,5,1.4597946775813249,1.4597946775813249,0.0,1
AR-Ridge,calibration,Agriculture:h12:f1:o250,6,1.4742078570419221,1.4742078570419221,0.0,1
AR-Ridge,calibration,Agriculture:h12:f1:o250,7,1.4797086025456236,1.4797086025456236,0.0,1
AR-Ridge,calibration,Agriculture:h12:f1:o250,8,1.4812016777334454,1.4812016777334454,0.0,1
AR-Ridge,calibration,Agriculture:h12:f1:o250,9,1.4728875724193458,1.4728875724193458,0.0,1
AR-Ridge,calibration,Agriculture:h12:f1:o250,10,1.467230491219867,1.467230491219867,0.0,1
AR-Ridge,calibration,Agriculture:h12:f1:o250,11,1.448019316586315,1.448019316586315,0.0,1
AR-Ridge,calibration,Agriculture:h12:f1:o250,12,1.4145680265781613,1.4145680265781613,0.0,1
AR-Ridge,calibration,Agriculture:h12:f1:o251,1,1.2937498334681363,1.2937498334681363,0.0,1
AR-Ridge,calibration,Agriculture:h12:f1:o251,2,1.3091834289342053,1.3091834289342053,0.0,1
AR-Ridge,calibration,Agriculture:h12:f1:o251,3,1.339338051185478,1.339338051185478,0.0,1
AR-Ridge,calibration,Agriculture:h12:f1:o251,4,1.3713772485668219,1.3713772485668219,0.0,1
AR-Ridge,calibration,Agriculture:h12:f1:o251,5,1.3929369349332974,1.3929369349332974,0.0,1
AR-Ridge,calibration,Agriculture:h12:f1:o251,6,1.4120131523759567,1.4120131523759567,0.0,1
AR-Ridge,calibration,Agriculture:h12:f1:o251,7,1.423286337599575,1.423286337599575,0.0,1
AR-Ridge,calibration,Agriculture:h12:f1:o251,8,1.4242199448743393,1.4242199448743393,0.0,1
AR-Ridge,calibration,Agriculture:h12:f1:o251,9,1.4220886625641547,1.4220886625641547,0.0,1
AR-Ridge,calibration,Agriculture:h12:f1:o251,10,1.3995224919214444,1.3995224919214444,0.0,1
AR-Ridge,calibration,Agriculture:h12:f1:o251,11,1.3661369879895444,1.3661369879895444,0.0,1
AR-Ridge,calibration,Agriculture:h12:f1:o251,12,1.3394168906945956,1.3394168906945956,0.0,1
AR-Ridge,calibration,Agriculture:h12:f1:o252,1,1.3973165535062562,1.3973165535062562,0.0,1
AR-Ridge,calibration,Agriculture:h12:f1:o252,2,1.420715419745568,1.420715419745568,0.0,1
AR-Ridge,calibration,Agriculture:h12:f1:o252,3,1.4397475147985943,1.4397475147985943,0.0,1
AR-Ridge,calibration,Agriculture:h12:f1:o252,4,1.4493834793160256,1.4493834793160256,0.0,1
AR-Ridge,calibration,Agriculture:h12:f1:o252,5,1.4544689928821175,1.4544689928821175,0.0,1
AR-Ridge,calibration,Agriculture:h12:f1:o252,6,1.4588784081926294,1.4588784081926294,0.0,1
AR-Ridge,calibration,Agriculture:h12:f1:o252,7,1.4574709235554868,1.4574709235554868,0.0,1
AR-Ridge,calibration,Agriculture:h12:f1:o252,8,1.4540652176832456,1.4540652176832456,0.0,1
AR-Ridge,calibration,Agriculture:h12:f1:o252,9,1.431988788268551,1.431988788268551,0.0,1
AR-Ridge,calibration,Agriculture:h12:f1:o252,10,1.3995795926082393,1.3995795926082393,0.0,1
AR-Ridge,calibration,Agriculture:h12:f1:o252,11,1.3786066502791408,1.3786066502791408,0.0,1
AR-Ridge,calibration,Agriculture:h12:f1:o252,12,1.376058111164284,1.376058111164284,0.0,1
AR-Ridge,calibration,Agriculture:h12:f1:o253,1,1.462487558273815,1.462487558273815,0.0,1
AR-Ridge,calibration,Agriculture:h12:f1:o253,2,1.478575019521549,1.478575019521549,0.0,1
AR-Ridge,calibration,Agriculture:h12:f1:o253,3,1.4792807842725493,1.4792807842725493,0.0,1
AR-Ridge,calibration,Agriculture:h12:f1:o253,4,1.4786256695957873,1.4786256695957873,0.0,1
AR-Ridge,calibration,Agriculture:h12:f1:o253,5,1.4745866372370227,1.4745866372370227,0.0,1
AR-Ridge,calibration,Agriculture:h12:f1:o253,6,1.4723906777070686,1.4723906777070686,0.0,1
AR-Ridge,calibration,Agriculture:h12:f1:o253,7,1.468891389790536,1.468891389790536,0.0,1
AR-Ridge,calibration,Agriculture:h12:f1:o253,8,1.444861024807791,1.444861024807791,0.0,1
AR-Ridge,calibration,Agriculture:h12:f1:o253,9,1.412857036422929,1.412857036422929,0.0,1
AR-Ridge,calibration,Agriculture:h12:f1:o253,10,1.3912470117854518,1.3912470117854518,0.0,1
AR-Ridge,calibration,Agriculture:h12:f1:o253,11,1.3950288943614297,1.3950288943614297,0.0,1
AR-Ridge,calibration,Agriculture:h12:f1:o253,12,1.4048977513404184,1.4048977513404184,0.0,1
AR-Ridge,calibration,Agriculture:h12:f1:o254,1,1.4288899147237233,1.4288899147237233,0.0,1
AR-Ridge,calibration,Agriculture:h12:f1:o254,2,1.4330059912148587,1.4330059912148587,0.0,1
AR-Ridge,calibration,Agriculture:h12:f1:o254,3,1.4377020607356887,1.4377020607356887,0.0,1
AR-Ridge,calibration,Agriculture:h12:f1:o254,4,1.442363626084635,1.442363626084635,0.0,1
AR-Ridge,calibration,Agriculture:h12:f1:o254,5,1.4466374104563542,1.4466374104563542,0.0,1
AR-Ridge,calibration,Agriculture:h12:f1:o254,6,1.4515853756074195,1.4515853756074195,0.0,1
AR-Ridge,calibration,Agriculture:h12:f1:o254,7,1.4295887487083454,1.4295887487083454,0.0,1
AR-Ridge,calibration,Agriculture:h12:f1:o254,8,1.3973442841156887,1.3973442841156887,0.0,1
AR-Ridge,calibration,Agriculture:h12:f1:o254,9,1.376005249800722,1.376005249800722,0.0,1
AR-Ridge,calibration,Agriculture:h12:f1:o254,10,1.3786989383063135,1.3786989383063135,0.0,1
AR-Ridge,calibration,Agriculture:h12:f1:o254,11,1.3908613571651205,1.3908613571651205,0.0,1
AR-Ridge,calibration,Agriculture:h12:f1:o254,12,1.4078903260569087,1.4078903260569087,0.0,1
AR-Ridge,decision,Agriculture:h12:f1:o266,1,1.6462581563048646,1.6462581563048646,0.0,1
AR-Ridge,decision,Agriculture:h12:f1:o266,2,1.6259565911687133,1.6259565911687133,0.0,1
AR-Ridge,decision,Agriculture:h12:f1:o266,3,1.6180133799004932,1.6180133799004932,0.0,1
AR-Ridge,decision,Agriculture:h12:f1:o266,4,1.6249784336624866,1.6249784336624866,0.0,1
AR-Ridge,decision,Agriculture:h12:f1:o266,5,1.6241425209668368,1.6241425209668368,0.0,1
AR-Ridge,decision,Agriculture:h12:f1:o266,6,1.6067870092295324,1.6067870092295324,0.0,1
AR-Ridge,decision,Agriculture:h12:f1:o266,7,1.5816135233053954,1.5816135233053954,0.0,1
AR-Ridge,decision,Agriculture:h12:f1:o266,8,1.555925906746656,1.555925906746656,0.0,1
AR-Ridge,decision,Agriculture:h12:f1:o266,9,1.5370950142857134,1.5370950142857134,0.0,1
AR-Ridge,decision,Agriculture:h12:f1:o266,10,1.5280600358658358,1.5280600358658358,0.0,1
AR-Ridge,decision,Agriculture:h12:f1:o266,11,1.5257944858606576,1.5257944858606576,0.0,1
AR-Ridge,decision,Agriculture:h12:f1:o266,12,1.5200984232134902,1.5200984232134902,0.0,1
AR-Ridge,decision,Agriculture:h12:f1:o267,1,1.6016658108260198,1.6016658108260198,0.0,1
AR-Ridge,decision,Agriculture:h12:f1:o267,2,1.5949704917485779,1.5949704917485779,0.0,1
AR-Ridge,decision,Agriculture:h12:f1:o267,3,1.6035257391280038,1.6035257391280038,0.0,1
AR-Ridge,decision,Agriculture:h12:f1:o267,4,1.611523484649543,1.611523484649543,0.0,1
AR-Ridge,decision,Agriculture:h12:f1:o267,5,1.5994691713427405,1.5994691713427405,0.0,1
AR-Ridge,decision,Agriculture:h12:f1:o267,6,1.5820854567459341,1.5820854567459341,0.0,1
AR-Ridge,decision,Agriculture:h12:f1:o267,7,1.5561218704185056,1.5561218704185056,0.0,1
AR-Ridge,decision,Agriculture:h12:f1:o267,8,1.5336882343333809,1.5336882343333809,0.0,1
AR-Ridge,decision,Agriculture:h12:f1:o267,9,1.5240481942978685,1.5240481942978685,0.0,1
AR-Ridge,decision,Agriculture:h12:f1:o267,10,1.5212531708527166,1.5212531708527166,0.0,1
AR-Ridge,decision,Agriculture:h12:f1:o267,11,1.5202780749846578,1.5202780749846578,0.0,1
AR-Ridge,decision,Agriculture:h12:f1:o267,12,1.500782123469524,1.500782123469524,0.0,1
AR-Ridge,decision,Agriculture:h12:f1:o268,1,1.641762229446398,1.641762229446398,0.0,1
AR-Ridge,decision,Agriculture:h12:f1:o268,2,1.646089582754763,1.646089582754763,0.0,1
AR-Ridge,decision,Agriculture:h12:f1:o268,3,1.6475203809669703,1.6475203809669703,0.0,1
AR-Ridge,decision,Agriculture:h12:f1:o268,4,1.6328649430477071,1.6328649430477071,0.0,1
AR-Ridge,decision,Agriculture:h12:f1:o268,5,1.6097967616716784,1.6097967616716784,0.0,1
AR-Ridge,decision,Agriculture:h12:f1:o268,6,1.582975550818968,1.582975550818968,0.0,1
AR-Ridge,decision,Agriculture:h12:f1:o268,7,1.5582389919993185,1.5582389919993185,0.0,1
AR-Ridge,decision,Agriculture:h12:f1:o268,8,1.5464114680359027,1.5464114680359027,0.0,1
AR-Ridge,decision,Agriculture:h12:f1:o268,9,1.5436357140269523,1.5436357140269523,0.0,1
AR-Ridge,decision,Agriculture:h12:f1:o268,10,1.5436822687962655,1.5436822687962655,0.0,1
AR-Ridge,decision,Agriculture:h12:f1:o268,11,1.5296871139737127,1.5296871139737127,0.0,1
AR-Ridge,decision,Agriculture:h12:f1:o268,12,1.5025000692888877,1.5025000692888877,0.0,1
AR-Ridge,decision,Agriculture:h12:f1:o269,1,1.635127799968154,1.635127799968154,0.0,1
AR-Ridge,decision,Agriculture:h12:f1:o269,2,1.6373642441499572,1.6373642441499572,0.0,1
AR-Ridge,decision,Agriculture:h12:f1:o269,3,1.6220960142625962,1.6220960142625962,0.0,1
AR-Ridge,decision,Agriculture:h12:f1:o269,4,1.599054146262417,1.599054146262417,0.0,1
AR-Ridge,decision,Agriculture:h12:f1:o269,5,1.5701410107801237,1.5701410107801237,0.0,1
AR-Ridge,decision,Agriculture:h12:f1:o269,6,1.5492074331103223,1.5492074331103223,0.0,1
AR-Ridge,decision,Agriculture:h12:f1:o269,7,1.5397851619072074,1.5397851619072074,0.0,1
AR-Ridge,decision,Agriculture:h12:f1:o269,8,1.5384623783512001,1.5384623783512001,0.0,1
AR-Ridge,decision,Agriculture:h12:f1:o269,9,1.5396986512076989,1.5396986512076989,0.0,1
AR-Ridge,decision,Agriculture:h12:f1:o269,10,1.5246483068316459,1.5246483068316459,0.0,1
AR-Ridge,decision,Agriculture:h12:f1:o269,11,1.5011555154310023,1.5011555154310023,0.0,1
AR-Ridge,decision,Agriculture:h12:f1:o269,12,1.4895585650138765,1.4895585650138765,0.0,1
AR-Ridge,decision,Agriculture:h12:f1:o270,1,1.6074872626078898,1.6074872626078898,0.0,1
AR-Ridge,decision,Agriculture:h12:f1:o270,2,1.5941050694906227,1.5941050694906227,0.0,1
AR-Ridge,decision,Agriculture:h12:f1:o270,3,1.5728934518951763,1.5728934518951763,0.0,1
AR-Ridge,decision,Agriculture:h12:f1:o270,4,1.5524333967899386,1.5524333967899386,0.0,1
AR-Ridge,decision,Agriculture:h12:f1:o270,5,1.5367406661578775,1.5367406661578775,0.0,1
AR-Ridge,decision,Agriculture:h12:f1:o270,6,1.5352603112036252,1.5352603112036252,0.0,1
AR-Ridge,decision,Agriculture:h12:f1:o270,7,1.5343615415010827,1.5343615415010827,0.0,1
AR-Ridge,decision,Agriculture:h12:f1:o270,8,1.5323979676097668,1.5323979676097668,0.0,1
AR-Ridge,decision,Agriculture:h12:f1:o270,9,1.5168747132677414,1.5168747132677414,0.0,1
AR-Ridge,decision,Agriculture:h12:f1:o270,10,1.4924527230131743,1.4924527230131743,0.0,1
AR-Ridge,decision,Agriculture:h12:f1:o270,11,1.4852574934519203,1.4852574934519203,0.0,1
AR-Ridge,decision,Agriculture:h12:f1:o270,12,1.498851695545274,1.498851695545274,0.0,1
AR-Ridge,decision,Agriculture:h12:f1:o271,1,1.6128936632314015,1.6128936632314015,0.0,1
AR-Ridge,decision,Agriculture:h12:f1:o271,2,1.5899948036366156,1.5899948036366156,0.0,1
AR-Ridge,decision,Agriculture:h12:f1:o271,3,1.564535747012303,1.564535747012303,0.0,1
AR-Ridge,decision,Agriculture:h12:f1:o271,4,1.551583462047411,1.551583462047411,0.0,1
AR-Ridge,decision,Agriculture:h12:f1:o271,5,1.54947178489561,1.54947178489561,0.0,1
AR-Ridge,decision,Agriculture:h12:f1:o271,6,1.5516353054098868,1.5516353054098868,0.0,1
AR-Ridge,decision,Agriculture:h12:f1:o271,7,1.5477895862607738,1.5477895862607738,0.0,1
AR-Ridge,decision,Agriculture:h12:f1:o271,8,1.526906607549712,1.526906607549712,0.0,1
AR-Ridge,decision,Agriculture:h12:f1:o271,9,1.5014832606729733,1.5014832606729733,0.0,1
AR-Ridge,decision,Agriculture:h12:f1:o271,10,1.4940596459737798,1.4940596459737798,0.0,1
AR-Ridge,decision,Agriculture:h12:f1:o271,11,1.513619839070293,1.513619839070293,0.0,1
AR-Ridge,decision,Agriculture:h12:f1:o271,12,1.532636692054486,1.532636692054486,0.0,1
AR-Ridge,decision,Agriculture:h12:f1:o272,1,1.6924395057629804,1.6924395057629804,0.0,1
AR-Ridge,decision,Agriculture:h12:f1:o272,2,1.6593316533357327,1.6593316533357327,0.0,1
AR-Ridge,decision,Agriculture:h12:f1:o272,3,1.6289002450196,1.6289002450196,0.0,1
AR-Ridge,decision,Agriculture:h12:f1:o272,4,1.6124160770927336,1.6124160770927336,0.0,1
AR-Ridge,decision,Agriculture:h12:f1:o272,5,1.5962532549137964,1.5962532549137964,0.0,1
AR-Ridge,decision,Agriculture:h12:f1:o272,6,1.5865623308096044,1.5865623308096044,0.0,1
AR-Ridge,decision,Agriculture:h12:f1:o272,7,1.564110728694633,1.564110728694633,0.0,1
AR-Ridge,decision,Agriculture:h12:f1:o272,8,1.5365775675908082,1.5365775675908082,0.0,1
AR-Ridge,decision,Agriculture:h12:f1:o272,9,1.5300879190291568,1.5300879190291568,0.0,1
AR-Ridge,decision,Agriculture:h12:f1:o272,10,1.5498179727020749,1.5498179727020749,0.0,1
AR-Ridge,decision,Agriculture:h12:f1:o272,11,1.5787323314023727,1.5787323314023727,0.0,1
AR-Ridge,decision,Agriculture:h12:f1:o272,12,1.5785719537401495,1.5785719537401495,0.0,1
AR-Ridge,decision,Agriculture:h12:f1:o273,1,1.7463875311765513,1.7463875311765513,0.0,1
AR-Ridge,decision,Agriculture:h12:f1:o273,2,1.7092198367809865,1.7092198367809865,0.0,1
AR-Ridge,decision,Agriculture:h12:f1:o273,3,1.6788489848403076,1.6788489848403076,0.0,1
AR-Ridge,decision,Agriculture:h12:f1:o273,4,1.6517581448883947,1.6517581448883947,0.0,1
AR-Ridge,decision,Agriculture:h12:f1:o273,5,1.627869014776085,1.627869014776085,0.0,1
AR-Ridge,decision,Agriculture:h12:f1:o273,6,1.6003642091551629,1.6003642091551629,0.0,1
AR-Ridge,decision,Agriculture:h12:f1:o273,7,1.5707080199944408,1.5707080199944408,0.0,1
AR-Ridge,decision,Agriculture:h12:f1:o273,8,1.562110284718401,1.562110284718401,0.0,1
AR-Ridge,decision,Agriculture:h12:f1:o273,9,1.582369707518906,1.582369707518906,0.0,1
AR-Ridge,decision,Agriculture:h12:f1:o273,10,1.6119258259030338,1.6119258259030338,0.0,1
AR-Ridge,decision,Agriculture:h12:f1:o273,11,1.6195658251082523,1.6195658251082523,0.0,1
AR-Ridge,decision,Agriculture:h12:f1:o273,12,1.6042916357792174,1.6042916357792174,0.0,1
AR-Ridge,decision,Agriculture:h12:f1:o274,1,1.7375424495517617,1.7375424495517617,0.0,1
AR-Ridge,decision,Agriculture:h12:f1:o274,2,1.7050005690081091,1.7050005690081091,0.0,1
AR-Ridge,decision,Agriculture:h12:f1:o274,3,1.6717559065685046,1.6717559065685046,0.0,1
AR-Ridge,decision,Agriculture:h12:f1:o274,4,1.6420790696672605,1.6420790696672605,0.0,1
AR-Ridge,decision,Agriculture:h12:f1:o274,5,1.6061127558076966,1.6061127558076966,0.0,1
AR-Ridge,decision,Agriculture:h12:f1:o274,6,1.5766607466636047,1.5766607466636047,0.0,1
AR-Ridge,decision,Agriculture:h12:f1:o274,7,1.5695077914498268,1.5695077914498268,0.0,1
AR-Ridge,decision,Agriculture:h12:f1:o274,8,1.5910986395277298,1.5910986395277298,0.0,1
AR-Ridge,decision,Agriculture:h12:f1:o274,9,1.6221307470112825,1.6221307470112825,0.0,1
AR-Ridge,decision,Agriculture:h12:f1:o274,10,1.6292073201274193,1.6292073201274193,0.0,1
AR-Ridge,decision,Agriculture:h12:f1:o274,11,1.6195951138927336,1.6195951138927336,0.0,1
AR-Ridge,decision,Agriculture:h12:f1:o274,12,1.5886110415531232,1.5886110415531232,0.0,1
AR-Ridge,decision,Agriculture:h12:f1:o275,1,1.802120435853313,1.802120435853313,0.0,1
AR-Ridge,decision,Agriculture:h12:f1:o275,2,1.7601606907597243,1.7601606907597243,0.0,1
AR-Ridge,decision,Agriculture:h12:f1:o275,3,1.7169992789301278,1.7169992789301278,0.0,1
AR-Ridge,decision,Agriculture:h12:f1:o275,4,1.6905697901835315,1.6905697901835315,0.0,1
AR-Ridge,decision,Agriculture:h12:f1:o275,5,1.6651927330309295,1.6651927330309295,0.0,1
AR-Ridge,decision,Agriculture:h12:f1:o275,6,1.6571858468919185,1.6571858468919185,0.0,1
AR-Ridge,decision,Agriculture:h12:f1:o275,7,1.6651028564521382,1.6651028564521382,0.0,1
AR-Ridge,decision,Agriculture:h12:f1:o275,8,1.6754823781530586,1.6754823781530586,0.0,1
AR-Ridge,decision,Agriculture:h12:f1:o275,9,1.6761775207926428,1.6761775207926428,0.0,1
AR-Ridge,decision,Agriculture:h12:f1:o275,10,1.6697364868280802,1.6697364868280802,0.0,1
AR-Ridge,decision,Agriculture:h12:f1:o275,11,1.6477434076374153,1.6477434076374153,0.0,1
AR-Ridge,decision,Agriculture:h12:f1:o275,12,1.611089769658465,1.611089769658465,0.0,1
AR-Ridge,decision,Agriculture:h12:f1:o276,1,1.7866683175599707,1.7866683175599707,0.0,1
AR-Ridge,decision,Agriculture:h12:f1:o276,2,1.7414415840287658,1.7414415840287658,0.0,1
AR-Ridge,decision,Agriculture:h12:f1:o276,3,1.7079321393163782,1.7079321393163782,0.0,1
AR-Ridge,decision,Agriculture:h12:f1:o276,4,1.682648222324701,1.682648222324701,0.0,1
AR-Ridge,decision,Agriculture:h12:f1:o276,5,1.6710168977029558,1.6710168977029558,0.0,1
AR-Ridge,decision,Agriculture:h12:f1:o276,6,1.6815214679069266,1.6815214679069266,0.0,1
AR-Ridge,decision,Agriculture:h12:f1:o276,7,1.6908212826774094,1.6908212826774094,0.0,1
AR-Ridge,decision,Agriculture:h12:f1:o276,8,1.6867885120202843,1.6867885120202843,0.0,1
AR-Ridge,decision,Agriculture:h12:f1:o276,9,1.6798299893176836,1.6798299893176836,0.0,1
AR-Ridge,decision,Agriculture:h12:f1:o276,10,1.6571890800705518,1.6571890800705518,0.0,1
AR-Ridge,decision,Agriculture:h12:f1:o276,11,1.6277341681062165,1.6277341681062165,0.0,1
AR-Ridge,decision,Agriculture:h12:f1:o276,12,1.6038951180016414,1.6038951180016414,0.0,1
AR-Ridge,decision,Agriculture:h12:f1:o277,1,1.6494035425751075,1.6494035425751075,0.0,1
AR-Ridge,decision,Agriculture:h12:f1:o277,2,1.6231236539366778,1.6231236539366778,0.0,1
AR-Ridge,decision,Agriculture:h12:f1:o277,3,1.6070915983117668,1.6070915983117668,0.0,1
AR-Ridge,decision,Agriculture:h12:f1:o277,4,1.604287004230408,1.604287004230408,0.0,1
AR-Ridge,decision,Agriculture:h12:f1:o277,5,1.6220612097559262,1.6220612097559262,0.0,1
AR-Ridge,decision,Agriculture:h12:f1:o277,6,1.643094543309656,1.643094543309656,0.0,1
AR-Ridge,decision,Agriculture:h12:f1:o277,7,1.6455882039318808,1.6455882039318808,0.0,1
AR-Ridge,decision,Agriculture:h12:f1:o277,8,1.642416717083295,1.642416717083295,0.0,1
AR-Ridge,decision,Agriculture:h12:f1:o277,9,1.6214962254318488,1.6214962254318488,0.0,1
AR-Ridge,decision,Agriculture:h12:f1:o277,10,1.58910807835181,1.58910807835181,0.0,1
AR-Ridge,decision,Agriculture:h12:f1:o277,11,1.5665996142196759,1.5665996142196759,0.0,1
AR-Ridge,decision,Agriculture:h12:f1:o277,12,1.556283581544758,1.556283581544758,0.0,1
AR-Ridge,decision,Agriculture:h12:f1:o278,1,1.562006659828172,1.562006659828172,0.0,1
AR-Ridge,decision,Agriculture:h12:f1:o278,2,1.550112332147375,1.550112332147375,0.0,1
AR-Ridge,decision,Agriculture:h12:f1:o278,3,1.5531803870474514,1.5531803870474514,0.0,1
AR-Ridge,decision,Agriculture:h12:f1:o278,4,1.5849643934116096,1.5849643934116096,0.0,1
AR-Ridge,decision,Agriculture:h12:f1:o278,5,1.6164726047280806,1.6164726047280806,0.0,1
AR-Ridge,decision,Agriculture:h12:f1:o278,6,1.6308541514708819,1.6308541514708819,0.0,1
AR-Ridge,decision,Agriculture:h12:f1:o278,7,1.6287551725706508,1.6287551725706508,0.0,1
AR-Ridge,decision,Agriculture:h12:f1:o278,8,1.6041068269622638,1.6041068269622638,0.0,1
AR-Ridge,decision,Agriculture:h12:f1:o278,9,1.5709728279514459,1.5709728279514459,0.0,1
AR-Ridge,decision,Agriculture:h12:f1:o278,10,1.5470919188165366,1.5470919188165366,0.0,1
AR-Ridge,decision,Agriculture:h12:f1:o278,11,1.5407915594662254,1.5407915594662254,0.0,1
AR-Ridge,decision,Agriculture:h12:f1:o278,12,1.54940821426115,1.54940821426115,0.0,1
AR-Ridge,decision,Agriculture:h12:f1:o279,1,1.5803470981439598,1.5803470981439598,0.0,1
AR-Ridge,decision,Agriculture:h12:f1:o279,2,1.5805777555434206,1.5805777555434206,0.0,1
AR-Ridge,decision,Agriculture:h12:f1:o279,3,1.6068432601398597,1.6068432601398597,0.0,1
AR-Ridge,decision,Agriculture:h12:f1:o279,4,1.6392143784690565,1.6392143784690565,0.0,1
AR-Ridge,decision,Agriculture:h12:f1:o279,5,1.6509072259886122,1.6509072259886122,0.0,1
AR-Ridge,decision,Agriculture:h12:f1:o279,6,1.6506397900711587,1.6506397900711587,0.0,1
AR-Ridge,decision,Agriculture:h12:f1:o279,7,1.6239193580456488,1.6239193580456488,0.0,1
AR-Ridge,decision,Agriculture:h12:f1:o279,8,1.5868362097885578,1.5868362097885578,0.0,1
AR-Ridge,decision,Agriculture:h12:f1:o279,9,1.562457316010795,1.562457316010795,0.0,1
AR-Ridge,decision,Agriculture:h12:f1:o279,10,1.5565275520793156,1.5565275520793156,0.0,1
AR-Ridge,decision,Agriculture:h12:f1:o279,11,1.5712759021627745,1.5712759021627745,0.0,1
AR-Ridge,decision,Agriculture:h12:f1:o279,12,1.576659776191934,1.576659776191934,0.0,1
AR-Ridge,decision,Agriculture:h12:f1:o280,1,1.6610924271675276,1.6610924271675276,0.0,1
AR-Ridge,decision,Agriculture:h12:f1:o280,2,1.6808984915485503,1.6808984915485503,0.0,1
AR-Ridge,decision,Agriculture:h12:f1:o280,3,1.7007641986172453,1.7007641986172453,0.0,1
AR-Ridge,decision,Agriculture:h12:f1:o280,4,1.7044067180129654,1.7044067180129654,0.0,1
AR-Ridge,decision,Agriculture:h12:f1:o280,5,1.6925939710817692,1.6925939710817692,0.0,1
AR-Ridge,decision,Agriculture:h12:f1:o280,6,1.6619793149557163,1.6619793149557163,0.0,1
AR-Ridge,decision,Agriculture:h12:f1:o280,7,1.6220166342584987,1.6220166342584987,0.0,1
AR-Ridge,decision,Agriculture:h12:f1:o280,8,1.5944153579145224,1.5944153579145224,0.0,1
AR-Ridge,decision,Agriculture:h12:f1:o280,9,1.5885316711844708,1.5885316711844708,0.0,1
AR-Ridge,decision,Agriculture:h12:f1:o280,10,1.604184127829717,1.604184127829717,0.0,1
AR-Ridge,decision,Agriculture:h12:f1:o280,11,1.617177263351108,1.617177263351108,0.0,1
AR-Ridge,decision,Agriculture:h12:f1:o280,12,1.619238134318863,1.619238134318863,0.0,1
AR-Ridge,decision,Agriculture:h12:f1:o281,1,1.676319490359184,1.676319490359184,0.0,1
AR-Ridge,decision,Agriculture:h12:f1:o281,2,1.6957083171688072,1.6957083171688072,0.0,1
AR-Ridge,decision,Agriculture:h12:f1:o281,3,1.7003293629491278,1.7003293629491278,0.0,1
AR-Ridge,decision,Agriculture:h12:f1:o281,4,1.6952184009853697,1.6952184009853697,0.0,1
AR-Ridge,decision,Agriculture:h12:f1:o281,5,1.6687641477105648,1.6687641477105648,0.0,1
AR-Ridge,decision,Agriculture:h12:f1:o281,6,1.6330509524407386,1.6330509524407386,0.0,1
AR-Ridge,decision,Agriculture:h12:f1:o281,7,1.6035375774660465,1.6035375774660465,0.0,1
AR-Ridge,decision,Agriculture:h12:f1:o281,8,1.5943964941354203,1.5943964941354203,0.0,1
AR-Ridge,decision,Agriculture:h12:f1:o281,9,1.6092165853867657,1.6092165853867657,0.0,1
AR-Ridge,decision,Agriculture:h12:f1:o281,10,1.6228434534810947,1.6228434534810947,0.0,1
AR-Ridge,decision,Agriculture:h12:f1:o281,11,1.6278575412807295,1.6278575412807295,0.0,1
AR-Ridge,decision,Agriculture:h12:f1:o281,12,1.628941098184881,1.628941098184881,0.0,1
AR-Ridge,decision,Agriculture:h12:f1:o282,1,1.6519100915471205,1.6519100915471205,0.0,1
AR-Ridge,decision,Agriculture:h12:f1:o282,2,1.6585621548800749,1.6585621548800749,0.0,1
AR-Ridge,decision,Agriculture:h12:f1:o282,3,1.6594557578964397,1.6594557578964397,0.0,1
AR-Ridge,decision,Agriculture:h12:f1:o282,4,1.6512128456275477,1.6512128456275477,0.0,1
AR-Ridge,decision,Agriculture:h12:f1:o282,5,1.6296645857750671,1.6296645857750671,0.0,1
AR-Ridge,decision,Agriculture:h12:f1:o282,6,1.611275041275559,1.611275041275559,0.0,1
AR-Ridge,decision,Agriculture:h12:f1:o282,7,1.5990661308581129,1.5990661308581129,0.0,1
AR-Ridge,decision,Agriculture:h12:f1:o282,8,1.6063231951297898,1.6063231951297898,0.0,1
AR-Ridge,decision,Agriculture:h12:f1:o282,9,1.6175890861860607,1.6175890861860607,0.0,1
AR-Ridge,decision,Agriculture:h12:f1:o282,10,1.6230293729828937,1.6230293729828937,0.0,1
AR-Ridge,decision,Agriculture:h12:f1:o282,11,1.6278652142058214,1.6278652142058214,0.0,1
AR-Ridge,decision,Agriculture:h12:f1:o282,12,1.6423171678307964,1.6423171678307964,0.0,1
AR-Ridge,decision,Agriculture:h12:f1:o283,1,1.700423870857297,1.700423870857297,0.0,1
AR-Ridge,decision,Agriculture:h12:f1:o283,2,1.6977338844997483,1.6977338844997483,0.0,1
AR-Ridge,decision,Agriculture:h12:f1:o283,3,1.681193556371267,1.681193556371267,0.0,1
AR-Ridge,decision,Agriculture:h12:f1:o283,4,1.659726971653927,1.659726971653927,0.0,1
AR-Ridge,decision,Agriculture:h12:f1:o283,5,1.6371386471989555,1.6371386471989555,0.0,1
AR-Ridge,decision,Agriculture:h12:f1:o283,6,1.6266724364571155,1.6266724364571155,0.0,1
AR-Ridge,decision,Agriculture:h12:f1:o283,7,1.631365222325914,1.631365222325914,0.0,1
AR-Ridge,decision,Agriculture:h12:f1:o283,8,1.6369419344593,1.6369419344593,0.0,1
AR-Ridge,decision,Agriculture:h12:f1:o283,9,1.6415683761491855,1.6415683761491855,0.0,1
AR-Ridge,decision,Agriculture:h12:f1:o283,10,1.6465276495488501,1.6465276495488501,0.0,1
AR-Ridge,decision,Agriculture:h12:f1:o283,11,1.6689011690795468,1.6689011690795468,0.0,1
AR-Ridge,decision,Agriculture:h12:f1:o283,12,1.6889193532771654,1.6889193532771654,0.0,1
AR-Ridge,decision,Agriculture:h12:f1:o284,1,1.6934248769431683,1.6934248769431683,0.0,1
AR-Ridge,decision,Agriculture:h12:f1:o284,2,1.677674012828759,1.677674012828759,0.0,1
AR-Ridge,decision,Agriculture:h12:f1:o284,3,1.6527977386043198,1.6527977386043198,0.0,1
AR-Ridge,decision,Agriculture:h12:f1:o284,4,1.6226846337227505,1.6226846337227505,0.0,1
AR-Ridge,decision,Agriculture:h12:f1:o284,5,1.6022821052971477,1.6022821052971477,0.0,1
AR-Ridge,decision,Agriculture:h12:f1:o284,6,1.6098030597910946,1.6098030597910946,0.0,1
AR-Ridge,decision,Agriculture:h12:f1:o284,7,1.6214578269835054,1.6214578269835054,0.0,1
AR-Ridge,decision,Agriculture:h12:f1:o284,8,1.63236050265719,1.63236050265719,0.0,1
AR-Ridge,decision,Agriculture:h12:f1:o284,9,1.6407072893330454,1.6407072893330454,0.0,1
AR-Ridge,decision,Agriculture:h12:f1:o284,10,1.6608700451085978,1.6608700451085978,0.0,1
AR-Ridge,decision,Agriculture:h12:f1:o284,11,1.6864081746709614,1.6864081746709614,0.0,1
AR-Ridge,decision,Agriculture:h12:f1:o284,12,1.703144549174658,1.703144549174658,0.0,1
AR-Ridge,decision,Agriculture:h12:f1:o285,1,1.6762549739660413,1.6762549739660413,0.0,1
AR-Ridge,decision,Agriculture:h12:f1:o285,2,1.6509765714360458,1.6509765714360458,0.0,1
AR-Ridge,decision,Agriculture:h12:f1:o285,3,1.6191357276888911,1.6191357276888911,0.0,1
AR-Ridge,decision,Agriculture:h12:f1:o285,4,1.6075468491807343,1.6075468491807343,0.0,1
AR-Ridge,decision,Agriculture:h12:f1:o285,5,1.620380934159372,1.620380934159372,0.0,1
AR-Ridge,decision,Agriculture:h12:f1:o285,6,1.6377901068756202,1.6377901068756202,0.0,1
AR-Ridge,decision,Agriculture:h12:f1:o285,7,1.6457806672412134,1.6457806672412134,0.0,1
AR-Ridge,decision,Agriculture:h12:f1:o285,8,1.6465418543244112,1.6465418543244112,0.0,1
AR-Ridge,decision,Agriculture:h12:f1:o285,9,1.6646987171906211,1.6646987171906211,0.0,1
AR-Ridge,decision,Agriculture:h12:f1:o285,10,1.6901698903325493,1.6901698903325493,0.0,1
AR-Ridge,decision,Agriculture:h12:f1:o285,11,1.7120706918863016,1.7120706918863016,0.0,1
AR-Ridge,decision,Agriculture:h12:f1:o285,12,1.7197750859845182,1.7197750859845182,0.0,1
AR-Ridge,decision,Agriculture:h12:f1:o286,1,1.7494902779969568,1.7494902779969568,0.0,1
AR-Ridge,decision,Agriculture:h12:f1:o286,2,1.7102188776527139,1.7102188776527139,0.0,1
AR-Ridge,decision,Agriculture:h12:f1:o286,3,1.6827109607679402,1.6827109607679402,0.0,1
AR-Ridge,decision,Agriculture:h12:f1:o286,4,1.6801082624468902,1.6801082624468902,0.0,1
AR-Ridge,decision,Agriculture:h12:f1:o286,5,1.6788010605766892,1.6788010605766892,0.0,1
AR-Ridge,decision,Agriculture:h12:f1:o286,6,1.6801913063509515,1.6801913063509515,0.0,1
AR-Ridge,decision,Agriculture:h12:f1:o286,7,1.6800594167407839,1.6800594167407839,0.0,1
AR-Ridge,decision,Agriculture:h12:f1:o286,8,1.698345354541042,1.698345354541042,0.0,1
AR-Ridge,decision,Agriculture:h12:f1:o286,9,1.7253309164135788,1.7253309164135788,0.0,1
AR-Ridge,decision,Agriculture:h12:f1:o286,10,1.7476364284940846,1.7476364284940846,0.0,1
AR-Ridge,decision,Agriculture:h12:f1:o286,11,1.763859027263094,1.763859027263094,0.0,1
AR-Ridge,decision,Agriculture:h12:f1:o286,12,1.748680646862968,1.748680646862968,0.0,1
AR-Ridge,decision,Agriculture:h12:f1:o287,1,1.73586651729357,1.73586651729357,0.0,1
AR-Ridge,decision,Agriculture:h12:f1:o287,2,1.705810015686808,1.705810015686808,0.0,1
AR-Ridge,decision,Agriculture:h12:f1:o287,3,1.698199894024046,1.698199894024046,0.0,1
AR-Ridge,decision,Agriculture:h12:f1:o287,4,1.6996553115581947,1.6996553115581947,0.0,1
AR-Ridge,decision,Agriculture:h12:f1:o287,5,1.700008838738108,1.700008838738108,0.0,1
AR-Ridge,decision,Agriculture:h12:f1:o287,6,1.702685098905261,1.702685098905261,0.0,1
AR-Ridge,decision,Agriculture:h12:f1:o287,7,1.7184918213801987,1.7184918213801987,0.0,1
AR-Ridge,decision,Agriculture:h12:f1:o287,8,1.7404385189663152,1.7404385189663152,0.0,1
AR-Ridge,decision,Agriculture:h12:f1:o287,9,1.761864876065402,1.761864876065402,0.0,1
AR-Ridge,decision,Agriculture:h12:f1:o287,10,1.7784430144553438,1.7784430144553438,0.0,1
AR-Ridge,decision,Agriculture:h12:f1:o287,11,1.769585748606231,1.769585748606231,0.0,1
AR-Ridge,decision,Agriculture:h12:f1:o287,12,1.721984924502734,1.721984924502734,0.0,1
AR-Ridge,decision,Agriculture:h12:f1:o288,1,1.7735259404947323,1.7735259404947323,0.0,1
AR-Ridge,decision,Agriculture:h12:f1:o288,2,1.7603506509054774,1.7603506509054774,0.0,1
AR-Ridge,decision,Agriculture:h12:f1:o288,3,1.751323441857515,1.751323441857515,0.0,1
AR-Ridge,decision,Agriculture:h12:f1:o288,4,1.7487540889055477,1.7487540889055477,0.0,1
AR-Ridge,decision,Agriculture:h12:f1:o288,5,1.7452392530213094,1.7452392530213094,0.0,1
AR-Ridge,decision,Agriculture:h12:f1:o288,6,1.7586789502162046,1.7586789502162046,0.0,1
AR-Ridge,decision,Agriculture:h12:f1:o288,7,1.7762124914009574,1.7762124914009574,0.0,1
AR-Ridge,decision,Agriculture:h12:f1:o288,8,1.7913323856644408,1.7913323856644408,0.0,1
AR-Ridge,decision,Agriculture:h12:f1:o288,9,1.806620381463985,1.806620381463985,0.0,1
AR-Ridge,decision,Agriculture:h12:f1:o288,10,1.7988217921824006,1.7988217921824006,0.0,1
AR-Ridge,decision,Agriculture:h12:f1:o288,11,1.7578132903152504,1.7578132903152504,0.0,1
AR-Ridge,decision,Agriculture:h12:f1:o288,12,1.7081152999946159,1.7081152999946159,0.0,1
AR-Ridge,decision,Agriculture:h12:f1:o289,1,1.8344699757150558,1.8344699757150558,0.0,1
AR-Ridge,decision,Agriculture:h12:f1:o289,2,1.8190704901891728,1.8190704901891728,0.0,1
AR-Ridge,decision,Agriculture:h12:f1:o289,3,1.8057855921774757,1.8057855921774757,0.0,1
AR-Ridge,decision,Agriculture:h12:f1:o289,4,1.8035845593155297,1.8035845593155297,0.0,1
AR-Ridge,decision,Agriculture:h12:f1:o289,5,1.8145977130769217,1.8145977130769217,0.0,1
AR-Ridge,decision,Agriculture:h12:f1:o289,6,1.8302278294756444,1.8302278294756444,0.0,1
AR-Ridge,decision,Agriculture:h12:f1:o289,7,1.8380496600369411,1.8380496600369411,0.0,1
AR-Ridge,decision,Agriculture:h12:f1:o289,8,1.8428113459366384,1.8428113459366384,0.0,1
AR-Ridge,decision,Agriculture:h12:f1:o289,9,1.8321353298807321,1.8321353298807321,0.0,1
AR-Ridge,decision,Agriculture:h12:f1:o289,10,1.7929305810892142,1.7929305810892142,0.0,1
AR-Ridge,decision,Agriculture:h12:f1:o289,11,1.7500634220412081,1.7500634220412081,0.0,1
AR-Ridge,decision,Agriculture:h12:f1:o289,12,1.7133037103429463,1.7133037103429463,0.0,1
AR-Ridge,decision,Agriculture:h12:f1:o290,1,1.8915081147179378,1.8915081147179378,0.0,1
AR-Ridge,decision,Agriculture:h12:f1:o290,2,1.8728762680940922,1.8728762680940922,0.0,1
AR-Ridge,decision,Agriculture:h12:f1:o290,3,1.856960662158144,1.856960662158144,0.0,1
AR-Ridge,decision,Agriculture:h12:f1:o290,4,1.8592856246866492,1.8592856246866492,0.0,1
AR-Ridge,decision,Agriculture:h12:f1:o290,5,1.8623940380993622,1.8623940380993622,0.0,1
AR-Ridge,decision,Agriculture:h12:f1:o290,6,1.867722971649599,1.867722971649599,0.0,1
AR-Ridge,decision,Agriculture:h12:f1:o290,7,1.8711201431880196,1.8711201431880196,0.0,1
AR-Ridge,decision,Agriculture:h12:f1:o290,8,1.856915874212658,1.856915874212658,0.0,1
AR-Ridge,decision,Agriculture:h12:f1:o290,9,1.81796272691744,1.81796272691744,0.0,1
AR-Ridge,decision,Agriculture:h12:f1:o290,10,1.7747915419610671,1.7747915419610671,0.0,1
AR-Ridge,decision,Agriculture:h12:f1:o290,11,1.7469668651347499,1.7469668651347499,0.0,1
AR-Ridge,decision,Agriculture:h12:f1:o290,12,1.7264961231520155,1.7264961231520155,0.0,1
AR-Ridge,decision,Agriculture:h12:f1:o291,1,1.9242880882291675,1.9242880882291675,0.0,1
AR-Ridge,decision,Agriculture:h12:f1:o291,2,1.9037944322755898,1.9037944322755898,0.0,1
AR-Ridge,decision,Agriculture:h12:f1:o291,3,1.8965165190597848,1.8965165190597848,0.0,1
AR-Ridge,decision,Agriculture:h12:f1:o291,4,1.9026060525500905,1.9026060525500905,0.0,1
AR-Ridge,decision,Agriculture:h12:f1:o291,5,1.9056654642928896,1.9056654642928896,0.0,1
AR-Ridge,decision,Agriculture:h12:f1:o291,6,1.9114953511700663,1.9114953511700663,0.0,1
AR-Ridge,decision,Agriculture:h12:f1:o291,7,1.8925064810261636,1.8925064810261636,0.0,1
AR-Ridge,decision,Agriculture:h12:f1:o291,8,1.8442624147301907,1.8442624147301907,0.0,1
AR-Ridge,decision,Agriculture:h12:f1:o291,9,1.7991250418362261,1.7991250418362261,0.0,1
AR-Ridge,decision,Agriculture:h12:f1:o291,10,1.7719022380137068,1.7719022380137068,0.0,1
AR-Ridge,decision,Agriculture:h12:f1:o291,11,1.7607143555272666,1.7607143555272666,0.0,1
AR-Ridge,decision,Agriculture:h12:f1:o291,12,1.752199706585201,1.752199706585201,0.0,1
AR-Ridge,decision,Agriculture:h12:f1:o292,1,1.945837440446703,1.945837440446703,0.0,1
AR-Ridge,decision,Agriculture:h12:f1:o292,2,1.9347416836217193,1.9347416836217193,0.0,1
AR-Ridge,decision,Agriculture:h12:f1:o292,3,1.9333470617945716,1.9333470617945716,0.0,1
AR-Ridge,decision,Agriculture:h12:f1:o292,4,1.9327866065215373,1.9327866065215373,0.0,1
AR-Ridge,decision,Agriculture:h12:f1:o292,5,1.930551697062619,1.930551697062619,0.0,1
AR-Ridge,decision,Agriculture:h12:f1:o292,6,1.9128380734196178,1.9128380734196178,0.0,1
AR-Ridge,decision,Agriculture:h12:f1:o292,7,1.864159188232409,1.864159188232409,0.0,1
AR-Ridge,decision,Agriculture:h12:f1:o292,8,1.8182192604057805,1.8182192604057805,0.0,1
AR-Ridge,decision,Agriculture:h12:f1:o292,9,1.791993524172074,1.791993524172074,0.0,1
AR-Ridge,decision,Agriculture:h12:f1:o292,10,1.7810428296160485,1.7810428296160485,0.0,1
AR-Ridge,decision,Agriculture:h12:f1:o292,11,1.780601034049931,1.780601034049931,0.0,1
AR-Ridge,decision,Agriculture:h12:f1:o292,12,1.7652164620080077,1.7652164620080077,0.0,1
AR-Ridge,decision,Agriculture:h12:f1:o293,1,2.149702108552908,2.149702108552908,0.0,1
AR-Ridge,decision,Agriculture:h12:f1:o293,2,2.1309115183958065,2.1309115183958065,0.0,1
AR-Ridge,decision,Agriculture:h12:f1:o293,3,2.0997351619700204,2.0997351619700204,0.0,1
AR-Ridge,decision,Agriculture:h12:f1:o293,4,2.081883562535831,2.081883562535831,0.0,1
AR-Ridge,decision,Agriculture:h12:f1:o293,5,2.041585332799031,2.041585332799031,0.0,1
AR-Ridge,decision,Agriculture:h12:f1:o293,6,1.9800932659384705,1.9800932659384705,0.0,1
AR-Ridge,decision,Agriculture:h12:f1:o293,7,1.9218616035913587,1.9218616035913587,0.0,1
AR-Ridge,decision,Agriculture:h12:f1:o293,8,1.881817155940786,1.881817155940786,0.0,1
AR-Ridge,decision,Agriculture:h12:f1:o293,9,1.86815750733042,1.86815750733042,0.0,1
AR-Ridge,decision,Agriculture:h12:f1:o293,10,1.8716012902648584,1.8716012902648584,0.0,1
AR-Ridge,decision,Agriculture:h12:f1:o293,11,1.8716172298387936,1.8716172298387936,0.0,1
AR-Ridge,decision,Agriculture:h12:f1:o293,12,1.8460806732344488,1.8460806732344488,0.0,1
AR-Ridge,decision,Agriculture:h12:f1:o294,1,2.230010992702922,2.230010992702922,0.0,1
AR-Ridge,decision,Agriculture:h12:f1:o294,2,2.18963959639694,2.18963959639694,0.0,1
AR-Ridge,decision,Agriculture:h12:f1:o294,3,2.158778383818997,2.158778383818997,0.0,1
AR-Ridge,decision,Agriculture:h12:f1:o294,4,2.1220212075401808,2.1220212075401808,0.0,1
AR-Ridge,decision,Agriculture:h12:f1:o294,5,2.057839060301791,2.057839060301791,0.0,1
AR-Ridge,decision,Agriculture:h12:f1:o294,6,1.9985363134885956,1.9985363134885956,0.0,1
AR-Ridge,decision,Agriculture:h12:f1:o294,7,1.9483501741483291,1.9483501741483291,0.0,1
AR-Ridge,decision,Agriculture:h12:f1:o294,8,1.921475204815026,1.921475204815026,0.0,1
AR-Ridge,decision,Agriculture:h12:f1:o294,9,1.921472067361722,1.921472067361722,0.0,1
AR-Ridge,decision,Agriculture:h12:f1:o294,10,1.924647849079196,1.924647849079196,0.0,1
AR-Ridge,decision,Agriculture:h12:f1:o294,11,1.9093466735125042,1.9093466735125042,0.0,1
AR-Ridge,decision,Agriculture:h12:f1:o294,12,1.8579006790465147,1.8579006790465147,0.0,1
AR-Ridge,decision,Agriculture:h12:f1:o295,1,2.316920470013005,2.316920470013005,0.0,1
AR-Ridge,decision,Agriculture:h12:f1:o295,2,2.2748642989598937,2.2748642989598937,0.0,1
AR-Ridge,decision,Agriculture:h12:f1:o295,3,2.22109714616714,2.22109714616714,0.0,1
AR-Ridge,decision,Agriculture:h12:f1:o295,4,2.1592640152689473,2.1592640152689473,0.0,1
AR-Ridge,decision,Agriculture:h12:f1:o295,5,2.0962877135424605,2.0962877135424605,0.0,1
AR-Ridge,decision,Agriculture:h12:f1:o295,6,2.0421496064435742,2.0421496064435742,0.0,1
AR-Ridge,decision,Agriculture:h12:f1:o295,7,2.0024504334305964,2.0024504334305964,0.0,1
AR-Ridge,decision,Agriculture:h12:f1:o295,8,1.9854591394957144,1.9854591394957144,0.0,1
AR-Ridge,decision,Agriculture:h12:f1:o295,9,1.983855700825965,1.983855700825965,0.0,1
AR-Ridge,decision,Agriculture:h12:f1:o295,10,1.9722322800947476,1.9722322800947476,0.0,1
AR-Ridge,decision,Agriculture:h12:f1:o295,11,1.9313701169134694,1.9313701169134694,0.0,1
AR-Ridge,decision,Agriculture:h12:f1:o295,12,1.8599131373170095,1.8599131373170095,0.0,1
AR-Ridge,decision,Agriculture:h12:f1:o296,1,2.3921550572300405,2.3921550572300405,0.0,1
AR-Ridge,decision,Agriculture:h12:f1:o296,2,2.328583009504195,2.328583009504195,0.0,1
AR-Ridge,decision,Agriculture:h12:f1:o296,3,2.249051524783116,2.249051524783116,0.0,1
AR-Ridge,decision,Agriculture:h12:f1:o296,4,2.1820491803920286,2.1820491803920286,0.0,1
AR-Ridge,decision,Agriculture:h12:f1:o296,5,2.118078402746648,2.118078402746648,0.0,1
AR-Ridge,decision,Agriculture:h12:f1:o296,6,2.0745179983312876,2.0745179983312876,0.0,1
AR-Ridge,decision,Agriculture:h12:f1:o296,7,2.0493668827311993,2.0493668827311993,0.0,1
AR-Ridge,decision,Agriculture:h12:f1:o296,8,2.0364355239651317,2.0364355239651317,0.0,1
AR-Ridge,decision,Agriculture:h12:f1:o296,9,2.02239027965634,2.02239027965634,0.0,1
AR-Ridge,decision,Agriculture:h12:f1:o296,10,1.983636890149759,1.983636890149759,0.0,1
AR-Ridge,decision,Agriculture:h12:f1:o296,11,1.9235492760278627,1.9235492760278627,0.0,1
AR-Ridge,decision,Agriculture:h12:f1:o296,12,1.8579359718601618,1.8579359718601618,0.0,1
AR-Ridge,decision,Agriculture:h12:f1:o297,1,2.434203720808948,2.434203720808948,0.0,1
AR-Ridge,decision,Agriculture:h12:f1:o297,2,2.3460730155849245,2.3460730155849245,0.0,1
AR-Ridge,decision,Agriculture:h12:f1:o297,3,2.261975057952303,2.261975057952303,0.0,1
AR-Ridge,decision,Agriculture:h12:f1:o297,4,2.1925264328408365,2.1925264328408365,0.0,1
AR-Ridge,decision,Agriculture:h12:f1:o297,5,2.137936134538586,2.137936134538586,0.0,1
AR-Ridge,decision,Agriculture:h12:f1:o297,6,2.109621157170625,2.109621157170625,0.0,1
AR-Ridge,decision,Agriculture:h12:f1:o297,7,2.090577317554301,2.090577317554301,0.0,1
AR-Ridge,decision,Agriculture:h12:f1:o297,8,2.0672409255506046,2.0672409255506046,0.0,1
AR-Ridge,decision,Agriculture:h12:f1:o297,9,2.026870666670576,2.026870666670576,0.0,1
AR-Ridge,decision,Agriculture:h12:f1:o297,10,1.968075324438905,1.968075324438905,0.0,1
AR-Ridge,decision,Agriculture:h12:f1:o297,11,1.9137615570879487,1.9137615570879487,0.0,1
AR-Ridge,decision,Agriculture:h12:f1:o297,12,1.8627320984193398,1.8627320984193398,0.0,1
AR-Ridge,decision,Agriculture:h12:f1:o298,1,2.446798361387123,2.446798361387123,0.0,1
AR-Ridge,decision,Agriculture:h12:f1:o298,2,2.354406956957321,2.354406956957321,0.0,1
AR-Ridge,decision,Agriculture:h12:f1:o298,3,2.267459875826241,2.267459875826241,0.0,1
AR-Ridge,decision,Agriculture:h12:f1:o298,4,2.2147331094301252,2.2147331094301252,0.0,1
AR-Ridge,decision,Agriculture:h12:f1:o298,5,2.181726551122802,2.181726551122802,0.0,1
AR-Ridge,decision,Agriculture:h12:f1:o298,6,2.1623112177651302,2.1623112177651302,0.0,1
AR-Ridge,decision,Agriculture:h12:f1:o298,7,2.1298479451018055,2.1298479451018055,0.0,1
AR-Ridge,decision,Agriculture:h12:f1:o298,8,2.073206841244814,2.073206841244814,0.0,1
AR-Ridge,decision,Agriculture:h12:f1:o298,9,2.010408781643859,2.010408781643859,0.0,1
AR-Ridge,decision,Agriculture:h12:f1:o298,10,1.957372049996723,1.957372049996723,0.0,1
AR-Ridge,decision,Agriculture:h12:f1:o298,11,1.9189235930837059,1.9189235930837059,0.0,1
AR-Ridge,decision,Agriculture:h12:f1:o298,12,1.8719297582092003,1.8719297582092003,0.0,1
AR-Ridge,decision,Agriculture:h12:f1:o299,1,2.3077135726321463,2.3077135726321463,0.0,1
AR-Ridge,decision,Agriculture:h12:f1:o299,2,2.224054699382736,2.224054699382736,0.0,1
AR-Ridge,decision,Agriculture:h12:f1:o299,3,2.174573354525715,2.174573354525715,0.0,1
AR-Ridge,decision,Agriculture:h12:f1:o299,4,2.1458707806598896,2.1458707806598896,0.0,1
AR-Ridge,decision,Agriculture:h12:f1:o299,5,2.1270868212057774,2.1270868212057774,0.0,1
AR-Ridge,decision,Agriculture:h12:f1:o299,6,2.1041695520863777,2.1041695520863777,0.0,1
AR-Ridge,decision,Agriculture:h12:f1:o299,7,2.0524828082547533,2.0524828082547533,0.0,1
AR-Ridge,decision,Agriculture:h12:f1:o299,8,1.9929628552035699,1.9929628552035699,0.0,1
AR-Ridge,decision,Agriculture:h12:f1:o299,9,1.942071082304655,1.942071082304655,0.0,1
AR-Ridge,decision,Agriculture:h12:f1:o299,10,1.9016492707876016,1.9016492707876016,0.0,1
AR-Ridge,decision,Agriculture:h12:f1:o299,11,1.86005933127932,1.86005933127932,0.0,1
AR-Ridge,decision,Agriculture:h12:f1:o299,12,1.810808085509914,1.810808085509914,0.0,1
AR-Ridge,decision,Agriculture:h12:f1:o300,1,2.29557048934545,2.29557048934545,0.0,1
AR-Ridge,decision,Agriculture:h12:f1:o300,2,2.240713542461889,2.240713542461889,0.0,1
AR-Ridge,decision,Agriculture:h12:f1:o300,3,2.198534490609462,2.198534490609462,0.0,1
AR-Ridge,decision,Agriculture:h12:f1:o300,4,2.1685275556787653,2.1685275556787653,0.0,1
AR-Ridge,decision,Agriculture:h12:f1:o300,5,2.1301941461247984,2.1301941461247984,0.0,1
AR-Ridge,decision,Agriculture:h12:f1:o300,6,2.0761519435911664,2.0761519435911664,0.0,1
AR-Ridge,decision,Agriculture:h12:f1:o300,7,2.016985641364057,2.016985641364057,0.0,1
AR-Ridge,decision,Agriculture:h12:f1:o300,8,1.9658022912743878,1.9658022912743878,0.0,1
AR-Ridge,decision,Agriculture:h12:f1:o300,9,1.9269322918155765,1.9269322918155765,0.0,1
AR-Ridge,decision,Agriculture:h12:f1:o300,10,1.8849064664656914,1.8849064664656914,0.0,1
AR-Ridge,decision,Agriculture:h12:f1:o300,11,1.845216845559427,1.845216845559427,0.0,1
AR-Ridge,decision,Agriculture:h12:f1:o300,12,1.8096770130982593,1.8096770130982593,0.0,1
AR-Ridge,decision,Agriculture:h12:f1:o301,1,2.2285875044564336,2.2285875044564336,0.0,1
AR-Ridge,decision,Agriculture:h12:f1:o301,2,2.186440939586828,2.186440939586828,0.0,1
AR-Ridge,decision,Agriculture:h12:f1:o301,3,2.156309492993345,2.156309492993345,0.0,1
AR-Ridge,decision,Agriculture:h12:f1:o301,4,2.128449625673008,2.128449625673008,0.0,1
AR-Ridge,decision,Agriculture:h12:f1:o301,5,2.080181167078382,2.080181167078382,0.0,1
AR-Ridge,decision,Agriculture:h12:f1:o301,6,2.029329838793763,2.029329838793763,0.0,1
AR-Ridge,decision,Agriculture:h12:f1:o301,7,1.9761619513971138,1.9761619513971138,0.0,1
AR-Ridge,decision,Agriculture:h12:f1:o301,8,1.9310875574081405,1.9310875574081405,0.0,1
AR-Ridge,decision,Agriculture:h12:f1:o301,9,1.8877489859954526,1.8877489859954526,0.0,1
AR-Ridge,decision,Agriculture:h12:f1:o301,10,1.847971348053104,1.847971348053104,0.0,1
AR-Ridge,decision,Agriculture:h12:f1:o301,11,1.8189503834391973,1.8189503834391973,0.0,1
AR-Ridge,decision,Agriculture:h12:f1:o301,12,1.7948240188476865,1.7948240188476865,0.0,1
AR-Ridge,decision,Agriculture:h12:f1:o302,1,2.2431881607206945,2.2431881607206945,0.0,1
AR-Ridge,decision,Agriculture:h12:f1:o302,2,2.207557853052359,2.207557853052359,0.0,1
AR-Ridge,decision,Agriculture:h12:f1:o302,3,2.171399877137375,2.171399877137375,0.0,1
AR-Ridge,decision,Agriculture:h12:f1:o302,4,2.1322247663660274,2.1322247663660274,0.0,1
AR-Ridge,decision,Agriculture:h12:f1:o302,5,2.0854377534258273,2.0854377534258273,0.0,1
AR-Ridge,decision,Agriculture:h12:f1:o302,6,2.0344780877848563,2.0344780877848563,0.0,1
AR-Ridge,decision,Agriculture:h12:f1:o302,7,1.9804090595174666,1.9804090595174666,0.0,1
AR-Ridge,decision,Agriculture:h12:f1:o302,8,1.9227037382775163,1.9227037382775163,0.0,1
AR-Ridge,decision,Agriculture:h12:f1:o302,9,1.878721520351009,1.878721520351009,0.0,1
AR-Ridge,decision,Agriculture:h12:f1:o302,10,1.8517112762175933,1.8517112762175933,0.0,1
AR-Ridge,decision,Agriculture:h12:f1:o302,11,1.8353985111389546,1.8353985111389546,0.0,1
AR-Ridge,decision,Agriculture:h12:f1:o302,12,1.8354619489810016,1.8354619489810016,0.0,1
AR-Ridge,decision,Agriculture:h12:f1:o303,1,2.2247926685494246,2.2247926685494246,0.0,1
AR-Ridge,decision,Agriculture:h12:f1:o303,2,2.1865727198361204,2.1865727198361204,0.0,1
AR-Ridge,decision,Agriculture:h12:f1:o303,3,2.142690182470107,2.142690182470107,0.0,1
AR-Ridge,decision,Agriculture:h12:f1:o303,4,2.105212675973046,2.105212675973046,0.0,1
AR-Ridge,decision,Agriculture:h12:f1:o303,5,2.0586342571966836,2.0586342571966836,0.0,1
AR-Ridge,decision,Agriculture:h12:f1:o303,6,2.01047985888686,2.01047985888686,0.0,1
AR-Ridge,decision,Agriculture:h12:f1:o303,7,1.9481943700231725,1.9481943700231725,0.0,1
AR-Ridge,decision,Agriculture:h12:f1:o303,8,1.8939626072143159,1.8939626072143159,0.0,1
AR-Ridge,decision,Agriculture:h12:f1:o303,9,1.864347855275592,1.864347855275592,0.0,1
AR-Ridge,decision,Agriculture:h12:f1:o303,10,1.8483372696764842,1.8483372696764842,0.0,1
AR-Ridge,decision,Agriculture:h12:f1:o303,11,1.856084513316764,1.856084513316764,0.0,1
AR-Ridge,decision,Agriculture:h12:f1:o303,12,1.8746075169144563,1.8746075169144563,0.0,1
AR-Ridge,decision,Agriculture:h12:f1:o304,1,2.2374129306985333,2.2374129306985333,0.0,1
AR-Ridge,decision,Agriculture:h12:f1:o304,2,2.1893132699324394,2.1893132699324394,0.0,1
AR-Ridge,decision,Agriculture:h12:f1:o304,3,2.1423401243558438,2.1423401243558438,0.0,1
AR-Ridge,decision,Agriculture:h12:f1:o304,4,2.0907363825547853,2.0907363825547853,0.0,1
AR-Ridge,decision,Agriculture:h12:f1:o304,5,2.0332528926495645,2.0332528926495645,0.0,1
AR-Ridge,decision,Agriculture:h12:f1:o304,6,1.971236321945701,1.971236321945701,0.0,1
AR-Ridge,decision,Agriculture:h12:f1:o304,7,1.9162892281699146,1.9162892281699146,0.0,1
AR-Ridge,decision,Agriculture:h12:f1:o304,8,1.8848190658559962,1.8848190658559962,0.0,1
AR-Ridge,decision,Agriculture:h12:f1:o304,9,1.8695218073511346,1.8695218073511346,0.0,1
AR-Ridge,decision,Agriculture:h12:f1:o304,10,1.8772667679044384,1.8772667679044384,0.0,1
AR-Ridge,decision,Agriculture:h12:f1:o304,11,1.9042440009320818,1.9042440009320818,0.0,1
AR-Ridge,decision,Agriculture:h12:f1:o304,12,1.9319967433835699,1.9319967433835699,0.0,1
AR-Ridge,decision,Agriculture:h12:f1:o305,1,2.2147019224462405,2.2147019224462405,0.0,1
AR-Ridge,decision,Agriculture:h12:f1:o305,2,2.1655385271833367,2.1655385271833367,0.0,1
AR-Ridge,decision,Agriculture:h12:f1:o305,3,2.106283638775983,2.106283638775983,0.0,1
AR-Ridge,decision,Agriculture:h12:f1:o305,4,2.0513726392784837,2.0513726392784837,0.0,1
AR-Ridge,decision,Agriculture:h12:f1:o305,5,1.9867948553999801,1.9867948553999801,0.0,1
AR-Ridge,decision,Agriculture:h12:f1:o305,6,1.9366537770356893,1.9366537770356893,0.0,1
AR-Ridge,decision,Agriculture:h12:f1:o305,7,1.9035982135877012,1.9035982135877012,0.0,1
AR-Ridge,decision,Agriculture:h12:f1:o305,8,1.881771179878397,1.881771179878397,0.0,1
AR-Ridge,decision,Agriculture:h12:f1:o305,9,1.888666533264903,1.888666533264903,0.0,1
AR-Ridge,decision,Agriculture:h12:f1:o305,10,1.9149032357617275,1.9149032357617275,0.0,1
AR-Ridge,decision,Agriculture:h12:f1:o305,11,1.9519869904503266,1.9519869904503266,0.0,1
AR-Ridge,decision,Agriculture:h12:f1:o305,12,1.9815022459844391,1.9815022459844391,0.0,1
AR-Ridge,decision,Agriculture:h12:f1:o306,1,2.253982769773475,2.253982769773475,0.0,1
AR-Ridge,decision,Agriculture:h12:f1:o306,2,2.186990678406368,2.186990678406368,0.0,1
AR-Ridge,decision,Agriculture:h12:f1:o306,3,2.118448497386856,2.118448497386856,0.0,1
AR-Ridge,decision,Agriculture:h12:f1:o306,4,2.056705378497142,2.056705378497142,0.0,1
AR-Ridge,decision,Agriculture:h12:f1:o306,5,2.0036436764635335,2.0036436764635335,0.0,1
AR-Ridge,decision,Agriculture:h12:f1:o306,6,1.9701437751720965,1.9701437751720965,0.0,1
AR-Ridge,decision,Agriculture:h12:f1:o306,7,1.939592582915152,1.939592582915152,0.0,1
AR-Ridge,decision,Agriculture:h12:f1:o306,8,1.932930814898743,1.932930814898743,0.0,1
AR-Ridge,decision,Agriculture:h12:f1:o306,9,1.9557100424617855,1.9557100424617855,0.0,1
AR-Ridge,decision,Agriculture:h12:f1:o306,10,1.9947384535170363,1.9947384535170363,0.0,1
AR-Ridge,decision,Agriculture:h12:f1:o306,11,2.034511654132485,2.034511654132485,0.0,1
AR-Ridge,decision,Agriculture:h12:f1:o306,12,2.0529282800886244,2.0529282800886244,0.0,1
AR-Ridge,decision,Agriculture:h12:f1:o307,1,2.224702360153052,2.224702360153052,0.0,1
AR-Ridge,decision,Agriculture:h12:f1:o307,2,2.153132278741856,2.153132278741856,0.0,1
AR-Ridge,decision,Agriculture:h12:f1:o307,3,2.082565753474487,2.082565753474487,0.0,1
AR-Ridge,decision,Agriculture:h12:f1:o307,4,2.0295117306188133,2.0295117306188133,0.0,1
AR-Ridge,decision,Agriculture:h12:f1:o307,5,1.9916070969070103,1.9916070969070103,0.0,1
AR-Ridge,decision,Agriculture:h12:f1:o307,6,1.963488698393236,1.963488698393236,0.0,1
AR-Ridge,decision,Agriculture:h12:f1:o307,7,1.9548743579999694,1.9548743579999694,0.0,1
AR-Ridge,decision,Agriculture:h12:f1:o307,8,1.9716131322245811,1.9716131322245811,0.0,1
AR-Ridge,decision,Agriculture:h12:f1:o307,9,2.0098378564420503,2.0098378564420503,0.0,1
AR-Ridge,decision,Agriculture:h12:f1:o307,10,2.0491699080407124,2.0491699080407124,0.0,1
AR-Ridge,decision,Agriculture:h12:f1:o307,11,2.076072977912404,2.076072977912404,0.0,1
AR-Ridge,decision,Agriculture:h12:f1:o307,12,2.0817412267185658,2.0817412267185658,0.0,1
AR-Ridge,decision,Agriculture:h12:f1:o308,1,2.2373684664155173,2.2373684664155173,0.0,1
AR-Ridge,decision,Agriculture:h12:f1:o308,2,2.1598142880886817,2.1598142880886817,0.0,1
AR-Ridge,decision,Agriculture:h12:f1:o308,3,2.092551695216939,2.092551695216939,0.0,1
AR-Ridge,decision,Agriculture:h12:f1:o308,4,2.055946363642704,2.055946363642704,0.0,1
AR-Ridge,decision,Agriculture:h12:f1:o308,5,2.023853597382777,2.023853597382777,0.0,1
AR-Ridge,decision,Agriculture:h12:f1:o308,6,2.0145794350662993,2.0145794350662993,0.0,1
AR-Ridge,decision,Agriculture:h12:f1:o308,7,2.023712803250153,2.023712803250153,0.0,1
AR-Ridge,decision,Agriculture:h12:f1:o308,8,2.0488747092554904,2.0488747092554904,0.0,1
AR-Ridge,decision,Agriculture:h12:f1:o308,9,2.0849738816653516,2.0849738816653516,0.0,1
AR-Ridge,decision,Agriculture:h12:f1:o308,10,2.113098061533947,2.113098061533947,0.0,1
AR-Ridge,decision,Agriculture:h12:f1:o308,11,2.1288340258196388,2.1288340258196388,0.0,1
AR-Ridge,decision,Agriculture:h12:f1:o308,12,2.1133509888030972,2.1133509888030972,0.0,1
AR-Ridge,decision,Agriculture:h12:f1:o309,1,2.3188382413942032,2.3188382413942032,0.0,1
AR-Ridge,decision,Agriculture:h12:f1:o309,2,2.2384609827129913,2.2384609827129913,0.0,1
AR-Ridge,decision,Agriculture:h12:f1:o309,3,2.178673858902136,2.178673858902136,0.0,1
AR-Ridge,decision,Agriculture:h12:f1:o309,4,2.1457861055623684,2.1457861055623684,0.0,1
AR-Ridge,decision,Agriculture:h12:f1:o309,5,2.1295046716187165,2.1295046716187165,0.0,1
AR-Ridge,decision,Agriculture:h12:f1:o309,6,2.1319628897140963,2.1319628897140963,0.0,1
AR-Ridge,decision,Agriculture:h12:f1:o309,7,2.1425496853496067,2.1425496853496067,0.0,1
AR-Ridge,decision,Agriculture:h12:f1:o309,8,2.1577926030286925,2.1577926030286925,0.0,1
AR-Ridge,decision,Agriculture:h12:f1:o309,9,2.1800824601554396,2.1800824601554396,0.0,1
AR-Ridge,decision,Agriculture:h12:f1:o309,10,2.199264750868703,2.199264750868703,0.0,1
AR-Ridge,decision,Agriculture:h12:f1:o309,11,2.1961679570865797,2.1961679570865797,0.0,1
AR-Ridge,decision,Agriculture:h12:f1:o309,12,2.1632089165730126,2.1632089165730126,0.0,1
AR-Ridge,decision,Agriculture:h12:f1:o310,1,2.3080402925889065,2.3080402925889065,0.0,1
AR-Ridge,decision,Agriculture:h12:f1:o310,2,2.2426182750575747,2.2426182750575747,0.0,1
AR-Ridge,decision,Agriculture:h12:f1:o310,3,2.1969727966243964,2.1969727966243964,0.0,1
AR-Ridge,decision,Agriculture:h12:f1:o310,4,2.1805981428032446,2.1805981428032446,0.0,1
AR-Ridge,decision,Agriculture:h12:f1:o310,5,2.1780865123757684,2.1780865123757684,0.0,1
AR-Ridge,decision,Agriculture:h12:f1:o310,6,2.18874496458914,2.18874496458914,0.0,1
AR-Ridge,decision,Agriculture:h12:f1:o310,7,2.1986565155688136,2.1986565155688136,0.0,1
AR-Ridge,decision,Agriculture:h12:f1:o310,8,2.2107084848118514,2.2107084848118514,0.0,1
AR-Ridge,decision,Agriculture:h12:f1:o310,9,2.2276670303843944,2.2276670303843944,0.0,1
AR-Ridge,decision,Agriculture:h12:f1:o310,10,2.225088100855984,2.225088100855984,0.0,1
AR-Ridge,decision,Agriculture:h12:f1:o310,11,2.20168628214869,2.20168628214869,0.0,1
AR-Ridge,decision,Agriculture:h12:f1:o310,12,2.1557745859119923,2.1557745859119923,0.0,1
AR-Ridge,decision,Agriculture:h12:f1:o311,1,2.3855429147218303,2.3855429147218303,0.0,1
AR-Ridge,decision,Agriculture:h12:f1:o311,2,2.3279556123274365,2.3279556123274365,0.0,1
AR-Ridge,decision,Agriculture:h12:f1:o311,3,2.290703100049457,2.290703100049457,0.0,1
AR-Ridge,decision,Agriculture:h12:f1:o311,4,2.288269187344919,2.288269187344919,0.0,1
AR-Ridge,decision,Agriculture:h12:f1:o311,5,2.2928158018632674,2.2928158018632674,0.0,1
AR-Ridge,decision,Agriculture:h12:f1:o311,6,2.2975548293081807,2.2975548293081807,0.0,1
AR-Ridge,decision,Agriculture:h12:f1:o311,7,2.296381367457458,2.296381367457458,0.0,1
AR-Ridge,decision,Agriculture:h12:f1:o311,8,2.2943242242632396,2.2943242242632396,0.0,1
AR-Ridge,decision,Agriculture:h12:f1:o311,9,2.286520554475934,2.286520554475934,0.0,1
AR-Ridge,decision,Agriculture:h12:f1:o311,10,2.266283294402639,2.266283294402639,0.0,1
AR-Ridge,decision,Agriculture:h12:f1:o311,11,2.232334922380405,2.232334922380405,0.0,1
AR-Ridge,decision,Agriculture:h12:f1:o311,12,2.1975470759242315,2.1975470759242315,0.0,1
AR-Ridge,decision,Agriculture:h12:f1:o312,1,2.3045594581706914,2.3045594581706914,0.0,1
AR-Ridge,decision,Agriculture:h12:f1:o312,2,2.267999599741018,2.267999599741018,0.0,1
AR-Ridge,decision,Agriculture:h12:f1:o312,3,2.2665092427293065,2.2665092427293065,0.0,1
AR-Ridge,decision,Agriculture:h12:f1:o312,4,2.2877401145927196,2.2877401145927196,0.0,1
AR-Ridge,decision,Agriculture:h12:f1:o312,5,2.3035397015594135,2.3035397015594135,0.0,1
AR-Ridge,decision,Agriculture:h12:f1:o312,6,2.313692791566536,2.313692791566536,0.0,1
AR-Ridge,decision,Agriculture:h12:f1:o312,7,2.3079526938083257,2.3079526938083257,0.0,1
AR-Ridge,decision,Agriculture:h12:f1:o312,8,2.2897758283295357,2.2897758283295357,0.0,1
AR-Ridge,decision,Agriculture:h12:f1:o312,9,2.266799163620317,2.266799163620317,0.0,1
AR-Ridge,decision,Agriculture:h12:f1:o312,10,2.2327685843927516,2.2327685843927516,0.0,1
AR-Ridge,decision,Agriculture:h12:f1:o312,11,2.2053868869948396,2.2053868869948396,0.0,1
AR-Ridge,decision,Agriculture:h12:f1:o312,12,2.1703726673576087,2.1703726673576087,0.0,1
AR-Ridge,decision,Agriculture:h12:f1:o313,1,2.189131409623976,2.189131409623976,0.0,1
AR-Ridge,decision,Agriculture:h12:f1:o313,2,2.1924508516785215,2.1924508516785215,0.0,1
AR-Ridge,decision,Agriculture:h12:f1:o313,3,2.2228314435798118,2.2228314435798118,0.0,1
AR-Ridge,decision,Agriculture:h12:f1:o313,4,2.259598786489454,2.259598786489454,0.0,1
AR-Ridge,decision,Agriculture:h12:f1:o313,5,2.285776417510956,2.285776417510956,0.0,1
AR-Ridge,decision,Agriculture:h12:f1:o313,6,2.295965615153879,2.295965615153879,0.0,1
AR-Ridge,decision,Agriculture:h12:f1:o313,7,2.2777164207087535,2.2777164207087535,0.0,1
AR-Ridge,decision,Agriculture:h12:f1:o313,8,2.2491101464824887,2.2491101464824887,0.0,1
AR-Ridge,decision,Agriculture:h12:f1:o313,9,2.213671719256446,2.213671719256446,0.0,1
AR-Ridge,decision,Agriculture:h12:f1:o313,10,2.185409435999818,2.185409435999818,0.0,1
AR-Ridge,decision,Agriculture:h12:f1:o313,11,2.155285462906267,2.155285462906267,0.0,1
AR-Ridge,decision,Agriculture:h12:f1:o313,12,2.1371960899809057,2.1371960899809057,0.0,1
AR-Ridge,decision,Agriculture:h12:f1:o314,1,1.7735531417410972,1.7735531417410972,0.0,1
AR-Ridge,decision,Agriculture:h12:f1:o314,2,1.8346267898086204,1.8346267898086204,0.0,1
AR-Ridge,decision,Agriculture:h12:f1:o314,3,1.9273827265695955,1.9273827265695955,0.0,1
AR-Ridge,decision,Agriculture:h12:f1:o314,4,2.0061858667699264,2.0061858667699264,0.0,1
AR-Ridge,decision,Agriculture:h12:f1:o314,5,2.067514988794237,2.067514988794237,0.0,1
AR-Ridge,decision,Agriculture:h12:f1:o314,6,2.095550247588928,2.095550247588928,0.0,1
AR-Ridge,decision,Agriculture:h12:f1:o314,7,2.08641402542395,2.08641402542395,0.0,1
AR-Ridge,decision,Agriculture:h12:f1:o314,8,2.0656453022508794,2.0656453022508794,0.0,1
AR-Ridge,decision,Agriculture:h12:f1:o314,9,2.0413358031665636,2.0413358031665636,0.0,1
AR-Ridge,decision,Agriculture:h12:f1:o314,10,2.0043693408401055,2.0043693408401055,0.0,1
AR-Ridge,decision,Agriculture:h12:f1:o314,11,1.977809817986749,1.977809817986749,0.0,1
AR-Ridge,decision,Agriculture:h12:f1:o314,12,2.001419540347306,2.001419540347306,0.0,1
AR-Ridge,decision,Agriculture:h12:f1:o315,1,1.8534978963731745,1.8534978963731745,0.0,1
AR-Ridge,decision,Agriculture:h12:f1:o315,2,1.9434743187630692,1.9434743187630692,0.0,1
AR-Ridge,decision,Agriculture:h12:f1:o315,3,2.020696421119502,2.020696421119502,0.0,1
AR-Ridge,decision,Agriculture:h12:f1:o315,4,2.088602016262355,2.088602016262355,0.0,1
AR-Ridge,decision,Agriculture:h12:f1:o315,5,2.1191841036807357,2.1191841036807357,0.0,1
AR-Ridge,decision,Agriculture:h12:f1:o315,6,2.1138434794284917,2.1138434794284917,0.0,1
AR-Ridge,decision,Agriculture:h12:f1:o315,7,2.0893008822930303,2.0893008822930303,0.0,1
AR-Ridge,decision,Agriculture:h12:f1:o315,8,2.0601984302266794,2.0601984302266794,0.0,1
AR-Ridge,decision,Agriculture:h12:f1:o315,9,2.0221338889927574,2.0221338889927574,0.0,1
AR-Ridge,decision,Agriculture:h12:f1:o315,10,1.9971112817003984,1.9971112817003984,0.0,1
AR-Ridge,decision,Agriculture:h12:f1:o315,11,2.025970688353094,2.025970688353094,0.0,1
AR-Ridge,decision,Agriculture:h12:f1:o315,12,2.079407118970702,2.079407118970702,0.0,1
AR-Ridge,decision,Agriculture:h12:f1:o316,1,1.947673114503749,1.947673114503749,0.0,1
AR-Ridge,decision,Agriculture:h12:f1:o316,2,2.022746107066318,2.022746107066318,0.0,1
AR-Ridge,decision,Agriculture:h12:f1:o316,3,2.0908381972886296,2.0908381972886296,0.0,1
AR-Ridge,decision,Agriculture:h12:f1:o316,4,2.138371132250897,2.138371132250897,0.0,1
AR-Ridge,decision,Agriculture:h12:f1:o316,5,2.14432656638014,2.14432656638014,0.0,1
AR-Ridge,decision,Agriculture:h12:f1:o316,6,2.1282485558479447,2.1282485558479447,0.0,1
AR-Ridge,decision,Agriculture:h12:f1:o316,7,2.0920883764671014,2.0920883764671014,0.0,1
AR-Ridge,decision,Agriculture:h12:f1:o316,8,2.0422893937388666,2.0422893937388666,0.0,1
AR-Ridge,decision,Agriculture:h12:f1:o316,9,2.0137601712675766,2.0137601712675766,0.0,1
AR-Ridge,decision,Agriculture:h12:f1:o316,10,2.0445050313580744,2.0445050313580744,0.0,1
AR-Ridge,decision,Agriculture:h12:f1:o316,11,2.1046404196112674,2.1046404196112674,0.0,1
AR-Ridge,decision,Agriculture:h12:f1:o316,12,2.1566517427384024,2.1566517427384024,0.0,1
AR-Ridge,decision,Agriculture:h12:f1:o317,1,1.6526234290728263,1.6526234290728263,0.0,1
AR-Ridge,decision,Agriculture:h12:f1:o317,2,1.7481539770252112,1.7481539770252112,0.0,1
AR-Ridge,decision,Agriculture:h12:f1:o317,3,1.8473772961378574,1.8473772961378574,0.0,1
AR-Ridge,decision,Agriculture:h12:f1:o317,4,1.8867815386887064,1.8867815386887064,0.0,1
AR-Ridge,decision,Agriculture:h12:f1:o317,5,1.9057493234890641,1.9057493234890641,0.0,1
AR-Ridge,decision,Agriculture:h12:f1:o317,6,1.9049189160097715,1.9049189160097715,0.0,1
AR-Ridge,decision,Agriculture:h12:f1:o317,7,1.878084478868112,1.878084478868112,0.0,1
AR-Ridge,decision,Agriculture:h12:f1:o317,8,1.875607781476077,1.875607781476077,0.0,1
AR-Ridge,decision,Agriculture:h12:f1:o317,9,1.9140452848810003,1.9140452848810003,0.0,1
AR-Ridge,decision,Agriculture:h12:f1:o317,10,1.9680317029525738,1.9680317029525738,0.0,1
AR-Ridge,decision,Agriculture:h12:f1:o317,11,2.008383912005972,2.008383912005972,0.0,1
AR-Ridge,decision,Agriculture:h12:f1:o317,12,2.056549143154883,2.056549143154883,0.0,1
AR-Ridge,decision,Agriculture:h12:f1:o318,1,1.46894279562401,1.46894279562401,0.0,1
AR-Ridge,decision,Agriculture:h12:f1:o318,2,1.5885626912829554,1.5885626912829554,0.0,1
AR-Ridge,decision,Agriculture:h12:f1:o318,3,1.6668576915980637,1.6668576915980637,0.0,1
AR-Ridge,decision,Agriculture:h12:f1:o318,4,1.7135247908191777,1.7135247908191777,0.0,1
AR-Ridge,decision,Agriculture:h12:f1:o318,5,1.7404309066555654,1.7404309066555654,0.0,1
AR-Ridge,decision,Agriculture:h12:f1:o318,6,1.7419732710290474,1.7419732710290474,0.0,1
AR-Ridge,decision,Agriculture:h12:f1:o318,7,1.7560495696316623,1.7560495696316623,0.0,1
AR-Ridge,decision,Agriculture:h12:f1:o318,8,1.8126282526958364,1.8126282526958364,0.0,1
AR-Ridge,decision,Agriculture:h12:f1:o318,9,1.872074536475445,1.872074536475445,0.0,1
AR-Ridge,decision,Agriculture:h12:f1:o318,10,1.9079739127167774,1.9079739127167774,0.0,1
AR-Ridge,decision,Agriculture:h12:f1:o318,11,1.9488881975199372,1.9488881975199372,0.0,1
AR-Ridge,decision,Agriculture:h12:f1:o318,12,2.025830503579687,2.025830503579687,0.0,1
AR-Ridge,decision,Agriculture:h12:f1:o319,1,1.495785776272125,1.495785776272125,0.0,1
AR-Ridge,decision,Agriculture:h12:f1:o319,2,1.580905696631204,1.580905696631204,0.0,1
AR-Ridge,decision,Agriculture:h12:f1:o319,3,1.6388874491776086,1.6388874491776086,0.0,1
AR-Ridge,decision,Agriculture:h12:f1:o319,4,1.6662059490211218,1.6662059490211218,0.0,1
AR-Ridge,decision,Agriculture:h12:f1:o319,5,1.6664462508335638,1.6664462508335638,0.0,1
AR-Ridge,decision,Agriculture:h12:f1:o319,6,1.69103218107779,1.69103218107779,0.0,1
AR-Ridge,decision,Agriculture:h12:f1:o319,7,1.7589955570116753,1.7589955570116753,0.0,1
AR-Ridge,decision,Agriculture:h12:f1:o319,8,1.8333787518635725,1.8333787518635725,0.0,1
AR-Ridge,decision,Agriculture:h12:f1:o319,9,1.875075750786444,1.875075750786444,0.0,1
AR-Ridge,decision,Agriculture:h12:f1:o319,10,1.9133011747137458,1.9133011747137458,0.0,1
AR-Ridge,decision,Agriculture:h12:f1:o319,11,1.9915642282338233,1.9915642282338233,0.0,1
AR-Ridge,decision,Agriculture:h12:f1:o319,12,2.0681594173752145,2.0681594173752145,0.0,1
AR-Ridge,decision,Agriculture:h12:f1:o320,1,1.562109345780522,1.562109345780522,0.0,1
AR-Ridge,decision,Agriculture:h12:f1:o320,2,1.6226968122837158,1.6226968122837158,0.0,1
AR-Ridge,decision,Agriculture:h12:f1:o320,3,1.64751709065558,1.64751709065558,0.0,1
AR-Ridge,decision,Agriculture:h12:f1:o320,4,1.6358890116244147,1.6358890116244147,0.0,1
AR-Ridge,decision,Agriculture:h12:f1:o320,5,1.647800657031888,1.647800657031888,0.0,1
AR-Ridge,decision,Agriculture:h12:f1:o320,6,1.717569751690725,1.717569751690725,0.0,1
AR-Ridge,decision,Agriculture:h12:f1:o320,7,1.801320183478055,1.801320183478055,0.0,1
AR-Ridge,decision,Agriculture:h12:f1:o320,8,1.8533598186719606,1.8533598186719606,0.0,1
AR-Ridge,decision,Agriculture:h12:f1:o320,9,1.8962937174835277,1.8962937174835277,0.0,1
AR-Ridge,decision,Agriculture:h12:f1:o320,10,1.9711608948134425,1.9711608948134425,0.0,1
AR-Ridge,decision,Agriculture:h12:f1:o320,11,2.0514508542618577,2.0514508542618577,0.0,1
AR-Ridge,decision,Agriculture:h12:f1:o320,12,2.1324796093976155,2.1324796093976155,0.0,1
AR-Ridge,decision,Agriculture:h12:f1:o321,1,1.504144665349613,1.504144665349613,0.0,1
AR-Ridge,decision,Agriculture:h12:f1:o321,2,1.5393010289159652,1.5393010289159652,0.0,1
AR-Ridge,decision,Agriculture:h12:f1:o321,3,1.5404304919989162,1.5404304919989162,0.0,1
AR-Ridge,decision,Agriculture:h12:f1:o321,4,1.5454098405882388,1.5454098405882388,0.0,1
AR-Ridge,decision,Agriculture:h12:f1:o321,5,1.610301107733908,1.610301107733908,0.0,1
AR-Ridge,decision,Agriculture:h12:f1:o321,6,1.7017535912134223,1.7017535912134223,0.0,1
AR-Ridge,decision,Agriculture:h12:f1:o321,7,1.7703385356987558,1.7703385356987558,0.0,1
AR-Ridge,decision,Agriculture:h12:f1:o321,8,1.8339559286940914,1.8339559286940914,0.0,1
AR-Ridge,decision,Agriculture:h12:f1:o321,9,1.9162420735985428,1.9162420735985428,0.0,1
AR-Ridge,decision,Agriculture:h12:f1:o321,10,1.9916389773479315,1.9916389773479315,0.0,1
AR-Ridge,decision,Agriculture:h12:f1:o321,11,2.06948166581334,2.06948166581334,0.0,1
AR-Ridge,decision,Agriculture:h12:f1:o321,12,2.1277580696462963,2.1277580696462963,0.0,1
AR-Ridge,decision,Agriculture:h12:f1:o322,1,1.4668348521723287,1.4668348521723287,0.0,1
AR-Ridge,decision,Agriculture:h12:f1:o322,2,1.4745984692428131,1.4745984692428131,0.0,1
AR-Ridge,decision,Agriculture:h12:f1:o322,3,1.4860442685553592,1.4860442685553592,0.0,1
AR-Ridge,decision,Agriculture:h12:f1:o322,4,1.5337674288185115,1.5337674288185115,0.0,1
AR-Ridge,decision,Agriculture:h12:f1:o322,5,1.60872580662211,1.60872580662211,0.0,1
AR-Ridge,decision,Agriculture:h12:f1:o322,6,1.6811429889527307,1.6811429889527307,0.0,1
AR-Ridge,decision,Agriculture:h12:f1:o322,7,1.7624779178944276,1.7624779178944276,0.0,1
AR-Ridge,decision,Agriculture:h12:f1:o322,8,1.869766494924739,1.869766494924739,0.0,1
AR-Ridge,decision,Agriculture:h12:f1:o322,9,1.9547552446306922,1.9547552446306922,0.0,1
AR-Ridge,decision,Agriculture:h12:f1:o322,10,2.0281710260433683,2.0281710260433683,0.0,1
AR-Ridge,decision,Agriculture:h12:f1:o322,11,2.0867620631429684,2.0867620631429684,0.0,1
AR-Ridge,decision,Agriculture:h12:f1:o322,12,2.107339617903773,2.107339617903773,0.0,1
AR-Ridge,decision,Agriculture:h12:f1:o323,1,1.4740017395844247,1.4740017395844247,0.0,1
AR-Ridge,decision,Agriculture:h12:f1:o323,2,1.48549199930907,1.48549199930907,0.0,1
AR-Ridge,decision,Agriculture:h12:f1:o323,3,1.529092788161486,1.529092788161486,0.0,1
AR-Ridge,decision,Agriculture:h12:f1:o323,4,1.6006591106547887,1.6006591106547887,0.0,1
AR-Ridge,decision,Agriculture:h12:f1:o323,5,1.6654329973421738,1.6654329973421738,0.0,1
AR-Ridge,decision,Agriculture:h12:f1:o323,6,1.7520259819000423,1.7520259819000423,0.0,1
AR-Ridge,decision,Agriculture:h12:f1:o323,7,1.8636126678323783,1.8636126678323783,0.0,1
AR-Ridge,decision,Agriculture:h12:f1:o323,8,1.9515836218406066,1.9515836218406066,0.0,1
AR-Ridge,decision,Agriculture:h12:f1:o323,9,2.027518943644586,2.027518943644586,0.0,1
AR-Ridge,decision,Agriculture:h12:f1:o323,10,2.084279668249944,2.084279668249944,0.0,1
AR-Ridge,decision,Agriculture:h12:f1:o323,11,2.1128777362673707,2.1128777362673707,0.0,1
AR-Ridge,decision,Agriculture:h12:f1:o323,12,2.0969998645052166,2.0969998645052166,0.0,1
AR-Ridge,decision,Agriculture:h12:f1:o324,1,1.4713838788634468,1.4713838788634468,0.0,1
AR-Ridge,decision,Agriculture:h12:f1:o324,2,1.5164453272949168,1.5164453272949168,0.0,1
AR-Ridge,decision,Agriculture:h12:f1:o324,3,1.5891602200771888,1.5891602200771888,0.0,1
AR-Ridge,decision,Agriculture:h12:f1:o324,4,1.6409705496168139,1.6409705496168139,0.0,1
AR-Ridge,decision,Agriculture:h12:f1:o324,5,1.7149081993022302,1.7149081993022302,0.0,1
AR-Ridge,decision,Agriculture:h12:f1:o324,6,1.8257307103952027,1.8257307103952027,0.0,1
AR-Ridge,decision,Agriculture:h12:f1:o324,7,1.9224699697098635,1.9224699697098635,0.0,1
AR-Ridge,decision,Agriculture:h12:f1:o324,8,2.0128698148645054,2.0128698148645054,0.0,1
AR-Ridge,decision,Agriculture:h12:f1:o324,9,2.0751826433864333,2.0751826433864333,0.0,1
AR-Ridge,decision,Agriculture:h12:f1:o324,10,2.102195639804783,2.102195639804783,0.0,1
AR-Ridge,decision,Agriculture:h12:f1:o324,11,2.0868303906226786,2.0868303906226786,0.0,1
AR-Ridge,decision,Agriculture:h12:f1:o324,12,2.0309988358517446,2.0309988358517446,0.0,1
AR-Ridge,decision,Agriculture:h12:f1:o325,1,1.4431933034071558,1.4431933034071558,0.0,1
AR-Ridge,decision,Agriculture:h12:f1:o325,2,1.5216530059506614,1.5216530059506614,0.0,1
AR-Ridge,decision,Agriculture:h12:f1:o325,3,1.5819439160758468,1.5819439160758468,0.0,1
AR-Ridge,decision,Agriculture:h12:f1:o325,4,1.6618591969713206,1.6618591969713206,0.0,1
AR-Ridge,decision,Agriculture:h12:f1:o325,5,1.7784411381553418,1.7784411381553418,0.0,1
AR-Ridge,decision,Agriculture:h12:f1:o325,6,1.8829957144478566,1.8829957144478566,0.0,1
AR-Ridge,decision,Agriculture:h12:f1:o325,7,1.9786188697836393,1.9786188697836393,0.0,1
AR-Ridge,decision,Agriculture:h12:f1:o325,8,2.045289775704315,2.045289775704315,0.0,1
AR-Ridge,decision,Agriculture:h12:f1:o325,9,2.073847607058911,2.073847607058911,0.0,1
AR-Ridge,decision,Agriculture:h12:f1:o325,10,2.056500739833524,2.056500739833524,0.0,1
AR-Ridge,decision,Agriculture:h12:f1:o325,11,1.9998831944870588,1.9998831944870588,0.0,1
AR-Ridge,decision,Agriculture:h12:f1:o325,12,1.945107644825985,1.945107644825985,0.0,1
AR-Ridge,decision,Agriculture:h12:f1:o326,1,1.6483626613857885,1.6483626613857885,0.0,1
AR-Ridge,decision,Agriculture:h12:f1:o326,2,1.6990809224815737,1.6990809224815737,0.0,1
AR-Ridge,decision,Agriculture:h12:f1:o326,3,1.760384770615031,1.760384770615031,0.0,1
AR-Ridge,decision,Agriculture:h12:f1:o326,4,1.857250007571347,1.857250007571347,0.0,1
AR-Ridge,decision,Agriculture:h12:f1:o326,5,1.9396437869024077,1.9396437869024077,0.0,1
AR-Ridge,decision,Agriculture:h12:f1:o326,6,2.0244121457633817,2.0244121457633817,0.0,1
AR-Ridge,decision,Agriculture:h12:f1:o326,7,2.0888852507386013,2.0888852507386013,0.0,1
AR-Ridge,decision,Agriculture:h12:f1:o326,8,2.1178429595284896,2.1178429595284896,0.0,1
AR-Ridge,decision,Agriculture:h12:f1:o326,9,2.1019477307526078,2.1019477307526078,0.0,1
AR-Ridge,decision,Agriculture:h12:f1:o326,10,2.0465667578660134,2.0465667578660134,0.0,1
AR-Ridge,decision,Agriculture:h12:f1:o326,11,1.9994388263180294,1.9994388263180294,0.0,1
AR-Ridge,decision,Agriculture:h12:f1:o326,12,1.9709689503770667,1.9709689503770667,0.0,1
AR-Ridge,decision,Agriculture:h12:f1:o327,1,1.7450195168913702,1.7450195168913702,0.0,1
AR-Ridge,decision,Agriculture:h12:f1:o327,2,1.802174544699733,1.802174544699733,0.0,1
AR-Ridge,decision,Agriculture:h12:f1:o327,3,1.8910031590497554,1.8910031590497554,0.0,1
AR-Ridge,decision,Agriculture:h12:f1:o327,4,1.968828815924678,1.968828815924678,0.0,1
AR-Ridge,decision,Agriculture:h12:f1:o327,5,2.0443747488900725,2.0443747488900725,0.0,1
AR-Ridge,decision,Agriculture:h12:f1:o327,6,2.1098966863041766,2.1098966863041766,0.0,1
AR-Ridge,decision,Agriculture:h12:f1:o327,7,2.138614505261918,2.138614505261918,0.0,1
AR-Ridge,decision,Agriculture:h12:f1:o327,8,2.1224343610038034,2.1224343610038034,0.0,1
AR-Ridge,decision,Agriculture:h12:f1:o327,9,2.068313734787192,2.068313734787192,0.0,1
AR-Ridge,decision,Agriculture:h12:f1:o327,10,2.021452470757668,2.021452470757668,0.0,1
AR-Ridge,decision,Agriculture:h12:f1:o327,11,2.0014981753178955,2.0014981753178955,0.0,1
AR-Ridge,decision,Agriculture:h12:f1:o327,12,1.9673505315037039,1.9673505315037039,0.0,1
AR-Ridge,decision,Agriculture:h12:f1:o328,1,1.8784227995142448,1.8784227995142448,0.0,1
AR-Ridge,decision,Agriculture:h12:f1:o328,2,1.9604936676367022,1.9604936676367022,0.0,1
AR-Ridge,decision,Agriculture:h12:f1:o328,3,2.0272948972997686,2.0272948972997686,0.0,1
AR-Ridge,decision,Agriculture:h12:f1:o328,4,2.094551847816385,2.094551847816385,0.0,1
AR-Ridge,decision,Agriculture:h12:f1:o328,5,2.1467954584263182,2.1467954584263182,0.0,1
AR-Ridge,decision,Agriculture:h12:f1:o328,6,2.173571315173956,2.173571315173956,0.0,1
AR-Ridge,decision,Agriculture:h12:f1:o328,7,2.155904217652145,2.155904217652145,0.0,1
AR-Ridge,decision,Agriculture:h12:f1:o328,8,2.1019842198609417,2.1019842198609417,0.0,1
AR-Ridge,decision,Agriculture:h12:f1:o328,9,2.056642949846359,2.056642949846359,0.0,1
AR-Ridge,decision,Agriculture:h12:f1:o328,10,2.0379327243442367,2.0379327243442367,0.0,1
AR-Ridge,decision,Agriculture:h12:f1:o328,11,2.013108103577558,2.013108103577558,0.0,1
AR-Ridge,decision,Agriculture:h12:f1:o328,12,1.9654144948045484,1.9654144948045484,0.0,1
AR-Ridge,decision,Agriculture:h12:f1:o329,1,1.9849024616575832,1.9849024616575832,0.0,1
AR-Ridge,decision,Agriculture:h12:f1:o329,2,2.0477567107313757,2.0477567107313757,0.0,1
AR-Ridge,decision,Agriculture:h12:f1:o329,3,2.1144596009833916,2.1144596009833916,0.0,1
AR-Ridge,decision,Agriculture:h12:f1:o329,4,2.1692976526188983,2.1692976526188983,0.0,1
AR-Ridge,decision,Agriculture:h12:f1:o329,5,2.1933453163867487,2.1933453163867487,0.0,1
AR-Ridge,decision,Agriculture:h12:f1:o329,6,2.179663364286283,2.179663364286283,0.0,1
AR-Ridge,decision,Agriculture:h12:f1:o329,7,2.1242132869913073,2.1242132869913073,0.0,1
AR-Ridge,decision,Agriculture:h12:f1:o329,8,2.0805486065694514,2.0805486065694514,0.0,1
AR-Ridge,decision,Agriculture:h12:f1:o329,9,2.063287075982332,2.063287075982332,0.0,1
AR-Ridge,decision,Agriculture:h12:f1:o329,10,2.0406825601029444,2.0406825601029444,0.0,1
AR-Ridge,decision,Agriculture:h12:f1:o329,11,1.99973560423326,1.99973560423326,0.0,1
AR-Ridge,decision,Agriculture:h12:f1:o329,12,1.961257127947936,1.961257127947936,0.0,1
AR-Ridge,decision,Agriculture:h12:f1:o330,1,2.0123966438430716,2.0123966438430716,0.0,1
AR-Ridge,decision,Agriculture:h12:f1:o330,2,2.080630156542695,2.080630156542695,0.0,1
AR-Ridge,decision,Agriculture:h12:f1:o330,3,2.140653861999849,2.140653861999849,0.0,1
AR-Ridge,decision,Agriculture:h12:f1:o330,4,2.165527175693761,2.165527175693761,0.0,1
AR-Ridge,decision,Agriculture:h12:f1:o330,5,2.148792996491633,2.148792996491633,0.0,1
AR-Ridge,decision,Agriculture:h12:f1:o330,6,2.1010807996062635,2.1010807996062635,0.0,1
AR-Ridge,decision,Agriculture:h12:f1:o330,7,2.063056254350115,2.063056254350115,0.0,1
AR-Ridge,decision,Agriculture:h12:f1:o330,8,2.0549404645601363,2.0549404645601363,0.0,1
AR-Ridge,decision,Agriculture:h12:f1:o330,9,2.036392842942099,2.036392842942099,0.0,1
AR-Ridge,decision,Agriculture:h12:f1:o330,10,1.995002727156864,1.995002727156864,0.0,1
AR-Ridge,decision,Agriculture:h12:f1:o330,11,1.9612425599213736,1.9612425599213736,0.0,1
AR-Ridge,decision,Agriculture:h12:f1:o330,12,1.8934127469666022,1.8934127469666022,0.0,1
AR-Ridge,decision,Agriculture:h12:f1:o331,1,2.1571322166040914,2.1571322166040914,0.0,1
AR-Ridge,decision,Agriculture:h12:f1:o331,2,2.210071614022435,2.210071614022435,0.0,1
AR-Ridge,decision,Agriculture:h12:f1:o331,3,2.224635321396851,2.224635321396851,0.0,1
AR-Ridge,decision,Agriculture:h12:f1:o331,4,2.202908861740846,2.202908861740846,0.0,1
AR-Ridge,decision,Agriculture:h12:f1:o331,5,2.14489472043481,2.14489472043481,0.0,1
AR-Ridge,decision,Agriculture:h12:f1:o331,6,2.1056121010394073,2.1056121010394073,0.0,1
AR-Ridge,decision,Agriculture:h12:f1:o331,7,2.094279313273736,2.094279313273736,0.0,1
AR-Ridge,decision,Agriculture:h12:f1:o331,8,2.0736618219061858,2.0736618219061858,0.0,1
AR-Ridge,decision,Agriculture:h12:f1:o331,9,2.0328817816175544,2.0328817816175544,0.0,1
AR-Ridge,decision,Agriculture:h12:f1:o331,10,2.0009365218743764,2.0009365218743764,0.0,1
AR-Ridge,decision,Agriculture:h12:f1:o331,11,1.9423615404694778,1.9423615404694778,0.0,1
AR-Ridge,decision,Agriculture:h12:f1:o331,12,1.867256947494468,1.867256947494468,0.0,1
AR-Ridge,decision,Agriculture:h12:f1:o332,1,2.1459447052200677,2.1459447052200677,0.0,1
AR-Ridge,decision,Agriculture:h12:f1:o332,2,2.1642211212250686,2.1642211212250686,0.0,1
AR-Ridge,decision,Agriculture:h12:f1:o332,3,2.1524394782137204,2.1524394782137204,0.0,1
AR-Ridge,decision,Agriculture:h12:f1:o332,4,2.1030095117844825,2.1030095117844825,0.0,1
AR-Ridge,decision,Agriculture:h12:f1:o332,5,2.0696693226729233,2.0696693226729233,0.0,1
AR-Ridge,decision,Agriculture:h12:f1:o332,6,2.068103297885821,2.068103297885821,0.0,1
AR-Ridge,decision,Agriculture:h12:f1:o332,7,2.0514101802836584,2.0514101802836584,0.0,1
AR-Ridge,decision,Agriculture:h12:f1:o332,8,2.016247984543365,2.016247984543365,0.0,1
AR-Ridge,decision,Agriculture:h12:f1:o332,9,1.9865015159482393,1.9865015159482393,0.0,1
AR-Ridge,decision,Agriculture:h12:f1:o332,10,1.9276238521753135,1.9276238521753135,0.0,1
AR-Ridge,decision,Agriculture:h12:f1:o332,11,1.8540834831149762,1.8540834831149762,0.0,1
AR-Ridge,decision,Agriculture:h12:f1:o332,12,1.790587470807033,1.790587470807033,0.0,1
AR-Ridge,decision,Agriculture:h12:f1:o333,1,2.0889217336910613,2.0889217336910613,0.0,1
AR-Ridge,decision,Agriculture:h12:f1:o333,2,2.082750154909996,2.082750154909996,0.0,1
AR-Ridge,decision,Agriculture:h12:f1:o333,3,2.0414559929205387,2.0414559929205387,0.0,1
AR-Ridge,decision,Agriculture:h12:f1:o333,4,2.0077329555515715,2.0077329555515715,0.0,1
AR-Ridge,decision,Agriculture:h12:f1:o333,5,2.0036100564403325,2.0036100564403325,0.0,1
AR-Ridge,decision,Agriculture:h12:f1:o333,6,1.9964365861753297,1.9964365861753297,0.0,1
AR-Ridge,decision,Agriculture:h12:f1:o333,7,1.971350987546086,1.971350987546086,0.0,1
AR-Ridge,decision,Agriculture:h12:f1:o333,8,1.954044624101518,1.954044624101518,0.0,1
AR-Ridge,decision,Agriculture:h12:f1:o333,9,1.9002826501975139,1.9002826501975139,0.0,1
AR-Ridge,decision,Agriculture:h12:f1:o333,10,1.8241024201145248,1.8241024201145248,0.0,1
AR-Ridge,decision,Agriculture:h12:f1:o333,11,1.7632744843610013,1.7632744843610013,0.0,1
AR-Ridge,decision,Agriculture:h12:f1:o333,12,1.728879821885653,1.728879821885653,0.0,1
AR-Ridge,decision,Agriculture:h12:f1:o334,1,1.9969215242216138,1.9969215242216138,0.0,1
AR-Ridge,decision,Agriculture:h12:f1:o334,2,1.9617008694889218,1.9617008694889218,0.0,1
AR-Ridge,decision,Agriculture:h12:f1:o334,3,1.9374713380655335,1.9374713380655335,0.0,1
AR-Ridge,decision,Agriculture:h12:f1:o334,4,1.939045120067584,1.939045120067584,0.0,1
AR-Ridge,decision,Agriculture:h12:f1:o334,5,1.9343064232468465,1.9343064232468465,0.0,1
AR-Ridge,decision,Agriculture:h12:f1:o334,6,1.9217972066136957,1.9217972066136957,0.0,1
AR-Ridge,decision,Agriculture:h12:f1:o334,7,1.9129355355531978,1.9129355355531978,0.0,1
AR-Ridge,decision,Agriculture:h12:f1:o334,8,1.868060983144601,1.868060983144601,0.0,1
AR-Ridge,decision,Agriculture:h12:f1:o334,9,1.7957927602868238,1.7957927602868238,0.0,1
AR-Ridge,decision,Agriculture:h12:f1:o334,10,1.732514568834401,1.732514568834401,0.0,1
AR-Ridge,decision,Agriculture:h12:f1:o334,11,1.701773109576788,1.701773109576788,0.0,1
AR-Ridge,decision,Agriculture:h12:f1:o334,12,1.6720250111732078,1.6720250111732078,0.0,1
AR-Ridge,decision,Agriculture:h12:f1:o335,1,2.0196651829871266,2.0196651829871266,0.0,1
AR-Ridge,decision,Agriculture:h12:f1:o335,2,1.9921226641092384,1.9921226641092384,0.0,1
AR-Ridge,decision,Agriculture:h12:f1:o335,3,1.9818659525522675,1.9818659525522675,0.0,1
AR-Ridge,decision,Agriculture:h12:f1:o335,4,1.9466531868769306,1.9466531868769306,0.0,1
AR-Ridge,decision,Agriculture:h12:f1:o335,5,1.9025781697024489,1.9025781697024489,0.0,1
AR-Ridge,decision,Agriculture:h12:f1:o335,6,1.88631457122152,1.88631457122152,0.0,1
AR-Ridge,decision,Agriculture:h12:f1:o335,7,1.8525528781640008,1.8525528781640008,0.0,1
AR-Ridge,decision,Agriculture:h12:f1:o335,8,1.7987517745821267,1.7987517745821267,0.0,1
AR-Ridge,decision,Agriculture:h12:f1:o335,9,1.7436204404822142,1.7436204404822142,0.0,1
AR-Ridge,decision,Agriculture:h12:f1:o335,10,1.710539503898555,1.710539503898555,0.0,1
AR-Ridge,decision,Agriculture:h12:f1:o335,11,1.6870742450964122,1.6870742450964122,0.0,1
AR-Ridge,decision,Agriculture:h12:f1:o335,12,1.6293428064446231,1.6293428064446231,0.0,1
AR-Ridge,decision,Agriculture:h12:f1:o336,1,2.0488044922624535,2.0488044922624535,0.0,1
AR-Ridge,decision,Agriculture:h12:f1:o336,2,2.0357552193657042,2.0357552193657042,0.0,1
AR-Ridge,decision,Agriculture:h12:f1:o336,3,1.9877233921958395,1.9877233921958395,0.0,1
AR-Ridge,decision,Agriculture:h12:f1:o336,4,1.9137284662725877,1.9137284662725877,0.0,1
AR-Ridge,decision,Agriculture:h12:f1:o336,5,1.866961604374092,1.866961604374092,0.0,1
AR-Ridge,decision,Agriculture:h12:f1:o336,6,1.825580554019977,1.825580554019977,0.0,1
AR-Ridge,decision,Agriculture:h12:f1:o336,7,1.7824853551990654,1.7824853551990654,0.0,1
AR-Ridge,decision,Agriculture:h12:f1:o336,8,1.7436472066655644,1.7436472066655644,0.0,1
AR-Ridge,decision,Agriculture:h12:f1:o336,9,1.7179190250831926,1.7179190250831926,0.0,1
AR-Ridge,decision,Agriculture:h12:f1:o336,10,1.691599484166252,1.691599484166252,0.0,1
AR-Ridge,decision,Agriculture:h12:f1:o336,11,1.6398360538312466,1.6398360538312466,0.0,1
AR-Ridge,decision,Agriculture:h12:f1:o336,12,1.595179399965399,1.595179399965399,0.0,1
AR-Ridge,decision,Agriculture:h12:f1:o337,1,2.0827057045626445,2.0827057045626445,0.0,1
AR-Ridge,decision,Agriculture:h12:f1:o337,2,2.033026946944784,2.033026946944784,0.0,1
AR-Ridge,decision,Agriculture:h12:f1:o337,3,1.947738305777497,1.947738305777497,0.0,1
AR-Ridge,decision,Agriculture:h12:f1:o337,4,1.8641690060071736,1.8641690060071736,0.0,1
AR-Ridge,decision,Agriculture:h12:f1:o337,5,1.786941212023703,1.786941212023703,0.0,1
AR-Ridge,decision,Agriculture:h12:f1:o337,6,1.73430693564038,1.73430693564038,0.0,1
AR-Ridge,decision,Agriculture:h12:f1:o337,7,1.710352369751476,1.710352369751476,0.0,1
AR-Ridge,decision,Agriculture:h12:f1:o337,8,1.708310143359953,1.708310143359953,0.0,1
AR-Ridge,decision,Agriculture:h12:f1:o337,9,1.691822344635027,1.691822344635027,0.0,1
AR-Ridge,decision,Agriculture:h12:f1:o337,10,1.636500299218317,1.636500299218317,0.0,1
AR-Ridge,decision,Agriculture:h12:f1:o337,11,1.5958263823932217,1.5958263823932217,0.0,1
AR-Ridge,decision,Agriculture:h12:f1:o337,12,1.5957197333535034,1.5957197333535034,0.0,1
AR-Ridge,decision,Agriculture:h12:f1:o338,1,2.1427065560200975,2.1427065560200975,0.0,1
AR-Ridge,decision,Agriculture:h12:f1:o338,2,2.047705450983191,2.047705450983191,0.0,1
AR-Ridge,decision,Agriculture:h12:f1:o338,3,1.946327948415543,1.946327948415543,0.0,1
AR-Ridge,decision,Agriculture:h12:f1:o338,4,1.8842227968305585,1.8842227968305585,0.0,1
AR-Ridge,decision,Agriculture:h12:f1:o338,5,1.838674665775102,1.838674665775102,0.0,1
AR-Ridge,decision,Agriculture:h12:f1:o338,6,1.8169643409111789,1.8169643409111789,0.0,1
AR-Ridge,decision,Agriculture:h12:f1:o338,7,1.7980683545310852,1.7980683545310852,0.0,1
AR-Ridge,decision,Agriculture:h12:f1:o338,8,1.7526861954574517,1.7526861954574517,0.0,1
AR-Ridge,decision,Agriculture:h12:f1:o338,9,1.6887042781795367,1.6887042781795367,0.0,1
AR-Ridge,decision,Agriculture:h12:f1:o338,10,1.6509060860530718,1.6509060860530718,0.0,1
AR-Ridge,decision,Agriculture:h12:f1:o338,11,1.6643801062119299,1.6643801062119299,0.0,1
AR-Ridge,decision,Agriculture:h12:f1:o338,12,1.6777906453698366,1.6777906453698366,0.0,1
AR-Ridge,decision,Agriculture:h12:f1:o339,1,2.1432420677372246,2.1432420677372246,0.0,1
AR-Ridge,decision,Agriculture:h12:f1:o339,2,2.0350742894560923,2.0350742894560923,0.0,1
AR-Ridge,decision,Agriculture:h12:f1:o339,3,1.954067345856451,1.954067345856451,0.0,1
AR-Ridge,decision,Agriculture:h12:f1:o339,4,1.8922914432441449,1.8922914432441449,0.0,1
AR-Ridge,decision,Agriculture:h12:f1:o339,5,1.8493229302842915,1.8493229302842915,0.0,1
AR-Ridge,decision,Agriculture:h12:f1:o339,6,1.8265869320130457,1.8265869320130457,0.0,1
AR-Ridge,decision,Agriculture:h12:f1:o339,7,1.782090132666145,1.782090132666145,0.0,1
AR-Ridge,decision,Agriculture:h12:f1:o339,8,1.7174131908427839,1.7174131908427839,0.0,1
AR-Ridge,decision,Agriculture:h12:f1:o339,9,1.6815753297849265,1.6815753297849265,0.0,1
AR-Ridge,decision,Agriculture:h12:f1:o339,10,1.6939688671758795,1.6939688671758795,0.0,1
AR-Ridge,decision,Agriculture:h12:f1:o339,11,1.7197856447390651,1.7197856447390651,0.0,1
AR-Ridge,decision,Agriculture:h12:f1:o339,12,1.7132067274344558,1.7132067274344558,0.0,1
AR-Ridge,decision,Agriculture:h12:f1:o340,1,2.1351452658502668,2.1351452658502668,0.0,1
AR-Ridge,decision,Agriculture:h12:f1:o340,2,2.0483970342189504,2.0483970342189504,0.0,1
AR-Ridge,decision,Agriculture:h12:f1:o340,3,1.9660514992753213,1.9660514992753213,0.0,1
AR-Ridge,decision,Agriculture:h12:f1:o340,4,1.8844136597803,1.8844136597803,0.0,1
AR-Ridge,decision,Agriculture:h12:f1:o340,5,1.8214245039204071,1.8214245039204071,0.0,1
AR-Ridge,decision,Agriculture:h12:f1:o340,6,1.765732984952395,1.765732984952395,0.0,1
AR-Ridge,decision,Agriculture:h12:f1:o340,7,1.7122472468517198,1.7122472468517198,0.0,1
AR-Ridge,decision,Agriculture:h12:f1:o340,8,1.6934945076262042,1.6934945076262042,0.0,1
AR-Ridge,decision,Agriculture:h12:f1:o340,9,1.7142008913322795,1.7142008913322795,0.0,1
AR-Ridge,decision,Agriculture:h12:f1:o340,10,1.7368683902425093,1.7368683902425093,0.0,1
AR-Ridge,decision,Agriculture:h12:f1:o340,11,1.7398083988193747,1.7398083988193747,0.0,1
AR-Ridge,decision,Agriculture:h12:f1:o340,12,1.7192713838927172,1.7192713838927172,0.0,1
AR-Ridge,decision,Agriculture:h12:f1:o341,1,2.1699436602689293,2.1699436602689293,0.0,1
AR-Ridge,decision,Agriculture:h12:f1:o341,2,2.077822213868547,2.077822213868547,0.0,1
AR-Ridge,decision,Agriculture:h12:f1:o341,3,1.9769259924216207,1.9769259924216207,0.0,1
AR-Ridge,decision,Agriculture:h12:f1:o341,4,1.9115374657279123,1.9115374657279123,0.0,1
AR-Ridge,decision,Agriculture:h12:f1:o341,5,1.8480717794340937,1.8480717794340937,0.0,1
AR-Ridge,decision,Agriculture:h12:f1:o341,6,1.7902235390953294,1.7902235390953294,0.0,1
AR-Ridge,decision,Agriculture:h12:f1:o341,7,1.7616994089060698,1.7616994089060698,0.0,1
AR-Ridge,decision,Agriculture:h12:f1:o341,8,1.767176499082915,1.767176499082915,0.0,1
AR-Ridge,decision,Agriculture:h12:f1:o341,9,1.7859806765750386,1.7859806765750386,0.0,1
AR-Ridge,decision,Agriculture:h12:f1:o341,10,1.7908046510723077,1.7908046510723077,0.0,1
AR-Ridge,decision,Agriculture:h12:f1:o341,11,1.7813818573608837,1.7813818573608837,0.0,1
AR-Ridge,decision,Agriculture:h12:f1:o341,12,1.7454500346094135,1.7454500346094135,0.0,1
AR-Ridge,decision,Agriculture:h12:f1:o342,1,2.2364544202804395,2.2364544202804395,0.0,1
AR-Ridge,decision,Agriculture:h12:f1:o342,2,2.121988632263978,2.121988632263978,0.0,1
AR-Ridge,decision,Agriculture:h12:f1:o342,3,2.0340363543762816,2.0340363543762816,0.0,1
AR-Ridge,decision,Agriculture:h12:f1:o342,4,1.9783485609528602,1.9783485609528602,0.0,1
AR-Ridge,decision,Agriculture:h12:f1:o342,5,1.9210862930172556,1.9210862930172556,0.0,1
AR-Ridge,decision,Agriculture:h12:f1:o342,6,1.8881558092423294,1.8881558092423294,0.0,1
AR-Ridge,decision,Agriculture:h12:f1:o342,7,1.8747858983213155,1.8747858983213155,0.0,1
AR-Ridge,decision,Agriculture:h12:f1:o342,8,1.8655780043162626,1.8655780043162626,0.0,1
AR-Ridge,decision,Agriculture:h12:f1:o342,9,1.8619206669577495,1.8619206669577495,0.0,1
AR-Ridge,decision,Agriculture:h12:f1:o342,10,1.856819679712413,1.856819679712413,0.0,1
AR-Ridge,decision,Agriculture:h12:f1:o342,11,1.8338517824523322,1.8338517824523322,0.0,1
AR-Ridge,decision,Agriculture:h12:f1:o342,12,1.791531908399801,1.791531908399801,0.0,1
AR-Ridge,decision,Agriculture:h12:f1:o343,1,2.230116548561786,2.230116548561786,0.0,1
AR-Ridge,decision,Agriculture:h12:f1:o343,2,2.133104468600349,2.133104468600349,0.0,1
AR-Ridge,decision,Agriculture:h12:f1:o343,3,2.0599945114050917,2.0599945114050917,0.0,1
AR-Ridge,decision,Agriculture:h12:f1:o343,4,2.009790514768559,2.009790514768559,0.0,1
AR-Ridge,decision,Agriculture:h12:f1:o343,5,1.9778068392774608,1.9778068392774608,0.0,1
AR-Ridge,decision,Agriculture:h12:f1:o343,6,1.9634252171321727,1.9634252171321727,0.0,1
AR-Ridge,decision,Agriculture:h12:f1:o343,7,1.9410610787993652,1.9410610787993652,0.0,1
AR-Ridge,decision,Agriculture:h12:f1:o343,8,1.9153732953971858,1.9153732953971858,0.0,1
AR-Ridge,decision,Agriculture:h12:f1:o343,9,1.9038571663068038,1.9038571663068038,0.0,1
AR-Ridge,decision,Agriculture:h12:f1:o343,10,1.8831459363517853,1.8831459363517853,0.0,1
AR-Ridge,decision,Agriculture:h12:f1:o343,11,1.8521050995398596,1.8521050995398596,0.0,1
AR-Ridge,decision,Agriculture:h12:f1:o343,12,1.7999754035117903,1.7999754035117903,0.0,1
AR-Ridge,decision,Agriculture:h12:f1:o344,1,2.209924724267743,2.209924724267743,0.0,1
AR-Ridge,decision,Agriculture:h12:f1:o344,2,2.1305655594726916,2.1305655594726916,0.0,1
AR-Ridge,decision,Agriculture:h12:f1:o344,3,2.0673498746059544,2.0673498746059544,0.0,1
AR-Ridge,decision,Agriculture:h12:f1:o344,4,2.0340558047413846,2.0340558047413846,0.0,1
AR-Ridge,decision,Agriculture:h12:f1:o344,5,2.0138800197832794,2.0138800197832794,0.0,1
AR-Ridge,decision,Agriculture:h12:f1:o344,6,1.99019844876723,1.99019844876723,0.0,1
AR-Ridge,decision,Agriculture:h12:f1:o344,7,1.9588078047265927,1.9588078047265927,0.0,1
AR-Ridge,decision,Agriculture:h12:f1:o344,8,1.9375657571325005,1.9375657571325005,0.0,1
AR-Ridge,decision,Agriculture:h12:f1:o344,9,1.9146941413512124,1.9146941413512124,0.0,1
AR-Ridge,decision,Agriculture:h12:f1:o344,10,1.8845544138027133,1.8845544138027133,0.0,1
AR-Ridge,decision,Agriculture:h12:f1:o344,11,1.841333033903045,1.841333033903045,0.0,1
AR-Ridge,decision,Agriculture:h12:f1:o344,12,1.8015988191187886,1.8015988191187886,0.0,1
AR-Ridge,decision,Agriculture:h12:f1:o345,1,2.2543975446755007,2.2543975446755007,0.0,1
AR-Ridge,decision,Agriculture:h12:f1:o345,2,2.1807434964601016,2.1807434964601016,0.0,1
AR-Ridge,decision,Agriculture:h12:f1:o345,3,2.1282308034559945,2.1282308034559945,0.0,1
AR-Ridge,decision,Agriculture:h12:f1:o345,4,2.11251475406778,2.11251475406778,0.0,1
AR-Ridge,decision,Agriculture:h12:f1:o345,5,2.0866360405239144,2.0866360405239144,0.0,1
AR-Ridge,decision,Agriculture:h12:f1:o345,6,2.0530686204596855,2.0530686204596855,0.0,1
AR-Ridge,decision,Agriculture:h12:f1:o345,7,2.018601925614181,2.018601925614181,0.0,1
AR-Ridge,decision,Agriculture:h12:f1:o345,8,1.9747233712490888,1.9747233712490888,0.0,1
AR-Ridge,decision,Agriculture:h12:f1:o345,9,1.9387055356799978,1.9387055356799978,0.0,1
AR-Ridge,decision,Agriculture:h12:f1:o345,10,1.8981133908116457,1.8981133908116457,0.0,1
AR-Ridge,decision,Agriculture:h12:f1:o345,11,1.870756070100753,1.870756070100753,0.0,1
AR-Ridge,decision,Agriculture:h12:f1:o345,12,1.8518721410727341,1.8518721410727341,0.0,1
AR-Ridge,decision,Agriculture:h12:f1:o346,1,2.24095519417707,2.24095519417707,0.0,1
AR-Ridge,decision,Agriculture:h12:f1:o346,2,2.1826742263136687,2.1826742263136687,0.0,1
AR-Ridge,decision,Agriculture:h12:f1:o346,3,2.1565608776033542,2.1565608776033542,0.0,1
AR-Ridge,decision,Agriculture:h12:f1:o346,4,2.1424208159850755,2.1424208159850755,0.0,1
AR-Ridge,decision,Agriculture:h12:f1:o346,5,2.1140273474421765,2.1140273474421765,0.0,1
AR-Ridge,decision,Agriculture:h12:f1:o346,6,2.0838908727970633,2.0838908727970633,0.0,1
AR-Ridge,decision,Agriculture:h12:f1:o346,7,2.0299722682414716,2.0299722682414716,0.0,1
AR-Ridge,decision,Agriculture:h12:f1:o346,8,1.9759588064114493,1.9759588064114493,0.0,1
AR-Ridge,decision,Agriculture:h12:f1:o346,9,1.930288289650159,1.930288289650159,0.0,1
AR-Ridge,decision,Agriculture:h12:f1:o346,10,1.9045912930352817,1.9045912930352817,0.0,1
AR-Ridge,decision,Agriculture:h12:f1:o346,11,1.8962622755607295,1.8962622755607295,0.0,1
AR-Ridge,decision,Agriculture:h12:f1:o346,12,1.8794663006833048,1.8794663006833048,0.0,1
AR-Ridge,decision,Agriculture:h12:f1:o347,1,2.3865356196596377,2.3865356196596377,0.0,1
AR-Ridge,decision,Agriculture:h12:f1:o347,2,2.3440880422043833,2.3440880422043833,0.0,1
AR-Ridge,decision,Agriculture:h12:f1:o347,3,2.2999430007787383,2.2999430007787383,0.0,1
AR-Ridge,decision,Agriculture:h12:f1:o347,4,2.2603126820108184,2.2603126820108184,0.0,1
AR-Ridge,decision,Agriculture:h12:f1:o347,5,2.2121422419606724,2.2121422419606724,0.0,1
AR-Ridge,decision,Agriculture:h12:f1:o347,6,2.1469419215661114,2.1469419215661114,0.0,1
AR-Ridge,decision,Agriculture:h12:f1:o347,7,2.079381574364049,2.079381574364049,0.0,1
AR-Ridge,decision,Agriculture:h12:f1:o347,8,2.016017351787869,2.016017351787869,0.0,1
AR-Ridge,decision,Agriculture:h12:f1:o347,9,1.9861422202086216,1.9861422202086216,0.0,1
AR-Ridge,decision,Agriculture:h12:f1:o347,10,1.9813413795112784,1.9813413795112784,0.0,1
AR-Ridge,decision,Agriculture:h12:f1:o347,11,1.9795712006843658,1.9795712006843658,0.0,1
AR-Ridge,decision,Agriculture:h12:f1:o347,12,1.9714607630663965,1.9714607630663965,0.0,1
AR-Ridge,decision,Agriculture:h12:f1:o348,1,2.446669916907061,2.446669916907061,0.0,1
AR-Ridge,decision,Agriculture:h12:f1:o348,2,2.3934692208229196,2.3934692208229196,0.0,1
AR-Ridge,decision,Agriculture:h12:f1:o348,3,2.3383898107913104,2.3383898107913104,0.0,1
AR-Ridge,decision,Agriculture:h12:f1:o348,4,2.293207836617326,2.293207836617326,0.0,1
AR-Ridge,decision,Agriculture:h12:f1:o348,5,2.2243501929951295,2.2243501929951295,0.0,1
AR-Ridge,decision,Agriculture:h12:f1:o348,6,2.156140120869981,2.156140120869981,0.0,1
AR-Ridge,decision,Agriculture:h12:f1:o348,7,2.0828025113254527,2.0828025113254527,0.0,1
AR-Ridge,decision,Agriculture:h12:f1:o348,8,2.0378909210909617,2.0378909210909617,0.0,1
AR-Ridge,decision,Agriculture:h12:f1:o348,9,2.029292966473652,2.029292966473652,0.0,1
AR-Ridge,decision,Agriculture:h12:f1:o348,10,2.0299101913751403,2.0299101913751403,0.0,1
AR-Ridge,decision,Agriculture:h12:f1:o348,11,2.033528722517568,2.033528722517568,0.0,1
AR-Ridge,decision,Agriculture:h12:f1:o348,12,2.023704477130914,2.023704477130914,0.0,1
AR-Ridge,decision,Agriculture:h12:f1:o349,1,2.607137588498819,2.607137588498819,0.0,1
AR-Ridge,decision,Agriculture:h12:f1:o349,2,2.5331308793497036,2.5331308793497036,0.0,1
AR-Ridge,decision,Agriculture:h12:f1:o349,3,2.459665951363103,2.459665951363103,0.0,1
AR-Ridge,decision,Agriculture:h12:f1:o349,4,2.401546111845812,2.401546111845812,0.0,1
AR-Ridge,decision,Agriculture:h12:f1:o349,5,2.333972399435308,2.333972399435308,0.0,1
AR-Ridge,decision,Agriculture:h12:f1:o349,6,2.25487866258592,2.25487866258592,0.0,1
AR-Ridge,decision,Agriculture:h12:f1:o349,7,2.184608302923729,2.184608302923729,0.0,1
AR-Ridge,decision,Agriculture:h12:f1:o349,8,2.1408036768130527,2.1408036768130527,0.0,1
AR-Ridge,decision,Agriculture:h12:f1:o349,9,2.130779008227195,2.130779008227195,0.0,1
AR-Ridge,decision,Agriculture:h12:f1:o349,10,2.141158284376642,2.141158284376642,0.0,1
AR-Ridge,decision,Agriculture:h12:f1:o349,11,2.1485120322901428,2.1485120322901428,0.0,1
AR-Ridge,decision,Agriculture:h12:f1:o349,12,2.135304903609741,2.135304903609741,0.0,1
AR-Ridge,decision,Agriculture:h12:f1:o350,1,2.582655778276704,2.582655778276704,0.0,1
AR-Ridge,decision,Agriculture:h12:f1:o350,2,2.5039767363934655,2.5039767363934655,0.0,1
AR-Ridge,decision,Agriculture:h12:f1:o350,3,2.437417223144018,2.437417223144018,0.0,1
AR-Ridge,decision,Agriculture:h12:f1:o350,4,2.3806849620284782,2.3806849620284782,0.0,1
AR-Ridge,decision,Agriculture:h12:f1:o350,5,2.305386710159482,2.305386710159482,0.0,1
AR-Ridge,decision,Agriculture:h12:f1:o350,6,2.24075399260708,2.24075399260708,0.0,1
AR-Ridge,decision,Agriculture:h12:f1:o350,7,2.1888874795936935,2.1888874795936935,0.0,1
AR-Ridge,decision,Agriculture:h12:f1:o350,8,2.1645774716771022,2.1645774716771022,0.0,1
AR-Ridge,decision,Agriculture:h12:f1:o350,9,2.171284829891942,2.171284829891942,0.0,1
AR-Ridge,decision,Agriculture:h12:f1:o350,10,2.1802173312665745,2.1802173312665745,0.0,1
AR-Ridge,decision,Agriculture:h12:f1:o350,11,2.177921855340257,2.177921855340257,0.0,1
AR-Ridge,decision,Agriculture:h12:f1:o350,12,2.138917881489438,2.138917881489438,0.0,1
AR-Ridge,decision,Agriculture:h12:f1:o351,1,2.3434241520917265,2.3434241520917265,0.0,1
AR-Ridge,decision,Agriculture:h12:f1:o351,2,2.2874097062158163,2.2874097062158163,0.0,1
AR-Ridge,decision,Agriculture:h12:f1:o351,3,2.2520076971430427,2.2520076971430427,0.0,1
AR-Ridge,decision,Agriculture:h12:f1:o351,4,2.211891083120955,2.211891083120955,0.0,1
AR-Ridge,decision,Agriculture:h12:f1:o351,5,2.177636582298531,2.177636582298531,0.0,1
AR-Ridge,decision,Agriculture:h12:f1:o351,6,2.150558008231976,2.150558008231976,0.0,1
AR-Ridge,decision,Agriculture:h12:f1:o351,7,2.1274982202779986,2.1274982202779986,0.0,1
AR-Ridge,decision,Agriculture:h12:f1:o351,8,2.1283820926066617,2.1283820926066617,0.0,1
AR-Ridge,decision,Agriculture:h12:f1:o351,9,2.1352513271755327,2.1352513271755327,0.0,1
AR-Ridge,decision,Agriculture:h12:f1:o351,10,2.131532603826481,2.131532603826481,0.0,1
AR-Ridge,decision,Agriculture:h12:f1:o351,11,2.09436698661018,2.09436698661018,0.0,1
AR-Ridge,decision,Agriculture:h12:f1:o351,12,2.050157290197923,2.050157290197923,0.0,1
AR-Ridge,decision,Agriculture:h12:f1:o352,1,2.503878677941203,2.503878677941203,0.0,1
AR-Ridge,decision,Agriculture:h12:f1:o352,2,2.4513752432215012,2.4513752432215012,0.0,1
AR-Ridge,decision,Agriculture:h12:f1:o352,3,2.379402973360081,2.379402973360081,0.0,1
AR-Ridge,decision,Agriculture:h12:f1:o352,4,2.332096634037123,2.332096634037123,0.0,1
AR-Ridge,decision,Agriculture:h12:f1:o352,5,2.2856432380218856,2.2856432380218856,0.0,1
AR-Ridge,decision,Agriculture:h12:f1:o352,6,2.2494001614267853,2.2494001614267853,0.0,1
AR-Ridge,decision,Agriculture:h12:f1:o352,7,2.236058800524341,2.236058800524341,0.0,1
AR-Ridge,decision,Agriculture:h12:f1:o352,8,2.2244233163492737,2.2244233163492737,0.0,1
AR-Ridge,decision,Agriculture:h12:f1:o352,9,2.2162027362018355,2.2162027362018355,0.0,1
AR-Ridge,decision,Agriculture:h12:f1:o352,10,2.1826628775237933,2.1826628775237933,0.0,1
AR-Ridge,decision,Agriculture:h12:f1:o352,11,2.1532023904255886,2.1532023904255886,0.0,1
AR-Ridge,decision,Agriculture:h12:f1:o352,12,2.133579828769906,2.133579828769906,0.0,1
AR-Ridge,decision,Agriculture:h12:f1:o353,1,2.6933105296871918,2.6933105296871918,0.0,1
AR-Ridge,decision,Agriculture:h12:f1:o353,2,2.60211640018687,2.60211640018687,0.0,1
AR-Ridge,decision,Agriculture:h12:f1:o353,3,2.519500253530416,2.519500253530416,0.0,1
AR-Ridge,decision,Agriculture:h12:f1:o353,4,2.459131294134968,2.459131294134968,0.0,1
AR-Ridge,decision,Agriculture:h12:f1:o353,5,2.401802644052276,2.401802644052276,0.0,1
AR-Ridge,decision,Agriculture:h12:f1:o353,6,2.3738925556678865,2.3738925556678865,0.0,1
AR-Ridge,decision,Agriculture:h12:f1:o353,7,2.3460287590309132,2.3460287590309132,0.0,1
AR-Ridge,decision,Agriculture:h12:f1:o353,8,2.3168687328029502,2.3168687328029502,0.0,1
AR-Ridge,decision,Agriculture:h12:f1:o353,9,2.278179972421641,2.278179972421641,0.0,1
AR-Ridge,decision,Agriculture:h12:f1:o353,10,2.252948879393107,2.252948879393107,0.0,1
AR-Ridge,decision,Agriculture:h12:f1:o353,11,2.249792793864071,2.249792793864071,0.0,1
AR-Ridge,decision,Agriculture:h12:f1:o353,12,2.2150685023989434,2.2150685023989434,0.0,1
AR-Ridge,decision,Agriculture:h12:f1:o354,1,2.6723066554732013,2.6723066554732013,0.0,1
AR-Ridge,decision,Agriculture:h12:f1:o354,2,2.583172455368791,2.583172455368791,0.0,1
AR-Ridge,decision,Agriculture:h12:f1:o354,3,2.5110606132329654,2.5110606132329654,0.0,1
AR-Ridge,decision,Agriculture:h12:f1:o354,4,2.4663566107541466,2.4663566107541466,0.0,1
AR-Ridge,decision,Agriculture:h12:f1:o354,5,2.444539506342012,2.444539506342012,0.0,1
AR-Ridge,decision,Agriculture:h12:f1:o354,6,2.4202017486359186,2.4202017486359186,0.0,1
AR-Ridge,decision,Agriculture:h12:f1:o354,7,2.3793363291003553,2.3793363291003553,0.0,1
AR-Ridge,decision,Agriculture:h12:f1:o354,8,2.3200908947557286,2.3200908947557286,0.0,1
AR-Ridge,decision,Agriculture:h12:f1:o354,9,2.288835483522098,2.288835483522098,0.0,1
AR-Ridge,decision,Agriculture:h12:f1:o354,10,2.2876461333503864,2.2876461333503864,0.0,1
AR-Ridge,decision,Agriculture:h12:f1:o354,11,2.2635399876410998,2.2635399876410998,0.0,1
AR-Ridge,decision,Agriculture:h12:f1:o354,12,2.2258441582925705,2.2258441582925705,0.0,1
AR-Ridge,decision,Agriculture:h12:f1:o355,1,2.4673857191052644,2.4673857191052644,0.0,1
AR-Ridge,decision,Agriculture:h12:f1:o355,2,2.4033766465750044,2.4033766465750044,0.0,1
AR-Ridge,decision,Agriculture:h12:f1:o355,3,2.372361560318095,2.372361560318095,0.0,1
AR-Ridge,decision,Agriculture:h12:f1:o355,4,2.3648455243094135,2.3648455243094135,0.0,1
AR-Ridge,decision,Agriculture:h12:f1:o355,5,2.351175163057262,2.351175163057262,0.0,1
AR-Ridge,decision,Agriculture:h12:f1:o355,6,2.32714102717394,2.32714102717394,0.0,1
AR-Ridge,decision,Agriculture:h12:f1:o355,7,2.2751464852670975,2.2751464852670975,0.0,1
AR-Ridge,decision,Agriculture:h12:f1:o355,8,2.2493252339654086,2.2493252339654086,0.0,1
AR-Ridge,decision,Agriculture:h12:f1:o355,9,2.2506193395898193,2.2506193395898193,0.0,1
AR-Ridge,decision,Agriculture:h12:f1:o355,10,2.224004327303964,2.224004327303964,0.0,1
AR-Ridge,decision,Agriculture:h12:f1:o355,11,2.1893261893525837,2.1893261893525837,0.0,1
AR-Ridge,decision,Agriculture:h12:f1:o355,12,2.1583756984449387,2.1583756984449387,0.0,1
AR-Ridge,decision,Agriculture:h12:f1:o356,1,2.436899105282765,2.436899105282765,0.0,1
AR-Ridge,decision,Agriculture:h12:f1:o356,2,2.402152321402153,2.402152321402153,0.0,1
AR-Ridge,decision,Agriculture:h12:f1:o356,3,2.3882901093121305,2.3882901093121305,0.0,1
AR-Ridge,decision,Agriculture:h12:f1:o356,4,2.3792099057048146,2.3792099057048146,0.0,1
AR-Ridge,decision,Agriculture:h12:f1:o356,5,2.353495410653886,2.353495410653886,0.0,1
AR-Ridge,decision,Agriculture:h12:f1:o356,6,2.3068037976911318,2.3068037976911318,0.0,1
AR-Ridge,decision,Agriculture:h12:f1:o356,7,2.277873195358823,2.277873195358823,0.0,1
AR-Ridge,decision,Agriculture:h12:f1:o356,8,2.273074294096723,2.273074294096723,0.0,1
AR-Ridge,decision,Agriculture:h12:f1:o356,9,2.245728609231724,2.245728609231724,0.0,1
AR-Ridge,decision,Agriculture:h12:f1:o356,10,2.2117336485424444,2.2117336485424444,0.0,1
AR-Ridge,decision,Agriculture:h12:f1:o356,11,2.190764847895457,2.190764847895457,0.0,1
AR-Ridge,decision,Agriculture:h12:f1:o356,12,2.166856946477207,2.166856946477207,0.0,1
AR-Ridge,decision,Agriculture:h12:f1:o357,1,2.4293381125540456,2.4293381125540456,0.0,1
AR-Ridge,decision,Agriculture:h12:f1:o357,2,2.413015019396396,2.413015019396396,0.0,1
AR-Ridge,decision,Agriculture:h12:f1:o357,3,2.395492332644813,2.395492332644813,0.0,1
AR-Ridge,decision,Agriculture:h12:f1:o357,4,2.3756513406886595,2.3756513406886595,0.0,1
AR-Ridge,decision,Agriculture:h12:f1:o357,5,2.328765616594856,2.328765616594856,0.0,1
AR-Ridge,decision,Agriculture:h12:f1:o357,6,2.306119204632175,2.306119204632175,0.0,1
AR-Ridge,decision,Agriculture:h12:f1:o357,7,2.298174103120864,2.298174103120864,0.0,1
AR-Ridge,decision,Agriculture:h12:f1:o357,8,2.260903671529712,2.260903671529712,0.0,1
AR-Ridge,decision,Agriculture:h12:f1:o357,9,2.2250101117835666,2.2250101117835666,0.0,1
AR-Ridge,decision,Agriculture:h12:f1:o357,10,2.203386746926665,2.203386746926665,0.0,1
AR-Ridge,decision,Agriculture:h12:f1:o357,11,2.190174977209483,2.190174977209483,0.0,1
AR-Ridge,decision,Agriculture:h12:f1:o357,12,2.1927223942685288,2.1927223942685288,0.0,1
AR-Ridge,decision,Agriculture:h12:f1:o358,1,2.3754827965952057,2.3754827965952057,0.0,1
AR-Ridge,decision,Agriculture:h12:f1:o358,2,2.359587215219064,2.359587215219064,0.0,1
AR-Ridge,decision,Agriculture:h12:f1:o358,3,2.3452473179690463,2.3452473179690463,0.0,1
AR-Ridge,decision,Agriculture:h12:f1:o358,4,2.3172892440393156,2.3172892440393156,0.0,1
AR-Ridge,decision,Agriculture:h12:f1:o358,5,2.3101423857693413,2.3101423857693413,0.0,1
AR-Ridge,decision,Agriculture:h12:f1:o358,6,2.3120815519567595,2.3120815519567595,0.0,1
AR-Ridge,decision,Agriculture:h12:f1:o358,7,2.2702863860314864,2.2702863860314864,0.0,1
AR-Ridge,decision,Agriculture:h12:f1:o358,8,2.2248596458783743,2.2248596458783743,0.0,1
AR-Ridge,decision,Agriculture:h12:f1:o358,9,2.199981100286893,2.199981100286893,0.0,1
AR-Ridge,decision,Agriculture:h12:f1:o358,10,2.187514734602913,2.187514734602913,0.0,1
AR-Ridge,decision,Agriculture:h12:f1:o358,11,2.1928485717796686,2.1928485717796686,0.0,1
AR-Ridge,decision,Agriculture:h12:f1:o358,12,2.2145268128993796,2.2145268128993796,0.0,1
AR-Ridge,decision,Agriculture:h12:f1:o359,1,2.3711092512759593,2.3711092512759593,0.0,1
AR-Ridge,decision,Agriculture:h12:f1:o359,2,2.3552425339017917,2.3552425339017917,0.0,1
AR-Ridge,decision,Agriculture:h12:f1:o359,3,2.323237148493393,2.323237148493393,0.0,1
AR-Ridge,decision,Agriculture:h12:f1:o359,4,2.3215944700544773,2.3215944700544773,0.0,1
AR-Ridge,decision,Agriculture:h12:f1:o359,5,2.3242641754486812,2.3242641754486812,0.0,1
AR-Ridge,decision,Agriculture:h12:f1:o359,6,2.288205712421098,2.288205712421098,0.0,1
AR-Ridge,decision,Agriculture:h12:f1:o359,7,2.2409177084485346,2.2409177084485346,0.0,1
AR-Ridge,decision,Agriculture:h12:f1:o359,8,2.2103533166522533,2.2103533166522533,0.0,1
AR-Ridge,decision,Agriculture:h12:f1:o359,9,2.197000287280196,2.197000287280196,0.0,1
AR-Ridge,decision,Agriculture:h12:f1:o359,10,2.202176365433138,2.202176365433138,0.0,1
AR-Ridge,decision,Agriculture:h12:f1:o359,11,2.2315248499538067,2.2315248499538067,0.0,1
AR-Ridge,decision,Agriculture:h12:f1:o359,12,2.260333310350237,2.260333310350237,0.0,1
AR-Ridge,decision,Agriculture:h12:f1:o360,1,2.376659744086434,2.376659744086434,0.0,1
AR-Ridge,decision,Agriculture:h12:f1:o360,2,2.341545775446955,2.341545775446955,0.0,1
AR-Ridge,decision,Agriculture:h12:f1:o360,3,2.335656651015956,2.335656651015956,0.0,1
AR-Ridge,decision,Agriculture:h12:f1:o360,4,2.3457353198503488,2.3457353198503488,0.0,1
AR-Ridge,decision,Agriculture:h12:f1:o360,5,2.310281873694555,2.310281873694555,0.0,1
AR-Ridge,decision,Agriculture:h12:f1:o360,6,2.2703095435563134,2.2703095435563134,0.0,1
AR-Ridge,decision,Agriculture:h12:f1:o360,7,2.236716445374615,2.236716445374615,0.0,1
AR-Ridge,decision,Agriculture:h12:f1:o360,8,2.2173842384327354,2.2173842384327354,0.0,1
AR-Ridge,decision,Agriculture:h12:f1:o360,9,2.2218572206248486,2.2218572206248486,0.0,1
AR-Ridge,decision,Agriculture:h12:f1:o360,10,2.2520115735572643,2.2520115735572643,0.0,1
AR-Ridge,decision,Agriculture:h12:f1:o360,11,2.29097397129895,2.29097397129895,0.0,1
AR-Ridge,decision,Agriculture:h12:f1:o360,12,2.3099572238227988,2.3099572238227988,0.0,1
