source_id,source,source_file,original_url,start_date,end_date,publication_verified,availability_time_proxy,proxy_is_verified_publication
c90ac76ab3b6f545,report,references/external/Time-MMD/textual/SocialGood/SocialGood_report.csv,,2008-01-01,2008-12-31,False,2008-12-31,False
cfb2b2ef1a32d864,report,references/external/Time-MMD/textual/SocialGood/SocialGood_report.csv,,2015-01-01,2015-12-31,False,2015-12-31,False
04820f89894fdc6f,report,references/external/Time-MMD/textual/SocialGood/SocialGood_report.csv,,2016-01-01,2016-12-31,False,2016-12-31,False
e4a7cb2505ff47cc,report,references/external/Time-MMD/textual/SocialGood/SocialGood_report.csv,,2017-01-01,2017-12-31,False,2017-12-31,False
65987b7d1f24178d,report,references/external/Time-MMD/textual/SocialGood/SocialGood_report.csv,,2018-01-01,2018-12-31,False,2018-12-31,False
7cb31b964530b65f,report,references/external/Time-MMD/textual/SocialGood/SocialGood_report.csv,,2019-01-01,2019-12-31,False,2019-12-31,False
e14630988cb50b41,report,references/external/Time-MMD/textual/SocialGood/SocialGood_report.csv,,2020-01-01,2020-12-31,False,2020-12-31,False
a30aad5706222237,report,references/external/Time-MMD/textual/SocialGood/SocialGood_report.csv,,2021-01-01,2021-12-31,False,2021-12-31,False
d1fc118711736a31,report,references/external/Time-MMD/textual/SocialGood/SocialGood_report.csv,,2022-01-01,2022-12-31,False,2022-12-31,False
0d4bb1db45b579d4,report,references/external/Time-MMD/textual/SocialGood/SocialGood_report.csv,,1994-01-01,1994-01-31,False,1994-01-31,False
b19d22d971969441,report,references/external/Time-MMD/textual/SocialGood/SocialGood_report.csv,,1994-02-01,1994-02-28,False,1994-02-28,False
b7d053c857f0c034,report,references/external/Time-MMD/textual/SocialGood/SocialGood_report.csv,,1994-03-01,1994-03-31,False,1994-03-31,False
7b2ec1e76861364e,report,references/external/Time-MMD/textual/SocialGood/SocialGood_report.csv,,1994-04-01,1994-04-30,False,1994-04-30,False
90f10e4d41a48dfa,report,references/external/Time-MMD/textual/SocialGood/SocialGood_report.csv,,1994-05-01,1994-05-31,False,1994-05-31,False
6443b4a7cf37bb3b,report,references/external/Time-MMD/textual/SocialGood/SocialGood_report.csv,,1994-06-01,1994-06-30,False,1994-06-30,False
1efbbed0d4254111,report,references/external/Time-MMD/textual/SocialGood/SocialGood_report.csv,,1994-07-01,1994-07-31,False,1994-07-31,False
4244400ce3882015,report,references/external/Time-MMD/textual/SocialGood/SocialGood_report.csv,,1994-08-01,1994-08-31,False,1994-08-31,False
0a5efc6bb33b63cf,report,references/external/Time-MMD/textual/SocialGood/SocialGood_report.csv,,1994-09-01,1994-09-30,False,1994-09-30,False
29521ac2ae573962,report,references/external/Time-MMD/textual/SocialGood/SocialGood_report.csv,,1994-10-01,1994-10-31,False,1994-10-31,False
86bf0f45d6f37114,report,references/external/Time-MMD/textual/SocialGood/SocialGood_report.csv,,1994-11-01,1994-11-30,False,1994-11-30,False
21c1d5ca9fdb7329,report,references/external/Time-MMD/textual/SocialGood/SocialGood_report.csv,,1994-12-01,1994-12-31,False,1994-12-31,False
e06e84b468fd1f6a,report,references/external/Time-MMD/textual/SocialGood/SocialGood_report.csv,,1995-02-01,1995-02-28,False,1995-02-28,False
d82ec5180d6c2d54,report,references/external/Time-MMD/textual/SocialGood/SocialGood_report.csv,,1995-03-01,1995-03-31,False,1995-03-31,False
c5caa33c5e6f079f,report,references/external/Time-MMD/textual/SocialGood/SocialGood_report.csv,,1995-04-01,1995-04-30,False,1995-04-30,False
ce1b9509e1dc5f29,report,references/external/Time-MMD/textual/SocialGood/SocialGood_report.csv,,1995-06-01,1995-06-30,False,1995-06-30,False
7eb8e8da959abf4f,report,references/external/Time-MMD/textual/SocialGood/SocialGood_report.csv,,1995-07-01,1995-07-31,False,1995-07-31,False
0733d1ddbca2c6d6,report,references/external/Time-MMD/textual/SocialGood/SocialGood_report.csv,,1995-08-01,1995-08-31,False,1995-08-31,False
c437717d8175a90b,report,references/external/Time-MMD/textual/SocialGood/SocialGood_report.csv,,1995-09-01,1995-09-30,False,1995-09-30,False
f7fef8af63e51d7c,report,references/external/Time-MMD/textual/SocialGood/SocialGood_report.csv,,1995-10-01,1995-10-31,False,1995-10-31,False
a8b98c9bfdb78bf5,report,references/external/Time-MMD/textual/SocialGood/SocialGood_report.csv,,1995-12-01,1995-12-31,False,1995-12-31,False
60852337109e1518,report,references/external/Time-MMD/textual/SocialGood/SocialGood_report.csv,,1996-01-01,1996-01-31,False,1996-01-31,False
0fe133c2b1358346,report,references/external/Time-MMD/textual/SocialGood/SocialGood_report.csv,,1996-02-01,1996-02-29,False,1996-02-29,False
ff704b3646033d42,report,references/external/Time-MMD/textual/SocialGood/SocialGood_report.csv,,1996-03-01,1996-03-31,False,1996-03-31,False
dc15768a901b6047,report,references/external/Time-MMD/textual/SocialGood/SocialGood_report.csv,,1996-04-01,1996-04-30,False,1996-04-30,False
834708e0f5547418,report,references/external/Time-MMD/textual/SocialGood/SocialGood_report.csv,,1996-05-01,1996-05-31,False,1996-05-31,False
9fd146d19f991344,report,references/external/Time-MMD/textual/SocialGood/SocialGood_report.csv,,1996-06-01,1996-06-30,False,1996-06-30,False
3a95c8b0aa6b7a6c,report,references/external/Time-MMD/textual/SocialGood/SocialGood_report.csv,,1996-07-01,1996-07-31,False,1996-07-31,False
c5ea24e876a90e1a,report,references/external/Time-MMD/textual/SocialGood/SocialGood_report.csv,,1996-08-01,1996-08-31,False,1996-08-31,False
9b66b6d45894f749,report,references/external/Time-MMD/textual/SocialGood/SocialGood_report.csv,,1996-09-01,1996-09-30,False,1996-09-30,False
1b77eda194ab91b2,report,references/external/Time-MMD/textual/SocialGood/SocialGood_report.csv,,1996-10-01,1996-10-31,False,1996-10-31,False
b2395090f3cf663c,report,references/external/Time-MMD/textual/SocialGood/SocialGood_report.csv,,1996-11-01,1996-11-30,False,1996-11-30,False
a73da7451bff7091,report,references/external/Time-MMD/textual/SocialGood/SocialGood_report.csv,,1996-12-01,1996-12-31,False,1996-12-31,False
cd75d84771814516,report,references/external/Time-MMD/textual/SocialGood/SocialGood_report.csv,,1997-01-01,1997-01-31,False,1997-01-31,False
1ae86d2a3fe96bdf,report,references/external/Time-MMD/textual/SocialGood/SocialGood_report.csv,,1997-02-01,1997-02-28,False,1997-02-28,False
83fbdb573165f571,report,references/external/Time-MMD/textual/SocialGood/SocialGood_report.csv,,1997-03-01,1997-03-31,False,1997-03-31,False
9a17cd500b006e5a,report,references/external/Time-MMD/textual/SocialGood/SocialGood_report.csv,,1997-06-01,1997-06-30,False,1997-06-30,False
7ecd923c85e1ec1c,report,references/external/Time-MMD/textual/SocialGood/SocialGood_report.csv,,1997-08-01,1997-08-31,False,1997-08-31,False
0fa0eca227540c37,report,references/external/Time-MMD/textual/SocialGood/SocialGood_report.csv,,1997-09-01,1997-09-30,False,1997-09-30,False
c334f36707c58306,report,references/external/Time-MMD/textual/SocialGood/SocialGood_report.csv,,1997-11-01,1997-11-30,False,1997-11-30,False
44bd780faeb88a4a,report,references/external/Time-MMD/textual/SocialGood/SocialGood_report.csv,,1997-12-01,1997-12-31,False,1997-12-31,False
682d486379dec26a,report,references/external/Time-MMD/textual/SocialGood/SocialGood_report.csv,,1998-01-01,1998-01-31,False,1998-01-31,False
d2851fbd148e326c,report,references/external/Time-MMD/textual/SocialGood/SocialGood_report.csv,,1998-02-01,1998-02-28,False,1998-02-28,False
804378626bde344d,report,references/external/Time-MMD/textual/SocialGood/SocialGood_report.csv,,1998-04-01,1998-04-30,False,1998-04-30,False
67d036c1102c9f1e,report,references/external/Time-MMD/textual/SocialGood/SocialGood_report.csv,,1998-05-01,1998-05-31,False,1998-05-31,False
17901c744c5d06af,report,references/external/Time-MMD/textual/SocialGood/SocialGood_report.csv,,1998-06-01,1998-06-30,False,1998-06-30,False
49e3bb2220f906a5,report,references/external/Time-MMD/textual/SocialGood/SocialGood_report.csv,,1998-07-01,1998-07-31,False,1998-07-31,False
f1ab90e94e1d1b68,report,references/external/Time-MMD/textual/SocialGood/SocialGood_report.csv,,1998-08-01,1998-08-31,False,1998-08-31,False
2f813f81ba14b758,report,references/external/Time-MMD/textual/SocialGood/SocialGood_report.csv,,1998-09-01,1998-09-30,False,1998-09-30,False
fd693c42fb88ae0d,report,references/external/Time-MMD/textual/SocialGood/SocialGood_report.csv,,1998-10-01,1998-10-31,False,1998-10-31,False
22249c4f3ba055b2,report,references/external/Time-MMD/textual/SocialGood/SocialGood_report.csv,,1998-11-01,1998-11-30,False,1998-11-30,False
d2ee9c55577d6862,report,references/external/Time-MMD/textual/SocialGood/SocialGood_report.csv,,1998-12-01,1998-12-31,False,1998-12-31,False
201045f162e244ce,report,references/external/Time-MMD/textual/SocialGood/SocialGood_report.csv,,1999-02-01,1999-02-28,False,1999-02-28,False
7d490d89ae833b04,report,references/external/Time-MMD/textual/SocialGood/SocialGood_report.csv,,1999-03-01,1999-03-31,False,1999-03-31,False
52c4262a57807a22,report,references/external/Time-MMD/textual/SocialGood/SocialGood_report.csv,,1999-06-01,1999-06-30,False,1999-06-30,False
3b2f27448415f0c6,report,references/external/Time-MMD/textual/SocialGood/SocialGood_report.csv,,1999-07-01,1999-07-31,False,1999-07-31,False
f8d43624da07d836,report,references/external/Time-MMD/textual/SocialGood/SocialGood_report.csv,,1999-10-01,1999-10-31,False,1999-10-31,False
8cfdeead2e370dba,report,references/external/Time-MMD/textual/SocialGood/SocialGood_report.csv,,1999-11-01,1999-11-30,False,1999-11-30,False
193d680ce081c90a,report,references/external/Time-MMD/textual/SocialGood/SocialGood_report.csv,,2000-01-01,2000-01-31,False,2000-01-31,False
5534d5637143c0de,report,references/external/Time-MMD/textual/SocialGood/SocialGood_report.csv,,2000-02-01,2000-02-29,False,2000-02-29,False
f799c5198c84ad66,report,references/external/Time-MMD/textual/SocialGood/SocialGood_report.csv,,2000-04-01,2000-04-30,False,2000-04-30,False
98cad9527949d7d9,report,references/external/Time-MMD/textual/SocialGood/SocialGood_report.csv,,2000-06-01,2000-06-30,False,2000-06-30,False
223e4dc6231224f6,report,references/external/Time-MMD/textual/SocialGood/SocialGood_report.csv,,2000-07-01,2000-07-31,False,2000-07-31,False
e128c91322f01d52,report,references/external/Time-MMD/textual/SocialGood/SocialGood_report.csv,,2000-09-01,2000-09-30,False,2000-09-30,False
f70e3e661d463d81,report,references/external/Time-MMD/textual/SocialGood/SocialGood_report.csv,,2000-10-01,2000-10-31,False,2000-10-31,False
ae5e6d8dc5a7d3c8,report,references/external/Time-MMD/textual/SocialGood/SocialGood_report.csv,,2000-11-01,2000-11-30,False,2000-11-30,False
28c3cceb4798c000,report,references/external/Time-MMD/textual/SocialGood/SocialGood_report.csv,,2001-01-01,2001-01-31,False,2001-01-31,False
a0d7126681a69ccd,report,references/external/Time-MMD/textual/SocialGood/SocialGood_report.csv,,2001-02-01,2001-02-28,False,2001-02-28,False
66c97b31b576256e,report,references/external/Time-MMD/textual/SocialGood/SocialGood_report.csv,,2001-03-01,2001-03-31,False,2001-03-31,False
d3c589850fd9eee5,report,references/external/Time-MMD/textual/SocialGood/SocialGood_report.csv,,2001-04-01,2001-04-30,False,2001-04-30,False
2ba2942d971cd3a6,report,references/external/Time-MMD/textual/SocialGood/SocialGood_report.csv,,2001-05-01,2001-05-31,False,2001-05-31,False
86cadf3bab2a288d,report,references/external/Time-MMD/textual/SocialGood/SocialGood_report.csv,,2001-06-01,2001-06-30,False,2001-06-30,False
5c77e8a18ebfc419,report,references/external/Time-MMD/textual/SocialGood/SocialGood_report.csv,,2001-07-01,2001-07-31,False,2001-07-31,False
245195c3694914a7,report,references/external/Time-MMD/textual/SocialGood/SocialGood_report.csv,,2001-08-01,2001-08-31,False,2001-08-31,False
ff9ccfe89a127b19,report,references/external/Time-MMD/textual/SocialGood/SocialGood_report.csv,,2001-09-01,2001-09-30,False,2001-09-30,False
f934b44d28ed7177,report,references/external/Time-MMD/textual/SocialGood/SocialGood_report.csv,,2001-10-01,2001-10-31,False,2001-10-31,False
f1557ea22e962a11,report,references/external/Time-MMD/textual/SocialGood/SocialGood_report.csv,,2001-11-01,2001-11-30,False,2001-11-30,False
075a7ebce02cdab3,report,references/external/Time-MMD/textual/SocialGood/SocialGood_report.csv,,2001-12-01,2001-12-31,False,2001-12-31,False
9b83a69dcef038d7,report,references/external/Time-MMD/textual/SocialGood/SocialGood_report.csv,,2002-01-01,2002-01-31,False,2002-01-31,False
206479b0ec63e39d,report,references/external/Time-MMD/textual/SocialGood/SocialGood_report.csv,,2002-04-01,2002-04-30,False,2002-04-30,False
e382ac7abfd6b816,report,references/external/Time-MMD/textual/SocialGood/SocialGood_report.csv,,2002-05-01,2002-05-31,False,2002-05-31,False
ced281ba5a0d667a,report,references/external/Time-MMD/textual/SocialGood/SocialGood_report.csv,,2002-06-01,2002-06-30,False,2002-06-30,False
7268f4afb23cbc2a,report,references/external/Time-MMD/textual/SocialGood/SocialGood_report.csv,,2002-07-01,2002-07-31,False,2002-07-31,False
ec59c5ff9f9b0286,report,references/external/Time-MMD/textual/SocialGood/SocialGood_report.csv,,2002-08-01,2002-08-31,False,2002-08-31,False
e0422c57fe3c5a8e,report,references/external/Time-MMD/textual/SocialGood/SocialGood_report.csv,,2002-09-01,2002-09-30,False,2002-09-30,False
3591a0f53cdd3fdc,report,references/external/Time-MMD/textual/SocialGood/SocialGood_report.csv,,2002-10-01,2002-10-31,False,2002-10-31,False
3b6f2d08b71cc806,report,references/external/Time-MMD/textual/SocialGood/SocialGood_report.csv,,2002-12-01,2002-12-31,False,2002-12-31,False
fcfcc7bfe677b6bf,report,references/external/Time-MMD/textual/SocialGood/SocialGood_report.csv,,2003-01-01,2003-01-31,False,2003-01-31,False
4f1957ed817b0ec0,report,references/external/Time-MMD/textual/SocialGood/SocialGood_report.csv,,2003-02-01,2003-02-28,False,2003-02-28,False
7fd17d7492a455f0,report,references/external/Time-MMD/textual/SocialGood/SocialGood_report.csv,,2003-03-01,2003-03-31,False,2003-03-31,False
8df10e31082b3e10,report,references/external/Time-MMD/textual/SocialGood/SocialGood_report.csv,,2003-04-01,2003-04-30,False,2003-04-30,False
168ece56a436bed2,report,references/external/Time-MMD/textual/SocialGood/SocialGood_report.csv,,2003-06-01,2003-06-30,False,2003-06-30,False
b3ab3bb4c4c56025,report,references/external/Time-MMD/textual/SocialGood/SocialGood_report.csv,,2003-07-01,2003-07-31,False,2003-07-31,False
a90fd65de5e334e9,report,references/external/Time-MMD/textual/SocialGood/SocialGood_report.csv,,2003-08-01,2003-08-31,False,2003-08-31,False
2b0df616b98b8466,report,references/external/Time-MMD/textual/SocialGood/SocialGood_report.csv,,2003-09-01,2003-09-30,False,2003-09-30,False
fb7bc33e7e6bce6f,report,references/external/Time-MMD/textual/SocialGood/SocialGood_report.csv,,2004-01-01,2004-01-31,False,2004-01-31,False
b65ce801890d76a4,report,references/external/Time-MMD/textual/SocialGood/SocialGood_report.csv,,2004-02-01,2004-02-29,False,2004-02-29,False
b1e693623570b160,report,references/external/Time-MMD/textual/SocialGood/SocialGood_report.csv,,2004-03-01,2004-03-31,False,2004-03-31,False
fe3128186724bd7e,report,references/external/Time-MMD/textual/SocialGood/SocialGood_report.csv,,2004-04-01,2004-04-30,False,2004-04-30,False
1f3636d567ff1431,report,references/external/Time-MMD/textual/SocialGood/SocialGood_report.csv,,2004-05-01,2004-05-31,False,2004-05-31,False
a234cbd92e5ffdbb,report,references/external/Time-MMD/textual/SocialGood/SocialGood_report.csv,,2004-07-01,2004-07-31,False,2004-07-31,False
07ac004ba8b5af77,report,references/external/Time-MMD/textual/SocialGood/SocialGood_report.csv,,2004-09-01,2004-09-30,False,2004-09-30,False
3e4f188668f5dc37,report,references/external/Time-MMD/textual/SocialGood/SocialGood_report.csv,,2004-10-01,2004-10-31,False,2004-10-31,False
0bcdde97049e9444,report,references/external/Time-MMD/textual/SocialGood/SocialGood_report.csv,,2005-01-01,2005-01-31,False,2005-01-31,False
fb670705ab83eaa8,report,references/external/Time-MMD/textual/SocialGood/SocialGood_report.csv,,2005-02-01,2005-02-28,False,2005-02-28,False
b9f5ed7dcf8736bf,report,references/external/Time-MMD/textual/SocialGood/SocialGood_report.csv,,2005-03-01,2005-03-31,False,2005-03-31,False
8780ffac2727e417,report,references/external/Time-MMD/textual/SocialGood/SocialGood_report.csv,,2005-04-01,2005-04-30,False,2005-04-30,False
ede11bafe0806043,report,references/external/Time-MMD/textual/SocialGood/SocialGood_report.csv,,2005-05-01,2005-05-31,False,2005-05-31,False
e88e99d81055edb1,report,references/external/Time-MMD/textual/SocialGood/SocialGood_report.csv,,2005-06-01,2005-06-30,False,2005-06-30,False
e74e55e1873132cc,report,references/external/Time-MMD/textual/SocialGood/SocialGood_report.csv,,2005-07-01,2005-07-31,False,2005-07-31,False
b8a4ea6f046b698a,report,references/external/Time-MMD/textual/SocialGood/SocialGood_report.csv,,2005-08-01,2005-08-31,False,2005-08-31,False
716b9f50bd4f3af5,report,references/external/Time-MMD/textual/SocialGood/SocialGood_report.csv,,2005-12-01,2005-12-31,False,2005-12-31,False
dd9d231b0436eec0,report,references/external/Time-MMD/textual/SocialGood/SocialGood_report.csv,,2006-02-01,2006-02-28,False,2006-02-28,False
c4e429c3212755fc,report,references/external/Time-MMD/textual/SocialGood/SocialGood_report.csv,,2006-03-01,2006-03-31,False,2006-03-31,False
96808830141bb162,report,references/external/Time-MMD/textual/SocialGood/SocialGood_report.csv,,2006-04-01,2006-04-30,False,2006-04-30,False
3b50f32ae33ac6fe,report,references/external/Time-MMD/textual/SocialGood/SocialGood_report.csv,,2006-06-01,2006-06-30,False,2006-06-30,False
cead67a7d3555e75,report,references/external/Time-MMD/textual/SocialGood/SocialGood_report.csv,,2006-07-01,2006-07-31,False,2006-07-31,False
c26d4dd24c466708,report,references/external/Time-MMD/textual/SocialGood/SocialGood_report.csv,,2006-08-01,2006-08-31,False,2006-08-31,False
8361f3cc3bf5bee5,report,references/external/Time-MMD/textual/SocialGood/SocialGood_report.csv,,2006-10-01,2006-10-31,False,2006-10-31,False
5b5b39c600f44eea,report,references/external/Time-MMD/textual/SocialGood/SocialGood_report.csv,,2006-11-01,2006-11-30,False,2006-11-30,False
026d00be65cd571c,report,references/external/Time-MMD/textual/SocialGood/SocialGood_report.csv,,2007-01-01,2007-01-31,False,2007-01-31,False
510ce5b25b525c28,report,references/external/Time-MMD/textual/SocialGood/SocialGood_report.csv,,2007-02-01,2007-02-28,False,2007-02-28,False
e9f688ff395eed9c,report,references/external/Time-MMD/textual/SocialGood/SocialGood_report.csv,,2007-03-01,2007-03-31,False,2007-03-31,False
c6c347bc06ce7916,report,references/external/Time-MMD/textual/SocialGood/SocialGood_report.csv,,2007-04-01,2007-04-30,False,2007-04-30,False
3b3755967775f8bf,report,references/external/Time-MMD/textual/SocialGood/SocialGood_report.csv,,2007-05-01,2007-05-31,False,2007-05-31,False
aa0334d345efd9be,report,references/external/Time-MMD/textual/SocialGood/SocialGood_report.csv,,2007-07-01,2007-07-31,False,2007-07-31,False
e5d1ab72e14700bb,report,references/external/Time-MMD/textual/SocialGood/SocialGood_report.csv,,2007-08-01,2007-08-31,False,2007-08-31,False
608545a923e632a0,report,references/external/Time-MMD/textual/SocialGood/SocialGood_report.csv,,2007-09-01,2007-09-30,False,2007-09-30,False
50532ecf0cda0013,report,references/external/Time-MMD/textual/SocialGood/SocialGood_report.csv,,2007-10-01,2007-10-31,False,2007-10-31,False
8de8d72e96bd0336,report,references/external/Time-MMD/textual/SocialGood/SocialGood_report.csv,,2008-01-01,2008-01-31,False,2008-01-31,False
ff711936fc7c682e,report,references/external/Time-MMD/textual/SocialGood/SocialGood_report.csv,,2008-02-01,2008-02-29,False,2008-02-29,False
9091b409ace0639d,report,references/external/Time-MMD/textual/SocialGood/SocialGood_report.csv,,2008-03-01,2008-03-31,False,2008-03-31,False
2289dfe833749d01,report,references/external/Time-MMD/textual/SocialGood/SocialGood_report.csv,,2008-04-01,2008-04-30,False,2008-04-30,False
48be0471783822f0,report,references/external/Time-MMD/textual/SocialGood/SocialGood_report.csv,,2008-05-01,2008-05-31,False,2008-05-31,False
cda1044668d4b568,report,references/external/Time-MMD/textual/SocialGood/SocialGood_report.csv,,2008-06-01,2008-06-30,False,2008-06-30,False
5ca24efd2a2f3c8a,report,references/external/Time-MMD/textual/SocialGood/SocialGood_report.csv,,2008-07-01,2008-07-31,False,2008-07-31,False
9e62af1d14639c9a,report,references/external/Time-MMD/textual/SocialGood/SocialGood_report.csv,,2008-09-01,2008-09-30,False,2008-09-30,False
6ba483f323937a87,report,references/external/Time-MMD/textual/SocialGood/SocialGood_report.csv,,2008-10-01,2008-10-31,False,2008-10-31,False
89c34e5b5442d7d7,report,references/external/Time-MMD/textual/SocialGood/SocialGood_report.csv,,2008-11-01,2008-11-30,False,2008-11-30,False
a9167947955f4f71,report,references/external/Time-MMD/textual/SocialGood/SocialGood_report.csv,,2008-12-01,2008-12-31,False,2008-12-31,False
84868db1dcbf11bd,report,references/external/Time-MMD/textual/SocialGood/SocialGood_report.csv,,2009-01-01,2009-01-31,False,2009-01-31,False
5a45c7985194579a,report,references/external/Time-MMD/textual/SocialGood/SocialGood_report.csv,,2009-02-01,2009-02-28,False,2009-02-28,False
1f88a60914ec2a42,report,references/external/Time-MMD/textual/SocialGood/SocialGood_report.csv,,2009-03-01,2009-03-31,False,2009-03-31,False
2402e34afd522d1e,report,references/external/Time-MMD/textual/SocialGood/SocialGood_report.csv,,2009-06-01,2009-06-30,False,2009-06-30,False
65e54d8ac56c0ae7,report,references/external/Time-MMD/textual/SocialGood/SocialGood_report.csv,,2009-08-01,2009-08-31,False,2009-08-31,False
f7a18f68850f54f2,report,references/external/Time-MMD/textual/SocialGood/SocialGood_report.csv,,2009-10-01,2009-10-31,False,2009-10-31,False
497bdf1c51c8b155,report,references/external/Time-MMD/textual/SocialGood/SocialGood_report.csv,,2009-11-01,2009-11-30,False,2009-11-30,False
51b49fb52d09f888,report,references/external/Time-MMD/textual/SocialGood/SocialGood_report.csv,,2010-02-01,2010-02-28,False,2010-02-28,False
0890d0deb0f6be5f,report,references/external/Time-MMD/textual/SocialGood/SocialGood_report.csv,,2010-04-01,2010-04-30,False,2010-04-30,False
db295564e2c079a3,report,references/external/Time-MMD/textual/SocialGood/SocialGood_report.csv,,2010-05-01,2010-05-31,False,2010-05-31,False
1b6e6d3aae10e6c5,report,references/external/Time-MMD/textual/SocialGood/SocialGood_report.csv,,2010-06-01,2010-06-30,False,2010-06-30,False
a62e9cd5a4b06285,report,references/external/Time-MMD/textual/SocialGood/SocialGood_report.csv,,2010-07-01,2010-07-31,False,2010-07-31,False
12f360c2896b8691,report,references/external/Time-MMD/textual/SocialGood/SocialGood_report.csv,,2010-08-01,2010-08-31,False,2010-08-31,False
c867ef52759bfe0c,report,references/external/Time-MMD/textual/SocialGood/SocialGood_report.csv,,2010-10-01,2010-10-31,False,2010-10-31,False
c1be5a03ca3024e4,report,references/external/Time-MMD/textual/SocialGood/SocialGood_report.csv,,2010-12-01,2010-12-31,False,2010-12-31,False
18ddc5d34d71f092,report,references/external/Time-MMD/textual/SocialGood/SocialGood_report.csv,,2011-01-01,2011-01-31,False,2011-01-31,False
31a38297df7c6cd7,report,references/external/Time-MMD/textual/SocialGood/SocialGood_report.csv,,2011-02-01,2011-02-28,False,2011-02-28,False
3ae01a881ebdf980,report,references/external/Time-MMD/textual/SocialGood/SocialGood_report.csv,,2011-03-01,2011-03-31,False,2011-03-31,False
0260a51aa6ed1751,report,references/external/Time-MMD/textual/SocialGood/SocialGood_report.csv,,2011-04-01,2011-04-30,False,2011-04-30,False
64a1ca6e8a10adae,report,references/external/Time-MMD/textual/SocialGood/SocialGood_report.csv,,2011-05-01,2011-05-31,False,2011-05-31,False
2293d1af708e881c,report,references/external/Time-MMD/textual/SocialGood/SocialGood_report.csv,,2011-06-01,2011-06-30,False,2011-06-30,False
3dd691e84081bca4,report,references/external/Time-MMD/textual/SocialGood/SocialGood_report.csv,,2011-07-01,2011-07-31,False,2011-07-31,False
624adf575f328063,report,references/external/Time-MMD/textual/SocialGood/SocialGood_report.csv,,2011-12-01,2011-12-31,False,2011-12-31,False
906763dcae0e2db8,report,references/external/Time-MMD/textual/SocialGood/SocialGood_report.csv,,2012-01-01,2012-01-31,False,2012-01-31,False
e532990d1cc9b9b8,report,references/external/Time-MMD/textual/SocialGood/SocialGood_report.csv,,2012-02-01,2012-02-29,False,2012-02-29,False
a620e5d0318c3a35,report,references/external/Time-MMD/textual/SocialGood/SocialGood_report.csv,,2012-03-01,2012-03-31,False,2012-03-31,False
6351dd5881878596,report,references/external/Time-MMD/textual/SocialGood/SocialGood_report.csv,,2012-04-01,2012-04-30,False,2012-04-30,False
ae0f06a5250bdc96,report,references/external/Time-MMD/textual/SocialGood/SocialGood_report.csv,,2012-05-01,2012-05-31,False,2012-05-31,False
ad42caa7711eab15,report,references/external/Time-MMD/textual/SocialGood/SocialGood_report.csv,,2012-06-01,2012-06-30,False,2012-06-30,False
c09d4376dc473855,report,references/external/Time-MMD/textual/SocialGood/SocialGood_report.csv,,2012-07-01,2012-07-31,False,2012-07-31,False
29a60d2a9035bada,report,references/external/Time-MMD/textual/SocialGood/SocialGood_report.csv,,2012-08-01,2012-08-31,False,2012-08-31,False
8310c7b5a64bb19e,report,references/external/Time-MMD/textual/SocialGood/SocialGood_report.csv,,2012-09-01,2012-09-30,False,2012-09-30,False
5e55ddcb6f67bff6,report,references/external/Time-MMD/textual/SocialGood/SocialGood_report.csv,,2012-10-01,2012-10-31,False,2012-10-31,False
374a1a0c8cc1625f,report,references/external/Time-MMD/textual/SocialGood/SocialGood_report.csv,,2012-11-01,2012-11-30,False,2012-11-30,False
af8a31daa85cfbdd,report,references/external/Time-MMD/textual/SocialGood/SocialGood_report.csv,,2012-12-01,2012-12-31,False,2012-12-31,False
be06c0d71a0ed147,report,references/external/Time-MMD/textual/SocialGood/SocialGood_report.csv,,2013-01-01,2013-01-31,False,2013-01-31,False
82e1f9fb052dd1ba,report,references/external/Time-MMD/textual/SocialGood/SocialGood_report.csv,,2013-03-01,2013-03-31,False,2013-03-31,False
bb9bfd8529ef851f,report,references/external/Time-MMD/textual/SocialGood/SocialGood_report.csv,,2013-04-01,2013-04-30,False,2013-04-30,False
89bde0a5388561b6,report,references/external/Time-MMD/textual/SocialGood/SocialGood_report.csv,,2013-05-01,2013-05-31,False,2013-05-31,False
b5e8c98281338e30,report,references/external/Time-MMD/textual/SocialGood/SocialGood_report.csv,,2013-06-01,2013-06-30,False,2013-06-30,False
680442a7ea0c1293,report,references/external/Time-MMD/textual/SocialGood/SocialGood_report.csv,,2013-07-01,2013-07-31,False,2013-07-31,False
af557998401006d4,report,references/external/Time-MMD/textual/SocialGood/SocialGood_report.csv,,2013-08-01,2013-08-31,False,2013-08-31,False
a36574106bf96887,report,references/external/Time-MMD/textual/SocialGood/SocialGood_report.csv,,2013-09-01,2013-09-30,False,2013-09-30,False
dde743eacb712d1a,report,references/external/Time-MMD/textual/SocialGood/SocialGood_report.csv,,2013-10-01,2013-10-31,False,2013-10-31,False
cf72baaec49efc0c,report,references/external/Time-MMD/textual/SocialGood/SocialGood_report.csv,,2013-12-01,2013-12-31,False,2013-12-31,False
226ce14ef999d7e9,report,references/external/Time-MMD/textual/SocialGood/SocialGood_report.csv,,2014-01-01,2014-01-31,False,2014-01-31,False
80fd01ea15690884,report,references/external/Time-MMD/textual/SocialGood/SocialGood_report.csv,,2014-02-01,2014-02-28,False,2014-02-28,False
ebfb4d2b39bca4fe,report,references/external/Time-MMD/textual/SocialGood/SocialGood_report.csv,,2014-03-01,2014-03-31,False,2014-03-31,False
b4ad70d3710a5e08,report,references/external/Time-MMD/textual/SocialGood/SocialGood_report.csv,,2014-04-01,2014-04-30,False,2014-04-30,False
bfdcd25ef8c0b33d,report,references/external/Time-MMD/textual/SocialGood/SocialGood_report.csv,,2014-05-01,2014-05-31,False,2014-05-31,False
4b3eccd5269f768c,report,references/external/Time-MMD/textual/SocialGood/SocialGood_report.csv,,2014-06-01,2014-06-30,False,2014-06-30,False
2a3da9973a005302,report,references/external/Time-MMD/textual/SocialGood/SocialGood_report.csv,,2014-07-01,2014-07-31,False,2014-07-31,False
c565371c382ac454,report,references/external/Time-MMD/textual/SocialGood/SocialGood_report.csv,,2014-08-01,2014-08-31,False,2014-08-31,False
27975a2a088464ab,report,references/external/Time-MMD/textual/SocialGood/SocialGood_report.csv,,2014-09-01,2014-09-30,False,2014-09-30,False
c524fd4b92ece708,report,references/external/Time-MMD/textual/SocialGood/SocialGood_report.csv,,2014-10-01,2014-10-31,False,2014-10-31,False
88f7a89a136bf1cf,report,references/external/Time-MMD/textual/SocialGood/SocialGood_report.csv,,2014-11-01,2014-11-30,False,2014-11-30,False
de5ac7b573aa2211,report,references/external/Time-MMD/textual/SocialGood/SocialGood_report.csv,,2014-12-01,2014-12-31,False,2014-12-31,False
6dd053f914697929,report,references/external/Time-MMD/textual/SocialGood/SocialGood_report.csv,,2015-01-01,2015-01-31,False,2015-01-31,False
7a54a9fa86e514d3,report,references/external/Time-MMD/textual/SocialGood/SocialGood_report.csv,,2015-02-01,2015-02-28,False,2015-02-28,False
2d7eee5edc23b7c2,report,references/external/Time-MMD/textual/SocialGood/SocialGood_report.csv,,2015-03-01,2015-03-31,False,2015-03-31,False
a2fd1bd41c6405a9,report,references/external/Time-MMD/textual/SocialGood/SocialGood_report.csv,,2015-04-01,2015-04-30,False,2015-04-30,False
d9e0c226a5edbc7d,report,references/external/Time-MMD/textual/SocialGood/SocialGood_report.csv,,2015-05-01,2015-05-31,False,2015-05-31,False
24baf500d96b7ce3,report,references/external/Time-MMD/textual/SocialGood/SocialGood_report.csv,,2015-06-01,2015-06-30,False,2015-06-30,False
f6a1426732006e44,report,references/external/Time-MMD/textual/SocialGood/SocialGood_report.csv,,2015-07-01,2015-07-31,False,2015-07-31,False
bc419d25885bb1d4,report,references/external/Time-MMD/textual/SocialGood/SocialGood_report.csv,,2015-08-01,2015-08-31,False,2015-08-31,False
f1bfb749808186af,report,references/external/Time-MMD/textual/SocialGood/SocialGood_report.csv,,2015-09-01,2015-09-30,False,2015-09-30,False
0b8e46f64aae628e,report,references/external/Time-MMD/textual/SocialGood/SocialGood_report.csv,,2015-10-01,2015-10-31,False,2015-10-31,False
2dab5020ff3adc05,report,references/external/Time-MMD/textual/SocialGood/SocialGood_report.csv,,2015-11-01,2015-11-30,False,2015-11-30,False
989fd35c8a7081a0,report,references/external/Time-MMD/textual/SocialGood/SocialGood_report.csv,,2015-12-01,2015-12-31,False,2015-12-31,False
bf72375b8332504d,report,references/external/Time-MMD/textual/SocialGood/SocialGood_report.csv,,2016-02-01,2016-02-29,False,2016-02-29,False
a7afbdabdbc24b45,report,references/external/Time-MMD/textual/SocialGood/SocialGood_report.csv,,2016-03-01,2016-03-31,False,2016-03-31,False
4a9d3329eb2e921d,report,references/external/Time-MMD/textual/SocialGood/SocialGood_report.csv,,2016-04-01,2016-04-30,False,2016-04-30,False
ab38913b81172a27,report,references/external/Time-MMD/textual/SocialGood/SocialGood_report.csv,,2016-05-01,2016-05-31,False,2016-05-31,False
fe647abc4963e6ad,report,references/external/Time-MMD/textual/SocialGood/SocialGood_report.csv,,2016-06-01,2016-06-30,False,2016-06-30,False
84c87b3e6639a55c,report,references/external/Time-MMD/textual/SocialGood/SocialGood_report.csv,,2016-08-01,2016-08-31,False,2016-08-31,False
bf065d929f8b7895,report,references/external/Time-MMD/textual/SocialGood/SocialGood_report.csv,,2016-10-01,2016-10-31,False,2016-10-31,False
38047431967b723c,report,references/external/Time-MMD/textual/SocialGood/SocialGood_report.csv,,2016-11-01,2016-11-30,False,2016-11-30,False
f83b7799b537d20f,report,references/external/Time-MMD/textual/SocialGood/SocialGood_report.csv,,2016-12-01,2016-12-31,False,2016-12-31,False
c622eec1745bd4c8,report,references/external/Time-MMD/textual/SocialGood/SocialGood_report.csv,,2017-02-01,2017-02-28,False,2017-02-28,False
43aa9271f11beedc,report,references/external/Time-MMD/textual/SocialGood/SocialGood_report.csv,,2017-03-01,2017-03-31,False,2017-03-31,False
abb525513ba24f5b,report,references/external/Time-MMD/textual/SocialGood/SocialGood_report.csv,,2017-04-01,2017-04-30,False,2017-04-30,False
f4ffc490394ee1f0,report,references/external/Time-MMD/textual/SocialGood/SocialGood_report.csv,,2017-05-01,2017-05-31,False,2017-05-31,False
b3f9d28fd1d6d166,report,references/external/Time-MMD/textual/SocialGood/SocialGood_report.csv,,2017-06-01,2017-06-30,False,2017-06-30,False
5c5059b4dde40911,report,references/external/Time-MMD/textual/SocialGood/SocialGood_report.csv,,2017-07-01,2017-07-31,False,2017-07-31,False
e1d3c1ec9858b24c,report,references/external/Time-MMD/textual/SocialGood/SocialGood_report.csv,,2017-08-01,2017-08-31,False,2017-08-31,False
554cfd9ef5fe8677,report,references/external/Time-MMD/textual/SocialGood/SocialGood_report.csv,,2017-09-01,2017-09-30,False,2017-09-30,False
b973a506ffa1da59,report,references/external/Time-MMD/textual/SocialGood/SocialGood_report.csv,,2017-10-01,2017-10-31,False,2017-10-31,False
c26e9e2caee82b7b,report,references/external/Time-MMD/textual/SocialGood/SocialGood_report.csv,,2018-03-01,2018-03-31,False,2018-03-31,False
d392f5c795b44563,report,references/external/Time-MMD/textual/SocialGood/SocialGood_report.csv,,2018-04-01,2018-04-30,False,2018-04-30,False
adf43d1dfcf39063,report,references/external/Time-MMD/textual/SocialGood/SocialGood_report.csv,,2018-05-01,2018-05-31,False,2018-05-31,False
f845fbea36f02e7b,report,references/external/Time-MMD/textual/SocialGood/SocialGood_report.csv,,2018-06-01,2018-06-30,False,2018-06-30,False
cd0295e78ae60eb8,report,references/external/Time-MMD/textual/SocialGood/SocialGood_report.csv,,2018-07-01,2018-07-31,False,2018-07-31,False
7e93aa60de258bf2,report,references/external/Time-MMD/textual/SocialGood/SocialGood_report.csv,,2018-08-01,2018-08-31,False,2018-08-31,False
212cd84226330676,report,references/external/Time-MMD/textual/SocialGood/SocialGood_report.csv,,2018-09-01,2018-09-30,False,2018-09-30,False
3f4fbb6e2f68e1a4,report,references/external/Time-MMD/textual/SocialGood/SocialGood_report.csv,,2018-10-01,2018-10-31,False,2018-10-31,False
6274f4abb86cbc60,report,references/external/Time-MMD/textual/SocialGood/SocialGood_report.csv,,2018-12-01,2018-12-31,False,2018-12-31,False
861ebbb2163ee673,report,references/external/Time-MMD/textual/SocialGood/SocialGood_report.csv,,2019-02-01,2019-02-28,False,2019-02-28,False
704864b1718772b2,report,references/external/Time-MMD/textual/SocialGood/SocialGood_report.csv,,2019-03-01,2019-03-31,False,2019-03-31,False
0bd679353004dd26,report,references/external/Time-MMD/textual/SocialGood/SocialGood_report.csv,,2019-04-01,2019-04-30,False,2019-04-30,False
88bafe9637adf556,report,references/external/Time-MMD/textual/SocialGood/SocialGood_report.csv,,2019-05-01,2019-05-31,False,2019-05-31,False
eeecf77a4f9198f4,report,references/external/Time-MMD/textual/SocialGood/SocialGood_report.csv,,2019-06-01,2019-06-30,False,2019-06-30,False
211c5ce925cc62e2,report,references/external/Time-MMD/textual/SocialGood/SocialGood_report.csv,,2019-07-01,2019-07-31,False,2019-07-31,False
a725d2956695adc3,report,references/external/Time-MMD/textual/SocialGood/SocialGood_report.csv,,2019-08-01,2019-08-31,False,2019-08-31,False
e2d7337007df2b4e,report,references/external/Time-MMD/textual/SocialGood/SocialGood_report.csv,,2019-09-01,2019-09-30,False,2019-09-30,False
2a7dab606147d410,report,references/external/Time-MMD/textual/SocialGood/SocialGood_report.csv,,2019-10-01,2019-10-31,False,2019-10-31,False
d153917d05c038d4,report,references/external/Time-MMD/textual/SocialGood/SocialGood_report.csv,,2019-12-01,2019-12-31,False,2019-12-31,False
f38e13de839961a7,report,references/external/Time-MMD/textual/SocialGood/SocialGood_report.csv,,2020-01-01,2020-01-31,False,2020-01-31,False
b6377807c369d835,report,references/external/Time-MMD/textual/SocialGood/SocialGood_report.csv,,2020-02-01,2020-02-29,False,2020-02-29,False
1767bb0673e32968,report,references/external/Time-MMD/textual/SocialGood/SocialGood_report.csv,,2020-03-01,2020-03-31,False,2020-03-31,False
964febdaf982f8f8,report,references/external/Time-MMD/textual/SocialGood/SocialGood_report.csv,,2020-04-01,2020-04-30,False,2020-04-30,False
414393f933d90996,report,references/external/Time-MMD/textual/SocialGood/SocialGood_report.csv,,2020-05-01,2020-05-31,False,2020-05-31,False
d1f0776a330fc092,report,references/external/Time-MMD/textual/SocialGood/SocialGood_report.csv,,2020-06-01,2020-06-30,False,2020-06-30,False
d025ed2db5280632,report,references/external/Time-MMD/textual/SocialGood/SocialGood_report.csv,,2020-07-01,2020-07-31,False,2020-07-31,False
c2d4eb7757c07a9d,report,references/external/Time-MMD/textual/SocialGood/SocialGood_report.csv,,2020-08-01,2020-08-31,False,2020-08-31,False
e285a425345d5366,report,references/external/Time-MMD/textual/SocialGood/SocialGood_report.csv,,2020-09-01,2020-09-30,False,2020-09-30,False
80042a32260c85d2,report,references/external/Time-MMD/textual/SocialGood/SocialGood_report.csv,,2020-10-01,2020-10-31,False,2020-10-31,False
3cac6f581caa5c4c,report,references/external/Time-MMD/textual/SocialGood/SocialGood_report.csv,,2020-11-01,2020-11-30,False,2020-11-30,False
5f7f6518ef513f79,report,references/external/Time-MMD/textual/SocialGood/SocialGood_report.csv,,2020-12-01,2020-12-31,False,2020-12-31,False
8e55db11a06a6023,report,references/external/Time-MMD/textual/SocialGood/SocialGood_report.csv,,2021-01-01,2021-01-31,False,2021-01-31,False
5d9de45bfee807da,report,references/external/Time-MMD/textual/SocialGood/SocialGood_report.csv,,2021-03-01,2021-03-31,False,2021-03-31,False
9549bcdab7507995,report,references/external/Time-MMD/textual/SocialGood/SocialGood_report.csv,,2021-04-01,2021-04-30,False,2021-04-30,False
25d66fbac02c161f,report,references/external/Time-MMD/textual/SocialGood/SocialGood_report.csv,,2021-05-01,2021-05-31,False,2021-05-31,False
768d2270265ade74,report,references/external/Time-MMD/textual/SocialGood/SocialGood_report.csv,,2021-06-01,2021-06-30,False,2021-06-30,False
d3378a0b8adf5251,report,references/external/Time-MMD/textual/SocialGood/SocialGood_report.csv,,2021-07-01,2021-07-31,False,2021-07-31,False
2238d7caf19c4252,report,references/external/Time-MMD/textual/SocialGood/SocialGood_report.csv,,2021-08-01,2021-08-31,False,2021-08-31,False
2cc82fe7ac4f005b,report,references/external/Time-MMD/textual/SocialGood/SocialGood_report.csv,,2021-09-01,2021-09-30,False,2021-09-30,False
43b69510ed76205d,report,references/external/Time-MMD/textual/SocialGood/SocialGood_report.csv,,2021-10-01,2021-10-31,False,2021-10-31,False
5d134633d17f77d8,report,references/external/Time-MMD/textual/SocialGood/SocialGood_report.csv,,2021-11-01,2021-11-30,False,2021-11-30,False
20a7152f7c614171,report,references/external/Time-MMD/textual/SocialGood/SocialGood_report.csv,,2022-01-01,2022-01-31,False,2022-01-31,False
6589bb0ff40d4c52,report,references/external/Time-MMD/textual/SocialGood/SocialGood_report.csv,,2022-03-01,2022-03-31,False,2022-03-31,False
9829f55e5f5ad3c0,report,references/external/Time-MMD/textual/SocialGood/SocialGood_report.csv,,2022-04-01,2022-04-30,False,2022-04-30,False
b0a8e23b5d1cb2ca,search,references/external/Time-MMD/textual/SocialGood/SocialGood_search.csv,,1979-12-31,1980-01-06,False,1980-01-06,False
cdb480ebfea77308,search,references/external/Time-MMD/textual/SocialGood/SocialGood_search.csv,,1980-01-07,1980-01-13,False,1980-01-13,False
7da5592bc23bbfd3,search,references/external/Time-MMD/textual/SocialGood/SocialGood_search.csv,,1980-01-14,1980-01-20,False,1980-01-20,False
c3b3f6189f794c42,search,references/external/Time-MMD/textual/SocialGood/SocialGood_search.csv,,1980-01-21,1980-01-27,False,1980-01-27,False
86595bc6a15dba30,search,references/external/Time-MMD/textual/SocialGood/SocialGood_search.csv,,1980-01-28,1980-02-03,False,1980-02-03,False
7087c823e25a2e52,search,references/external/Time-MMD/textual/SocialGood/SocialGood_search.csv,,1980-02-04,1980-02-10,False,1980-02-10,False
56605db62b15e6ea,search,references/external/Time-MMD/textual/SocialGood/SocialGood_search.csv,,1980-02-11,1980-02-17,False,1980-02-17,False
7780064d647f6060,search,references/external/Time-MMD/textual/SocialGood/SocialGood_search.csv,,1980-02-18,1980-02-24,False,1980-02-24,False
582760720f3fe2b9,search,references/external/Time-MMD/textual/SocialGood/SocialGood_search.csv,,1980-02-25,1980-03-02,False,1980-03-02,False
fbc851f22e8c1e7e,search,references/external/Time-MMD/textual/SocialGood/SocialGood_search.csv,,1980-03-03,1980-03-09,False,1980-03-09,False
c7e34fd1a4319024,search,references/external/Time-MMD/textual/SocialGood/SocialGood_search.csv,,1980-03-10,1980-03-16,False,1980-03-16,False
d011573ef67c3599,search,references/external/Time-MMD/textual/SocialGood/SocialGood_search.csv,,1980-03-17,1980-03-23,False,1980-03-23,False
52d1189585fbad2e,search,references/external/Time-MMD/textual/SocialGood/SocialGood_search.csv,,1980-03-24,1980-03-30,False,1980-03-30,False
45761f30a7557457,search,references/external/Time-MMD/textual/SocialGood/SocialGood_search.csv,,1980-03-31,1980-04-06,False,1980-04-06,False
7886366677dbc78a,search,references/external/Time-MMD/textual/SocialGood/SocialGood_search.csv,,1980-04-07,1980-04-13,False,1980-04-13,False
c5a47661b57b3616,search,references/external/Time-MMD/textual/SocialGood/SocialGood_search.csv,,1980-04-14,1980-04-20,False,1980-04-20,False
6bf0a9b85f129343,search,references/external/Time-MMD/textual/SocialGood/SocialGood_search.csv,,1980-04-21,1980-04-27,False,1980-04-27,False
c3692bc0f7462e49,search,references/external/Time-MMD/textual/SocialGood/SocialGood_search.csv,,1980-04-28,1980-05-04,False,1980-05-04,False
57e584286c6ecaed,search,references/external/Time-MMD/textual/SocialGood/SocialGood_search.csv,,1980-05-05,1980-05-11,False,1980-05-11,False
7c49b2513156363e,search,references/external/Time-MMD/textual/SocialGood/SocialGood_search.csv,,1980-05-12,1980-05-18,False,1980-05-18,False
44ab6a9afdeb7971,search,references/external/Time-MMD/textual/SocialGood/SocialGood_search.csv,,1980-05-19,1980-05-25,False,1980-05-25,False
8c24b55024fe11b1,search,references/external/Time-MMD/textual/SocialGood/SocialGood_search.csv,,1980-05-26,1980-06-01,False,1980-06-01,False
104456887e59adc6,search,references/external/Time-MMD/textual/SocialGood/SocialGood_search.csv,,1980-06-02,1980-06-08,False,1980-06-08,False
00188268210b7be8,search,references/external/Time-MMD/textual/SocialGood/SocialGood_search.csv,,1980-06-09,1980-06-15,False,1980-06-15,False
0970ca0ddfa81c57,search,references/external/Time-MMD/textual/SocialGood/SocialGood_search.csv,,1980-06-16,1980-06-22,False,1980-06-22,False
63a520eea61336a6,search,references/external/Time-MMD/textual/SocialGood/SocialGood_search.csv,,1980-06-23,1980-06-29,False,1980-06-29,False
0e78d700c8b6aee7,search,references/external/Time-MMD/textual/SocialGood/SocialGood_search.csv,,1980-06-30,1980-07-06,False,1980-07-06,False
5ec889f5f1b5d057,search,references/external/Time-MMD/textual/SocialGood/SocialGood_search.csv,,1980-07-07,1980-07-13,False,1980-07-13,False
2e7317258614cd2d,search,references/external/Time-MMD/textual/SocialGood/SocialGood_search.csv,,1980-07-14,1980-07-20,False,1980-07-20,False
bac03cbea33d29bd,search,references/external/Time-MMD/textual/SocialGood/SocialGood_search.csv,,1980-07-28,1980-08-03,False,1980-08-03,False
0b455eb8d0656a39,search,references/external/Time-MMD/textual/SocialGood/SocialGood_search.csv,,1980-08-04,1980-08-10,False,1980-08-10,False
3d121943bcd792d5,search,references/external/Time-MMD/textual/SocialGood/SocialGood_search.csv,,1980-08-11,1980-08-17,False,1980-08-17,False
4f14375e20a87f1a,search,references/external/Time-MMD/textual/SocialGood/SocialGood_search.csv,,1980-08-25,1980-08-31,False,1980-08-31,False
1ff11e8018ccc9c6,search,references/external/Time-MMD/textual/SocialGood/SocialGood_search.csv,,1980-09-01,1980-09-07,False,1980-09-07,False
2d8815414756b46e,search,references/external/Time-MMD/textual/SocialGood/SocialGood_search.csv,,1980-09-08,1980-09-14,False,1980-09-14,False
5089cd592e19a71a,search,references/external/Time-MMD/textual/SocialGood/SocialGood_search.csv,,1980-09-15,1980-09-21,False,1980-09-21,False
ff77cab600afb3d3,search,references/external/Time-MMD/textual/SocialGood/SocialGood_search.csv,,1980-09-22,1980-09-28,False,1980-09-28,False
1c506e459ed86363,search,references/external/Time-MMD/textual/SocialGood/SocialGood_search.csv,,1980-09-29,1980-10-05,False,1980-10-05,False
28fa29c9ca1c1c6b,search,references/external/Time-MMD/textual/SocialGood/SocialGood_search.csv,,1980-10-06,1980-10-12,False,1980-10-12,False
7aa692f48044bc1c,search,references/external/Time-MMD/textual/SocialGood/SocialGood_search.csv,,1980-10-13,1980-10-19,False,1980-10-19,False
2ff2ebf01b1b14f0,search,references/external/Time-MMD/textual/SocialGood/SocialGood_search.csv,,1980-10-20,1980-10-26,False,1980-10-26,False
afcd600d9f29004e,search,references/external/Time-MMD/textual/SocialGood/SocialGood_search.csv,,1980-10-27,1980-11-02,False,1980-11-02,False
f18dea77eeecc2be,search,references/external/Time-MMD/textual/SocialGood/SocialGood_search.csv,,1980-11-03,1980-11-09,False,1980-11-09,False
790a060232458298,search,references/external/Time-MMD/textual/SocialGood/SocialGood_search.csv,,1980-11-10,1980-11-16,False,1980-11-16,False
c364cb2dd55a0c4c,search,references/external/Time-MMD/textual/SocialGood/SocialGood_search.csv,,1980-11-17,1980-11-23,False,1980-11-23,False
cb51d7f3b9c6898b,search,references/external/Time-MMD/textual/SocialGood/SocialGood_search.csv,,1980-11-24,1980-11-30,False,1980-11-30,False
47cf8212b289e233,search,references/external/Time-MMD/textual/SocialGood/SocialGood_search.csv,,1980-12-01,1980-12-07,False,1980-12-07,False
5c6755e65944626d,search,references/external/Time-MMD/textual/SocialGood/SocialGood_search.csv,,1980-12-08,1980-12-14,False,1980-12-14,False
b8d087bdfaa2e377,search,references/external/Time-MMD/textual/SocialGood/SocialGood_search.csv,,1980-12-15,1980-12-21,False,1980-12-21,False
dbac1a988555ddd5,search,references/external/Time-MMD/textual/SocialGood/SocialGood_search.csv,,1980-12-22,1980-12-28,False,1980-12-28,False
8d788ad5c1ad40ff,search,references/external/Time-MMD/textual/SocialGood/SocialGood_search.csv,,1980-12-29,1981-01-04,False,1981-01-04,False
adcfda8d05f902b2,search,references/external/Time-MMD/textual/SocialGood/SocialGood_search.csv,,1981-01-05,1981-01-11,False,1981-01-11,False
e6c547e50e2af909,search,references/external/Time-MMD/textual/SocialGood/SocialGood_search.csv,,1981-01-12,1981-01-18,False,1981-01-18,False
d2adfb57d57fc083,search,references/external/Time-MMD/textual/SocialGood/SocialGood_search.csv,,1981-01-19,1981-01-25,False,1981-01-25,False
b3a1883bdae49d33,search,references/external/Time-MMD/textual/SocialGood/SocialGood_search.csv,,1981-01-26,1981-02-01,False,1981-02-01,False
099eed3e8bdcf5b2,search,references/external/Time-MMD/textual/SocialGood/SocialGood_search.csv,,1981-02-02,1981-02-08,False,1981-02-08,False
63f8b58142be55be,search,references/external/Time-MMD/textual/SocialGood/SocialGood_search.csv,,1981-02-09,1981-02-15,False,1981-02-15,False
99e8112d5e783655,search,references/external/Time-MMD/textual/SocialGood/SocialGood_search.csv,,1981-02-16,1981-02-22,False,1981-02-22,False
f20e27766a7e76f6,search,references/external/Time-MMD/textual/SocialGood/SocialGood_search.csv,,1981-02-23,1981-03-01,False,1981-03-01,False
e32e7235bf9e3777,search,references/external/Time-MMD/textual/SocialGood/SocialGood_search.csv,,1981-03-02,1981-03-08,False,1981-03-08,False
f249f93aabaa1cad,search,references/external/Time-MMD/textual/SocialGood/SocialGood_search.csv,,1981-03-09,1981-03-15,False,1981-03-15,False
b2eacfdf2707024b,search,references/external/Time-MMD/textual/SocialGood/SocialGood_search.csv,,1981-03-16,1981-03-22,False,1981-03-22,False
e54cc322dce8968f,search,references/external/Time-MMD/textual/SocialGood/SocialGood_search.csv,,1981-03-23,1981-03-29,False,1981-03-29,False
aa65399c128b29d9,search,references/external/Time-MMD/textual/SocialGood/SocialGood_search.csv,,1981-03-30,1981-04-05,False,1981-04-05,False
72f4a39661cbb95c,search,references/external/Time-MMD/textual/SocialGood/SocialGood_search.csv,,1981-04-06,1981-04-12,False,1981-04-12,False
fbde304a2a0fc7eb,search,references/external/Time-MMD/textual/SocialGood/SocialGood_search.csv,,1981-04-13,1981-04-19,False,1981-04-19,False
071805e381ec6de7,search,references/external/Time-MMD/textual/SocialGood/SocialGood_search.csv,,1981-04-20,1981-04-26,False,1981-04-26,False
25e4d8886a34998c,search,references/external/Time-MMD/textual/SocialGood/SocialGood_search.csv,,1981-04-27,1981-05-03,False,1981-05-03,False
662c0d08ef83b58b,search,references/external/Time-MMD/textual/SocialGood/SocialGood_search.csv,,1981-05-04,1981-05-10,False,1981-05-10,False
ccb71531c7ebbc9d,search,references/external/Time-MMD/textual/SocialGood/SocialGood_search.csv,,1981-05-11,1981-05-17,False,1981-05-17,False
87ebc5fe7905094e,search,references/external/Time-MMD/textual/SocialGood/SocialGood_search.csv,,1981-05-18,1981-05-24,False,1981-05-24,False
e84c55881c68d938,search,references/external/Time-MMD/textual/SocialGood/SocialGood_search.csv,,1981-05-25,1981-05-31,False,1981-05-31,False
3d7de93d39862502,search,references/external/Time-MMD/textual/SocialGood/SocialGood_search.csv,,1981-06-01,1981-06-07,False,1981-06-07,False
79e573955177e7c4,search,references/external/Time-MMD/textual/SocialGood/SocialGood_search.csv,,1981-06-08,1981-06-14,False,1981-06-14,False
6bd68a6ad080f0ec,search,references/external/Time-MMD/textual/SocialGood/SocialGood_search.csv,,1981-06-15,1981-06-21,False,1981-06-21,False
3f61775b57f5c938,search,references/external/Time-MMD/textual/SocialGood/SocialGood_search.csv,,1981-06-22,1981-06-28,False,1981-06-28,False
b1422633b7669af1,search,references/external/Time-MMD/textual/SocialGood/SocialGood_search.csv,,1981-06-29,1981-07-05,False,1981-07-05,False
35cb70bc1ccd4588,search,references/external/Time-MMD/textual/SocialGood/SocialGood_search.csv,,1981-07-06,1981-07-12,False,1981-07-12,False
7782890e6811d9b1,search,references/external/Time-MMD/textual/SocialGood/SocialGood_search.csv,,1981-07-13,1981-07-19,False,1981-07-19,False
11b7e436cdd50441,search,references/external/Time-MMD/textual/SocialGood/SocialGood_search.csv,,1981-07-20,1981-07-26,False,1981-07-26,False
1b941bbe451b6ea6,search,references/external/Time-MMD/textual/SocialGood/SocialGood_search.csv,,1981-07-27,1981-08-02,False,1981-08-02,False
05ba52fc8b1a6e04,search,references/external/Time-MMD/textual/SocialGood/SocialGood_search.csv,,1981-08-03,1981-08-09,False,1981-08-09,False
a6c701ea37f30d0e,search,references/external/Time-MMD/textual/SocialGood/SocialGood_search.csv,,1981-08-10,1981-08-16,False,1981-08-16,False
015bceb63b041135,search,references/external/Time-MMD/textual/SocialGood/SocialGood_search.csv,,1981-08-17,1981-08-23,False,1981-08-23,False
667a4e5f29a70158,search,references/external/Time-MMD/textual/SocialGood/SocialGood_search.csv,,1981-08-24,1981-08-30,False,1981-08-30,False
fe3d798058b98f10,search,references/external/Time-MMD/textual/SocialGood/SocialGood_search.csv,,1981-08-31,1981-09-06,False,1981-09-06,False
48f699d77c824884,search,references/external/Time-MMD/textual/SocialGood/SocialGood_search.csv,,1981-09-07,1981-09-13,False,1981-09-13,False
253f65f94591b5d3,search,references/external/Time-MMD/textual/SocialGood/SocialGood_search.csv,,1981-09-14,1981-09-20,False,1981-09-20,False
c82c9c3a365c60f6,search,references/external/Time-MMD/textual/SocialGood/SocialGood_search.csv,,1981-09-21,1981-09-27,False,1981-09-27,False
c02f4b6c8f7c76db,search,references/external/Time-MMD/textual/SocialGood/SocialGood_search.csv,,1981-09-28,1981-10-04,False,1981-10-04,False
d764e6b5cb872cf9,search,references/external/Time-MMD/textual/SocialGood/SocialGood_search.csv,,1981-10-05,1981-10-11,False,1981-10-11,False
7f7f7048dd2788c5,search,references/external/Time-MMD/textual/SocialGood/SocialGood_search.csv,,1981-10-12,1981-10-18,False,1981-10-18,False
29fa791a3643f544,search,references/external/Time-MMD/textual/SocialGood/SocialGood_search.csv,,1981-10-19,1981-10-25,False,1981-10-25,False
ee86aef9f0db1e87,search,references/external/Time-MMD/textual/SocialGood/SocialGood_search.csv,,1981-10-26,1981-11-01,False,1981-11-01,False
0b077d30fa8272d2,search,references/external/Time-MMD/textual/SocialGood/SocialGood_search.csv,,1981-11-02,1981-11-08,False,1981-11-08,False
9510296185c7a1e3,search,references/external/Time-MMD/textual/SocialGood/SocialGood_search.csv,,1981-11-09,1981-11-15,False,1981-11-15,False
606ba2602e5d1a8e,search,references/external/Time-MMD/textual/SocialGood/SocialGood_search.csv,,1981-11-16,1981-11-22,False,1981-11-22,False
9eff209b24f7f168,search,references/external/Time-MMD/textual/SocialGood/SocialGood_search.csv,,1981-11-23,1981-11-29,False,1981-11-29,False
ff8cc162c7d20474,search,references/external/Time-MMD/textual/SocialGood/SocialGood_search.csv,,1981-11-30,1981-12-06,False,1981-12-06,False
2957f1e8f6db7315,search,references/external/Time-MMD/textual/SocialGood/SocialGood_search.csv,,1981-12-07,1981-12-13,False,1981-12-13,False
cdcda5e06ef7a795,search,references/external/Time-MMD/textual/SocialGood/SocialGood_search.csv,,1981-12-14,1981-12-20,False,1981-12-20,False
2ea9405da4e3abb6,search,references/external/Time-MMD/textual/SocialGood/SocialGood_search.csv,,1981-12-28,1982-01-03,False,1982-01-03,False
51e14994103b92ab,search,references/external/Time-MMD/textual/SocialGood/SocialGood_search.csv,,1982-01-04,1982-01-10,False,1982-01-10,False
0ecd0d58f2bc6b30,search,references/external/Time-MMD/textual/SocialGood/SocialGood_search.csv,,1982-01-11,1982-01-17,False,1982-01-17,False
5cc9d3ed9f70bf8e,search,references/external/Time-MMD/textual/SocialGood/SocialGood_search.csv,,1982-01-18,1982-01-24,False,1982-01-24,False
a4dc8ab2772a2dd3,search,references/external/Time-MMD/textual/SocialGood/SocialGood_search.csv,,1982-01-25,1982-01-31,False,1982-01-31,False
889ada420bfeb7c3,search,references/external/Time-MMD/textual/SocialGood/SocialGood_search.csv,,1982-02-01,1982-02-07,False,1982-02-07,False
a52d836080725478,search,references/external/Time-MMD/textual/SocialGood/SocialGood_search.csv,,1982-02-08,1982-02-14,False,1982-02-14,False
0b5ba3ce7fc485ea,search,references/external/Time-MMD/textual/SocialGood/SocialGood_search.csv,,1982-02-15,1982-02-21,False,1982-02-21,False
031fe38ebf21c4b4,search,references/external/Time-MMD/textual/SocialGood/SocialGood_search.csv,,1982-03-01,1982-03-07,False,1982-03-07,False
8ffbd9babb6bce7b,search,references/external/Time-MMD/textual/SocialGood/SocialGood_search.csv,,1982-03-08,1982-03-14,False,1982-03-14,False
b696bbcbb712ba57,search,references/external/Time-MMD/textual/SocialGood/SocialGood_search.csv,,1982-03-15,1982-03-21,False,1982-03-21,False
ac5c4d210fbf7015,search,references/external/Time-MMD/textual/SocialGood/SocialGood_search.csv,,1982-03-22,1982-03-28,False,1982-03-28,False
c9ceb983f7c74d81,search,references/external/Time-MMD/textual/SocialGood/SocialGood_search.csv,,1982-03-29,1982-04-04,False,1982-04-04,False
040f68cab86dddcb,search,references/external/Time-MMD/textual/SocialGood/SocialGood_search.csv,,1982-04-05,1982-04-11,False,1982-04-11,False
dc51ad1351d4013e,search,references/external/Time-MMD/textual/SocialGood/SocialGood_search.csv,,1982-04-12,1982-04-18,False,1982-04-18,False
c5d47388d31f0006,search,references/external/Time-MMD/textual/SocialGood/SocialGood_search.csv,,1982-04-19,1982-04-25,False,1982-04-25,False
99d87e43c3ec0161,search,references/external/Time-MMD/textual/SocialGood/SocialGood_search.csv,,1982-04-26,1982-05-02,False,1982-05-02,False
8e9c53ed250cd6a7,search,references/external/Time-MMD/textual/SocialGood/SocialGood_search.csv,,1982-05-03,1982-05-09,False,1982-05-09,False
4ff724727213c72f,search,references/external/Time-MMD/textual/SocialGood/SocialGood_search.csv,,1982-05-10,1982-05-16,False,1982-05-16,False
8b37162423ab5f37,search,references/external/Time-MMD/textual/SocialGood/SocialGood_search.csv,,1982-05-17,1982-05-23,False,1982-05-23,False
0469e9653d59a7da,search,references/external/Time-MMD/textual/SocialGood/SocialGood_search.csv,,1982-05-24,1982-05-30,False,1982-05-30,False
dfa1111c0a6b1282,search,references/external/Time-MMD/textual/SocialGood/SocialGood_search.csv,,1982-05-31,1982-06-06,False,1982-06-06,False
fc401a418c73d2e3,search,references/external/Time-MMD/textual/SocialGood/SocialGood_search.csv,,1982-06-07,1982-06-13,False,1982-06-13,False
76d2ada81542dea9,search,references/external/Time-MMD/textual/SocialGood/SocialGood_search.csv,,1982-06-14,1982-06-20,False,1982-06-20,False
d59691e46ccf6900,search,references/external/Time-MMD/textual/SocialGood/SocialGood_search.csv,,1982-06-28,1982-07-04,False,1982-07-04,False
668a11343ca7b89d,search,references/external/Time-MMD/textual/SocialGood/SocialGood_search.csv,,1982-07-05,1982-07-11,False,1982-07-11,False
045e1ad8f4b560cb,search,references/external/Time-MMD/textual/SocialGood/SocialGood_search.csv,,1982-07-12,1982-07-18,False,1982-07-18,False
81e3707b58f2f378,search,references/external/Time-MMD/textual/SocialGood/SocialGood_search.csv,,1982-07-19,1982-07-25,False,1982-07-25,False
805ace3d5676a0f4,search,references/external/Time-MMD/textual/SocialGood/SocialGood_search.csv,,1982-07-26,1982-08-01,False,1982-08-01,False
fcada915a8e50376,search,references/external/Time-MMD/textual/SocialGood/SocialGood_search.csv,,1982-08-02,1982-08-08,False,1982-08-08,False
e18f2cfbe2d89687,search,references/external/Time-MMD/textual/SocialGood/SocialGood_search.csv,,1982-08-09,1982-08-15,False,1982-08-15,False
dccb51cd4f3d3cbd,search,references/external/Time-MMD/textual/SocialGood/SocialGood_search.csv,,1982-08-16,1982-08-22,False,1982-08-22,False
55e021b6a1d7fc58,search,references/external/Time-MMD/textual/SocialGood/SocialGood_search.csv,,1982-08-23,1982-08-29,False,1982-08-29,False
09b46f52e60269eb,search,references/external/Time-MMD/textual/SocialGood/SocialGood_search.csv,,1982-08-30,1982-09-05,False,1982-09-05,False
d305f953855e00be,search,references/external/Time-MMD/textual/SocialGood/SocialGood_search.csv,,1982-09-06,1982-09-12,False,1982-09-12,False
4f206df6caf751ef,search,references/external/Time-MMD/textual/SocialGood/SocialGood_search.csv,,1982-09-13,1982-09-19,False,1982-09-19,False
8335f16bf41a711e,search,references/external/Time-MMD/textual/SocialGood/SocialGood_search.csv,,1982-09-20,1982-09-26,False,1982-09-26,False
d31cee0a4b624816,search,references/external/Time-MMD/textual/SocialGood/SocialGood_search.csv,,1982-09-27,1982-10-03,False,1982-10-03,False
8ac5d9d1f0a699bb,search,references/external/Time-MMD/textual/SocialGood/SocialGood_search.csv,,1982-10-04,1982-10-10,False,1982-10-10,False
ef8a2ece16e17030,search,references/external/Time-MMD/textual/SocialGood/SocialGood_search.csv,,1982-10-11,1982-10-17,False,1982-10-17,False
94595e97b1b28b8b,search,references/external/Time-MMD/textual/SocialGood/SocialGood_search.csv,,1982-10-18,1982-10-24,False,1982-10-24,False
9a1c2ca21a2d7e8a,search,references/external/Time-MMD/textual/SocialGood/SocialGood_search.csv,,1982-10-25,1982-10-31,False,1982-10-31,False
f7c53df68c7a3d2e,search,references/external/Time-MMD/textual/SocialGood/SocialGood_search.csv,,1982-11-01,1982-11-07,False,1982-11-07,False
89490d13228c904b,search,references/external/Time-MMD/textual/SocialGood/SocialGood_search.csv,,1982-11-08,1982-11-14,False,1982-11-14,False
08910221d2787207,search,references/external/Time-MMD/textual/SocialGood/SocialGood_search.csv,,1982-11-15,1982-11-21,False,1982-11-21,False
bedef08752591448,search,references/external/Time-MMD/textual/SocialGood/SocialGood_search.csv,,1982-11-22,1982-11-28,False,1982-11-28,False
73bc600cc6e7f661,search,references/external/Time-MMD/textual/SocialGood/SocialGood_search.csv,,1982-11-29,1982-12-05,False,1982-12-05,False
5d414a45e97432c4,search,references/external/Time-MMD/textual/SocialGood/SocialGood_search.csv,,1982-12-06,1982-12-12,False,1982-12-12,False
5e54e52375f49e53,search,references/external/Time-MMD/textual/SocialGood/SocialGood_search.csv,,1982-12-13,1982-12-19,False,1982-12-19,False
b0249b098e28cca3,search,references/external/Time-MMD/textual/SocialGood/SocialGood_search.csv,,1982-12-20,1982-12-26,False,1982-12-26,False
450c5cb0b8019690,search,references/external/Time-MMD/textual/SocialGood/SocialGood_search.csv,,1982-12-27,1983-01-02,False,1983-01-02,False
17ff77b1c6e73acd,search,references/external/Time-MMD/textual/SocialGood/SocialGood_search.csv,,1983-01-03,1983-01-09,False,1983-01-09,False
4cc81675b76c69d0,search,references/external/Time-MMD/textual/SocialGood/SocialGood_search.csv,,1983-01-10,1983-01-16,False,1983-01-16,False
18ad3ad8cc47c944,search,references/external/Time-MMD/textual/SocialGood/SocialGood_search.csv,,1983-01-17,1983-01-23,False,1983-01-23,False
d666e4499a09be92,search,references/external/Time-MMD/textual/SocialGood/SocialGood_search.csv,,1983-01-24,1983-01-30,False,1983-01-30,False
45510df32aee6d83,search,references/external/Time-MMD/textual/SocialGood/SocialGood_search.csv,,1983-01-31,1983-02-06,False,1983-02-06,False
c86814022adf10b1,search,references/external/Time-MMD/textual/SocialGood/SocialGood_search.csv,,1983-02-07,1983-02-13,False,1983-02-13,False
3364c300d403d173,search,references/external/Time-MMD/textual/SocialGood/SocialGood_search.csv,,1983-02-14,1983-02-20,False,1983-02-20,False
ca2c563ac14afd02,search,references/external/Time-MMD/textual/SocialGood/SocialGood_search.csv,,1983-02-21,1983-02-27,False,1983-02-27,False
3d5fb38b6ca28fcc,search,references/external/Time-MMD/textual/SocialGood/SocialGood_search.csv,,1983-02-28,1983-03-06,False,1983-03-06,False
a1d8e7a4aa6bae7d,search,references/external/Time-MMD/textual/SocialGood/SocialGood_search.csv,,1983-03-07,1983-03-13,False,1983-03-13,False
b07b4a107f8785b3,search,references/external/Time-MMD/textual/SocialGood/SocialGood_search.csv,,1983-03-14,1983-03-20,False,1983-03-20,False
0d2d40c745fffa49,search,references/external/Time-MMD/textual/SocialGood/SocialGood_search.csv,,1983-03-21,1983-03-27,False,1983-03-27,False
55970ea7403d0c45,search,references/external/Time-MMD/textual/SocialGood/SocialGood_search.csv,,1983-03-28,1983-04-03,False,1983-04-03,False
fa78da50c4743923,search,references/external/Time-MMD/textual/SocialGood/SocialGood_search.csv,,1983-04-04,1983-04-10,False,1983-04-10,False
12ee48d72b13aa5d,search,references/external/Time-MMD/textual/SocialGood/SocialGood_search.csv,,1983-04-11,1983-04-17,False,1983-04-17,False
a919b901089ff34b,search,references/external/Time-MMD/textual/SocialGood/SocialGood_search.csv,,1983-04-18,1983-04-24,False,1983-04-24,False
75a54b4cee5b9de9,search,references/external/Time-MMD/textual/SocialGood/SocialGood_search.csv,,1983-04-25,1983-05-01,False,1983-05-01,False
5f0bee3bf961e194,search,references/external/Time-MMD/textual/SocialGood/SocialGood_search.csv,,1983-05-02,1983-05-08,False,1983-05-08,False
f9066235c1fbb794,search,references/external/Time-MMD/textual/SocialGood/SocialGood_search.csv,,1983-05-09,1983-05-15,False,1983-05-15,False
fea7138616b9c958,search,references/external/Time-MMD/textual/SocialGood/SocialGood_search.csv,,1983-05-16,1983-05-22,False,1983-05-22,False
2d8fcc9d28e4c783,search,references/external/Time-MMD/textual/SocialGood/SocialGood_search.csv,,1983-05-23,1983-05-29,False,1983-05-29,False
0130ac6443ea0037,search,references/external/Time-MMD/textual/SocialGood/SocialGood_search.csv,,1983-05-30,1983-06-05,False,1983-06-05,False
1d5e0743ffd50332,search,references/external/Time-MMD/textual/SocialGood/SocialGood_search.csv,,1983-06-06,1983-06-12,False,1983-06-12,False
fc7ec039b83db407,search,references/external/Time-MMD/textual/SocialGood/SocialGood_search.csv,,1983-06-13,1983-06-19,False,1983-06-19,False
5f7c2a1f8c3e894a,search,references/external/Time-MMD/textual/SocialGood/SocialGood_search.csv,,1983-06-20,1983-06-26,False,1983-06-26,False
733cdcb75f732685,search,references/external/Time-MMD/textual/SocialGood/SocialGood_search.csv,,1983-06-27,1983-07-03,False,1983-07-03,False
810ef4d43b1868d8,search,references/external/Time-MMD/textual/SocialGood/SocialGood_search.csv,,1983-07-04,1983-07-10,False,1983-07-10,False
4b478c8784d7098f,search,references/external/Time-MMD/textual/SocialGood/SocialGood_search.csv,,1983-07-11,1983-07-17,False,1983-07-17,False
468bd298c99487e8,search,references/external/Time-MMD/textual/SocialGood/SocialGood_search.csv,,1983-07-18,1983-07-24,False,1983-07-24,False
5f3aaa1113933bf6,search,references/external/Time-MMD/textual/SocialGood/SocialGood_search.csv,,1983-07-25,1983-07-31,False,1983-07-31,False
afe1532856a15013,search,references/external/Time-MMD/textual/SocialGood/SocialGood_search.csv,,1983-08-01,1983-08-07,False,1983-08-07,False
80b7df3512731500,search,references/external/Time-MMD/textual/SocialGood/SocialGood_search.csv,,1983-08-08,1983-08-14,False,1983-08-14,False
d8b578d627d25c55,search,references/external/Time-MMD/textual/SocialGood/SocialGood_search.csv,,1983-08-15,1983-08-21,False,1983-08-21,False
e6a244db5296951a,search,references/external/Time-MMD/textual/SocialGood/SocialGood_search.csv,,1983-08-22,1983-08-28,False,1983-08-28,False
696900a51d37a72d,search,references/external/Time-MMD/textual/SocialGood/SocialGood_search.csv,,1983-08-29,1983-09-04,False,1983-09-04,False
c3782e45b6784a92,search,references/external/Time-MMD/textual/SocialGood/SocialGood_search.csv,,1983-09-05,1983-09-11,False,1983-09-11,False
1732f6631af071dd,search,references/external/Time-MMD/textual/SocialGood/SocialGood_search.csv,,1983-09-12,1983-09-18,False,1983-09-18,False
d9644855235aadb0,search,references/external/Time-MMD/textual/SocialGood/SocialGood_search.csv,,1983-09-19,1983-09-25,False,1983-09-25,False
61888dce4e861bc1,search,references/external/Time-MMD/textual/SocialGood/SocialGood_search.csv,,1983-09-26,1983-10-02,False,1983-10-02,False
2e715be3abd84e75,search,references/external/Time-MMD/textual/SocialGood/SocialGood_search.csv,,1983-10-03,1983-10-09,False,1983-10-09,False
7d28ddc4cc3fa38b,search,references/external/Time-MMD/textual/SocialGood/SocialGood_search.csv,,1983-10-10,1983-10-16,False,1983-10-16,False
99cd77709f104cd5,search,references/external/Time-MMD/textual/SocialGood/SocialGood_search.csv,,1983-10-17,1983-10-23,False,1983-10-23,False
a0458187b17b49f4,search,references/external/Time-MMD/textual/SocialGood/SocialGood_search.csv,,1983-10-24,1983-10-30,False,1983-10-30,False
5df68d9f388fbdd2,search,references/external/Time-MMD/textual/SocialGood/SocialGood_search.csv,,1983-10-31,1983-11-06,False,1983-11-06,False
c78a00bc971d502b,search,references/external/Time-MMD/textual/SocialGood/SocialGood_search.csv,,1983-11-07,1983-11-13,False,1983-11-13,False
5b3b084a68c4a994,search,references/external/Time-MMD/textual/SocialGood/SocialGood_search.csv,,1983-11-14,1983-11-20,False,1983-11-20,False
844472c2a3dcdcbb,search,references/external/Time-MMD/textual/SocialGood/SocialGood_search.csv,,1983-11-21,1983-11-27,False,1983-11-27,False
ca47b117e4fe0680,search,references/external/Time-MMD/textual/SocialGood/SocialGood_search.csv,,1983-11-28,1983-12-04,False,1983-12-04,False
3ffa092795311d4b,search,references/external/Time-MMD/textual/SocialGood/SocialGood_search.csv,,1983-12-05,1983-12-11,False,1983-12-11,False
d2d626e3b339cec6,search,references/external/Time-MMD/textual/SocialGood/SocialGood_search.csv,,1983-12-12,1983-12-18,False,1983-12-18,False
f38ee790c1215ea8,search,references/external/Time-MMD/textual/SocialGood/SocialGood_search.csv,,1983-12-19,1983-12-25,False,1983-12-25,False
33803ac10f158db2,search,references/external/Time-MMD/textual/SocialGood/SocialGood_search.csv,,1983-12-26,1984-01-01,False,1984-01-01,False
7637e09a1fe54567,search,references/external/Time-MMD/textual/SocialGood/SocialGood_search.csv,,1984-01-02,1984-01-08,False,1984-01-08,False
deb22d76653a44e8,search,references/external/Time-MMD/textual/SocialGood/SocialGood_search.csv,,1984-01-09,1984-01-15,False,1984-01-15,False
622462c7869e4e3d,search,references/external/Time-MMD/textual/SocialGood/SocialGood_search.csv,,1984-01-16,1984-01-22,False,1984-01-22,False
3676c998ad7c0f47,search,references/external/Time-MMD/textual/SocialGood/SocialGood_search.csv,,1984-01-23,1984-01-29,False,1984-01-29,False
8e5336b60d9c80c4,search,references/external/Time-MMD/textual/SocialGood/SocialGood_search.csv,,1984-01-30,1984-02-05,False,1984-02-05,False
600933e83ebdd86a,search,references/external/Time-MMD/textual/SocialGood/SocialGood_search.csv,,1984-02-06,1984-02-12,False,1984-02-12,False
4649aa13894a7f9c,search,references/external/Time-MMD/textual/SocialGood/SocialGood_search.csv,,1984-02-13,1984-02-19,False,1984-02-19,False
66bc4ef9ae5d934c,search,references/external/Time-MMD/textual/SocialGood/SocialGood_search.csv,,1984-02-20,1984-02-26,False,1984-02-26,False
9612942f6bbafdad,search,references/external/Time-MMD/textual/SocialGood/SocialGood_search.csv,,1984-02-27,1984-03-04,False,1984-03-04,False
82aa309a45de896a,search,references/external/Time-MMD/textual/SocialGood/SocialGood_search.csv,,1984-03-05,1984-03-11,False,1984-03-11,False
2c45eeb4602b1fe5,search,references/external/Time-MMD/textual/SocialGood/SocialGood_search.csv,,1984-03-12,1984-03-18,False,1984-03-18,False
a9dafd8932cbf998,search,references/external/Time-MMD/textual/SocialGood/SocialGood_search.csv,,1984-03-19,1984-03-25,False,1984-03-25,False
4d9b3aabf584e0d9,search,references/external/Time-MMD/textual/SocialGood/SocialGood_search.csv,,1984-03-26,1984-04-01,False,1984-04-01,False
4d8939005cf9e3c5,search,references/external/Time-MMD/textual/SocialGood/SocialGood_search.csv,,1984-04-02,1984-04-08,False,1984-04-08,False
d0aaccd1f16f1955,search,references/external/Time-MMD/textual/SocialGood/SocialGood_search.csv,,1984-04-09,1984-04-15,False,1984-04-15,False
4f7492ec649ada8c,search,references/external/Time-MMD/textual/SocialGood/SocialGood_search.csv,,1984-04-16,1984-04-22,False,1984-04-22,False
e3dfe5a3f085b3c0,search,references/external/Time-MMD/textual/SocialGood/SocialGood_search.csv,,1984-04-23,1984-04-29,False,1984-04-29,False
2ddd23dd16117748,search,references/external/Time-MMD/textual/SocialGood/SocialGood_search.csv,,1984-04-30,1984-05-06,False,1984-05-06,False
4627b8b9a3442274,search,references/external/Time-MMD/textual/SocialGood/SocialGood_search.csv,,1984-05-07,1984-05-13,False,1984-05-13,False
235dd62ff873a962,search,references/external/Time-MMD/textual/SocialGood/SocialGood_search.csv,,1984-05-14,1984-05-20,False,1984-05-20,False
a7897b115287c0ce,search,references/external/Time-MMD/textual/SocialGood/SocialGood_search.csv,,1984-05-21,1984-05-27,False,1984-05-27,False
a5e15e17b4198cd9,search,references/external/Time-MMD/textual/SocialGood/SocialGood_search.csv,,1984-05-28,1984-06-03,False,1984-06-03,False
cddebfb447ac2688,search,references/external/Time-MMD/textual/SocialGood/SocialGood_search.csv,,1984-06-04,1984-06-10,False,1984-06-10,False
e0622ca0720a00b0,search,references/external/Time-MMD/textual/SocialGood/SocialGood_search.csv,,1984-06-11,1984-06-17,False,1984-06-17,False
f7f265af465b40d5,search,references/external/Time-MMD/textual/SocialGood/SocialGood_search.csv,,1984-06-18,1984-06-24,False,1984-06-24,False
8461ff234f76a7b2,search,references/external/Time-MMD/textual/SocialGood/SocialGood_search.csv,,1984-06-25,1984-07-01,False,1984-07-01,False
1a22c4a40971ad05,search,references/external/Time-MMD/textual/SocialGood/SocialGood_search.csv,,1984-07-02,1984-07-08,False,1984-07-08,False
d44d575c44554ee5,search,references/external/Time-MMD/textual/SocialGood/SocialGood_search.csv,,1984-07-09,1984-07-15,False,1984-07-15,False
078faad89e4d7e67,search,references/external/Time-MMD/textual/SocialGood/SocialGood_search.csv,,1984-07-16,1984-07-22,False,1984-07-22,False
b9c000d458df684a,search,references/external/Time-MMD/textual/SocialGood/SocialGood_search.csv,,1984-07-23,1984-07-29,False,1984-07-29,False
db9303bb86227c31,search,references/external/Time-MMD/textual/SocialGood/SocialGood_search.csv,,1984-07-30,1984-08-05,False,1984-08-05,False
6102cb5298e0e46a,search,references/external/Time-MMD/textual/SocialGood/SocialGood_search.csv,,1984-08-06,1984-08-12,False,1984-08-12,False
fbc02219628ff576,search,references/external/Time-MMD/textual/SocialGood/SocialGood_search.csv,,1984-08-13,1984-08-19,False,1984-08-19,False
426e6973c3520cfc,search,references/external/Time-MMD/textual/SocialGood/SocialGood_search.csv,,1984-08-20,1984-08-26,False,1984-08-26,False
8908eb80e2be5928,search,references/external/Time-MMD/textual/SocialGood/SocialGood_search.csv,,1984-08-27,1984-09-02,False,1984-09-02,False
1b6ef4c0c301b69b,search,references/external/Time-MMD/textual/SocialGood/SocialGood_search.csv,,1984-09-03,1984-09-09,False,1984-09-09,False
29860c71c8ccfb13,search,references/external/Time-MMD/textual/SocialGood/SocialGood_search.csv,,1984-09-10,1984-09-16,False,1984-09-16,False
6e3a8e3b5d845775,search,references/external/Time-MMD/textual/SocialGood/SocialGood_search.csv,,1984-09-17,1984-09-23,False,1984-09-23,False
1851b2304c1df80f,search,references/external/Time-MMD/textual/SocialGood/SocialGood_search.csv,,1984-09-24,1984-09-30,False,1984-09-30,False
aa128bb84ecbbef5,search,references/external/Time-MMD/textual/SocialGood/SocialGood_search.csv,,1984-10-01,1984-10-07,False,1984-10-07,False
9eaa2e4971732a9d,search,references/external/Time-MMD/textual/SocialGood/SocialGood_search.csv,,1984-10-08,1984-10-14,False,1984-10-14,False
9265e951d3d8aaeb,search,references/external/Time-MMD/textual/SocialGood/SocialGood_search.csv,,1984-10-15,1984-10-21,False,1984-10-21,False
30e40b3bf3f05aec,search,references/external/Time-MMD/textual/SocialGood/SocialGood_search.csv,,1984-10-22,1984-10-28,False,1984-10-28,False
7cadb660008a09fd,search,references/external/Time-MMD/textual/SocialGood/SocialGood_search.csv,,1984-10-29,1984-11-04,False,1984-11-04,False
dbf8afdd07d1cc0a,search,references/external/Time-MMD/textual/SocialGood/SocialGood_search.csv,,1984-11-05,1984-11-11,False,1984-11-11,False
dc5dd6c85b7166dc,search,references/external/Time-MMD/textual/SocialGood/SocialGood_search.csv,,1984-11-12,1984-11-18,False,1984-11-18,False
e5f1b1f720154c0d,search,references/external/Time-MMD/textual/SocialGood/SocialGood_search.csv,,1984-11-19,1984-11-25,False,1984-11-25,False
9741be0ed6e14146,search,references/external/Time-MMD/textual/SocialGood/SocialGood_search.csv,,1984-11-26,1984-12-02,False,1984-12-02,False
4e423aabcee782c0,search,references/external/Time-MMD/textual/SocialGood/SocialGood_search.csv,,1984-12-03,1984-12-09,False,1984-12-09,False
5f791188bce30bef,search,references/external/Time-MMD/textual/SocialGood/SocialGood_search.csv,,1984-12-10,1984-12-16,False,1984-12-16,False
0ff5797863383e08,search,references/external/Time-MMD/textual/SocialGood/SocialGood_search.csv,,1984-12-17,1984-12-23,False,1984-12-23,False
49f41a280fd5a71d,search,references/external/Time-MMD/textual/SocialGood/SocialGood_search.csv,,1984-12-24,1984-12-30,False,1984-12-30,False
4de322adfa31dfb5,search,references/external/Time-MMD/textual/SocialGood/SocialGood_search.csv,,1984-12-31,1985-01-06,False,1985-01-06,False
70e1283761c856bf,search,references/external/Time-MMD/textual/SocialGood/SocialGood_search.csv,,1985-01-07,1985-01-13,False,1985-01-13,False
88265f9b1a16459c,search,references/external/Time-MMD/textual/SocialGood/SocialGood_search.csv,,1985-01-14,1985-01-20,False,1985-01-20,False
60de953f2c22eff4,search,references/external/Time-MMD/textual/SocialGood/SocialGood_search.csv,,1985-01-21,1985-01-27,False,1985-01-27,False
9cc92b3fdea27018,search,references/external/Time-MMD/textual/SocialGood/SocialGood_search.csv,,1985-01-28,1985-02-03,False,1985-02-03,False
2feed2be3007580d,search,references/external/Time-MMD/textual/SocialGood/SocialGood_search.csv,,1985-02-04,1985-02-10,False,1985-02-10,False
0dc9c6d5981bb263,search,references/external/Time-MMD/textual/SocialGood/SocialGood_search.csv,,1985-02-11,1985-02-17,False,1985-02-17,False
d039463184a42fbc,search,references/external/Time-MMD/textual/SocialGood/SocialGood_search.csv,,1985-02-18,1985-02-24,False,1985-02-24,False
d1de8bf31ed54334,search,references/external/Time-MMD/textual/SocialGood/SocialGood_search.csv,,1985-02-25,1985-03-03,False,1985-03-03,False
bf507cd617912ca9,search,references/external/Time-MMD/textual/SocialGood/SocialGood_search.csv,,1985-03-04,1985-03-10,False,1985-03-10,False
67310ae894deb100,search,references/external/Time-MMD/textual/SocialGood/SocialGood_search.csv,,1985-03-11,1985-03-17,False,1985-03-17,False
45f5284c08de1b23,search,references/external/Time-MMD/textual/SocialGood/SocialGood_search.csv,,1985-03-18,1985-03-24,False,1985-03-24,False
5337f8dfd9fbf956,search,references/external/Time-MMD/textual/SocialGood/SocialGood_search.csv,,1985-03-25,1985-03-31,False,1985-03-31,False
67ae00e9cace954a,search,references/external/Time-MMD/textual/SocialGood/SocialGood_search.csv,,1985-04-01,1985-04-07,False,1985-04-07,False
1b66ec6615e5b11f,search,references/external/Time-MMD/textual/SocialGood/SocialGood_search.csv,,1985-04-08,1985-04-14,False,1985-04-14,False
266a374e17421c05,search,references/external/Time-MMD/textual/SocialGood/SocialGood_search.csv,,1985-04-15,1985-04-21,False,1985-04-21,False
78d9d4f800312bf6,search,references/external/Time-MMD/textual/SocialGood/SocialGood_search.csv,,1985-04-22,1985-04-28,False,1985-04-28,False
370e6c9d0157ae1b,search,references/external/Time-MMD/textual/SocialGood/SocialGood_search.csv,,1985-04-29,1985-05-05,False,1985-05-05,False
d02f299b3b32773a,search,references/external/Time-MMD/textual/SocialGood/SocialGood_search.csv,,1985-05-06,1985-05-12,False,1985-05-12,False
b57e82398e03bee9,search,references/external/Time-MMD/textual/SocialGood/SocialGood_search.csv,,1985-05-13,1985-05-19,False,1985-05-19,False
02363d4d4175a90c,search,references/external/Time-MMD/textual/SocialGood/SocialGood_search.csv,,1985-05-20,1985-05-26,False,1985-05-26,False
f39a4381ab91e9a9,search,references/external/Time-MMD/textual/SocialGood/SocialGood_search.csv,,1985-05-27,1985-06-02,False,1985-06-02,False
e3d30199fe24f8f3,search,references/external/Time-MMD/textual/SocialGood/SocialGood_search.csv,,1985-06-03,1985-06-09,False,1985-06-09,False
241562f3990d81ce,search,references/external/Time-MMD/textual/SocialGood/SocialGood_search.csv,,1985-06-10,1985-06-16,False,1985-06-16,False
d7ef33f9f2d7b542,search,references/external/Time-MMD/textual/SocialGood/SocialGood_search.csv,,1985-06-17,1985-06-23,False,1985-06-23,False
9e6002c09258142a,search,references/external/Time-MMD/textual/SocialGood/SocialGood_search.csv,,1985-06-24,1985-06-30,False,1985-06-30,False
65f423fe7fe83712,search,references/external/Time-MMD/textual/SocialGood/SocialGood_search.csv,,1985-07-01,1985-07-07,False,1985-07-07,False
78f4e0ae3ba55f02,search,references/external/Time-MMD/textual/SocialGood/SocialGood_search.csv,,1985-07-08,1985-07-14,False,1985-07-14,False
1dce9966e61b46bf,search,references/external/Time-MMD/textual/SocialGood/SocialGood_search.csv,,1985-07-15,1985-07-21,False,1985-07-21,False
595db92e111b5d35,search,references/external/Time-MMD/textual/SocialGood/SocialGood_search.csv,,1985-07-22,1985-07-28,False,1985-07-28,False
f4b8d0fcb43013d0,search,references/external/Time-MMD/textual/SocialGood/SocialGood_search.csv,,1985-07-29,1985-08-04,False,1985-08-04,False
edf522518e5fd983,search,references/external/Time-MMD/textual/SocialGood/SocialGood_search.csv,,1985-08-05,1985-08-11,False,1985-08-11,False
9440f4c589f4a28d,search,references/external/Time-MMD/textual/SocialGood/SocialGood_search.csv,,1985-08-12,1985-08-18,False,1985-08-18,False
fad18fd128ef006c,search,references/external/Time-MMD/textual/SocialGood/SocialGood_search.csv,,1985-08-19,1985-08-25,False,1985-08-25,False
3e2be57d111b6f8f,search,references/external/Time-MMD/textual/SocialGood/SocialGood_search.csv,,1985-08-26,1985-09-01,False,1985-09-01,False
8fbb2209d7b8f4d8,search,references/external/Time-MMD/textual/SocialGood/SocialGood_search.csv,,1985-09-02,1985-09-08,False,1985-09-08,False
2fcf580e5acfa190,search,references/external/Time-MMD/textual/SocialGood/SocialGood_search.csv,,1985-09-09,1985-09-15,False,1985-09-15,False
30d7544316b71919,search,references/external/Time-MMD/textual/SocialGood/SocialGood_search.csv,,1985-09-16,1985-09-22,False,1985-09-22,False
7b103ca9c5bf29ac,search,references/external/Time-MMD/textual/SocialGood/SocialGood_search.csv,,1985-09-23,1985-09-29,False,1985-09-29,False
43b7baa0758dff9c,search,references/external/Time-MMD/textual/SocialGood/SocialGood_search.csv,,1985-09-30,1985-10-06,False,1985-10-06,False
fc01c548eeac056c,search,references/external/Time-MMD/textual/SocialGood/SocialGood_search.csv,,1985-10-07,1985-10-13,False,1985-10-13,False
c8d4443084fa6460,search,references/external/Time-MMD/textual/SocialGood/SocialGood_search.csv,,1985-10-14,1985-10-20,False,1985-10-20,False
774a24a555363f50,search,references/external/Time-MMD/textual/SocialGood/SocialGood_search.csv,,1985-10-21,1985-10-27,False,1985-10-27,False
c1ece9ebe178bb4e,search,references/external/Time-MMD/textual/SocialGood/SocialGood_search.csv,,1985-10-28,1985-11-03,False,1985-11-03,False
b46b8206360e912b,search,references/external/Time-MMD/textual/SocialGood/SocialGood_search.csv,,1985-11-04,1985-11-10,False,1985-11-10,False
edc2e942c1875927,search,references/external/Time-MMD/textual/SocialGood/SocialGood_search.csv,,1985-11-11,1985-11-17,False,1985-11-17,False
2d5a4f11128f9eb8,search,references/external/Time-MMD/textual/SocialGood/SocialGood_search.csv,,1985-11-18,1985-11-24,False,1985-11-24,False
5639f5dbe2b2c157,search,references/external/Time-MMD/textual/SocialGood/SocialGood_search.csv,,1985-11-25,1985-12-01,False,1985-12-01,False
ed9349d25754a3f1,search,references/external/Time-MMD/textual/SocialGood/SocialGood_search.csv,,1985-12-02,1985-12-08,False,1985-12-08,False
15046b548468ed7a,search,references/external/Time-MMD/textual/SocialGood/SocialGood_search.csv,,1985-12-09,1985-12-15,False,1985-12-15,False
6b5998c4e283289b,search,references/external/Time-MMD/textual/SocialGood/SocialGood_search.csv,,1985-12-16,1985-12-22,False,1985-12-22,False
330500aa98579c87,search,references/external/Time-MMD/textual/SocialGood/SocialGood_search.csv,,1985-12-23,1985-12-29,False,1985-12-29,False
d6512fd4bdd11783,search,references/external/Time-MMD/textual/SocialGood/SocialGood_search.csv,,1985-12-30,1986-01-05,False,1986-01-05,False
29e35175f38b56b7,search,references/external/Time-MMD/textual/SocialGood/SocialGood_search.csv,,1986-01-06,1986-01-12,False,1986-01-12,False
e11efc49c091ead1,search,references/external/Time-MMD/textual/SocialGood/SocialGood_search.csv,,1986-01-13,1986-01-19,False,1986-01-19,False
b4c747265aa55ef1,search,references/external/Time-MMD/textual/SocialGood/SocialGood_search.csv,,1986-01-20,1986-01-26,False,1986-01-26,False
7cff001f290e26dc,search,references/external/Time-MMD/textual/SocialGood/SocialGood_search.csv,,1986-01-27,1986-02-02,False,1986-02-02,False
8e201d2f9c10995e,search,references/external/Time-MMD/textual/SocialGood/SocialGood_search.csv,,1986-02-03,1986-02-09,False,1986-02-09,False
f40a7890479062d7,search,references/external/Time-MMD/textual/SocialGood/SocialGood_search.csv,,1986-02-10,1986-02-16,False,1986-02-16,False
0ff1fb5359eec6b3,search,references/external/Time-MMD/textual/SocialGood/SocialGood_search.csv,,1986-02-17,1986-02-23,False,1986-02-23,False
53fb3284d31575cf,search,references/external/Time-MMD/textual/SocialGood/SocialGood_search.csv,,1986-02-24,1986-03-02,False,1986-03-02,False
554942d72e31a966,search,references/external/Time-MMD/textual/SocialGood/SocialGood_search.csv,,1986-03-03,1986-03-09,False,1986-03-09,False
f387278f6ebb09a2,search,references/external/Time-MMD/textual/SocialGood/SocialGood_search.csv,,1986-03-10,1986-03-16,False,1986-03-16,False
06721dd63e3a778f,search,references/external/Time-MMD/textual/SocialGood/SocialGood_search.csv,,1986-03-17,1986-03-23,False,1986-03-23,False
8a197c43a3ceb7b4,search,references/external/Time-MMD/textual/SocialGood/SocialGood_search.csv,,1986-03-24,1986-03-30,False,1986-03-30,False
6cd58d49ca4e82c4,search,references/external/Time-MMD/textual/SocialGood/SocialGood_search.csv,,1986-03-31,1986-04-06,False,1986-04-06,False
c296fc04c714ab25,search,references/external/Time-MMD/textual/SocialGood/SocialGood_search.csv,,1986-04-07,1986-04-13,False,1986-04-13,False
36c2802b621c290f,search,references/external/Time-MMD/textual/SocialGood/SocialGood_search.csv,,1986-04-14,1986-04-20,False,1986-04-20,False
71888052dbdc19f4,search,references/external/Time-MMD/textual/SocialGood/SocialGood_search.csv,,1986-04-28,1986-05-04,False,1986-05-04,False
b6a20d317b68749a,search,references/external/Time-MMD/textual/SocialGood/SocialGood_search.csv,,1986-05-05,1986-05-11,False,1986-05-11,False
20d13f0472edead3,search,references/external/Time-MMD/textual/SocialGood/SocialGood_search.csv,,1986-05-12,1986-05-18,False,1986-05-18,False
adf54ab2a5918e95,search,references/external/Time-MMD/textual/SocialGood/SocialGood_search.csv,,1986-05-19,1986-05-25,False,1986-05-25,False
f7819db8b8a381cc,search,references/external/Time-MMD/textual/SocialGood/SocialGood_search.csv,,1986-05-26,1986-06-01,False,1986-06-01,False
74b4b6f34e0ac762,search,references/external/Time-MMD/textual/SocialGood/SocialGood_search.csv,,1986-06-02,1986-06-08,False,1986-06-08,False
017a6a143bf4b2c3,search,references/external/Time-MMD/textual/SocialGood/SocialGood_search.csv,,1986-06-09,1986-06-15,False,1986-06-15,False
e0f88464ae4abe6e,search,references/external/Time-MMD/textual/SocialGood/SocialGood_search.csv,,1986-06-16,1986-06-22,False,1986-06-22,False
5355833a660328a6,search,references/external/Time-MMD/textual/SocialGood/SocialGood_search.csv,,1986-06-23,1986-06-29,False,1986-06-29,False
d596cccd47a1841a,search,references/external/Time-MMD/textual/SocialGood/SocialGood_search.csv,,1986-06-30,1986-07-06,False,1986-07-06,False
0c1d9c0830af96c1,search,references/external/Time-MMD/textual/SocialGood/SocialGood_search.csv,,1986-07-07,1986-07-13,False,1986-07-13,False
6bc48f590ad77252,search,references/external/Time-MMD/textual/SocialGood/SocialGood_search.csv,,1986-07-14,1986-07-20,False,1986-07-20,False
a80b3f813b52e293,search,references/external/Time-MMD/textual/SocialGood/SocialGood_search.csv,,1986-07-21,1986-07-27,False,1986-07-27,False
dc89dfa84d3402fb,search,references/external/Time-MMD/textual/SocialGood/SocialGood_search.csv,,1986-07-28,1986-08-03,False,1986-08-03,False
f664f55e71b25251,search,references/external/Time-MMD/textual/SocialGood/SocialGood_search.csv,,1986-08-04,1986-08-10,False,1986-08-10,False
666cbaf3a05893e4,search,references/external/Time-MMD/textual/SocialGood/SocialGood_search.csv,,1986-08-11,1986-08-17,False,1986-08-17,False
4c8ee3245527eea3,search,references/external/Time-MMD/textual/SocialGood/SocialGood_search.csv,,1986-08-18,1986-08-24,False,1986-08-24,False
31b126520cfa3ee6,search,references/external/Time-MMD/textual/SocialGood/SocialGood_search.csv,,1986-08-25,1986-08-31,False,1986-08-31,False
515b981413a62383,search,references/external/Time-MMD/textual/SocialGood/SocialGood_search.csv,,1986-09-01,1986-09-07,False,1986-09-07,False
c45a4afb51e7c854,search,references/external/Time-MMD/textual/SocialGood/SocialGood_search.csv,,1986-09-08,1986-09-14,False,1986-09-14,False
3788d34ac2fa7dcb,search,references/external/Time-MMD/textual/SocialGood/SocialGood_search.csv,,1986-09-15,1986-09-21,False,1986-09-21,False
9746bb425c9707a8,search,references/external/Time-MMD/textual/SocialGood/SocialGood_search.csv,,1986-09-22,1986-09-28,False,1986-09-28,False
1ef59e8c6c4c60ed,search,references/external/Time-MMD/textual/SocialGood/SocialGood_search.csv,,1986-09-29,1986-10-05,False,1986-10-05,False
402d5ad5cd267124,search,references/external/Time-MMD/textual/SocialGood/SocialGood_search.csv,,1986-10-06,1986-10-12,False,1986-10-12,False
a809da5b94a3a34f,search,references/external/Time-MMD/textual/SocialGood/SocialGood_search.csv,,1986-10-13,1986-10-19,False,1986-10-19,False
392dee08117d2835,search,references/external/Time-MMD/textual/SocialGood/SocialGood_search.csv,,1986-10-20,1986-10-26,False,1986-10-26,False
69b807ba61d6bcd3,search,references/external/Time-MMD/textual/SocialGood/SocialGood_search.csv,,1986-10-27,1986-11-02,False,1986-11-02,False
5c4781c61d18382b,search,references/external/Time-MMD/textual/SocialGood/SocialGood_search.csv,,1986-11-03,1986-11-09,False,1986-11-09,False
b47d2cad98670d6a,search,references/external/Time-MMD/textual/SocialGood/SocialGood_search.csv,,1986-11-10,1986-11-16,False,1986-11-16,False
35b0156becf094d0,search,references/external/Time-MMD/textual/SocialGood/SocialGood_search.csv,,1986-11-17,1986-11-23,False,1986-11-23,False
af79e12d4aeb2414,search,references/external/Time-MMD/textual/SocialGood/SocialGood_search.csv,,1986-11-24,1986-11-30,False,1986-11-30,False
8e4465e08d1f54a1,search,references/external/Time-MMD/textual/SocialGood/SocialGood_search.csv,,1986-12-01,1986-12-07,False,1986-12-07,False
567f8d6567dbfded,search,references/external/Time-MMD/textual/SocialGood/SocialGood_search.csv,,1986-12-08,1986-12-14,False,1986-12-14,False
2bf52dd1e3ffbb52,search,references/external/Time-MMD/textual/SocialGood/SocialGood_search.csv,,1986-12-15,1986-12-21,False,1986-12-21,False
aa7cd64d68e0ff1b,search,references/external/Time-MMD/textual/SocialGood/SocialGood_search.csv,,1986-12-22,1986-12-28,False,1986-12-28,False
947215203e0bf16f,search,references/external/Time-MMD/textual/SocialGood/SocialGood_search.csv,,1986-12-29,1987-01-04,False,1987-01-04,False
91494dfd35254a17,search,references/external/Time-MMD/textual/SocialGood/SocialGood_search.csv,,1987-01-05,1987-01-11,False,1987-01-11,False
6b884ee62c4bf7a7,search,references/external/Time-MMD/textual/SocialGood/SocialGood_search.csv,,1987-01-12,1987-01-18,False,1987-01-18,False
ad11a439326e2cca,search,references/external/Time-MMD/textual/SocialGood/SocialGood_search.csv,,1987-01-19,1987-01-25,False,1987-01-25,False
303f546607ad86b0,search,references/external/Time-MMD/textual/SocialGood/SocialGood_search.csv,,1987-01-26,1987-02-01,False,1987-02-01,False
8d56319dbb6d20c5,search,references/external/Time-MMD/textual/SocialGood/SocialGood_search.csv,,1987-02-02,1987-02-08,False,1987-02-08,False
52957b1e14045b1f,search,references/external/Time-MMD/textual/SocialGood/SocialGood_search.csv,,1987-02-09,1987-02-15,False,1987-02-15,False
a832a290f7a370e0,search,references/external/Time-MMD/textual/SocialGood/SocialGood_search.csv,,1987-02-16,1987-02-22,False,1987-02-22,False
bcc08aca42b9cf21,search,references/external/Time-MMD/textual/SocialGood/SocialGood_search.csv,,1987-02-23,1987-03-01,False,1987-03-01,False
d0140b4ef95d34e0,search,references/external/Time-MMD/textual/SocialGood/SocialGood_search.csv,,1987-03-02,1987-03-08,False,1987-03-08,False
30101a93370503c6,search,references/external/Time-MMD/textual/SocialGood/SocialGood_search.csv,,1987-03-09,1987-03-15,False,1987-03-15,False
1faf4eaf2849f4ab,search,references/external/Time-MMD/textual/SocialGood/SocialGood_search.csv,,1987-03-16,1987-03-22,False,1987-03-22,False
f1c790bff84aa7b7,search,references/external/Time-MMD/textual/SocialGood/SocialGood_search.csv,,1987-03-23,1987-03-29,False,1987-03-29,False
e214f48ea8d150ef,search,references/external/Time-MMD/textual/SocialGood/SocialGood_search.csv,,1987-03-30,1987-04-05,False,1987-04-05,False
dfac5dfdc7bae515,search,references/external/Time-MMD/textual/SocialGood/SocialGood_search.csv,,1987-04-06,1987-04-12,False,1987-04-12,False
32f20079d8cb5579,search,references/external/Time-MMD/textual/SocialGood/SocialGood_search.csv,,1987-04-13,1987-04-19,False,1987-04-19,False
519cef5ff8116135,search,references/external/Time-MMD/textual/SocialGood/SocialGood_search.csv,,1987-04-20,1987-04-26,False,1987-04-26,False
10c3357e96212b3c,search,references/external/Time-MMD/textual/SocialGood/SocialGood_search.csv,,1987-04-27,1987-05-03,False,1987-05-03,False
c0a8310725b3c67f,search,references/external/Time-MMD/textual/SocialGood/SocialGood_search.csv,,1987-05-04,1987-05-10,False,1987-05-10,False
d3774a4f522ac764,search,references/external/Time-MMD/textual/SocialGood/SocialGood_search.csv,,1987-05-11,1987-05-17,False,1987-05-17,False
dc005d273a85c1ba,search,references/external/Time-MMD/textual/SocialGood/SocialGood_search.csv,,1987-05-25,1987-05-31,False,1987-05-31,False
c8947a0c84388323,search,references/external/Time-MMD/textual/SocialGood/SocialGood_search.csv,,1987-06-01,1987-06-07,False,1987-06-07,False
477b4a8c320bf0ed,search,references/external/Time-MMD/textual/SocialGood/SocialGood_search.csv,,1987-06-08,1987-06-14,False,1987-06-14,False
7539fec2673b5ef0,search,references/external/Time-MMD/textual/SocialGood/SocialGood_search.csv,,1987-06-15,1987-06-21,False,1987-06-21,False
8b1f00833a7c217d,search,references/external/Time-MMD/textual/SocialGood/SocialGood_search.csv,,1987-06-22,1987-06-28,False,1987-06-28,False
ffa5fcd7adef5195,search,references/external/Time-MMD/textual/SocialGood/SocialGood_search.csv,,1987-06-29,1987-07-05,False,1987-07-05,False
3bb06af750b647ec,search,references/external/Time-MMD/textual/SocialGood/SocialGood_search.csv,,1987-07-06,1987-07-12,False,1987-07-12,False
ec35190396f1b20c,search,references/external/Time-MMD/textual/SocialGood/SocialGood_search.csv,,1987-07-13,1987-07-19,False,1987-07-19,False
60c7e3aeeab8e6a7,search,references/external/Time-MMD/textual/SocialGood/SocialGood_search.csv,,1987-07-20,1987-07-26,False,1987-07-26,False
9f511d8b2ceab2f5,search,references/external/Time-MMD/textual/SocialGood/SocialGood_search.csv,,1987-07-27,1987-08-02,False,1987-08-02,False
97c000e22be35698,search,references/external/Time-MMD/textual/SocialGood/SocialGood_search.csv,,1987-08-03,1987-08-09,False,1987-08-09,False
d3546fb4c6142ac9,search,references/external/Time-MMD/textual/SocialGood/SocialGood_search.csv,,1987-08-10,1987-08-16,False,1987-08-16,False
4ac7953ad1e05416,search,references/external/Time-MMD/textual/SocialGood/SocialGood_search.csv,,1987-08-17,1987-08-23,False,1987-08-23,False
4f35d8b30f939682,search,references/external/Time-MMD/textual/SocialGood/SocialGood_search.csv,,1987-08-31,1987-09-06,False,1987-09-06,False
0593c7877f6c641a,search,references/external/Time-MMD/textual/SocialGood/SocialGood_search.csv,,1987-09-07,1987-09-13,False,1987-09-13,False
dd40767edf689c21,search,references/external/Time-MMD/textual/SocialGood/SocialGood_search.csv,,1987-09-14,1987-09-20,False,1987-09-20,False
63ab10bca69f4c4d,search,references/external/Time-MMD/textual/SocialGood/SocialGood_search.csv,,1987-09-21,1987-09-27,False,1987-09-27,False
b85cb1503e65c57b,search,references/external/Time-MMD/textual/SocialGood/SocialGood_search.csv,,1987-09-28,1987-10-04,False,1987-10-04,False
d434c9e0d67f0b3a,search,references/external/Time-MMD/textual/SocialGood/SocialGood_search.csv,,1987-10-05,1987-10-11,False,1987-10-11,False
d7cfb39461907e64,search,references/external/Time-MMD/textual/SocialGood/SocialGood_search.csv,,1987-10-12,1987-10-18,False,1987-10-18,False
07dcab0f4096b4bf,search,references/external/Time-MMD/textual/SocialGood/SocialGood_search.csv,,1987-10-19,1987-10-25,False,1987-10-25,False
69e8b2e02fdba060,search,references/external/Time-MMD/textual/SocialGood/SocialGood_search.csv,,1987-10-26,1987-11-01,False,1987-11-01,False
32fec5182d6c1b21,search,references/external/Time-MMD/textual/SocialGood/SocialGood_search.csv,,1987-11-02,1987-11-08,False,1987-11-08,False
5ff6fdad9012c040,search,references/external/Time-MMD/textual/SocialGood/SocialGood_search.csv,,1987-11-09,1987-11-15,False,1987-11-15,False
9aef15404e7a0217,search,references/external/Time-MMD/textual/SocialGood/SocialGood_search.csv,,1987-11-16,1987-11-22,False,1987-11-22,False
18a91b3cc6971edb,search,references/external/Time-MMD/textual/SocialGood/SocialGood_search.csv,,1987-11-23,1987-11-29,False,1987-11-29,False
2e9f390d5f103fe8,search,references/external/Time-MMD/textual/SocialGood/SocialGood_search.csv,,1987-11-30,1987-12-06,False,1987-12-06,False
54a5c96d620adf40,search,references/external/Time-MMD/textual/SocialGood/SocialGood_search.csv,,1987-12-07,1987-12-13,False,1987-12-13,False
f9fba3b0682a1d92,search,references/external/Time-MMD/textual/SocialGood/SocialGood_search.csv,,1987-12-14,1987-12-20,False,1987-12-20,False
9523aa29e1700ed2,search,references/external/Time-MMD/textual/SocialGood/SocialGood_search.csv,,1987-12-21,1987-12-27,False,1987-12-27,False
b248f4eaa0e35791,search,references/external/Time-MMD/textual/SocialGood/SocialGood_search.csv,,1987-12-28,1988-01-03,False,1988-01-03,False
ceb8f0ea17e981ec,search,references/external/Time-MMD/textual/SocialGood/SocialGood_search.csv,,1988-01-04,1988-01-10,False,1988-01-10,False
95d36779853409ec,search,references/external/Time-MMD/textual/SocialGood/SocialGood_search.csv,,1988-01-11,1988-01-17,False,1988-01-17,False
ac5a6d208c5e60a6,search,references/external/Time-MMD/textual/SocialGood/SocialGood_search.csv,,1988-01-18,1988-01-24,False,1988-01-24,False
f078040aad8004ee,search,references/external/Time-MMD/textual/SocialGood/SocialGood_search.csv,,1988-01-25,1988-01-31,False,1988-01-31,False
231e9da8bc435d74,search,references/external/Time-MMD/textual/SocialGood/SocialGood_search.csv,,1988-02-01,1988-02-07,False,1988-02-07,False
e57fd85b78249d9b,search,references/external/Time-MMD/textual/SocialGood/SocialGood_search.csv,,1988-02-08,1988-02-14,False,1988-02-14,False
00d45642cf74b6a4,search,references/external/Time-MMD/textual/SocialGood/SocialGood_search.csv,,1988-02-15,1988-02-21,False,1988-02-21,False
660c33d5ccb1844b,search,references/external/Time-MMD/textual/SocialGood/SocialGood_search.csv,,1988-02-22,1988-02-28,False,1988-02-28,False
af5c3e7dee416d95,search,references/external/Time-MMD/textual/SocialGood/SocialGood_search.csv,,1988-02-29,1988-03-06,False,1988-03-06,False
8e5867e576e74863,search,references/external/Time-MMD/textual/SocialGood/SocialGood_search.csv,,1988-03-07,1988-03-13,False,1988-03-13,False
633ab6699720dcb7,search,references/external/Time-MMD/textual/SocialGood/SocialGood_search.csv,,1988-03-14,1988-03-20,False,1988-03-20,False
d94665f3514d6f51,search,references/external/Time-MMD/textual/SocialGood/SocialGood_search.csv,,1988-03-28,1988-04-03,False,1988-04-03,False
0a26cc3f7239d2bc,search,references/external/Time-MMD/textual/SocialGood/SocialGood_search.csv,,1988-04-04,1988-04-10,False,1988-04-10,False
7661d781dcf23ced,search,references/external/Time-MMD/textual/SocialGood/SocialGood_search.csv,,1988-04-11,1988-04-17,False,1988-04-17,False
63501d37e9a9394b,search,references/external/Time-MMD/textual/SocialGood/SocialGood_search.csv,,1988-04-25,1988-05-01,False,1988-05-01,False
c9b7559e44103ff0,search,references/external/Time-MMD/textual/SocialGood/SocialGood_search.csv,,1988-05-02,1988-05-08,False,1988-05-08,False
247b75b738dd357e,search,references/external/Time-MMD/textual/SocialGood/SocialGood_search.csv,,1988-05-09,1988-05-15,False,1988-05-15,False
481ad4fdb5fd0b33,search,references/external/Time-MMD/textual/SocialGood/SocialGood_search.csv,,1988-05-16,1988-05-22,False,1988-05-22,False
80b94cc837084f79,search,references/external/Time-MMD/textual/SocialGood/SocialGood_search.csv,,1988-05-23,1988-05-29,False,1988-05-29,False
b96d7d60175a6004,search,references/external/Time-MMD/textual/SocialGood/SocialGood_search.csv,,1988-05-30,1988-06-05,False,1988-06-05,False
a0d16ccffc148d7d,search,references/external/Time-MMD/textual/SocialGood/SocialGood_search.csv,,1988-06-06,1988-06-12,False,1988-06-12,False
27120be6b81bbba1,search,references/external/Time-MMD/textual/SocialGood/SocialGood_search.csv,,1988-06-13,1988-06-19,False,1988-06-19,False
bd1101359022b46c,search,references/external/Time-MMD/textual/SocialGood/SocialGood_search.csv,,1988-06-20,1988-06-26,False,1988-06-26,False
7e58174783853d50,search,references/external/Time-MMD/textual/SocialGood/SocialGood_search.csv,,1988-06-27,1988-07-03,False,1988-07-03,False
ac32a73173984cf5,search,references/external/Time-MMD/textual/SocialGood/SocialGood_search.csv,,1988-07-04,1988-07-10,False,1988-07-10,False
63f77fae9d7cdfd0,search,references/external/Time-MMD/textual/SocialGood/SocialGood_search.csv,,1988-07-11,1988-07-17,False,1988-07-17,False
d53fe07f3ff86f4b,search,references/external/Time-MMD/textual/SocialGood/SocialGood_search.csv,,1988-07-18,1988-07-24,False,1988-07-24,False
a0431956b5bbcddf,search,references/external/Time-MMD/textual/SocialGood/SocialGood_search.csv,,1988-07-25,1988-07-31,False,1988-07-31,False
82feb9113ee35440,search,references/external/Time-MMD/textual/SocialGood/SocialGood_search.csv,,1988-08-01,1988-08-07,False,1988-08-07,False
93ab7fa5dd63107b,search,references/external/Time-MMD/textual/SocialGood/SocialGood_search.csv,,1988-08-08,1988-08-14,False,1988-08-14,False
d9dba2f8c2727985,search,references/external/Time-MMD/textual/SocialGood/SocialGood_search.csv,,1988-08-15,1988-08-21,False,1988-08-21,False
c6fb85f9842baeb5,search,references/external/Time-MMD/textual/SocialGood/SocialGood_search.csv,,1988-08-22,1988-08-28,False,1988-08-28,False
c3a5979c2d9ae8f5,search,references/external/Time-MMD/textual/SocialGood/SocialGood_search.csv,,1988-08-29,1988-09-04,False,1988-09-04,False
0da73315b5764dcb,search,references/external/Time-MMD/textual/SocialGood/SocialGood_search.csv,,1988-09-05,1988-09-11,False,1988-09-11,False
72529b0451f10c84,search,references/external/Time-MMD/textual/SocialGood/SocialGood_search.csv,,1988-09-12,1988-09-18,False,1988-09-18,False
2d350c93737982ab,search,references/external/Time-MMD/textual/SocialGood/SocialGood_search.csv,,1988-09-19,1988-09-25,False,1988-09-25,False
19777435a37712be,search,references/external/Time-MMD/textual/SocialGood/SocialGood_search.csv,,1988-09-26,1988-10-02,False,1988-10-02,False
9bb293d2a62d4be3,search,references/external/Time-MMD/textual/SocialGood/SocialGood_search.csv,,1988-10-10,1988-10-16,False,1988-10-16,False
a3203ec4ca8dedce,search,references/external/Time-MMD/textual/SocialGood/SocialGood_search.csv,,1988-10-17,1988-10-23,False,1988-10-23,False
5ec1e37d6d81b42d,search,references/external/Time-MMD/textual/SocialGood/SocialGood_search.csv,,1988-10-24,1988-10-30,False,1988-10-30,False
dc062900da3de1ab,search,references/external/Time-MMD/textual/SocialGood/SocialGood_search.csv,,1988-10-31,1988-11-06,False,1988-11-06,False
47aff0798f65ade2,search,references/external/Time-MMD/textual/SocialGood/SocialGood_search.csv,,1988-11-07,1988-11-13,False,1988-11-13,False
ee0df510f5249625,search,references/external/Time-MMD/textual/SocialGood/SocialGood_search.csv,,1988-11-14,1988-11-20,False,1988-11-20,False
408c85a7c40d54e3,search,references/external/Time-MMD/textual/SocialGood/SocialGood_search.csv,,1988-11-21,1988-11-27,False,1988-11-27,False
8ddfcbaf346ede64,search,references/external/Time-MMD/textual/SocialGood/SocialGood_search.csv,,1988-11-28,1988-12-04,False,1988-12-04,False
f9d3afe1fc482182,search,references/external/Time-MMD/textual/SocialGood/SocialGood_search.csv,,1988-12-05,1988-12-11,False,1988-12-11,False
61a4617cafc365fb,search,references/external/Time-MMD/textual/SocialGood/SocialGood_search.csv,,1988-12-12,1988-12-18,False,1988-12-18,False
8603a48c39a57ef6,search,references/external/Time-MMD/textual/SocialGood/SocialGood_search.csv,,1988-12-19,1988-12-25,False,1988-12-25,False
3daa421cb2e7f2d5,search,references/external/Time-MMD/textual/SocialGood/SocialGood_search.csv,,1988-12-26,1989-01-01,False,1989-01-01,False
1b471887c71504db,search,references/external/Time-MMD/textual/SocialGood/SocialGood_search.csv,,1989-01-02,1989-01-08,False,1989-01-08,False
e326419b0abb0777,search,references/external/Time-MMD/textual/SocialGood/SocialGood_search.csv,,1989-01-09,1989-01-15,False,1989-01-15,False
994221545a63fe52,search,references/external/Time-MMD/textual/SocialGood/SocialGood_search.csv,,1989-01-16,1989-01-22,False,1989-01-22,False
b57c89dceda5094b,search,references/external/Time-MMD/textual/SocialGood/SocialGood_search.csv,,1989-01-23,1989-01-29,False,1989-01-29,False
c710a34c1ca670aa,search,references/external/Time-MMD/textual/SocialGood/SocialGood_search.csv,,1989-01-30,1989-02-05,False,1989-02-05,False
1740b041f9bbf24f,search,references/external/Time-MMD/textual/SocialGood/SocialGood_search.csv,,1989-02-06,1989-02-12,False,1989-02-12,False
95f8985702b10358,search,references/external/Time-MMD/textual/SocialGood/SocialGood_search.csv,,1989-02-13,1989-02-19,False,1989-02-19,False
9fd49d8915c374dd,search,references/external/Time-MMD/textual/SocialGood/SocialGood_search.csv,,1989-02-20,1989-02-26,False,1989-02-26,False
eaa8091a06807dc6,search,references/external/Time-MMD/textual/SocialGood/SocialGood_search.csv,,1989-02-27,1989-03-05,False,1989-03-05,False
e89e1372305ad862,search,references/external/Time-MMD/textual/SocialGood/SocialGood_search.csv,,1989-03-06,1989-03-12,False,1989-03-12,False
0ca1630c9f32ff53,search,references/external/Time-MMD/textual/SocialGood/SocialGood_search.csv,,1989-03-13,1989-03-19,False,1989-03-19,False
73fd69cdc4829b45,search,references/external/Time-MMD/textual/SocialGood/SocialGood_search.csv,,1989-03-27,1989-04-02,False,1989-04-02,False
b4741ced4e6f6ada,search,references/external/Time-MMD/textual/SocialGood/SocialGood_search.csv,,1989-04-10,1989-04-16,False,1989-04-16,False
9b06677ff7f60d0f,search,references/external/Time-MMD/textual/SocialGood/SocialGood_search.csv,,1989-04-17,1989-04-23,False,1989-04-23,False
f49a47f9f4e01343,search,references/external/Time-MMD/textual/SocialGood/SocialGood_search.csv,,1989-04-24,1989-04-30,False,1989-04-30,False
0e13e170063f8060,search,references/external/Time-MMD/textual/SocialGood/SocialGood_search.csv,,1989-05-01,1989-05-07,False,1989-05-07,False
d347a428d53804fd,search,references/external/Time-MMD/textual/SocialGood/SocialGood_search.csv,,1989-05-08,1989-05-14,False,1989-05-14,False
9b6b0f528b749352,search,references/external/Time-MMD/textual/SocialGood/SocialGood_search.csv,,1989-05-15,1989-05-21,False,1989-05-21,False
9370e071869660f2,search,references/external/Time-MMD/textual/SocialGood/SocialGood_search.csv,,1989-05-22,1989-05-28,False,1989-05-28,False
b7fc45510690b8d4,search,references/external/Time-MMD/textual/SocialGood/SocialGood_search.csv,,1989-05-29,1989-06-04,False,1989-06-04,False
e9a4e8f73e88c1de,search,references/external/Time-MMD/textual/SocialGood/SocialGood_search.csv,,1989-06-05,1989-06-11,False,1989-06-11,False
893bf080c23670c6,search,references/external/Time-MMD/textual/SocialGood/SocialGood_search.csv,,1989-06-12,1989-06-18,False,1989-06-18,False
e3e2a6f8bf312db1,search,references/external/Time-MMD/textual/SocialGood/SocialGood_search.csv,,1989-06-19,1989-06-25,False,1989-06-25,False
860bd110b90556d9,search,references/external/Time-MMD/textual/SocialGood/SocialGood_search.csv,,1989-06-26,1989-07-02,False,1989-07-02,False
e4233bafcfa945c5,search,references/external/Time-MMD/textual/SocialGood/SocialGood_search.csv,,1989-07-03,1989-07-09,False,1989-07-09,False
bcc7f7611434ffaa,search,references/external/Time-MMD/textual/SocialGood/SocialGood_search.csv,,1989-07-10,1989-07-16,False,1989-07-16,False
658c8a69b106e111,search,references/external/Time-MMD/textual/SocialGood/SocialGood_search.csv,,1989-07-17,1989-07-23,False,1989-07-23,False
7e8e0c018e6268e2,search,references/external/Time-MMD/textual/SocialGood/SocialGood_search.csv,,1989-07-24,1989-07-30,False,1989-07-30,False
fa7f025869c2cf4c,search,references/external/Time-MMD/textual/SocialGood/SocialGood_search.csv,,1989-07-31,1989-08-06,False,1989-08-06,False
f71db09a713e5086,search,references/external/Time-MMD/textual/SocialGood/SocialGood_search.csv,,1989-08-07,1989-08-13,False,1989-08-13,False
570715cd4e3a1641,search,references/external/Time-MMD/textual/SocialGood/SocialGood_search.csv,,1989-08-14,1989-08-20,False,1989-08-20,False
647e000981cfbb6b,search,references/external/Time-MMD/textual/SocialGood/SocialGood_search.csv,,1989-08-21,1989-08-27,False,1989-08-27,False
64e1921cd58ad06c,search,references/external/Time-MMD/textual/SocialGood/SocialGood_search.csv,,1989-08-28,1989-09-03,False,1989-09-03,False
3e01eaa046e214ef,search,references/external/Time-MMD/textual/SocialGood/SocialGood_search.csv,,1989-09-04,1989-09-10,False,1989-09-10,False
f2208149c31de780,search,references/external/Time-MMD/textual/SocialGood/SocialGood_search.csv,,1989-09-11,1989-09-17,False,1989-09-17,False
9cc5228a551d1e0e,search,references/external/Time-MMD/textual/SocialGood/SocialGood_search.csv,,1989-09-18,1989-09-24,False,1989-09-24,False
d27f45174bdd573e,search,references/external/Time-MMD/textual/SocialGood/SocialGood_search.csv,,1989-09-25,1989-10-01,False,1989-10-01,False
e875dc1adab0c395,search,references/external/Time-MMD/textual/SocialGood/SocialGood_search.csv,,1989-10-02,1989-10-08,False,1989-10-08,False
35a3f6fc7f81279b,search,references/external/Time-MMD/textual/SocialGood/SocialGood_search.csv,,1989-10-09,1989-10-15,False,1989-10-15,False
5ef1a867d8beaf68,search,references/external/Time-MMD/textual/SocialGood/SocialGood_search.csv,,1989-10-16,1989-10-22,False,1989-10-22,False
0bb208c5072cae0c,search,references/external/Time-MMD/textual/SocialGood/SocialGood_search.csv,,1989-10-23,1989-10-29,False,1989-10-29,False
def040fed9c67757,search,references/external/Time-MMD/textual/SocialGood/SocialGood_search.csv,,1989-10-30,1989-11-05,False,1989-11-05,False
d0638e4b99e39532,search,references/external/Time-MMD/textual/SocialGood/SocialGood_search.csv,,1989-11-06,1989-11-12,False,1989-11-12,False
7a3f185b4e3f5646,search,references/external/Time-MMD/textual/SocialGood/SocialGood_search.csv,,1989-11-13,1989-11-19,False,1989-11-19,False
48e677aa8ff74968,search,references/external/Time-MMD/textual/SocialGood/SocialGood_search.csv,,1989-11-20,1989-11-26,False,1989-11-26,False
a53f4093d2529d1e,search,references/external/Time-MMD/textual/SocialGood/SocialGood_search.csv,,1989-11-27,1989-12-03,False,1989-12-03,False
b44c40a4a55aed8b,search,references/external/Time-MMD/textual/SocialGood/SocialGood_search.csv,,1989-12-04,1989-12-10,False,1989-12-10,False
9140af5c3d538a49,search,references/external/Time-MMD/textual/SocialGood/SocialGood_search.csv,,1989-12-11,1989-12-17,False,1989-12-17,False
7ce6854d5386a1c4,search,references/external/Time-MMD/textual/SocialGood/SocialGood_search.csv,,1989-12-18,1989-12-24,False,1989-12-24,False
d4b6468b05da6097,search,references/external/Time-MMD/textual/SocialGood/SocialGood_search.csv,,1989-12-25,1989-12-31,False,1989-12-31,False
e35362fb5766416d,search,references/external/Time-MMD/textual/SocialGood/SocialGood_search.csv,,1990-01-01,1990-01-07,False,1990-01-07,False
b6e58e0e3f52f180,search,references/external/Time-MMD/textual/SocialGood/SocialGood_search.csv,,1990-01-08,1990-01-14,False,1990-01-14,False
d66a8360723ff474,search,references/external/Time-MMD/textual/SocialGood/SocialGood_search.csv,,1990-01-15,1990-01-21,False,1990-01-21,False
7002365fea092e25,search,references/external/Time-MMD/textual/SocialGood/SocialGood_search.csv,,1990-01-22,1990-01-28,False,1990-01-28,False
e504d9e500a9edaf,search,references/external/Time-MMD/textual/SocialGood/SocialGood_search.csv,,1990-01-29,1990-02-04,False,1990-02-04,False
b3739c81c0a11d3d,search,references/external/Time-MMD/textual/SocialGood/SocialGood_search.csv,,1990-02-05,1990-02-11,False,1990-02-11,False
24d43c3b338350d6,search,references/external/Time-MMD/textual/SocialGood/SocialGood_search.csv,,1990-02-12,1990-02-18,False,1990-02-18,False
4961f6d2835d34bc,search,references/external/Time-MMD/textual/SocialGood/SocialGood_search.csv,,1990-02-19,1990-02-25,False,1990-02-25,False
bc813370a7f1abb1,search,references/external/Time-MMD/textual/SocialGood/SocialGood_search.csv,,1990-02-26,1990-03-04,False,1990-03-04,False
01d610c8f19d5dc4,search,references/external/Time-MMD/textual/SocialGood/SocialGood_search.csv,,1990-03-05,1990-03-11,False,1990-03-11,False
1cd7b23f6fa070c6,search,references/external/Time-MMD/textual/SocialGood/SocialGood_search.csv,,1990-03-12,1990-03-18,False,1990-03-18,False
499b5419e392145c,search,references/external/Time-MMD/textual/SocialGood/SocialGood_search.csv,,1990-03-19,1990-03-25,False,1990-03-25,False
30cb65bbb2105387,search,references/external/Time-MMD/textual/SocialGood/SocialGood_search.csv,,1990-03-26,1990-04-01,False,1990-04-01,False
214f8bdd7c07a4fc,search,references/external/Time-MMD/textual/SocialGood/SocialGood_search.csv,,1990-04-02,1990-04-08,False,1990-04-08,False
86dd070c595b8a88,search,references/external/Time-MMD/textual/SocialGood/SocialGood_search.csv,,1990-04-09,1990-04-15,False,1990-04-15,False
9647456a0b63dab4,search,references/external/Time-MMD/textual/SocialGood/SocialGood_search.csv,,1990-04-16,1990-04-22,False,1990-04-22,False
b4c42ba81fc707b1,search,references/external/Time-MMD/textual/SocialGood/SocialGood_search.csv,,1990-04-23,1990-04-29,False,1990-04-29,False
c9a99ddc47cc7d3e,search,references/external/Time-MMD/textual/SocialGood/SocialGood_search.csv,,1990-04-30,1990-05-06,False,1990-05-06,False
fa67d91cf93a9f90,search,references/external/Time-MMD/textual/SocialGood/SocialGood_search.csv,,1990-05-07,1990-05-13,False,1990-05-13,False
0370d0498fe0457a,search,references/external/Time-MMD/textual/SocialGood/SocialGood_search.csv,,1990-05-14,1990-05-20,False,1990-05-20,False
efcd4826cc60805c,search,references/external/Time-MMD/textual/SocialGood/SocialGood_search.csv,,1990-05-21,1990-05-27,False,1990-05-27,False
cbd28867abb0c2fa,search,references/external/Time-MMD/textual/SocialGood/SocialGood_search.csv,,1990-05-28,1990-06-03,False,1990-06-03,False
8cf274cc614d24a8,search,references/external/Time-MMD/textual/SocialGood/SocialGood_search.csv,,1990-06-04,1990-06-10,False,1990-06-10,False
aa9cea599c851980,search,references/external/Time-MMD/textual/SocialGood/SocialGood_search.csv,,1990-06-11,1990-06-17,False,1990-06-17,False
e4eaa61e909c99fd,search,references/external/Time-MMD/textual/SocialGood/SocialGood_search.csv,,1990-06-18,1990-06-24,False,1990-06-24,False
c3e1c686513905ac,search,references/external/Time-MMD/textual/SocialGood/SocialGood_search.csv,,1990-06-25,1990-07-01,False,1990-07-01,False
4d4f9af261c1b770,search,references/external/Time-MMD/textual/SocialGood/SocialGood_search.csv,,1990-07-02,1990-07-08,False,1990-07-08,False
5b1bb7ba27cb3cdf,search,references/external/Time-MMD/textual/SocialGood/SocialGood_search.csv,,1990-07-09,1990-07-15,False,1990-07-15,False
a2c728c5a160b01d,search,references/external/Time-MMD/textual/SocialGood/SocialGood_search.csv,,1990-07-16,1990-07-22,False,1990-07-22,False
da36687bce34e7cf,search,references/external/Time-MMD/textual/SocialGood/SocialGood_search.csv,,1990-07-23,1990-07-29,False,1990-07-29,False
bf4a4b6bceb6039b,search,references/external/Time-MMD/textual/SocialGood/SocialGood_search.csv,,1990-07-30,1990-08-05,False,1990-08-05,False
0ca6ce5067a02229,search,references/external/Time-MMD/textual/SocialGood/SocialGood_search.csv,,1990-08-13,1990-08-19,False,1990-08-19,False
d105020335359144,search,references/external/Time-MMD/textual/SocialGood/SocialGood_search.csv,,1990-08-20,1990-08-26,False,1990-08-26,False
ecd3d59804aaf13a,search,references/external/Time-MMD/textual/SocialGood/SocialGood_search.csv,,1990-08-27,1990-09-02,False,1990-09-02,False
e3134d11419b7298,search,references/external/Time-MMD/textual/SocialGood/SocialGood_search.csv,,1990-09-03,1990-09-09,False,1990-09-09,False
9e81873ccd96cb78,search,references/external/Time-MMD/textual/SocialGood/SocialGood_search.csv,,1990-09-10,1990-09-16,False,1990-09-16,False
edb37cf43d0a9f3f,search,references/external/Time-MMD/textual/SocialGood/SocialGood_search.csv,,1990-09-17,1990-09-23,False,1990-09-23,False
aa01926c37c950f6,search,references/external/Time-MMD/textual/SocialGood/SocialGood_search.csv,,1990-09-24,1990-09-30,False,1990-09-30,False
c2cba6afd9b4231b,search,references/external/Time-MMD/textual/SocialGood/SocialGood_search.csv,,1990-10-01,1990-10-07,False,1990-10-07,False
0aeef7ce09728d58,search,references/external/Time-MMD/textual/SocialGood/SocialGood_search.csv,,1990-10-08,1990-10-14,False,1990-10-14,False
7f91e3b11bafda42,search,references/external/Time-MMD/textual/SocialGood/SocialGood_search.csv,,1990-10-15,1990-10-21,False,1990-10-21,False
f2ad73c842f6bc5e,search,references/external/Time-MMD/textual/SocialGood/SocialGood_search.csv,,1990-10-22,1990-10-28,False,1990-10-28,False
edfa3f94874842f3,search,references/external/Time-MMD/textual/SocialGood/SocialGood_search.csv,,1990-10-29,1990-11-04,False,1990-11-04,False
cd89c3a1ced35e02,search,references/external/Time-MMD/textual/SocialGood/SocialGood_search.csv,,1990-11-05,1990-11-11,False,1990-11-11,False
73301779be9e9b0e,search,references/external/Time-MMD/textual/SocialGood/SocialGood_search.csv,,1990-11-12,1990-11-18,False,1990-11-18,False
5befc267511162ca,search,references/external/Time-MMD/textual/SocialGood/SocialGood_search.csv,,1990-11-19,1990-11-25,False,1990-11-25,False
6d84a48ff3d3dd2a,search,references/external/Time-MMD/textual/SocialGood/SocialGood_search.csv,,1990-11-26,1990-12-02,False,1990-12-02,False
6730f2bf604f8284,search,references/external/Time-MMD/textual/SocialGood/SocialGood_search.csv,,1990-12-03,1990-12-09,False,1990-12-09,False
a39f842076b27277,search,references/external/Time-MMD/textual/SocialGood/SocialGood_search.csv,,1990-12-10,1990-12-16,False,1990-12-16,False
5e44c94b914a8965,search,references/external/Time-MMD/textual/SocialGood/SocialGood_search.csv,,1990-12-17,1990-12-23,False,1990-12-23,False
2f3123ab6f09d741,search,references/external/Time-MMD/textual/SocialGood/SocialGood_search.csv,,1990-12-24,1990-12-30,False,1990-12-30,False
584a32126c9ef671,search,references/external/Time-MMD/textual/SocialGood/SocialGood_search.csv,,1990-12-31,1991-01-06,False,1991-01-06,False
5e1d7f597c7e75f7,search,references/external/Time-MMD/textual/SocialGood/SocialGood_search.csv,,1991-01-07,1991-01-13,False,1991-01-13,False
f37d8798baa3d092,search,references/external/Time-MMD/textual/SocialGood/SocialGood_search.csv,,1991-01-14,1991-01-20,False,1991-01-20,False
926d9f9262edcc14,search,references/external/Time-MMD/textual/SocialGood/SocialGood_search.csv,,1991-01-21,1991-01-27,False,1991-01-27,False
233a1898e63d65f6,search,references/external/Time-MMD/textual/SocialGood/SocialGood_search.csv,,1991-01-28,1991-02-03,False,1991-02-03,False
2d8739938b84471d,search,references/external/Time-MMD/textual/SocialGood/SocialGood_search.csv,,1991-02-04,1991-02-10,False,1991-02-10,False
4d0a6fb02f2d11db,search,references/external/Time-MMD/textual/SocialGood/SocialGood_search.csv,,1991-02-11,1991-02-17,False,1991-02-17,False
fbfb34fd98cc4de6,search,references/external/Time-MMD/textual/SocialGood/SocialGood_search.csv,,1991-02-18,1991-02-24,False,1991-02-24,False
7bc3a5036aa0c5fc,search,references/external/Time-MMD/textual/SocialGood/SocialGood_search.csv,,1991-02-25,1991-03-03,False,1991-03-03,False
529d88500e2d578e,search,references/external/Time-MMD/textual/SocialGood/SocialGood_search.csv,,1991-03-04,1991-03-10,False,1991-03-10,False
4e1320ef4598681f,search,references/external/Time-MMD/textual/SocialGood/SocialGood_search.csv,,1991-03-11,1991-03-17,False,1991-03-17,False
4aa0f6fe9216d754,search,references/external/Time-MMD/textual/SocialGood/SocialGood_search.csv,,1991-03-18,1991-03-24,False,1991-03-24,False
3be9c9fe27accc60,search,references/external/Time-MMD/textual/SocialGood/SocialGood_search.csv,,1991-03-25,1991-03-31,False,1991-03-31,False
ace38633e499e626,search,references/external/Time-MMD/textual/SocialGood/SocialGood_search.csv,,1991-04-01,1991-04-07,False,1991-04-07,False
2c17eaf5a191e665,search,references/external/Time-MMD/textual/SocialGood/SocialGood_search.csv,,1991-04-08,1991-04-14,False,1991-04-14,False
533ab8df50b82b76,search,references/external/Time-MMD/textual/SocialGood/SocialGood_search.csv,,1991-04-15,1991-04-21,False,1991-04-21,False
f7b10173d2f15d43,search,references/external/Time-MMD/textual/SocialGood/SocialGood_search.csv,,1991-04-22,1991-04-28,False,1991-04-28,False
2de76dfa0905ed73,search,references/external/Time-MMD/textual/SocialGood/SocialGood_search.csv,,1991-04-29,1991-05-05,False,1991-05-05,False
b022d84c3b61ba80,search,references/external/Time-MMD/textual/SocialGood/SocialGood_search.csv,,1991-05-06,1991-05-12,False,1991-05-12,False
d0bfe6ccceb80e31,search,references/external/Time-MMD/textual/SocialGood/SocialGood_search.csv,,1991-05-13,1991-05-19,False,1991-05-19,False
8a79eecb90720d98,search,references/external/Time-MMD/textual/SocialGood/SocialGood_search.csv,,1991-05-20,1991-05-26,False,1991-05-26,False
1e9e708af7cfc88d,search,references/external/Time-MMD/textual/SocialGood/SocialGood_search.csv,,1991-05-27,1991-06-02,False,1991-06-02,False
867afcb4de4d3a24,search,references/external/Time-MMD/textual/SocialGood/SocialGood_search.csv,,1991-06-10,1991-06-16,False,1991-06-16,False
dbabd2f68a161cad,search,references/external/Time-MMD/textual/SocialGood/SocialGood_search.csv,,1991-06-17,1991-06-23,False,1991-06-23,False
df6fb13e03448aca,search,references/external/Time-MMD/textual/SocialGood/SocialGood_search.csv,,1991-06-24,1991-06-30,False,1991-06-30,False
a05c5255f8a75ef9,search,references/external/Time-MMD/textual/SocialGood/SocialGood_search.csv,,1991-07-01,1991-07-07,False,1991-07-07,False
3cf09db7f5ccc4f7,search,references/external/Time-MMD/textual/SocialGood/SocialGood_search.csv,,1991-07-08,1991-07-14,False,1991-07-14,False
6cec38badd5e9814,search,references/external/Time-MMD/textual/SocialGood/SocialGood_search.csv,,1991-07-15,1991-07-21,False,1991-07-21,False
d928ca4fd43f1fce,search,references/external/Time-MMD/textual/SocialGood/SocialGood_search.csv,,1991-07-22,1991-07-28,False,1991-07-28,False
648fb7471807d72e,search,references/external/Time-MMD/textual/SocialGood/SocialGood_search.csv,,1991-07-29,1991-08-04,False,1991-08-04,False
98db983f04c9eb77,search,references/external/Time-MMD/textual/SocialGood/SocialGood_search.csv,,1991-08-05,1991-08-11,False,1991-08-11,False
076675c396d81113,search,references/external/Time-MMD/textual/SocialGood/SocialGood_search.csv,,1991-08-12,1991-08-18,False,1991-08-18,False
59a7ebd101f12e04,search,references/external/Time-MMD/textual/SocialGood/SocialGood_search.csv,,1991-08-19,1991-08-25,False,1991-08-25,False
a1c664114dd90a28,search,references/external/Time-MMD/textual/SocialGood/SocialGood_search.csv,,1991-08-26,1991-09-01,False,1991-09-01,False
adbfb53e945cf5ae,search,references/external/Time-MMD/textual/SocialGood/SocialGood_search.csv,,1991-09-02,1991-09-08,False,1991-09-08,False
669ed6396c152b4a,search,references/external/Time-MMD/textual/SocialGood/SocialGood_search.csv,,1991-09-09,1991-09-15,False,1991-09-15,False
94d470db7e3f29f1,search,references/external/Time-MMD/textual/SocialGood/SocialGood_search.csv,,1991-09-16,1991-09-22,False,1991-09-22,False
8386dc3db5f5d421,search,references/external/Time-MMD/textual/SocialGood/SocialGood_search.csv,,1991-09-23,1991-09-29,False,1991-09-29,False
d2982c6835bba0b4,search,references/external/Time-MMD/textual/SocialGood/SocialGood_search.csv,,1991-09-30,1991-10-06,False,1991-10-06,False
d2f473e7980c9b94,search,references/external/Time-MMD/textual/SocialGood/SocialGood_search.csv,,1991-10-07,1991-10-13,False,1991-10-13,False
e69cdfaff0c5079a,search,references/external/Time-MMD/textual/SocialGood/SocialGood_search.csv,,1991-10-14,1991-10-20,False,1991-10-20,False
9ffdd90e5cc6d99b,search,references/external/Time-MMD/textual/SocialGood/SocialGood_search.csv,,1991-10-21,1991-10-27,False,1991-10-27,False
4cacb68e7f29a00c,search,references/external/Time-MMD/textual/SocialGood/SocialGood_search.csv,,1991-10-28,1991-11-03,False,1991-11-03,False
521251550a684b7b,search,references/external/Time-MMD/textual/SocialGood/SocialGood_search.csv,,1991-11-04,1991-11-10,False,1991-11-10,False
77927afe0f59668a,search,references/external/Time-MMD/textual/SocialGood/SocialGood_search.csv,,1991-11-11,1991-11-17,False,1991-11-17,False
84bbbfea1f4f7059,search,references/external/Time-MMD/textual/SocialGood/SocialGood_search.csv,,1991-11-18,1991-11-24,False,1991-11-24,False
9006101d0c0718da,search,references/external/Time-MMD/textual/SocialGood/SocialGood_search.csv,,1991-11-25,1991-12-01,False,1991-12-01,False
c50ff09a86c3f60c,search,references/external/Time-MMD/textual/SocialGood/SocialGood_search.csv,,1991-12-02,1991-12-08,False,1991-12-08,False
fbea47d700490637,search,references/external/Time-MMD/textual/SocialGood/SocialGood_search.csv,,1991-12-09,1991-12-15,False,1991-12-15,False
0f317a47f230b805,search,references/external/Time-MMD/textual/SocialGood/SocialGood_search.csv,,1991-12-16,1991-12-22,False,1991-12-22,False
e761bcb5865cfba8,search,references/external/Time-MMD/textual/SocialGood/SocialGood_search.csv,,1991-12-23,1991-12-29,False,1991-12-29,False
e4f7eb18ccbc6bb2,search,references/external/Time-MMD/textual/SocialGood/SocialGood_search.csv,,1991-12-30,1992-01-05,False,1992-01-05,False
8932c27727da52b4,search,references/external/Time-MMD/textual/SocialGood/SocialGood_search.csv,,1992-01-06,1992-01-12,False,1992-01-12,False
34f533ffd2dd2564,search,references/external/Time-MMD/textual/SocialGood/SocialGood_search.csv,,1992-01-13,1992-01-19,False,1992-01-19,False
d78f4c471d0b3cb1,search,references/external/Time-MMD/textual/SocialGood/SocialGood_search.csv,,1992-01-20,1992-01-26,False,1992-01-26,False
847d44f96311b833,search,references/external/Time-MMD/textual/SocialGood/SocialGood_search.csv,,1992-01-27,1992-02-02,False,1992-02-02,False
9564184de6d001a8,search,references/external/Time-MMD/textual/SocialGood/SocialGood_search.csv,,1992-02-03,1992-02-09,False,1992-02-09,False
ebdda7e82cfcb807,search,references/external/Time-MMD/textual/SocialGood/SocialGood_search.csv,,1992-02-10,1992-02-16,False,1992-02-16,False
156d74fb9bfda581,search,references/external/Time-MMD/textual/SocialGood/SocialGood_search.csv,,1992-02-17,1992-02-23,False,1992-02-23,False
188fcd811ecd2e09,search,references/external/Time-MMD/textual/SocialGood/SocialGood_search.csv,,1992-02-24,1992-03-01,False,1992-03-01,False
a70c8ff18d58b178,search,references/external/Time-MMD/textual/SocialGood/SocialGood_search.csv,,1992-03-02,1992-03-08,False,1992-03-08,False
0f982a034f047e2a,search,references/external/Time-MMD/textual/SocialGood/SocialGood_search.csv,,1992-03-09,1992-03-15,False,1992-03-15,False
89fa7efd48b7acff,search,references/external/Time-MMD/textual/SocialGood/SocialGood_search.csv,,1992-03-16,1992-03-22,False,1992-03-22,False
c37a2171a78806ab,search,references/external/Time-MMD/textual/SocialGood/SocialGood_search.csv,,1992-03-23,1992-03-29,False,1992-03-29,False
2d90f628c0f46283,search,references/external/Time-MMD/textual/SocialGood/SocialGood_search.csv,,1992-03-30,1992-04-05,False,1992-04-05,False
120281d4048e6bd6,search,references/external/Time-MMD/textual/SocialGood/SocialGood_search.csv,,1992-04-06,1992-04-12,False,1992-04-12,False
dc9251973e3f5dda,search,references/external/Time-MMD/textual/SocialGood/SocialGood_search.csv,,1992-04-13,1992-04-19,False,1992-04-19,False
f4f59af8a7c850ef,search,references/external/Time-MMD/textual/SocialGood/SocialGood_search.csv,,1992-04-20,1992-04-26,False,1992-04-26,False
330a0b5791a5f3e9,search,references/external/Time-MMD/textual/SocialGood/SocialGood_search.csv,,1992-04-27,1992-05-03,False,1992-05-03,False
07273df11d79fe0d,search,references/external/Time-MMD/textual/SocialGood/SocialGood_search.csv,,1992-05-04,1992-05-10,False,1992-05-10,False
ba8df0783820b645,search,references/external/Time-MMD/textual/SocialGood/SocialGood_search.csv,,1992-05-11,1992-05-17,False,1992-05-17,False
d128dabe077bbcd7,search,references/external/Time-MMD/textual/SocialGood/SocialGood_search.csv,,1992-05-18,1992-05-24,False,1992-05-24,False
a865031c0cd8d823,search,references/external/Time-MMD/textual/SocialGood/SocialGood_search.csv,,1992-05-25,1992-05-31,False,1992-05-31,False
2c92f17b93e5b3d5,search,references/external/Time-MMD/textual/SocialGood/SocialGood_search.csv,,1992-06-01,1992-06-07,False,1992-06-07,False
da3b8b47b002fde6,search,references/external/Time-MMD/textual/SocialGood/SocialGood_search.csv,,1992-06-08,1992-06-14,False,1992-06-14,False
2d2d31a4c18159dc,search,references/external/Time-MMD/textual/SocialGood/SocialGood_search.csv,,1992-06-15,1992-06-21,False,1992-06-21,False
b7e39f24eb95d55d,search,references/external/Time-MMD/textual/SocialGood/SocialGood_search.csv,,1992-06-22,1992-06-28,False,1992-06-28,False
37df0cd7ec0eb6dc,search,references/external/Time-MMD/textual/SocialGood/SocialGood_search.csv,,1992-06-29,1992-07-05,False,1992-07-05,False
5cff3da1cac704b3,search,references/external/Time-MMD/textual/SocialGood/SocialGood_search.csv,,1992-07-06,1992-07-12,False,1992-07-12,False
9922763fa2ff02be,search,references/external/Time-MMD/textual/SocialGood/SocialGood_search.csv,,1992-07-13,1992-07-19,False,1992-07-19,False
772112934659731d,search,references/external/Time-MMD/textual/SocialGood/SocialGood_search.csv,,1992-07-20,1992-07-26,False,1992-07-26,False
f6771e078215e05f,search,references/external/Time-MMD/textual/SocialGood/SocialGood_search.csv,,1992-07-27,1992-08-02,False,1992-08-02,False
deb79fed49e0beeb,search,references/external/Time-MMD/textual/SocialGood/SocialGood_search.csv,,1992-08-03,1992-08-09,False,1992-08-09,False
e8d11a5867cc77fd,search,references/external/Time-MMD/textual/SocialGood/SocialGood_search.csv,,1992-08-10,1992-08-16,False,1992-08-16,False
c79334f25b1a925b,search,references/external/Time-MMD/textual/SocialGood/SocialGood_search.csv,,1992-08-17,1992-08-23,False,1992-08-23,False
b1bf6fbb07e7d463,search,references/external/Time-MMD/textual/SocialGood/SocialGood_search.csv,,1992-08-24,1992-08-30,False,1992-08-30,False
a5abd7dc072e9c90,search,references/external/Time-MMD/textual/SocialGood/SocialGood_search.csv,,1992-08-31,1992-09-06,False,1992-09-06,False
eb10c6242e497890,search,references/external/Time-MMD/textual/SocialGood/SocialGood_search.csv,,1992-09-07,1992-09-13,False,1992-09-13,False
d22a1a4ccb0e18c5,search,references/external/Time-MMD/textual/SocialGood/SocialGood_search.csv,,1992-09-14,1992-09-20,False,1992-09-20,False
39499c02f7910cd1,search,references/external/Time-MMD/textual/SocialGood/SocialGood_search.csv,,1992-09-21,1992-09-27,False,1992-09-27,False
163cfc16c4292d60,search,references/external/Time-MMD/textual/SocialGood/SocialGood_search.csv,,1992-09-28,1992-10-04,False,1992-10-04,False
0156511579648be9,search,references/external/Time-MMD/textual/SocialGood/SocialGood_search.csv,,1992-10-05,1992-10-11,False,1992-10-11,False
beb739a38d433646,search,references/external/Time-MMD/textual/SocialGood/SocialGood_search.csv,,1992-10-12,1992-10-18,False,1992-10-18,False
e3ef1850ffb6a17f,search,references/external/Time-MMD/textual/SocialGood/SocialGood_search.csv,,1992-10-19,1992-10-25,False,1992-10-25,False
26e0ec1c537e141b,search,references/external/Time-MMD/textual/SocialGood/SocialGood_search.csv,,1992-10-26,1992-11-01,False,1992-11-01,False
fdb40aee07f105ae,search,references/external/Time-MMD/textual/SocialGood/SocialGood_search.csv,,1992-11-02,1992-11-08,False,1992-11-08,False
0a95580fa6c491a9,search,references/external/Time-MMD/textual/SocialGood/SocialGood_search.csv,,1992-11-09,1992-11-15,False,1992-11-15,False
1f2e07767e8b2f9e,search,references/external/Time-MMD/textual/SocialGood/SocialGood_search.csv,,1992-11-16,1992-11-22,False,1992-11-22,False
e1a4aa01b5c89524,search,references/external/Time-MMD/textual/SocialGood/SocialGood_search.csv,,1992-11-23,1992-11-29,False,1992-11-29,False
f857c8955e983840,search,references/external/Time-MMD/textual/SocialGood/SocialGood_search.csv,,1992-11-30,1992-12-06,False,1992-12-06,False
dc41e0bdd4f3b90d,search,references/external/Time-MMD/textual/SocialGood/SocialGood_search.csv,,1992-12-07,1992-12-13,False,1992-12-13,False
a7a33980140b3b98,search,references/external/Time-MMD/textual/SocialGood/SocialGood_search.csv,,1992-12-14,1992-12-20,False,1992-12-20,False
ef1fda886c2ba245,search,references/external/Time-MMD/textual/SocialGood/SocialGood_search.csv,,1992-12-21,1992-12-27,False,1992-12-27,False
325d7a71719ac32d,search,references/external/Time-MMD/textual/SocialGood/SocialGood_search.csv,,1992-12-28,1993-01-03,False,1993-01-03,False
4e6b827527a94870,search,references/external/Time-MMD/textual/SocialGood/SocialGood_search.csv,,1993-01-04,1993-01-10,False,1993-01-10,False
c9a4c8bc3c989b7c,search,references/external/Time-MMD/textual/SocialGood/SocialGood_search.csv,,1993-01-11,1993-01-17,False,1993-01-17,False
692e6b3c8c9b468f,search,references/external/Time-MMD/textual/SocialGood/SocialGood_search.csv,,1993-01-18,1993-01-24,False,1993-01-24,False
109ad6ec7f797d3e,search,references/external/Time-MMD/textual/SocialGood/SocialGood_search.csv,,1993-01-25,1993-01-31,False,1993-01-31,False
5905aea8da9585b6,search,references/external/Time-MMD/textual/SocialGood/SocialGood_search.csv,,1993-02-01,1993-02-07,False,1993-02-07,False
034d91bcdd2fe2d5,search,references/external/Time-MMD/textual/SocialGood/SocialGood_search.csv,,1993-02-08,1993-02-14,False,1993-02-14,False
c068138564405bfc,search,references/external/Time-MMD/textual/SocialGood/SocialGood_search.csv,,1993-02-15,1993-02-21,False,1993-02-21,False
43900d0ddb202a70,search,references/external/Time-MMD/textual/SocialGood/SocialGood_search.csv,,1993-02-22,1993-02-28,False,1993-02-28,False
c73f6f19e473661b,search,references/external/Time-MMD/textual/SocialGood/SocialGood_search.csv,,1993-03-01,1993-03-07,False,1993-03-07,False
ddeaaba21a7d29c5,search,references/external/Time-MMD/textual/SocialGood/SocialGood_search.csv,,1993-03-08,1993-03-14,False,1993-03-14,False
6061775a3fa79583,search,references/external/Time-MMD/textual/SocialGood/SocialGood_search.csv,,1993-03-15,1993-03-21,False,1993-03-21,False
0b906af39563ba01,search,references/external/Time-MMD/textual/SocialGood/SocialGood_search.csv,,1993-03-22,1993-03-28,False,1993-03-28,False
19b7877b0121b472,search,references/external/Time-MMD/textual/SocialGood/SocialGood_search.csv,,1993-03-29,1993-04-04,False,1993-04-04,False
c46cb5cdddb78fae,search,references/external/Time-MMD/textual/SocialGood/SocialGood_search.csv,,1993-04-05,1993-04-11,False,1993-04-11,False
2f6951b77d00711b,search,references/external/Time-MMD/textual/SocialGood/SocialGood_search.csv,,1993-04-12,1993-04-18,False,1993-04-18,False
992066672903390a,search,references/external/Time-MMD/textual/SocialGood/SocialGood_search.csv,,1993-04-19,1993-04-25,False,1993-04-25,False
18da9d88ddf9bd93,search,references/external/Time-MMD/textual/SocialGood/SocialGood_search.csv,,1993-04-26,1993-05-02,False,1993-05-02,False
604573f190be2829,search,references/external/Time-MMD/textual/SocialGood/SocialGood_search.csv,,1993-05-03,1993-05-09,False,1993-05-09,False
ad217704af869a6a,search,references/external/Time-MMD/textual/SocialGood/SocialGood_search.csv,,1993-05-10,1993-05-16,False,1993-05-16,False
43d9d4c7d55a526f,search,references/external/Time-MMD/textual/SocialGood/SocialGood_search.csv,,1993-05-17,1993-05-23,False,1993-05-23,False
b881123bc67dab6f,search,references/external/Time-MMD/textual/SocialGood/SocialGood_search.csv,,1993-05-24,1993-05-30,False,1993-05-30,False
8ea971b6d6fb38ce,search,references/external/Time-MMD/textual/SocialGood/SocialGood_search.csv,,1993-05-31,1993-06-06,False,1993-06-06,False
7ea9abbf6dbd9ac9,search,references/external/Time-MMD/textual/SocialGood/SocialGood_search.csv,,1993-06-07,1993-06-13,False,1993-06-13,False
94da605269a1e547,search,references/external/Time-MMD/textual/SocialGood/SocialGood_search.csv,,1993-06-14,1993-06-20,False,1993-06-20,False
9f3774e88dd1c4fc,search,references/external/Time-MMD/textual/SocialGood/SocialGood_search.csv,,1993-06-21,1993-06-27,False,1993-06-27,False
1074a79d7bad7d3a,search,references/external/Time-MMD/textual/SocialGood/SocialGood_search.csv,,1993-06-28,1993-07-04,False,1993-07-04,False
bfb6068b964cacd4,search,references/external/Time-MMD/textual/SocialGood/SocialGood_search.csv,,1993-07-05,1993-07-11,False,1993-07-11,False
b1fbf7c5f878941a,search,references/external/Time-MMD/textual/SocialGood/SocialGood_search.csv,,1993-07-12,1993-07-18,False,1993-07-18,False
85a1f3c9c03de871,search,references/external/Time-MMD/textual/SocialGood/SocialGood_search.csv,,1993-07-19,1993-07-25,False,1993-07-25,False
c266f515cf3aed5d,search,references/external/Time-MMD/textual/SocialGood/SocialGood_search.csv,,1993-07-26,1993-08-01,False,1993-08-01,False
ca935697f3d9b8f0,search,references/external/Time-MMD/textual/SocialGood/SocialGood_search.csv,,1993-08-02,1993-08-08,False,1993-08-08,False
cf1a23ad235dda66,search,references/external/Time-MMD/textual/SocialGood/SocialGood_search.csv,,1993-08-09,1993-08-15,False,1993-08-15,False
12b07608fcc6c228,search,references/external/Time-MMD/textual/SocialGood/SocialGood_search.csv,,1993-08-16,1993-08-22,False,1993-08-22,False
adf13216c8faa78e,search,references/external/Time-MMD/textual/SocialGood/SocialGood_search.csv,,1993-08-23,1993-08-29,False,1993-08-29,False
7c43723e7a707110,search,references/external/Time-MMD/textual/SocialGood/SocialGood_search.csv,,1993-08-30,1993-09-05,False,1993-09-05,False
c743dfb615565216,search,references/external/Time-MMD/textual/SocialGood/SocialGood_search.csv,,1993-09-06,1993-09-12,False,1993-09-12,False
18ad55a87005e655,search,references/external/Time-MMD/textual/SocialGood/SocialGood_search.csv,,1993-09-13,1993-09-19,False,1993-09-19,False
fc242f0f54a6817f,search,references/external/Time-MMD/textual/SocialGood/SocialGood_search.csv,,1993-09-20,1993-09-26,False,1993-09-26,False
034ae6c08e967fb2,search,references/external/Time-MMD/textual/SocialGood/SocialGood_search.csv,,1993-09-27,1993-10-03,False,1993-10-03,False
c034756e1feca29e,search,references/external/Time-MMD/textual/SocialGood/SocialGood_search.csv,,1993-10-04,1993-10-10,False,1993-10-10,False
8b89cfa4fcc6b180,search,references/external/Time-MMD/textual/SocialGood/SocialGood_search.csv,,1993-10-11,1993-10-17,False,1993-10-17,False
1bd5fa37c0c93502,search,references/external/Time-MMD/textual/SocialGood/SocialGood_search.csv,,1993-10-18,1993-10-24,False,1993-10-24,False
4dc705807ef8361a,search,references/external/Time-MMD/textual/SocialGood/SocialGood_search.csv,,1993-10-25,1993-10-31,False,1993-10-31,False
a8d2eb7cf3e8cd16,search,references/external/Time-MMD/textual/SocialGood/SocialGood_search.csv,,1993-11-01,1993-11-07,False,1993-11-07,False
e7b3506b0cc87b87,search,references/external/Time-MMD/textual/SocialGood/SocialGood_search.csv,,1993-11-08,1993-11-14,False,1993-11-14,False
237cdac4ee7a0de9,search,references/external/Time-MMD/textual/SocialGood/SocialGood_search.csv,,1993-11-15,1993-11-21,False,1993-11-21,False
935cd9bb7a2ae127,search,references/external/Time-MMD/textual/SocialGood/SocialGood_search.csv,,1993-11-22,1993-11-28,False,1993-11-28,False
b2e8a35de6673f0e,search,references/external/Time-MMD/textual/SocialGood/SocialGood_search.csv,,1993-11-29,1993-12-05,False,1993-12-05,False
80b0af2f1256e5fe,search,references/external/Time-MMD/textual/SocialGood/SocialGood_search.csv,,1993-12-06,1993-12-12,False,1993-12-12,False
3fb2c5528ca28def,search,references/external/Time-MMD/textual/SocialGood/SocialGood_search.csv,,1993-12-13,1993-12-19,False,1993-12-19,False
3b0bcd882646315f,search,references/external/Time-MMD/textual/SocialGood/SocialGood_search.csv,,1993-12-20,1993-12-26,False,1993-12-26,False
5cbcd2389eedc7d9,search,references/external/Time-MMD/textual/SocialGood/SocialGood_search.csv,,1993-12-27,1994-01-02,False,1994-01-02,False
035b082453809a7d,search,references/external/Time-MMD/textual/SocialGood/SocialGood_search.csv,,1994-01-03,1994-01-09,False,1994-01-09,False
a56110669ee6409b,search,references/external/Time-MMD/textual/SocialGood/SocialGood_search.csv,,1994-01-10,1994-01-16,False,1994-01-16,False
a6bddcf24b7da1aa,search,references/external/Time-MMD/textual/SocialGood/SocialGood_search.csv,,1994-01-17,1994-01-23,False,1994-01-23,False
7a0984191db2865c,search,references/external/Time-MMD/textual/SocialGood/SocialGood_search.csv,,1994-01-24,1994-01-30,False,1994-01-30,False
71296d3fc9f56ed9,search,references/external/Time-MMD/textual/SocialGood/SocialGood_search.csv,,1994-01-31,1994-02-06,False,1994-02-06,False
3fb72ccbaecd8fd5,search,references/external/Time-MMD/textual/SocialGood/SocialGood_search.csv,,1994-02-07,1994-02-13,False,1994-02-13,False
d12cbe0d817c69a4,search,references/external/Time-MMD/textual/SocialGood/SocialGood_search.csv,,1994-02-14,1994-02-20,False,1994-02-20,False
81b5e84a7bb9ee26,search,references/external/Time-MMD/textual/SocialGood/SocialGood_search.csv,,1994-02-21,1994-02-27,False,1994-02-27,False
d8b84aadca5ad16a,search,references/external/Time-MMD/textual/SocialGood/SocialGood_search.csv,,1994-02-28,1994-03-06,False,1994-03-06,False
ac8ceb50ed8c471b,search,references/external/Time-MMD/textual/SocialGood/SocialGood_search.csv,,1994-03-07,1994-03-13,False,1994-03-13,False
925ae368703f7a63,search,references/external/Time-MMD/textual/SocialGood/SocialGood_search.csv,,1994-03-14,1994-03-20,False,1994-03-20,False
7306eb7419e73289,search,references/external/Time-MMD/textual/SocialGood/SocialGood_search.csv,,1994-03-21,1994-03-27,False,1994-03-27,False
aa3b946c98e2c3b3,search,references/external/Time-MMD/textual/SocialGood/SocialGood_search.csv,,1994-03-28,1994-04-03,False,1994-04-03,False
87784e7877ab3874,search,references/external/Time-MMD/textual/SocialGood/SocialGood_search.csv,,1994-04-04,1994-04-10,False,1994-04-10,False
0cf6a2066f8aba6c,search,references/external/Time-MMD/textual/SocialGood/SocialGood_search.csv,,1994-04-11,1994-04-17,False,1994-04-17,False
d5b7902f3172e5dd,search,references/external/Time-MMD/textual/SocialGood/SocialGood_search.csv,,1994-04-18,1994-04-24,False,1994-04-24,False
277f6ca4e935b96f,search,references/external/Time-MMD/textual/SocialGood/SocialGood_search.csv,,1994-04-25,1994-05-01,False,1994-05-01,False
f4bc15e40b988dce,search,references/external/Time-MMD/textual/SocialGood/SocialGood_search.csv,,1994-05-02,1994-05-08,False,1994-05-08,False
604d94a9d8a87aac,search,references/external/Time-MMD/textual/SocialGood/SocialGood_search.csv,,1994-05-09,1994-05-15,False,1994-05-15,False
932c73e4840ab0b1,search,references/external/Time-MMD/textual/SocialGood/SocialGood_search.csv,,1994-05-16,1994-05-22,False,1994-05-22,False
e392597c902cc7ad,search,references/external/Time-MMD/textual/SocialGood/SocialGood_search.csv,,1994-05-23,1994-05-29,False,1994-05-29,False
225f7dd8a62cb216,search,references/external/Time-MMD/textual/SocialGood/SocialGood_search.csv,,1994-05-30,1994-06-05,False,1994-06-05,False
6da2983e44db2de5,search,references/external/Time-MMD/textual/SocialGood/SocialGood_search.csv,,1994-06-06,1994-06-12,False,1994-06-12,False
537437bfddec0a2c,search,references/external/Time-MMD/textual/SocialGood/SocialGood_search.csv,,1994-06-13,1994-06-19,False,1994-06-19,False
b51c3a4542f4d20f,search,references/external/Time-MMD/textual/SocialGood/SocialGood_search.csv,,1994-06-20,1994-06-26,False,1994-06-26,False
e9e2401ddacdd7b7,search,references/external/Time-MMD/textual/SocialGood/SocialGood_search.csv,,1994-06-27,1994-07-03,False,1994-07-03,False
01ca9b86b9227567,search,references/external/Time-MMD/textual/SocialGood/SocialGood_search.csv,,1994-07-04,1994-07-10,False,1994-07-10,False
46ddf9084bd371b0,search,references/external/Time-MMD/textual/SocialGood/SocialGood_search.csv,,1994-07-11,1994-07-17,False,1994-07-17,False
a6eadcee61730178,search,references/external/Time-MMD/textual/SocialGood/SocialGood_search.csv,,1994-07-18,1994-07-24,False,1994-07-24,False
b922580bf14738e4,search,references/external/Time-MMD/textual/SocialGood/SocialGood_search.csv,,1994-07-25,1994-07-31,False,1994-07-31,False
024a5a49dffdd418,search,references/external/Time-MMD/textual/SocialGood/SocialGood_search.csv,,1994-08-01,1994-08-07,False,1994-08-07,False
afe65823e0120aa4,search,references/external/Time-MMD/textual/SocialGood/SocialGood_search.csv,,1994-08-08,1994-08-14,False,1994-08-14,False
55a56abc4870f8f3,search,references/external/Time-MMD/textual/SocialGood/SocialGood_search.csv,,1994-08-15,1994-08-21,False,1994-08-21,False
66c846345862a74d,search,references/external/Time-MMD/textual/SocialGood/SocialGood_search.csv,,1994-08-22,1994-08-28,False,1994-08-28,False
ab3913d60a400728,search,references/external/Time-MMD/textual/SocialGood/SocialGood_search.csv,,1994-08-29,1994-09-04,False,1994-09-04,False
7dc5e4b158d010c9,search,references/external/Time-MMD/textual/SocialGood/SocialGood_search.csv,,1994-09-05,1994-09-11,False,1994-09-11,False
648a5df4915e0ba9,search,references/external/Time-MMD/textual/SocialGood/SocialGood_search.csv,,1994-09-12,1994-09-18,False,1994-09-18,False
60979f23472a0e22,search,references/external/Time-MMD/textual/SocialGood/SocialGood_search.csv,,1994-09-19,1994-09-25,False,1994-09-25,False
c86d4daf310690f5,search,references/external/Time-MMD/textual/SocialGood/SocialGood_search.csv,,1994-09-26,1994-10-02,False,1994-10-02,False
bba1184e686b60c2,search,references/external/Time-MMD/textual/SocialGood/SocialGood_search.csv,,1994-10-03,1994-10-09,False,1994-10-09,False
06d234b16fff1f4b,search,references/external/Time-MMD/textual/SocialGood/SocialGood_search.csv,,1994-10-10,1994-10-16,False,1994-10-16,False
4675f8460a397554,search,references/external/Time-MMD/textual/SocialGood/SocialGood_search.csv,,1994-10-17,1994-10-23,False,1994-10-23,False
aa00466332e6db3d,search,references/external/Time-MMD/textual/SocialGood/SocialGood_search.csv,,1994-10-24,1994-10-30,False,1994-10-30,False
f1a0d60872035415,search,references/external/Time-MMD/textual/SocialGood/SocialGood_search.csv,,1994-10-31,1994-11-06,False,1994-11-06,False
a98b5113786dd77f,search,references/external/Time-MMD/textual/SocialGood/SocialGood_search.csv,,1994-11-07,1994-11-13,False,1994-11-13,False
01928844ea2df4b2,search,references/external/Time-MMD/textual/SocialGood/SocialGood_search.csv,,1994-11-14,1994-11-20,False,1994-11-20,False
2abbce79de622968,search,references/external/Time-MMD/textual/SocialGood/SocialGood_search.csv,,1994-11-21,1994-11-27,False,1994-11-27,False
5eec9096e72cb72b,search,references/external/Time-MMD/textual/SocialGood/SocialGood_search.csv,,1994-11-28,1994-12-04,False,1994-12-04,False
dc5780d3b7fa0a4d,search,references/external/Time-MMD/textual/SocialGood/SocialGood_search.csv,,1994-12-05,1994-12-11,False,1994-12-11,False
03dc3364fbc740e3,search,references/external/Time-MMD/textual/SocialGood/SocialGood_search.csv,,1994-12-12,1994-12-18,False,1994-12-18,False
d9e5c2c0e3e50ca5,search,references/external/Time-MMD/textual/SocialGood/SocialGood_search.csv,,1994-12-19,1994-12-25,False,1994-12-25,False
7dd696992e061797,search,references/external/Time-MMD/textual/SocialGood/SocialGood_search.csv,,1994-12-26,1995-01-01,False,1995-01-01,False
1461547c9117b690,search,references/external/Time-MMD/textual/SocialGood/SocialGood_search.csv,,1995-01-02,1995-01-08,False,1995-01-08,False
9ab694bed81f92d2,search,references/external/Time-MMD/textual/SocialGood/SocialGood_search.csv,,1995-01-09,1995-01-15,False,1995-01-15,False
1354c33bf3a5fa07,search,references/external/Time-MMD/textual/SocialGood/SocialGood_search.csv,,1995-01-16,1995-01-22,False,1995-01-22,False
51e9cf25bbbaf629,search,references/external/Time-MMD/textual/SocialGood/SocialGood_search.csv,,1995-01-23,1995-01-29,False,1995-01-29,False
17b779b61214432e,search,references/external/Time-MMD/textual/SocialGood/SocialGood_search.csv,,1995-01-30,1995-02-05,False,1995-02-05,False
3fbf3da338b103a3,search,references/external/Time-MMD/textual/SocialGood/SocialGood_search.csv,,1995-02-06,1995-02-12,False,1995-02-12,False
e6b1dfe294d7d1c8,search,references/external/Time-MMD/textual/SocialGood/SocialGood_search.csv,,1995-02-13,1995-02-19,False,1995-02-19,False
d9581f5ee708e270,search,references/external/Time-MMD/textual/SocialGood/SocialGood_search.csv,,1995-02-20,1995-02-26,False,1995-02-26,False
f28eaa525ea69f59,search,references/external/Time-MMD/textual/SocialGood/SocialGood_search.csv,,1995-02-27,1995-03-05,False,1995-03-05,False
fb9cccd2fb84d8b3,search,references/external/Time-MMD/textual/SocialGood/SocialGood_search.csv,,1995-03-06,1995-03-12,False,1995-03-12,False
18b6328180f6a0d7,search,references/external/Time-MMD/textual/SocialGood/SocialGood_search.csv,,1995-03-13,1995-03-19,False,1995-03-19,False
f2c3d8738f82e089,search,references/external/Time-MMD/textual/SocialGood/SocialGood_search.csv,,1995-03-20,1995-03-26,False,1995-03-26,False
76eb28af468f159d,search,references/external/Time-MMD/textual/SocialGood/SocialGood_search.csv,,1995-03-27,1995-04-02,False,1995-04-02,False
b6460c3b7aa37447,search,references/external/Time-MMD/textual/SocialGood/SocialGood_search.csv,,1995-04-03,1995-04-09,False,1995-04-09,False
9432620720991cba,search,references/external/Time-MMD/textual/SocialGood/SocialGood_search.csv,,1995-04-10,1995-04-16,False,1995-04-16,False
120f9004154a317b,search,references/external/Time-MMD/textual/SocialGood/SocialGood_search.csv,,1995-04-17,1995-04-23,False,1995-04-23,False
13d2ad745fb86519,search,references/external/Time-MMD/textual/SocialGood/SocialGood_search.csv,,1995-04-24,1995-04-30,False,1995-04-30,False
6d6555a7c94b75dd,search,references/external/Time-MMD/textual/SocialGood/SocialGood_search.csv,,1995-05-01,1995-05-07,False,1995-05-07,False
3adcdbba786bbfc1,search,references/external/Time-MMD/textual/SocialGood/SocialGood_search.csv,,1995-05-08,1995-05-14,False,1995-05-14,False
4523099c2ccaf1c6,search,references/external/Time-MMD/textual/SocialGood/SocialGood_search.csv,,1995-05-15,1995-05-21,False,1995-05-21,False
74493f01e0729b01,search,references/external/Time-MMD/textual/SocialGood/SocialGood_search.csv,,1995-05-22,1995-05-28,False,1995-05-28,False
2f5345440e4d8727,search,references/external/Time-MMD/textual/SocialGood/SocialGood_search.csv,,1995-05-29,1995-06-04,False,1995-06-04,False
1f165c1a9d4b5ddb,search,references/external/Time-MMD/textual/SocialGood/SocialGood_search.csv,,1995-06-05,1995-06-11,False,1995-06-11,False
46a530381fd40c14,search,references/external/Time-MMD/textual/SocialGood/SocialGood_search.csv,,1995-06-12,1995-06-18,False,1995-06-18,False
791759fe059bac54,search,references/external/Time-MMD/textual/SocialGood/SocialGood_search.csv,,1995-06-19,1995-06-25,False,1995-06-25,False
c87dd441df005362,search,references/external/Time-MMD/textual/SocialGood/SocialGood_search.csv,,1995-06-26,1995-07-02,False,1995-07-02,False
06718773b0343e73,search,references/external/Time-MMD/textual/SocialGood/SocialGood_search.csv,,1995-07-03,1995-07-09,False,1995-07-09,False
a23e983611fa45d5,search,references/external/Time-MMD/textual/SocialGood/SocialGood_search.csv,,1995-07-10,1995-07-16,False,1995-07-16,False
e2488b24afb32bab,search,references/external/Time-MMD/textual/SocialGood/SocialGood_search.csv,,1995-07-17,1995-07-23,False,1995-07-23,False
07e8cbb59e83de53,search,references/external/Time-MMD/textual/SocialGood/SocialGood_search.csv,,1995-07-24,1995-07-30,False,1995-07-30,False
6ffbe0b5871fe5ef,search,references/external/Time-MMD/textual/SocialGood/SocialGood_search.csv,,1995-07-31,1995-08-06,False,1995-08-06,False
060088fdfa7c0093,search,references/external/Time-MMD/textual/SocialGood/SocialGood_search.csv,,1995-08-07,1995-08-13,False,1995-08-13,False
baacd8854320bb8e,search,references/external/Time-MMD/textual/SocialGood/SocialGood_search.csv,,1995-08-14,1995-08-20,False,1995-08-20,False
f36c5b6205902ffc,search,references/external/Time-MMD/textual/SocialGood/SocialGood_search.csv,,1995-08-28,1995-09-03,False,1995-09-03,False
3342d4432a981492,search,references/external/Time-MMD/textual/SocialGood/SocialGood_search.csv,,1995-09-04,1995-09-10,False,1995-09-10,False
6601220f69badb9c,search,references/external/Time-MMD/textual/SocialGood/SocialGood_search.csv,,1995-09-11,1995-09-17,False,1995-09-17,False
77a4994b107eb53d,search,references/external/Time-MMD/textual/SocialGood/SocialGood_search.csv,,1995-09-18,1995-09-24,False,1995-09-24,False
5eee1732d45eb22a,search,references/external/Time-MMD/textual/SocialGood/SocialGood_search.csv,,1995-09-25,1995-10-01,False,1995-10-01,False
3f456d7578e8ee92,search,references/external/Time-MMD/textual/SocialGood/SocialGood_search.csv,,1995-10-02,1995-10-08,False,1995-10-08,False
f6291dac1c926f2a,search,references/external/Time-MMD/textual/SocialGood/SocialGood_search.csv,,1995-10-09,1995-10-15,False,1995-10-15,False
a68eaf80b0ab96ab,search,references/external/Time-MMD/textual/SocialGood/SocialGood_search.csv,,1995-10-16,1995-10-22,False,1995-10-22,False
88f4e580a9a10f48,search,references/external/Time-MMD/textual/SocialGood/SocialGood_search.csv,,1995-10-23,1995-10-29,False,1995-10-29,False
d0895c50245da02c,search,references/external/Time-MMD/textual/SocialGood/SocialGood_search.csv,,1995-10-30,1995-11-05,False,1995-11-05,False
e2bd230ff4b2f227,search,references/external/Time-MMD/textual/SocialGood/SocialGood_search.csv,,1995-11-06,1995-11-12,False,1995-11-12,False
aa1479e14ce9e02e,search,references/external/Time-MMD/textual/SocialGood/SocialGood_search.csv,,1995-11-13,1995-11-19,False,1995-11-19,False
dd2d145e38a13d3a,search,references/external/Time-MMD/textual/SocialGood/SocialGood_search.csv,,1995-11-20,1995-11-26,False,1995-11-26,False
c6316ead7c4d8c3b,search,references/external/Time-MMD/textual/SocialGood/SocialGood_search.csv,,1995-11-27,1995-12-03,False,1995-12-03,False
84f392ef207cf37a,search,references/external/Time-MMD/textual/SocialGood/SocialGood_search.csv,,1995-12-04,1995-12-10,False,1995-12-10,False
e250033da5cc6d0d,search,references/external/Time-MMD/textual/SocialGood/SocialGood_search.csv,,1995-12-11,1995-12-17,False,1995-12-17,False
f36dda4209c0fbee,search,references/external/Time-MMD/textual/SocialGood/SocialGood_search.csv,,1995-12-18,1995-12-24,False,1995-12-24,False
1005f485ffe06a6e,search,references/external/Time-MMD/textual/SocialGood/SocialGood_search.csv,,1995-12-25,1995-12-31,False,1995-12-31,False
0426609b379f6ee8,search,references/external/Time-MMD/textual/SocialGood/SocialGood_search.csv,,1996-01-01,1996-01-07,False,1996-01-07,False
4dbd811ffce729dc,search,references/external/Time-MMD/textual/SocialGood/SocialGood_search.csv,,1996-01-08,1996-01-14,False,1996-01-14,False
8203a680fea55b1f,search,references/external/Time-MMD/textual/SocialGood/SocialGood_search.csv,,1996-01-15,1996-01-21,False,1996-01-21,False
0e3fd6805a92cb17,search,references/external/Time-MMD/textual/SocialGood/SocialGood_search.csv,,1996-01-22,1996-01-28,False,1996-01-28,False
f0e62af2c44e8e43,search,references/external/Time-MMD/textual/SocialGood/SocialGood_search.csv,,1996-01-29,1996-02-04,False,1996-02-04,False
3b0a97c7f14f2345,search,references/external/Time-MMD/textual/SocialGood/SocialGood_search.csv,,1996-02-05,1996-02-11,False,1996-02-11,False
29b42a102eba8de2,search,references/external/Time-MMD/textual/SocialGood/SocialGood_search.csv,,1996-02-12,1996-02-18,False,1996-02-18,False
99cc241b06d87882,search,references/external/Time-MMD/textual/SocialGood/SocialGood_search.csv,,1996-02-19,1996-02-25,False,1996-02-25,False
b82d1ab0e73fb8c9,search,references/external/Time-MMD/textual/SocialGood/SocialGood_search.csv,,1996-02-26,1996-03-03,False,1996-03-03,False
23f8497924308e88,search,references/external/Time-MMD/textual/SocialGood/SocialGood_search.csv,,1996-03-04,1996-03-10,False,1996-03-10,False
c7ad5bd65d3a60f5,search,references/external/Time-MMD/textual/SocialGood/SocialGood_search.csv,,1996-03-11,1996-03-17,False,1996-03-17,False
fe5fd625eb38af54,search,references/external/Time-MMD/textual/SocialGood/SocialGood_search.csv,,1996-03-18,1996-03-24,False,1996-03-24,False
849f269ff512d4d1,search,references/external/Time-MMD/textual/SocialGood/SocialGood_search.csv,,1996-03-25,1996-03-31,False,1996-03-31,False
25789ba4fe3dc5d4,search,references/external/Time-MMD/textual/SocialGood/SocialGood_search.csv,,1996-04-01,1996-04-07,False,1996-04-07,False
d997f03fde030121,search,references/external/Time-MMD/textual/SocialGood/SocialGood_search.csv,,1996-04-08,1996-04-14,False,1996-04-14,False
e4085cf80e85b964,search,references/external/Time-MMD/textual/SocialGood/SocialGood_search.csv,,1996-04-15,1996-04-21,False,1996-04-21,False
017ab36d99e8d05a,search,references/external/Time-MMD/textual/SocialGood/SocialGood_search.csv,,1996-04-22,1996-04-28,False,1996-04-28,False
85cbb64d5ee1e2ea,search,references/external/Time-MMD/textual/SocialGood/SocialGood_search.csv,,1996-04-29,1996-05-05,False,1996-05-05,False
5567a56b1d276dd9,search,references/external/Time-MMD/textual/SocialGood/SocialGood_search.csv,,1996-05-06,1996-05-12,False,1996-05-12,False
b8f1ee0d2152d5b4,search,references/external/Time-MMD/textual/SocialGood/SocialGood_search.csv,,1996-05-13,1996-05-19,False,1996-05-19,False
e213b9ea814d5f77,search,references/external/Time-MMD/textual/SocialGood/SocialGood_search.csv,,1996-05-20,1996-05-26,False,1996-05-26,False
06c68aabf10ad7cb,search,references/external/Time-MMD/textual/SocialGood/SocialGood_search.csv,,1996-05-27,1996-06-02,False,1996-06-02,False
833d9c3c2558c43f,search,references/external/Time-MMD/textual/SocialGood/SocialGood_search.csv,,1996-06-03,1996-06-09,False,1996-06-09,False
fff5d65c16a6f7ea,search,references/external/Time-MMD/textual/SocialGood/SocialGood_search.csv,,1996-06-10,1996-06-16,False,1996-06-16,False
a9a5aab95dee3f98,search,references/external/Time-MMD/textual/SocialGood/SocialGood_search.csv,,1996-06-17,1996-06-23,False,1996-06-23,False
fb66c8694677ae80,search,references/external/Time-MMD/textual/SocialGood/SocialGood_search.csv,,1996-06-24,1996-06-30,False,1996-06-30,False
edb289d97031e752,search,references/external/Time-MMD/textual/SocialGood/SocialGood_search.csv,,1996-07-01,1996-07-07,False,1996-07-07,False
591b64c8302a6250,search,references/external/Time-MMD/textual/SocialGood/SocialGood_search.csv,,1996-07-08,1996-07-14,False,1996-07-14,False
079a13a91cb4e5bc,search,references/external/Time-MMD/textual/SocialGood/SocialGood_search.csv,,1996-07-15,1996-07-21,False,1996-07-21,False
988a8010294f5626,search,references/external/Time-MMD/textual/SocialGood/SocialGood_search.csv,,1996-07-22,1996-07-28,False,1996-07-28,False
25a93a51751b0f7c,search,references/external/Time-MMD/textual/SocialGood/SocialGood_search.csv,,1996-07-29,1996-08-04,False,1996-08-04,False
f4a45f3506d76dc8,search,references/external/Time-MMD/textual/SocialGood/SocialGood_search.csv,,1996-08-05,1996-08-11,False,1996-08-11,False
09bd0ef4aefbd6f6,search,references/external/Time-MMD/textual/SocialGood/SocialGood_search.csv,,1996-08-12,1996-08-18,False,1996-08-18,False
26601fb033b9e8a1,search,references/external/Time-MMD/textual/SocialGood/SocialGood_search.csv,,1996-08-19,1996-08-25,False,1996-08-25,False
a4985c1459501eff,search,references/external/Time-MMD/textual/SocialGood/SocialGood_search.csv,,1996-08-26,1996-09-01,False,1996-09-01,False
2e28b1d1e67c34c2,search,references/external/Time-MMD/textual/SocialGood/SocialGood_search.csv,,1996-09-02,1996-09-08,False,1996-09-08,False
adc2b5db9ef85b6f,search,references/external/Time-MMD/textual/SocialGood/SocialGood_search.csv,,1996-09-09,1996-09-15,False,1996-09-15,False
b87e2f375b715116,search,references/external/Time-MMD/textual/SocialGood/SocialGood_search.csv,,1996-09-16,1996-09-22,False,1996-09-22,False
03f1ce2a340705a3,search,references/external/Time-MMD/textual/SocialGood/SocialGood_search.csv,,1996-09-23,1996-09-29,False,1996-09-29,False
983d245432739354,search,references/external/Time-MMD/textual/SocialGood/SocialGood_search.csv,,1996-09-30,1996-10-06,False,1996-10-06,False
a1b58651040df8c0,search,references/external/Time-MMD/textual/SocialGood/SocialGood_search.csv,,1996-10-07,1996-10-13,False,1996-10-13,False
3544046005d23dc2,search,references/external/Time-MMD/textual/SocialGood/SocialGood_search.csv,,1996-10-14,1996-10-20,False,1996-10-20,False
cb31806d45d99f47,search,references/external/Time-MMD/textual/SocialGood/SocialGood_search.csv,,1996-10-21,1996-10-27,False,1996-10-27,False
c24fc611421fbec5,search,references/external/Time-MMD/textual/SocialGood/SocialGood_search.csv,,1996-10-28,1996-11-03,False,1996-11-03,False
e5c6a217add1d33f,search,references/external/Time-MMD/textual/SocialGood/SocialGood_search.csv,,1996-11-04,1996-11-10,False,1996-11-10,False
fd08ce2ca0010406,search,references/external/Time-MMD/textual/SocialGood/SocialGood_search.csv,,1996-11-11,1996-11-17,False,1996-11-17,False
c93bbe85fd0deb9a,search,references/external/Time-MMD/textual/SocialGood/SocialGood_search.csv,,1996-11-18,1996-11-24,False,1996-11-24,False
77154b5ef038adc0,search,references/external/Time-MMD/textual/SocialGood/SocialGood_search.csv,,1996-11-25,1996-12-01,False,1996-12-01,False
a4bc013f2ac3059b,search,references/external/Time-MMD/textual/SocialGood/SocialGood_search.csv,,1996-12-02,1996-12-08,False,1996-12-08,False
4e90cf2cf2541d63,search,references/external/Time-MMD/textual/SocialGood/SocialGood_search.csv,,1996-12-09,1996-12-15,False,1996-12-15,False
eb839fa13774be42,search,references/external/Time-MMD/textual/SocialGood/SocialGood_search.csv,,1996-12-16,1996-12-22,False,1996-12-22,False
873086cab2286e3f,search,references/external/Time-MMD/textual/SocialGood/SocialGood_search.csv,,1996-12-23,1996-12-29,False,1996-12-29,False
32eb9b392a52fa5d,search,references/external/Time-MMD/textual/SocialGood/SocialGood_search.csv,,1996-12-30,1997-01-05,False,1997-01-05,False
b8b4ffd7ced3d2e1,search,references/external/Time-MMD/textual/SocialGood/SocialGood_search.csv,,1997-01-06,1997-01-12,False,1997-01-12,False
30238907a174bad4,search,references/external/Time-MMD/textual/SocialGood/SocialGood_search.csv,,1997-01-13,1997-01-19,False,1997-01-19,False
14273bb855bb244e,search,references/external/Time-MMD/textual/SocialGood/SocialGood_search.csv,,1997-01-20,1997-01-26,False,1997-01-26,False
a15cb43008de1b78,search,references/external/Time-MMD/textual/SocialGood/SocialGood_search.csv,,1997-01-27,1997-02-02,False,1997-02-02,False
1493d6aa247f136f,search,references/external/Time-MMD/textual/SocialGood/SocialGood_search.csv,,1997-02-03,1997-02-09,False,1997-02-09,False
7c8ae48fff1edc77,search,references/external/Time-MMD/textual/SocialGood/SocialGood_search.csv,,1997-02-10,1997-02-16,False,1997-02-16,False
d3896245863509ab,search,references/external/Time-MMD/textual/SocialGood/SocialGood_search.csv,,1997-02-17,1997-02-23,False,1997-02-23,False
80ec35db7693f234,search,references/external/Time-MMD/textual/SocialGood/SocialGood_search.csv,,1997-02-24,1997-03-02,False,1997-03-02,False
48a16deafc349388,search,references/external/Time-MMD/textual/SocialGood/SocialGood_search.csv,,1997-03-03,1997-03-09,False,1997-03-09,False
b9e90db57ba139c2,search,references/external/Time-MMD/textual/SocialGood/SocialGood_search.csv,,1997-03-10,1997-03-16,False,1997-03-16,False
67975c4c969ad2b7,search,references/external/Time-MMD/textual/SocialGood/SocialGood_search.csv,,1997-03-17,1997-03-23,False,1997-03-23,False
3ed80526b4edc776,search,references/external/Time-MMD/textual/SocialGood/SocialGood_search.csv,,1997-03-24,1997-03-30,False,1997-03-30,False
dda45e4fc378fec9,search,references/external/Time-MMD/textual/SocialGood/SocialGood_search.csv,,1997-03-31,1997-04-06,False,1997-04-06,False
cbd2771b2e295222,search,references/external/Time-MMD/textual/SocialGood/SocialGood_search.csv,,1997-04-07,1997-04-13,False,1997-04-13,False
cf6a01880c3619b8,search,references/external/Time-MMD/textual/SocialGood/SocialGood_search.csv,,1997-04-14,1997-04-20,False,1997-04-20,False
f63b19490e083108,search,references/external/Time-MMD/textual/SocialGood/SocialGood_search.csv,,1997-04-21,1997-04-27,False,1997-04-27,False
54a1ea4eb49ab511,search,references/external/Time-MMD/textual/SocialGood/SocialGood_search.csv,,1997-04-28,1997-05-04,False,1997-05-04,False
a42763252b002f52,search,references/external/Time-MMD/textual/SocialGood/SocialGood_search.csv,,1997-05-05,1997-05-11,False,1997-05-11,False
3bc75ed8c51c2034,search,references/external/Time-MMD/textual/SocialGood/SocialGood_search.csv,,1997-05-12,1997-05-18,False,1997-05-18,False
ec13ad5f3d7dc51c,search,references/external/Time-MMD/textual/SocialGood/SocialGood_search.csv,,1997-05-19,1997-05-25,False,1997-05-25,False
9f689279a9936ecf,search,references/external/Time-MMD/textual/SocialGood/SocialGood_search.csv,,1997-05-26,1997-06-01,False,1997-06-01,False
a749bf0a04a0b460,search,references/external/Time-MMD/textual/SocialGood/SocialGood_search.csv,,1997-06-02,1997-06-08,False,1997-06-08,False
f4e0ae208214a49e,search,references/external/Time-MMD/textual/SocialGood/SocialGood_search.csv,,1997-06-09,1997-06-15,False,1997-06-15,False
49397c70d16fbbe9,search,references/external/Time-MMD/textual/SocialGood/SocialGood_search.csv,,1997-06-16,1997-06-22,False,1997-06-22,False
24c793794b07d9ab,search,references/external/Time-MMD/textual/SocialGood/SocialGood_search.csv,,1997-06-23,1997-06-29,False,1997-06-29,False
3894cce3878bb99b,search,references/external/Time-MMD/textual/SocialGood/SocialGood_search.csv,,1997-06-30,1997-07-06,False,1997-07-06,False
5856a37e4a1c1e92,search,references/external/Time-MMD/textual/SocialGood/SocialGood_search.csv,,1997-07-07,1997-07-13,False,1997-07-13,False
f065db67072853a8,search,references/external/Time-MMD/textual/SocialGood/SocialGood_search.csv,,1997-07-14,1997-07-20,False,1997-07-20,False
ded980a207565324,search,references/external/Time-MMD/textual/SocialGood/SocialGood_search.csv,,1997-07-21,1997-07-27,False,1997-07-27,False
995ed75c99450c7f,search,references/external/Time-MMD/textual/SocialGood/SocialGood_search.csv,,1997-07-28,1997-08-03,False,1997-08-03,False
fb5cd7f9c65dda77,search,references/external/Time-MMD/textual/SocialGood/SocialGood_search.csv,,1997-08-04,1997-08-10,False,1997-08-10,False
8122dfa5900c0c77,search,references/external/Time-MMD/textual/SocialGood/SocialGood_search.csv,,1997-08-11,1997-08-17,False,1997-08-17,False
2a6b7bc00587fe07,search,references/external/Time-MMD/textual/SocialGood/SocialGood_search.csv,,1997-08-18,1997-08-24,False,1997-08-24,False
87c9124f77408a27,search,references/external/Time-MMD/textual/SocialGood/SocialGood_search.csv,,1997-08-25,1997-08-31,False,1997-08-31,False
2ec45d29680484b4,search,references/external/Time-MMD/textual/SocialGood/SocialGood_search.csv,,1997-09-01,1997-09-07,False,1997-09-07,False
91d5e83932fb85ce,search,references/external/Time-MMD/textual/SocialGood/SocialGood_search.csv,,1997-09-08,1997-09-14,False,1997-09-14,False
1075dc7814830296,search,references/external/Time-MMD/textual/SocialGood/SocialGood_search.csv,,1997-09-15,1997-09-21,False,1997-09-21,False
a9099a5ba22a010d,search,references/external/Time-MMD/textual/SocialGood/SocialGood_search.csv,,1997-09-22,1997-09-28,False,1997-09-28,False
0757f780b1e1c68d,search,references/external/Time-MMD/textual/SocialGood/SocialGood_search.csv,,1997-09-29,1997-10-05,False,1997-10-05,False
a46237f2b415668b,search,references/external/Time-MMD/textual/SocialGood/SocialGood_search.csv,,1997-10-06,1997-10-12,False,1997-10-12,False
d03310c75a181f6c,search,references/external/Time-MMD/textual/SocialGood/SocialGood_search.csv,,1997-10-13,1997-10-19,False,1997-10-19,False
822759baa6c6ae87,search,references/external/Time-MMD/textual/SocialGood/SocialGood_search.csv,,1997-10-20,1997-10-26,False,1997-10-26,False
7f7309ccacf42424,search,references/external/Time-MMD/textual/SocialGood/SocialGood_search.csv,,1997-10-27,1997-11-02,False,1997-11-02,False
d994a1d739f26729,search,references/external/Time-MMD/textual/SocialGood/SocialGood_search.csv,,1997-11-03,1997-11-09,False,1997-11-09,False
77dcfbbb2d877033,search,references/external/Time-MMD/textual/SocialGood/SocialGood_search.csv,,1997-11-10,1997-11-16,False,1997-11-16,False
8c7c54eb45412847,search,references/external/Time-MMD/textual/SocialGood/SocialGood_search.csv,,1997-11-17,1997-11-23,False,1997-11-23,False
20b1a944cb00a42d,search,references/external/Time-MMD/textual/SocialGood/SocialGood_search.csv,,1997-11-24,1997-11-30,False,1997-11-30,False
5b5c7aa7568ef560,search,references/external/Time-MMD/textual/SocialGood/SocialGood_search.csv,,1997-12-01,1997-12-07,False,1997-12-07,False
942a3cea95efaa43,search,references/external/Time-MMD/textual/SocialGood/SocialGood_search.csv,,1997-12-08,1997-12-14,False,1997-12-14,False
9cfdc8fecb92e495,search,references/external/Time-MMD/textual/SocialGood/SocialGood_search.csv,,1997-12-15,1997-12-21,False,1997-12-21,False
2a987669c966d0c3,search,references/external/Time-MMD/textual/SocialGood/SocialGood_search.csv,,1997-12-22,1997-12-28,False,1997-12-28,False
ce02102a06330152,search,references/external/Time-MMD/textual/SocialGood/SocialGood_search.csv,,1997-12-29,1998-01-04,False,1998-01-04,False
7feccff8de232acc,search,references/external/Time-MMD/textual/SocialGood/SocialGood_search.csv,,1998-01-05,1998-01-11,False,1998-01-11,False
bd9f53b3fb1d621c,search,references/external/Time-MMD/textual/SocialGood/SocialGood_search.csv,,1998-01-12,1998-01-18,False,1998-01-18,False
e6d7be0f891b444c,search,references/external/Time-MMD/textual/SocialGood/SocialGood_search.csv,,1998-01-19,1998-01-25,False,1998-01-25,False
590f4a5c6ba90d1d,search,references/external/Time-MMD/textual/SocialGood/SocialGood_search.csv,,1998-01-26,1998-02-01,False,1998-02-01,False
79116e3653afb16d,search,references/external/Time-MMD/textual/SocialGood/SocialGood_search.csv,,1998-02-02,1998-02-08,False,1998-02-08,False
7e87f4b5f796128c,search,references/external/Time-MMD/textual/SocialGood/SocialGood_search.csv,,1998-02-09,1998-02-15,False,1998-02-15,False
257664d2e4f03211,search,references/external/Time-MMD/textual/SocialGood/SocialGood_search.csv,,1998-02-16,1998-02-22,False,1998-02-22,False
78f216381e456d5d,search,references/external/Time-MMD/textual/SocialGood/SocialGood_search.csv,,1998-02-23,1998-03-01,False,1998-03-01,False
4db37513af4bcb7a,search,references/external/Time-MMD/textual/SocialGood/SocialGood_search.csv,,1998-03-02,1998-03-08,False,1998-03-08,False
d91cc85ade1499bd,search,references/external/Time-MMD/textual/SocialGood/SocialGood_search.csv,,1998-03-09,1998-03-15,False,1998-03-15,False
d2f8ae88a60b282f,search,references/external/Time-MMD/textual/SocialGood/SocialGood_search.csv,,1998-03-16,1998-03-22,False,1998-03-22,False
eeb70296f2ca822c,search,references/external/Time-MMD/textual/SocialGood/SocialGood_search.csv,,1998-03-23,1998-03-29,False,1998-03-29,False
a029237d08572d24,search,references/external/Time-MMD/textual/SocialGood/SocialGood_search.csv,,1998-03-30,1998-04-05,False,1998-04-05,False
61bed2e22382ffcc,search,references/external/Time-MMD/textual/SocialGood/SocialGood_search.csv,,1998-04-06,1998-04-12,False,1998-04-12,False
20a7d2a3d95b9fac,search,references/external/Time-MMD/textual/SocialGood/SocialGood_search.csv,,1998-04-13,1998-04-19,False,1998-04-19,False
8615d780fb457a7d,search,references/external/Time-MMD/textual/SocialGood/SocialGood_search.csv,,1998-04-20,1998-04-26,False,1998-04-26,False
9a43e39b0bc36978,search,references/external/Time-MMD/textual/SocialGood/SocialGood_search.csv,,1998-04-27,1998-05-03,False,1998-05-03,False
56b2fff3419acd92,search,references/external/Time-MMD/textual/SocialGood/SocialGood_search.csv,,1998-05-04,1998-05-10,False,1998-05-10,False
615cf8bb0e3e54e9,search,references/external/Time-MMD/textual/SocialGood/SocialGood_search.csv,,1998-05-11,1998-05-17,False,1998-05-17,False
aca350e629ddb304,search,references/external/Time-MMD/textual/SocialGood/SocialGood_search.csv,,1998-05-18,1998-05-24,False,1998-05-24,False
325e50e9380f0801,search,references/external/Time-MMD/textual/SocialGood/SocialGood_search.csv,,1998-05-25,1998-05-31,False,1998-05-31,False
7c61716133bd2c29,search,references/external/Time-MMD/textual/SocialGood/SocialGood_search.csv,,1998-06-01,1998-06-07,False,1998-06-07,False
bf6b58a1c2839f03,search,references/external/Time-MMD/textual/SocialGood/SocialGood_search.csv,,1998-06-08,1998-06-14,False,1998-06-14,False
682c7e726f934d93,search,references/external/Time-MMD/textual/SocialGood/SocialGood_search.csv,,1998-06-15,1998-06-21,False,1998-06-21,False
2b1048c0e3c969aa,search,references/external/Time-MMD/textual/SocialGood/SocialGood_search.csv,,1998-06-22,1998-06-28,False,1998-06-28,False
4b9ebf1a4176a92e,search,references/external/Time-MMD/textual/SocialGood/SocialGood_search.csv,,1998-06-29,1998-07-05,False,1998-07-05,False
a3d9789ef58a442a,search,references/external/Time-MMD/textual/SocialGood/SocialGood_search.csv,,1998-07-06,1998-07-12,False,1998-07-12,False
47d9b5e0be536c8c,search,references/external/Time-MMD/textual/SocialGood/SocialGood_search.csv,,1998-07-13,1998-07-19,False,1998-07-19,False
ed15b645bb8b8532,search,references/external/Time-MMD/textual/SocialGood/SocialGood_search.csv,,1998-07-20,1998-07-26,False,1998-07-26,False
3f5524dfd58c58e6,search,references/external/Time-MMD/textual/SocialGood/SocialGood_search.csv,,1998-07-27,1998-08-02,False,1998-08-02,False
7d854dd344f1c5a0,search,references/external/Time-MMD/textual/SocialGood/SocialGood_search.csv,,1998-08-03,1998-08-09,False,1998-08-09,False
fafa06b713dcac48,search,references/external/Time-MMD/textual/SocialGood/SocialGood_search.csv,,1998-08-10,1998-08-16,False,1998-08-16,False
4afb26af1c3ca7d0,search,references/external/Time-MMD/textual/SocialGood/SocialGood_search.csv,,1998-08-17,1998-08-23,False,1998-08-23,False
157a8e32523b0205,search,references/external/Time-MMD/textual/SocialGood/SocialGood_search.csv,,1998-08-24,1998-08-30,False,1998-08-30,False
247265adc2f5c0d3,search,references/external/Time-MMD/textual/SocialGood/SocialGood_search.csv,,1998-08-31,1998-09-06,False,1998-09-06,False
119945b6b382f633,search,references/external/Time-MMD/textual/SocialGood/SocialGood_search.csv,,1998-09-07,1998-09-13,False,1998-09-13,False
8f34fd5d8b9505bb,search,references/external/Time-MMD/textual/SocialGood/SocialGood_search.csv,,1998-09-14,1998-09-20,False,1998-09-20,False
a2a555fe55f7e8df,search,references/external/Time-MMD/textual/SocialGood/SocialGood_search.csv,,1998-09-21,1998-09-27,False,1998-09-27,False
10ad67d9a1c90f59,search,references/external/Time-MMD/textual/SocialGood/SocialGood_search.csv,,1998-09-28,1998-10-04,False,1998-10-04,False
e798650a2bc7b87c,search,references/external/Time-MMD/textual/SocialGood/SocialGood_search.csv,,1998-10-05,1998-10-11,False,1998-10-11,False
8a9adaca3b8f9ecb,search,references/external/Time-MMD/textual/SocialGood/SocialGood_search.csv,,1998-10-12,1998-10-18,False,1998-10-18,False
22cff705b2e4b4ef,search,references/external/Time-MMD/textual/SocialGood/SocialGood_search.csv,,1998-10-19,1998-10-25,False,1998-10-25,False
5433b04305b3eb8a,search,references/external/Time-MMD/textual/SocialGood/SocialGood_search.csv,,1998-10-26,1998-11-01,False,1998-11-01,False
b540b192ad24e492,search,references/external/Time-MMD/textual/SocialGood/SocialGood_search.csv,,1998-11-02,1998-11-08,False,1998-11-08,False
0527bbcedf00a753,search,references/external/Time-MMD/textual/SocialGood/SocialGood_search.csv,,1998-11-09,1998-11-15,False,1998-11-15,False
ae84e3d55985be09,search,references/external/Time-MMD/textual/SocialGood/SocialGood_search.csv,,1998-11-16,1998-11-22,False,1998-11-22,False
0560c950dcc5cc51,search,references/external/Time-MMD/textual/SocialGood/SocialGood_search.csv,,1998-11-23,1998-11-29,False,1998-11-29,False
b1562de44d8a190b,search,references/external/Time-MMD/textual/SocialGood/SocialGood_search.csv,,1998-11-30,1998-12-06,False,1998-12-06,False
54820e787ce6c890,search,references/external/Time-MMD/textual/SocialGood/SocialGood_search.csv,,1998-12-07,1998-12-13,False,1998-12-13,False
058b32ab8c87cdfe,search,references/external/Time-MMD/textual/SocialGood/SocialGood_search.csv,,1998-12-14,1998-12-20,False,1998-12-20,False
5541c827b9ad020d,search,references/external/Time-MMD/textual/SocialGood/SocialGood_search.csv,,1998-12-21,1998-12-27,False,1998-12-27,False
29f8be004049d272,search,references/external/Time-MMD/textual/SocialGood/SocialGood_search.csv,,1998-12-28,1999-01-03,False,1999-01-03,False
8b5604c73b4f1236,search,references/external/Time-MMD/textual/SocialGood/SocialGood_search.csv,,1999-01-04,1999-01-10,False,1999-01-10,False
5b1028c0bd575b42,search,references/external/Time-MMD/textual/SocialGood/SocialGood_search.csv,,1999-01-11,1999-01-17,False,1999-01-17,False
8030377ab448dc93,search,references/external/Time-MMD/textual/SocialGood/SocialGood_search.csv,,1999-01-18,1999-01-24,False,1999-01-24,False
51f4f80a8631aa6b,search,references/external/Time-MMD/textual/SocialGood/SocialGood_search.csv,,1999-01-25,1999-01-31,False,1999-01-31,False
5428cd5387d4ae89,search,references/external/Time-MMD/textual/SocialGood/SocialGood_search.csv,,1999-02-01,1999-02-07,False,1999-02-07,False
61d6c641cdad0b64,search,references/external/Time-MMD/textual/SocialGood/SocialGood_search.csv,,1999-02-08,1999-02-14,False,1999-02-14,False
0c9d3f2d818baa6a,search,references/external/Time-MMD/textual/SocialGood/SocialGood_search.csv,,1999-02-15,1999-02-21,False,1999-02-21,False
58d1153cb2b3efed,search,references/external/Time-MMD/textual/SocialGood/SocialGood_search.csv,,1999-02-22,1999-02-28,False,1999-02-28,False
09c886b3f55f2765,search,references/external/Time-MMD/textual/SocialGood/SocialGood_search.csv,,1999-03-01,1999-03-07,False,1999-03-07,False
837e48996f28bc94,search,references/external/Time-MMD/textual/SocialGood/SocialGood_search.csv,,1999-03-08,1999-03-14,False,1999-03-14,False
13939703ec2a2078,search,references/external/Time-MMD/textual/SocialGood/SocialGood_search.csv,,1999-03-15,1999-03-21,False,1999-03-21,False
52ae7acefd904738,search,references/external/Time-MMD/textual/SocialGood/SocialGood_search.csv,,1999-03-22,1999-03-28,False,1999-03-28,False
0ae2d2124f183323,search,references/external/Time-MMD/textual/SocialGood/SocialGood_search.csv,,1999-03-29,1999-04-04,False,1999-04-04,False
46022e8d7ac999bb,search,references/external/Time-MMD/textual/SocialGood/SocialGood_search.csv,,1999-04-05,1999-04-11,False,1999-04-11,False
a52cea76361a95cb,search,references/external/Time-MMD/textual/SocialGood/SocialGood_search.csv,,1999-04-12,1999-04-18,False,1999-04-18,False
b0d089ab9b907850,search,references/external/Time-MMD/textual/SocialGood/SocialGood_search.csv,,1999-04-19,1999-04-25,False,1999-04-25,False
cc98d5282837bf41,search,references/external/Time-MMD/textual/SocialGood/SocialGood_search.csv,,1999-04-26,1999-05-02,False,1999-05-02,False
2508664b4d9abacf,search,references/external/Time-MMD/textual/SocialGood/SocialGood_search.csv,,1999-05-03,1999-05-09,False,1999-05-09,False
17df220388cc5415,search,references/external/Time-MMD/textual/SocialGood/SocialGood_search.csv,,1999-05-10,1999-05-16,False,1999-05-16,False
a0b94b9b6cecc731,search,references/external/Time-MMD/textual/SocialGood/SocialGood_search.csv,,1999-05-17,1999-05-23,False,1999-05-23,False
ae6b23c413d8c2eb,search,references/external/Time-MMD/textual/SocialGood/SocialGood_search.csv,,1999-05-24,1999-05-30,False,1999-05-30,False
1623a51e9d656854,search,references/external/Time-MMD/textual/SocialGood/SocialGood_search.csv,,1999-05-31,1999-06-06,False,1999-06-06,False
d5c72a6d527f6e9e,search,references/external/Time-MMD/textual/SocialGood/SocialGood_search.csv,,1999-06-07,1999-06-13,False,1999-06-13,False
707ba741e8960804,search,references/external/Time-MMD/textual/SocialGood/SocialGood_search.csv,,1999-06-14,1999-06-20,False,1999-06-20,False
94cfb5d76606d07a,search,references/external/Time-MMD/textual/SocialGood/SocialGood_search.csv,,1999-06-21,1999-06-27,False,1999-06-27,False
d797f388e68d8d62,search,references/external/Time-MMD/textual/SocialGood/SocialGood_search.csv,,1999-06-28,1999-07-04,False,1999-07-04,False
161f8e7a4af751f1,search,references/external/Time-MMD/textual/SocialGood/SocialGood_search.csv,,1999-07-05,1999-07-11,False,1999-07-11,False
74bd8e92123ce598,search,references/external/Time-MMD/textual/SocialGood/SocialGood_search.csv,,1999-07-12,1999-07-18,False,1999-07-18,False
162fe1c8a928efd5,search,references/external/Time-MMD/textual/SocialGood/SocialGood_search.csv,,1999-07-19,1999-07-25,False,1999-07-25,False
8666e7df3a12e794,search,references/external/Time-MMD/textual/SocialGood/SocialGood_search.csv,,1999-07-26,1999-08-01,False,1999-08-01,False
331e35683d75eba3,search,references/external/Time-MMD/textual/SocialGood/SocialGood_search.csv,,1999-08-02,1999-08-08,False,1999-08-08,False
eb3642f581af7425,search,references/external/Time-MMD/textual/SocialGood/SocialGood_search.csv,,1999-08-09,1999-08-15,False,1999-08-15,False
50ed47bd53f791f4,search,references/external/Time-MMD/textual/SocialGood/SocialGood_search.csv,,1999-08-16,1999-08-22,False,1999-08-22,False
26e9491c2d9758b8,search,references/external/Time-MMD/textual/SocialGood/SocialGood_search.csv,,1999-08-23,1999-08-29,False,1999-08-29,False
356983bd1be7d590,search,references/external/Time-MMD/textual/SocialGood/SocialGood_search.csv,,1999-08-30,1999-09-05,False,1999-09-05,False
94004ea308f2cdf7,search,references/external/Time-MMD/textual/SocialGood/SocialGood_search.csv,,1999-09-06,1999-09-12,False,1999-09-12,False
909067af33567db1,search,references/external/Time-MMD/textual/SocialGood/SocialGood_search.csv,,1999-09-13,1999-09-19,False,1999-09-19,False
726dc134c62e910c,search,references/external/Time-MMD/textual/SocialGood/SocialGood_search.csv,,1999-09-20,1999-09-26,False,1999-09-26,False
f32875556120a2f0,search,references/external/Time-MMD/textual/SocialGood/SocialGood_search.csv,,1999-09-27,1999-10-03,False,1999-10-03,False
b6ec708b20edb654,search,references/external/Time-MMD/textual/SocialGood/SocialGood_search.csv,,1999-10-04,1999-10-10,False,1999-10-10,False
5370a3568491ab1f,search,references/external/Time-MMD/textual/SocialGood/SocialGood_search.csv,,1999-10-11,1999-10-17,False,1999-10-17,False
c7c94491f109f218,search,references/external/Time-MMD/textual/SocialGood/SocialGood_search.csv,,1999-10-18,1999-10-24,False,1999-10-24,False
ecbc2a62d002d265,search,references/external/Time-MMD/textual/SocialGood/SocialGood_search.csv,,1999-10-25,1999-10-31,False,1999-10-31,False
8e8819384b310940,search,references/external/Time-MMD/textual/SocialGood/SocialGood_search.csv,,1999-11-01,1999-11-07,False,1999-11-07,False
aa4c9b2c96c5c84e,search,references/external/Time-MMD/textual/SocialGood/SocialGood_search.csv,,1999-11-08,1999-11-14,False,1999-11-14,False
4fd24919e1fb8582,search,references/external/Time-MMD/textual/SocialGood/SocialGood_search.csv,,1999-11-15,1999-11-21,False,1999-11-21,False
8bf2ff723e2b53d9,search,references/external/Time-MMD/textual/SocialGood/SocialGood_search.csv,,1999-11-22,1999-11-28,False,1999-11-28,False
75e0099b48a131b2,search,references/external/Time-MMD/textual/SocialGood/SocialGood_search.csv,,1999-11-29,1999-12-05,False,1999-12-05,False
c4de313e2d424573,search,references/external/Time-MMD/textual/SocialGood/SocialGood_search.csv,,1999-12-06,1999-12-12,False,1999-12-12,False
fb0e8cee48abe157,search,references/external/Time-MMD/textual/SocialGood/SocialGood_search.csv,,1999-12-13,1999-12-19,False,1999-12-19,False
ced90b63f73b7877,search,references/external/Time-MMD/textual/SocialGood/SocialGood_search.csv,,1999-12-20,1999-12-26,False,1999-12-26,False
561d6ac1773d6d8f,search,references/external/Time-MMD/textual/SocialGood/SocialGood_search.csv,,1999-12-27,2000-01-02,False,2000-01-02,False
a4c747582329c27d,search,references/external/Time-MMD/textual/SocialGood/SocialGood_search.csv,,2000-01-03,2000-01-09,False,2000-01-09,False
16320de2113c8a4d,search,references/external/Time-MMD/textual/SocialGood/SocialGood_search.csv,,2000-01-10,2000-01-16,False,2000-01-16,False
a840339cfbac7429,search,references/external/Time-MMD/textual/SocialGood/SocialGood_search.csv,,2000-01-17,2000-01-23,False,2000-01-23,False
d106e3238b7b6f32,search,references/external/Time-MMD/textual/SocialGood/SocialGood_search.csv,,2000-01-24,2000-01-30,False,2000-01-30,False
71ae802d8a3f5ca4,search,references/external/Time-MMD/textual/SocialGood/SocialGood_search.csv,,2000-01-31,2000-02-06,False,2000-02-06,False
27ec6087a8b666f9,search,references/external/Time-MMD/textual/SocialGood/SocialGood_search.csv,,2000-02-07,2000-02-13,False,2000-02-13,False
33bd256ad93524bc,search,references/external/Time-MMD/textual/SocialGood/SocialGood_search.csv,,2000-02-14,2000-02-20,False,2000-02-20,False
54275e31ec180dc6,search,references/external/Time-MMD/textual/SocialGood/SocialGood_search.csv,,2000-02-21,2000-02-27,False,2000-02-27,False
d9dc485aa6e4e392,search,references/external/Time-MMD/textual/SocialGood/SocialGood_search.csv,,2000-02-28,2000-03-05,False,2000-03-05,False
de566b07b992b33f,search,references/external/Time-MMD/textual/SocialGood/SocialGood_search.csv,,2000-03-06,2000-03-12,False,2000-03-12,False
859605a74c83b632,search,references/external/Time-MMD/textual/SocialGood/SocialGood_search.csv,,2000-03-13,2000-03-19,False,2000-03-19,False
f2b43854de14c436,search,references/external/Time-MMD/textual/SocialGood/SocialGood_search.csv,,2000-03-20,2000-03-26,False,2000-03-26,False
82d2ec09e1d7907e,search,references/external/Time-MMD/textual/SocialGood/SocialGood_search.csv,,2000-03-27,2000-04-02,False,2000-04-02,False
438ccbe72d85cab6,search,references/external/Time-MMD/textual/SocialGood/SocialGood_search.csv,,2000-04-03,2000-04-09,False,2000-04-09,False
74371aebe12569e4,search,references/external/Time-MMD/textual/SocialGood/SocialGood_search.csv,,2000-04-10,2000-04-16,False,2000-04-16,False
d6d8a6168fde886f,search,references/external/Time-MMD/textual/SocialGood/SocialGood_search.csv,,2000-04-17,2000-04-23,False,2000-04-23,False
db98b8bb86461e21,search,references/external/Time-MMD/textual/SocialGood/SocialGood_search.csv,,2000-04-24,2000-04-30,False,2000-04-30,False
808b2f784d33cfe7,search,references/external/Time-MMD/textual/SocialGood/SocialGood_search.csv,,2000-05-01,2000-05-07,False,2000-05-07,False
c6cf9f3cf33c6996,search,references/external/Time-MMD/textual/SocialGood/SocialGood_search.csv,,2000-05-08,2000-05-14,False,2000-05-14,False
e83ed912808b3dea,search,references/external/Time-MMD/textual/SocialGood/SocialGood_search.csv,,2000-05-15,2000-05-21,False,2000-05-21,False
577ac49411ebfb79,search,references/external/Time-MMD/textual/SocialGood/SocialGood_search.csv,,2000-05-22,2000-05-28,False,2000-05-28,False
03e8da33cc26231d,search,references/external/Time-MMD/textual/SocialGood/SocialGood_search.csv,,2000-05-29,2000-06-04,False,2000-06-04,False
2d122c9d9ce849d4,search,references/external/Time-MMD/textual/SocialGood/SocialGood_search.csv,,2000-06-05,2000-06-11,False,2000-06-11,False
ebce1f4a1b466e99,search,references/external/Time-MMD/textual/SocialGood/SocialGood_search.csv,,2000-06-12,2000-06-18,False,2000-06-18,False
b315f62193dde1c7,search,references/external/Time-MMD/textual/SocialGood/SocialGood_search.csv,,2000-06-19,2000-06-25,False,2000-06-25,False
73332407aaff824d,search,references/external/Time-MMD/textual/SocialGood/SocialGood_search.csv,,2000-06-26,2000-07-02,False,2000-07-02,False
a2c2414bd630f064,search,references/external/Time-MMD/textual/SocialGood/SocialGood_search.csv,,2000-07-03,2000-07-09,False,2000-07-09,False
379fc9b24f9e75e1,search,references/external/Time-MMD/textual/SocialGood/SocialGood_search.csv,,2000-07-10,2000-07-16,False,2000-07-16,False
ee1ff0f87147b1e2,search,references/external/Time-MMD/textual/SocialGood/SocialGood_search.csv,,2000-07-17,2000-07-23,False,2000-07-23,False
2983e8f326144a0b,search,references/external/Time-MMD/textual/SocialGood/SocialGood_search.csv,,2000-07-24,2000-07-30,False,2000-07-30,False
41d93d722fd7a1dd,search,references/external/Time-MMD/textual/SocialGood/SocialGood_search.csv,,2000-07-31,2000-08-06,False,2000-08-06,False
f749abe1271518c3,search,references/external/Time-MMD/textual/SocialGood/SocialGood_search.csv,,2000-08-07,2000-08-13,False,2000-08-13,False
2cf8bbcbf73b300a,search,references/external/Time-MMD/textual/SocialGood/SocialGood_search.csv,,2000-08-14,2000-08-20,False,2000-08-20,False
277ca096f56c8cbc,search,references/external/Time-MMD/textual/SocialGood/SocialGood_search.csv,,2000-08-21,2000-08-27,False,2000-08-27,False
425bce624788c6af,search,references/external/Time-MMD/textual/SocialGood/SocialGood_search.csv,,2000-08-28,2000-09-03,False,2000-09-03,False
6e8a7707b11114c5,search,references/external/Time-MMD/textual/SocialGood/SocialGood_search.csv,,2000-09-04,2000-09-10,False,2000-09-10,False
69ab692ac781ba4b,search,references/external/Time-MMD/textual/SocialGood/SocialGood_search.csv,,2000-09-11,2000-09-17,False,2000-09-17,False
b99759cbc80f67b8,search,references/external/Time-MMD/textual/SocialGood/SocialGood_search.csv,,2000-09-18,2000-09-24,False,2000-09-24,False
88d447ce267ee546,search,references/external/Time-MMD/textual/SocialGood/SocialGood_search.csv,,2000-09-25,2000-10-01,False,2000-10-01,False
30ff539693398f2e,search,references/external/Time-MMD/textual/SocialGood/SocialGood_search.csv,,2000-10-02,2000-10-08,False,2000-10-08,False
2cbb12e3e005ae91,search,references/external/Time-MMD/textual/SocialGood/SocialGood_search.csv,,2000-10-09,2000-10-15,False,2000-10-15,False
024bc6f494408eef,search,references/external/Time-MMD/textual/SocialGood/SocialGood_search.csv,,2000-10-16,2000-10-22,False,2000-10-22,False
a9e5fdaecb800a4d,search,references/external/Time-MMD/textual/SocialGood/SocialGood_search.csv,,2000-10-23,2000-10-29,False,2000-10-29,False
b45b488c9f5eb1eb,search,references/external/Time-MMD/textual/SocialGood/SocialGood_search.csv,,2000-10-30,2000-11-05,False,2000-11-05,False
534562106faf0e81,search,references/external/Time-MMD/textual/SocialGood/SocialGood_search.csv,,2000-11-06,2000-11-12,False,2000-11-12,False
58fd891760f0491c,search,references/external/Time-MMD/textual/SocialGood/SocialGood_search.csv,,2000-11-13,2000-11-19,False,2000-11-19,False
dbf7c8a9c9cf996a,search,references/external/Time-MMD/textual/SocialGood/SocialGood_search.csv,,2000-11-20,2000-11-26,False,2000-11-26,False
dd9fc33d223edd6d,search,references/external/Time-MMD/textual/SocialGood/SocialGood_search.csv,,2000-11-27,2000-12-03,False,2000-12-03,False
a12069606f00addd,search,references/external/Time-MMD/textual/SocialGood/SocialGood_search.csv,,2000-12-04,2000-12-10,False,2000-12-10,False
dc0eb3ed9c5efe88,search,references/external/Time-MMD/textual/SocialGood/SocialGood_search.csv,,2000-12-11,2000-12-17,False,2000-12-17,False
80cf62a6ca7d6a75,search,references/external/Time-MMD/textual/SocialGood/SocialGood_search.csv,,2000-12-18,2000-12-24,False,2000-12-24,False
6fc0e4c97851d5b1,search,references/external/Time-MMD/textual/SocialGood/SocialGood_search.csv,,2000-12-25,2000-12-31,False,2000-12-31,False
fa398c9540aa94df,search,references/external/Time-MMD/textual/SocialGood/SocialGood_search.csv,,2001-01-01,2001-01-07,False,2001-01-07,False
45d68bef034a1458,search,references/external/Time-MMD/textual/SocialGood/SocialGood_search.csv,,2001-01-08,2001-01-14,False,2001-01-14,False
6727f82e0c235383,search,references/external/Time-MMD/textual/SocialGood/SocialGood_search.csv,,2001-01-15,2001-01-21,False,2001-01-21,False
cba317fbf83898c2,search,references/external/Time-MMD/textual/SocialGood/SocialGood_search.csv,,2001-01-22,2001-01-28,False,2001-01-28,False
12b48d12ae4a40c6,search,references/external/Time-MMD/textual/SocialGood/SocialGood_search.csv,,2001-01-29,2001-02-04,False,2001-02-04,False
c433c272c31eed47,search,references/external/Time-MMD/textual/SocialGood/SocialGood_search.csv,,2001-02-05,2001-02-11,False,2001-02-11,False
f314caef0cd17dd0,search,references/external/Time-MMD/textual/SocialGood/SocialGood_search.csv,,2001-02-12,2001-02-18,False,2001-02-18,False
318af6c63fcad2c6,search,references/external/Time-MMD/textual/SocialGood/SocialGood_search.csv,,2001-02-19,2001-02-25,False,2001-02-25,False
888ebfb07fdcc055,search,references/external/Time-MMD/textual/SocialGood/SocialGood_search.csv,,2001-02-26,2001-03-04,False,2001-03-04,False
77c30a9ba1149e11,search,references/external/Time-MMD/textual/SocialGood/SocialGood_search.csv,,2001-03-05,2001-03-11,False,2001-03-11,False
b5cd0b9ab9e735b8,search,references/external/Time-MMD/textual/SocialGood/SocialGood_search.csv,,2001-03-12,2001-03-18,False,2001-03-18,False
b3d3a6d8b9cf6edd,search,references/external/Time-MMD/textual/SocialGood/SocialGood_search.csv,,2001-03-19,2001-03-25,False,2001-03-25,False
d8b02f7f584d0e04,search,references/external/Time-MMD/textual/SocialGood/SocialGood_search.csv,,2001-03-26,2001-04-01,False,2001-04-01,False
f6531bd78d835231,search,references/external/Time-MMD/textual/SocialGood/SocialGood_search.csv,,2001-04-02,2001-04-08,False,2001-04-08,False
9801c9d412e5b29e,search,references/external/Time-MMD/textual/SocialGood/SocialGood_search.csv,,2001-04-09,2001-04-15,False,2001-04-15,False
61cf99e1a4725214,search,references/external/Time-MMD/textual/SocialGood/SocialGood_search.csv,,2001-04-16,2001-04-22,False,2001-04-22,False
c8e52c38d15407aa,search,references/external/Time-MMD/textual/SocialGood/SocialGood_search.csv,,2001-04-23,2001-04-29,False,2001-04-29,False
955a3449fe37a374,search,references/external/Time-MMD/textual/SocialGood/SocialGood_search.csv,,2001-04-30,2001-05-06,False,2001-05-06,False
603b9ce00f6d6c91,search,references/external/Time-MMD/textual/SocialGood/SocialGood_search.csv,,2001-05-07,2001-05-13,False,2001-05-13,False
6c0816344ffca57a,search,references/external/Time-MMD/textual/SocialGood/SocialGood_search.csv,,2001-05-14,2001-05-20,False,2001-05-20,False
7d15d0a70b542ec6,search,references/external/Time-MMD/textual/SocialGood/SocialGood_search.csv,,2001-05-21,2001-05-27,False,2001-05-27,False
3067c81aab9f1f77,search,references/external/Time-MMD/textual/SocialGood/SocialGood_search.csv,,2001-05-28,2001-06-03,False,2001-06-03,False
45580fb43caa2d12,search,references/external/Time-MMD/textual/SocialGood/SocialGood_search.csv,,2001-06-04,2001-06-10,False,2001-06-10,False
416afbc6bf42f068,search,references/external/Time-MMD/textual/SocialGood/SocialGood_search.csv,,2001-06-11,2001-06-17,False,2001-06-17,False
d9e4fb4b34ad6061,search,references/external/Time-MMD/textual/SocialGood/SocialGood_search.csv,,2001-06-18,2001-06-24,False,2001-06-24,False
6d25732987887407,search,references/external/Time-MMD/textual/SocialGood/SocialGood_search.csv,,2001-06-25,2001-07-01,False,2001-07-01,False
b63cee10ec4f47e1,search,references/external/Time-MMD/textual/SocialGood/SocialGood_search.csv,,2001-07-02,2001-07-08,False,2001-07-08,False
8aa98f10f28ffc09,search,references/external/Time-MMD/textual/SocialGood/SocialGood_search.csv,,2001-07-09,2001-07-15,False,2001-07-15,False
04168881f4eb1995,search,references/external/Time-MMD/textual/SocialGood/SocialGood_search.csv,,2001-07-16,2001-07-22,False,2001-07-22,False
ce851568da404182,search,references/external/Time-MMD/textual/SocialGood/SocialGood_search.csv,,2001-07-23,2001-07-29,False,2001-07-29,False
3fc5dc29f2f854a5,search,references/external/Time-MMD/textual/SocialGood/SocialGood_search.csv,,2001-07-30,2001-08-05,False,2001-08-05,False
d96b937f6cd0a36e,search,references/external/Time-MMD/textual/SocialGood/SocialGood_search.csv,,2001-08-06,2001-08-12,False,2001-08-12,False
9e0a4d096352e603,search,references/external/Time-MMD/textual/SocialGood/SocialGood_search.csv,,2001-08-13,2001-08-19,False,2001-08-19,False
e1f6366a43bc24c5,search,references/external/Time-MMD/textual/SocialGood/SocialGood_search.csv,,2001-08-20,2001-08-26,False,2001-08-26,False
263e5610c833d1b5,search,references/external/Time-MMD/textual/SocialGood/SocialGood_search.csv,,2001-08-27,2001-09-02,False,2001-09-02,False
e519923138a50f0f,search,references/external/Time-MMD/textual/SocialGood/SocialGood_search.csv,,2001-09-03,2001-09-09,False,2001-09-09,False
b977ea5adafb156a,search,references/external/Time-MMD/textual/SocialGood/SocialGood_search.csv,,2001-09-10,2001-09-16,False,2001-09-16,False
b3d70ea1f90b1443,search,references/external/Time-MMD/textual/SocialGood/SocialGood_search.csv,,2001-09-17,2001-09-23,False,2001-09-23,False
62ab574706a6e2f7,search,references/external/Time-MMD/textual/SocialGood/SocialGood_search.csv,,2001-09-24,2001-09-30,False,2001-09-30,False
f36aba3f6516d34e,search,references/external/Time-MMD/textual/SocialGood/SocialGood_search.csv,,2001-10-01,2001-10-07,False,2001-10-07,False
5c0a54dca2e79b4d,search,references/external/Time-MMD/textual/SocialGood/SocialGood_search.csv,,2001-10-08,2001-10-14,False,2001-10-14,False
0f7a0641c74a9771,search,references/external/Time-MMD/textual/SocialGood/SocialGood_search.csv,,2001-10-15,2001-10-21,False,2001-10-21,False
e79183807fc0af02,search,references/external/Time-MMD/textual/SocialGood/SocialGood_search.csv,,2001-10-22,2001-10-28,False,2001-10-28,False
c945cfeb70fba3c9,search,references/external/Time-MMD/textual/SocialGood/SocialGood_search.csv,,2001-10-29,2001-11-04,False,2001-11-04,False
4e84a26ba8c090b2,search,references/external/Time-MMD/textual/SocialGood/SocialGood_search.csv,,2001-11-05,2001-11-11,False,2001-11-11,False
10214a34b2b7a26f,search,references/external/Time-MMD/textual/SocialGood/SocialGood_search.csv,,2001-11-12,2001-11-18,False,2001-11-18,False
e91b65b80da90fa6,search,references/external/Time-MMD/textual/SocialGood/SocialGood_search.csv,,2001-11-19,2001-11-25,False,2001-11-25,False
15ff18a47474920e,search,references/external/Time-MMD/textual/SocialGood/SocialGood_search.csv,,2001-11-26,2001-12-02,False,2001-12-02,False
face292913dad8b3,search,references/external/Time-MMD/textual/SocialGood/SocialGood_search.csv,,2001-12-03,2001-12-09,False,2001-12-09,False
3a777954d8d03c96,search,references/external/Time-MMD/textual/SocialGood/SocialGood_search.csv,,2001-12-10,2001-12-16,False,2001-12-16,False
9ef276e20bc740eb,search,references/external/Time-MMD/textual/SocialGood/SocialGood_search.csv,,2001-12-17,2001-12-23,False,2001-12-23,False
9994d0be65444233,search,references/external/Time-MMD/textual/SocialGood/SocialGood_search.csv,,2001-12-24,2001-12-30,False,2001-12-30,False
b91df8febe050d24,search,references/external/Time-MMD/textual/SocialGood/SocialGood_search.csv,,2001-12-31,2002-01-06,False,2002-01-06,False
b2b526e2b0ac4ae6,search,references/external/Time-MMD/textual/SocialGood/SocialGood_search.csv,,2002-01-07,2002-01-13,False,2002-01-13,False
a0c2ac8dae38c968,search,references/external/Time-MMD/textual/SocialGood/SocialGood_search.csv,,2002-01-14,2002-01-20,False,2002-01-20,False
79d806611ff61a31,search,references/external/Time-MMD/textual/SocialGood/SocialGood_search.csv,,2002-01-21,2002-01-27,False,2002-01-27,False
b29d9b1e27a382b1,search,references/external/Time-MMD/textual/SocialGood/SocialGood_search.csv,,2002-01-28,2002-02-03,False,2002-02-03,False
981ac509a0ed6658,search,references/external/Time-MMD/textual/SocialGood/SocialGood_search.csv,,2002-02-04,2002-02-10,False,2002-02-10,False
cd64b975d6c7709a,search,references/external/Time-MMD/textual/SocialGood/SocialGood_search.csv,,2002-02-11,2002-02-17,False,2002-02-17,False
fe73accc59bcf63a,search,references/external/Time-MMD/textual/SocialGood/SocialGood_search.csv,,2002-02-18,2002-02-24,False,2002-02-24,False
91910510e0ceb896,search,references/external/Time-MMD/textual/SocialGood/SocialGood_search.csv,,2002-02-25,2002-03-03,False,2002-03-03,False
aa5d3944cf094eda,search,references/external/Time-MMD/textual/SocialGood/SocialGood_search.csv,,2002-03-04,2002-03-10,False,2002-03-10,False
0973069d20b009d3,search,references/external/Time-MMD/textual/SocialGood/SocialGood_search.csv,,2002-03-11,2002-03-17,False,2002-03-17,False
313bc7fbfcc191df,search,references/external/Time-MMD/textual/SocialGood/SocialGood_search.csv,,2002-03-18,2002-03-24,False,2002-03-24,False
0639c6b5c836f470,search,references/external/Time-MMD/textual/SocialGood/SocialGood_search.csv,,2002-03-25,2002-03-31,False,2002-03-31,False
00695d5eef7330c3,search,references/external/Time-MMD/textual/SocialGood/SocialGood_search.csv,,2002-04-01,2002-04-07,False,2002-04-07,False
cdf7bc550878e176,search,references/external/Time-MMD/textual/SocialGood/SocialGood_search.csv,,2002-04-08,2002-04-14,False,2002-04-14,False
9d8ed5d7b14838a7,search,references/external/Time-MMD/textual/SocialGood/SocialGood_search.csv,,2002-04-15,2002-04-21,False,2002-04-21,False
24f6531c0b90227b,search,references/external/Time-MMD/textual/SocialGood/SocialGood_search.csv,,2002-04-22,2002-04-28,False,2002-04-28,False
40c91b031f30d4bf,search,references/external/Time-MMD/textual/SocialGood/SocialGood_search.csv,,2002-04-29,2002-05-05,False,2002-05-05,False
c5686b5e5d54068a,search,references/external/Time-MMD/textual/SocialGood/SocialGood_search.csv,,2002-05-06,2002-05-12,False,2002-05-12,False
01bfb5c085fadc08,search,references/external/Time-MMD/textual/SocialGood/SocialGood_search.csv,,2002-05-13,2002-05-19,False,2002-05-19,False
94714633eb0ae303,search,references/external/Time-MMD/textual/SocialGood/SocialGood_search.csv,,2002-05-20,2002-05-26,False,2002-05-26,False
6dd7599709664617,search,references/external/Time-MMD/textual/SocialGood/SocialGood_search.csv,,2002-05-27,2002-06-02,False,2002-06-02,False
a06823da03d34b04,search,references/external/Time-MMD/textual/SocialGood/SocialGood_search.csv,,2002-06-03,2002-06-09,False,2002-06-09,False
2fff6c11be1c5799,search,references/external/Time-MMD/textual/SocialGood/SocialGood_search.csv,,2002-06-10,2002-06-16,False,2002-06-16,False
f5146d099169da20,search,references/external/Time-MMD/textual/SocialGood/SocialGood_search.csv,,2002-06-17,2002-06-23,False,2002-06-23,False
2339d521b2017c8c,search,references/external/Time-MMD/textual/SocialGood/SocialGood_search.csv,,2002-06-24,2002-06-30,False,2002-06-30,False
b808c6459972aefd,search,references/external/Time-MMD/textual/SocialGood/SocialGood_search.csv,,2002-07-01,2002-07-07,False,2002-07-07,False
566ec551016c75ea,search,references/external/Time-MMD/textual/SocialGood/SocialGood_search.csv,,2002-07-08,2002-07-14,False,2002-07-14,False
29f76837c4053b63,search,references/external/Time-MMD/textual/SocialGood/SocialGood_search.csv,,2002-07-15,2002-07-21,False,2002-07-21,False
d94ade695046edd7,search,references/external/Time-MMD/textual/SocialGood/SocialGood_search.csv,,2002-07-22,2002-07-28,False,2002-07-28,False
3b3662de905cc94c,search,references/external/Time-MMD/textual/SocialGood/SocialGood_search.csv,,2002-07-29,2002-08-04,False,2002-08-04,False
a0e47e7bc1aeb661,search,references/external/Time-MMD/textual/SocialGood/SocialGood_search.csv,,2002-08-05,2002-08-11,False,2002-08-11,False
739e5f8f1a21b505,search,references/external/Time-MMD/textual/SocialGood/SocialGood_search.csv,,2002-08-12,2002-08-18,False,2002-08-18,False
2084859855eec034,search,references/external/Time-MMD/textual/SocialGood/SocialGood_search.csv,,2002-08-19,2002-08-25,False,2002-08-25,False
bd3494bce9e557c6,search,references/external/Time-MMD/textual/SocialGood/SocialGood_search.csv,,2002-08-26,2002-09-01,False,2002-09-01,False
802bc0c439da637c,search,references/external/Time-MMD/textual/SocialGood/SocialGood_search.csv,,2002-09-02,2002-09-08,False,2002-09-08,False
d716a6739f0db923,search,references/external/Time-MMD/textual/SocialGood/SocialGood_search.csv,,2002-09-09,2002-09-15,False,2002-09-15,False
d2e37500c993be85,search,references/external/Time-MMD/textual/SocialGood/SocialGood_search.csv,,2002-09-16,2002-09-22,False,2002-09-22,False
438a3fc6534a6d11,search,references/external/Time-MMD/textual/SocialGood/SocialGood_search.csv,,2002-09-23,2002-09-29,False,2002-09-29,False
54d7e993f91f49b6,search,references/external/Time-MMD/textual/SocialGood/SocialGood_search.csv,,2002-09-30,2002-10-06,False,2002-10-06,False
cc819884c36c3986,search,references/external/Time-MMD/textual/SocialGood/SocialGood_search.csv,,2002-10-07,2002-10-13,False,2002-10-13,False
116c7a2fe2b21ec3,search,references/external/Time-MMD/textual/SocialGood/SocialGood_search.csv,,2002-10-14,2002-10-20,False,2002-10-20,False
08a262296c278c4e,search,references/external/Time-MMD/textual/SocialGood/SocialGood_search.csv,,2002-10-21,2002-10-27,False,2002-10-27,False
2ce1f1d627e6576d,search,references/external/Time-MMD/textual/SocialGood/SocialGood_search.csv,,2002-11-04,2002-11-10,False,2002-11-10,False
4826f10e60311a53,search,references/external/Time-MMD/textual/SocialGood/SocialGood_search.csv,,2002-11-11,2002-11-17,False,2002-11-17,False
93645c6142ec64f9,search,references/external/Time-MMD/textual/SocialGood/SocialGood_search.csv,,2002-11-18,2002-11-24,False,2002-11-24,False
6dbcfc5d84c86219,search,references/external/Time-MMD/textual/SocialGood/SocialGood_search.csv,,2002-11-25,2002-12-01,False,2002-12-01,False
575d223271515de2,search,references/external/Time-MMD/textual/SocialGood/SocialGood_search.csv,,2002-12-02,2002-12-08,False,2002-12-08,False
bec566e19bd35c20,search,references/external/Time-MMD/textual/SocialGood/SocialGood_search.csv,,2002-12-09,2002-12-15,False,2002-12-15,False
b0f490fdfd2f90e8,search,references/external/Time-MMD/textual/SocialGood/SocialGood_search.csv,,2002-12-16,2002-12-22,False,2002-12-22,False
f0b5f2a25cc1d097,search,references/external/Time-MMD/textual/SocialGood/SocialGood_search.csv,,2002-12-23,2002-12-29,False,2002-12-29,False
57132a7aa1fb0622,search,references/external/Time-MMD/textual/SocialGood/SocialGood_search.csv,,2002-12-30,2003-01-05,False,2003-01-05,False
1c7ea6d89e4968be,search,references/external/Time-MMD/textual/SocialGood/SocialGood_search.csv,,2003-01-06,2003-01-12,False,2003-01-12,False
9add10eaf6fc44f3,search,references/external/Time-MMD/textual/SocialGood/SocialGood_search.csv,,2003-01-13,2003-01-19,False,2003-01-19,False
cf6de672d332fa7b,search,references/external/Time-MMD/textual/SocialGood/SocialGood_search.csv,,2003-01-20,2003-01-26,False,2003-01-26,False
191baebc375679f0,search,references/external/Time-MMD/textual/SocialGood/SocialGood_search.csv,,2003-01-27,2003-02-02,False,2003-02-02,False
2a09edbd9c6ec05a,search,references/external/Time-MMD/textual/SocialGood/SocialGood_search.csv,,2003-02-03,2003-02-09,False,2003-02-09,False
d654d0ab4a82f84a,search,references/external/Time-MMD/textual/SocialGood/SocialGood_search.csv,,2003-02-10,2003-02-16,False,2003-02-16,False
066cfaa53a99b908,search,references/external/Time-MMD/textual/SocialGood/SocialGood_search.csv,,2003-02-17,2003-02-23,False,2003-02-23,False
a4f99e6fd02d8e25,search,references/external/Time-MMD/textual/SocialGood/SocialGood_search.csv,,2003-02-24,2003-03-02,False,2003-03-02,False
6e967cfd4f4703ae,search,references/external/Time-MMD/textual/SocialGood/SocialGood_search.csv,,2003-03-03,2003-03-09,False,2003-03-09,False
ce346adbdb19aa57,search,references/external/Time-MMD/textual/SocialGood/SocialGood_search.csv,,2003-03-10,2003-03-16,False,2003-03-16,False
4a406fc1c618e415,search,references/external/Time-MMD/textual/SocialGood/SocialGood_search.csv,,2003-03-17,2003-03-23,False,2003-03-23,False
c5d3c57461f66c7e,search,references/external/Time-MMD/textual/SocialGood/SocialGood_search.csv,,2003-03-24,2003-03-30,False,2003-03-30,False
fd4ca1f88b7e304a,search,references/external/Time-MMD/textual/SocialGood/SocialGood_search.csv,,2003-03-31,2003-04-06,False,2003-04-06,False
004fd15a5b1dceed,search,references/external/Time-MMD/textual/SocialGood/SocialGood_search.csv,,2003-04-07,2003-04-13,False,2003-04-13,False
343ad4c88fff343c,search,references/external/Time-MMD/textual/SocialGood/SocialGood_search.csv,,2003-04-14,2003-04-20,False,2003-04-20,False
a3271974abb1d408,search,references/external/Time-MMD/textual/SocialGood/SocialGood_search.csv,,2003-04-21,2003-04-27,False,2003-04-27,False
703c0c8edac925e9,search,references/external/Time-MMD/textual/SocialGood/SocialGood_search.csv,,2003-04-28,2003-05-04,False,2003-05-04,False
fa33cdcfe2712f41,search,references/external/Time-MMD/textual/SocialGood/SocialGood_search.csv,,2003-05-05,2003-05-11,False,2003-05-11,False
ad3d3960c293e4e4,search,references/external/Time-MMD/textual/SocialGood/SocialGood_search.csv,,2003-05-12,2003-05-18,False,2003-05-18,False
523e05902954766e,search,references/external/Time-MMD/textual/SocialGood/SocialGood_search.csv,,2003-05-19,2003-05-25,False,2003-05-25,False
be70c989edd149b0,search,references/external/Time-MMD/textual/SocialGood/SocialGood_search.csv,,2003-05-26,2003-06-01,False,2003-06-01,False
37dfcd60b5ec6319,search,references/external/Time-MMD/textual/SocialGood/SocialGood_search.csv,,2003-06-02,2003-06-08,False,2003-06-08,False
6802b1a1961a9c46,search,references/external/Time-MMD/textual/SocialGood/SocialGood_search.csv,,2003-06-09,2003-06-15,False,2003-06-15,False
dd7b898c70e30fea,search,references/external/Time-MMD/textual/SocialGood/SocialGood_search.csv,,2003-06-16,2003-06-22,False,2003-06-22,False
04d2647bf87405c2,search,references/external/Time-MMD/textual/SocialGood/SocialGood_search.csv,,2003-06-23,2003-06-29,False,2003-06-29,False
4d86ea13f4def352,search,references/external/Time-MMD/textual/SocialGood/SocialGood_search.csv,,2003-06-30,2003-07-06,False,2003-07-06,False
f101cc999cb091eb,search,references/external/Time-MMD/textual/SocialGood/SocialGood_search.csv,,2003-07-07,2003-07-13,False,2003-07-13,False
07602e9b01eca6d1,search,references/external/Time-MMD/textual/SocialGood/SocialGood_search.csv,,2003-07-14,2003-07-20,False,2003-07-20,False
314ac5b7f6e2f506,search,references/external/Time-MMD/textual/SocialGood/SocialGood_search.csv,,2003-07-21,2003-07-27,False,2003-07-27,False
0dbcb8ff9c2e0fd5,search,references/external/Time-MMD/textual/SocialGood/SocialGood_search.csv,,2003-07-28,2003-08-03,False,2003-08-03,False
bdb8bcd7d3cd38f3,search,references/external/Time-MMD/textual/SocialGood/SocialGood_search.csv,,2003-08-04,2003-08-10,False,2003-08-10,False
6a11f60b8a296e8b,search,references/external/Time-MMD/textual/SocialGood/SocialGood_search.csv,,2003-08-11,2003-08-17,False,2003-08-17,False
334f9e53a3a38d33,search,references/external/Time-MMD/textual/SocialGood/SocialGood_search.csv,,2003-08-18,2003-08-24,False,2003-08-24,False
f7aab2056425f771,search,references/external/Time-MMD/textual/SocialGood/SocialGood_search.csv,,2003-08-25,2003-08-31,False,2003-08-31,False
f092d184ff68b2ee,search,references/external/Time-MMD/textual/SocialGood/SocialGood_search.csv,,2003-09-08,2003-09-14,False,2003-09-14,False
4f55bab52ccd68ea,search,references/external/Time-MMD/textual/SocialGood/SocialGood_search.csv,,2003-09-15,2003-09-21,False,2003-09-21,False
0ec7135261940805,search,references/external/Time-MMD/textual/SocialGood/SocialGood_search.csv,,2003-09-22,2003-09-28,False,2003-09-28,False
a8c1af6d5a282c09,search,references/external/Time-MMD/textual/SocialGood/SocialGood_search.csv,,2003-09-29,2003-10-05,False,2003-10-05,False
55b5295961ed7fa0,search,references/external/Time-MMD/textual/SocialGood/SocialGood_search.csv,,2003-10-06,2003-10-12,False,2003-10-12,False
38eefd3dc3d1f63c,search,references/external/Time-MMD/textual/SocialGood/SocialGood_search.csv,,2003-10-13,2003-10-19,False,2003-10-19,False
555d845ed0676afd,search,references/external/Time-MMD/textual/SocialGood/SocialGood_search.csv,,2003-10-27,2003-11-02,False,2003-11-02,False
9c5fda1bef76eb04,search,references/external/Time-MMD/textual/SocialGood/SocialGood_search.csv,,2003-11-03,2003-11-09,False,2003-11-09,False
b1a7865f754556be,search,references/external/Time-MMD/textual/SocialGood/SocialGood_search.csv,,2003-11-10,2003-11-16,False,2003-11-16,False
195d2084a1b7545e,search,references/external/Time-MMD/textual/SocialGood/SocialGood_search.csv,,2003-11-17,2003-11-23,False,2003-11-23,False
f9f6df999978342c,search,references/external/Time-MMD/textual/SocialGood/SocialGood_search.csv,,2003-11-24,2003-11-30,False,2003-11-30,False
9f5507f20d942040,search,references/external/Time-MMD/textual/SocialGood/SocialGood_search.csv,,2003-12-01,2003-12-07,False,2003-12-07,False
432fa8d4e44ceea5,search,references/external/Time-MMD/textual/SocialGood/SocialGood_search.csv,,2003-12-08,2003-12-14,False,2003-12-14,False
cc63df2b119364eb,search,references/external/Time-MMD/textual/SocialGood/SocialGood_search.csv,,2003-12-15,2003-12-21,False,2003-12-21,False
3179ebf9485e56b8,search,references/external/Time-MMD/textual/SocialGood/SocialGood_search.csv,,2003-12-29,2004-01-04,False,2004-01-04,False
f601503b02ec20b5,search,references/external/Time-MMD/textual/SocialGood/SocialGood_search.csv,,2004-01-05,2004-01-11,False,2004-01-11,False
a9dc481c2e6fc8f1,search,references/external/Time-MMD/textual/SocialGood/SocialGood_search.csv,,2004-01-12,2004-01-18,False,2004-01-18,False
b0acd1e0c14bb9ce,search,references/external/Time-MMD/textual/SocialGood/SocialGood_search.csv,,2004-01-19,2004-01-25,False,2004-01-25,False
4e2f35e02b4a10dd,search,references/external/Time-MMD/textual/SocialGood/SocialGood_search.csv,,2004-01-26,2004-02-01,False,2004-02-01,False
e7ad227fccf712d3,search,references/external/Time-MMD/textual/SocialGood/SocialGood_search.csv,,2004-02-02,2004-02-08,False,2004-02-08,False
c973c90c55c353c8,search,references/external/Time-MMD/textual/SocialGood/SocialGood_search.csv,,2004-02-09,2004-02-15,False,2004-02-15,False
fe682b9fe16d50c9,search,references/external/Time-MMD/textual/SocialGood/SocialGood_search.csv,,2004-02-16,2004-02-22,False,2004-02-22,False
c0c9e9c1ac919055,search,references/external/Time-MMD/textual/SocialGood/SocialGood_search.csv,,2004-02-23,2004-02-29,False,2004-02-29,False
bed3361a192db67b,search,references/external/Time-MMD/textual/SocialGood/SocialGood_search.csv,,2004-03-01,2004-03-07,False,2004-03-07,False
caa2f22d836139e0,search,references/external/Time-MMD/textual/SocialGood/SocialGood_search.csv,,2004-03-08,2004-03-14,False,2004-03-14,False
b350efdcdd79c5c6,search,references/external/Time-MMD/textual/SocialGood/SocialGood_search.csv,,2004-03-15,2004-03-21,False,2004-03-21,False
28f17b77c5e4a861,search,references/external/Time-MMD/textual/SocialGood/SocialGood_search.csv,,2004-03-22,2004-03-28,False,2004-03-28,False
0e1386ce9c0f5aa1,search,references/external/Time-MMD/textual/SocialGood/SocialGood_search.csv,,2004-03-29,2004-04-04,False,2004-04-04,False
5c854ecc41465f5e,search,references/external/Time-MMD/textual/SocialGood/SocialGood_search.csv,,2004-04-05,2004-04-11,False,2004-04-11,False
fcee7ceb60662f71,search,references/external/Time-MMD/textual/SocialGood/SocialGood_search.csv,,2004-04-12,2004-04-18,False,2004-04-18,False
f1d90f243b264509,search,references/external/Time-MMD/textual/SocialGood/SocialGood_search.csv,,2004-04-19,2004-04-25,False,2004-04-25,False
72faefee10eb1be3,search,references/external/Time-MMD/textual/SocialGood/SocialGood_search.csv,,2004-04-26,2004-05-02,False,2004-05-02,False
88cb4818d591a551,search,references/external/Time-MMD/textual/SocialGood/SocialGood_search.csv,,2004-05-03,2004-05-09,False,2004-05-09,False
ae9a31fc04d2b8b0,search,references/external/Time-MMD/textual/SocialGood/SocialGood_search.csv,,2004-05-10,2004-05-16,False,2004-05-16,False
7288c373fd7386bf,search,references/external/Time-MMD/textual/SocialGood/SocialGood_search.csv,,2004-05-17,2004-05-23,False,2004-05-23,False
98fbee38b1b8ac7f,search,references/external/Time-MMD/textual/SocialGood/SocialGood_search.csv,,2004-05-24,2004-05-30,False,2004-05-30,False
9c24639f71687627,search,references/external/Time-MMD/textual/SocialGood/SocialGood_search.csv,,2004-05-31,2004-06-06,False,2004-06-06,False
3688dde76c3d4657,search,references/external/Time-MMD/textual/SocialGood/SocialGood_search.csv,,2004-06-07,2004-06-13,False,2004-06-13,False
4dfe5c9efd84d438,search,references/external/Time-MMD/textual/SocialGood/SocialGood_search.csv,,2004-06-14,2004-06-20,False,2004-06-20,False
a002a5abf1fcebe4,search,references/external/Time-MMD/textual/SocialGood/SocialGood_search.csv,,2004-06-21,2004-06-27,False,2004-06-27,False
2ebf995e0dfba2e3,search,references/external/Time-MMD/textual/SocialGood/SocialGood_search.csv,,2004-06-28,2004-07-04,False,2004-07-04,False
ee718b33d07c9225,search,references/external/Time-MMD/textual/SocialGood/SocialGood_search.csv,,2004-07-05,2004-07-11,False,2004-07-11,False
1eb8d9060c861991,search,references/external/Time-MMD/textual/SocialGood/SocialGood_search.csv,,2004-07-12,2004-07-18,False,2004-07-18,False
0fd938a70d7c6012,search,references/external/Time-MMD/textual/SocialGood/SocialGood_search.csv,,2004-07-19,2004-07-25,False,2004-07-25,False
bc3c680c7df38347,search,references/external/Time-MMD/textual/SocialGood/SocialGood_search.csv,,2004-07-26,2004-08-01,False,2004-08-01,False
865c1e915bb62f80,search,references/external/Time-MMD/textual/SocialGood/SocialGood_search.csv,,2004-08-09,2004-08-15,False,2004-08-15,False
ee53aea7f96c3de1,search,references/external/Time-MMD/textual/SocialGood/SocialGood_search.csv,,2004-08-16,2004-08-22,False,2004-08-22,False
5db1ec324636343e,search,references/external/Time-MMD/textual/SocialGood/SocialGood_search.csv,,2004-08-23,2004-08-29,False,2004-08-29,False
054d3fa58ed6f2a1,search,references/external/Time-MMD/textual/SocialGood/SocialGood_search.csv,,2004-08-30,2004-09-05,False,2004-09-05,False
31da46ca3e51f55f,search,references/external/Time-MMD/textual/SocialGood/SocialGood_search.csv,,2004-09-06,2004-09-12,False,2004-09-12,False
819fa765e4409a63,search,references/external/Time-MMD/textual/SocialGood/SocialGood_search.csv,,2004-09-13,2004-09-19,False,2004-09-19,False
8aaa85f850843872,search,references/external/Time-MMD/textual/SocialGood/SocialGood_search.csv,,2004-09-20,2004-09-26,False,2004-09-26,False
bdd2cfe4a50bb386,search,references/external/Time-MMD/textual/SocialGood/SocialGood_search.csv,,2004-09-27,2004-10-03,False,2004-10-03,False
a68fcc177eb73e02,search,references/external/Time-MMD/textual/SocialGood/SocialGood_search.csv,,2004-10-04,2004-10-10,False,2004-10-10,False
70b2244920be5a46,search,references/external/Time-MMD/textual/SocialGood/SocialGood_search.csv,,2004-10-11,2004-10-17,False,2004-10-17,False
6f519c09610c7d0c,search,references/external/Time-MMD/textual/SocialGood/SocialGood_search.csv,,2004-10-18,2004-10-24,False,2004-10-24,False
eae0fe86cc920f95,search,references/external/Time-MMD/textual/SocialGood/SocialGood_search.csv,,2004-10-25,2004-10-31,False,2004-10-31,False
da32d24bd00d5775,search,references/external/Time-MMD/textual/SocialGood/SocialGood_search.csv,,2004-11-01,2004-11-07,False,2004-11-07,False
713b6bf476cb2a5a,search,references/external/Time-MMD/textual/SocialGood/SocialGood_search.csv,,2004-11-08,2004-11-14,False,2004-11-14,False
6a4b75750765b3ef,search,references/external/Time-MMD/textual/SocialGood/SocialGood_search.csv,,2004-11-15,2004-11-21,False,2004-11-21,False
3c10d587a5cd5c88,search,references/external/Time-MMD/textual/SocialGood/SocialGood_search.csv,,2004-11-22,2004-11-28,False,2004-11-28,False
b3c03af0e7d26f5c,search,references/external/Time-MMD/textual/SocialGood/SocialGood_search.csv,,2004-11-29,2004-12-05,False,2004-12-05,False
b4b04b4b417a186c,search,references/external/Time-MMD/textual/SocialGood/SocialGood_search.csv,,2004-12-06,2004-12-12,False,2004-12-12,False
4639ab6e8d827d9e,search,references/external/Time-MMD/textual/SocialGood/SocialGood_search.csv,,2004-12-13,2004-12-19,False,2004-12-19,False
55d5930c3a6e346d,search,references/external/Time-MMD/textual/SocialGood/SocialGood_search.csv,,2004-12-20,2004-12-26,False,2004-12-26,False
c69a1e25e00061e7,search,references/external/Time-MMD/textual/SocialGood/SocialGood_search.csv,,2004-12-27,2005-01-02,False,2005-01-02,False
cd135b6754ac2d52,search,references/external/Time-MMD/textual/SocialGood/SocialGood_search.csv,,2005-01-03,2005-01-09,False,2005-01-09,False
3614e48715cc43a0,search,references/external/Time-MMD/textual/SocialGood/SocialGood_search.csv,,2005-01-10,2005-01-16,False,2005-01-16,False
4f603ffb2b2a59a6,search,references/external/Time-MMD/textual/SocialGood/SocialGood_search.csv,,2005-01-17,2005-01-23,False,2005-01-23,False
feef73e5afdf977a,search,references/external/Time-MMD/textual/SocialGood/SocialGood_search.csv,,2005-01-24,2005-01-30,False,2005-01-30,False
860be4a03e233dcf,search,references/external/Time-MMD/textual/SocialGood/SocialGood_search.csv,,2005-01-31,2005-02-06,False,2005-02-06,False
40efc7bf960731d1,search,references/external/Time-MMD/textual/SocialGood/SocialGood_search.csv,,2005-02-07,2005-02-13,False,2005-02-13,False
490415255afda46b,search,references/external/Time-MMD/textual/SocialGood/SocialGood_search.csv,,2005-02-14,2005-02-20,False,2005-02-20,False
2b6d6e6ea1cc147e,search,references/external/Time-MMD/textual/SocialGood/SocialGood_search.csv,,2005-02-21,2005-02-27,False,2005-02-27,False
7780e4d23bd97ce7,search,references/external/Time-MMD/textual/SocialGood/SocialGood_search.csv,,2005-02-28,2005-03-06,False,2005-03-06,False
54e2970654c41232,search,references/external/Time-MMD/textual/SocialGood/SocialGood_search.csv,,2005-03-07,2005-03-13,False,2005-03-13,False
12c253f68de542e4,search,references/external/Time-MMD/textual/SocialGood/SocialGood_search.csv,,2005-03-14,2005-03-20,False,2005-03-20,False
8c1b478966d3a78f,search,references/external/Time-MMD/textual/SocialGood/SocialGood_search.csv,,2005-03-21,2005-03-27,False,2005-03-27,False
8a20c42721eb3842,search,references/external/Time-MMD/textual/SocialGood/SocialGood_search.csv,,2005-03-28,2005-04-03,False,2005-04-03,False
8d75e2f20a15b6c1,search,references/external/Time-MMD/textual/SocialGood/SocialGood_search.csv,,2005-04-04,2005-04-10,False,2005-04-10,False
4ebb7829682e2c33,search,references/external/Time-MMD/textual/SocialGood/SocialGood_search.csv,,2005-04-11,2005-04-17,False,2005-04-17,False
a338c9d8340be3bc,search,references/external/Time-MMD/textual/SocialGood/SocialGood_search.csv,,2005-04-18,2005-04-24,False,2005-04-24,False
edc80bd325e8aa89,search,references/external/Time-MMD/textual/SocialGood/SocialGood_search.csv,,2005-04-25,2005-05-01,False,2005-05-01,False
9d1d28dfcae877fa,search,references/external/Time-MMD/textual/SocialGood/SocialGood_search.csv,,2005-05-02,2005-05-08,False,2005-05-08,False
d23510d800816918,search,references/external/Time-MMD/textual/SocialGood/SocialGood_search.csv,,2005-05-09,2005-05-15,False,2005-05-15,False
893d229b5a6f7f6e,search,references/external/Time-MMD/textual/SocialGood/SocialGood_search.csv,,2005-05-16,2005-05-22,False,2005-05-22,False
0d3b0346ff3a4df4,search,references/external/Time-MMD/textual/SocialGood/SocialGood_search.csv,,2005-05-23,2005-05-29,False,2005-05-29,False
ba7e47d3ba03a999,search,references/external/Time-MMD/textual/SocialGood/SocialGood_search.csv,,2005-06-06,2005-06-12,False,2005-06-12,False
4419a3c3665eade8,search,references/external/Time-MMD/textual/SocialGood/SocialGood_search.csv,,2005-06-13,2005-06-19,False,2005-06-19,False
63adfa35db30773d,search,references/external/Time-MMD/textual/SocialGood/SocialGood_search.csv,,2005-06-20,2005-06-26,False,2005-06-26,False
9273f26234eacf86,search,references/external/Time-MMD/textual/SocialGood/SocialGood_search.csv,,2005-06-27,2005-07-03,False,2005-07-03,False
b24e2b0714b7ef41,search,references/external/Time-MMD/textual/SocialGood/SocialGood_search.csv,,2005-07-04,2005-07-10,False,2005-07-10,False
5be0825c9c8d7a6d,search,references/external/Time-MMD/textual/SocialGood/SocialGood_search.csv,,2005-07-11,2005-07-17,False,2005-07-17,False
3b0f8709e33d6ed3,search,references/external/Time-MMD/textual/SocialGood/SocialGood_search.csv,,2005-07-18,2005-07-24,False,2005-07-24,False
21654cc1cfe8dd38,search,references/external/Time-MMD/textual/SocialGood/SocialGood_search.csv,,2005-07-25,2005-07-31,False,2005-07-31,False
5e25a786dedad80c,search,references/external/Time-MMD/textual/SocialGood/SocialGood_search.csv,,2005-08-01,2005-08-07,False,2005-08-07,False
e621ee51632fc2f5,search,references/external/Time-MMD/textual/SocialGood/SocialGood_search.csv,,2005-08-08,2005-08-14,False,2005-08-14,False
d63d3f6ed6096bf6,search,references/external/Time-MMD/textual/SocialGood/SocialGood_search.csv,,2005-08-15,2005-08-21,False,2005-08-21,False
3d54fd29b3f4cb19,search,references/external/Time-MMD/textual/SocialGood/SocialGood_search.csv,,2005-08-22,2005-08-28,False,2005-08-28,False
047f1082a8df3e29,search,references/external/Time-MMD/textual/SocialGood/SocialGood_search.csv,,2005-08-29,2005-09-04,False,2005-09-04,False
a1bceaf58936090a,search,references/external/Time-MMD/textual/SocialGood/SocialGood_search.csv,,2005-09-05,2005-09-11,False,2005-09-11,False
c238c53dda488291,search,references/external/Time-MMD/textual/SocialGood/SocialGood_search.csv,,2005-09-12,2005-09-18,False,2005-09-18,False
8450884c622e537e,search,references/external/Time-MMD/textual/SocialGood/SocialGood_search.csv,,2005-09-19,2005-09-25,False,2005-09-25,False
9ecb49a012e090e1,search,references/external/Time-MMD/textual/SocialGood/SocialGood_search.csv,,2005-09-26,2005-10-02,False,2005-10-02,False
58dec9b5f3e94cd7,search,references/external/Time-MMD/textual/SocialGood/SocialGood_search.csv,,2005-10-03,2005-10-09,False,2005-10-09,False
f2e66951548bb2bb,search,references/external/Time-MMD/textual/SocialGood/SocialGood_search.csv,,2005-10-10,2005-10-16,False,2005-10-16,False
960d81e22023ffe0,search,references/external/Time-MMD/textual/SocialGood/SocialGood_search.csv,,2005-10-17,2005-10-23,False,2005-10-23,False
4899b8449639fa44,search,references/external/Time-MMD/textual/SocialGood/SocialGood_search.csv,,2005-10-24,2005-10-30,False,2005-10-30,False
20c2eee1a13fef33,search,references/external/Time-MMD/textual/SocialGood/SocialGood_search.csv,,2005-10-31,2005-11-06,False,2005-11-06,False
eb325d633d046c72,search,references/external/Time-MMD/textual/SocialGood/SocialGood_search.csv,,2005-11-07,2005-11-13,False,2005-11-13,False
22640eb145ae5e3c,search,references/external/Time-MMD/textual/SocialGood/SocialGood_search.csv,,2005-11-14,2005-11-20,False,2005-11-20,False
6af53c6e81052f61,search,references/external/Time-MMD/textual/SocialGood/SocialGood_search.csv,,2005-11-21,2005-11-27,False,2005-11-27,False
cf7f02998de11a2e,search,references/external/Time-MMD/textual/SocialGood/SocialGood_search.csv,,2005-11-28,2005-12-04,False,2005-12-04,False
9a2d0fc5f857de5f,search,references/external/Time-MMD/textual/SocialGood/SocialGood_search.csv,,2005-12-05,2005-12-11,False,2005-12-11,False
fcbec173edef187a,search,references/external/Time-MMD/textual/SocialGood/SocialGood_search.csv,,2005-12-12,2005-12-18,False,2005-12-18,False
7b677806ebc4b4c8,search,references/external/Time-MMD/textual/SocialGood/SocialGood_search.csv,,2005-12-19,2005-12-25,False,2005-12-25,False
41c9068754471356,search,references/external/Time-MMD/textual/SocialGood/SocialGood_search.csv,,2005-12-26,2006-01-01,False,2006-01-01,False
378f3f7de1f45fe0,search,references/external/Time-MMD/textual/SocialGood/SocialGood_search.csv,,2006-01-02,2006-01-08,False,2006-01-08,False
8cfb5002a7aa8a24,search,references/external/Time-MMD/textual/SocialGood/SocialGood_search.csv,,2006-01-09,2006-01-15,False,2006-01-15,False
121d0f08a327e8f0,search,references/external/Time-MMD/textual/SocialGood/SocialGood_search.csv,,2006-01-16,2006-01-22,False,2006-01-22,False
8ff93d4b60472992,search,references/external/Time-MMD/textual/SocialGood/SocialGood_search.csv,,2006-01-23,2006-01-29,False,2006-01-29,False
ce2ee7f95f1773d8,search,references/external/Time-MMD/textual/SocialGood/SocialGood_search.csv,,2006-01-30,2006-02-05,False,2006-02-05,False
e50abe157af25365,search,references/external/Time-MMD/textual/SocialGood/SocialGood_search.csv,,2006-02-06,2006-02-12,False,2006-02-12,False
7eb66f0d108f04bc,search,references/external/Time-MMD/textual/SocialGood/SocialGood_search.csv,,2006-02-13,2006-02-19,False,2006-02-19,False
330b56befe1bc1b6,search,references/external/Time-MMD/textual/SocialGood/SocialGood_search.csv,,2006-02-20,2006-02-26,False,2006-02-26,False
3d2b6e8d54061885,search,references/external/Time-MMD/textual/SocialGood/SocialGood_search.csv,,2006-02-27,2006-03-05,False,2006-03-05,False
9e17b8f95d016e50,search,references/external/Time-MMD/textual/SocialGood/SocialGood_search.csv,,2006-03-06,2006-03-12,False,2006-03-12,False
ab818e209e417505,search,references/external/Time-MMD/textual/SocialGood/SocialGood_search.csv,,2006-03-13,2006-03-19,False,2006-03-19,False
f3c487d58068705a,search,references/external/Time-MMD/textual/SocialGood/SocialGood_search.csv,,2006-03-20,2006-03-26,False,2006-03-26,False
36ceb750de4fe528,search,references/external/Time-MMD/textual/SocialGood/SocialGood_search.csv,,2006-03-27,2006-04-02,False,2006-04-02,False
608d99136f9a3431,search,references/external/Time-MMD/textual/SocialGood/SocialGood_search.csv,,2006-04-03,2006-04-09,False,2006-04-09,False
73ea678dddde5e5b,search,references/external/Time-MMD/textual/SocialGood/SocialGood_search.csv,,2006-04-10,2006-04-16,False,2006-04-16,False
6161b38d03922727,search,references/external/Time-MMD/textual/SocialGood/SocialGood_search.csv,,2006-04-17,2006-04-23,False,2006-04-23,False
b150ec2ba31b3d61,search,references/external/Time-MMD/textual/SocialGood/SocialGood_search.csv,,2006-04-24,2006-04-30,False,2006-04-30,False
bafc423bf320c4eb,search,references/external/Time-MMD/textual/SocialGood/SocialGood_search.csv,,2006-05-01,2006-05-07,False,2006-05-07,False
1e6d443a9c92f3b9,search,references/external/Time-MMD/textual/SocialGood/SocialGood_search.csv,,2006-05-08,2006-05-14,False,2006-05-14,False
79bf621426752bc1,search,references/external/Time-MMD/textual/SocialGood/SocialGood_search.csv,,2006-05-15,2006-05-21,False,2006-05-21,False
b25a326255c207c7,search,references/external/Time-MMD/textual/SocialGood/SocialGood_search.csv,,2006-05-22,2006-05-28,False,2006-05-28,False
db48a462589e3ccb,search,references/external/Time-MMD/textual/SocialGood/SocialGood_search.csv,,2006-05-29,2006-06-04,False,2006-06-04,False
568168ed15567c4f,search,references/external/Time-MMD/textual/SocialGood/SocialGood_search.csv,,2006-06-05,2006-06-11,False,2006-06-11,False
966c161dbf03fb57,search,references/external/Time-MMD/textual/SocialGood/SocialGood_search.csv,,2006-06-12,2006-06-18,False,2006-06-18,False
db20093f2b4df18f,search,references/external/Time-MMD/textual/SocialGood/SocialGood_search.csv,,2006-06-19,2006-06-25,False,2006-06-25,False
ec4409081f762d81,search,references/external/Time-MMD/textual/SocialGood/SocialGood_search.csv,,2006-06-26,2006-07-02,False,2006-07-02,False
3a477ead9acc5a24,search,references/external/Time-MMD/textual/SocialGood/SocialGood_search.csv,,2006-07-03,2006-07-09,False,2006-07-09,False
4ce3a9c1b112e3ad,search,references/external/Time-MMD/textual/SocialGood/SocialGood_search.csv,,2006-07-10,2006-07-16,False,2006-07-16,False
d205b3688df4ed95,search,references/external/Time-MMD/textual/SocialGood/SocialGood_search.csv,,2006-07-17,2006-07-23,False,2006-07-23,False
38361adc69974951,search,references/external/Time-MMD/textual/SocialGood/SocialGood_search.csv,,2006-07-24,2006-07-30,False,2006-07-30,False
ae24f3699638b579,search,references/external/Time-MMD/textual/SocialGood/SocialGood_search.csv,,2006-07-31,2006-08-06,False,2006-08-06,False
7cf07430f467e64f,search,references/external/Time-MMD/textual/SocialGood/SocialGood_search.csv,,2006-08-07,2006-08-13,False,2006-08-13,False
33db879559b0c40f,search,references/external/Time-MMD/textual/SocialGood/SocialGood_search.csv,,2006-08-14,2006-08-20,False,2006-08-20,False
bb3db4ce1e2a89d9,search,references/external/Time-MMD/textual/SocialGood/SocialGood_search.csv,,2006-08-21,2006-08-27,False,2006-08-27,False
5ea345fb7a7c7e70,search,references/external/Time-MMD/textual/SocialGood/SocialGood_search.csv,,2006-08-28,2006-09-03,False,2006-09-03,False
3645fa5807e22844,search,references/external/Time-MMD/textual/SocialGood/SocialGood_search.csv,,2006-09-04,2006-09-10,False,2006-09-10,False
e7c8cc5f47321756,search,references/external/Time-MMD/textual/SocialGood/SocialGood_search.csv,,2006-09-11,2006-09-17,False,2006-09-17,False
a0d7551c7b53f2a8,search,references/external/Time-MMD/textual/SocialGood/SocialGood_search.csv,,2006-09-18,2006-09-24,False,2006-09-24,False
ee529a779802b017,search,references/external/Time-MMD/textual/SocialGood/SocialGood_search.csv,,2006-09-25,2006-10-01,False,2006-10-01,False
c3c0ab3adafa296d,search,references/external/Time-MMD/textual/SocialGood/SocialGood_search.csv,,2006-10-02,2006-10-08,False,2006-10-08,False
42d3bcc13361d7ef,search,references/external/Time-MMD/textual/SocialGood/SocialGood_search.csv,,2006-10-09,2006-10-15,False,2006-10-15,False
3be836e17c151edf,search,references/external/Time-MMD/textual/SocialGood/SocialGood_search.csv,,2006-10-16,2006-10-22,False,2006-10-22,False
4bc2ed9e9e0d0b5b,search,references/external/Time-MMD/textual/SocialGood/SocialGood_search.csv,,2006-10-23,2006-10-29,False,2006-10-29,False
d88057eaaf4625d5,search,references/external/Time-MMD/textual/SocialGood/SocialGood_search.csv,,2006-10-30,2006-11-05,False,2006-11-05,False
709ac715ff45c952,search,references/external/Time-MMD/textual/SocialGood/SocialGood_search.csv,,2006-11-06,2006-11-12,False,2006-11-12,False
600140c585bc74ca,search,references/external/Time-MMD/textual/SocialGood/SocialGood_search.csv,,2006-11-13,2006-11-19,False,2006-11-19,False
85d2b62525cdc387,search,references/external/Time-MMD/textual/SocialGood/SocialGood_search.csv,,2006-11-20,2006-11-26,False,2006-11-26,False
409084802ff10012,search,references/external/Time-MMD/textual/SocialGood/SocialGood_search.csv,,2006-11-27,2006-12-03,False,2006-12-03,False
5743ff405f2a2e1d,search,references/external/Time-MMD/textual/SocialGood/SocialGood_search.csv,,2006-12-04,2006-12-10,False,2006-12-10,False
8776a4f0bf44b79e,search,references/external/Time-MMD/textual/SocialGood/SocialGood_search.csv,,2006-12-11,2006-12-17,False,2006-12-17,False
30cec6c6d9a4ab7c,search,references/external/Time-MMD/textual/SocialGood/SocialGood_search.csv,,2006-12-18,2006-12-24,False,2006-12-24,False
656a7fc3845d5c51,search,references/external/Time-MMD/textual/SocialGood/SocialGood_search.csv,,2006-12-25,2006-12-31,False,2006-12-31,False
717264d7d1049e1e,search,references/external/Time-MMD/textual/SocialGood/SocialGood_search.csv,,2007-01-01,2007-01-07,False,2007-01-07,False
4fcb92fa5d998df1,search,references/external/Time-MMD/textual/SocialGood/SocialGood_search.csv,,2007-01-08,2007-01-14,False,2007-01-14,False
b54f59a65a9cd837,search,references/external/Time-MMD/textual/SocialGood/SocialGood_search.csv,,2007-01-15,2007-01-21,False,2007-01-21,False
e3d2a62994f9d357,search,references/external/Time-MMD/textual/SocialGood/SocialGood_search.csv,,2007-01-22,2007-01-28,False,2007-01-28,False
ea2f7a6174f834ec,search,references/external/Time-MMD/textual/SocialGood/SocialGood_search.csv,,2007-01-29,2007-02-04,False,2007-02-04,False
de74bbccfabafd12,search,references/external/Time-MMD/textual/SocialGood/SocialGood_search.csv,,2007-02-05,2007-02-11,False,2007-02-11,False
249bea1261e46142,search,references/external/Time-MMD/textual/SocialGood/SocialGood_search.csv,,2007-02-12,2007-02-18,False,2007-02-18,False
17420a3f7fd8dd09,search,references/external/Time-MMD/textual/SocialGood/SocialGood_search.csv,,2007-02-19,2007-02-25,False,2007-02-25,False
bcce53535f89a402,search,references/external/Time-MMD/textual/SocialGood/SocialGood_search.csv,,2007-02-26,2007-03-04,False,2007-03-04,False
c5c0280677ffd2bc,search,references/external/Time-MMD/textual/SocialGood/SocialGood_search.csv,,2007-03-05,2007-03-11,False,2007-03-11,False
2b2c109b76be7221,search,references/external/Time-MMD/textual/SocialGood/SocialGood_search.csv,,2007-03-12,2007-03-18,False,2007-03-18,False
4155d371b7301779,search,references/external/Time-MMD/textual/SocialGood/SocialGood_search.csv,,2007-03-19,2007-03-25,False,2007-03-25,False
72bed823a002ff02,search,references/external/Time-MMD/textual/SocialGood/SocialGood_search.csv,,2007-03-26,2007-04-01,False,2007-04-01,False
9c959b4f8e0ee258,search,references/external/Time-MMD/textual/SocialGood/SocialGood_search.csv,,2007-04-02,2007-04-08,False,2007-04-08,False
96fb5100bdc1c35d,search,references/external/Time-MMD/textual/SocialGood/SocialGood_search.csv,,2007-04-09,2007-04-15,False,2007-04-15,False
4557864233c16213,search,references/external/Time-MMD/textual/SocialGood/SocialGood_search.csv,,2007-04-16,2007-04-22,False,2007-04-22,False
ba3cd58166427a02,search,references/external/Time-MMD/textual/SocialGood/SocialGood_search.csv,,2007-04-23,2007-04-29,False,2007-04-29,False
a2161badb1bdb8b5,search,references/external/Time-MMD/textual/SocialGood/SocialGood_search.csv,,2007-04-30,2007-05-06,False,2007-05-06,False
4be19e8774219584,search,references/external/Time-MMD/textual/SocialGood/SocialGood_search.csv,,2007-05-07,2007-05-13,False,2007-05-13,False
bcbe458121837532,search,references/external/Time-MMD/textual/SocialGood/SocialGood_search.csv,,2007-05-14,2007-05-20,False,2007-05-20,False
169492edc28d2689,search,references/external/Time-MMD/textual/SocialGood/SocialGood_search.csv,,2007-05-28,2007-06-03,False,2007-06-03,False
4774cf2d4032ee2e,search,references/external/Time-MMD/textual/SocialGood/SocialGood_search.csv,,2007-06-04,2007-06-10,False,2007-06-10,False
f4e042d6b3e83380,search,references/external/Time-MMD/textual/SocialGood/SocialGood_search.csv,,2007-06-11,2007-06-17,False,2007-06-17,False
9b39eb8a31a1570d,search,references/external/Time-MMD/textual/SocialGood/SocialGood_search.csv,,2007-06-18,2007-06-24,False,2007-06-24,False
ea1cba9c2bdde99b,search,references/external/Time-MMD/textual/SocialGood/SocialGood_search.csv,,2007-06-25,2007-07-01,False,2007-07-01,False
5630393e53fc066b,search,references/external/Time-MMD/textual/SocialGood/SocialGood_search.csv,,2007-07-02,2007-07-08,False,2007-07-08,False
ff61883b0f23b82f,search,references/external/Time-MMD/textual/SocialGood/SocialGood_search.csv,,2007-07-09,2007-07-15,False,2007-07-15,False
3d944128c3197e5c,search,references/external/Time-MMD/textual/SocialGood/SocialGood_search.csv,,2007-07-16,2007-07-22,False,2007-07-22,False
937872691773da1f,search,references/external/Time-MMD/textual/SocialGood/SocialGood_search.csv,,2007-07-23,2007-07-29,False,2007-07-29,False
f41e7f85f2a7662e,search,references/external/Time-MMD/textual/SocialGood/SocialGood_search.csv,,2007-07-30,2007-08-05,False,2007-08-05,False
682d901a202ee2a1,search,references/external/Time-MMD/textual/SocialGood/SocialGood_search.csv,,2007-08-06,2007-08-12,False,2007-08-12,False
c59e0aebff77c634,search,references/external/Time-MMD/textual/SocialGood/SocialGood_search.csv,,2007-08-13,2007-08-19,False,2007-08-19,False
50bc24aeda6849dc,search,references/external/Time-MMD/textual/SocialGood/SocialGood_search.csv,,2007-08-20,2007-08-26,False,2007-08-26,False
90122f5443430984,search,references/external/Time-MMD/textual/SocialGood/SocialGood_search.csv,,2007-08-27,2007-09-02,False,2007-09-02,False
9bb0afd35323361e,search,references/external/Time-MMD/textual/SocialGood/SocialGood_search.csv,,2007-09-03,2007-09-09,False,2007-09-09,False
2f8703b518ce4c78,search,references/external/Time-MMD/textual/SocialGood/SocialGood_search.csv,,2007-09-10,2007-09-16,False,2007-09-16,False
33a600e9241862a4,search,references/external/Time-MMD/textual/SocialGood/SocialGood_search.csv,,2007-09-17,2007-09-23,False,2007-09-23,False
a1b62d4d40be91b3,search,references/external/Time-MMD/textual/SocialGood/SocialGood_search.csv,,2007-09-24,2007-09-30,False,2007-09-30,False
38a545e34f72f965,search,references/external/Time-MMD/textual/SocialGood/SocialGood_search.csv,,2007-10-01,2007-10-07,False,2007-10-07,False
7f2155281612bdf7,search,references/external/Time-MMD/textual/SocialGood/SocialGood_search.csv,,2007-10-08,2007-10-14,False,2007-10-14,False
69fee309f6438ae3,search,references/external/Time-MMD/textual/SocialGood/SocialGood_search.csv,,2007-10-15,2007-10-21,False,2007-10-21,False
551ba7a27ef69659,search,references/external/Time-MMD/textual/SocialGood/SocialGood_search.csv,,2007-10-29,2007-11-04,False,2007-11-04,False
c1497ae75ed37e07,search,references/external/Time-MMD/textual/SocialGood/SocialGood_search.csv,,2007-11-05,2007-11-11,False,2007-11-11,False
ea95ef904757ab75,search,references/external/Time-MMD/textual/SocialGood/SocialGood_search.csv,,2007-11-12,2007-11-18,False,2007-11-18,False
054dbebb6ab7c965,search,references/external/Time-MMD/textual/SocialGood/SocialGood_search.csv,,2007-11-19,2007-11-25,False,2007-11-25,False
1bcf3c61f7500b2f,search,references/external/Time-MMD/textual/SocialGood/SocialGood_search.csv,,2007-11-26,2007-12-02,False,2007-12-02,False
4256da4c2f6c4e7c,search,references/external/Time-MMD/textual/SocialGood/SocialGood_search.csv,,2007-12-10,2007-12-16,False,2007-12-16,False
dd036b407412e0ce,search,references/external/Time-MMD/textual/SocialGood/SocialGood_search.csv,,2007-12-17,2007-12-23,False,2007-12-23,False
c372102a7922d0a0,search,references/external/Time-MMD/textual/SocialGood/SocialGood_search.csv,,2007-12-24,2007-12-30,False,2007-12-30,False
51e88f6fe6544bf5,search,references/external/Time-MMD/textual/SocialGood/SocialGood_search.csv,,2007-12-31,2008-01-06,False,2008-01-06,False
ed55c64ec0418a59,search,references/external/Time-MMD/textual/SocialGood/SocialGood_search.csv,,2008-01-07,2008-01-13,False,2008-01-13,False
ab50e3073200aef7,search,references/external/Time-MMD/textual/SocialGood/SocialGood_search.csv,,2008-01-14,2008-01-20,False,2008-01-20,False
6f01483600bd78e6,search,references/external/Time-MMD/textual/SocialGood/SocialGood_search.csv,,2008-01-21,2008-01-27,False,2008-01-27,False
1c18b611a03f67c3,search,references/external/Time-MMD/textual/SocialGood/SocialGood_search.csv,,2008-01-28,2008-02-03,False,2008-02-03,False
c093105d241b3f37,search,references/external/Time-MMD/textual/SocialGood/SocialGood_search.csv,,2008-02-04,2008-02-10,False,2008-02-10,False
0c94be7a5df88eb9,search,references/external/Time-MMD/textual/SocialGood/SocialGood_search.csv,,2008-02-11,2008-02-17,False,2008-02-17,False
9c14ba8f2ca08dfa,search,references/external/Time-MMD/textual/SocialGood/SocialGood_search.csv,,2008-02-18,2008-02-24,False,2008-02-24,False
4dbdc990b75348d3,search,references/external/Time-MMD/textual/SocialGood/SocialGood_search.csv,,2008-02-25,2008-03-02,False,2008-03-02,False
2197794d17d6f10b,search,references/external/Time-MMD/textual/SocialGood/SocialGood_search.csv,,2008-03-03,2008-03-09,False,2008-03-09,False
0626df3681913d10,search,references/external/Time-MMD/textual/SocialGood/SocialGood_search.csv,,2008-03-10,2008-03-16,False,2008-03-16,False
fea1ce98ea3b6892,search,references/external/Time-MMD/textual/SocialGood/SocialGood_search.csv,,2008-03-17,2008-03-23,False,2008-03-23,False
342007d27c4eede5,search,references/external/Time-MMD/textual/SocialGood/SocialGood_search.csv,,2008-03-24,2008-03-30,False,2008-03-30,False
dac69ec757d1e4b6,search,references/external/Time-MMD/textual/SocialGood/SocialGood_search.csv,,2008-03-31,2008-04-06,False,2008-04-06,False
804e91f2759dc592,search,references/external/Time-MMD/textual/SocialGood/SocialGood_search.csv,,2008-04-07,2008-04-13,False,2008-04-13,False
6f4a097b08de2cde,search,references/external/Time-MMD/textual/SocialGood/SocialGood_search.csv,,2008-04-14,2008-04-20,False,2008-04-20,False
d13fca0a0bfbe1f9,search,references/external/Time-MMD/textual/SocialGood/SocialGood_search.csv,,2008-04-21,2008-04-27,False,2008-04-27,False
4e8360273d3b1342,search,references/external/Time-MMD/textual/SocialGood/SocialGood_search.csv,,2008-04-28,2008-05-04,False,2008-05-04,False
9af1256ce1da2e84,search,references/external/Time-MMD/textual/SocialGood/SocialGood_search.csv,,2008-05-05,2008-05-11,False,2008-05-11,False
e85e7ffaaa788741,search,references/external/Time-MMD/textual/SocialGood/SocialGood_search.csv,,2008-05-12,2008-05-18,False,2008-05-18,False
92b8103906d2e3e8,search,references/external/Time-MMD/textual/SocialGood/SocialGood_search.csv,,2008-05-19,2008-05-25,False,2008-05-25,False
9d7a0c31f2f18865,search,references/external/Time-MMD/textual/SocialGood/SocialGood_search.csv,,2008-06-02,2008-06-08,False,2008-06-08,False
465b66b3c27b24f6,search,references/external/Time-MMD/textual/SocialGood/SocialGood_search.csv,,2008-06-09,2008-06-15,False,2008-06-15,False
8f0411eb83fafd27,search,references/external/Time-MMD/textual/SocialGood/SocialGood_search.csv,,2008-06-16,2008-06-22,False,2008-06-22,False
d21f9252a4d94796,search,references/external/Time-MMD/textual/SocialGood/SocialGood_search.csv,,2008-06-23,2008-06-29,False,2008-06-29,False
a2c391c9a7c05ef7,search,references/external/Time-MMD/textual/SocialGood/SocialGood_search.csv,,2008-06-30,2008-07-06,False,2008-07-06,False
f35ca6f6d40fcff5,search,references/external/Time-MMD/textual/SocialGood/SocialGood_search.csv,,2008-07-07,2008-07-13,False,2008-07-13,False
08ad68f787a3a347,search,references/external/Time-MMD/textual/SocialGood/SocialGood_search.csv,,2008-07-14,2008-07-20,False,2008-07-20,False
5edd3e079b9d3865,search,references/external/Time-MMD/textual/SocialGood/SocialGood_search.csv,,2008-07-21,2008-07-27,False,2008-07-27,False
75596d688d83a632,search,references/external/Time-MMD/textual/SocialGood/SocialGood_search.csv,,2008-07-28,2008-08-03,False,2008-08-03,False
2fcde318c4be8dee,search,references/external/Time-MMD/textual/SocialGood/SocialGood_search.csv,,2008-08-04,2008-08-10,False,2008-08-10,False
ab20a506e84b3a7d,search,references/external/Time-MMD/textual/SocialGood/SocialGood_search.csv,,2008-08-11,2008-08-17,False,2008-08-17,False
1e7016fb47bdc07f,search,references/external/Time-MMD/textual/SocialGood/SocialGood_search.csv,,2008-08-25,2008-08-31,False,2008-08-31,False
381ed96975077075,search,references/external/Time-MMD/textual/SocialGood/SocialGood_search.csv,,2008-09-01,2008-09-07,False,2008-09-07,False
0aa1a4621b505971,search,references/external/Time-MMD/textual/SocialGood/SocialGood_search.csv,,2008-09-08,2008-09-14,False,2008-09-14,False
9b2732ee5556458e,search,references/external/Time-MMD/textual/SocialGood/SocialGood_search.csv,,2008-09-15,2008-09-21,False,2008-09-21,False
fc8526ef0d8babbc,search,references/external/Time-MMD/textual/SocialGood/SocialGood_search.csv,,2008-09-22,2008-09-28,False,2008-09-28,False
cedfb94c7733fcf2,search,references/external/Time-MMD/textual/SocialGood/SocialGood_search.csv,,2008-09-29,2008-10-05,False,2008-10-05,False
e4a71ddc85485803,search,references/external/Time-MMD/textual/SocialGood/SocialGood_search.csv,,2008-10-06,2008-10-12,False,2008-10-12,False
3e75e40edca95823,search,references/external/Time-MMD/textual/SocialGood/SocialGood_search.csv,,2008-10-13,2008-10-19,False,2008-10-19,False
f438a5c729bc44e6,search,references/external/Time-MMD/textual/SocialGood/SocialGood_search.csv,,2008-10-20,2008-10-26,False,2008-10-26,False
ecc19ece3c384f10,search,references/external/Time-MMD/textual/SocialGood/SocialGood_search.csv,,2008-10-27,2008-11-02,False,2008-11-02,False
c85708a4affd4a8c,search,references/external/Time-MMD/textual/SocialGood/SocialGood_search.csv,,2008-11-03,2008-11-09,False,2008-11-09,False
576a802f44d7334c,search,references/external/Time-MMD/textual/SocialGood/SocialGood_search.csv,,2008-11-10,2008-11-16,False,2008-11-16,False
34e346323fa77df5,search,references/external/Time-MMD/textual/SocialGood/SocialGood_search.csv,,2008-11-17,2008-11-23,False,2008-11-23,False
0394d8f3ee15ba40,search,references/external/Time-MMD/textual/SocialGood/SocialGood_search.csv,,2008-11-24,2008-11-30,False,2008-11-30,False
500f4fe53bcf05e0,search,references/external/Time-MMD/textual/SocialGood/SocialGood_search.csv,,2008-12-01,2008-12-07,False,2008-12-07,False
68c12a099f5ded0d,search,references/external/Time-MMD/textual/SocialGood/SocialGood_search.csv,,2008-12-08,2008-12-14,False,2008-12-14,False
6c2c99749b257997,search,references/external/Time-MMD/textual/SocialGood/SocialGood_search.csv,,2008-12-15,2008-12-21,False,2008-12-21,False
673dee62e8d1fb61,search,references/external/Time-MMD/textual/SocialGood/SocialGood_search.csv,,2008-12-22,2008-12-28,False,2008-12-28,False
dfc716a185d3968c,search,references/external/Time-MMD/textual/SocialGood/SocialGood_search.csv,,2008-12-29,2009-01-04,False,2009-01-04,False
57247376a624f53e,search,references/external/Time-MMD/textual/SocialGood/SocialGood_search.csv,,2009-01-05,2009-01-11,False,2009-01-11,False
26044a137b90011b,search,references/external/Time-MMD/textual/SocialGood/SocialGood_search.csv,,2009-01-12,2009-01-18,False,2009-01-18,False
21e9b35208e79794,search,references/external/Time-MMD/textual/SocialGood/SocialGood_search.csv,,2009-01-19,2009-01-25,False,2009-01-25,False
44da011503a0b721,search,references/external/Time-MMD/textual/SocialGood/SocialGood_search.csv,,2009-01-26,2009-02-01,False,2009-02-01,False
9c060390de16c844,search,references/external/Time-MMD/textual/SocialGood/SocialGood_search.csv,,2009-02-02,2009-02-08,False,2009-02-08,False
266570c7efe071d8,search,references/external/Time-MMD/textual/SocialGood/SocialGood_search.csv,,2009-02-09,2009-02-15,False,2009-02-15,False
f8639b1354863b66,search,references/external/Time-MMD/textual/SocialGood/SocialGood_search.csv,,2009-02-16,2009-02-22,False,2009-02-22,False
0758c220fdb405fb,search,references/external/Time-MMD/textual/SocialGood/SocialGood_search.csv,,2009-02-23,2009-03-01,False,2009-03-01,False
ac3190f2d128f5d6,search,references/external/Time-MMD/textual/SocialGood/SocialGood_search.csv,,2009-03-02,2009-03-08,False,2009-03-08,False
e12a1d3f45cc3e22,search,references/external/Time-MMD/textual/SocialGood/SocialGood_search.csv,,2009-03-09,2009-03-15,False,2009-03-15,False
055c28965d222ddf,search,references/external/Time-MMD/textual/SocialGood/SocialGood_search.csv,,2009-03-16,2009-03-22,False,2009-03-22,False
ddc9aaab548e23f0,search,references/external/Time-MMD/textual/SocialGood/SocialGood_search.csv,,2009-03-23,2009-03-29,False,2009-03-29,False
37c5e0c1b081209d,search,references/external/Time-MMD/textual/SocialGood/SocialGood_search.csv,,2009-03-30,2009-04-05,False,2009-04-05,False
4532107697b4c8a9,search,references/external/Time-MMD/textual/SocialGood/SocialGood_search.csv,,2009-04-06,2009-04-12,False,2009-04-12,False
0492e13e5ed56c8d,search,references/external/Time-MMD/textual/SocialGood/SocialGood_search.csv,,2009-04-13,2009-04-19,False,2009-04-19,False
800fdb2d33612f04,search,references/external/Time-MMD/textual/SocialGood/SocialGood_search.csv,,2009-04-20,2009-04-26,False,2009-04-26,False
920caa16a40f166f,search,references/external/Time-MMD/textual/SocialGood/SocialGood_search.csv,,2009-04-27,2009-05-03,False,2009-05-03,False
9e542b2b1705260d,search,references/external/Time-MMD/textual/SocialGood/SocialGood_search.csv,,2009-05-04,2009-05-10,False,2009-05-10,False
d76ac2b092429f90,search,references/external/Time-MMD/textual/SocialGood/SocialGood_search.csv,,2009-05-11,2009-05-17,False,2009-05-17,False
f200563a87632c9e,search,references/external/Time-MMD/textual/SocialGood/SocialGood_search.csv,,2009-05-18,2009-05-24,False,2009-05-24,False
1e07589b4af83f5a,search,references/external/Time-MMD/textual/SocialGood/SocialGood_search.csv,,2009-05-25,2009-05-31,False,2009-05-31,False
efb666432edd2d4b,search,references/external/Time-MMD/textual/SocialGood/SocialGood_search.csv,,2009-06-01,2009-06-07,False,2009-06-07,False
6c3a785574dbd614,search,references/external/Time-MMD/textual/SocialGood/SocialGood_search.csv,,2009-06-08,2009-06-14,False,2009-06-14,False
26f2b8979e45bf83,search,references/external/Time-MMD/textual/SocialGood/SocialGood_search.csv,,2009-06-15,2009-06-21,False,2009-06-21,False
9e6958223eb518b4,search,references/external/Time-MMD/textual/SocialGood/SocialGood_search.csv,,2009-06-22,2009-06-28,False,2009-06-28,False
0375e3574844ab48,search,references/external/Time-MMD/textual/SocialGood/SocialGood_search.csv,,2009-06-29,2009-07-05,False,2009-07-05,False
663c5525262a2eeb,search,references/external/Time-MMD/textual/SocialGood/SocialGood_search.csv,,2009-07-06,2009-07-12,False,2009-07-12,False
8e2fc98ec999b627,search,references/external/Time-MMD/textual/SocialGood/SocialGood_search.csv,,2009-07-13,2009-07-19,False,2009-07-19,False
4c0ed0d358f84e64,search,references/external/Time-MMD/textual/SocialGood/SocialGood_search.csv,,2009-07-20,2009-07-26,False,2009-07-26,False
b6c6f5adf96f0590,search,references/external/Time-MMD/textual/SocialGood/SocialGood_search.csv,,2009-07-27,2009-08-02,False,2009-08-02,False
825514eec1b8b8fb,search,references/external/Time-MMD/textual/SocialGood/SocialGood_search.csv,,2009-08-03,2009-08-09,False,2009-08-09,False
bab7ae22465f7a7d,search,references/external/Time-MMD/textual/SocialGood/SocialGood_search.csv,,2009-08-10,2009-08-16,False,2009-08-16,False
970dd67f8faac2ae,search,references/external/Time-MMD/textual/SocialGood/SocialGood_search.csv,,2009-08-17,2009-08-23,False,2009-08-23,False
cb7583eb577be9a0,search,references/external/Time-MMD/textual/SocialGood/SocialGood_search.csv,,2009-08-24,2009-08-30,False,2009-08-30,False
c7e5d796f0e61728,search,references/external/Time-MMD/textual/SocialGood/SocialGood_search.csv,,2009-08-31,2009-09-06,False,2009-09-06,False
9472caa65c810f59,search,references/external/Time-MMD/textual/SocialGood/SocialGood_search.csv,,2009-09-07,2009-09-13,False,2009-09-13,False
9d97e6fe323fe1a4,search,references/external/Time-MMD/textual/SocialGood/SocialGood_search.csv,,2009-09-14,2009-09-20,False,2009-09-20,False
469f6751053994fc,search,references/external/Time-MMD/textual/SocialGood/SocialGood_search.csv,,2009-09-21,2009-09-27,False,2009-09-27,False
dd42b983b91f4dee,search,references/external/Time-MMD/textual/SocialGood/SocialGood_search.csv,,2009-09-28,2009-10-04,False,2009-10-04,False
1122126e3494799a,search,references/external/Time-MMD/textual/SocialGood/SocialGood_search.csv,,2009-10-05,2009-10-11,False,2009-10-11,False
cd95df84e8e60243,search,references/external/Time-MMD/textual/SocialGood/SocialGood_search.csv,,2009-10-12,2009-10-18,False,2009-10-18,False
9b57e26050b0d0a0,search,references/external/Time-MMD/textual/SocialGood/SocialGood_search.csv,,2009-10-19,2009-10-25,False,2009-10-25,False
11641c9890c7ca57,search,references/external/Time-MMD/textual/SocialGood/SocialGood_search.csv,,2009-10-26,2009-11-01,False,2009-11-01,False
73d9cdd88b0d297b,search,references/external/Time-MMD/textual/SocialGood/SocialGood_search.csv,,2009-11-02,2009-11-08,False,2009-11-08,False
26c3df838308e74e,search,references/external/Time-MMD/textual/SocialGood/SocialGood_search.csv,,2009-11-09,2009-11-15,False,2009-11-15,False
a0049bc8b53e2364,search,references/external/Time-MMD/textual/SocialGood/SocialGood_search.csv,,2009-11-16,2009-11-22,False,2009-11-22,False
9306b4eaa5ff9ef6,search,references/external/Time-MMD/textual/SocialGood/SocialGood_search.csv,,2009-11-23,2009-11-29,False,2009-11-29,False
aa09e747e42901a9,search,references/external/Time-MMD/textual/SocialGood/SocialGood_search.csv,,2009-11-30,2009-12-06,False,2009-12-06,False
682222c36223ed65,search,references/external/Time-MMD/textual/SocialGood/SocialGood_search.csv,,2009-12-07,2009-12-13,False,2009-12-13,False
3e1637975c8bae90,search,references/external/Time-MMD/textual/SocialGood/SocialGood_search.csv,,2009-12-14,2009-12-20,False,2009-12-20,False
6a0ceac00d6277a3,search,references/external/Time-MMD/textual/SocialGood/SocialGood_search.csv,,2009-12-21,2009-12-27,False,2009-12-27,False
17a39eddeca290a5,search,references/external/Time-MMD/textual/SocialGood/SocialGood_search.csv,,2009-12-28,2010-01-03,False,2010-01-03,False
d4bd03450b071d7c,search,references/external/Time-MMD/textual/SocialGood/SocialGood_search.csv,,2010-01-04,2010-01-10,False,2010-01-10,False
80bbfff647973fb8,search,references/external/Time-MMD/textual/SocialGood/SocialGood_search.csv,,2010-01-11,2010-01-17,False,2010-01-17,False
6358675624749966,search,references/external/Time-MMD/textual/SocialGood/SocialGood_search.csv,,2010-01-18,2010-01-24,False,2010-01-24,False
c5cfb8934277f960,search,references/external/Time-MMD/textual/SocialGood/SocialGood_search.csv,,2010-01-25,2010-01-31,False,2010-01-31,False
2b356959a8381ca1,search,references/external/Time-MMD/textual/SocialGood/SocialGood_search.csv,,2010-02-01,2010-02-07,False,2010-02-07,False
e115a82c4a07fd75,search,references/external/Time-MMD/textual/SocialGood/SocialGood_search.csv,,2010-02-08,2010-02-14,False,2010-02-14,False
35dd01b5770b749d,search,references/external/Time-MMD/textual/SocialGood/SocialGood_search.csv,,2010-02-15,2010-02-21,False,2010-02-21,False
9ef084c161f2d3cd,search,references/external/Time-MMD/textual/SocialGood/SocialGood_search.csv,,2010-02-22,2010-02-28,False,2010-02-28,False
9c85a4120add5cb4,search,references/external/Time-MMD/textual/SocialGood/SocialGood_search.csv,,2010-03-01,2010-03-07,False,2010-03-07,False
c112e3100c3a392e,search,references/external/Time-MMD/textual/SocialGood/SocialGood_search.csv,,2010-03-08,2010-03-14,False,2010-03-14,False
6acc27a77960e91c,search,references/external/Time-MMD/textual/SocialGood/SocialGood_search.csv,,2010-03-15,2010-03-21,False,2010-03-21,False
b5bc7b2b5714db87,search,references/external/Time-MMD/textual/SocialGood/SocialGood_search.csv,,2010-03-22,2010-03-28,False,2010-03-28,False
8498514a03ff3079,search,references/external/Time-MMD/textual/SocialGood/SocialGood_search.csv,,2010-03-29,2010-04-04,False,2010-04-04,False
3eb51b690097db4c,search,references/external/Time-MMD/textual/SocialGood/SocialGood_search.csv,,2010-04-05,2010-04-11,False,2010-04-11,False
a31dc98831d1f697,search,references/external/Time-MMD/textual/SocialGood/SocialGood_search.csv,,2010-04-12,2010-04-18,False,2010-04-18,False
85b57599769bdeff,search,references/external/Time-MMD/textual/SocialGood/SocialGood_search.csv,,2010-04-19,2010-04-25,False,2010-04-25,False
3f2158d0687bea65,search,references/external/Time-MMD/textual/SocialGood/SocialGood_search.csv,,2010-04-26,2010-05-02,False,2010-05-02,False
9daca6971f521cbe,search,references/external/Time-MMD/textual/SocialGood/SocialGood_search.csv,,2010-05-03,2010-05-09,False,2010-05-09,False
c06913cf67f529e4,search,references/external/Time-MMD/textual/SocialGood/SocialGood_search.csv,,2010-05-10,2010-05-16,False,2010-05-16,False
a3ae4817d54bb42c,search,references/external/Time-MMD/textual/SocialGood/SocialGood_search.csv,,2010-05-17,2010-05-23,False,2010-05-23,False
0dda5faa63dfa6ef,search,references/external/Time-MMD/textual/SocialGood/SocialGood_search.csv,,2010-05-24,2010-05-30,False,2010-05-30,False
46a6a8df0086289f,search,references/external/Time-MMD/textual/SocialGood/SocialGood_search.csv,,2010-05-31,2010-06-06,False,2010-06-06,False
6b885d8b2f70e32d,search,references/external/Time-MMD/textual/SocialGood/SocialGood_search.csv,,2010-06-07,2010-06-13,False,2010-06-13,False
45c772cb6a71c1ef,search,references/external/Time-MMD/textual/SocialGood/SocialGood_search.csv,,2010-06-14,2010-06-20,False,2010-06-20,False
6f80bfebd8ee5c87,search,references/external/Time-MMD/textual/SocialGood/SocialGood_search.csv,,2010-06-21,2010-06-27,False,2010-06-27,False
c552dc2e8aa0c2cb,search,references/external/Time-MMD/textual/SocialGood/SocialGood_search.csv,,2010-06-28,2010-07-04,False,2010-07-04,False
2307e2c1e47d75df,search,references/external/Time-MMD/textual/SocialGood/SocialGood_search.csv,,2010-07-05,2010-07-11,False,2010-07-11,False
8a8c4077ed4c4f66,search,references/external/Time-MMD/textual/SocialGood/SocialGood_search.csv,,2010-07-12,2010-07-18,False,2010-07-18,False
6d0ffad034b104b5,search,references/external/Time-MMD/textual/SocialGood/SocialGood_search.csv,,2010-07-19,2010-07-25,False,2010-07-25,False
c611f156694e4529,search,references/external/Time-MMD/textual/SocialGood/SocialGood_search.csv,,2010-07-26,2010-08-01,False,2010-08-01,False
c92c7bb723071e63,search,references/external/Time-MMD/textual/SocialGood/SocialGood_search.csv,,2010-08-02,2010-08-08,False,2010-08-08,False
f772d6e14c5a6cd5,search,references/external/Time-MMD/textual/SocialGood/SocialGood_search.csv,,2010-08-09,2010-08-15,False,2010-08-15,False
36ad831bc26c7b9a,search,references/external/Time-MMD/textual/SocialGood/SocialGood_search.csv,,2010-08-16,2010-08-22,False,2010-08-22,False
c1ae285d525c4ae9,search,references/external/Time-MMD/textual/SocialGood/SocialGood_search.csv,,2010-08-23,2010-08-29,False,2010-08-29,False
af9d9949099efd10,search,references/external/Time-MMD/textual/SocialGood/SocialGood_search.csv,,2010-08-30,2010-09-05,False,2010-09-05,False
12639cc8d4fb9e6e,search,references/external/Time-MMD/textual/SocialGood/SocialGood_search.csv,,2010-09-06,2010-09-12,False,2010-09-12,False
21202c6b53f2bb25,search,references/external/Time-MMD/textual/SocialGood/SocialGood_search.csv,,2010-09-13,2010-09-19,False,2010-09-19,False
cab513d931dd5fe6,search,references/external/Time-MMD/textual/SocialGood/SocialGood_search.csv,,2010-09-20,2010-09-26,False,2010-09-26,False
f67145a4823c8d50,search,references/external/Time-MMD/textual/SocialGood/SocialGood_search.csv,,2010-09-27,2010-10-03,False,2010-10-03,False
b4419fe7dc8746b2,search,references/external/Time-MMD/textual/SocialGood/SocialGood_search.csv,,2010-10-04,2010-10-10,False,2010-10-10,False
5aa0408b84be06da,search,references/external/Time-MMD/textual/SocialGood/SocialGood_search.csv,,2010-10-11,2010-10-17,False,2010-10-17,False
2375146eba693080,search,references/external/Time-MMD/textual/SocialGood/SocialGood_search.csv,,2010-10-18,2010-10-24,False,2010-10-24,False
b048eb47933f2a18,search,references/external/Time-MMD/textual/SocialGood/SocialGood_search.csv,,2010-10-25,2010-10-31,False,2010-10-31,False
d07edbac0bd10620,search,references/external/Time-MMD/textual/SocialGood/SocialGood_search.csv,,2010-11-01,2010-11-07,False,2010-11-07,False
eded70233886bcd1,search,references/external/Time-MMD/textual/SocialGood/SocialGood_search.csv,,2010-11-08,2010-11-14,False,2010-11-14,False
02ff14c757c16fde,search,references/external/Time-MMD/textual/SocialGood/SocialGood_search.csv,,2010-11-15,2010-11-21,False,2010-11-21,False
45411b3a57b0441b,search,references/external/Time-MMD/textual/SocialGood/SocialGood_search.csv,,2010-11-22,2010-11-28,False,2010-11-28,False
4376ff5f95ccda26,search,references/external/Time-MMD/textual/SocialGood/SocialGood_search.csv,,2010-11-29,2010-12-05,False,2010-12-05,False
1e09b7ad7f437c1e,search,references/external/Time-MMD/textual/SocialGood/SocialGood_search.csv,,2010-12-06,2010-12-12,False,2010-12-12,False
5e5509d4197659c5,search,references/external/Time-MMD/textual/SocialGood/SocialGood_search.csv,,2010-12-13,2010-12-19,False,2010-12-19,False
641c0631e2edb93c,search,references/external/Time-MMD/textual/SocialGood/SocialGood_search.csv,,2010-12-20,2010-12-26,False,2010-12-26,False
dadffa6bb9e8eb4e,search,references/external/Time-MMD/textual/SocialGood/SocialGood_search.csv,,2010-12-27,2011-01-02,False,2011-01-02,False
19310b67598d500c,search,references/external/Time-MMD/textual/SocialGood/SocialGood_search.csv,,2011-01-03,2011-01-09,False,2011-01-09,False
76b1633d63030552,search,references/external/Time-MMD/textual/SocialGood/SocialGood_search.csv,,2011-01-10,2011-01-16,False,2011-01-16,False
781bcb1ac480e738,search,references/external/Time-MMD/textual/SocialGood/SocialGood_search.csv,,2011-01-17,2011-01-23,False,2011-01-23,False
728518cbeee1441b,search,references/external/Time-MMD/textual/SocialGood/SocialGood_search.csv,,2011-01-24,2011-01-30,False,2011-01-30,False
97bbbf58fe843d68,search,references/external/Time-MMD/textual/SocialGood/SocialGood_search.csv,,2011-01-31,2011-02-06,False,2011-02-06,False
a60c3751a3eb2998,search,references/external/Time-MMD/textual/SocialGood/SocialGood_search.csv,,2011-02-07,2011-02-13,False,2011-02-13,False
d88ee3bd29dd24ad,search,references/external/Time-MMD/textual/SocialGood/SocialGood_search.csv,,2011-02-14,2011-02-20,False,2011-02-20,False
af452e76583f8e88,search,references/external/Time-MMD/textual/SocialGood/SocialGood_search.csv,,2011-02-21,2011-02-27,False,2011-02-27,False
966bfe0e4e75789e,search,references/external/Time-MMD/textual/SocialGood/SocialGood_search.csv,,2011-02-28,2011-03-06,False,2011-03-06,False
33aa9b7a16313cd6,search,references/external/Time-MMD/textual/SocialGood/SocialGood_search.csv,,2011-03-07,2011-03-13,False,2011-03-13,False
19ad3c6b682e1f18,search,references/external/Time-MMD/textual/SocialGood/SocialGood_search.csv,,2011-03-14,2011-03-20,False,2011-03-20,False
11eadfa03ad072a0,search,references/external/Time-MMD/textual/SocialGood/SocialGood_search.csv,,2011-03-21,2011-03-27,False,2011-03-27,False
713ee368d9578ea2,search,references/external/Time-MMD/textual/SocialGood/SocialGood_search.csv,,2011-03-28,2011-04-03,False,2011-04-03,False
c4f5034a9ab38411,search,references/external/Time-MMD/textual/SocialGood/SocialGood_search.csv,,2011-04-04,2011-04-10,False,2011-04-10,False
177973731c0c1bec,search,references/external/Time-MMD/textual/SocialGood/SocialGood_search.csv,,2011-04-11,2011-04-17,False,2011-04-17,False
6a0312635e48850f,search,references/external/Time-MMD/textual/SocialGood/SocialGood_search.csv,,2011-04-18,2011-04-24,False,2011-04-24,False
4be6aa2481223f08,search,references/external/Time-MMD/textual/SocialGood/SocialGood_search.csv,,2011-04-25,2011-05-01,False,2011-05-01,False
65f0eb5f15ebe724,search,references/external/Time-MMD/textual/SocialGood/SocialGood_search.csv,,2011-05-02,2011-05-08,False,2011-05-08,False
98fdabc32f40cd8a,search,references/external/Time-MMD/textual/SocialGood/SocialGood_search.csv,,2011-05-09,2011-05-15,False,2011-05-15,False
da6027d60cf81324,search,references/external/Time-MMD/textual/SocialGood/SocialGood_search.csv,,2011-05-16,2011-05-22,False,2011-05-22,False
a9ff3a3e7451bfeb,search,references/external/Time-MMD/textual/SocialGood/SocialGood_search.csv,,2011-05-23,2011-05-29,False,2011-05-29,False
dd404b561a671da9,search,references/external/Time-MMD/textual/SocialGood/SocialGood_search.csv,,2011-05-30,2011-06-05,False,2011-06-05,False
04fcedc54fc460f4,search,references/external/Time-MMD/textual/SocialGood/SocialGood_search.csv,,2011-06-06,2011-06-12,False,2011-06-12,False
e5abae11b85482fb,search,references/external/Time-MMD/textual/SocialGood/SocialGood_search.csv,,2011-06-13,2011-06-19,False,2011-06-19,False
7c494e96dadb6eca,search,references/external/Time-MMD/textual/SocialGood/SocialGood_search.csv,,2011-06-20,2011-06-26,False,2011-06-26,False
d929dcfa3580bde3,search,references/external/Time-MMD/textual/SocialGood/SocialGood_search.csv,,2011-06-27,2011-07-03,False,2011-07-03,False
cce16f6a5c5463f3,search,references/external/Time-MMD/textual/SocialGood/SocialGood_search.csv,,2011-07-04,2011-07-10,False,2011-07-10,False
ba5a891a2006e873,search,references/external/Time-MMD/textual/SocialGood/SocialGood_search.csv,,2011-07-11,2011-07-17,False,2011-07-17,False
f0fb70306a85f70b,search,references/external/Time-MMD/textual/SocialGood/SocialGood_search.csv,,2011-07-18,2011-07-24,False,2011-07-24,False
68fd23d865cffe7a,search,references/external/Time-MMD/textual/SocialGood/SocialGood_search.csv,,2011-07-25,2011-07-31,False,2011-07-31,False
cf669ad52030c5b3,search,references/external/Time-MMD/textual/SocialGood/SocialGood_search.csv,,2011-08-01,2011-08-07,False,2011-08-07,False
2c077fd0f96227a0,search,references/external/Time-MMD/textual/SocialGood/SocialGood_search.csv,,2011-08-08,2011-08-14,False,2011-08-14,False
77cb63e7e8c2b359,search,references/external/Time-MMD/textual/SocialGood/SocialGood_search.csv,,2011-08-15,2011-08-21,False,2011-08-21,False
f38bd4fefc4fbae4,search,references/external/Time-MMD/textual/SocialGood/SocialGood_search.csv,,2011-08-22,2011-08-28,False,2011-08-28,False
88d4996e871f2a85,search,references/external/Time-MMD/textual/SocialGood/SocialGood_search.csv,,2011-08-29,2011-09-04,False,2011-09-04,False
4a9cc5c4d9160f09,search,references/external/Time-MMD/textual/SocialGood/SocialGood_search.csv,,2011-09-05,2011-09-11,False,2011-09-11,False
531124be1bc3a69f,search,references/external/Time-MMD/textual/SocialGood/SocialGood_search.csv,,2011-09-12,2011-09-18,False,2011-09-18,False
6f76ba4fa185d5f0,search,references/external/Time-MMD/textual/SocialGood/SocialGood_search.csv,,2011-09-19,2011-09-25,False,2011-09-25,False
d95966954314b359,search,references/external/Time-MMD/textual/SocialGood/SocialGood_search.csv,,2011-09-26,2011-10-02,False,2011-10-02,False
b3805d8de152a7ce,search,references/external/Time-MMD/textual/SocialGood/SocialGood_search.csv,,2011-10-03,2011-10-09,False,2011-10-09,False
5bb4e1663e4a98d4,search,references/external/Time-MMD/textual/SocialGood/SocialGood_search.csv,,2011-10-10,2011-10-16,False,2011-10-16,False
57a1741e6c241c22,search,references/external/Time-MMD/textual/SocialGood/SocialGood_search.csv,,2011-10-17,2011-10-23,False,2011-10-23,False
deb11207ab623af3,search,references/external/Time-MMD/textual/SocialGood/SocialGood_search.csv,,2011-10-24,2011-10-30,False,2011-10-30,False
4dfab1f1190bb9fc,search,references/external/Time-MMD/textual/SocialGood/SocialGood_search.csv,,2011-10-31,2011-11-06,False,2011-11-06,False
0b389a3669bdf7ce,search,references/external/Time-MMD/textual/SocialGood/SocialGood_search.csv,,2011-11-07,2011-11-13,False,2011-11-13,False
cbf4de3f0971cb44,search,references/external/Time-MMD/textual/SocialGood/SocialGood_search.csv,,2011-11-14,2011-11-20,False,2011-11-20,False
420ebb3ca63d7532,search,references/external/Time-MMD/textual/SocialGood/SocialGood_search.csv,,2011-11-21,2011-11-27,False,2011-11-27,False
71cf3b39855225ce,search,references/external/Time-MMD/textual/SocialGood/SocialGood_search.csv,,2011-11-28,2011-12-04,False,2011-12-04,False
49d516705bc4ccd0,search,references/external/Time-MMD/textual/SocialGood/SocialGood_search.csv,,2011-12-05,2011-12-11,False,2011-12-11,False
f3ae028765448fd1,search,references/external/Time-MMD/textual/SocialGood/SocialGood_search.csv,,2011-12-12,2011-12-18,False,2011-12-18,False
8ef2dcd3bf12177e,search,references/external/Time-MMD/textual/SocialGood/SocialGood_search.csv,,2011-12-19,2011-12-25,False,2011-12-25,False
4f21197b2aba8df0,search,references/external/Time-MMD/textual/SocialGood/SocialGood_search.csv,,2011-12-26,2012-01-01,False,2012-01-01,False
01aff81d43ab3f77,search,references/external/Time-MMD/textual/SocialGood/SocialGood_search.csv,,2012-01-02,2012-01-08,False,2012-01-08,False
62f28a5d9cc2bdbb,search,references/external/Time-MMD/textual/SocialGood/SocialGood_search.csv,,2012-01-09,2012-01-15,False,2012-01-15,False
f0febf4533c05367,search,references/external/Time-MMD/textual/SocialGood/SocialGood_search.csv,,2012-01-16,2012-01-22,False,2012-01-22,False
4947beabade9b1c2,search,references/external/Time-MMD/textual/SocialGood/SocialGood_search.csv,,2012-01-23,2012-01-29,False,2012-01-29,False
89b0fc0bd4e7f0f9,search,references/external/Time-MMD/textual/SocialGood/SocialGood_search.csv,,2012-01-30,2012-02-05,False,2012-02-05,False
fe32d305b016c43b,search,references/external/Time-MMD/textual/SocialGood/SocialGood_search.csv,,2012-02-06,2012-02-12,False,2012-02-12,False
7617e7104fcd421c,search,references/external/Time-MMD/textual/SocialGood/SocialGood_search.csv,,2012-02-13,2012-02-19,False,2012-02-19,False
503e1958c045294f,search,references/external/Time-MMD/textual/SocialGood/SocialGood_search.csv,,2012-02-20,2012-02-26,False,2012-02-26,False
661729e615fcf37f,search,references/external/Time-MMD/textual/SocialGood/SocialGood_search.csv,,2012-02-27,2012-03-04,False,2012-03-04,False
d98db36fd30d791b,search,references/external/Time-MMD/textual/SocialGood/SocialGood_search.csv,,2012-03-05,2012-03-11,False,2012-03-11,False
2d5f689bc8d0fef0,search,references/external/Time-MMD/textual/SocialGood/SocialGood_search.csv,,2012-03-12,2012-03-18,False,2012-03-18,False
76bed9e653c2e372,search,references/external/Time-MMD/textual/SocialGood/SocialGood_search.csv,,2012-03-19,2012-03-25,False,2012-03-25,False
cee0c0f66c61934c,search,references/external/Time-MMD/textual/SocialGood/SocialGood_search.csv,,2012-03-26,2012-04-01,False,2012-04-01,False
b149132fd31a6bf1,search,references/external/Time-MMD/textual/SocialGood/SocialGood_search.csv,,2012-04-02,2012-04-08,False,2012-04-08,False
630516390a4b0551,search,references/external/Time-MMD/textual/SocialGood/SocialGood_search.csv,,2012-04-09,2012-04-15,False,2012-04-15,False
19bf98107cddcb19,search,references/external/Time-MMD/textual/SocialGood/SocialGood_search.csv,,2012-04-16,2012-04-22,False,2012-04-22,False
bd776303a8bcc84a,search,references/external/Time-MMD/textual/SocialGood/SocialGood_search.csv,,2012-04-23,2012-04-29,False,2012-04-29,False
f34b503fb2487b6f,search,references/external/Time-MMD/textual/SocialGood/SocialGood_search.csv,,2012-04-30,2012-05-06,False,2012-05-06,False
bd72473489a5feee,search,references/external/Time-MMD/textual/SocialGood/SocialGood_search.csv,,2012-05-07,2012-05-13,False,2012-05-13,False
ea2592d5cc05d971,search,references/external/Time-MMD/textual/SocialGood/SocialGood_search.csv,,2012-05-14,2012-05-20,False,2012-05-20,False
294ad0f8e58dfc19,search,references/external/Time-MMD/textual/SocialGood/SocialGood_search.csv,,2012-05-21,2012-05-27,False,2012-05-27,False
9a98faee28124868,search,references/external/Time-MMD/textual/SocialGood/SocialGood_search.csv,,2012-05-28,2012-06-03,False,2012-06-03,False
b8164ba836416cac,search,references/external/Time-MMD/textual/SocialGood/SocialGood_search.csv,,2012-06-04,2012-06-10,False,2012-06-10,False
ef8f5e15aa592b04,search,references/external/Time-MMD/textual/SocialGood/SocialGood_search.csv,,2012-06-11,2012-06-17,False,2012-06-17,False
8c4c2fb08cef560b,search,references/external/Time-MMD/textual/SocialGood/SocialGood_search.csv,,2012-06-18,2012-06-24,False,2012-06-24,False
be555b7c09973ec0,search,references/external/Time-MMD/textual/SocialGood/SocialGood_search.csv,,2012-06-25,2012-07-01,False,2012-07-01,False
2444fcb7a442e6a2,search,references/external/Time-MMD/textual/SocialGood/SocialGood_search.csv,,2012-07-02,2012-07-08,False,2012-07-08,False
6415f0c57ce175fa,search,references/external/Time-MMD/textual/SocialGood/SocialGood_search.csv,,2012-07-09,2012-07-15,False,2012-07-15,False
cc3f4273dd2756ba,search,references/external/Time-MMD/textual/SocialGood/SocialGood_search.csv,,2012-07-16,2012-07-22,False,2012-07-22,False
fc3812cfb6320fa6,search,references/external/Time-MMD/textual/SocialGood/SocialGood_search.csv,,2012-07-23,2012-07-29,False,2012-07-29,False
3b7961e87b0d0e56,search,references/external/Time-MMD/textual/SocialGood/SocialGood_search.csv,,2012-07-30,2012-08-05,False,2012-08-05,False
88d2763f3ff26dac,search,references/external/Time-MMD/textual/SocialGood/SocialGood_search.csv,,2012-08-06,2012-08-12,False,2012-08-12,False
5c8a3656e03641ae,search,references/external/Time-MMD/textual/SocialGood/SocialGood_search.csv,,2012-08-13,2012-08-19,False,2012-08-19,False
e0a9f05da896753f,search,references/external/Time-MMD/textual/SocialGood/SocialGood_search.csv,,2012-08-20,2012-08-26,False,2012-08-26,False
8f894f477ba74dfc,search,references/external/Time-MMD/textual/SocialGood/SocialGood_search.csv,,2012-08-27,2012-09-02,False,2012-09-02,False
a83196dac8ab4de2,search,references/external/Time-MMD/textual/SocialGood/SocialGood_search.csv,,2012-09-03,2012-09-09,False,2012-09-09,False
8df9b691b0142630,search,references/external/Time-MMD/textual/SocialGood/SocialGood_search.csv,,2012-09-10,2012-09-16,False,2012-09-16,False
d3899584e1fbda26,search,references/external/Time-MMD/textual/SocialGood/SocialGood_search.csv,,2012-09-17,2012-09-23,False,2012-09-23,False
7e4a12a37b42c447,search,references/external/Time-MMD/textual/SocialGood/SocialGood_search.csv,,2012-09-24,2012-09-30,False,2012-09-30,False
8d93c7fab76fd258,search,references/external/Time-MMD/textual/SocialGood/SocialGood_search.csv,,2012-10-01,2012-10-07,False,2012-10-07,False
c4d99bba5997ccbc,search,references/external/Time-MMD/textual/SocialGood/SocialGood_search.csv,,2012-10-08,2012-10-14,False,2012-10-14,False
d5789bf9c0ffc9af,search,references/external/Time-MMD/textual/SocialGood/SocialGood_search.csv,,2012-10-15,2012-10-21,False,2012-10-21,False
bef9881b61580eb3,search,references/external/Time-MMD/textual/SocialGood/SocialGood_search.csv,,2012-10-22,2012-10-28,False,2012-10-28,False
fe8bd511a108cc4a,search,references/external/Time-MMD/textual/SocialGood/SocialGood_search.csv,,2012-10-29,2012-11-04,False,2012-11-04,False
682ced27821bad21,search,references/external/Time-MMD/textual/SocialGood/SocialGood_search.csv,,2012-11-05,2012-11-11,False,2012-11-11,False
58fccac61c3ada1e,search,references/external/Time-MMD/textual/SocialGood/SocialGood_search.csv,,2012-11-12,2012-11-18,False,2012-11-18,False
47602b28bb31a5b1,search,references/external/Time-MMD/textual/SocialGood/SocialGood_search.csv,,2012-11-19,2012-11-25,False,2012-11-25,False
7e56f0bc967e1d97,search,references/external/Time-MMD/textual/SocialGood/SocialGood_search.csv,,2012-11-26,2012-12-02,False,2012-12-02,False
e73c3893fddc984b,search,references/external/Time-MMD/textual/SocialGood/SocialGood_search.csv,,2012-12-03,2012-12-09,False,2012-12-09,False
86a843e6465aa540,search,references/external/Time-MMD/textual/SocialGood/SocialGood_search.csv,,2012-12-10,2012-12-16,False,2012-12-16,False
5b9e0afd9ccfc5bd,search,references/external/Time-MMD/textual/SocialGood/SocialGood_search.csv,,2012-12-17,2012-12-23,False,2012-12-23,False
d35893c83b64079e,search,references/external/Time-MMD/textual/SocialGood/SocialGood_search.csv,,2012-12-24,2012-12-30,False,2012-12-30,False
711d005ac485387a,search,references/external/Time-MMD/textual/SocialGood/SocialGood_search.csv,,2012-12-31,2013-01-06,False,2013-01-06,False
1a241ef2ab62cd2d,search,references/external/Time-MMD/textual/SocialGood/SocialGood_search.csv,,2013-01-07,2013-01-13,False,2013-01-13,False
4f0750ba9c917a87,search,references/external/Time-MMD/textual/SocialGood/SocialGood_search.csv,,2013-01-14,2013-01-20,False,2013-01-20,False
0c9bf77cfc06b5e6,search,references/external/Time-MMD/textual/SocialGood/SocialGood_search.csv,,2013-01-21,2013-01-27,False,2013-01-27,False
a835c8a8b59e67d2,search,references/external/Time-MMD/textual/SocialGood/SocialGood_search.csv,,2013-01-28,2013-02-03,False,2013-02-03,False
d8ab0d3e3229386b,search,references/external/Time-MMD/textual/SocialGood/SocialGood_search.csv,,2013-02-04,2013-02-10,False,2013-02-10,False
dceb9f580d1100b4,search,references/external/Time-MMD/textual/SocialGood/SocialGood_search.csv,,2013-02-11,2013-02-17,False,2013-02-17,False
6b4a46afba85c2c0,search,references/external/Time-MMD/textual/SocialGood/SocialGood_search.csv,,2013-02-18,2013-02-24,False,2013-02-24,False
e9fc8a9fcb585eba,search,references/external/Time-MMD/textual/SocialGood/SocialGood_search.csv,,2013-02-25,2013-03-03,False,2013-03-03,False
17381bc1cff5f70c,search,references/external/Time-MMD/textual/SocialGood/SocialGood_search.csv,,2013-03-04,2013-03-10,False,2013-03-10,False
ed5acbfddb963390,search,references/external/Time-MMD/textual/SocialGood/SocialGood_search.csv,,2013-03-11,2013-03-17,False,2013-03-17,False
8aa6f66184eefec2,search,references/external/Time-MMD/textual/SocialGood/SocialGood_search.csv,,2013-03-18,2013-03-24,False,2013-03-24,False
8d22807b314e9e4f,search,references/external/Time-MMD/textual/SocialGood/SocialGood_search.csv,,2013-03-25,2013-03-31,False,2013-03-31,False
61d11952ffa2e4d4,search,references/external/Time-MMD/textual/SocialGood/SocialGood_search.csv,,2013-04-01,2013-04-07,False,2013-04-07,False
b4b2a21a3e2dbbea,search,references/external/Time-MMD/textual/SocialGood/SocialGood_search.csv,,2013-04-08,2013-04-14,False,2013-04-14,False
d59361acf1b347fb,search,references/external/Time-MMD/textual/SocialGood/SocialGood_search.csv,,2013-04-15,2013-04-21,False,2013-04-21,False
c6dfa08976c5d2e6,search,references/external/Time-MMD/textual/SocialGood/SocialGood_search.csv,,2013-04-22,2013-04-28,False,2013-04-28,False
79ba3509120697da,search,references/external/Time-MMD/textual/SocialGood/SocialGood_search.csv,,2013-04-29,2013-05-05,False,2013-05-05,False
aef41786e63b73da,search,references/external/Time-MMD/textual/SocialGood/SocialGood_search.csv,,2013-05-06,2013-05-12,False,2013-05-12,False
62b1a304fb0cc770,search,references/external/Time-MMD/textual/SocialGood/SocialGood_search.csv,,2013-05-13,2013-05-19,False,2013-05-19,False
e177f77b2b5a0efc,search,references/external/Time-MMD/textual/SocialGood/SocialGood_search.csv,,2013-05-20,2013-05-26,False,2013-05-26,False
ac86e75183c41c57,search,references/external/Time-MMD/textual/SocialGood/SocialGood_search.csv,,2013-05-27,2013-06-02,False,2013-06-02,False
ec7062d6f6c6f064,search,references/external/Time-MMD/textual/SocialGood/SocialGood_search.csv,,2013-06-03,2013-06-09,False,2013-06-09,False
6f24aeb1b65c5e09,search,references/external/Time-MMD/textual/SocialGood/SocialGood_search.csv,,2013-06-10,2013-06-16,False,2013-06-16,False
c7d37bf34b6f0c93,search,references/external/Time-MMD/textual/SocialGood/SocialGood_search.csv,,2013-06-17,2013-06-23,False,2013-06-23,False
eae33df74dcf5a9f,search,references/external/Time-MMD/textual/SocialGood/SocialGood_search.csv,,2013-06-24,2013-06-30,False,2013-06-30,False
f3fdfa9e5849ad50,search,references/external/Time-MMD/textual/SocialGood/SocialGood_search.csv,,2013-07-01,2013-07-07,False,2013-07-07,False
dc17597c362cd56d,search,references/external/Time-MMD/textual/SocialGood/SocialGood_search.csv,,2013-07-08,2013-07-14,False,2013-07-14,False
018b7b48133830bf,search,references/external/Time-MMD/textual/SocialGood/SocialGood_search.csv,,2013-07-15,2013-07-21,False,2013-07-21,False
9e2e7f3ed614c6c2,search,references/external/Time-MMD/textual/SocialGood/SocialGood_search.csv,,2013-07-22,2013-07-28,False,2013-07-28,False
eecdfc5ecc8d613d,search,references/external/Time-MMD/textual/SocialGood/SocialGood_search.csv,,2013-07-29,2013-08-04,False,2013-08-04,False
16debd16154a5fdd,search,references/external/Time-MMD/textual/SocialGood/SocialGood_search.csv,,2013-08-05,2013-08-11,False,2013-08-11,False
e4c0551161f4fb5f,search,references/external/Time-MMD/textual/SocialGood/SocialGood_search.csv,,2013-08-12,2013-08-18,False,2013-08-18,False
acf8016e247c3793,search,references/external/Time-MMD/textual/SocialGood/SocialGood_search.csv,,2013-08-19,2013-08-25,False,2013-08-25,False
0474a9d6148c7217,search,references/external/Time-MMD/textual/SocialGood/SocialGood_search.csv,,2013-08-26,2013-09-01,False,2013-09-01,False
81b48f258b83da47,search,references/external/Time-MMD/textual/SocialGood/SocialGood_search.csv,,2013-09-02,2013-09-08,False,2013-09-08,False
611dfc7f2af91d64,search,references/external/Time-MMD/textual/SocialGood/SocialGood_search.csv,,2013-09-09,2013-09-15,False,2013-09-15,False
4c57bc1567dfd77b,search,references/external/Time-MMD/textual/SocialGood/SocialGood_search.csv,,2013-09-16,2013-09-22,False,2013-09-22,False
43f02d933d59539e,search,references/external/Time-MMD/textual/SocialGood/SocialGood_search.csv,,2013-09-23,2013-09-29,False,2013-09-29,False
97f2223543e44944,search,references/external/Time-MMD/textual/SocialGood/SocialGood_search.csv,,2013-09-30,2013-10-06,False,2013-10-06,False
4a9f87d9ba7a2b4e,search,references/external/Time-MMD/textual/SocialGood/SocialGood_search.csv,,2013-10-07,2013-10-13,False,2013-10-13,False
bbfde7306ccabc4f,search,references/external/Time-MMD/textual/SocialGood/SocialGood_search.csv,,2013-10-14,2013-10-20,False,2013-10-20,False
3985b55c451b9698,search,references/external/Time-MMD/textual/SocialGood/SocialGood_search.csv,,2013-10-21,2013-10-27,False,2013-10-27,False
a3ac72c83aa91b27,search,references/external/Time-MMD/textual/SocialGood/SocialGood_search.csv,,2013-10-28,2013-11-03,False,2013-11-03,False
1f8164ddc16ee76b,search,references/external/Time-MMD/textual/SocialGood/SocialGood_search.csv,,2013-11-04,2013-11-10,False,2013-11-10,False
e1d822128c9db04f,search,references/external/Time-MMD/textual/SocialGood/SocialGood_search.csv,,2013-11-11,2013-11-17,False,2013-11-17,False
c8c58168bc149646,search,references/external/Time-MMD/textual/SocialGood/SocialGood_search.csv,,2013-11-18,2013-11-24,False,2013-11-24,False
4d2caa2d64ea070b,search,references/external/Time-MMD/textual/SocialGood/SocialGood_search.csv,,2013-11-25,2013-12-01,False,2013-12-01,False
ca864ecceb1002b8,search,references/external/Time-MMD/textual/SocialGood/SocialGood_search.csv,,2013-12-02,2013-12-08,False,2013-12-08,False
1fd56c6d276208a6,search,references/external/Time-MMD/textual/SocialGood/SocialGood_search.csv,,2013-12-09,2013-12-15,False,2013-12-15,False
db3c645a48937eb2,search,references/external/Time-MMD/textual/SocialGood/SocialGood_search.csv,,2013-12-16,2013-12-22,False,2013-12-22,False
febfe3e233cd6f26,search,references/external/Time-MMD/textual/SocialGood/SocialGood_search.csv,,2013-12-23,2013-12-29,False,2013-12-29,False
ab2ddd076eb0e9be,search,references/external/Time-MMD/textual/SocialGood/SocialGood_search.csv,,2013-12-30,2014-01-05,False,2014-01-05,False
0ea3b660210ef20c,search,references/external/Time-MMD/textual/SocialGood/SocialGood_search.csv,,2014-01-06,2014-01-12,False,2014-01-12,False
2518259795bdec68,search,references/external/Time-MMD/textual/SocialGood/SocialGood_search.csv,,2014-01-13,2014-01-19,False,2014-01-19,False
909b1dd8e8c4644d,search,references/external/Time-MMD/textual/SocialGood/SocialGood_search.csv,,2014-01-20,2014-01-26,False,2014-01-26,False
c81bbd67beabb7f6,search,references/external/Time-MMD/textual/SocialGood/SocialGood_search.csv,,2014-01-27,2014-02-02,False,2014-02-02,False
ff9a0a58f636d4fb,search,references/external/Time-MMD/textual/SocialGood/SocialGood_search.csv,,2014-02-03,2014-02-09,False,2014-02-09,False
490d97e59eeab056,search,references/external/Time-MMD/textual/SocialGood/SocialGood_search.csv,,2014-02-10,2014-02-16,False,2014-02-16,False
d45b7ebc792f2af8,search,references/external/Time-MMD/textual/SocialGood/SocialGood_search.csv,,2014-02-17,2014-02-23,False,2014-02-23,False
1681c04935e42389,search,references/external/Time-MMD/textual/SocialGood/SocialGood_search.csv,,2014-02-24,2014-03-02,False,2014-03-02,False
c1328e6fa969bc85,search,references/external/Time-MMD/textual/SocialGood/SocialGood_search.csv,,2014-03-03,2014-03-09,False,2014-03-09,False
82c95cdc62a13708,search,references/external/Time-MMD/textual/SocialGood/SocialGood_search.csv,,2014-03-10,2014-03-16,False,2014-03-16,False
fc3722a7534def1d,search,references/external/Time-MMD/textual/SocialGood/SocialGood_search.csv,,2014-03-17,2014-03-23,False,2014-03-23,False
6500476e24818643,search,references/external/Time-MMD/textual/SocialGood/SocialGood_search.csv,,2014-03-24,2014-03-30,False,2014-03-30,False
2bd73d95d31bb4f9,search,references/external/Time-MMD/textual/SocialGood/SocialGood_search.csv,,2014-03-31,2014-04-06,False,2014-04-06,False
b104dade57730104,search,references/external/Time-MMD/textual/SocialGood/SocialGood_search.csv,,2014-04-07,2014-04-13,False,2014-04-13,False
e3e58fa610f32035,search,references/external/Time-MMD/textual/SocialGood/SocialGood_search.csv,,2014-04-14,2014-04-20,False,2014-04-20,False
e3c37394c5f26f40,search,references/external/Time-MMD/textual/SocialGood/SocialGood_search.csv,,2014-04-21,2014-04-27,False,2014-04-27,False
eca845a2c08795d5,search,references/external/Time-MMD/textual/SocialGood/SocialGood_search.csv,,2014-04-28,2014-05-04,False,2014-05-04,False
453296b1da281717,search,references/external/Time-MMD/textual/SocialGood/SocialGood_search.csv,,2014-05-05,2014-05-11,False,2014-05-11,False
4c0021737c43f3cf,search,references/external/Time-MMD/textual/SocialGood/SocialGood_search.csv,,2014-05-12,2014-05-18,False,2014-05-18,False
40197bba702707b1,search,references/external/Time-MMD/textual/SocialGood/SocialGood_search.csv,,2014-05-19,2014-05-25,False,2014-05-25,False
173ceb1c5123e47f,search,references/external/Time-MMD/textual/SocialGood/SocialGood_search.csv,,2014-05-26,2014-06-01,False,2014-06-01,False
9679841c4bfc877c,search,references/external/Time-MMD/textual/SocialGood/SocialGood_search.csv,,2014-06-02,2014-06-08,False,2014-06-08,False
c3640a7429fe22e7,search,references/external/Time-MMD/textual/SocialGood/SocialGood_search.csv,,2014-06-09,2014-06-15,False,2014-06-15,False
d89872a0bc2bff6a,search,references/external/Time-MMD/textual/SocialGood/SocialGood_search.csv,,2014-06-16,2014-06-22,False,2014-06-22,False
4a99ccfad1644bbf,search,references/external/Time-MMD/textual/SocialGood/SocialGood_search.csv,,2014-06-23,2014-06-29,False,2014-06-29,False
5bc0d0051fe55325,search,references/external/Time-MMD/textual/SocialGood/SocialGood_search.csv,,2014-06-30,2014-07-06,False,2014-07-06,False
51c547b5f4cd1f1e,search,references/external/Time-MMD/textual/SocialGood/SocialGood_search.csv,,2014-07-07,2014-07-13,False,2014-07-13,False
cb4bd081216d5b29,search,references/external/Time-MMD/textual/SocialGood/SocialGood_search.csv,,2014-07-14,2014-07-20,False,2014-07-20,False
30ab06c7e7559ca7,search,references/external/Time-MMD/textual/SocialGood/SocialGood_search.csv,,2014-07-21,2014-07-27,False,2014-07-27,False
0b63fe93b73445cf,search,references/external/Time-MMD/textual/SocialGood/SocialGood_search.csv,,2014-07-28,2014-08-03,False,2014-08-03,False
4b98d584cf0fbf8c,search,references/external/Time-MMD/textual/SocialGood/SocialGood_search.csv,,2014-08-04,2014-08-10,False,2014-08-10,False
9e7492be97438772,search,references/external/Time-MMD/textual/SocialGood/SocialGood_search.csv,,2014-08-11,2014-08-17,False,2014-08-17,False
07121f43b10f1fd7,search,references/external/Time-MMD/textual/SocialGood/SocialGood_search.csv,,2014-08-18,2014-08-24,False,2014-08-24,False
b402608c1bd0fec8,search,references/external/Time-MMD/textual/SocialGood/SocialGood_search.csv,,2014-08-25,2014-08-31,False,2014-08-31,False
6c51aa840aefff9b,search,references/external/Time-MMD/textual/SocialGood/SocialGood_search.csv,,2014-09-01,2014-09-07,False,2014-09-07,False
9a80d23f61546764,search,references/external/Time-MMD/textual/SocialGood/SocialGood_search.csv,,2014-09-08,2014-09-14,False,2014-09-14,False
5a89496db0c2cdd5,search,references/external/Time-MMD/textual/SocialGood/SocialGood_search.csv,,2014-09-15,2014-09-21,False,2014-09-21,False
82da323db6f9c020,search,references/external/Time-MMD/textual/SocialGood/SocialGood_search.csv,,2014-09-22,2014-09-28,False,2014-09-28,False
4fed06742549dd4c,search,references/external/Time-MMD/textual/SocialGood/SocialGood_search.csv,,2014-09-29,2014-10-05,False,2014-10-05,False
0b7e3113ecda07d4,search,references/external/Time-MMD/textual/SocialGood/SocialGood_search.csv,,2014-10-06,2014-10-12,False,2014-10-12,False
603558976b8c48ec,search,references/external/Time-MMD/textual/SocialGood/SocialGood_search.csv,,2014-10-13,2014-10-19,False,2014-10-19,False
ada0a64390f38a75,search,references/external/Time-MMD/textual/SocialGood/SocialGood_search.csv,,2014-10-20,2014-10-26,False,2014-10-26,False
5240193f6cc72586,search,references/external/Time-MMD/textual/SocialGood/SocialGood_search.csv,,2014-10-27,2014-11-02,False,2014-11-02,False
1979d4e30a05bc63,search,references/external/Time-MMD/textual/SocialGood/SocialGood_search.csv,,2014-11-03,2014-11-09,False,2014-11-09,False
1ec5d498e6a29a8e,search,references/external/Time-MMD/textual/SocialGood/SocialGood_search.csv,,2014-11-10,2014-11-16,False,2014-11-16,False
cf43000db40ca68a,search,references/external/Time-MMD/textual/SocialGood/SocialGood_search.csv,,2014-11-17,2014-11-23,False,2014-11-23,False
aae6cbc60689478c,search,references/external/Time-MMD/textual/SocialGood/SocialGood_search.csv,,2014-11-24,2014-11-30,False,2014-11-30,False
6e99dc9bcc6c5db2,search,references/external/Time-MMD/textual/SocialGood/SocialGood_search.csv,,2014-12-01,2014-12-07,False,2014-12-07,False
249cdd68cf062f13,search,references/external/Time-MMD/textual/SocialGood/SocialGood_search.csv,,2014-12-08,2014-12-14,False,2014-12-14,False
14e1b45b8714a064,search,references/external/Time-MMD/textual/SocialGood/SocialGood_search.csv,,2014-12-15,2014-12-21,False,2014-12-21,False
4cd5b322fe59bec0,search,references/external/Time-MMD/textual/SocialGood/SocialGood_search.csv,,2014-12-22,2014-12-28,False,2014-12-28,False
bf122f18bf1f61ba,search,references/external/Time-MMD/textual/SocialGood/SocialGood_search.csv,,2014-12-29,2015-01-04,False,2015-01-04,False
752848f1a33f88fe,search,references/external/Time-MMD/textual/SocialGood/SocialGood_search.csv,,2015-01-05,2015-01-11,False,2015-01-11,False
2d45ef0f75e556f3,search,references/external/Time-MMD/textual/SocialGood/SocialGood_search.csv,,2015-01-12,2015-01-18,False,2015-01-18,False
9c08ec14b4ecf0a4,search,references/external/Time-MMD/textual/SocialGood/SocialGood_search.csv,,2015-01-19,2015-01-25,False,2015-01-25,False
2093ff11d2f2632d,search,references/external/Time-MMD/textual/SocialGood/SocialGood_search.csv,,2015-01-26,2015-02-01,False,2015-02-01,False
3994ebd570802074,search,references/external/Time-MMD/textual/SocialGood/SocialGood_search.csv,,2015-02-02,2015-02-08,False,2015-02-08,False
216afe01db365420,search,references/external/Time-MMD/textual/SocialGood/SocialGood_search.csv,,2015-02-09,2015-02-15,False,2015-02-15,False
2f26945a896743e2,search,references/external/Time-MMD/textual/SocialGood/SocialGood_search.csv,,2015-02-16,2015-02-22,False,2015-02-22,False
154e93d604b0dff4,search,references/external/Time-MMD/textual/SocialGood/SocialGood_search.csv,,2015-02-23,2015-03-01,False,2015-03-01,False
54366875586d8a5c,search,references/external/Time-MMD/textual/SocialGood/SocialGood_search.csv,,2015-03-02,2015-03-08,False,2015-03-08,False
b8a07f80948b77eb,search,references/external/Time-MMD/textual/SocialGood/SocialGood_search.csv,,2015-03-09,2015-03-15,False,2015-03-15,False
626d2908caeea784,search,references/external/Time-MMD/textual/SocialGood/SocialGood_search.csv,,2015-03-16,2015-03-22,False,2015-03-22,False
69586bae18058d4d,search,references/external/Time-MMD/textual/SocialGood/SocialGood_search.csv,,2015-03-23,2015-03-29,False,2015-03-29,False
6c2e149ab2cceacb,search,references/external/Time-MMD/textual/SocialGood/SocialGood_search.csv,,2015-03-30,2015-04-05,False,2015-04-05,False
f218619b5c87a2ef,search,references/external/Time-MMD/textual/SocialGood/SocialGood_search.csv,,2015-04-13,2015-04-19,False,2015-04-19,False
e65f0a62f22fc198,search,references/external/Time-MMD/textual/SocialGood/SocialGood_search.csv,,2015-04-20,2015-04-26,False,2015-04-26,False
d28e21016e9a73de,search,references/external/Time-MMD/textual/SocialGood/SocialGood_search.csv,,2015-04-27,2015-05-03,False,2015-05-03,False
0acc298ba78144c1,search,references/external/Time-MMD/textual/SocialGood/SocialGood_search.csv,,2015-05-04,2015-05-10,False,2015-05-10,False
9d2240425120fa45,search,references/external/Time-MMD/textual/SocialGood/SocialGood_search.csv,,2015-05-11,2015-05-17,False,2015-05-17,False
167155bdc6ba8a47,search,references/external/Time-MMD/textual/SocialGood/SocialGood_search.csv,,2015-05-18,2015-05-24,False,2015-05-24,False
18842375a36c95a5,search,references/external/Time-MMD/textual/SocialGood/SocialGood_search.csv,,2015-05-25,2015-05-31,False,2015-05-31,False
d833708d4d37995b,search,references/external/Time-MMD/textual/SocialGood/SocialGood_search.csv,,2015-06-01,2015-06-07,False,2015-06-07,False
efbcaac835ada32a,search,references/external/Time-MMD/textual/SocialGood/SocialGood_search.csv,,2015-06-08,2015-06-14,False,2015-06-14,False
0f00a8ce2c5b08b0,search,references/external/Time-MMD/textual/SocialGood/SocialGood_search.csv,,2015-06-15,2015-06-21,False,2015-06-21,False
e506897e975f0915,search,references/external/Time-MMD/textual/SocialGood/SocialGood_search.csv,,2015-06-22,2015-06-28,False,2015-06-28,False
b638ab6cffd65927,search,references/external/Time-MMD/textual/SocialGood/SocialGood_search.csv,,2015-06-29,2015-07-05,False,2015-07-05,False
ea12e0cd924afd2b,search,references/external/Time-MMD/textual/SocialGood/SocialGood_search.csv,,2015-07-06,2015-07-12,False,2015-07-12,False
225bc9c25af48c2c,search,references/external/Time-MMD/textual/SocialGood/SocialGood_search.csv,,2015-07-13,2015-07-19,False,2015-07-19,False
366aaa4c9c4b9db1,search,references/external/Time-MMD/textual/SocialGood/SocialGood_search.csv,,2015-07-20,2015-07-26,False,2015-07-26,False
4b1742da09b4d7ec,search,references/external/Time-MMD/textual/SocialGood/SocialGood_search.csv,,2015-07-27,2015-08-02,False,2015-08-02,False
36097bdfb345ce1a,search,references/external/Time-MMD/textual/SocialGood/SocialGood_search.csv,,2015-08-03,2015-08-09,False,2015-08-09,False
c688520033ee2572,search,references/external/Time-MMD/textual/SocialGood/SocialGood_search.csv,,2015-08-10,2015-08-16,False,2015-08-16,False
b6ce60eb1f795ea0,search,references/external/Time-MMD/textual/SocialGood/SocialGood_search.csv,,2015-08-17,2015-08-23,False,2015-08-23,False
9b973ac85287dea0,search,references/external/Time-MMD/textual/SocialGood/SocialGood_search.csv,,2015-08-24,2015-08-30,False,2015-08-30,False
5ac43af7fc1c9b2b,search,references/external/Time-MMD/textual/SocialGood/SocialGood_search.csv,,2015-08-31,2015-09-06,False,2015-09-06,False
092bc3de0679fbb0,search,references/external/Time-MMD/textual/SocialGood/SocialGood_search.csv,,2015-09-07,2015-09-13,False,2015-09-13,False
9433f785bba1bed4,search,references/external/Time-MMD/textual/SocialGood/SocialGood_search.csv,,2015-09-14,2015-09-20,False,2015-09-20,False
63d21da1d426bb99,search,references/external/Time-MMD/textual/SocialGood/SocialGood_search.csv,,2015-09-21,2015-09-27,False,2015-09-27,False
aa39d9b8816caf29,search,references/external/Time-MMD/textual/SocialGood/SocialGood_search.csv,,2015-09-28,2015-10-04,False,2015-10-04,False
1e5460e2699035e7,search,references/external/Time-MMD/textual/SocialGood/SocialGood_search.csv,,2015-10-05,2015-10-11,False,2015-10-11,False
eed594864272a89b,search,references/external/Time-MMD/textual/SocialGood/SocialGood_search.csv,,2015-10-12,2015-10-18,False,2015-10-18,False
c0b30eb0e7d2cbcb,search,references/external/Time-MMD/textual/SocialGood/SocialGood_search.csv,,2015-10-19,2015-10-25,False,2015-10-25,False
5f0679c2d0a60b44,search,references/external/Time-MMD/textual/SocialGood/SocialGood_search.csv,,2015-10-26,2015-11-01,False,2015-11-01,False
f3d449f5c9ab6a37,search,references/external/Time-MMD/textual/SocialGood/SocialGood_search.csv,,2015-11-02,2015-11-08,False,2015-11-08,False
c58a43706a627d39,search,references/external/Time-MMD/textual/SocialGood/SocialGood_search.csv,,2015-11-09,2015-11-15,False,2015-11-15,False
7cb1a160dc570485,search,references/external/Time-MMD/textual/SocialGood/SocialGood_search.csv,,2015-11-16,2015-11-22,False,2015-11-22,False
fe5bbbad51c5fd9a,search,references/external/Time-MMD/textual/SocialGood/SocialGood_search.csv,,2015-11-23,2015-11-29,False,2015-11-29,False
7b4f4e4a01be6ede,search,references/external/Time-MMD/textual/SocialGood/SocialGood_search.csv,,2015-11-30,2015-12-06,False,2015-12-06,False
8a9b612ff1a3d1ee,search,references/external/Time-MMD/textual/SocialGood/SocialGood_search.csv,,2015-12-07,2015-12-13,False,2015-12-13,False
17d054698c63ef10,search,references/external/Time-MMD/textual/SocialGood/SocialGood_search.csv,,2015-12-14,2015-12-20,False,2015-12-20,False
4887e96e72a668ea,search,references/external/Time-MMD/textual/SocialGood/SocialGood_search.csv,,2015-12-21,2015-12-27,False,2015-12-27,False
16100fbe1e4ca187,search,references/external/Time-MMD/textual/SocialGood/SocialGood_search.csv,,2015-12-28,2016-01-03,False,2016-01-03,False
80fd9e083035f518,search,references/external/Time-MMD/textual/SocialGood/SocialGood_search.csv,,2016-01-04,2016-01-10,False,2016-01-10,False
02313190fa463271,search,references/external/Time-MMD/textual/SocialGood/SocialGood_search.csv,,2016-01-11,2016-01-17,False,2016-01-17,False
349beef6e65ebd3c,search,references/external/Time-MMD/textual/SocialGood/SocialGood_search.csv,,2016-01-18,2016-01-24,False,2016-01-24,False
39e975a0abda720d,search,references/external/Time-MMD/textual/SocialGood/SocialGood_search.csv,,2016-01-25,2016-01-31,False,2016-01-31,False
fee5723ebaea9d1a,search,references/external/Time-MMD/textual/SocialGood/SocialGood_search.csv,,2016-02-01,2016-02-07,False,2016-02-07,False
9680037f1f9a4c07,search,references/external/Time-MMD/textual/SocialGood/SocialGood_search.csv,,2016-02-08,2016-02-14,False,2016-02-14,False
bf7f902240693e7e,search,references/external/Time-MMD/textual/SocialGood/SocialGood_search.csv,,2016-02-15,2016-02-21,False,2016-02-21,False
6e045ba598842017,search,references/external/Time-MMD/textual/SocialGood/SocialGood_search.csv,,2016-02-22,2016-02-28,False,2016-02-28,False
009d9f6c1092a6ce,search,references/external/Time-MMD/textual/SocialGood/SocialGood_search.csv,,2016-02-29,2016-03-06,False,2016-03-06,False
530f5edd10078d2e,search,references/external/Time-MMD/textual/SocialGood/SocialGood_search.csv,,2016-03-07,2016-03-13,False,2016-03-13,False
a5e4e0b3edb5f122,search,references/external/Time-MMD/textual/SocialGood/SocialGood_search.csv,,2016-03-14,2016-03-20,False,2016-03-20,False
853c6359db72cba2,search,references/external/Time-MMD/textual/SocialGood/SocialGood_search.csv,,2016-03-21,2016-03-27,False,2016-03-27,False
b947a7c61aeaef9c,search,references/external/Time-MMD/textual/SocialGood/SocialGood_search.csv,,2016-03-28,2016-04-03,False,2016-04-03,False
79c6c6f4fcd57286,search,references/external/Time-MMD/textual/SocialGood/SocialGood_search.csv,,2016-04-04,2016-04-10,False,2016-04-10,False
ce26d1399378094e,search,references/external/Time-MMD/textual/SocialGood/SocialGood_search.csv,,2016-04-11,2016-04-17,False,2016-04-17,False
e05441408f580cab,search,references/external/Time-MMD/textual/SocialGood/SocialGood_search.csv,,2016-04-18,2016-04-24,False,2016-04-24,False
fa5f50c9e0131a56,search,references/external/Time-MMD/textual/SocialGood/SocialGood_search.csv,,2016-04-25,2016-05-01,False,2016-05-01,False
4d4e124a44dcd9a4,search,references/external/Time-MMD/textual/SocialGood/SocialGood_search.csv,,2016-05-02,2016-05-08,False,2016-05-08,False
5aea06d269338c86,search,references/external/Time-MMD/textual/SocialGood/SocialGood_search.csv,,2016-05-09,2016-05-15,False,2016-05-15,False
a70d42258e08ae14,search,references/external/Time-MMD/textual/SocialGood/SocialGood_search.csv,,2016-05-16,2016-05-22,False,2016-05-22,False
b4147e2fbd2df5f3,search,references/external/Time-MMD/textual/SocialGood/SocialGood_search.csv,,2016-05-23,2016-05-29,False,2016-05-29,False
07913da1b6da1583,search,references/external/Time-MMD/textual/SocialGood/SocialGood_search.csv,,2016-05-30,2016-06-05,False,2016-06-05,False
2cfee65dc52595af,search,references/external/Time-MMD/textual/SocialGood/SocialGood_search.csv,,2016-06-06,2016-06-12,False,2016-06-12,False
0e2885e60e70e72a,search,references/external/Time-MMD/textual/SocialGood/SocialGood_search.csv,,2016-06-13,2016-06-19,False,2016-06-19,False
7856e44cb32d5b66,search,references/external/Time-MMD/textual/SocialGood/SocialGood_search.csv,,2016-06-20,2016-06-26,False,2016-06-26,False
c225b11fc73a1c0a,search,references/external/Time-MMD/textual/SocialGood/SocialGood_search.csv,,2016-06-27,2016-07-03,False,2016-07-03,False
e35b38b0c1a0ab48,search,references/external/Time-MMD/textual/SocialGood/SocialGood_search.csv,,2016-07-04,2016-07-10,False,2016-07-10,False
82999e4506dbe826,search,references/external/Time-MMD/textual/SocialGood/SocialGood_search.csv,,2016-07-11,2016-07-17,False,2016-07-17,False
2460ca2dd4e63d88,search,references/external/Time-MMD/textual/SocialGood/SocialGood_search.csv,,2016-07-18,2016-07-24,False,2016-07-24,False
0fcf885076315177,search,references/external/Time-MMD/textual/SocialGood/SocialGood_search.csv,,2016-07-25,2016-07-31,False,2016-07-31,False
55a41b2ef90631e3,search,references/external/Time-MMD/textual/SocialGood/SocialGood_search.csv,,2016-08-01,2016-08-07,False,2016-08-07,False
a4e4abcf762494dc,search,references/external/Time-MMD/textual/SocialGood/SocialGood_search.csv,,2016-08-08,2016-08-14,False,2016-08-14,False
e4bbf265a04e0c9d,search,references/external/Time-MMD/textual/SocialGood/SocialGood_search.csv,,2016-08-15,2016-08-21,False,2016-08-21,False
00a657af4770b8f2,search,references/external/Time-MMD/textual/SocialGood/SocialGood_search.csv,,2016-08-22,2016-08-28,False,2016-08-28,False
5954f789a98724a8,search,references/external/Time-MMD/textual/SocialGood/SocialGood_search.csv,,2016-08-29,2016-09-04,False,2016-09-04,False
3414472aecdd27e3,search,references/external/Time-MMD/textual/SocialGood/SocialGood_search.csv,,2016-09-05,2016-09-11,False,2016-09-11,False
893e38275ee4085f,search,references/external/Time-MMD/textual/SocialGood/SocialGood_search.csv,,2016-09-12,2016-09-18,False,2016-09-18,False
3afa07d3abc4bb25,search,references/external/Time-MMD/textual/SocialGood/SocialGood_search.csv,,2016-09-19,2016-09-25,False,2016-09-25,False
cae2cc11ce73d443,search,references/external/Time-MMD/textual/SocialGood/SocialGood_search.csv,,2016-09-26,2016-10-02,False,2016-10-02,False
c473b93a2401badf,search,references/external/Time-MMD/textual/SocialGood/SocialGood_search.csv,,2016-10-03,2016-10-09,False,2016-10-09,False
188e8163cee2b8cf,search,references/external/Time-MMD/textual/SocialGood/SocialGood_search.csv,,2016-10-10,2016-10-16,False,2016-10-16,False
21d09fa4f3bd1119,search,references/external/Time-MMD/textual/SocialGood/SocialGood_search.csv,,2016-10-17,2016-10-23,False,2016-10-23,False
b8ab23e94e2f1780,search,references/external/Time-MMD/textual/SocialGood/SocialGood_search.csv,,2016-10-24,2016-10-30,False,2016-10-30,False
e8f8f67976614727,search,references/external/Time-MMD/textual/SocialGood/SocialGood_search.csv,,2016-10-31,2016-11-06,False,2016-11-06,False
31b9479989d1aa5d,search,references/external/Time-MMD/textual/SocialGood/SocialGood_search.csv,,2016-11-07,2016-11-13,False,2016-11-13,False
b54fcb57c224d5f1,search,references/external/Time-MMD/textual/SocialGood/SocialGood_search.csv,,2016-11-14,2016-11-20,False,2016-11-20,False
d3880044bd8f93fa,search,references/external/Time-MMD/textual/SocialGood/SocialGood_search.csv,,2016-11-21,2016-11-27,False,2016-11-27,False
109a467ac15e0a7f,search,references/external/Time-MMD/textual/SocialGood/SocialGood_search.csv,,2016-11-28,2016-12-04,False,2016-12-04,False
32c3229efc00d470,search,references/external/Time-MMD/textual/SocialGood/SocialGood_search.csv,,2016-12-05,2016-12-11,False,2016-12-11,False
a91f32684acda720,search,references/external/Time-MMD/textual/SocialGood/SocialGood_search.csv,,2016-12-12,2016-12-18,False,2016-12-18,False
836d59d4d6953626,search,references/external/Time-MMD/textual/SocialGood/SocialGood_search.csv,,2016-12-19,2016-12-25,False,2016-12-25,False
0220d60c099e67ca,search,references/external/Time-MMD/textual/SocialGood/SocialGood_search.csv,,2016-12-26,2017-01-01,False,2017-01-01,False
65d3779587bc63d1,search,references/external/Time-MMD/textual/SocialGood/SocialGood_search.csv,,2017-01-02,2017-01-08,False,2017-01-08,False
b686c5d76f937413,search,references/external/Time-MMD/textual/SocialGood/SocialGood_search.csv,,2017-01-09,2017-01-15,False,2017-01-15,False
17dae4557d402010,search,references/external/Time-MMD/textual/SocialGood/SocialGood_search.csv,,2017-01-16,2017-01-22,False,2017-01-22,False
b2236c8200e917b4,search,references/external/Time-MMD/textual/SocialGood/SocialGood_search.csv,,2017-01-23,2017-01-29,False,2017-01-29,False
258b2257952491a3,search,references/external/Time-MMD/textual/SocialGood/SocialGood_search.csv,,2017-01-30,2017-02-05,False,2017-02-05,False
96570fc9a4c3467c,search,references/external/Time-MMD/textual/SocialGood/SocialGood_search.csv,,2017-02-06,2017-02-12,False,2017-02-12,False
6130ccbbd0ae9735,search,references/external/Time-MMD/textual/SocialGood/SocialGood_search.csv,,2017-02-13,2017-02-19,False,2017-02-19,False
c005b07abd1ffeff,search,references/external/Time-MMD/textual/SocialGood/SocialGood_search.csv,,2017-02-20,2017-02-26,False,2017-02-26,False
cd8add908a4b7c94,search,references/external/Time-MMD/textual/SocialGood/SocialGood_search.csv,,2017-02-27,2017-03-05,False,2017-03-05,False
8f701ad935ecd2f0,search,references/external/Time-MMD/textual/SocialGood/SocialGood_search.csv,,2017-03-06,2017-03-12,False,2017-03-12,False
0ec221722252f87e,search,references/external/Time-MMD/textual/SocialGood/SocialGood_search.csv,,2017-03-13,2017-03-19,False,2017-03-19,False
858a4967c8edc6d2,search,references/external/Time-MMD/textual/SocialGood/SocialGood_search.csv,,2017-03-20,2017-03-26,False,2017-03-26,False
b184d38ab2d4bf0d,search,references/external/Time-MMD/textual/SocialGood/SocialGood_search.csv,,2017-03-27,2017-04-02,False,2017-04-02,False
fe82ad775c8cdbdf,search,references/external/Time-MMD/textual/SocialGood/SocialGood_search.csv,,2017-04-03,2017-04-09,False,2017-04-09,False
bd823db83c2264b2,search,references/external/Time-MMD/textual/SocialGood/SocialGood_search.csv,,2017-04-10,2017-04-16,False,2017-04-16,False
0a685ca13b8f293d,search,references/external/Time-MMD/textual/SocialGood/SocialGood_search.csv,,2017-04-17,2017-04-23,False,2017-04-23,False
c9320789fc1c72f8,search,references/external/Time-MMD/textual/SocialGood/SocialGood_search.csv,,2017-04-24,2017-04-30,False,2017-04-30,False
5c214d7b54a96c1d,search,references/external/Time-MMD/textual/SocialGood/SocialGood_search.csv,,2017-05-01,2017-05-07,False,2017-05-07,False
24f2fe056e4b73f3,search,references/external/Time-MMD/textual/SocialGood/SocialGood_search.csv,,2017-05-08,2017-05-14,False,2017-05-14,False
e88adb0fd11d0ae0,search,references/external/Time-MMD/textual/SocialGood/SocialGood_search.csv,,2017-05-15,2017-05-21,False,2017-05-21,False
d83a9c02386d26f9,search,references/external/Time-MMD/textual/SocialGood/SocialGood_search.csv,,2017-05-22,2017-05-28,False,2017-05-28,False
9a7524e7dab36362,search,references/external/Time-MMD/textual/SocialGood/SocialGood_search.csv,,2017-05-29,2017-06-04,False,2017-06-04,False
a3f1159aea5fc793,search,references/external/Time-MMD/textual/SocialGood/SocialGood_search.csv,,2017-06-05,2017-06-11,False,2017-06-11,False
a7512eabe3e5bfc7,search,references/external/Time-MMD/textual/SocialGood/SocialGood_search.csv,,2017-06-12,2017-06-18,False,2017-06-18,False
f2f9249a4dd61cb4,search,references/external/Time-MMD/textual/SocialGood/SocialGood_search.csv,,2017-06-19,2017-06-25,False,2017-06-25,False
e74dca08681d7192,search,references/external/Time-MMD/textual/SocialGood/SocialGood_search.csv,,2017-06-26,2017-07-02,False,2017-07-02,False
2967e7a686bd53c9,search,references/external/Time-MMD/textual/SocialGood/SocialGood_search.csv,,2017-07-03,2017-07-09,False,2017-07-09,False
5b69c1ebcdb772e2,search,references/external/Time-MMD/textual/SocialGood/SocialGood_search.csv,,2017-07-10,2017-07-16,False,2017-07-16,False
c3f2451a0b1ca173,search,references/external/Time-MMD/textual/SocialGood/SocialGood_search.csv,,2017-07-17,2017-07-23,False,2017-07-23,False
ec38e884a5b55a27,search,references/external/Time-MMD/textual/SocialGood/SocialGood_search.csv,,2017-07-24,2017-07-30,False,2017-07-30,False
23d47fc7005ace6b,search,references/external/Time-MMD/textual/SocialGood/SocialGood_search.csv,,2017-07-31,2017-08-06,False,2017-08-06,False
d6c90a4729eff616,search,references/external/Time-MMD/textual/SocialGood/SocialGood_search.csv,,2017-08-07,2017-08-13,False,2017-08-13,False
6741e7b693c2a8b7,search,references/external/Time-MMD/textual/SocialGood/SocialGood_search.csv,,2017-08-14,2017-08-20,False,2017-08-20,False
29c346bafaef64e1,search,references/external/Time-MMD/textual/SocialGood/SocialGood_search.csv,,2017-08-21,2017-08-27,False,2017-08-27,False
1aa89b4e15689e52,search,references/external/Time-MMD/textual/SocialGood/SocialGood_search.csv,,2017-08-28,2017-09-03,False,2017-09-03,False
2d4445f0149bcdd5,search,references/external/Time-MMD/textual/SocialGood/SocialGood_search.csv,,2017-09-04,2017-09-10,False,2017-09-10,False
a158a362bcd80fc2,search,references/external/Time-MMD/textual/SocialGood/SocialGood_search.csv,,2017-09-11,2017-09-17,False,2017-09-17,False
ba8ebc90a7fd5386,search,references/external/Time-MMD/textual/SocialGood/SocialGood_search.csv,,2017-09-18,2017-09-24,False,2017-09-24,False
92307c88d836a706,search,references/external/Time-MMD/textual/SocialGood/SocialGood_search.csv,,2017-09-25,2017-10-01,False,2017-10-01,False
4f64e344cd969452,search,references/external/Time-MMD/textual/SocialGood/SocialGood_search.csv,,2017-10-02,2017-10-08,False,2017-10-08,False
8d21922cc1afaeb0,search,references/external/Time-MMD/textual/SocialGood/SocialGood_search.csv,,2017-10-09,2017-10-15,False,2017-10-15,False
b684c578efe1c2a3,search,references/external/Time-MMD/textual/SocialGood/SocialGood_search.csv,,2017-10-16,2017-10-22,False,2017-10-22,False
32a6d691ab49fde0,search,references/external/Time-MMD/textual/SocialGood/SocialGood_search.csv,,2017-10-23,2017-10-29,False,2017-10-29,False
8e63f7dabef796d2,search,references/external/Time-MMD/textual/SocialGood/SocialGood_search.csv,,2017-10-30,2017-11-05,False,2017-11-05,False
33a23f59b8d20f8e,search,references/external/Time-MMD/textual/SocialGood/SocialGood_search.csv,,2017-11-06,2017-11-12,False,2017-11-12,False
a3c3f7032e341b1d,search,references/external/Time-MMD/textual/SocialGood/SocialGood_search.csv,,2017-11-13,2017-11-19,False,2017-11-19,False
8e137d7da479ffee,search,references/external/Time-MMD/textual/SocialGood/SocialGood_search.csv,,2017-11-20,2017-11-26,False,2017-11-26,False
0115f56a0e95da4c,search,references/external/Time-MMD/textual/SocialGood/SocialGood_search.csv,,2017-11-27,2017-12-03,False,2017-12-03,False
9c90a67d3fd7b6ca,search,references/external/Time-MMD/textual/SocialGood/SocialGood_search.csv,,2017-12-04,2017-12-10,False,2017-12-10,False
805c3fb7900a614a,search,references/external/Time-MMD/textual/SocialGood/SocialGood_search.csv,,2017-12-11,2017-12-17,False,2017-12-17,False
699dfde46b7ad2ee,search,references/external/Time-MMD/textual/SocialGood/SocialGood_search.csv,,2017-12-18,2017-12-24,False,2017-12-24,False
3b5fbc286821c676,search,references/external/Time-MMD/textual/SocialGood/SocialGood_search.csv,,2017-12-25,2017-12-31,False,2017-12-31,False
032e07b8e80b4d5f,search,references/external/Time-MMD/textual/SocialGood/SocialGood_search.csv,,2018-01-01,2018-01-07,False,2018-01-07,False
9f744da2e4588999,search,references/external/Time-MMD/textual/SocialGood/SocialGood_search.csv,,2018-01-08,2018-01-14,False,2018-01-14,False
42a313bd2653153f,search,references/external/Time-MMD/textual/SocialGood/SocialGood_search.csv,,2018-01-15,2018-01-21,False,2018-01-21,False
235af4338d5cb9d4,search,references/external/Time-MMD/textual/SocialGood/SocialGood_search.csv,,2018-01-22,2018-01-28,False,2018-01-28,False
2ab616ca152dae95,search,references/external/Time-MMD/textual/SocialGood/SocialGood_search.csv,,2018-01-29,2018-02-04,False,2018-02-04,False
18f8132f05290e36,search,references/external/Time-MMD/textual/SocialGood/SocialGood_search.csv,,2018-02-05,2018-02-11,False,2018-02-11,False
6a7c35e89a5dc446,search,references/external/Time-MMD/textual/SocialGood/SocialGood_search.csv,,2018-02-12,2018-02-18,False,2018-02-18,False
2d9b36875b62d21c,search,references/external/Time-MMD/textual/SocialGood/SocialGood_search.csv,,2018-02-19,2018-02-25,False,2018-02-25,False
771794b7198a6389,search,references/external/Time-MMD/textual/SocialGood/SocialGood_search.csv,,2018-02-26,2018-03-04,False,2018-03-04,False
67641bd5f743b436,search,references/external/Time-MMD/textual/SocialGood/SocialGood_search.csv,,2018-03-05,2018-03-11,False,2018-03-11,False
f9607bf826c601cc,search,references/external/Time-MMD/textual/SocialGood/SocialGood_search.csv,,2018-03-12,2018-03-18,False,2018-03-18,False
2f383e58a5454a6a,search,references/external/Time-MMD/textual/SocialGood/SocialGood_search.csv,,2018-03-19,2018-03-25,False,2018-03-25,False
b8f6e05b7d7fe43b,search,references/external/Time-MMD/textual/SocialGood/SocialGood_search.csv,,2018-03-26,2018-04-01,False,2018-04-01,False
8b6fdeb8787d0864,search,references/external/Time-MMD/textual/SocialGood/SocialGood_search.csv,,2018-04-02,2018-04-08,False,2018-04-08,False
33adc8bcd11241f1,search,references/external/Time-MMD/textual/SocialGood/SocialGood_search.csv,,2018-04-09,2018-04-15,False,2018-04-15,False
fff680b73e96deef,search,references/external/Time-MMD/textual/SocialGood/SocialGood_search.csv,,2018-04-16,2018-04-22,False,2018-04-22,False
94ad0b2026974a57,search,references/external/Time-MMD/textual/SocialGood/SocialGood_search.csv,,2018-04-23,2018-04-29,False,2018-04-29,False
0c2d90476576da39,search,references/external/Time-MMD/textual/SocialGood/SocialGood_search.csv,,2018-04-30,2018-05-06,False,2018-05-06,False
94493dd3fe52d502,search,references/external/Time-MMD/textual/SocialGood/SocialGood_search.csv,,2018-05-07,2018-05-13,False,2018-05-13,False
dd77884686cd54d8,search,references/external/Time-MMD/textual/SocialGood/SocialGood_search.csv,,2018-05-14,2018-05-20,False,2018-05-20,False
98be525d45afed7c,search,references/external/Time-MMD/textual/SocialGood/SocialGood_search.csv,,2018-05-21,2018-05-27,False,2018-05-27,False
a2dbac18f5a1dfca,search,references/external/Time-MMD/textual/SocialGood/SocialGood_search.csv,,2018-05-28,2018-06-03,False,2018-06-03,False
369a1bd0351e14f4,search,references/external/Time-MMD/textual/SocialGood/SocialGood_search.csv,,2018-06-04,2018-06-10,False,2018-06-10,False
521da1d2ba04ae36,search,references/external/Time-MMD/textual/SocialGood/SocialGood_search.csv,,2018-06-11,2018-06-17,False,2018-06-17,False
6bcaf0ec6adf0b2f,search,references/external/Time-MMD/textual/SocialGood/SocialGood_search.csv,,2018-06-18,2018-06-24,False,2018-06-24,False
ece21022ddf875f7,search,references/external/Time-MMD/textual/SocialGood/SocialGood_search.csv,,2018-06-25,2018-07-01,False,2018-07-01,False
a5aef88a09fb3ba5,search,references/external/Time-MMD/textual/SocialGood/SocialGood_search.csv,,2018-07-02,2018-07-08,False,2018-07-08,False
0ecf7afa5efdce6a,search,references/external/Time-MMD/textual/SocialGood/SocialGood_search.csv,,2018-07-09,2018-07-15,False,2018-07-15,False
2a98f7ffd7a0b283,search,references/external/Time-MMD/textual/SocialGood/SocialGood_search.csv,,2018-07-16,2018-07-22,False,2018-07-22,False
0d65ab47731083b9,search,references/external/Time-MMD/textual/SocialGood/SocialGood_search.csv,,2018-07-23,2018-07-29,False,2018-07-29,False
2dbd7f8367dd92c2,search,references/external/Time-MMD/textual/SocialGood/SocialGood_search.csv,,2018-07-30,2018-08-05,False,2018-08-05,False
cedf9bc4b644be0c,search,references/external/Time-MMD/textual/SocialGood/SocialGood_search.csv,,2018-08-06,2018-08-12,False,2018-08-12,False
94632d82c1887308,search,references/external/Time-MMD/textual/SocialGood/SocialGood_search.csv,,2018-08-13,2018-08-19,False,2018-08-19,False
6d8f70e3febc5913,search,references/external/Time-MMD/textual/SocialGood/SocialGood_search.csv,,2018-08-20,2018-08-26,False,2018-08-26,False
b03ee93e6d92898a,search,references/external/Time-MMD/textual/SocialGood/SocialGood_search.csv,,2018-08-27,2018-09-02,False,2018-09-02,False
841e260204dec15b,search,references/external/Time-MMD/textual/SocialGood/SocialGood_search.csv,,2018-09-03,2018-09-09,False,2018-09-09,False
e7c15514de21acd6,search,references/external/Time-MMD/textual/SocialGood/SocialGood_search.csv,,2018-09-10,2018-09-16,False,2018-09-16,False
07895c19317adf70,search,references/external/Time-MMD/textual/SocialGood/SocialGood_search.csv,,2018-09-17,2018-09-23,False,2018-09-23,False
b1f4b2da5b6ee58d,search,references/external/Time-MMD/textual/SocialGood/SocialGood_search.csv,,2018-09-24,2018-09-30,False,2018-09-30,False
dbc40b021d641816,search,references/external/Time-MMD/textual/SocialGood/SocialGood_search.csv,,2018-10-01,2018-10-07,False,2018-10-07,False
43d3318494a2a270,search,references/external/Time-MMD/textual/SocialGood/SocialGood_search.csv,,2018-10-08,2018-10-14,False,2018-10-14,False
eb72da14143eff28,search,references/external/Time-MMD/textual/SocialGood/SocialGood_search.csv,,2018-10-15,2018-10-21,False,2018-10-21,False
6786b62edbd08e08,search,references/external/Time-MMD/textual/SocialGood/SocialGood_search.csv,,2018-10-22,2018-10-28,False,2018-10-28,False
75e2539e2705ca99,search,references/external/Time-MMD/textual/SocialGood/SocialGood_search.csv,,2018-10-29,2018-11-04,False,2018-11-04,False
4d3662c75b5a4e02,search,references/external/Time-MMD/textual/SocialGood/SocialGood_search.csv,,2018-11-05,2018-11-11,False,2018-11-11,False
dbb07e078f2723d4,search,references/external/Time-MMD/textual/SocialGood/SocialGood_search.csv,,2018-11-12,2018-11-18,False,2018-11-18,False
38744aea26f17663,search,references/external/Time-MMD/textual/SocialGood/SocialGood_search.csv,,2018-11-19,2018-11-25,False,2018-11-25,False
8d8447eabc78fbd5,search,references/external/Time-MMD/textual/SocialGood/SocialGood_search.csv,,2018-11-26,2018-12-02,False,2018-12-02,False
847c4bc95eafad0b,search,references/external/Time-MMD/textual/SocialGood/SocialGood_search.csv,,2018-12-03,2018-12-09,False,2018-12-09,False
9937ac9207e538e1,search,references/external/Time-MMD/textual/SocialGood/SocialGood_search.csv,,2018-12-10,2018-12-16,False,2018-12-16,False
388bfd56f7b6a1ae,search,references/external/Time-MMD/textual/SocialGood/SocialGood_search.csv,,2018-12-17,2018-12-23,False,2018-12-23,False
675e643c2adac15f,search,references/external/Time-MMD/textual/SocialGood/SocialGood_search.csv,,2018-12-24,2018-12-30,False,2018-12-30,False
32db28f856fb6812,search,references/external/Time-MMD/textual/SocialGood/SocialGood_search.csv,,2018-12-31,2019-01-06,False,2019-01-06,False
4e1cdfec80a8322c,search,references/external/Time-MMD/textual/SocialGood/SocialGood_search.csv,,2019-01-07,2019-01-13,False,2019-01-13,False
f50769843ff9ff09,search,references/external/Time-MMD/textual/SocialGood/SocialGood_search.csv,,2019-01-14,2019-01-20,False,2019-01-20,False
039410687c2775fb,search,references/external/Time-MMD/textual/SocialGood/SocialGood_search.csv,,2019-01-21,2019-01-27,False,2019-01-27,False
f27a8c8637fe9807,search,references/external/Time-MMD/textual/SocialGood/SocialGood_search.csv,,2019-01-28,2019-02-03,False,2019-02-03,False
af2390df63e8d62f,search,references/external/Time-MMD/textual/SocialGood/SocialGood_search.csv,,2019-02-04,2019-02-10,False,2019-02-10,False
85e2d64be5956dc7,search,references/external/Time-MMD/textual/SocialGood/SocialGood_search.csv,,2019-02-11,2019-02-17,False,2019-02-17,False
18fb8d6bca9a8f7d,search,references/external/Time-MMD/textual/SocialGood/SocialGood_search.csv,,2019-02-18,2019-02-24,False,2019-02-24,False
8ae4293ef571f07f,search,references/external/Time-MMD/textual/SocialGood/SocialGood_search.csv,,2019-02-25,2019-03-03,False,2019-03-03,False
4540019d1b1f78cb,search,references/external/Time-MMD/textual/SocialGood/SocialGood_search.csv,,2019-03-04,2019-03-10,False,2019-03-10,False
24169bf28f56f831,search,references/external/Time-MMD/textual/SocialGood/SocialGood_search.csv,,2019-03-11,2019-03-17,False,2019-03-17,False
5b3ed5b070089246,search,references/external/Time-MMD/textual/SocialGood/SocialGood_search.csv,,2019-03-18,2019-03-24,False,2019-03-24,False
67e67501fa0e31e0,search,references/external/Time-MMD/textual/SocialGood/SocialGood_search.csv,,2019-03-25,2019-03-31,False,2019-03-31,False
17d5f75cf9ce5e15,search,references/external/Time-MMD/textual/SocialGood/SocialGood_search.csv,,2019-04-01,2019-04-07,False,2019-04-07,False
96c94052f8f88401,search,references/external/Time-MMD/textual/SocialGood/SocialGood_search.csv,,2019-04-08,2019-04-14,False,2019-04-14,False
8f9f57f6af318947,search,references/external/Time-MMD/textual/SocialGood/SocialGood_search.csv,,2019-04-15,2019-04-21,False,2019-04-21,False
cde3ea37001a9965,search,references/external/Time-MMD/textual/SocialGood/SocialGood_search.csv,,2019-04-22,2019-04-28,False,2019-04-28,False
931dfb2f9ab90e66,search,references/external/Time-MMD/textual/SocialGood/SocialGood_search.csv,,2019-04-29,2019-05-05,False,2019-05-05,False
08eb9e146dc42dd3,search,references/external/Time-MMD/textual/SocialGood/SocialGood_search.csv,,2019-05-06,2019-05-12,False,2019-05-12,False
faed6d061b4c1a9b,search,references/external/Time-MMD/textual/SocialGood/SocialGood_search.csv,,2019-05-13,2019-05-19,False,2019-05-19,False
8a9ed0ca76f6f141,search,references/external/Time-MMD/textual/SocialGood/SocialGood_search.csv,,2019-05-20,2019-05-26,False,2019-05-26,False
dfe7ece4d0beff74,search,references/external/Time-MMD/textual/SocialGood/SocialGood_search.csv,,2019-05-27,2019-06-02,False,2019-06-02,False
b617aa2fdd36d44c,search,references/external/Time-MMD/textual/SocialGood/SocialGood_search.csv,,2019-06-03,2019-06-09,False,2019-06-09,False
0cd007155b8fbf43,search,references/external/Time-MMD/textual/SocialGood/SocialGood_search.csv,,2019-06-10,2019-06-16,False,2019-06-16,False
fd5a2d1bdee7150d,search,references/external/Time-MMD/textual/SocialGood/SocialGood_search.csv,,2019-06-17,2019-06-23,False,2019-06-23,False
43686654408eed2e,search,references/external/Time-MMD/textual/SocialGood/SocialGood_search.csv,,2019-06-24,2019-06-30,False,2019-06-30,False
feb6a4499b4940a1,search,references/external/Time-MMD/textual/SocialGood/SocialGood_search.csv,,2019-07-01,2019-07-07,False,2019-07-07,False
6e57593997e65589,search,references/external/Time-MMD/textual/SocialGood/SocialGood_search.csv,,2019-07-08,2019-07-14,False,2019-07-14,False
233b02afc4a71800,search,references/external/Time-MMD/textual/SocialGood/SocialGood_search.csv,,2019-07-15,2019-07-21,False,2019-07-21,False
976ec368392be597,search,references/external/Time-MMD/textual/SocialGood/SocialGood_search.csv,,2019-07-22,2019-07-28,False,2019-07-28,False
ca8c4a6b6fa1b3b6,search,references/external/Time-MMD/textual/SocialGood/SocialGood_search.csv,,2019-07-29,2019-08-04,False,2019-08-04,False
d6e3c61794772c70,search,references/external/Time-MMD/textual/SocialGood/SocialGood_search.csv,,2019-08-05,2019-08-11,False,2019-08-11,False
b4393969d3ade717,search,references/external/Time-MMD/textual/SocialGood/SocialGood_search.csv,,2019-08-12,2019-08-18,False,2019-08-18,False
9e16a0e2c2f608cd,search,references/external/Time-MMD/textual/SocialGood/SocialGood_search.csv,,2019-08-19,2019-08-25,False,2019-08-25,False
8ce8aa948f678216,search,references/external/Time-MMD/textual/SocialGood/SocialGood_search.csv,,2019-08-26,2019-09-01,False,2019-09-01,False
b4e0654df70f3441,search,references/external/Time-MMD/textual/SocialGood/SocialGood_search.csv,,2019-09-02,2019-09-08,False,2019-09-08,False
1356be798e473a64,search,references/external/Time-MMD/textual/SocialGood/SocialGood_search.csv,,2019-09-09,2019-09-15,False,2019-09-15,False
3b11e6a30d13b2fa,search,references/external/Time-MMD/textual/SocialGood/SocialGood_search.csv,,2019-09-16,2019-09-22,False,2019-09-22,False
7c724789ed5856c6,search,references/external/Time-MMD/textual/SocialGood/SocialGood_search.csv,,2019-09-23,2019-09-29,False,2019-09-29,False
4df970dd67d482c4,search,references/external/Time-MMD/textual/SocialGood/SocialGood_search.csv,,2019-09-30,2019-10-06,False,2019-10-06,False
55d1e0a5d0c17831,search,references/external/Time-MMD/textual/SocialGood/SocialGood_search.csv,,2019-10-07,2019-10-13,False,2019-10-13,False
15df76e75aacb09a,search,references/external/Time-MMD/textual/SocialGood/SocialGood_search.csv,,2019-10-14,2019-10-20,False,2019-10-20,False
2932de0fbf9e6b49,search,references/external/Time-MMD/textual/SocialGood/SocialGood_search.csv,,2019-10-21,2019-10-27,False,2019-10-27,False
919c7c24e64f05af,search,references/external/Time-MMD/textual/SocialGood/SocialGood_search.csv,,2019-10-28,2019-11-03,False,2019-11-03,False
d587bf33f1961587,search,references/external/Time-MMD/textual/SocialGood/SocialGood_search.csv,,2019-11-04,2019-11-10,False,2019-11-10,False
6a4cdb76f1a2f0a7,search,references/external/Time-MMD/textual/SocialGood/SocialGood_search.csv,,2019-11-11,2019-11-17,False,2019-11-17,False
cd0d668453490384,search,references/external/Time-MMD/textual/SocialGood/SocialGood_search.csv,,2019-11-18,2019-11-24,False,2019-11-24,False
54e6f0344f9019fc,search,references/external/Time-MMD/textual/SocialGood/SocialGood_search.csv,,2019-11-25,2019-12-01,False,2019-12-01,False
d660eabeef776bbd,search,references/external/Time-MMD/textual/SocialGood/SocialGood_search.csv,,2019-12-02,2019-12-08,False,2019-12-08,False
9ff2738448a2b05a,search,references/external/Time-MMD/textual/SocialGood/SocialGood_search.csv,,2019-12-09,2019-12-15,False,2019-12-15,False
9cb3434acb013c54,search,references/external/Time-MMD/textual/SocialGood/SocialGood_search.csv,,2019-12-16,2019-12-22,False,2019-12-22,False
76110eebc2784abc,search,references/external/Time-MMD/textual/SocialGood/SocialGood_search.csv,,2019-12-23,2019-12-29,False,2019-12-29,False
0446ead95aa656b6,search,references/external/Time-MMD/textual/SocialGood/SocialGood_search.csv,,2019-12-30,2020-01-05,False,2020-01-05,False
446ecc7965fef76a,search,references/external/Time-MMD/textual/SocialGood/SocialGood_search.csv,,2020-01-06,2020-01-12,False,2020-01-12,False
33e11a96585175b5,search,references/external/Time-MMD/textual/SocialGood/SocialGood_search.csv,,2020-01-13,2020-01-19,False,2020-01-19,False
229c5639452704a9,search,references/external/Time-MMD/textual/SocialGood/SocialGood_search.csv,,2020-01-20,2020-01-26,False,2020-01-26,False
c4da96085fe07fec,search,references/external/Time-MMD/textual/SocialGood/SocialGood_search.csv,,2020-01-27,2020-02-02,False,2020-02-02,False
aa457fec68d99639,search,references/external/Time-MMD/textual/SocialGood/SocialGood_search.csv,,2020-02-03,2020-02-09,False,2020-02-09,False
d53c8b6b6f455eeb,search,references/external/Time-MMD/textual/SocialGood/SocialGood_search.csv,,2020-02-10,2020-02-16,False,2020-02-16,False
dc67875f91ceb70e,search,references/external/Time-MMD/textual/SocialGood/SocialGood_search.csv,,2020-02-17,2020-02-23,False,2020-02-23,False
2086a0d7f2c30d63,search,references/external/Time-MMD/textual/SocialGood/SocialGood_search.csv,,2020-02-24,2020-03-01,False,2020-03-01,False
70bdbc35f1238954,search,references/external/Time-MMD/textual/SocialGood/SocialGood_search.csv,,2020-03-02,2020-03-08,False,2020-03-08,False
e08d32aad85e4721,search,references/external/Time-MMD/textual/SocialGood/SocialGood_search.csv,,2020-03-09,2020-03-15,False,2020-03-15,False
60d8aae6b404e1db,search,references/external/Time-MMD/textual/SocialGood/SocialGood_search.csv,,2020-03-16,2020-03-22,False,2020-03-22,False
5e4597e68e59e300,search,references/external/Time-MMD/textual/SocialGood/SocialGood_search.csv,,2020-03-23,2020-03-29,False,2020-03-29,False
aedfb62eb9f1a0f1,search,references/external/Time-MMD/textual/SocialGood/SocialGood_search.csv,,2020-03-30,2020-04-05,False,2020-04-05,False
2a5fbdf80f16bf31,search,references/external/Time-MMD/textual/SocialGood/SocialGood_search.csv,,2020-04-06,2020-04-12,False,2020-04-12,False
d8f1cfd03439232b,search,references/external/Time-MMD/textual/SocialGood/SocialGood_search.csv,,2020-04-13,2020-04-19,False,2020-04-19,False
68f490acdadeb147,search,references/external/Time-MMD/textual/SocialGood/SocialGood_search.csv,,2020-04-20,2020-04-26,False,2020-04-26,False
6a9d89efb182726c,search,references/external/Time-MMD/textual/SocialGood/SocialGood_search.csv,,2020-04-27,2020-05-03,False,2020-05-03,False
73aef48a2b5c6291,search,references/external/Time-MMD/textual/SocialGood/SocialGood_search.csv,,2020-05-04,2020-05-10,False,2020-05-10,False
218b21f3a39e9d31,search,references/external/Time-MMD/textual/SocialGood/SocialGood_search.csv,,2020-05-11,2020-05-17,False,2020-05-17,False
f0fab8088c7771f4,search,references/external/Time-MMD/textual/SocialGood/SocialGood_search.csv,,2020-05-18,2020-05-24,False,2020-05-24,False
86c7ddf99e25ef33,search,references/external/Time-MMD/textual/SocialGood/SocialGood_search.csv,,2020-05-25,2020-05-31,False,2020-05-31,False
30a36b2063ddd9b6,search,references/external/Time-MMD/textual/SocialGood/SocialGood_search.csv,,2020-06-01,2020-06-07,False,2020-06-07,False
be7a0ee579230407,search,references/external/Time-MMD/textual/SocialGood/SocialGood_search.csv,,2020-06-08,2020-06-14,False,2020-06-14,False
4b0fbe86fff48603,search,references/external/Time-MMD/textual/SocialGood/SocialGood_search.csv,,2020-06-15,2020-06-21,False,2020-06-21,False
cf20e6d899bfc72d,search,references/external/Time-MMD/textual/SocialGood/SocialGood_search.csv,,2020-06-22,2020-06-28,False,2020-06-28,False
689cca13ac9084eb,search,references/external/Time-MMD/textual/SocialGood/SocialGood_search.csv,,2020-06-29,2020-07-05,False,2020-07-05,False
c5a34e87aca9e57b,search,references/external/Time-MMD/textual/SocialGood/SocialGood_search.csv,,2020-07-06,2020-07-12,False,2020-07-12,False
40efbc7e6e5510a5,search,references/external/Time-MMD/textual/SocialGood/SocialGood_search.csv,,2020-07-13,2020-07-19,False,2020-07-19,False
d45ad9764725453b,search,references/external/Time-MMD/textual/SocialGood/SocialGood_search.csv,,2020-07-20,2020-07-26,False,2020-07-26,False
f2e06cbd7d4f7249,search,references/external/Time-MMD/textual/SocialGood/SocialGood_search.csv,,2020-07-27,2020-08-02,False,2020-08-02,False
efe4dba648fbae1e,search,references/external/Time-MMD/textual/SocialGood/SocialGood_search.csv,,2020-08-03,2020-08-09,False,2020-08-09,False
43626faf3a885c51,search,references/external/Time-MMD/textual/SocialGood/SocialGood_search.csv,,2020-08-10,2020-08-16,False,2020-08-16,False
4d585df6198e0bd2,search,references/external/Time-MMD/textual/SocialGood/SocialGood_search.csv,,2020-08-17,2020-08-23,False,2020-08-23,False
00eab348855eb6e3,search,references/external/Time-MMD/textual/SocialGood/SocialGood_search.csv,,2020-08-24,2020-08-30,False,2020-08-30,False
902e9fecec02d330,search,references/external/Time-MMD/textual/SocialGood/SocialGood_search.csv,,2020-08-31,2020-09-06,False,2020-09-06,False
f64003368d359119,search,references/external/Time-MMD/textual/SocialGood/SocialGood_search.csv,,2020-09-07,2020-09-13,False,2020-09-13,False
037bd2b6871a60d0,search,references/external/Time-MMD/textual/SocialGood/SocialGood_search.csv,,2020-09-14,2020-09-20,False,2020-09-20,False
bb5ec0809ccaf7ba,search,references/external/Time-MMD/textual/SocialGood/SocialGood_search.csv,,2020-09-21,2020-09-27,False,2020-09-27,False
0796ec8c84125932,search,references/external/Time-MMD/textual/SocialGood/SocialGood_search.csv,,2020-09-28,2020-10-04,False,2020-10-04,False
313f3790ce1a6cbd,search,references/external/Time-MMD/textual/SocialGood/SocialGood_search.csv,,2020-10-05,2020-10-11,False,2020-10-11,False
ef75103479fba645,search,references/external/Time-MMD/textual/SocialGood/SocialGood_search.csv,,2020-10-12,2020-10-18,False,2020-10-18,False
d75165fa3410eb90,search,references/external/Time-MMD/textual/SocialGood/SocialGood_search.csv,,2020-10-19,2020-10-25,False,2020-10-25,False
b84cc717b2eb5e81,search,references/external/Time-MMD/textual/SocialGood/SocialGood_search.csv,,2020-10-26,2020-11-01,False,2020-11-01,False
340bc3d01c270160,search,references/external/Time-MMD/textual/SocialGood/SocialGood_search.csv,,2020-11-02,2020-11-08,False,2020-11-08,False
637f7749d59d9d78,search,references/external/Time-MMD/textual/SocialGood/SocialGood_search.csv,,2020-11-09,2020-11-15,False,2020-11-15,False
591f1b8c9b0fb592,search,references/external/Time-MMD/textual/SocialGood/SocialGood_search.csv,,2020-11-16,2020-11-22,False,2020-11-22,False
640ed2108351c82e,search,references/external/Time-MMD/textual/SocialGood/SocialGood_search.csv,,2020-11-23,2020-11-29,False,2020-11-29,False
e74c5e41843c6612,search,references/external/Time-MMD/textual/SocialGood/SocialGood_search.csv,,2020-11-30,2020-12-06,False,2020-12-06,False
773af5825f37d9a0,search,references/external/Time-MMD/textual/SocialGood/SocialGood_search.csv,,2020-12-07,2020-12-13,False,2020-12-13,False
c6a08419e4a475b1,search,references/external/Time-MMD/textual/SocialGood/SocialGood_search.csv,,2020-12-14,2020-12-20,False,2020-12-20,False
78132f03e95c3599,search,references/external/Time-MMD/textual/SocialGood/SocialGood_search.csv,,2020-12-21,2020-12-27,False,2020-12-27,False
d7924ea3b7e95724,search,references/external/Time-MMD/textual/SocialGood/SocialGood_search.csv,,2020-12-28,2021-01-03,False,2021-01-03,False
be14937401a8592b,search,references/external/Time-MMD/textual/SocialGood/SocialGood_search.csv,,2021-01-04,2021-01-10,False,2021-01-10,False
aae78dd4e99b8113,search,references/external/Time-MMD/textual/SocialGood/SocialGood_search.csv,,2021-01-11,2021-01-17,False,2021-01-17,False
e521d3813f803154,search,references/external/Time-MMD/textual/SocialGood/SocialGood_search.csv,,2021-01-18,2021-01-24,False,2021-01-24,False
ede21d63d5d122e2,search,references/external/Time-MMD/textual/SocialGood/SocialGood_search.csv,,2021-01-25,2021-01-31,False,2021-01-31,False
bed8d6b8b16f4813,search,references/external/Time-MMD/textual/SocialGood/SocialGood_search.csv,,2021-02-01,2021-02-07,False,2021-02-07,False
473f478924f1373e,search,references/external/Time-MMD/textual/SocialGood/SocialGood_search.csv,,2021-02-08,2021-02-14,False,2021-02-14,False
eecb984d35e352aa,search,references/external/Time-MMD/textual/SocialGood/SocialGood_search.csv,,2021-02-15,2021-02-21,False,2021-02-21,False
194f040b86f8fc38,search,references/external/Time-MMD/textual/SocialGood/SocialGood_search.csv,,2021-02-22,2021-02-28,False,2021-02-28,False
a533ce2e95900b12,search,references/external/Time-MMD/textual/SocialGood/SocialGood_search.csv,,2021-03-01,2021-03-07,False,2021-03-07,False
21bb04924cae11cb,search,references/external/Time-MMD/textual/SocialGood/SocialGood_search.csv,,2021-03-08,2021-03-14,False,2021-03-14,False
fd5f420675a86cbb,search,references/external/Time-MMD/textual/SocialGood/SocialGood_search.csv,,2021-03-15,2021-03-21,False,2021-03-21,False
d3c0acf3458a50c3,search,references/external/Time-MMD/textual/SocialGood/SocialGood_search.csv,,2021-03-22,2021-03-28,False,2021-03-28,False
05928cb76295f9d5,search,references/external/Time-MMD/textual/SocialGood/SocialGood_search.csv,,2021-03-29,2021-04-04,False,2021-04-04,False
20bd45511e7b2207,search,references/external/Time-MMD/textual/SocialGood/SocialGood_search.csv,,2021-04-05,2021-04-11,False,2021-04-11,False
082c0851293afcf7,search,references/external/Time-MMD/textual/SocialGood/SocialGood_search.csv,,2021-04-12,2021-04-18,False,2021-04-18,False
686b956d0d458313,search,references/external/Time-MMD/textual/SocialGood/SocialGood_search.csv,,2021-04-19,2021-04-25,False,2021-04-25,False
a23b192c9f3bbe5a,search,references/external/Time-MMD/textual/SocialGood/SocialGood_search.csv,,2021-04-26,2021-05-02,False,2021-05-02,False
1d14e9609a294f9c,search,references/external/Time-MMD/textual/SocialGood/SocialGood_search.csv,,2021-05-03,2021-05-09,False,2021-05-09,False
8c7b2a65ae683505,search,references/external/Time-MMD/textual/SocialGood/SocialGood_search.csv,,2021-05-10,2021-05-16,False,2021-05-16,False
8d759f370398b634,search,references/external/Time-MMD/textual/SocialGood/SocialGood_search.csv,,2021-05-17,2021-05-23,False,2021-05-23,False
7b01329a4a55e555,search,references/external/Time-MMD/textual/SocialGood/SocialGood_search.csv,,2021-05-24,2021-05-30,False,2021-05-30,False
a1772889cca1011c,search,references/external/Time-MMD/textual/SocialGood/SocialGood_search.csv,,2021-05-31,2021-06-06,False,2021-06-06,False
63266f7020f94858,search,references/external/Time-MMD/textual/SocialGood/SocialGood_search.csv,,2021-06-07,2021-06-13,False,2021-06-13,False
e3c4bd2998ac00b9,search,references/external/Time-MMD/textual/SocialGood/SocialGood_search.csv,,2021-06-14,2021-06-20,False,2021-06-20,False
0838d821f2327ac1,search,references/external/Time-MMD/textual/SocialGood/SocialGood_search.csv,,2021-06-21,2021-06-27,False,2021-06-27,False
690bc2f996ee94cc,search,references/external/Time-MMD/textual/SocialGood/SocialGood_search.csv,,2021-06-28,2021-07-04,False,2021-07-04,False
8ed0cb5d5b6adb87,search,references/external/Time-MMD/textual/SocialGood/SocialGood_search.csv,,2021-07-05,2021-07-11,False,2021-07-11,False
9de8df8fb2a1fce6,search,references/external/Time-MMD/textual/SocialGood/SocialGood_search.csv,,2021-07-12,2021-07-18,False,2021-07-18,False
721d8fe6ab4ea611,search,references/external/Time-MMD/textual/SocialGood/SocialGood_search.csv,,2021-07-19,2021-07-25,False,2021-07-25,False
62b42da5cbb76da1,search,references/external/Time-MMD/textual/SocialGood/SocialGood_search.csv,,2021-07-26,2021-08-01,False,2021-08-01,False
88652cca3e4cc7ac,search,references/external/Time-MMD/textual/SocialGood/SocialGood_search.csv,,2021-08-02,2021-08-08,False,2021-08-08,False
410445fffe00e6a4,search,references/external/Time-MMD/textual/SocialGood/SocialGood_search.csv,,2021-08-09,2021-08-15,False,2021-08-15,False
e1ab4a58c72b8379,search,references/external/Time-MMD/textual/SocialGood/SocialGood_search.csv,,2021-08-16,2021-08-22,False,2021-08-22,False
3a3234cae1bfb0ba,search,references/external/Time-MMD/textual/SocialGood/SocialGood_search.csv,,2021-08-23,2021-08-29,False,2021-08-29,False
c9f7715a2e51421d,search,references/external/Time-MMD/textual/SocialGood/SocialGood_search.csv,,2021-08-30,2021-09-05,False,2021-09-05,False
b9d89943c30629d7,search,references/external/Time-MMD/textual/SocialGood/SocialGood_search.csv,,2021-09-06,2021-09-12,False,2021-09-12,False
877b9fc747725f5e,search,references/external/Time-MMD/textual/SocialGood/SocialGood_search.csv,,2021-09-13,2021-09-19,False,2021-09-19,False
00b61adb34091161,search,references/external/Time-MMD/textual/SocialGood/SocialGood_search.csv,,2021-09-20,2021-09-26,False,2021-09-26,False
d6ce36a3cf2835b6,search,references/external/Time-MMD/textual/SocialGood/SocialGood_search.csv,,2021-09-27,2021-10-03,False,2021-10-03,False
f10c91a06922ef79,search,references/external/Time-MMD/textual/SocialGood/SocialGood_search.csv,,2021-10-04,2021-10-10,False,2021-10-10,False
edff55cc144b30fd,search,references/external/Time-MMD/textual/SocialGood/SocialGood_search.csv,,2021-10-11,2021-10-17,False,2021-10-17,False
009b0a2f428dbd46,search,references/external/Time-MMD/textual/SocialGood/SocialGood_search.csv,,2021-10-18,2021-10-24,False,2021-10-24,False
4c814b94ca14f7af,search,references/external/Time-MMD/textual/SocialGood/SocialGood_search.csv,,2021-10-25,2021-10-31,False,2021-10-31,False
4ee0d0682f73eeb9,search,references/external/Time-MMD/textual/SocialGood/SocialGood_search.csv,,2021-11-01,2021-11-07,False,2021-11-07,False
79a769543c7ea6fe,search,references/external/Time-MMD/textual/SocialGood/SocialGood_search.csv,,2021-11-08,2021-11-14,False,2021-11-14,False
6610e829f92e8161,search,references/external/Time-MMD/textual/SocialGood/SocialGood_search.csv,,2021-11-15,2021-11-21,False,2021-11-21,False
387871f7a44f27d8,search,references/external/Time-MMD/textual/SocialGood/SocialGood_search.csv,,2021-11-22,2021-11-28,False,2021-11-28,False
09bd3e5155dd40ac,search,references/external/Time-MMD/textual/SocialGood/SocialGood_search.csv,,2021-11-29,2021-12-05,False,2021-12-05,False
b867257698c8a43c,search,references/external/Time-MMD/textual/SocialGood/SocialGood_search.csv,,2021-12-06,2021-12-12,False,2021-12-12,False
553a2f26151fe9f7,search,references/external/Time-MMD/textual/SocialGood/SocialGood_search.csv,,2021-12-13,2021-12-19,False,2021-12-19,False
2c4a3cba61d06846,search,references/external/Time-MMD/textual/SocialGood/SocialGood_search.csv,,2021-12-20,2021-12-26,False,2021-12-26,False
48e82536662e09d1,search,references/external/Time-MMD/textual/SocialGood/SocialGood_search.csv,,2021-12-27,2022-01-02,False,2022-01-02,False
f76020f4c5d681d4,search,references/external/Time-MMD/textual/SocialGood/SocialGood_search.csv,,2022-01-03,2022-01-09,False,2022-01-09,False
33b67d6eef406eb0,search,references/external/Time-MMD/textual/SocialGood/SocialGood_search.csv,,2022-01-10,2022-01-16,False,2022-01-16,False
13a1a73e7b258b24,search,references/external/Time-MMD/textual/SocialGood/SocialGood_search.csv,,2022-01-17,2022-01-23,False,2022-01-23,False
afed2ce3ffffffc9,search,references/external/Time-MMD/textual/SocialGood/SocialGood_search.csv,,2022-01-24,2022-01-30,False,2022-01-30,False
09c4f96fea6476f9,search,references/external/Time-MMD/textual/SocialGood/SocialGood_search.csv,,2022-01-31,2022-02-06,False,2022-02-06,False
1b97d92580443e09,search,references/external/Time-MMD/textual/SocialGood/SocialGood_search.csv,,2022-02-07,2022-02-13,False,2022-02-13,False
c9578165dc3f283e,search,references/external/Time-MMD/textual/SocialGood/SocialGood_search.csv,,2022-02-14,2022-02-20,False,2022-02-20,False
b8ee7f06f2ea9210,search,references/external/Time-MMD/textual/SocialGood/SocialGood_search.csv,,2022-02-21,2022-02-27,False,2022-02-27,False
e338df004ecb1387,search,references/external/Time-MMD/textual/SocialGood/SocialGood_search.csv,,2022-02-28,2022-03-06,False,2022-03-06,False
849745edf2d5b9e2,search,references/external/Time-MMD/textual/SocialGood/SocialGood_search.csv,,2022-03-07,2022-03-13,False,2022-03-13,False
402e5dcc8d33aab0,search,references/external/Time-MMD/textual/SocialGood/SocialGood_search.csv,,2022-03-14,2022-03-20,False,2022-03-20,False
739f5dcd85dce0f1,search,references/external/Time-MMD/textual/SocialGood/SocialGood_search.csv,,2022-03-21,2022-03-27,False,2022-03-27,False
a5d0ba2f91c3c1bf,search,references/external/Time-MMD/textual/SocialGood/SocialGood_search.csv,,2022-03-28,2022-04-03,False,2022-04-03,False
4292b4479ff41adc,search,references/external/Time-MMD/textual/SocialGood/SocialGood_search.csv,,2022-04-04,2022-04-10,False,2022-04-10,False
7e87e34227e18829,search,references/external/Time-MMD/textual/SocialGood/SocialGood_search.csv,,2022-04-11,2022-04-17,False,2022-04-17,False
cd1ccb7ae39b816e,search,references/external/Time-MMD/textual/SocialGood/SocialGood_search.csv,,2022-04-18,2022-04-24,False,2022-04-24,False
189aebe6d9164775,search,references/external/Time-MMD/textual/SocialGood/SocialGood_search.csv,,2022-04-25,2022-05-01,False,2022-05-01,False
234257f72898053a,search,references/external/Time-MMD/textual/SocialGood/SocialGood_search.csv,,2022-05-02,2022-05-08,False,2022-05-08,False
21f41d49c5f33af0,search,references/external/Time-MMD/textual/SocialGood/SocialGood_search.csv,,2022-05-09,2022-05-15,False,2022-05-15,False
8051ba311608e422,search,references/external/Time-MMD/textual/SocialGood/SocialGood_search.csv,,2022-05-16,2022-05-22,False,2022-05-22,False
c071460a64cc610b,search,references/external/Time-MMD/textual/SocialGood/SocialGood_search.csv,,2022-05-23,2022-05-29,False,2022-05-29,False
722052d4515f773f,search,references/external/Time-MMD/textual/SocialGood/SocialGood_search.csv,,2022-05-30,2022-06-05,False,2022-06-05,False
79427bd413a83eb8,search,references/external/Time-MMD/textual/SocialGood/SocialGood_search.csv,,2022-06-06,2022-06-12,False,2022-06-12,False
785d9ae3e4a200c3,search,references/external/Time-MMD/textual/SocialGood/SocialGood_search.csv,,2022-06-13,2022-06-19,False,2022-06-19,False
4e25b73e3de010e1,search,references/external/Time-MMD/textual/SocialGood/SocialGood_search.csv,,2022-06-20,2022-06-26,False,2022-06-26,False
86bfeb77fdfccc65,search,references/external/Time-MMD/textual/SocialGood/SocialGood_search.csv,,2022-06-27,2022-07-03,False,2022-07-03,False
c36b1a9331000b7e,search,references/external/Time-MMD/textual/SocialGood/SocialGood_search.csv,,2022-07-04,2022-07-10,False,2022-07-10,False
9a49996c2c4660a8,search,references/external/Time-MMD/textual/SocialGood/SocialGood_search.csv,,2022-07-11,2022-07-17,False,2022-07-17,False
ab58a2109d9d0fcc,search,references/external/Time-MMD/textual/SocialGood/SocialGood_search.csv,,2022-07-18,2022-07-24,False,2022-07-24,False
b18d30aa54cb3e61,search,references/external/Time-MMD/textual/SocialGood/SocialGood_search.csv,,2022-07-25,2022-07-31,False,2022-07-31,False
c23a7372dcf5e238,search,references/external/Time-MMD/textual/SocialGood/SocialGood_search.csv,,2022-08-01,2022-08-07,False,2022-08-07,False
d74c9dd0da7e4faf,search,references/external/Time-MMD/textual/SocialGood/SocialGood_search.csv,,2022-08-08,2022-08-14,False,2022-08-14,False
0e24626a7770b9af,search,references/external/Time-MMD/textual/SocialGood/SocialGood_search.csv,,2022-08-15,2022-08-21,False,2022-08-21,False
67825614abed32b0,search,references/external/Time-MMD/textual/SocialGood/SocialGood_search.csv,,2022-08-22,2022-08-28,False,2022-08-28,False
42702d02ae0f4410,search,references/external/Time-MMD/textual/SocialGood/SocialGood_search.csv,,2022-08-29,2022-09-04,False,2022-09-04,False
c4f6a2dda41490e0,search,references/external/Time-MMD/textual/SocialGood/SocialGood_search.csv,,2022-09-05,2022-09-11,False,2022-09-11,False
fb11362eec5dcd64,search,references/external/Time-MMD/textual/SocialGood/SocialGood_search.csv,,2022-09-12,2022-09-18,False,2022-09-18,False
0c6e4b26d86477d3,search,references/external/Time-MMD/textual/SocialGood/SocialGood_search.csv,,2022-09-19,2022-09-25,False,2022-09-25,False
81f2dfe356620e19,search,references/external/Time-MMD/textual/SocialGood/SocialGood_search.csv,,2022-09-26,2022-10-02,False,2022-10-02,False
f62955779a011115,search,references/external/Time-MMD/textual/SocialGood/SocialGood_search.csv,,2022-10-03,2022-10-09,False,2022-10-09,False
2df1e9c8f3a2c997,search,references/external/Time-MMD/textual/SocialGood/SocialGood_search.csv,,2022-10-10,2022-10-16,False,2022-10-16,False
8d0e521560fc40a9,search,references/external/Time-MMD/textual/SocialGood/SocialGood_search.csv,,2022-10-17,2022-10-23,False,2022-10-23,False
daa432336dae805a,search,references/external/Time-MMD/textual/SocialGood/SocialGood_search.csv,,2022-10-24,2022-10-30,False,2022-10-30,False
74f646fa205323b2,search,references/external/Time-MMD/textual/SocialGood/SocialGood_search.csv,,2022-10-31,2022-11-06,False,2022-11-06,False
ca6be66c2e76d8e1,search,references/external/Time-MMD/textual/SocialGood/SocialGood_search.csv,,2022-11-07,2022-11-13,False,2022-11-13,False
2903db0ff98b2004,search,references/external/Time-MMD/textual/SocialGood/SocialGood_search.csv,,2022-11-14,2022-11-20,False,2022-11-20,False
6ec3b2dd1f7c1345,search,references/external/Time-MMD/textual/SocialGood/SocialGood_search.csv,,2022-11-21,2022-11-27,False,2022-11-27,False
e637a617e4f75c35,search,references/external/Time-MMD/textual/SocialGood/SocialGood_search.csv,,2022-11-28,2022-12-04,False,2022-12-04,False
87ad93aced288383,search,references/external/Time-MMD/textual/SocialGood/SocialGood_search.csv,,2022-12-05,2022-12-11,False,2022-12-11,False
ca0c1537f6766e65,search,references/external/Time-MMD/textual/SocialGood/SocialGood_search.csv,,2022-12-12,2022-12-18,False,2022-12-18,False
44f24638be2a74fc,search,references/external/Time-MMD/textual/SocialGood/SocialGood_search.csv,,2022-12-19,2022-12-25,False,2022-12-25,False
aca6a229afb5d900,search,references/external/Time-MMD/textual/SocialGood/SocialGood_search.csv,,2022-12-26,2023-01-01,False,2023-01-01,False
b5892d177ce4e9c3,search,references/external/Time-MMD/textual/SocialGood/SocialGood_search.csv,,2023-01-02,2023-01-08,False,2023-01-08,False
a0507e8927f9fc55,search,references/external/Time-MMD/textual/SocialGood/SocialGood_search.csv,,2023-01-09,2023-01-15,False,2023-01-15,False
e5e23447aecd9bf7,search,references/external/Time-MMD/textual/SocialGood/SocialGood_search.csv,,2023-01-16,2023-01-22,False,2023-01-22,False
3c0b0995c8073613,search,references/external/Time-MMD/textual/SocialGood/SocialGood_search.csv,,2023-01-23,2023-01-29,False,2023-01-29,False
781da7b93fe6b25d,search,references/external/Time-MMD/textual/SocialGood/SocialGood_search.csv,,2023-01-30,2023-02-05,False,2023-02-05,False
1aea149e563e420b,search,references/external/Time-MMD/textual/SocialGood/SocialGood_search.csv,,2023-02-06,2023-02-12,False,2023-02-12,False
21351a920e4da668,search,references/external/Time-MMD/textual/SocialGood/SocialGood_search.csv,,2023-02-13,2023-02-19,False,2023-02-19,False
192001145c9288db,search,references/external/Time-MMD/textual/SocialGood/SocialGood_search.csv,,2023-02-20,2023-02-26,False,2023-02-26,False
9cc4b7a859bf7a90,search,references/external/Time-MMD/textual/SocialGood/SocialGood_search.csv,,2023-02-27,2023-03-05,False,2023-03-05,False
3761276015642a8b,search,references/external/Time-MMD/textual/SocialGood/SocialGood_search.csv,,2023-03-06,2023-03-12,False,2023-03-12,False
e4ecc3772805e64d,search,references/external/Time-MMD/textual/SocialGood/SocialGood_search.csv,,2023-03-13,2023-03-19,False,2023-03-19,False
ac09bbb863b93fbf,search,references/external/Time-MMD/textual/SocialGood/SocialGood_search.csv,,2023-03-20,2023-03-26,False,2023-03-26,False
358853535915feda,search,references/external/Time-MMD/textual/SocialGood/SocialGood_search.csv,,2023-03-27,2023-04-02,False,2023-04-02,False
bf88f56326c4a934,search,references/external/Time-MMD/textual/SocialGood/SocialGood_search.csv,,2023-04-03,2023-04-09,False,2023-04-09,False
6efe5878cd2d996d,search,references/external/Time-MMD/textual/SocialGood/SocialGood_search.csv,,2023-04-10,2023-04-16,False,2023-04-16,False
1ed5ae0838eb998e,search,references/external/Time-MMD/textual/SocialGood/SocialGood_search.csv,,2023-04-17,2023-04-23,False,2023-04-23,False
04bdf22c040e4bcd,search,references/external/Time-MMD/textual/SocialGood/SocialGood_search.csv,,2023-04-24,2023-04-30,False,2023-04-30,False
efccc2c6f411467c,search,references/external/Time-MMD/textual/SocialGood/SocialGood_search.csv,,2023-05-01,2023-05-07,False,2023-05-07,False
50467b57c3ef8aa7,search,references/external/Time-MMD/textual/SocialGood/SocialGood_search.csv,,2023-05-08,2023-05-14,False,2023-05-14,False
b5f1edc3651016e2,search,references/external/Time-MMD/textual/SocialGood/SocialGood_search.csv,,2023-05-15,2023-05-21,False,2023-05-21,False
32ea4df50a4bcbe2,search,references/external/Time-MMD/textual/SocialGood/SocialGood_search.csv,,2023-05-22,2023-05-28,False,2023-05-28,False
35ca9b5d94a66466,search,references/external/Time-MMD/textual/SocialGood/SocialGood_search.csv,,2023-05-29,2023-06-04,False,2023-06-04,False
0e6fcce164ae8ea7,search,references/external/Time-MMD/textual/SocialGood/SocialGood_search.csv,,2023-06-05,2023-06-11,False,2023-06-11,False
13a03d651a4a2ea9,search,references/external/Time-MMD/textual/SocialGood/SocialGood_search.csv,,2023-06-12,2023-06-18,False,2023-06-18,False
3a9a6feb739fb9c4,search,references/external/Time-MMD/textual/SocialGood/SocialGood_search.csv,,2023-06-19,2023-06-25,False,2023-06-25,False
932134d772134573,search,references/external/Time-MMD/textual/SocialGood/SocialGood_search.csv,,2023-06-26,2023-07-02,False,2023-07-02,False
a736d02cae3a59c5,search,references/external/Time-MMD/textual/SocialGood/SocialGood_search.csv,,2023-07-03,2023-07-09,False,2023-07-09,False
8e5af10f2bf5f2eb,search,references/external/Time-MMD/textual/SocialGood/SocialGood_search.csv,,2023-07-10,2023-07-16,False,2023-07-16,False
21093936c453117b,search,references/external/Time-MMD/textual/SocialGood/SocialGood_search.csv,,2023-07-17,2023-07-23,False,2023-07-23,False
e05e62383f998b26,search,references/external/Time-MMD/textual/SocialGood/SocialGood_search.csv,,2023-07-24,2023-07-30,False,2023-07-30,False
914525d7771c59c8,search,references/external/Time-MMD/textual/SocialGood/SocialGood_search.csv,,2023-07-31,2023-08-06,False,2023-08-06,False
736fbf37067bb889,search,references/external/Time-MMD/textual/SocialGood/SocialGood_search.csv,,2023-08-07,2023-08-13,False,2023-08-13,False
4aa4c1c928c6955c,search,references/external/Time-MMD/textual/SocialGood/SocialGood_search.csv,,2023-08-14,2023-08-20,False,2023-08-20,False
cec44d263f205513,search,references/external/Time-MMD/textual/SocialGood/SocialGood_search.csv,,2023-08-21,2023-08-27,False,2023-08-27,False
bf174285bd1e00e3,search,references/external/Time-MMD/textual/SocialGood/SocialGood_search.csv,,2023-08-28,2023-09-03,False,2023-09-03,False
4f2075575ccab3e2,search,references/external/Time-MMD/textual/SocialGood/SocialGood_search.csv,,2023-09-04,2023-09-10,False,2023-09-10,False
7f99f5d7ae6d4c3c,search,references/external/Time-MMD/textual/SocialGood/SocialGood_search.csv,,2023-09-11,2023-09-17,False,2023-09-17,False
72d0deac2c7d5831,search,references/external/Time-MMD/textual/SocialGood/SocialGood_search.csv,,2023-09-18,2023-09-24,False,2023-09-24,False
f594b7cb0470b848,search,references/external/Time-MMD/textual/SocialGood/SocialGood_search.csv,,2023-09-25,2023-10-01,False,2023-10-01,False
89230b6de51ca636,search,references/external/Time-MMD/textual/SocialGood/SocialGood_search.csv,,2023-10-02,2023-10-08,False,2023-10-08,False
deed643d3fea98e1,search,references/external/Time-MMD/textual/SocialGood/SocialGood_search.csv,,2023-10-09,2023-10-15,False,2023-10-15,False
02e2daae80937fc5,search,references/external/Time-MMD/textual/SocialGood/SocialGood_search.csv,,2023-10-16,2023-10-22,False,2023-10-22,False
df198e7f598fab81,search,references/external/Time-MMD/textual/SocialGood/SocialGood_search.csv,,2023-10-23,2023-10-29,False,2023-10-29,False
b465372d6dcaabfc,search,references/external/Time-MMD/textual/SocialGood/SocialGood_search.csv,,2023-10-30,2023-11-05,False,2023-11-05,False
3279508183ebc42f,search,references/external/Time-MMD/textual/SocialGood/SocialGood_search.csv,,2023-11-06,2023-11-12,False,2023-11-12,False
0f36b9170f31b4fe,search,references/external/Time-MMD/textual/SocialGood/SocialGood_search.csv,,2023-11-13,2023-11-19,False,2023-11-19,False
0d6a21cac0db80c4,search,references/external/Time-MMD/textual/SocialGood/SocialGood_search.csv,,2023-11-20,2023-11-26,False,2023-11-26,False
1d047636bdabb208,search,references/external/Time-MMD/textual/SocialGood/SocialGood_search.csv,,2023-11-27,2023-12-03,False,2023-12-03,False
e1e3b9c55b0eb9d2,search,references/external/Time-MMD/textual/SocialGood/SocialGood_search.csv,,2023-12-04,2023-12-10,False,2023-12-10,False
162fb55223a9afaa,search,references/external/Time-MMD/textual/SocialGood/SocialGood_search.csv,,2023-12-11,2023-12-17,False,2023-12-17,False
908a7c9c61f8a3dc,search,references/external/Time-MMD/textual/SocialGood/SocialGood_search.csv,,2023-12-18,2023-12-24,False,2023-12-24,False
d7d4e90182731dad,search,references/external/Time-MMD/textual/SocialGood/SocialGood_search.csv,,2023-12-25,2023-12-31,False,2023-12-31,False
832cdf7dcd788f2a,search,references/external/Time-MMD/textual/SocialGood/SocialGood_search.csv,,2024-01-01,2024-01-07,False,2024-01-07,False
3f6f60b4dfb9ed47,search,references/external/Time-MMD/textual/SocialGood/SocialGood_search.csv,,2024-01-08,2024-01-14,False,2024-01-14,False
e441cb1c3a53d7b8,search,references/external/Time-MMD/textual/SocialGood/SocialGood_search.csv,,2024-01-15,2024-01-21,False,2024-01-21,False
498bc7485de269f3,search,references/external/Time-MMD/textual/SocialGood/SocialGood_search.csv,,2024-01-22,2024-01-28,False,2024-01-28,False
60cb66f14b1a0d54,search,references/external/Time-MMD/textual/SocialGood/SocialGood_search.csv,,2024-01-29,2024-02-04,False,2024-02-04,False
a8149f1f6fb02b64,search,references/external/Time-MMD/textual/SocialGood/SocialGood_search.csv,,2024-02-05,2024-02-11,False,2024-02-11,False
12c0af779ec87b5a,search,references/external/Time-MMD/textual/SocialGood/SocialGood_search.csv,,2024-02-12,2024-02-18,False,2024-02-18,False
a60cb6868f3f2b3a,search,references/external/Time-MMD/textual/SocialGood/SocialGood_search.csv,,2024-02-19,2024-02-25,False,2024-02-25,False
8185a4c8686cc653,search,references/external/Time-MMD/textual/SocialGood/SocialGood_search.csv,,2024-02-26,2024-03-03,False,2024-03-03,False
9539d880be7a01af,search,references/external/Time-MMD/textual/SocialGood/SocialGood_search.csv,,2024-03-04,2024-03-10,False,2024-03-10,False
8f761b04b83db76d,search,references/external/Time-MMD/textual/SocialGood/SocialGood_search.csv,,2024-03-11,2024-03-17,False,2024-03-17,False
06e4428fd5d43cf8,search,references/external/Time-MMD/textual/SocialGood/SocialGood_search.csv,,2024-03-18,2024-03-24,False,2024-03-24,False
103ee7d30056a010,search,references/external/Time-MMD/textual/SocialGood/SocialGood_search.csv,,2024-03-25,2024-03-31,False,2024-03-31,False
a750ec8c4a357c8a,search,references/external/Time-MMD/textual/SocialGood/SocialGood_search.csv,,2024-04-01,2024-04-07,False,2024-04-07,False
abd9aa7339a70a7a,search,references/external/Time-MMD/textual/SocialGood/SocialGood_search.csv,,2024-04-08,2024-04-14,False,2024-04-14,False
b248b2cb93f2eb05,search,references/external/Time-MMD/textual/SocialGood/SocialGood_search.csv,,2024-04-15,2024-04-21,False,2024-04-21,False
a682dff3ee6faa0e,search,references/external/Time-MMD/textual/SocialGood/SocialGood_search.csv,,2024-04-22,2024-04-28,False,2024-04-28,False
6f21a96278d8b10c,search,references/external/Time-MMD/textual/SocialGood/SocialGood_search.csv,,2024-04-29,2024-05-05,False,2024-05-05,False
f7c1b07845d2d4ba,search,references/external/Time-MMD/textual/SocialGood/SocialGood_search.csv,,1979-12-31,1980-01-06,False,1980-01-06,False
2b4b9b894f98dd94,search,references/external/Time-MMD/textual/SocialGood/SocialGood_search.csv,,1980-01-14,1980-01-20,False,1980-01-20,False
d9c7cc43dabbd70b,search,references/external/Time-MMD/textual/SocialGood/SocialGood_search.csv,,1980-01-21,1980-01-27,False,1980-01-27,False
6c6f1d48fa3c363b,search,references/external/Time-MMD/textual/SocialGood/SocialGood_search.csv,,1980-01-28,1980-02-03,False,1980-02-03,False
df3b697e8a50ff07,search,references/external/Time-MMD/textual/SocialGood/SocialGood_search.csv,,1980-02-04,1980-02-10,False,1980-02-10,False
04b05ee2d17d37d2,search,references/external/Time-MMD/textual/SocialGood/SocialGood_search.csv,,1980-02-11,1980-02-17,False,1980-02-17,False
d8c8267b3baa86ec,search,references/external/Time-MMD/textual/SocialGood/SocialGood_search.csv,,1980-02-25,1980-03-02,False,1980-03-02,False
0126e1a95cb3f92e,search,references/external/Time-MMD/textual/SocialGood/SocialGood_search.csv,,1980-03-10,1980-03-16,False,1980-03-16,False
bb0f3827626a665e,search,references/external/Time-MMD/textual/SocialGood/SocialGood_search.csv,,1980-03-17,1980-03-23,False,1980-03-23,False
38d426121b72c227,search,references/external/Time-MMD/textual/SocialGood/SocialGood_search.csv,,1980-03-24,1980-03-30,False,1980-03-30,False
2197f08f0976875c,search,references/external/Time-MMD/textual/SocialGood/SocialGood_search.csv,,1980-03-31,1980-04-06,False,1980-04-06,False
721c74e9dc59098f,search,references/external/Time-MMD/textual/SocialGood/SocialGood_search.csv,,1980-04-07,1980-04-13,False,1980-04-13,False
ecce1f732c3f8d81,search,references/external/Time-MMD/textual/SocialGood/SocialGood_search.csv,,1980-04-14,1980-04-20,False,1980-04-20,False
14b066b093f4745d,search,references/external/Time-MMD/textual/SocialGood/SocialGood_search.csv,,1980-04-28,1980-05-04,False,1980-05-04,False
e18e0344a35ba3da,search,references/external/Time-MMD/textual/SocialGood/SocialGood_search.csv,,1980-05-05,1980-05-11,False,1980-05-11,False
ce0d084f22d817fa,search,references/external/Time-MMD/textual/SocialGood/SocialGood_search.csv,,1980-05-12,1980-05-18,False,1980-05-18,False
74d82622ca2496eb,search,references/external/Time-MMD/textual/SocialGood/SocialGood_search.csv,,1980-05-19,1980-05-25,False,1980-05-25,False
db8e2b3e784beb41,search,references/external/Time-MMD/textual/SocialGood/SocialGood_search.csv,,1980-05-26,1980-06-01,False,1980-06-01,False
a539216349025997,search,references/external/Time-MMD/textual/SocialGood/SocialGood_search.csv,,1980-06-02,1980-06-08,False,1980-06-08,False
99ac078a7c218bda,search,references/external/Time-MMD/textual/SocialGood/SocialGood_search.csv,,1980-06-09,1980-06-15,False,1980-06-15,False
bfb0cc530fb69be9,search,references/external/Time-MMD/textual/SocialGood/SocialGood_search.csv,,1980-06-16,1980-06-22,False,1980-06-22,False
c19e37e43bd437c4,search,references/external/Time-MMD/textual/SocialGood/SocialGood_search.csv,,1980-06-23,1980-06-29,False,1980-06-29,False
e50b3f82e0557ab3,search,references/external/Time-MMD/textual/SocialGood/SocialGood_search.csv,,1980-07-14,1980-07-20,False,1980-07-20,False
b3b9d06c2223cf8a,search,references/external/Time-MMD/textual/SocialGood/SocialGood_search.csv,,1980-07-28,1980-08-03,False,1980-08-03,False
c4c40c4ef9db456f,search,references/external/Time-MMD/textual/SocialGood/SocialGood_search.csv,,1980-08-04,1980-08-10,False,1980-08-10,False
02243003e98a1d6c,search,references/external/Time-MMD/textual/SocialGood/SocialGood_search.csv,,1980-08-11,1980-08-17,False,1980-08-17,False
a6e9c92549457a96,search,references/external/Time-MMD/textual/SocialGood/SocialGood_search.csv,,1980-08-25,1980-08-31,False,1980-08-31,False
fb0a0d40a137d13a,search,references/external/Time-MMD/textual/SocialGood/SocialGood_search.csv,,1980-09-01,1980-09-07,False,1980-09-07,False
bdc2872db819b659,search,references/external/Time-MMD/textual/SocialGood/SocialGood_search.csv,,1980-09-08,1980-09-14,False,1980-09-14,False
9494187bde34cf7f,search,references/external/Time-MMD/textual/SocialGood/SocialGood_search.csv,,1980-09-15,1980-09-21,False,1980-09-21,False
944d4106718bdb7d,search,references/external/Time-MMD/textual/SocialGood/SocialGood_search.csv,,1980-09-22,1980-09-28,False,1980-09-28,False
9b9977d72eaab22a,search,references/external/Time-MMD/textual/SocialGood/SocialGood_search.csv,,1980-09-29,1980-10-05,False,1980-10-05,False
8c30b94b8ac4104f,search,references/external/Time-MMD/textual/SocialGood/SocialGood_search.csv,,1980-10-06,1980-10-12,False,1980-10-12,False
37e3a86d19870c56,search,references/external/Time-MMD/textual/SocialGood/SocialGood_search.csv,,1980-10-13,1980-10-19,False,1980-10-19,False
1ea0d4b39ac5a4f6,search,references/external/Time-MMD/textual/SocialGood/SocialGood_search.csv,,1980-10-20,1980-10-26,False,1980-10-26,False
7181a3f785833a6c,search,references/external/Time-MMD/textual/SocialGood/SocialGood_search.csv,,1980-11-03,1980-11-09,False,1980-11-09,False
03328ca85e70d991,search,references/external/Time-MMD/textual/SocialGood/SocialGood_search.csv,,1980-11-10,1980-11-16,False,1980-11-16,False
d4915d01475ecbfa,search,references/external/Time-MMD/textual/SocialGood/SocialGood_search.csv,,1980-11-17,1980-11-23,False,1980-11-23,False
121c4f9ff1bb0d1d,search,references/external/Time-MMD/textual/SocialGood/SocialGood_search.csv,,1980-12-01,1980-12-07,False,1980-12-07,False
1e9588383dec3fbe,search,references/external/Time-MMD/textual/SocialGood/SocialGood_search.csv,,1980-12-08,1980-12-14,False,1980-12-14,False
babb86b9de2cfd87,search,references/external/Time-MMD/textual/SocialGood/SocialGood_search.csv,,1980-12-15,1980-12-21,False,1980-12-21,False
412997eb04131f5d,search,references/external/Time-MMD/textual/SocialGood/SocialGood_search.csv,,1980-12-22,1980-12-28,False,1980-12-28,False
56c14f70900117d4,search,references/external/Time-MMD/textual/SocialGood/SocialGood_search.csv,,1980-12-29,1981-01-04,False,1981-01-04,False
ff89068d7143fe07,search,references/external/Time-MMD/textual/SocialGood/SocialGood_search.csv,,1981-01-05,1981-01-11,False,1981-01-11,False
e1957d124bf8d6da,search,references/external/Time-MMD/textual/SocialGood/SocialGood_search.csv,,1981-01-12,1981-01-18,False,1981-01-18,False
c0ccebabd3f064e4,search,references/external/Time-MMD/textual/SocialGood/SocialGood_search.csv,,1981-01-19,1981-01-25,False,1981-01-25,False
099b5e96e3e9d44f,search,references/external/Time-MMD/textual/SocialGood/SocialGood_search.csv,,1981-01-26,1981-02-01,False,1981-02-01,False
3153d953fa6a4e99,search,references/external/Time-MMD/textual/SocialGood/SocialGood_search.csv,,1981-02-02,1981-02-08,False,1981-02-08,False
f629f958ad2f9fb8,search,references/external/Time-MMD/textual/SocialGood/SocialGood_search.csv,,1981-02-09,1981-02-15,False,1981-02-15,False
5d38b8c8fcc87b45,search,references/external/Time-MMD/textual/SocialGood/SocialGood_search.csv,,1981-02-16,1981-02-22,False,1981-02-22,False
8f53c7b3583cd74d,search,references/external/Time-MMD/textual/SocialGood/SocialGood_search.csv,,1981-02-23,1981-03-01,False,1981-03-01,False
d32e9db74207f847,search,references/external/Time-MMD/textual/SocialGood/SocialGood_search.csv,,1981-03-02,1981-03-08,False,1981-03-08,False
a07395b24854745b,search,references/external/Time-MMD/textual/SocialGood/SocialGood_search.csv,,1981-03-09,1981-03-15,False,1981-03-15,False
0f5e8057fc656982,search,references/external/Time-MMD/textual/SocialGood/SocialGood_search.csv,,1981-03-23,1981-03-29,False,1981-03-29,False
59d6df1fd2c053c6,search,references/external/Time-MMD/textual/SocialGood/SocialGood_search.csv,,1981-03-30,1981-04-05,False,1981-04-05,False
45e2667ffc27cb04,search,references/external/Time-MMD/textual/SocialGood/SocialGood_search.csv,,1981-04-06,1981-04-12,False,1981-04-12,False
9f6e114bcb27e5e1,search,references/external/Time-MMD/textual/SocialGood/SocialGood_search.csv,,1981-04-13,1981-04-19,False,1981-04-19,False
dbeffeed18b6144c,search,references/external/Time-MMD/textual/SocialGood/SocialGood_search.csv,,1981-04-27,1981-05-03,False,1981-05-03,False
7831d6cde5a132f2,search,references/external/Time-MMD/textual/SocialGood/SocialGood_search.csv,,1981-05-04,1981-05-10,False,1981-05-10,False
e8a4d660be312380,search,references/external/Time-MMD/textual/SocialGood/SocialGood_search.csv,,1981-05-11,1981-05-17,False,1981-05-17,False
5be6aa5124821154,search,references/external/Time-MMD/textual/SocialGood/SocialGood_search.csv,,1981-05-25,1981-05-31,False,1981-05-31,False
16480d819e917bd1,search,references/external/Time-MMD/textual/SocialGood/SocialGood_search.csv,,1981-06-01,1981-06-07,False,1981-06-07,False
baf444b7f56093de,search,references/external/Time-MMD/textual/SocialGood/SocialGood_search.csv,,1981-06-22,1981-06-28,False,1981-06-28,False
70a691543ddb4873,search,references/external/Time-MMD/textual/SocialGood/SocialGood_search.csv,,1981-06-29,1981-07-05,False,1981-07-05,False
a720c3b360ad4a77,search,references/external/Time-MMD/textual/SocialGood/SocialGood_search.csv,,1981-07-06,1981-07-12,False,1981-07-12,False
3448cd5dcc85f49e,search,references/external/Time-MMD/textual/SocialGood/SocialGood_search.csv,,1981-07-13,1981-07-19,False,1981-07-19,False
254d119f20b971d1,search,references/external/Time-MMD/textual/SocialGood/SocialGood_search.csv,,1981-07-20,1981-07-26,False,1981-07-26,False
8e8710dd46a40f5b,search,references/external/Time-MMD/textual/SocialGood/SocialGood_search.csv,,1981-07-27,1981-08-02,False,1981-08-02,False
cbfae813d059ef03,search,references/external/Time-MMD/textual/SocialGood/SocialGood_search.csv,,1981-08-10,1981-08-16,False,1981-08-16,False
2c668d68deadf876,search,references/external/Time-MMD/textual/SocialGood/SocialGood_search.csv,,1981-08-24,1981-08-30,False,1981-08-30,False
923681edf0eb1ce9,search,references/external/Time-MMD/textual/SocialGood/SocialGood_search.csv,,1981-09-07,1981-09-13,False,1981-09-13,False
4c6e5e2b390da0b3,search,references/external/Time-MMD/textual/SocialGood/SocialGood_search.csv,,1981-09-14,1981-09-20,False,1981-09-20,False
5c9e8672f382d8d4,search,references/external/Time-MMD/textual/SocialGood/SocialGood_search.csv,,1981-09-21,1981-09-27,False,1981-09-27,False
99982d0b2f6f8b30,search,references/external/Time-MMD/textual/SocialGood/SocialGood_search.csv,,1981-10-05,1981-10-11,False,1981-10-11,False
a105c3dea823cbcb,search,references/external/Time-MMD/textual/SocialGood/SocialGood_search.csv,,1981-10-12,1981-10-18,False,1981-10-18,False
fba575334aacf094,search,references/external/Time-MMD/textual/SocialGood/SocialGood_search.csv,,1981-10-19,1981-10-25,False,1981-10-25,False
a66568109197d669,search,references/external/Time-MMD/textual/SocialGood/SocialGood_search.csv,,1981-10-26,1981-11-01,False,1981-11-01,False
353954b67a4bbee0,search,references/external/Time-MMD/textual/SocialGood/SocialGood_search.csv,,1981-11-02,1981-11-08,False,1981-11-08,False
6d5e3439bb26c358,search,references/external/Time-MMD/textual/SocialGood/SocialGood_search.csv,,1981-11-09,1981-11-15,False,1981-11-15,False
d4564d65b1e8592b,search,references/external/Time-MMD/textual/SocialGood/SocialGood_search.csv,,1981-11-16,1981-11-22,False,1981-11-22,False
d443af0a0d92153d,search,references/external/Time-MMD/textual/SocialGood/SocialGood_search.csv,,1981-11-30,1981-12-06,False,1981-12-06,False
dfb262a6129786ca,search,references/external/Time-MMD/textual/SocialGood/SocialGood_search.csv,,1981-12-07,1981-12-13,False,1981-12-13,False
c539cd9af8505844,search,references/external/Time-MMD/textual/SocialGood/SocialGood_search.csv,,1981-12-14,1981-12-20,False,1981-12-20,False
272fc05761310385,search,references/external/Time-MMD/textual/SocialGood/SocialGood_search.csv,,1981-12-21,1981-12-27,False,1981-12-27,False
b3c3e192cb06d414,search,references/external/Time-MMD/textual/SocialGood/SocialGood_search.csv,,1981-12-28,1982-01-03,False,1982-01-03,False
b2e011eec09a15c6,search,references/external/Time-MMD/textual/SocialGood/SocialGood_search.csv,,1982-01-04,1982-01-10,False,1982-01-10,False
56bf28d1c3c330cc,search,references/external/Time-MMD/textual/SocialGood/SocialGood_search.csv,,1982-01-18,1982-01-24,False,1982-01-24,False
23200c2e77188a09,search,references/external/Time-MMD/textual/SocialGood/SocialGood_search.csv,,1982-01-25,1982-01-31,False,1982-01-31,False
054b13de2f7cec08,search,references/external/Time-MMD/textual/SocialGood/SocialGood_search.csv,,1982-02-01,1982-02-07,False,1982-02-07,False
d94051c2c276c5db,search,references/external/Time-MMD/textual/SocialGood/SocialGood_search.csv,,1982-02-08,1982-02-14,False,1982-02-14,False
a14439e2350e0453,search,references/external/Time-MMD/textual/SocialGood/SocialGood_search.csv,,1982-02-15,1982-02-21,False,1982-02-21,False
550543dc91247c39,search,references/external/Time-MMD/textual/SocialGood/SocialGood_search.csv,,1982-02-22,1982-02-28,False,1982-02-28,False
981bb5f37072a61c,search,references/external/Time-MMD/textual/SocialGood/SocialGood_search.csv,,1982-03-01,1982-03-07,False,1982-03-07,False
4f4d35b569561055,search,references/external/Time-MMD/textual/SocialGood/SocialGood_search.csv,,1982-03-08,1982-03-14,False,1982-03-14,False
5ea3f9db3b1cec92,search,references/external/Time-MMD/textual/SocialGood/SocialGood_search.csv,,1982-03-15,1982-03-21,False,1982-03-21,False
cb495477b500c115,search,references/external/Time-MMD/textual/SocialGood/SocialGood_search.csv,,1982-03-29,1982-04-04,False,1982-04-04,False
72a11899763a6996,search,references/external/Time-MMD/textual/SocialGood/SocialGood_search.csv,,1982-04-05,1982-04-11,False,1982-04-11,False
703e82da6129843b,search,references/external/Time-MMD/textual/SocialGood/SocialGood_search.csv,,1982-04-12,1982-04-18,False,1982-04-18,False
d2762604ad5dcf36,search,references/external/Time-MMD/textual/SocialGood/SocialGood_search.csv,,1982-04-19,1982-04-25,False,1982-04-25,False
7b393b4e5b3f71eb,search,references/external/Time-MMD/textual/SocialGood/SocialGood_search.csv,,1982-04-26,1982-05-02,False,1982-05-02,False
0d9a1683677b49ee,search,references/external/Time-MMD/textual/SocialGood/SocialGood_search.csv,,1982-05-03,1982-05-09,False,1982-05-09,False
52a559849d9adb8b,search,references/external/Time-MMD/textual/SocialGood/SocialGood_search.csv,,1982-05-10,1982-05-16,False,1982-05-16,False
add2fb56a593251e,search,references/external/Time-MMD/textual/SocialGood/SocialGood_search.csv,,1982-05-17,1982-05-23,False,1982-05-23,False
da929427b8259bfe,search,references/external/Time-MMD/textual/SocialGood/SocialGood_search.csv,,1982-05-24,1982-05-30,False,1982-05-30,False
45ab91c107d301a4,search,references/external/Time-MMD/textual/SocialGood/SocialGood_search.csv,,1982-05-31,1982-06-06,False,1982-06-06,False
b1f22984d43353f8,search,references/external/Time-MMD/textual/SocialGood/SocialGood_search.csv,,1982-06-07,1982-06-13,False,1982-06-13,False
b26545fc659d91ee,search,references/external/Time-MMD/textual/SocialGood/SocialGood_search.csv,,1982-06-14,1982-06-20,False,1982-06-20,False
f71e75a31969d42b,search,references/external/Time-MMD/textual/SocialGood/SocialGood_search.csv,,1982-06-28,1982-07-04,False,1982-07-04,False
51ebbb3cdd6d7039,search,references/external/Time-MMD/textual/SocialGood/SocialGood_search.csv,,1982-07-05,1982-07-11,False,1982-07-11,False
3cde835b45f15ff2,search,references/external/Time-MMD/textual/SocialGood/SocialGood_search.csv,,1982-07-12,1982-07-18,False,1982-07-18,False
c17d07f221fe073a,search,references/external/Time-MMD/textual/SocialGood/SocialGood_search.csv,,1982-07-19,1982-07-25,False,1982-07-25,False
5ab01575e25fbd76,search,references/external/Time-MMD/textual/SocialGood/SocialGood_search.csv,,1982-07-26,1982-08-01,False,1982-08-01,False
a77f768accc02c45,search,references/external/Time-MMD/textual/SocialGood/SocialGood_search.csv,,1982-08-02,1982-08-08,False,1982-08-08,False
26ac42512914be6c,search,references/external/Time-MMD/textual/SocialGood/SocialGood_search.csv,,1982-08-09,1982-08-15,False,1982-08-15,False
f366b3b484bc5cfb,search,references/external/Time-MMD/textual/SocialGood/SocialGood_search.csv,,1982-08-16,1982-08-22,False,1982-08-22,False
bbb9744e9545af3a,search,references/external/Time-MMD/textual/SocialGood/SocialGood_search.csv,,1982-08-23,1982-08-29,False,1982-08-29,False
75ecbda44e37b4cf,search,references/external/Time-MMD/textual/SocialGood/SocialGood_search.csv,,1982-08-30,1982-09-05,False,1982-09-05,False
f005b0cdfabc7ede,search,references/external/Time-MMD/textual/SocialGood/SocialGood_search.csv,,1982-09-06,1982-09-12,False,1982-09-12,False
83b7a636c4994f2c,search,references/external/Time-MMD/textual/SocialGood/SocialGood_search.csv,,1982-09-13,1982-09-19,False,1982-09-19,False
1b3ca242e8bb546c,search,references/external/Time-MMD/textual/SocialGood/SocialGood_search.csv,,1982-09-20,1982-09-26,False,1982-09-26,False
6443add6805b425a,search,references/external/Time-MMD/textual/SocialGood/SocialGood_search.csv,,1982-09-27,1982-10-03,False,1982-10-03,False
706689c3f97540e5,search,references/external/Time-MMD/textual/SocialGood/SocialGood_search.csv,,1982-10-04,1982-10-10,False,1982-10-10,False
2938d0c65d8c0112,search,references/external/Time-MMD/textual/SocialGood/SocialGood_search.csv,,1982-10-11,1982-10-17,False,1982-10-17,False
6970d62d1aef3351,search,references/external/Time-MMD/textual/SocialGood/SocialGood_search.csv,,1982-10-18,1982-10-24,False,1982-10-24,False
fe5322cbe28c05cd,search,references/external/Time-MMD/textual/SocialGood/SocialGood_search.csv,,1982-10-25,1982-10-31,False,1982-10-31,False
86b14a6117ba92c0,search,references/external/Time-MMD/textual/SocialGood/SocialGood_search.csv,,1982-11-01,1982-11-07,False,1982-11-07,False
68607b0f75c4ec15,search,references/external/Time-MMD/textual/SocialGood/SocialGood_search.csv,,1982-11-08,1982-11-14,False,1982-11-14,False
47b469fa5c6d389c,search,references/external/Time-MMD/textual/SocialGood/SocialGood_search.csv,,1982-11-15,1982-11-21,False,1982-11-21,False
4f78e1eb0a8ac109,search,references/external/Time-MMD/textual/SocialGood/SocialGood_search.csv,,1982-11-22,1982-11-28,False,1982-11-28,False
069a39be3e0141cb,search,references/external/Time-MMD/textual/SocialGood/SocialGood_search.csv,,1982-11-29,1982-12-05,False,1982-12-05,False
fd1a5de57fc7764a,search,references/external/Time-MMD/textual/SocialGood/SocialGood_search.csv,,1982-12-06,1982-12-12,False,1982-12-12,False
b5eaf73ba9917c51,search,references/external/Time-MMD/textual/SocialGood/SocialGood_search.csv,,1982-12-13,1982-12-19,False,1982-12-19,False
d1a4be9af275da94,search,references/external/Time-MMD/textual/SocialGood/SocialGood_search.csv,,1982-12-20,1982-12-26,False,1982-12-26,False
7f1de98e24ccc15b,search,references/external/Time-MMD/textual/SocialGood/SocialGood_search.csv,,1982-12-27,1983-01-02,False,1983-01-02,False
cf428c72c421dcc8,search,references/external/Time-MMD/textual/SocialGood/SocialGood_search.csv,,1983-01-10,1983-01-16,False,1983-01-16,False
83cf638b86a9b3d9,search,references/external/Time-MMD/textual/SocialGood/SocialGood_search.csv,,1983-01-24,1983-01-30,False,1983-01-30,False
0c8105329ff471a7,search,references/external/Time-MMD/textual/SocialGood/SocialGood_search.csv,,1983-01-31,1983-02-06,False,1983-02-06,False
b347688fd30052a9,search,references/external/Time-MMD/textual/SocialGood/SocialGood_search.csv,,1983-02-14,1983-02-20,False,1983-02-20,False
c9bffc7e88ba4c00,search,references/external/Time-MMD/textual/SocialGood/SocialGood_search.csv,,1983-02-21,1983-02-27,False,1983-02-27,False
c16c34f07c5e1b7d,search,references/external/Time-MMD/textual/SocialGood/SocialGood_search.csv,,1983-02-28,1983-03-06,False,1983-03-06,False
f1072c71a7a93833,search,references/external/Time-MMD/textual/SocialGood/SocialGood_search.csv,,1983-03-07,1983-03-13,False,1983-03-13,False
3f01062853eadc7b,search,references/external/Time-MMD/textual/SocialGood/SocialGood_search.csv,,1983-03-14,1983-03-20,False,1983-03-20,False
aa11f5af552d093b,search,references/external/Time-MMD/textual/SocialGood/SocialGood_search.csv,,1983-03-21,1983-03-27,False,1983-03-27,False
85329900d9306f17,search,references/external/Time-MMD/textual/SocialGood/SocialGood_search.csv,,1983-03-28,1983-04-03,False,1983-04-03,False
f72e74c50ddb4e02,search,references/external/Time-MMD/textual/SocialGood/SocialGood_search.csv,,1983-04-04,1983-04-10,False,1983-04-10,False
55fc1a6b83b4e1cd,search,references/external/Time-MMD/textual/SocialGood/SocialGood_search.csv,,1983-04-11,1983-04-17,False,1983-04-17,False
88fba7b4860bfb13,search,references/external/Time-MMD/textual/SocialGood/SocialGood_search.csv,,1983-04-18,1983-04-24,False,1983-04-24,False
38f37befe4ed4735,search,references/external/Time-MMD/textual/SocialGood/SocialGood_search.csv,,1983-04-25,1983-05-01,False,1983-05-01,False
0be30d285b29a4df,search,references/external/Time-MMD/textual/SocialGood/SocialGood_search.csv,,1983-05-09,1983-05-15,False,1983-05-15,False
f30294ab79f7d92e,search,references/external/Time-MMD/textual/SocialGood/SocialGood_search.csv,,1983-05-16,1983-05-22,False,1983-05-22,False
d73891f2cfe238f0,search,references/external/Time-MMD/textual/SocialGood/SocialGood_search.csv,,1983-05-23,1983-05-29,False,1983-05-29,False
29be51bc28304b99,search,references/external/Time-MMD/textual/SocialGood/SocialGood_search.csv,,1983-05-30,1983-06-05,False,1983-06-05,False
6bdc2af585724dc9,search,references/external/Time-MMD/textual/SocialGood/SocialGood_search.csv,,1983-06-13,1983-06-19,False,1983-06-19,False
8528a61222952dd9,search,references/external/Time-MMD/textual/SocialGood/SocialGood_search.csv,,1983-06-20,1983-06-26,False,1983-06-26,False
4a54bee81abb296c,search,references/external/Time-MMD/textual/SocialGood/SocialGood_search.csv,,1983-06-27,1983-07-03,False,1983-07-03,False
51ed5cd5605d11ed,search,references/external/Time-MMD/textual/SocialGood/SocialGood_search.csv,,1983-07-04,1983-07-10,False,1983-07-10,False
d8916023cb717dde,search,references/external/Time-MMD/textual/SocialGood/SocialGood_search.csv,,1983-07-11,1983-07-17,False,1983-07-17,False
74773ea5fa7d7f72,search,references/external/Time-MMD/textual/SocialGood/SocialGood_search.csv,,1983-07-18,1983-07-24,False,1983-07-24,False
6ba39316d059be00,search,references/external/Time-MMD/textual/SocialGood/SocialGood_search.csv,,1983-07-25,1983-07-31,False,1983-07-31,False
9e3ffdbcd7884d4b,search,references/external/Time-MMD/textual/SocialGood/SocialGood_search.csv,,1983-08-01,1983-08-07,False,1983-08-07,False
04134bbd984c63e1,search,references/external/Time-MMD/textual/SocialGood/SocialGood_search.csv,,1983-08-08,1983-08-14,False,1983-08-14,False
883bf69ca3bac79e,search,references/external/Time-MMD/textual/SocialGood/SocialGood_search.csv,,1983-08-15,1983-08-21,False,1983-08-21,False
66ea53fbf017e846,search,references/external/Time-MMD/textual/SocialGood/SocialGood_search.csv,,1983-08-29,1983-09-04,False,1983-09-04,False
3ab797c7b996ea11,search,references/external/Time-MMD/textual/SocialGood/SocialGood_search.csv,,1983-09-05,1983-09-11,False,1983-09-11,False
664e9c16e6ee0964,search,references/external/Time-MMD/textual/SocialGood/SocialGood_search.csv,,1983-09-12,1983-09-18,False,1983-09-18,False
7e2aa1c7e84e5416,search,references/external/Time-MMD/textual/SocialGood/SocialGood_search.csv,,1983-09-19,1983-09-25,False,1983-09-25,False
cecdddbcb9f3a0bf,search,references/external/Time-MMD/textual/SocialGood/SocialGood_search.csv,,1983-09-26,1983-10-02,False,1983-10-02,False
cb8ab6ec3a593b6d,search,references/external/Time-MMD/textual/SocialGood/SocialGood_search.csv,,1983-10-03,1983-10-09,False,1983-10-09,False
e3005b1e487cf84c,search,references/external/Time-MMD/textual/SocialGood/SocialGood_search.csv,,1983-10-10,1983-10-16,False,1983-10-16,False
3334ec6ff3f21302,search,references/external/Time-MMD/textual/SocialGood/SocialGood_search.csv,,1983-10-31,1983-11-06,False,1983-11-06,False
2f772b8efcd27b55,search,references/external/Time-MMD/textual/SocialGood/SocialGood_search.csv,,1983-11-07,1983-11-13,False,1983-11-13,False
efdee317a8ae672c,search,references/external/Time-MMD/textual/SocialGood/SocialGood_search.csv,,1983-11-14,1983-11-20,False,1983-11-20,False
828d946361d47cf4,search,references/external/Time-MMD/textual/SocialGood/SocialGood_search.csv,,1983-11-21,1983-11-27,False,1983-11-27,False
17833e6fd0944b4b,search,references/external/Time-MMD/textual/SocialGood/SocialGood_search.csv,,1983-11-28,1983-12-04,False,1983-12-04,False
3536277480179649,search,references/external/Time-MMD/textual/SocialGood/SocialGood_search.csv,,1983-12-05,1983-12-11,False,1983-12-11,False
0529533c8e999a43,search,references/external/Time-MMD/textual/SocialGood/SocialGood_search.csv,,1983-12-12,1983-12-18,False,1983-12-18,False
4ac05fd287459b16,search,references/external/Time-MMD/textual/SocialGood/SocialGood_search.csv,,1983-12-19,1983-12-25,False,1983-12-25,False
d7e81bfb6e39eb2a,search,references/external/Time-MMD/textual/SocialGood/SocialGood_search.csv,,1983-12-26,1984-01-01,False,1984-01-01,False
017c96ebcd06372a,search,references/external/Time-MMD/textual/SocialGood/SocialGood_search.csv,,1984-01-02,1984-01-08,False,1984-01-08,False
43ba5aa4962a2acb,search,references/external/Time-MMD/textual/SocialGood/SocialGood_search.csv,,1984-01-09,1984-01-15,False,1984-01-15,False
19b615ba9a2411cc,search,references/external/Time-MMD/textual/SocialGood/SocialGood_search.csv,,1984-01-23,1984-01-29,False,1984-01-29,False
7aed7b9d1d947e48,search,references/external/Time-MMD/textual/SocialGood/SocialGood_search.csv,,1984-01-30,1984-02-05,False,1984-02-05,False
cfb4071297e53522,search,references/external/Time-MMD/textual/SocialGood/SocialGood_search.csv,,1984-02-06,1984-02-12,False,1984-02-12,False
fd0bd55ddc46e6f2,search,references/external/Time-MMD/textual/SocialGood/SocialGood_search.csv,,1984-02-13,1984-02-19,False,1984-02-19,False
59b8faa7fa671353,search,references/external/Time-MMD/textual/SocialGood/SocialGood_search.csv,,1984-02-20,1984-02-26,False,1984-02-26,False
e025ddba4d6875ae,search,references/external/Time-MMD/textual/SocialGood/SocialGood_search.csv,,1984-02-27,1984-03-04,False,1984-03-04,False
ab6fc431649e6fe4,search,references/external/Time-MMD/textual/SocialGood/SocialGood_search.csv,,1984-03-12,1984-03-18,False,1984-03-18,False
7cfe0e911f71eecd,search,references/external/Time-MMD/textual/SocialGood/SocialGood_search.csv,,1984-03-19,1984-03-25,False,1984-03-25,False
43f26901dc623691,search,references/external/Time-MMD/textual/SocialGood/SocialGood_search.csv,,1984-03-26,1984-04-01,False,1984-04-01,False
baca3817e81f621b,search,references/external/Time-MMD/textual/SocialGood/SocialGood_search.csv,,1984-04-09,1984-04-15,False,1984-04-15,False
1994a1f42177226d,search,references/external/Time-MMD/textual/SocialGood/SocialGood_search.csv,,1984-04-23,1984-04-29,False,1984-04-29,False
62bfcd5a56428202,search,references/external/Time-MMD/textual/SocialGood/SocialGood_search.csv,,1984-04-30,1984-05-06,False,1984-05-06,False
adbfc7c04895db37,search,references/external/Time-MMD/textual/SocialGood/SocialGood_search.csv,,1984-05-07,1984-05-13,False,1984-05-13,False
949f47d2707815f1,search,references/external/Time-MMD/textual/SocialGood/SocialGood_search.csv,,1984-05-14,1984-05-20,False,1984-05-20,False
12be219fa691d7f8,search,references/external/Time-MMD/textual/SocialGood/SocialGood_search.csv,,1984-05-21,1984-05-27,False,1984-05-27,False
94b3b68519979709,search,references/external/Time-MMD/textual/SocialGood/SocialGood_search.csv,,1984-05-28,1984-06-03,False,1984-06-03,False
ebbd6745bf3b703f,search,references/external/Time-MMD/textual/SocialGood/SocialGood_search.csv,,1984-06-04,1984-06-10,False,1984-06-10,False
0e88f1fa6cb5da4f,search,references/external/Time-MMD/textual/SocialGood/SocialGood_search.csv,,1984-06-11,1984-06-17,False,1984-06-17,False
36a43eb5d87c3c54,search,references/external/Time-MMD/textual/SocialGood/SocialGood_search.csv,,1984-06-25,1984-07-01,False,1984-07-01,False
d6d69499e5b0a97a,search,references/external/Time-MMD/textual/SocialGood/SocialGood_search.csv,,1984-07-09,1984-07-15,False,1984-07-15,False
befd0ca1e7d46d11,search,references/external/Time-MMD/textual/SocialGood/SocialGood_search.csv,,1984-07-16,1984-07-22,False,1984-07-22,False
88a7c924b402fb1d,search,references/external/Time-MMD/textual/SocialGood/SocialGood_search.csv,,1984-07-23,1984-07-29,False,1984-07-29,False
a046b62a60f27a83,search,references/external/Time-MMD/textual/SocialGood/SocialGood_search.csv,,1984-07-30,1984-08-05,False,1984-08-05,False
edb36bfcc4539b19,search,references/external/Time-MMD/textual/SocialGood/SocialGood_search.csv,,1984-08-06,1984-08-12,False,1984-08-12,False
83a5e3dc7bc78148,search,references/external/Time-MMD/textual/SocialGood/SocialGood_search.csv,,1984-08-13,1984-08-19,False,1984-08-19,False
dde0f635f0a4cda6,search,references/external/Time-MMD/textual/SocialGood/SocialGood_search.csv,,1984-08-20,1984-08-26,False,1984-08-26,False
43b7e94c726e2b9b,search,references/external/Time-MMD/textual/SocialGood/SocialGood_search.csv,,1984-08-27,1984-09-02,False,1984-09-02,False
46ac8b5e818853d7,search,references/external/Time-MMD/textual/SocialGood/SocialGood_search.csv,,1984-09-03,1984-09-09,False,1984-09-09,False
40be7bbb709ec3c8,search,references/external/Time-MMD/textual/SocialGood/SocialGood_search.csv,,1984-09-10,1984-09-16,False,1984-09-16,False
7e7c44e4b4f15354,search,references/external/Time-MMD/textual/SocialGood/SocialGood_search.csv,,1984-09-17,1984-09-23,False,1984-09-23,False
3adfd7496a28d8e7,search,references/external/Time-MMD/textual/SocialGood/SocialGood_search.csv,,1984-09-24,1984-09-30,False,1984-09-30,False
9fb20edfadb89d6b,search,references/external/Time-MMD/textual/SocialGood/SocialGood_search.csv,,1984-10-01,1984-10-07,False,1984-10-07,False
bc0377d00eaceeff,search,references/external/Time-MMD/textual/SocialGood/SocialGood_search.csv,,1984-10-08,1984-10-14,False,1984-10-14,False
7a233c7516548aa2,search,references/external/Time-MMD/textual/SocialGood/SocialGood_search.csv,,1984-10-15,1984-10-21,False,1984-10-21,False
9bf8d2a5492bd480,search,references/external/Time-MMD/textual/SocialGood/SocialGood_search.csv,,1984-10-22,1984-10-28,False,1984-10-28,False
dba99390d1e788b9,search,references/external/Time-MMD/textual/SocialGood/SocialGood_search.csv,,1984-10-29,1984-11-04,False,1984-11-04,False
0652e81318d42e7d,search,references/external/Time-MMD/textual/SocialGood/SocialGood_search.csv,,1984-11-05,1984-11-11,False,1984-11-11,False
66b3c263d25d31d0,search,references/external/Time-MMD/textual/SocialGood/SocialGood_search.csv,,1984-11-12,1984-11-18,False,1984-11-18,False
45b568a387e0020f,search,references/external/Time-MMD/textual/SocialGood/SocialGood_search.csv,,1984-11-19,1984-11-25,False,1984-11-25,False
348f89885a3ff46e,search,references/external/Time-MMD/textual/SocialGood/SocialGood_search.csv,,1984-11-26,1984-12-02,False,1984-12-02,False
6ff336af9c6975de,search,references/external/Time-MMD/textual/SocialGood/SocialGood_search.csv,,1984-12-03,1984-12-09,False,1984-12-09,False
cb1bbc4efcee44fa,search,references/external/Time-MMD/textual/SocialGood/SocialGood_search.csv,,1984-12-10,1984-12-16,False,1984-12-16,False
68628c74ef4a5f07,search,references/external/Time-MMD/textual/SocialGood/SocialGood_search.csv,,1984-12-31,1985-01-06,False,1985-01-06,False
2ef6173d5a66dbe0,search,references/external/Time-MMD/textual/SocialGood/SocialGood_search.csv,,1985-01-07,1985-01-13,False,1985-01-13,False
d1948a93c8d5dcfb,search,references/external/Time-MMD/textual/SocialGood/SocialGood_search.csv,,1985-01-14,1985-01-20,False,1985-01-20,False
090643275f8a2d7b,search,references/external/Time-MMD/textual/SocialGood/SocialGood_search.csv,,1985-01-21,1985-01-27,False,1985-01-27,False
be8ad9bbeafe2b8b,search,references/external/Time-MMD/textual/SocialGood/SocialGood_search.csv,,1985-01-28,1985-02-03,False,1985-02-03,False
72303d4e37b54536,search,references/external/Time-MMD/textual/SocialGood/SocialGood_search.csv,,1985-02-04,1985-02-10,False,1985-02-10,False
1f269fcf02dc030f,search,references/external/Time-MMD/textual/SocialGood/SocialGood_search.csv,,1985-02-11,1985-02-17,False,1985-02-17,False
27bd692549b07d9d,search,references/external/Time-MMD/textual/SocialGood/SocialGood_search.csv,,1985-02-18,1985-02-24,False,1985-02-24,False
53c9d65e45f1befb,search,references/external/Time-MMD/textual/SocialGood/SocialGood_search.csv,,1985-02-25,1985-03-03,False,1985-03-03,False
53939dd11c5582f5,search,references/external/Time-MMD/textual/SocialGood/SocialGood_search.csv,,1985-03-11,1985-03-17,False,1985-03-17,False
da5f448a0592d591,search,references/external/Time-MMD/textual/SocialGood/SocialGood_search.csv,,1985-03-18,1985-03-24,False,1985-03-24,False
f553eaa92b7d3e51,search,references/external/Time-MMD/textual/SocialGood/SocialGood_search.csv,,1985-04-01,1985-04-07,False,1985-04-07,False
e7e186b0a5676b17,search,references/external/Time-MMD/textual/SocialGood/SocialGood_search.csv,,1985-04-08,1985-04-14,False,1985-04-14,False
e2e007a9a30811d6,search,references/external/Time-MMD/textual/SocialGood/SocialGood_search.csv,,1985-04-15,1985-04-21,False,1985-04-21,False
e2e6e8fd18050779,search,references/external/Time-MMD/textual/SocialGood/SocialGood_search.csv,,1985-04-22,1985-04-28,False,1985-04-28,False
0631711af38debe7,search,references/external/Time-MMD/textual/SocialGood/SocialGood_search.csv,,1985-04-29,1985-05-05,False,1985-05-05,False
13ad89f61e546325,search,references/external/Time-MMD/textual/SocialGood/SocialGood_search.csv,,1985-05-06,1985-05-12,False,1985-05-12,False
432590c980fa3901,search,references/external/Time-MMD/textual/SocialGood/SocialGood_search.csv,,1985-05-13,1985-05-19,False,1985-05-19,False
96a9843cf8456879,search,references/external/Time-MMD/textual/SocialGood/SocialGood_search.csv,,1985-05-20,1985-05-26,False,1985-05-26,False
8beff4b2842aeb72,search,references/external/Time-MMD/textual/SocialGood/SocialGood_search.csv,,1985-05-27,1985-06-02,False,1985-06-02,False
91c5daa71e2a6865,search,references/external/Time-MMD/textual/SocialGood/SocialGood_search.csv,,1985-06-03,1985-06-09,False,1985-06-09,False
14e0fa6cc6a65701,search,references/external/Time-MMD/textual/SocialGood/SocialGood_search.csv,,1985-06-10,1985-06-16,False,1985-06-16,False
42c61332e713dcce,search,references/external/Time-MMD/textual/SocialGood/SocialGood_search.csv,,1985-06-17,1985-06-23,False,1985-06-23,False
c81f9fcdd72a8555,search,references/external/Time-MMD/textual/SocialGood/SocialGood_search.csv,,1985-06-24,1985-06-30,False,1985-06-30,False
e2c2d24d7ff61ba6,search,references/external/Time-MMD/textual/SocialGood/SocialGood_search.csv,,1985-07-01,1985-07-07,False,1985-07-07,False
df5c0e48c40d337f,search,references/external/Time-MMD/textual/SocialGood/SocialGood_search.csv,,1985-07-08,1985-07-14,False,1985-07-14,False
b40625610fc91952,search,references/external/Time-MMD/textual/SocialGood/SocialGood_search.csv,,1985-07-15,1985-07-21,False,1985-07-21,False
89c63faffe7680cb,search,references/external/Time-MMD/textual/SocialGood/SocialGood_search.csv,,1985-07-29,1985-08-04,False,1985-08-04,False
63927601b808c223,search,references/external/Time-MMD/textual/SocialGood/SocialGood_search.csv,,1985-08-05,1985-08-11,False,1985-08-11,False
149342abbd300240,search,references/external/Time-MMD/textual/SocialGood/SocialGood_search.csv,,1985-08-12,1985-08-18,False,1985-08-18,False
6ab7113210ec0f09,search,references/external/Time-MMD/textual/SocialGood/SocialGood_search.csv,,1985-08-19,1985-08-25,False,1985-08-25,False
11184684511655d6,search,references/external/Time-MMD/textual/SocialGood/SocialGood_search.csv,,1985-08-26,1985-09-01,False,1985-09-01,False
c317a653b2f272c3,search,references/external/Time-MMD/textual/SocialGood/SocialGood_search.csv,,1985-09-02,1985-09-08,False,1985-09-08,False
c9abfefa824d6815,search,references/external/Time-MMD/textual/SocialGood/SocialGood_search.csv,,1985-09-09,1985-09-15,False,1985-09-15,False
d68270ba3a380db5,search,references/external/Time-MMD/textual/SocialGood/SocialGood_search.csv,,1985-09-16,1985-09-22,False,1985-09-22,False
caa067e48adc0fb3,search,references/external/Time-MMD/textual/SocialGood/SocialGood_search.csv,,1985-09-23,1985-09-29,False,1985-09-29,False
3c86bb9ed925a37a,search,references/external/Time-MMD/textual/SocialGood/SocialGood_search.csv,,1985-09-30,1985-10-06,False,1985-10-06,False
b60994163e2a6f4f,search,references/external/Time-MMD/textual/SocialGood/SocialGood_search.csv,,1985-10-07,1985-10-13,False,1985-10-13,False
e69e16a9f9d2b896,search,references/external/Time-MMD/textual/SocialGood/SocialGood_search.csv,,1985-10-14,1985-10-20,False,1985-10-20,False
9513540f027c88a8,search,references/external/Time-MMD/textual/SocialGood/SocialGood_search.csv,,1985-10-21,1985-10-27,False,1985-10-27,False
47d5fc530c4afe06,search,references/external/Time-MMD/textual/SocialGood/SocialGood_search.csv,,1985-10-28,1985-11-03,False,1985-11-03,False
096ee12ded58dd82,search,references/external/Time-MMD/textual/SocialGood/SocialGood_search.csv,,1985-11-11,1985-11-17,False,1985-11-17,False
3dda9c7dfacbfdbc,search,references/external/Time-MMD/textual/SocialGood/SocialGood_search.csv,,1985-11-18,1985-11-24,False,1985-11-24,False
0ff9b9b4f2a7e3e3,search,references/external/Time-MMD/textual/SocialGood/SocialGood_search.csv,,1985-11-25,1985-12-01,False,1985-12-01,False
a7f2803950fcbeed,search,references/external/Time-MMD/textual/SocialGood/SocialGood_search.csv,,1985-12-02,1985-12-08,False,1985-12-08,False
64adc0c1411d948d,search,references/external/Time-MMD/textual/SocialGood/SocialGood_search.csv,,1985-12-09,1985-12-15,False,1985-12-15,False
28f0dd3f541d2877,search,references/external/Time-MMD/textual/SocialGood/SocialGood_search.csv,,1985-12-16,1985-12-22,False,1985-12-22,False
94cb57771c591bed,search,references/external/Time-MMD/textual/SocialGood/SocialGood_search.csv,,1985-12-30,1986-01-05,False,1986-01-05,False
fdf754dd4e082636,search,references/external/Time-MMD/textual/SocialGood/SocialGood_search.csv,,1986-01-13,1986-01-19,False,1986-01-19,False
772c7df90c79d72b,search,references/external/Time-MMD/textual/SocialGood/SocialGood_search.csv,,1986-01-27,1986-02-02,False,1986-02-02,False
5aeff3989744d001,search,references/external/Time-MMD/textual/SocialGood/SocialGood_search.csv,,1986-02-10,1986-02-16,False,1986-02-16,False
131c1ba437080b5a,search,references/external/Time-MMD/textual/SocialGood/SocialGood_search.csv,,1986-02-17,1986-02-23,False,1986-02-23,False
3657291398742f31,search,references/external/Time-MMD/textual/SocialGood/SocialGood_search.csv,,1986-02-24,1986-03-02,False,1986-03-02,False
4857082dc584bd56,search,references/external/Time-MMD/textual/SocialGood/SocialGood_search.csv,,1986-03-03,1986-03-09,False,1986-03-09,False
f26fbc7825aada09,search,references/external/Time-MMD/textual/SocialGood/SocialGood_search.csv,,1986-03-10,1986-03-16,False,1986-03-16,False
37042e76fd4cff1c,search,references/external/Time-MMD/textual/SocialGood/SocialGood_search.csv,,1986-03-17,1986-03-23,False,1986-03-23,False
0d9366b68797b849,search,references/external/Time-MMD/textual/SocialGood/SocialGood_search.csv,,1986-03-31,1986-04-06,False,1986-04-06,False
ac63c747f55835bd,search,references/external/Time-MMD/textual/SocialGood/SocialGood_search.csv,,1986-04-07,1986-04-13,False,1986-04-13,False
6d65d0baeef9c7ed,search,references/external/Time-MMD/textual/SocialGood/SocialGood_search.csv,,1986-04-14,1986-04-20,False,1986-04-20,False
6677db5fbc872a7c,search,references/external/Time-MMD/textual/SocialGood/SocialGood_search.csv,,1986-05-05,1986-05-11,False,1986-05-11,False
1fb31de3f5e844f1,search,references/external/Time-MMD/textual/SocialGood/SocialGood_search.csv,,1986-05-12,1986-05-18,False,1986-05-18,False
63b730c352b9c322,search,references/external/Time-MMD/textual/SocialGood/SocialGood_search.csv,,1986-05-19,1986-05-25,False,1986-05-25,False
dd0f5d5b703e811c,search,references/external/Time-MMD/textual/SocialGood/SocialGood_search.csv,,1986-05-26,1986-06-01,False,1986-06-01,False
1505e6454b0957e7,search,references/external/Time-MMD/textual/SocialGood/SocialGood_search.csv,,1986-06-02,1986-06-08,False,1986-06-08,False
9e00fb156017108d,search,references/external/Time-MMD/textual/SocialGood/SocialGood_search.csv,,1986-06-09,1986-06-15,False,1986-06-15,False
fc02aa2003b9eff1,search,references/external/Time-MMD/textual/SocialGood/SocialGood_search.csv,,1986-06-30,1986-07-06,False,1986-07-06,False
4633d0b80835cf79,search,references/external/Time-MMD/textual/SocialGood/SocialGood_search.csv,,1986-07-07,1986-07-13,False,1986-07-13,False
241b80afba45f0d9,search,references/external/Time-MMD/textual/SocialGood/SocialGood_search.csv,,1986-07-14,1986-07-20,False,1986-07-20,False
3ca233b8ad965399,search,references/external/Time-MMD/textual/SocialGood/SocialGood_search.csv,,1986-07-28,1986-08-03,False,1986-08-03,False
f41ea08ca134d58d,search,references/external/Time-MMD/textual/SocialGood/SocialGood_search.csv,,1986-08-04,1986-08-10,False,1986-08-10,False
3c8405d279f118ef,search,references/external/Time-MMD/textual/SocialGood/SocialGood_search.csv,,1986-08-11,1986-08-17,False,1986-08-17,False
b73ae575eff33d3a,search,references/external/Time-MMD/textual/SocialGood/SocialGood_search.csv,,1986-08-25,1986-08-31,False,1986-08-31,False
3d358c77a3030f85,search,references/external/Time-MMD/textual/SocialGood/SocialGood_search.csv,,1986-09-01,1986-09-07,False,1986-09-07,False
8a081ff9ec396bf6,search,references/external/Time-MMD/textual/SocialGood/SocialGood_search.csv,,1986-09-08,1986-09-14,False,1986-09-14,False
f06263548e47118a,search,references/external/Time-MMD/textual/SocialGood/SocialGood_search.csv,,1986-09-22,1986-09-28,False,1986-09-28,False
4d92527706d5b89d,search,references/external/Time-MMD/textual/SocialGood/SocialGood_search.csv,,1986-10-06,1986-10-12,False,1986-10-12,False
8cab5340d678d918,search,references/external/Time-MMD/textual/SocialGood/SocialGood_search.csv,,1986-10-13,1986-10-19,False,1986-10-19,False
031926880365419a,search,references/external/Time-MMD/textual/SocialGood/SocialGood_search.csv,,1986-10-20,1986-10-26,False,1986-10-26,False
c44f4526e3a7509d,search,references/external/Time-MMD/textual/SocialGood/SocialGood_search.csv,,1986-10-27,1986-11-02,False,1986-11-02,False
1d8ee250667968a5,search,references/external/Time-MMD/textual/SocialGood/SocialGood_search.csv,,1986-11-03,1986-11-09,False,1986-11-09,False
9e47f257edcc5e0c,search,references/external/Time-MMD/textual/SocialGood/SocialGood_search.csv,,1986-11-10,1986-11-16,False,1986-11-16,False
2ed0514d353ab962,search,references/external/Time-MMD/textual/SocialGood/SocialGood_search.csv,,1986-11-17,1986-11-23,False,1986-11-23,False
bc6d64ee58946bf6,search,references/external/Time-MMD/textual/SocialGood/SocialGood_search.csv,,1986-11-24,1986-11-30,False,1986-11-30,False
aeec90653c559c5e,search,references/external/Time-MMD/textual/SocialGood/SocialGood_search.csv,,1986-12-01,1986-12-07,False,1986-12-07,False
187c090572ea30bc,search,references/external/Time-MMD/textual/SocialGood/SocialGood_search.csv,,1986-12-08,1986-12-14,False,1986-12-14,False
2b0ffe599f284af7,search,references/external/Time-MMD/textual/SocialGood/SocialGood_search.csv,,1986-12-15,1986-12-21,False,1986-12-21,False
bc4cdda39e863c77,search,references/external/Time-MMD/textual/SocialGood/SocialGood_search.csv,,1986-12-22,1986-12-28,False,1986-12-28,False
9ce9bf208e434ce1,search,references/external/Time-MMD/textual/SocialGood/SocialGood_search.csv,,1986-12-29,1987-01-04,False,1987-01-04,False
a681733a2fd7083d,search,references/external/Time-MMD/textual/SocialGood/SocialGood_search.csv,,1987-01-05,1987-01-11,False,1987-01-11,False
70d3a5124b86fd37,search,references/external/Time-MMD/textual/SocialGood/SocialGood_search.csv,,1987-01-12,1987-01-18,False,1987-01-18,False
73b752c1352af86b,search,references/external/Time-MMD/textual/SocialGood/SocialGood_search.csv,,1987-01-19,1987-01-25,False,1987-01-25,False
db68faba4b484f39,search,references/external/Time-MMD/textual/SocialGood/SocialGood_search.csv,,1987-01-26,1987-02-01,False,1987-02-01,False
b7b10eba6ea18499,search,references/external/Time-MMD/textual/SocialGood/SocialGood_search.csv,,1987-02-02,1987-02-08,False,1987-02-08,False
f250e6e29d8a91c1,search,references/external/Time-MMD/textual/SocialGood/SocialGood_search.csv,,1987-02-23,1987-03-01,False,1987-03-01,False
17d48c021b3d8561,search,references/external/Time-MMD/textual/SocialGood/SocialGood_search.csv,,1987-03-02,1987-03-08,False,1987-03-08,False
bc68ac445d31b785,search,references/external/Time-MMD/textual/SocialGood/SocialGood_search.csv,,1987-03-09,1987-03-15,False,1987-03-15,False
c7814ad49ed446fb,search,references/external/Time-MMD/textual/SocialGood/SocialGood_search.csv,,1987-03-16,1987-03-22,False,1987-03-22,False
15bb57efcd42e754,search,references/external/Time-MMD/textual/SocialGood/SocialGood_search.csv,,1987-03-23,1987-03-29,False,1987-03-29,False
38e6faa73f9b55c7,search,references/external/Time-MMD/textual/SocialGood/SocialGood_search.csv,,1987-03-30,1987-04-05,False,1987-04-05,False
881bde041a46f1ae,search,references/external/Time-MMD/textual/SocialGood/SocialGood_search.csv,,1987-04-06,1987-04-12,False,1987-04-12,False
81fc856f69d313c1,search,references/external/Time-MMD/textual/SocialGood/SocialGood_search.csv,,1987-04-13,1987-04-19,False,1987-04-19,False
3652cd8163a56b07,search,references/external/Time-MMD/textual/SocialGood/SocialGood_search.csv,,1987-04-20,1987-04-26,False,1987-04-26,False
f0227890ba49ff01,search,references/external/Time-MMD/textual/SocialGood/SocialGood_search.csv,,1987-04-27,1987-05-03,False,1987-05-03,False
61fcbc1510cfa300,search,references/external/Time-MMD/textual/SocialGood/SocialGood_search.csv,,1987-05-04,1987-05-10,False,1987-05-10,False
f2da78c5b93a2fc2,search,references/external/Time-MMD/textual/SocialGood/SocialGood_search.csv,,1987-05-11,1987-05-17,False,1987-05-17,False
81967919a1695bcf,search,references/external/Time-MMD/textual/SocialGood/SocialGood_search.csv,,1987-05-18,1987-05-24,False,1987-05-24,False
04e6f7c6236035ee,search,references/external/Time-MMD/textual/SocialGood/SocialGood_search.csv,,1987-05-25,1987-05-31,False,1987-05-31,False
020eba3fb2615802,search,references/external/Time-MMD/textual/SocialGood/SocialGood_search.csv,,1987-06-01,1987-06-07,False,1987-06-07,False
a6f6625655639488,search,references/external/Time-MMD/textual/SocialGood/SocialGood_search.csv,,1987-06-08,1987-06-14,False,1987-06-14,False
1093127f2e758322,search,references/external/Time-MMD/textual/SocialGood/SocialGood_search.csv,,1987-06-15,1987-06-21,False,1987-06-21,False
207166ec0eaaf576,search,references/external/Time-MMD/textual/SocialGood/SocialGood_search.csv,,1987-06-29,1987-07-05,False,1987-07-05,False
101d1f76dc19956a,search,references/external/Time-MMD/textual/SocialGood/SocialGood_search.csv,,1987-07-06,1987-07-12,False,1987-07-12,False
002adfdd61303426,search,references/external/Time-MMD/textual/SocialGood/SocialGood_search.csv,,1987-07-13,1987-07-19,False,1987-07-19,False
a662bcccabc03209,search,references/external/Time-MMD/textual/SocialGood/SocialGood_search.csv,,1987-07-20,1987-07-26,False,1987-07-26,False
37862809ee3d0272,search,references/external/Time-MMD/textual/SocialGood/SocialGood_search.csv,,1987-07-27,1987-08-02,False,1987-08-02,False
edd7ffb42c8ced73,search,references/external/Time-MMD/textual/SocialGood/SocialGood_search.csv,,1987-08-10,1987-08-16,False,1987-08-16,False
500488014cad380e,search,references/external/Time-MMD/textual/SocialGood/SocialGood_search.csv,,1987-08-17,1987-08-23,False,1987-08-23,False
c6fd7ba4c2623218,search,references/external/Time-MMD/textual/SocialGood/SocialGood_search.csv,,1987-08-31,1987-09-06,False,1987-09-06,False
6938e7d2e9db6cca,search,references/external/Time-MMD/textual/SocialGood/SocialGood_search.csv,,1987-09-07,1987-09-13,False,1987-09-13,False
f2112de5ec2e2433,search,references/external/Time-MMD/textual/SocialGood/SocialGood_search.csv,,1987-09-14,1987-09-20,False,1987-09-20,False
93b7b71c7550754b,search,references/external/Time-MMD/textual/SocialGood/SocialGood_search.csv,,1987-09-21,1987-09-27,False,1987-09-27,False
c973b12f7e9d5841,search,references/external/Time-MMD/textual/SocialGood/SocialGood_search.csv,,1987-09-28,1987-10-04,False,1987-10-04,False
49efdea9592087d6,search,references/external/Time-MMD/textual/SocialGood/SocialGood_search.csv,,1987-10-05,1987-10-11,False,1987-10-11,False
a3440be6543231a3,search,references/external/Time-MMD/textual/SocialGood/SocialGood_search.csv,,1987-10-12,1987-10-18,False,1987-10-18,False
634d57f40461bd08,search,references/external/Time-MMD/textual/SocialGood/SocialGood_search.csv,,1987-10-26,1987-11-01,False,1987-11-01,False
abe09424e4a44989,search,references/external/Time-MMD/textual/SocialGood/SocialGood_search.csv,,1987-11-02,1987-11-08,False,1987-11-08,False
6d67efad1cfc3396,search,references/external/Time-MMD/textual/SocialGood/SocialGood_search.csv,,1987-11-09,1987-11-15,False,1987-11-15,False
af47699a808febfd,search,references/external/Time-MMD/textual/SocialGood/SocialGood_search.csv,,1987-11-16,1987-11-22,False,1987-11-22,False
8de7d98f10caf43e,search,references/external/Time-MMD/textual/SocialGood/SocialGood_search.csv,,1987-11-30,1987-12-06,False,1987-12-06,False
92035bd910b57d9c,search,references/external/Time-MMD/textual/SocialGood/SocialGood_search.csv,,1987-12-07,1987-12-13,False,1987-12-13,False
55a816df4b70c924,search,references/external/Time-MMD/textual/SocialGood/SocialGood_search.csv,,1987-12-14,1987-12-20,False,1987-12-20,False
4f9454149d1fb56b,search,references/external/Time-MMD/textual/SocialGood/SocialGood_search.csv,,1987-12-21,1987-12-27,False,1987-12-27,False
7ec7b59d2ff22eb4,search,references/external/Time-MMD/textual/SocialGood/SocialGood_search.csv,,1987-12-28,1988-01-03,False,1988-01-03,False
41bc0a1a81665be5,search,references/external/Time-MMD/textual/SocialGood/SocialGood_search.csv,,1988-01-11,1988-01-17,False,1988-01-17,False
091fdd64386bf0a8,search,references/external/Time-MMD/textual/SocialGood/SocialGood_search.csv,,1988-01-18,1988-01-24,False,1988-01-24,False
a030bebefd37840a,search,references/external/Time-MMD/textual/SocialGood/SocialGood_search.csv,,1988-02-01,1988-02-07,False,1988-02-07,False
39ed014abda63ad0,search,references/external/Time-MMD/textual/SocialGood/SocialGood_search.csv,,1988-02-08,1988-02-14,False,1988-02-14,False
4afe4b7e0cfc6806,search,references/external/Time-MMD/textual/SocialGood/SocialGood_search.csv,,1988-02-15,1988-02-21,False,1988-02-21,False
007ac932d678ec2e,search,references/external/Time-MMD/textual/SocialGood/SocialGood_search.csv,,1988-02-22,1988-02-28,False,1988-02-28,False
d6e406e05007f18b,search,references/external/Time-MMD/textual/SocialGood/SocialGood_search.csv,,1988-02-29,1988-03-06,False,1988-03-06,False
3d80569f2fd3ab91,search,references/external/Time-MMD/textual/SocialGood/SocialGood_search.csv,,1988-03-07,1988-03-13,False,1988-03-13,False
b68fd0846bb2b6e2,search,references/external/Time-MMD/textual/SocialGood/SocialGood_search.csv,,1988-03-14,1988-03-20,False,1988-03-20,False
0eda6bf201ce3f41,search,references/external/Time-MMD/textual/SocialGood/SocialGood_search.csv,,1988-03-28,1988-04-03,False,1988-04-03,False
512be08c98f8f8b8,search,references/external/Time-MMD/textual/SocialGood/SocialGood_search.csv,,1988-04-04,1988-04-10,False,1988-04-10,False
53bf432872958e34,search,references/external/Time-MMD/textual/SocialGood/SocialGood_search.csv,,1988-04-11,1988-04-17,False,1988-04-17,False
c7190ce55777fe0b,search,references/external/Time-MMD/textual/SocialGood/SocialGood_search.csv,,1988-04-18,1988-04-24,False,1988-04-24,False
c4483d53ccc6656e,search,references/external/Time-MMD/textual/SocialGood/SocialGood_search.csv,,1988-04-25,1988-05-01,False,1988-05-01,False
51c4338f7b453015,search,references/external/Time-MMD/textual/SocialGood/SocialGood_search.csv,,1988-05-02,1988-05-08,False,1988-05-08,False
6d0a85ee6442c83b,search,references/external/Time-MMD/textual/SocialGood/SocialGood_search.csv,,1988-05-09,1988-05-15,False,1988-05-15,False
d738d53dc27e240b,search,references/external/Time-MMD/textual/SocialGood/SocialGood_search.csv,,1988-05-16,1988-05-22,False,1988-05-22,False
2b376a5787033309,search,references/external/Time-MMD/textual/SocialGood/SocialGood_search.csv,,1988-05-23,1988-05-29,False,1988-05-29,False
1855881d0a81138a,search,references/external/Time-MMD/textual/SocialGood/SocialGood_search.csv,,1988-05-30,1988-06-05,False,1988-06-05,False
e55001f75ea34edc,search,references/external/Time-MMD/textual/SocialGood/SocialGood_search.csv,,1988-06-06,1988-06-12,False,1988-06-12,False
155ac1e04aff35c0,search,references/external/Time-MMD/textual/SocialGood/SocialGood_search.csv,,1988-06-13,1988-06-19,False,1988-06-19,False
4f8cbf72e033b671,search,references/external/Time-MMD/textual/SocialGood/SocialGood_search.csv,,1988-06-27,1988-07-03,False,1988-07-03,False
f11af701ebf595aa,search,references/external/Time-MMD/textual/SocialGood/SocialGood_search.csv,,1988-07-04,1988-07-10,False,1988-07-10,False
9cadb71003071160,search,references/external/Time-MMD/textual/SocialGood/SocialGood_search.csv,,1988-07-11,1988-07-17,False,1988-07-17,False
f4a69511a460062e,search,references/external/Time-MMD/textual/SocialGood/SocialGood_search.csv,,1988-07-18,1988-07-24,False,1988-07-24,False
2890fc388f0b380a,search,references/external/Time-MMD/textual/SocialGood/SocialGood_search.csv,,1988-07-25,1988-07-31,False,1988-07-31,False
a3726c852cf34517,search,references/external/Time-MMD/textual/SocialGood/SocialGood_search.csv,,1988-08-01,1988-08-07,False,1988-08-07,False
a8f7cff06272758e,search,references/external/Time-MMD/textual/SocialGood/SocialGood_search.csv,,1988-08-15,1988-08-21,False,1988-08-21,False
f1144d20c8ff1bbf,search,references/external/Time-MMD/textual/SocialGood/SocialGood_search.csv,,1988-08-22,1988-08-28,False,1988-08-28,False
ad256c2711e2feb3,search,references/external/Time-MMD/textual/SocialGood/SocialGood_search.csv,,1988-08-29,1988-09-04,False,1988-09-04,False
1011414d69efa105,search,references/external/Time-MMD/textual/SocialGood/SocialGood_search.csv,,1988-09-05,1988-09-11,False,1988-09-11,False
ad011e8643d49a34,search,references/external/Time-MMD/textual/SocialGood/SocialGood_search.csv,,1988-09-12,1988-09-18,False,1988-09-18,False
0126e8bb4225b080,search,references/external/Time-MMD/textual/SocialGood/SocialGood_search.csv,,1988-09-19,1988-09-25,False,1988-09-25,False
3ba7d42d8274b930,search,references/external/Time-MMD/textual/SocialGood/SocialGood_search.csv,,1988-09-26,1988-10-02,False,1988-10-02,False
97a1b85b09df9ae5,search,references/external/Time-MMD/textual/SocialGood/SocialGood_search.csv,,1988-10-03,1988-10-09,False,1988-10-09,False
5c2c6e5ed746e776,search,references/external/Time-MMD/textual/SocialGood/SocialGood_search.csv,,1988-10-10,1988-10-16,False,1988-10-16,False
85b3e943b1920eb5,search,references/external/Time-MMD/textual/SocialGood/SocialGood_search.csv,,1988-10-17,1988-10-23,False,1988-10-23,False
3b0ae911f933c63a,search,references/external/Time-MMD/textual/SocialGood/SocialGood_search.csv,,1988-10-24,1988-10-30,False,1988-10-30,False
c34b50419d793fe4,search,references/external/Time-MMD/textual/SocialGood/SocialGood_search.csv,,1988-10-31,1988-11-06,False,1988-11-06,False
1bb5d596935473ac,search,references/external/Time-MMD/textual/SocialGood/SocialGood_search.csv,,1988-11-07,1988-11-13,False,1988-11-13,False
a1b617844bd308d1,search,references/external/Time-MMD/textual/SocialGood/SocialGood_search.csv,,1988-11-14,1988-11-20,False,1988-11-20,False
bf874f46f11f2ac9,search,references/external/Time-MMD/textual/SocialGood/SocialGood_search.csv,,1988-11-21,1988-11-27,False,1988-11-27,False
362db749083c7e6d,search,references/external/Time-MMD/textual/SocialGood/SocialGood_search.csv,,1988-11-28,1988-12-04,False,1988-12-04,False
30e32ee192e94536,search,references/external/Time-MMD/textual/SocialGood/SocialGood_search.csv,,1988-12-12,1988-12-18,False,1988-12-18,False
a384d543cf6f6701,search,references/external/Time-MMD/textual/SocialGood/SocialGood_search.csv,,1988-12-19,1988-12-25,False,1988-12-25,False
5ea19d82f533c73a,search,references/external/Time-MMD/textual/SocialGood/SocialGood_search.csv,,1988-12-26,1989-01-01,False,1989-01-01,False
c1711f848cb47013,search,references/external/Time-MMD/textual/SocialGood/SocialGood_search.csv,,1989-01-09,1989-01-15,False,1989-01-15,False
7258a56d3bbaeb46,search,references/external/Time-MMD/textual/SocialGood/SocialGood_search.csv,,1989-01-30,1989-02-05,False,1989-02-05,False
694da9247d76d32f,search,references/external/Time-MMD/textual/SocialGood/SocialGood_search.csv,,1989-02-13,1989-02-19,False,1989-02-19,False
1a81f0f969aa5a4c,search,references/external/Time-MMD/textual/SocialGood/SocialGood_search.csv,,1989-02-27,1989-03-05,False,1989-03-05,False
8c6fc6256c5e7938,search,references/external/Time-MMD/textual/SocialGood/SocialGood_search.csv,,1989-03-06,1989-03-12,False,1989-03-12,False
85583835f449cd9a,search,references/external/Time-MMD/textual/SocialGood/SocialGood_search.csv,,1989-03-13,1989-03-19,False,1989-03-19,False
d18d9c8905e660e3,search,references/external/Time-MMD/textual/SocialGood/SocialGood_search.csv,,1989-03-27,1989-04-02,False,1989-04-02,False
f45a0442c51385a3,search,references/external/Time-MMD/textual/SocialGood/SocialGood_search.csv,,1989-04-10,1989-04-16,False,1989-04-16,False
4da7b82f5dc822cf,search,references/external/Time-MMD/textual/SocialGood/SocialGood_search.csv,,1989-05-01,1989-05-07,False,1989-05-07,False
f9a4060fa8cd343b,search,references/external/Time-MMD/textual/SocialGood/SocialGood_search.csv,,1989-05-08,1989-05-14,False,1989-05-14,False
712c04e952bbca07,search,references/external/Time-MMD/textual/SocialGood/SocialGood_search.csv,,1989-05-15,1989-05-21,False,1989-05-21,False
7fdea7c924ca1ff8,search,references/external/Time-MMD/textual/SocialGood/SocialGood_search.csv,,1989-05-22,1989-05-28,False,1989-05-28,False
aaf74db1baeebd6f,search,references/external/Time-MMD/textual/SocialGood/SocialGood_search.csv,,1989-05-29,1989-06-04,False,1989-06-04,False
a604f0eb9e9d7a69,search,references/external/Time-MMD/textual/SocialGood/SocialGood_search.csv,,1989-06-05,1989-06-11,False,1989-06-11,False
226b0ea51f91d766,search,references/external/Time-MMD/textual/SocialGood/SocialGood_search.csv,,1989-06-12,1989-06-18,False,1989-06-18,False
6aa3732e3b6682d5,search,references/external/Time-MMD/textual/SocialGood/SocialGood_search.csv,,1989-06-26,1989-07-02,False,1989-07-02,False
1528be86f24b1131,search,references/external/Time-MMD/textual/SocialGood/SocialGood_search.csv,,1989-07-03,1989-07-09,False,1989-07-09,False
3e832330916c8097,search,references/external/Time-MMD/textual/SocialGood/SocialGood_search.csv,,1989-07-24,1989-07-30,False,1989-07-30,False
d4d1a13f9da56301,search,references/external/Time-MMD/textual/SocialGood/SocialGood_search.csv,,1989-07-31,1989-08-06,False,1989-08-06,False
0becc70c16a90b9b,search,references/external/Time-MMD/textual/SocialGood/SocialGood_search.csv,,1989-08-07,1989-08-13,False,1989-08-13,False
adf072c265129d35,search,references/external/Time-MMD/textual/SocialGood/SocialGood_search.csv,,1989-08-14,1989-08-20,False,1989-08-20,False
fd156e79b8e00e9e,search,references/external/Time-MMD/textual/SocialGood/SocialGood_search.csv,,1989-08-28,1989-09-03,False,1989-09-03,False
c1ad14a03b30361d,search,references/external/Time-MMD/textual/SocialGood/SocialGood_search.csv,,1989-09-11,1989-09-17,False,1989-09-17,False
4fc04c3c7ad0d0ab,search,references/external/Time-MMD/textual/SocialGood/SocialGood_search.csv,,1989-09-25,1989-10-01,False,1989-10-01,False
280b1bb6f558b13f,search,references/external/Time-MMD/textual/SocialGood/SocialGood_search.csv,,1989-10-02,1989-10-08,False,1989-10-08,False
693ef4de28925a9f,search,references/external/Time-MMD/textual/SocialGood/SocialGood_search.csv,,1989-10-09,1989-10-15,False,1989-10-15,False
80fd695c5d73fda8,search,references/external/Time-MMD/textual/SocialGood/SocialGood_search.csv,,1989-10-16,1989-10-22,False,1989-10-22,False
512f22d85cb3c566,search,references/external/Time-MMD/textual/SocialGood/SocialGood_search.csv,,1989-10-30,1989-11-05,False,1989-11-05,False
1fc97ca428dc8be5,search,references/external/Time-MMD/textual/SocialGood/SocialGood_search.csv,,1989-11-06,1989-11-12,False,1989-11-12,False
d8e39c844e76b15a,search,references/external/Time-MMD/textual/SocialGood/SocialGood_search.csv,,1989-11-13,1989-11-19,False,1989-11-19,False
d373580edec1a667,search,references/external/Time-MMD/textual/SocialGood/SocialGood_search.csv,,1989-11-20,1989-11-26,False,1989-11-26,False
7ab6b7793102b1bc,search,references/external/Time-MMD/textual/SocialGood/SocialGood_search.csv,,1989-12-04,1989-12-10,False,1989-12-10,False
76d9119d63f20028,search,references/external/Time-MMD/textual/SocialGood/SocialGood_search.csv,,1989-12-11,1989-12-17,False,1989-12-17,False
2d32bbe25a96f4cf,search,references/external/Time-MMD/textual/SocialGood/SocialGood_search.csv,,1990-01-01,1990-01-07,False,1990-01-07,False
9ac4e0b8eff72818,search,references/external/Time-MMD/textual/SocialGood/SocialGood_search.csv,,1990-01-15,1990-01-21,False,1990-01-21,False
0bec08ea9e1bef6a,search,references/external/Time-MMD/textual/SocialGood/SocialGood_search.csv,,1990-01-29,1990-02-04,False,1990-02-04,False
21f2886295340990,search,references/external/Time-MMD/textual/SocialGood/SocialGood_search.csv,,1990-02-05,1990-02-11,False,1990-02-11,False
900ee54ee9d97dd1,search,references/external/Time-MMD/textual/SocialGood/SocialGood_search.csv,,1990-02-12,1990-02-18,False,1990-02-18,False
2992c0fdf68757f1,search,references/external/Time-MMD/textual/SocialGood/SocialGood_search.csv,,1990-02-19,1990-02-25,False,1990-02-25,False
4ba888610e3ced9c,search,references/external/Time-MMD/textual/SocialGood/SocialGood_search.csv,,1990-02-26,1990-03-04,False,1990-03-04,False
3678cff35f36ec36,search,references/external/Time-MMD/textual/SocialGood/SocialGood_search.csv,,1990-03-05,1990-03-11,False,1990-03-11,False
462c0de30812e317,search,references/external/Time-MMD/textual/SocialGood/SocialGood_search.csv,,1990-03-12,1990-03-18,False,1990-03-18,False
05e370c2698d1543,search,references/external/Time-MMD/textual/SocialGood/SocialGood_search.csv,,1990-03-19,1990-03-25,False,1990-03-25,False
2de70f0412501726,search,references/external/Time-MMD/textual/SocialGood/SocialGood_search.csv,,1990-03-26,1990-04-01,False,1990-04-01,False
472052b22211b78f,search,references/external/Time-MMD/textual/SocialGood/SocialGood_search.csv,,1990-04-02,1990-04-08,False,1990-04-08,False
d0078f98030c2136,search,references/external/Time-MMD/textual/SocialGood/SocialGood_search.csv,,1990-04-09,1990-04-15,False,1990-04-15,False
7ee730a4143c0fe2,search,references/external/Time-MMD/textual/SocialGood/SocialGood_search.csv,,1990-04-16,1990-04-22,False,1990-04-22,False
f5cb05414dc6aa74,search,references/external/Time-MMD/textual/SocialGood/SocialGood_search.csv,,1990-04-23,1990-04-29,False,1990-04-29,False
8c6f5924fc398292,search,references/external/Time-MMD/textual/SocialGood/SocialGood_search.csv,,1990-04-30,1990-05-06,False,1990-05-06,False
4c29d6e028dc4985,search,references/external/Time-MMD/textual/SocialGood/SocialGood_search.csv,,1990-05-07,1990-05-13,False,1990-05-13,False
8d41a3e67c97fb55,search,references/external/Time-MMD/textual/SocialGood/SocialGood_search.csv,,1990-05-14,1990-05-20,False,1990-05-20,False
79e787c01b47ece5,search,references/external/Time-MMD/textual/SocialGood/SocialGood_search.csv,,1990-05-21,1990-05-27,False,1990-05-27,False
f30c767f36b2a8fb,search,references/external/Time-MMD/textual/SocialGood/SocialGood_search.csv,,1990-05-28,1990-06-03,False,1990-06-03,False
222cf550004abff9,search,references/external/Time-MMD/textual/SocialGood/SocialGood_search.csv,,1990-06-11,1990-06-17,False,1990-06-17,False
dd54165067fe8ab2,search,references/external/Time-MMD/textual/SocialGood/SocialGood_search.csv,,1990-06-25,1990-07-01,False,1990-07-01,False
110e5409bd6800e1,search,references/external/Time-MMD/textual/SocialGood/SocialGood_search.csv,,1990-07-02,1990-07-08,False,1990-07-08,False
73e86ad788b7e64a,search,references/external/Time-MMD/textual/SocialGood/SocialGood_search.csv,,1990-07-09,1990-07-15,False,1990-07-15,False
3c4d89f11abea0f3,search,references/external/Time-MMD/textual/SocialGood/SocialGood_search.csv,,1990-07-16,1990-07-22,False,1990-07-22,False
45330367fe4a7968,search,references/external/Time-MMD/textual/SocialGood/SocialGood_search.csv,,1990-07-23,1990-07-29,False,1990-07-29,False
455a32ccf216d625,search,references/external/Time-MMD/textual/SocialGood/SocialGood_search.csv,,1990-07-30,1990-08-05,False,1990-08-05,False
839071f3d5f4bd7b,search,references/external/Time-MMD/textual/SocialGood/SocialGood_search.csv,,1990-08-06,1990-08-12,False,1990-08-12,False
888d950fb4053546,search,references/external/Time-MMD/textual/SocialGood/SocialGood_search.csv,,1990-08-13,1990-08-19,False,1990-08-19,False
0b79813495d41905,search,references/external/Time-MMD/textual/SocialGood/SocialGood_search.csv,,1990-08-20,1990-08-26,False,1990-08-26,False
1e22163942f58c80,search,references/external/Time-MMD/textual/SocialGood/SocialGood_search.csv,,1990-08-27,1990-09-02,False,1990-09-02,False
814e986516781714,search,references/external/Time-MMD/textual/SocialGood/SocialGood_search.csv,,1990-09-03,1990-09-09,False,1990-09-09,False
b99ed3f0967cba50,search,references/external/Time-MMD/textual/SocialGood/SocialGood_search.csv,,1990-09-10,1990-09-16,False,1990-09-16,False
c99b241fdf7e7cd0,search,references/external/Time-MMD/textual/SocialGood/SocialGood_search.csv,,1990-09-17,1990-09-23,False,1990-09-23,False
65c667f94413b4cb,search,references/external/Time-MMD/textual/SocialGood/SocialGood_search.csv,,1990-10-01,1990-10-07,False,1990-10-07,False
4c7a708da1b1326a,search,references/external/Time-MMD/textual/SocialGood/SocialGood_search.csv,,1990-10-15,1990-10-21,False,1990-10-21,False
075c8a1907eca89f,search,references/external/Time-MMD/textual/SocialGood/SocialGood_search.csv,,1990-10-22,1990-10-28,False,1990-10-28,False
e91893ff711127e5,search,references/external/Time-MMD/textual/SocialGood/SocialGood_search.csv,,1990-10-29,1990-11-04,False,1990-11-04,False
1f9841b9afc16a26,search,references/external/Time-MMD/textual/SocialGood/SocialGood_search.csv,,1990-11-05,1990-11-11,False,1990-11-11,False
fd6155e29405d450,search,references/external/Time-MMD/textual/SocialGood/SocialGood_search.csv,,1990-11-12,1990-11-18,False,1990-11-18,False
cde2a2cfd0c8d91b,search,references/external/Time-MMD/textual/SocialGood/SocialGood_search.csv,,1990-11-19,1990-11-25,False,1990-11-25,False
5cc1601dbdd78097,search,references/external/Time-MMD/textual/SocialGood/SocialGood_search.csv,,1990-11-26,1990-12-02,False,1990-12-02,False
9866ba7de53493f8,search,references/external/Time-MMD/textual/SocialGood/SocialGood_search.csv,,1990-12-03,1990-12-09,False,1990-12-09,False
c6773660c45f4b1e,search,references/external/Time-MMD/textual/SocialGood/SocialGood_search.csv,,1990-12-10,1990-12-16,False,1990-12-16,False
b43179d8d98d3827,search,references/external/Time-MMD/textual/SocialGood/SocialGood_search.csv,,1990-12-17,1990-12-23,False,1990-12-23,False
e15439a624cfc490,search,references/external/Time-MMD/textual/SocialGood/SocialGood_search.csv,,1990-12-31,1991-01-06,False,1991-01-06,False
8786752179823358,search,references/external/Time-MMD/textual/SocialGood/SocialGood_search.csv,,1991-01-14,1991-01-20,False,1991-01-20,False
683bd0f8656efed5,search,references/external/Time-MMD/textual/SocialGood/SocialGood_search.csv,,1991-01-28,1991-02-03,False,1991-02-03,False
b75f5090ca96e25f,search,references/external/Time-MMD/textual/SocialGood/SocialGood_search.csv,,1991-02-04,1991-02-10,False,1991-02-10,False
4028ea85f7edc31f,search,references/external/Time-MMD/textual/SocialGood/SocialGood_search.csv,,1991-02-11,1991-02-17,False,1991-02-17,False
6cfd39e746af9417,search,references/external/Time-MMD/textual/SocialGood/SocialGood_search.csv,,1991-02-18,1991-02-24,False,1991-02-24,False
01a57aa6c4634b0d,search,references/external/Time-MMD/textual/SocialGood/SocialGood_search.csv,,1991-02-25,1991-03-03,False,1991-03-03,False
13018406b7e41c46,search,references/external/Time-MMD/textual/SocialGood/SocialGood_search.csv,,1991-03-04,1991-03-10,False,1991-03-10,False
fdd59dabaeb74e49,search,references/external/Time-MMD/textual/SocialGood/SocialGood_search.csv,,1991-03-11,1991-03-17,False,1991-03-17,False
8e1dbb116012256f,search,references/external/Time-MMD/textual/SocialGood/SocialGood_search.csv,,1991-03-25,1991-03-31,False,1991-03-31,False
ea2aa8b47a2b32f1,search,references/external/Time-MMD/textual/SocialGood/SocialGood_search.csv,,1991-04-01,1991-04-07,False,1991-04-07,False
131e0ec091c1e7c4,search,references/external/Time-MMD/textual/SocialGood/SocialGood_search.csv,,1991-04-15,1991-04-21,False,1991-04-21,False
8e11bdf9aed644f2,search,references/external/Time-MMD/textual/SocialGood/SocialGood_search.csv,,1991-04-29,1991-05-05,False,1991-05-05,False
83982e69a7e79798,search,references/external/Time-MMD/textual/SocialGood/SocialGood_search.csv,,1991-05-06,1991-05-12,False,1991-05-12,False
0dfa4d43ddbbc280,search,references/external/Time-MMD/textual/SocialGood/SocialGood_search.csv,,1991-05-13,1991-05-19,False,1991-05-19,False
558bcd7adb89e1c7,search,references/external/Time-MMD/textual/SocialGood/SocialGood_search.csv,,1991-05-20,1991-05-26,False,1991-05-26,False
a506c6b294760b6b,search,references/external/Time-MMD/textual/SocialGood/SocialGood_search.csv,,1991-05-27,1991-06-02,False,1991-06-02,False
e7edccb24f880db3,search,references/external/Time-MMD/textual/SocialGood/SocialGood_search.csv,,1991-06-10,1991-06-16,False,1991-06-16,False
12e4a3674a3998c0,search,references/external/Time-MMD/textual/SocialGood/SocialGood_search.csv,,1991-07-01,1991-07-07,False,1991-07-07,False
bdafa5af48aea8a1,search,references/external/Time-MMD/textual/SocialGood/SocialGood_search.csv,,1991-07-08,1991-07-14,False,1991-07-14,False
7b91f7d37b32a88a,search,references/external/Time-MMD/textual/SocialGood/SocialGood_search.csv,,1991-07-15,1991-07-21,False,1991-07-21,False
83c992293e654b0d,search,references/external/Time-MMD/textual/SocialGood/SocialGood_search.csv,,1991-07-22,1991-07-28,False,1991-07-28,False
5c65860791837857,search,references/external/Time-MMD/textual/SocialGood/SocialGood_search.csv,,1991-07-29,1991-08-04,False,1991-08-04,False
b7c6bce0070ae6fa,search,references/external/Time-MMD/textual/SocialGood/SocialGood_search.csv,,1991-08-05,1991-08-11,False,1991-08-11,False
26a8951bc2f2de57,search,references/external/Time-MMD/textual/SocialGood/SocialGood_search.csv,,1991-08-12,1991-08-18,False,1991-08-18,False
2218167e6621a2f4,search,references/external/Time-MMD/textual/SocialGood/SocialGood_search.csv,,1991-08-19,1991-08-25,False,1991-08-25,False
0fd9c52155231e37,search,references/external/Time-MMD/textual/SocialGood/SocialGood_search.csv,,1991-08-26,1991-09-01,False,1991-09-01,False
a88aeea75f7f434a,search,references/external/Time-MMD/textual/SocialGood/SocialGood_search.csv,,1991-09-02,1991-09-08,False,1991-09-08,False
2e2609667c3d9bb9,search,references/external/Time-MMD/textual/SocialGood/SocialGood_search.csv,,1991-09-09,1991-09-15,False,1991-09-15,False
f610749d74906a97,search,references/external/Time-MMD/textual/SocialGood/SocialGood_search.csv,,1991-09-16,1991-09-22,False,1991-09-22,False
d63887d37c76765c,search,references/external/Time-MMD/textual/SocialGood/SocialGood_search.csv,,1991-09-23,1991-09-29,False,1991-09-29,False
7d35042381b4b2b1,search,references/external/Time-MMD/textual/SocialGood/SocialGood_search.csv,,1991-09-30,1991-10-06,False,1991-10-06,False
a178c4f4ea3e9b4a,search,references/external/Time-MMD/textual/SocialGood/SocialGood_search.csv,,1991-10-14,1991-10-20,False,1991-10-20,False
d2a425777d140065,search,references/external/Time-MMD/textual/SocialGood/SocialGood_search.csv,,1991-10-21,1991-10-27,False,1991-10-27,False
e9a07209908f174c,search,references/external/Time-MMD/textual/SocialGood/SocialGood_search.csv,,1991-10-28,1991-11-03,False,1991-11-03,False
1cb11dfaee32a7c6,search,references/external/Time-MMD/textual/SocialGood/SocialGood_search.csv,,1991-11-04,1991-11-10,False,1991-11-10,False
4ddbe5b32e4d2a63,search,references/external/Time-MMD/textual/SocialGood/SocialGood_search.csv,,1991-11-11,1991-11-17,False,1991-11-17,False
dd5a809f21c4dba1,search,references/external/Time-MMD/textual/SocialGood/SocialGood_search.csv,,1991-11-18,1991-11-24,False,1991-11-24,False
065768a04d349ce3,search,references/external/Time-MMD/textual/SocialGood/SocialGood_search.csv,,1991-11-25,1991-12-01,False,1991-12-01,False
924210a7c23367ad,search,references/external/Time-MMD/textual/SocialGood/SocialGood_search.csv,,1991-12-02,1991-12-08,False,1991-12-08,False
17e2b86f497a844a,search,references/external/Time-MMD/textual/SocialGood/SocialGood_search.csv,,1991-12-09,1991-12-15,False,1991-12-15,False
fc34e1ab035a4d89,search,references/external/Time-MMD/textual/SocialGood/SocialGood_search.csv,,1991-12-16,1991-12-22,False,1991-12-22,False
fe2926c3ef6e11ac,search,references/external/Time-MMD/textual/SocialGood/SocialGood_search.csv,,1991-12-23,1991-12-29,False,1991-12-29,False
82a1f567d107daba,search,references/external/Time-MMD/textual/SocialGood/SocialGood_search.csv,,1991-12-30,1992-01-05,False,1992-01-05,False
ab0997d089a45628,search,references/external/Time-MMD/textual/SocialGood/SocialGood_search.csv,,1992-01-06,1992-01-12,False,1992-01-12,False
afca634e1819b90d,search,references/external/Time-MMD/textual/SocialGood/SocialGood_search.csv,,1992-01-13,1992-01-19,False,1992-01-19,False
515bca8d10199534,search,references/external/Time-MMD/textual/SocialGood/SocialGood_search.csv,,1992-01-20,1992-01-26,False,1992-01-26,False
95914aa636e754a9,search,references/external/Time-MMD/textual/SocialGood/SocialGood_search.csv,,1992-01-27,1992-02-02,False,1992-02-02,False
1d6b28271b533e1e,search,references/external/Time-MMD/textual/SocialGood/SocialGood_search.csv,,1992-02-03,1992-02-09,False,1992-02-09,False
ac05886cdafa3374,search,references/external/Time-MMD/textual/SocialGood/SocialGood_search.csv,,1992-02-10,1992-02-16,False,1992-02-16,False
2024254bbeb9bc4a,search,references/external/Time-MMD/textual/SocialGood/SocialGood_search.csv,,1992-02-17,1992-02-23,False,1992-02-23,False
371779140cca0c7c,search,references/external/Time-MMD/textual/SocialGood/SocialGood_search.csv,,1992-02-24,1992-03-01,False,1992-03-01,False
fcc89620fb604d0b,search,references/external/Time-MMD/textual/SocialGood/SocialGood_search.csv,,1992-03-09,1992-03-15,False,1992-03-15,False
145e9359c3f86798,search,references/external/Time-MMD/textual/SocialGood/SocialGood_search.csv,,1992-03-16,1992-03-22,False,1992-03-22,False
9605bf457900c4cd,search,references/external/Time-MMD/textual/SocialGood/SocialGood_search.csv,,1992-03-23,1992-03-29,False,1992-03-29,False
08b5cf6ae3e77a00,search,references/external/Time-MMD/textual/SocialGood/SocialGood_search.csv,,1992-03-30,1992-04-05,False,1992-04-05,False
9ef24d483f1525cb,search,references/external/Time-MMD/textual/SocialGood/SocialGood_search.csv,,1992-04-06,1992-04-12,False,1992-04-12,False
55c1d6bdbb59fe9a,search,references/external/Time-MMD/textual/SocialGood/SocialGood_search.csv,,1992-04-13,1992-04-19,False,1992-04-19,False
d6aae7b043496033,search,references/external/Time-MMD/textual/SocialGood/SocialGood_search.csv,,1992-04-20,1992-04-26,False,1992-04-26,False
636a658d1226a2f4,search,references/external/Time-MMD/textual/SocialGood/SocialGood_search.csv,,1992-04-27,1992-05-03,False,1992-05-03,False
481140738b30a730,search,references/external/Time-MMD/textual/SocialGood/SocialGood_search.csv,,1992-05-04,1992-05-10,False,1992-05-10,False
3ac1fd16c4c4595b,search,references/external/Time-MMD/textual/SocialGood/SocialGood_search.csv,,1992-05-11,1992-05-17,False,1992-05-17,False
f7ee5f98a2deb381,search,references/external/Time-MMD/textual/SocialGood/SocialGood_search.csv,,1992-05-18,1992-05-24,False,1992-05-24,False
19951bcb63f4a516,search,references/external/Time-MMD/textual/SocialGood/SocialGood_search.csv,,1992-05-25,1992-05-31,False,1992-05-31,False
b17e746cdee8a9d4,search,references/external/Time-MMD/textual/SocialGood/SocialGood_search.csv,,1992-06-01,1992-06-07,False,1992-06-07,False
eaf22b8b45cd17c6,search,references/external/Time-MMD/textual/SocialGood/SocialGood_search.csv,,1992-06-08,1992-06-14,False,1992-06-14,False
31c24e2db5f42a30,search,references/external/Time-MMD/textual/SocialGood/SocialGood_search.csv,,1992-06-15,1992-06-21,False,1992-06-21,False
8cbf6473f5620826,search,references/external/Time-MMD/textual/SocialGood/SocialGood_search.csv,,1992-06-29,1992-07-05,False,1992-07-05,False
2b1b41b3c11286b2,search,references/external/Time-MMD/textual/SocialGood/SocialGood_search.csv,,1992-07-06,1992-07-12,False,1992-07-12,False
66a509fb923f6f30,search,references/external/Time-MMD/textual/SocialGood/SocialGood_search.csv,,1992-07-13,1992-07-19,False,1992-07-19,False
d7edc4708e7294f7,search,references/external/Time-MMD/textual/SocialGood/SocialGood_search.csv,,1992-07-20,1992-07-26,False,1992-07-26,False
864d5c19758847e8,search,references/external/Time-MMD/textual/SocialGood/SocialGood_search.csv,,1992-07-27,1992-08-02,False,1992-08-02,False
b93a4a2abf964bde,search,references/external/Time-MMD/textual/SocialGood/SocialGood_search.csv,,1992-08-03,1992-08-09,False,1992-08-09,False
d36435fda553cda2,search,references/external/Time-MMD/textual/SocialGood/SocialGood_search.csv,,1992-08-10,1992-08-16,False,1992-08-16,False
b532751f3d6fce2b,search,references/external/Time-MMD/textual/SocialGood/SocialGood_search.csv,,1992-08-17,1992-08-23,False,1992-08-23,False
bf93f8f537a1816c,search,references/external/Time-MMD/textual/SocialGood/SocialGood_search.csv,,1992-08-24,1992-08-30,False,1992-08-30,False
3c4250c66dd59a8f,search,references/external/Time-MMD/textual/SocialGood/SocialGood_search.csv,,1992-08-31,1992-09-06,False,1992-09-06,False
2f644b41bf43a219,search,references/external/Time-MMD/textual/SocialGood/SocialGood_search.csv,,1992-09-14,1992-09-20,False,1992-09-20,False
21beac559faa391b,search,references/external/Time-MMD/textual/SocialGood/SocialGood_search.csv,,1992-09-21,1992-09-27,False,1992-09-27,False
e42c5d79c64d8785,search,references/external/Time-MMD/textual/SocialGood/SocialGood_search.csv,,1992-09-28,1992-10-04,False,1992-10-04,False
4a71af54e7a3824b,search,references/external/Time-MMD/textual/SocialGood/SocialGood_search.csv,,1992-10-05,1992-10-11,False,1992-10-11,False
3303a24531093352,search,references/external/Time-MMD/textual/SocialGood/SocialGood_search.csv,,1992-10-12,1992-10-18,False,1992-10-18,False
11d5d3d36c2c91af,search,references/external/Time-MMD/textual/SocialGood/SocialGood_search.csv,,1992-10-19,1992-10-25,False,1992-10-25,False
89c8985b3a127583,search,references/external/Time-MMD/textual/SocialGood/SocialGood_search.csv,,1992-10-26,1992-11-01,False,1992-11-01,False
0f4b136d0bf6a1ad,search,references/external/Time-MMD/textual/SocialGood/SocialGood_search.csv,,1992-11-02,1992-11-08,False,1992-11-08,False
8b6a51e7de8d6d98,search,references/external/Time-MMD/textual/SocialGood/SocialGood_search.csv,,1992-11-09,1992-11-15,False,1992-11-15,False
fb39af49e3a698cf,search,references/external/Time-MMD/textual/SocialGood/SocialGood_search.csv,,1992-11-16,1992-11-22,False,1992-11-22,False
c83a59487277e2a8,search,references/external/Time-MMD/textual/SocialGood/SocialGood_search.csv,,1992-11-23,1992-11-29,False,1992-11-29,False
f9899bb7cc0cedde,search,references/external/Time-MMD/textual/SocialGood/SocialGood_search.csv,,1992-11-30,1992-12-06,False,1992-12-06,False
59d4b344cbb97458,search,references/external/Time-MMD/textual/SocialGood/SocialGood_search.csv,,1992-12-07,1992-12-13,False,1992-12-13,False
286059ca7bcd3892,search,references/external/Time-MMD/textual/SocialGood/SocialGood_search.csv,,1992-12-14,1992-12-20,False,1992-12-20,False
46f962641ee16e56,search,references/external/Time-MMD/textual/SocialGood/SocialGood_search.csv,,1992-12-21,1992-12-27,False,1992-12-27,False
bd756c191c7c8136,search,references/external/Time-MMD/textual/SocialGood/SocialGood_search.csv,,1992-12-28,1993-01-03,False,1993-01-03,False
43413bca4e118e62,search,references/external/Time-MMD/textual/SocialGood/SocialGood_search.csv,,1993-01-04,1993-01-10,False,1993-01-10,False
daef6ee834bb2579,search,references/external/Time-MMD/textual/SocialGood/SocialGood_search.csv,,1993-01-11,1993-01-17,False,1993-01-17,False
995b1f826fc0b407,search,references/external/Time-MMD/textual/SocialGood/SocialGood_search.csv,,1993-01-18,1993-01-24,False,1993-01-24,False
e9ccf5e8b8f1ce5f,search,references/external/Time-MMD/textual/SocialGood/SocialGood_search.csv,,1993-01-25,1993-01-31,False,1993-01-31,False
7706731c5f96d211,search,references/external/Time-MMD/textual/SocialGood/SocialGood_search.csv,,1993-02-15,1993-02-21,False,1993-02-21,False
afdd20115c98cf1e,search,references/external/Time-MMD/textual/SocialGood/SocialGood_search.csv,,1993-02-22,1993-02-28,False,1993-02-28,False
a9a949768f7efb04,search,references/external/Time-MMD/textual/SocialGood/SocialGood_search.csv,,1993-03-08,1993-03-14,False,1993-03-14,False
c26df373e3c84ab3,search,references/external/Time-MMD/textual/SocialGood/SocialGood_search.csv,,1993-03-15,1993-03-21,False,1993-03-21,False
58fa32ab35f133a7,search,references/external/Time-MMD/textual/SocialGood/SocialGood_search.csv,,1993-03-22,1993-03-28,False,1993-03-28,False
77ca52c2c7777c3f,search,references/external/Time-MMD/textual/SocialGood/SocialGood_search.csv,,1993-03-29,1993-04-04,False,1993-04-04,False
7388062008ba3e81,search,references/external/Time-MMD/textual/SocialGood/SocialGood_search.csv,,1993-04-12,1993-04-18,False,1993-04-18,False
673213f0a20d8640,search,references/external/Time-MMD/textual/SocialGood/SocialGood_search.csv,,1993-04-19,1993-04-25,False,1993-04-25,False
98e951087bf2e6f0,search,references/external/Time-MMD/textual/SocialGood/SocialGood_search.csv,,1993-04-26,1993-05-02,False,1993-05-02,False
57f06574ffb71236,search,references/external/Time-MMD/textual/SocialGood/SocialGood_search.csv,,1993-05-03,1993-05-09,False,1993-05-09,False
a81c69c7f5c6879b,search,references/external/Time-MMD/textual/SocialGood/SocialGood_search.csv,,1993-05-10,1993-05-16,False,1993-05-16,False
9a81f7d262fc4a0b,search,references/external/Time-MMD/textual/SocialGood/SocialGood_search.csv,,1993-05-17,1993-05-23,False,1993-05-23,False
5661b10520aed108,search,references/external/Time-MMD/textual/SocialGood/SocialGood_search.csv,,1993-05-24,1993-05-30,False,1993-05-30,False
bac9d40415581122,search,references/external/Time-MMD/textual/SocialGood/SocialGood_search.csv,,1993-05-31,1993-06-06,False,1993-06-06,False
9db388605b68608e,search,references/external/Time-MMD/textual/SocialGood/SocialGood_search.csv,,1993-06-07,1993-06-13,False,1993-06-13,False
aec567565bb0d293,search,references/external/Time-MMD/textual/SocialGood/SocialGood_search.csv,,1993-06-14,1993-06-20,False,1993-06-20,False
6545eb27cdb23703,search,references/external/Time-MMD/textual/SocialGood/SocialGood_search.csv,,1993-06-21,1993-06-27,False,1993-06-27,False
26943f830f2d4800,search,references/external/Time-MMD/textual/SocialGood/SocialGood_search.csv,,1993-06-28,1993-07-04,False,1993-07-04,False
ba29be6712dcaf7a,search,references/external/Time-MMD/textual/SocialGood/SocialGood_search.csv,,1993-07-05,1993-07-11,False,1993-07-11,False
60b4f2f665c46e21,search,references/external/Time-MMD/textual/SocialGood/SocialGood_search.csv,,1993-07-12,1993-07-18,False,1993-07-18,False
3ff6a401e1f71ac8,search,references/external/Time-MMD/textual/SocialGood/SocialGood_search.csv,,1993-07-19,1993-07-25,False,1993-07-25,False
a393675e9c6c56af,search,references/external/Time-MMD/textual/SocialGood/SocialGood_search.csv,,1993-07-26,1993-08-01,False,1993-08-01,False
cf9f1a71f7b5412c,search,references/external/Time-MMD/textual/SocialGood/SocialGood_search.csv,,1993-08-02,1993-08-08,False,1993-08-08,False
06535c7d4ecdaa3f,search,references/external/Time-MMD/textual/SocialGood/SocialGood_search.csv,,1993-08-09,1993-08-15,False,1993-08-15,False
6d3cc04e9408ab8d,search,references/external/Time-MMD/textual/SocialGood/SocialGood_search.csv,,1993-08-16,1993-08-22,False,1993-08-22,False
16dbae5a62e9c3fb,search,references/external/Time-MMD/textual/SocialGood/SocialGood_search.csv,,1993-08-23,1993-08-29,False,1993-08-29,False
2d0e08afb11df692,search,references/external/Time-MMD/textual/SocialGood/SocialGood_search.csv,,1993-09-06,1993-09-12,False,1993-09-12,False
c79d6b63165bb886,search,references/external/Time-MMD/textual/SocialGood/SocialGood_search.csv,,1993-09-13,1993-09-19,False,1993-09-19,False
817e3015a687310d,search,references/external/Time-MMD/textual/SocialGood/SocialGood_search.csv,,1993-09-20,1993-09-26,False,1993-09-26,False
b3e5109b7347d892,search,references/external/Time-MMD/textual/SocialGood/SocialGood_search.csv,,1993-09-27,1993-10-03,False,1993-10-03,False
f99bb2241a440dcd,search,references/external/Time-MMD/textual/SocialGood/SocialGood_search.csv,,1993-10-04,1993-10-10,False,1993-10-10,False
b1d2f7d04b380345,search,references/external/Time-MMD/textual/SocialGood/SocialGood_search.csv,,1993-10-11,1993-10-17,False,1993-10-17,False
636160b5c4761399,search,references/external/Time-MMD/textual/SocialGood/SocialGood_search.csv,,1993-10-18,1993-10-24,False,1993-10-24,False
aae9c1f993ea7797,search,references/external/Time-MMD/textual/SocialGood/SocialGood_search.csv,,1993-10-25,1993-10-31,False,1993-10-31,False
2d52dad225ae8e64,search,references/external/Time-MMD/textual/SocialGood/SocialGood_search.csv,,1993-11-01,1993-11-07,False,1993-11-07,False
347e3f4530c3b68f,search,references/external/Time-MMD/textual/SocialGood/SocialGood_search.csv,,1993-11-08,1993-11-14,False,1993-11-14,False
efd150e4c611b5e4,search,references/external/Time-MMD/textual/SocialGood/SocialGood_search.csv,,1993-11-15,1993-11-21,False,1993-11-21,False
f4e42d619b6af6a0,search,references/external/Time-MMD/textual/SocialGood/SocialGood_search.csv,,1993-11-29,1993-12-05,False,1993-12-05,False
4acbacd1e88da02f,search,references/external/Time-MMD/textual/SocialGood/SocialGood_search.csv,,1993-12-06,1993-12-12,False,1993-12-12,False
454571e47759343b,search,references/external/Time-MMD/textual/SocialGood/SocialGood_search.csv,,1993-12-13,1993-12-19,False,1993-12-19,False
37ff6954abef4371,search,references/external/Time-MMD/textual/SocialGood/SocialGood_search.csv,,1993-12-20,1993-12-26,False,1993-12-26,False
65572d49662d0b16,search,references/external/Time-MMD/textual/SocialGood/SocialGood_search.csv,,1993-12-27,1994-01-02,False,1994-01-02,False
973b9c4cd2b94ffb,search,references/external/Time-MMD/textual/SocialGood/SocialGood_search.csv,,1994-01-03,1994-01-09,False,1994-01-09,False
71cc1e40cd5445d0,search,references/external/Time-MMD/textual/SocialGood/SocialGood_search.csv,,1994-01-10,1994-01-16,False,1994-01-16,False
3c7e981650d66d53,search,references/external/Time-MMD/textual/SocialGood/SocialGood_search.csv,,1994-01-17,1994-01-23,False,1994-01-23,False
fdffa356e2a4562b,search,references/external/Time-MMD/textual/SocialGood/SocialGood_search.csv,,1994-01-24,1994-01-30,False,1994-01-30,False
ee34c34f4b3eedf2,search,references/external/Time-MMD/textual/SocialGood/SocialGood_search.csv,,1994-01-31,1994-02-06,False,1994-02-06,False
084d112ba49e16ef,search,references/external/Time-MMD/textual/SocialGood/SocialGood_search.csv,,1994-02-07,1994-02-13,False,1994-02-13,False
50bb979ec2b5580f,search,references/external/Time-MMD/textual/SocialGood/SocialGood_search.csv,,1994-02-14,1994-02-20,False,1994-02-20,False
9a01f0cd4784bc27,search,references/external/Time-MMD/textual/SocialGood/SocialGood_search.csv,,1994-02-21,1994-02-27,False,1994-02-27,False
cf76970a488faac2,search,references/external/Time-MMD/textual/SocialGood/SocialGood_search.csv,,1994-02-28,1994-03-06,False,1994-03-06,False
419c0556b403aa14,search,references/external/Time-MMD/textual/SocialGood/SocialGood_search.csv,,1994-03-14,1994-03-20,False,1994-03-20,False
65a1a089b68a39e5,search,references/external/Time-MMD/textual/SocialGood/SocialGood_search.csv,,1994-03-21,1994-03-27,False,1994-03-27,False
7cfde356bd517b47,search,references/external/Time-MMD/textual/SocialGood/SocialGood_search.csv,,1994-03-28,1994-04-03,False,1994-04-03,False
e49e25b12ddacf2e,search,references/external/Time-MMD/textual/SocialGood/SocialGood_search.csv,,1994-04-04,1994-04-10,False,1994-04-10,False
a50692fa4cbf6304,search,references/external/Time-MMD/textual/SocialGood/SocialGood_search.csv,,1994-04-11,1994-04-17,False,1994-04-17,False
72f2844dad1236da,search,references/external/Time-MMD/textual/SocialGood/SocialGood_search.csv,,1994-04-25,1994-05-01,False,1994-05-01,False
5e723ecb83e39d62,search,references/external/Time-MMD/textual/SocialGood/SocialGood_search.csv,,1994-05-02,1994-05-08,False,1994-05-08,False
b7919eedf69112fe,search,references/external/Time-MMD/textual/SocialGood/SocialGood_search.csv,,1994-05-09,1994-05-15,False,1994-05-15,False
1c878f3f5ea6f97e,search,references/external/Time-MMD/textual/SocialGood/SocialGood_search.csv,,1994-05-16,1994-05-22,False,1994-05-22,False
d53646ca94baf12c,search,references/external/Time-MMD/textual/SocialGood/SocialGood_search.csv,,1994-05-30,1994-06-05,False,1994-06-05,False
33b7cb7f45f88002,search,references/external/Time-MMD/textual/SocialGood/SocialGood_search.csv,,1994-06-06,1994-06-12,False,1994-06-12,False
5cced971d460eb14,search,references/external/Time-MMD/textual/SocialGood/SocialGood_search.csv,,1994-06-20,1994-06-26,False,1994-06-26,False
7452934d36ed662a,search,references/external/Time-MMD/textual/SocialGood/SocialGood_search.csv,,1994-06-27,1994-07-03,False,1994-07-03,False
db318c8d8a60afab,search,references/external/Time-MMD/textual/SocialGood/SocialGood_search.csv,,1994-07-04,1994-07-10,False,1994-07-10,False
1f6df3e742e5af41,search,references/external/Time-MMD/textual/SocialGood/SocialGood_search.csv,,1994-07-11,1994-07-17,False,1994-07-17,False
d71f68a3589fc5f2,search,references/external/Time-MMD/textual/SocialGood/SocialGood_search.csv,,1994-07-18,1994-07-24,False,1994-07-24,False
35bef0b202cd1e85,search,references/external/Time-MMD/textual/SocialGood/SocialGood_search.csv,,1994-07-25,1994-07-31,False,1994-07-31,False
ff71eb4d180b90d8,search,references/external/Time-MMD/textual/SocialGood/SocialGood_search.csv,,1994-08-01,1994-08-07,False,1994-08-07,False
62665b18aec108f0,search,references/external/Time-MMD/textual/SocialGood/SocialGood_search.csv,,1994-08-08,1994-08-14,False,1994-08-14,False
49af422aca60b75c,search,references/external/Time-MMD/textual/SocialGood/SocialGood_search.csv,,1994-08-15,1994-08-21,False,1994-08-21,False
f7d289ec138687bc,search,references/external/Time-MMD/textual/SocialGood/SocialGood_search.csv,,1994-08-22,1994-08-28,False,1994-08-28,False
a1ab38cbb728ae2d,search,references/external/Time-MMD/textual/SocialGood/SocialGood_search.csv,,1994-08-29,1994-09-04,False,1994-09-04,False
9f2b854ebfd76537,search,references/external/Time-MMD/textual/SocialGood/SocialGood_search.csv,,1994-09-12,1994-09-18,False,1994-09-18,False
909e69582efb5ab6,search,references/external/Time-MMD/textual/SocialGood/SocialGood_search.csv,,1994-09-19,1994-09-25,False,1994-09-25,False
4307e53392cae047,search,references/external/Time-MMD/textual/SocialGood/SocialGood_search.csv,,1994-10-03,1994-10-09,False,1994-10-09,False
d9dc74a7579cdebc,search,references/external/Time-MMD/textual/SocialGood/SocialGood_search.csv,,1994-10-10,1994-10-16,False,1994-10-16,False
275da7984de04c14,search,references/external/Time-MMD/textual/SocialGood/SocialGood_search.csv,,1994-10-24,1994-10-30,False,1994-10-30,False
08acb80ddb91b578,search,references/external/Time-MMD/textual/SocialGood/SocialGood_search.csv,,1994-10-31,1994-11-06,False,1994-11-06,False
32643e71af200c54,search,references/external/Time-MMD/textual/SocialGood/SocialGood_search.csv,,1994-11-07,1994-11-13,False,1994-11-13,False
1fbff39c32edffe4,search,references/external/Time-MMD/textual/SocialGood/SocialGood_search.csv,,1994-11-14,1994-11-20,False,1994-11-20,False
af51905d822231f9,search,references/external/Time-MMD/textual/SocialGood/SocialGood_search.csv,,1994-11-21,1994-11-27,False,1994-11-27,False
748ca3ac2f514bf3,search,references/external/Time-MMD/textual/SocialGood/SocialGood_search.csv,,1994-11-28,1994-12-04,False,1994-12-04,False
d8e873286ea89781,search,references/external/Time-MMD/textual/SocialGood/SocialGood_search.csv,,1994-12-05,1994-12-11,False,1994-12-11,False
1879fc8753a75ef6,search,references/external/Time-MMD/textual/SocialGood/SocialGood_search.csv,,1994-12-12,1994-12-18,False,1994-12-18,False
613735d3f75df053,search,references/external/Time-MMD/textual/SocialGood/SocialGood_search.csv,,1994-12-26,1995-01-01,False,1995-01-01,False
5fbc4694551aa7ab,search,references/external/Time-MMD/textual/SocialGood/SocialGood_search.csv,,1995-01-09,1995-01-15,False,1995-01-15,False
8dd89a035f8c2ac0,search,references/external/Time-MMD/textual/SocialGood/SocialGood_search.csv,,1995-01-16,1995-01-22,False,1995-01-22,False
2422afc32438910f,search,references/external/Time-MMD/textual/SocialGood/SocialGood_search.csv,,1995-01-23,1995-01-29,False,1995-01-29,False
90c52054679139c5,search,references/external/Time-MMD/textual/SocialGood/SocialGood_search.csv,,1995-01-30,1995-02-05,False,1995-02-05,False
2c07a9dbefb9aa8c,search,references/external/Time-MMD/textual/SocialGood/SocialGood_search.csv,,1995-02-13,1995-02-19,False,1995-02-19,False
0d9f399dad3aa858,search,references/external/Time-MMD/textual/SocialGood/SocialGood_search.csv,,1995-02-20,1995-02-26,False,1995-02-26,False
610d348aaf19f51a,search,references/external/Time-MMD/textual/SocialGood/SocialGood_search.csv,,1995-02-27,1995-03-05,False,1995-03-05,False
0938611b5f64ca75,search,references/external/Time-MMD/textual/SocialGood/SocialGood_search.csv,,1995-03-06,1995-03-12,False,1995-03-12,False
728e9882be9c9026,search,references/external/Time-MMD/textual/SocialGood/SocialGood_search.csv,,1995-03-13,1995-03-19,False,1995-03-19,False
a2fb26261ed8a093,search,references/external/Time-MMD/textual/SocialGood/SocialGood_search.csv,,1995-03-20,1995-03-26,False,1995-03-26,False
f1f5748d3db23a8f,search,references/external/Time-MMD/textual/SocialGood/SocialGood_search.csv,,1995-03-27,1995-04-02,False,1995-04-02,False
5f9c53da6b12edcc,search,references/external/Time-MMD/textual/SocialGood/SocialGood_search.csv,,1995-04-03,1995-04-09,False,1995-04-09,False
8d8dc744720f8a9e,search,references/external/Time-MMD/textual/SocialGood/SocialGood_search.csv,,1995-04-10,1995-04-16,False,1995-04-16,False
c16042efe4c80ac0,search,references/external/Time-MMD/textual/SocialGood/SocialGood_search.csv,,1995-04-24,1995-04-30,False,1995-04-30,False
2fd9a70c9eca188e,search,references/external/Time-MMD/textual/SocialGood/SocialGood_search.csv,,1995-05-01,1995-05-07,False,1995-05-07,False
41588c5f2dbdb523,search,references/external/Time-MMD/textual/SocialGood/SocialGood_search.csv,,1995-05-08,1995-05-14,False,1995-05-14,False
f1ca922a70a26517,search,references/external/Time-MMD/textual/SocialGood/SocialGood_search.csv,,1995-05-15,1995-05-21,False,1995-05-21,False
5116a863e999b86b,search,references/external/Time-MMD/textual/SocialGood/SocialGood_search.csv,,1995-05-22,1995-05-28,False,1995-05-28,False
4362a829b877c7e6,search,references/external/Time-MMD/textual/SocialGood/SocialGood_search.csv,,1995-05-29,1995-06-04,False,1995-06-04,False
6a838ef40da27e91,search,references/external/Time-MMD/textual/SocialGood/SocialGood_search.csv,,1995-06-12,1995-06-18,False,1995-06-18,False
d2bc4149de4c5564,search,references/external/Time-MMD/textual/SocialGood/SocialGood_search.csv,,1995-06-19,1995-06-25,False,1995-06-25,False
2f4106d904009bc6,search,references/external/Time-MMD/textual/SocialGood/SocialGood_search.csv,,1995-06-26,1995-07-02,False,1995-07-02,False
4b782f34d6e99ac6,search,references/external/Time-MMD/textual/SocialGood/SocialGood_search.csv,,1995-07-03,1995-07-09,False,1995-07-09,False
9022aae6bc37c2c5,search,references/external/Time-MMD/textual/SocialGood/SocialGood_search.csv,,1995-07-10,1995-07-16,False,1995-07-16,False
67a2379095545146,search,references/external/Time-MMD/textual/SocialGood/SocialGood_search.csv,,1995-07-17,1995-07-23,False,1995-07-23,False
bb653fac3df9a067,search,references/external/Time-MMD/textual/SocialGood/SocialGood_search.csv,,1995-07-24,1995-07-30,False,1995-07-30,False
da28dbb4d408f899,search,references/external/Time-MMD/textual/SocialGood/SocialGood_search.csv,,1995-07-31,1995-08-06,False,1995-08-06,False
8b6412f96955dde1,search,references/external/Time-MMD/textual/SocialGood/SocialGood_search.csv,,1995-08-14,1995-08-20,False,1995-08-20,False
397fd00aa9cb1919,search,references/external/Time-MMD/textual/SocialGood/SocialGood_search.csv,,1995-08-28,1995-09-03,False,1995-09-03,False
4b5d68a6e62ace10,search,references/external/Time-MMD/textual/SocialGood/SocialGood_search.csv,,1995-09-04,1995-09-10,False,1995-09-10,False
e1c0a0d8f00908a8,search,references/external/Time-MMD/textual/SocialGood/SocialGood_search.csv,,1995-09-11,1995-09-17,False,1995-09-17,False
af68ef587547b759,search,references/external/Time-MMD/textual/SocialGood/SocialGood_search.csv,,1995-09-25,1995-10-01,False,1995-10-01,False
c2d35e5a3a253814,search,references/external/Time-MMD/textual/SocialGood/SocialGood_search.csv,,1995-10-02,1995-10-08,False,1995-10-08,False
f144c704f03070f5,search,references/external/Time-MMD/textual/SocialGood/SocialGood_search.csv,,1995-10-09,1995-10-15,False,1995-10-15,False
f658cc71d5675e68,search,references/external/Time-MMD/textual/SocialGood/SocialGood_search.csv,,1995-10-23,1995-10-29,False,1995-10-29,False
3011f525d0f116a4,search,references/external/Time-MMD/textual/SocialGood/SocialGood_search.csv,,1995-10-30,1995-11-05,False,1995-11-05,False
f24f39139108de23,search,references/external/Time-MMD/textual/SocialGood/SocialGood_search.csv,,1995-11-06,1995-11-12,False,1995-11-12,False
315f7f4e4941707d,search,references/external/Time-MMD/textual/SocialGood/SocialGood_search.csv,,1995-11-13,1995-11-19,False,1995-11-19,False
74d2a20f13fef368,search,references/external/Time-MMD/textual/SocialGood/SocialGood_search.csv,,1995-11-27,1995-12-03,False,1995-12-03,False
a36d11500a6ad519,search,references/external/Time-MMD/textual/SocialGood/SocialGood_search.csv,,1995-12-04,1995-12-10,False,1995-12-10,False
889840a1ab2d7f37,search,references/external/Time-MMD/textual/SocialGood/SocialGood_search.csv,,1995-12-11,1995-12-17,False,1995-12-17,False
80dac974789b88f4,search,references/external/Time-MMD/textual/SocialGood/SocialGood_search.csv,,1995-12-18,1995-12-24,False,1995-12-24,False
f69aacd8cdfacc99,search,references/external/Time-MMD/textual/SocialGood/SocialGood_search.csv,,1995-12-25,1995-12-31,False,1995-12-31,False
fd1823e19d21965d,search,references/external/Time-MMD/textual/SocialGood/SocialGood_search.csv,,1996-01-01,1996-01-07,False,1996-01-07,False
2ef956fff277cc27,search,references/external/Time-MMD/textual/SocialGood/SocialGood_search.csv,,1996-01-08,1996-01-14,False,1996-01-14,False
53e9db2e90f28ec8,search,references/external/Time-MMD/textual/SocialGood/SocialGood_search.csv,,1996-01-15,1996-01-21,False,1996-01-21,False
2923899604420d0d,search,references/external/Time-MMD/textual/SocialGood/SocialGood_search.csv,,1996-01-22,1996-01-28,False,1996-01-28,False
0ad90710b8080ce0,search,references/external/Time-MMD/textual/SocialGood/SocialGood_search.csv,,1996-01-29,1996-02-04,False,1996-02-04,False
3ac6ed3afe1fccae,search,references/external/Time-MMD/textual/SocialGood/SocialGood_search.csv,,1996-02-05,1996-02-11,False,1996-02-11,False
da5ab5d60f11b4cd,search,references/external/Time-MMD/textual/SocialGood/SocialGood_search.csv,,1996-02-12,1996-02-18,False,1996-02-18,False
715424303fc91c14,search,references/external/Time-MMD/textual/SocialGood/SocialGood_search.csv,,1996-02-19,1996-02-25,False,1996-02-25,False
2eaf9fb67acb5e17,search,references/external/Time-MMD/textual/SocialGood/SocialGood_search.csv,,1996-02-26,1996-03-03,False,1996-03-03,False
d370fa4ae422e33d,search,references/external/Time-MMD/textual/SocialGood/SocialGood_search.csv,,1996-03-04,1996-03-10,False,1996-03-10,False
329b63fcf3811203,search,references/external/Time-MMD/textual/SocialGood/SocialGood_search.csv,,1996-03-11,1996-03-17,False,1996-03-17,False
c4b07c7aef610dfb,search,references/external/Time-MMD/textual/SocialGood/SocialGood_search.csv,,1996-03-18,1996-03-24,False,1996-03-24,False
b18b404c53c7eaa3,search,references/external/Time-MMD/textual/SocialGood/SocialGood_search.csv,,1996-03-25,1996-03-31,False,1996-03-31,False
974c26904897dacc,search,references/external/Time-MMD/textual/SocialGood/SocialGood_search.csv,,1996-04-01,1996-04-07,False,1996-04-07,False
8f8fdf0ececce0b6,search,references/external/Time-MMD/textual/SocialGood/SocialGood_search.csv,,1996-04-08,1996-04-14,False,1996-04-14,False
6e59dfc75ab389df,search,references/external/Time-MMD/textual/SocialGood/SocialGood_search.csv,,1996-04-15,1996-04-21,False,1996-04-21,False
ecacb79e2212c39b,search,references/external/Time-MMD/textual/SocialGood/SocialGood_search.csv,,1996-04-22,1996-04-28,False,1996-04-28,False
b1aafc1d0986eec3,search,references/external/Time-MMD/textual/SocialGood/SocialGood_search.csv,,1996-04-29,1996-05-05,False,1996-05-05,False
60f177dcdb4939b7,search,references/external/Time-MMD/textual/SocialGood/SocialGood_search.csv,,1996-05-06,1996-05-12,False,1996-05-12,False
dfb17944c5bdbba5,search,references/external/Time-MMD/textual/SocialGood/SocialGood_search.csv,,1996-05-13,1996-05-19,False,1996-05-19,False
a86ad159e450b5fd,search,references/external/Time-MMD/textual/SocialGood/SocialGood_search.csv,,1996-05-27,1996-06-02,False,1996-06-02,False
fd999e20110e4eb4,search,references/external/Time-MMD/textual/SocialGood/SocialGood_search.csv,,1996-06-03,1996-06-09,False,1996-06-09,False
b702826ddfe5f857,search,references/external/Time-MMD/textual/SocialGood/SocialGood_search.csv,,1996-06-10,1996-06-16,False,1996-06-16,False
e2faf4eccf064572,search,references/external/Time-MMD/textual/SocialGood/SocialGood_search.csv,,1996-06-24,1996-06-30,False,1996-06-30,False
b5f685cd2f1c0cfd,search,references/external/Time-MMD/textual/SocialGood/SocialGood_search.csv,,1996-07-01,1996-07-07,False,1996-07-07,False
2c8e1da019d70308,search,references/external/Time-MMD/textual/SocialGood/SocialGood_search.csv,,1996-07-08,1996-07-14,False,1996-07-14,False
f4453a7a0e75ade8,search,references/external/Time-MMD/textual/SocialGood/SocialGood_search.csv,,1996-07-15,1996-07-21,False,1996-07-21,False
1191d2635651a139,search,references/external/Time-MMD/textual/SocialGood/SocialGood_search.csv,,1996-07-22,1996-07-28,False,1996-07-28,False
7d33fbc26e289c75,search,references/external/Time-MMD/textual/SocialGood/SocialGood_search.csv,,1996-07-29,1996-08-04,False,1996-08-04,False
03e69ecdfbf062cb,search,references/external/Time-MMD/textual/SocialGood/SocialGood_search.csv,,1996-08-05,1996-08-11,False,1996-08-11,False
98f33c7fd62ed460,search,references/external/Time-MMD/textual/SocialGood/SocialGood_search.csv,,1996-08-12,1996-08-18,False,1996-08-18,False
2c158a4b8f6ec3b9,search,references/external/Time-MMD/textual/SocialGood/SocialGood_search.csv,,1996-08-19,1996-08-25,False,1996-08-25,False
c0971b4be00c720a,search,references/external/Time-MMD/textual/SocialGood/SocialGood_search.csv,,1996-08-26,1996-09-01,False,1996-09-01,False
f50a9fb1cf20adc2,search,references/external/Time-MMD/textual/SocialGood/SocialGood_search.csv,,1996-09-02,1996-09-08,False,1996-09-08,False
1ac88b612682d2f2,search,references/external/Time-MMD/textual/SocialGood/SocialGood_search.csv,,1996-09-09,1996-09-15,False,1996-09-15,False
2e92dbb0101a0e96,search,references/external/Time-MMD/textual/SocialGood/SocialGood_search.csv,,1996-09-16,1996-09-22,False,1996-09-22,False
abb7b78910ca3a82,search,references/external/Time-MMD/textual/SocialGood/SocialGood_search.csv,,1996-09-23,1996-09-29,False,1996-09-29,False
b5c3857a01175b82,search,references/external/Time-MMD/textual/SocialGood/SocialGood_search.csv,,1996-09-30,1996-10-06,False,1996-10-06,False
3725a3be164310f7,search,references/external/Time-MMD/textual/SocialGood/SocialGood_search.csv,,1996-10-07,1996-10-13,False,1996-10-13,False
4790a6dc24ebd31e,search,references/external/Time-MMD/textual/SocialGood/SocialGood_search.csv,,1996-10-14,1996-10-20,False,1996-10-20,False
e685efaa56bd8fe4,search,references/external/Time-MMD/textual/SocialGood/SocialGood_search.csv,,1996-10-21,1996-10-27,False,1996-10-27,False
724d65382a606995,search,references/external/Time-MMD/textual/SocialGood/SocialGood_search.csv,,1996-10-28,1996-11-03,False,1996-11-03,False
04d77d8060d8e74f,search,references/external/Time-MMD/textual/SocialGood/SocialGood_search.csv,,1996-11-04,1996-11-10,False,1996-11-10,False
edb9c433ded1ccb1,search,references/external/Time-MMD/textual/SocialGood/SocialGood_search.csv,,1996-11-11,1996-11-17,False,1996-11-17,False
d521764d30391725,search,references/external/Time-MMD/textual/SocialGood/SocialGood_search.csv,,1996-11-18,1996-11-24,False,1996-11-24,False
3148cc550b1ed633,search,references/external/Time-MMD/textual/SocialGood/SocialGood_search.csv,,1996-11-25,1996-12-01,False,1996-12-01,False
0e9e4ad76bcdc00a,search,references/external/Time-MMD/textual/SocialGood/SocialGood_search.csv,,1996-12-09,1996-12-15,False,1996-12-15,False
9aca63801152d3cb,search,references/external/Time-MMD/textual/SocialGood/SocialGood_search.csv,,1996-12-16,1996-12-22,False,1996-12-22,False
09bc0d5d62b09f4a,search,references/external/Time-MMD/textual/SocialGood/SocialGood_search.csv,,1996-12-23,1996-12-29,False,1996-12-29,False
de75c59596553258,search,references/external/Time-MMD/textual/SocialGood/SocialGood_search.csv,,1996-12-30,1997-01-05,False,1997-01-05,False
25a9de7a7b94a2f7,search,references/external/Time-MMD/textual/SocialGood/SocialGood_search.csv,,1997-01-06,1997-01-12,False,1997-01-12,False
1b0937ef1093ae23,search,references/external/Time-MMD/textual/SocialGood/SocialGood_search.csv,,1997-01-13,1997-01-19,False,1997-01-19,False
cd635dd4c9ee600e,search,references/external/Time-MMD/textual/SocialGood/SocialGood_search.csv,,1997-01-20,1997-01-26,False,1997-01-26,False
c71de999cf842dd9,search,references/external/Time-MMD/textual/SocialGood/SocialGood_search.csv,,1997-01-27,1997-02-02,False,1997-02-02,False
175e35bd097ab037,search,references/external/Time-MMD/textual/SocialGood/SocialGood_search.csv,,1997-02-03,1997-02-09,False,1997-02-09,False
7c93d6f7d8be608b,search,references/external/Time-MMD/textual/SocialGood/SocialGood_search.csv,,1997-02-10,1997-02-16,False,1997-02-16,False
e1823f7f8c566617,search,references/external/Time-MMD/textual/SocialGood/SocialGood_search.csv,,1997-02-24,1997-03-02,False,1997-03-02,False
d0e57c748db35e7d,search,references/external/Time-MMD/textual/SocialGood/SocialGood_search.csv,,1997-03-03,1997-03-09,False,1997-03-09,False
faa8ec2e5effb869,search,references/external/Time-MMD/textual/SocialGood/SocialGood_search.csv,,1997-03-10,1997-03-16,False,1997-03-16,False
a469bb1a0b842721,search,references/external/Time-MMD/textual/SocialGood/SocialGood_search.csv,,1997-03-17,1997-03-23,False,1997-03-23,False
904fbf16cdce1f04,search,references/external/Time-MMD/textual/SocialGood/SocialGood_search.csv,,1997-03-24,1997-03-30,False,1997-03-30,False
ccc6954e698ac52d,search,references/external/Time-MMD/textual/SocialGood/SocialGood_search.csv,,1997-03-31,1997-04-06,False,1997-04-06,False
b19e4a623b60cb46,search,references/external/Time-MMD/textual/SocialGood/SocialGood_search.csv,,1997-04-07,1997-04-13,False,1997-04-13,False
db8753557c582804,search,references/external/Time-MMD/textual/SocialGood/SocialGood_search.csv,,1997-04-14,1997-04-20,False,1997-04-20,False
b5bdf679ed73de14,search,references/external/Time-MMD/textual/SocialGood/SocialGood_search.csv,,1997-04-21,1997-04-27,False,1997-04-27,False
2f8c4ebb161e7227,search,references/external/Time-MMD/textual/SocialGood/SocialGood_search.csv,,1997-04-28,1997-05-04,False,1997-05-04,False
5da5c79e6c9f0353,search,references/external/Time-MMD/textual/SocialGood/SocialGood_search.csv,,1997-05-05,1997-05-11,False,1997-05-11,False
f5037f7a31376b65,search,references/external/Time-MMD/textual/SocialGood/SocialGood_search.csv,,1997-05-12,1997-05-18,False,1997-05-18,False
1edc406e08d86862,search,references/external/Time-MMD/textual/SocialGood/SocialGood_search.csv,,1997-05-19,1997-05-25,False,1997-05-25,False
6e6b41d35927984c,search,references/external/Time-MMD/textual/SocialGood/SocialGood_search.csv,,1997-05-26,1997-06-01,False,1997-06-01,False
96ab68e28043ecf3,search,references/external/Time-MMD/textual/SocialGood/SocialGood_search.csv,,1997-06-02,1997-06-08,False,1997-06-08,False
2f43e83e4f94c020,search,references/external/Time-MMD/textual/SocialGood/SocialGood_search.csv,,1997-06-09,1997-06-15,False,1997-06-15,False
5ce780aca1d1bc01,search,references/external/Time-MMD/textual/SocialGood/SocialGood_search.csv,,1997-06-16,1997-06-22,False,1997-06-22,False
9029b1ed408d7b46,search,references/external/Time-MMD/textual/SocialGood/SocialGood_search.csv,,1997-06-23,1997-06-29,False,1997-06-29,False
df29895b0b1973f0,search,references/external/Time-MMD/textual/SocialGood/SocialGood_search.csv,,1997-06-30,1997-07-06,False,1997-07-06,False
2ae7ce5aa2c549a7,search,references/external/Time-MMD/textual/SocialGood/SocialGood_search.csv,,1997-07-07,1997-07-13,False,1997-07-13,False
25eb5675c9be36a3,search,references/external/Time-MMD/textual/SocialGood/SocialGood_search.csv,,1997-07-14,1997-07-20,False,1997-07-20,False
dfbe327d741d47a2,search,references/external/Time-MMD/textual/SocialGood/SocialGood_search.csv,,1997-07-21,1997-07-27,False,1997-07-27,False
fe0b6e545b2a0796,search,references/external/Time-MMD/textual/SocialGood/SocialGood_search.csv,,1997-07-28,1997-08-03,False,1997-08-03,False
0772d7d586f5fa9c,search,references/external/Time-MMD/textual/SocialGood/SocialGood_search.csv,,1997-08-04,1997-08-10,False,1997-08-10,False
124f343714030a81,search,references/external/Time-MMD/textual/SocialGood/SocialGood_search.csv,,1997-08-11,1997-08-17,False,1997-08-17,False
872094cf768316da,search,references/external/Time-MMD/textual/SocialGood/SocialGood_search.csv,,1997-08-18,1997-08-24,False,1997-08-24,False
89a84827c97a2c97,search,references/external/Time-MMD/textual/SocialGood/SocialGood_search.csv,,1997-08-25,1997-08-31,False,1997-08-31,False
230e924404df9dae,search,references/external/Time-MMD/textual/SocialGood/SocialGood_search.csv,,1997-09-01,1997-09-07,False,1997-09-07,False
b886759299bc7fee,search,references/external/Time-MMD/textual/SocialGood/SocialGood_search.csv,,1997-09-08,1997-09-14,False,1997-09-14,False
445dcf0996e7b763,search,references/external/Time-MMD/textual/SocialGood/SocialGood_search.csv,,1997-09-15,1997-09-21,False,1997-09-21,False
f8bab088a19d6a84,search,references/external/Time-MMD/textual/SocialGood/SocialGood_search.csv,,1997-09-22,1997-09-28,False,1997-09-28,False
a24744088a9074be,search,references/external/Time-MMD/textual/SocialGood/SocialGood_search.csv,,1997-09-29,1997-10-05,False,1997-10-05,False
456693e11e09a855,search,references/external/Time-MMD/textual/SocialGood/SocialGood_search.csv,,1997-10-06,1997-10-12,False,1997-10-12,False
a49123752d5f98f0,search,references/external/Time-MMD/textual/SocialGood/SocialGood_search.csv,,1997-10-13,1997-10-19,False,1997-10-19,False
d0b33a3ec27eefb8,search,references/external/Time-MMD/textual/SocialGood/SocialGood_search.csv,,1997-10-20,1997-10-26,False,1997-10-26,False
2119f1b9bf50f2c3,search,references/external/Time-MMD/textual/SocialGood/SocialGood_search.csv,,1997-10-27,1997-11-02,False,1997-11-02,False
60bbc88ce84596ee,search,references/external/Time-MMD/textual/SocialGood/SocialGood_search.csv,,1997-11-03,1997-11-09,False,1997-11-09,False
b16d528706e54f4c,search,references/external/Time-MMD/textual/SocialGood/SocialGood_search.csv,,1997-11-10,1997-11-16,False,1997-11-16,False
16289640b4dfce9c,search,references/external/Time-MMD/textual/SocialGood/SocialGood_search.csv,,1997-11-17,1997-11-23,False,1997-11-23,False
1ea9127151dc3942,search,references/external/Time-MMD/textual/SocialGood/SocialGood_search.csv,,1997-11-24,1997-11-30,False,1997-11-30,False
a9f89413c164c229,search,references/external/Time-MMD/textual/SocialGood/SocialGood_search.csv,,1997-12-01,1997-12-07,False,1997-12-07,False
6e5013cdb3478044,search,references/external/Time-MMD/textual/SocialGood/SocialGood_search.csv,,1997-12-08,1997-12-14,False,1997-12-14,False
ff9d2fc6d5e3449c,search,references/external/Time-MMD/textual/SocialGood/SocialGood_search.csv,,1997-12-15,1997-12-21,False,1997-12-21,False
59cc1fe0accc5645,search,references/external/Time-MMD/textual/SocialGood/SocialGood_search.csv,,1997-12-22,1997-12-28,False,1997-12-28,False
cd9de11dcc6a022f,search,references/external/Time-MMD/textual/SocialGood/SocialGood_search.csv,,1997-12-29,1998-01-04,False,1998-01-04,False
38eba7a2886e301d,search,references/external/Time-MMD/textual/SocialGood/SocialGood_search.csv,,1998-01-05,1998-01-11,False,1998-01-11,False
9316c693d1106480,search,references/external/Time-MMD/textual/SocialGood/SocialGood_search.csv,,1998-01-12,1998-01-18,False,1998-01-18,False
d1216990e38838a8,search,references/external/Time-MMD/textual/SocialGood/SocialGood_search.csv,,1998-01-19,1998-01-25,False,1998-01-25,False
5ca835d90b2ed3e7,search,references/external/Time-MMD/textual/SocialGood/SocialGood_search.csv,,1998-01-26,1998-02-01,False,1998-02-01,False
911bde5d9c9339ef,search,references/external/Time-MMD/textual/SocialGood/SocialGood_search.csv,,1998-02-02,1998-02-08,False,1998-02-08,False
43abfdf0f2ae568f,search,references/external/Time-MMD/textual/SocialGood/SocialGood_search.csv,,1998-02-09,1998-02-15,False,1998-02-15,False
e82a61d3e0958ce5,search,references/external/Time-MMD/textual/SocialGood/SocialGood_search.csv,,1998-02-16,1998-02-22,False,1998-02-22,False
39a0c5534c255dd7,search,references/external/Time-MMD/textual/SocialGood/SocialGood_search.csv,,1998-02-23,1998-03-01,False,1998-03-01,False
5e2e5812559078ae,search,references/external/Time-MMD/textual/SocialGood/SocialGood_search.csv,,1998-03-02,1998-03-08,False,1998-03-08,False
124b012424f41bb3,search,references/external/Time-MMD/textual/SocialGood/SocialGood_search.csv,,1998-03-09,1998-03-15,False,1998-03-15,False
37304305b2f7e9a7,search,references/external/Time-MMD/textual/SocialGood/SocialGood_search.csv,,1998-03-16,1998-03-22,False,1998-03-22,False
c28d93b1de7dc141,search,references/external/Time-MMD/textual/SocialGood/SocialGood_search.csv,,1998-03-23,1998-03-29,False,1998-03-29,False
4f7f8da305195480,search,references/external/Time-MMD/textual/SocialGood/SocialGood_search.csv,,1998-03-30,1998-04-05,False,1998-04-05,False
fd805c53a9f8852c,search,references/external/Time-MMD/textual/SocialGood/SocialGood_search.csv,,1998-04-06,1998-04-12,False,1998-04-12,False
a8c04a1d14ce0fa4,search,references/external/Time-MMD/textual/SocialGood/SocialGood_search.csv,,1998-04-20,1998-04-26,False,1998-04-26,False
2e732aa285fa32e8,search,references/external/Time-MMD/textual/SocialGood/SocialGood_search.csv,,1998-04-27,1998-05-03,False,1998-05-03,False
b3b4393c995941cc,search,references/external/Time-MMD/textual/SocialGood/SocialGood_search.csv,,1998-05-04,1998-05-10,False,1998-05-10,False
7451566fb6ea6c65,search,references/external/Time-MMD/textual/SocialGood/SocialGood_search.csv,,1998-05-18,1998-05-24,False,1998-05-24,False
92957866edc354f4,search,references/external/Time-MMD/textual/SocialGood/SocialGood_search.csv,,1998-05-25,1998-05-31,False,1998-05-31,False
313d860bd73396ea,search,references/external/Time-MMD/textual/SocialGood/SocialGood_search.csv,,1998-06-01,1998-06-07,False,1998-06-07,False
928fb39bf8db3199,search,references/external/Time-MMD/textual/SocialGood/SocialGood_search.csv,,1998-06-08,1998-06-14,False,1998-06-14,False
135c1be5857cba66,search,references/external/Time-MMD/textual/SocialGood/SocialGood_search.csv,,1998-06-15,1998-06-21,False,1998-06-21,False
0f050eacd25f77e0,search,references/external/Time-MMD/textual/SocialGood/SocialGood_search.csv,,1998-06-22,1998-06-28,False,1998-06-28,False
b6cf053f4a504d21,search,references/external/Time-MMD/textual/SocialGood/SocialGood_search.csv,,1998-06-29,1998-07-05,False,1998-07-05,False
f156b1c1c43a5785,search,references/external/Time-MMD/textual/SocialGood/SocialGood_search.csv,,1998-07-06,1998-07-12,False,1998-07-12,False
610d32a7a0c381d7,search,references/external/Time-MMD/textual/SocialGood/SocialGood_search.csv,,1998-07-13,1998-07-19,False,1998-07-19,False
dc00c0f9d7a5753a,search,references/external/Time-MMD/textual/SocialGood/SocialGood_search.csv,,1998-07-20,1998-07-26,False,1998-07-26,False
5895f2bb83cb0306,search,references/external/Time-MMD/textual/SocialGood/SocialGood_search.csv,,1998-07-27,1998-08-02,False,1998-08-02,False
1facad5a25fd2907,search,references/external/Time-MMD/textual/SocialGood/SocialGood_search.csv,,1998-08-03,1998-08-09,False,1998-08-09,False
950012bdc2930dda,search,references/external/Time-MMD/textual/SocialGood/SocialGood_search.csv,,1998-08-10,1998-08-16,False,1998-08-16,False
a2175208b672c7f3,search,references/external/Time-MMD/textual/SocialGood/SocialGood_search.csv,,1998-08-17,1998-08-23,False,1998-08-23,False
5fbd602fc33a14df,search,references/external/Time-MMD/textual/SocialGood/SocialGood_search.csv,,1998-08-24,1998-08-30,False,1998-08-30,False
bba4af887a922535,search,references/external/Time-MMD/textual/SocialGood/SocialGood_search.csv,,1998-08-31,1998-09-06,False,1998-09-06,False
067e6deed3e85755,search,references/external/Time-MMD/textual/SocialGood/SocialGood_search.csv,,1998-09-07,1998-09-13,False,1998-09-13,False
b4f807b0ccb29922,search,references/external/Time-MMD/textual/SocialGood/SocialGood_search.csv,,1998-09-14,1998-09-20,False,1998-09-20,False
a631b13f07a68932,search,references/external/Time-MMD/textual/SocialGood/SocialGood_search.csv,,1998-09-21,1998-09-27,False,1998-09-27,False
8a01ab1dd17df253,search,references/external/Time-MMD/textual/SocialGood/SocialGood_search.csv,,1998-09-28,1998-10-04,False,1998-10-04,False
5ca4341cbd41cc7a,search,references/external/Time-MMD/textual/SocialGood/SocialGood_search.csv,,1998-10-05,1998-10-11,False,1998-10-11,False
841bc53b7e2bcd06,search,references/external/Time-MMD/textual/SocialGood/SocialGood_search.csv,,1998-10-12,1998-10-18,False,1998-10-18,False
dce87ec87c2907ea,search,references/external/Time-MMD/textual/SocialGood/SocialGood_search.csv,,1998-10-19,1998-10-25,False,1998-10-25,False
3079eba58a963171,search,references/external/Time-MMD/textual/SocialGood/SocialGood_search.csv,,1998-10-26,1998-11-01,False,1998-11-01,False
1214a6c8682e10dc,search,references/external/Time-MMD/textual/SocialGood/SocialGood_search.csv,,1998-11-02,1998-11-08,False,1998-11-08,False
a7d06d60c31ed827,search,references/external/Time-MMD/textual/SocialGood/SocialGood_search.csv,,1998-11-09,1998-11-15,False,1998-11-15,False
0951793f541c3873,search,references/external/Time-MMD/textual/SocialGood/SocialGood_search.csv,,1998-11-16,1998-11-22,False,1998-11-22,False
d2fcca1cfb7b6734,search,references/external/Time-MMD/textual/SocialGood/SocialGood_search.csv,,1998-11-30,1998-12-06,False,1998-12-06,False
eff0c638fcb0c605,search,references/external/Time-MMD/textual/SocialGood/SocialGood_search.csv,,1998-12-07,1998-12-13,False,1998-12-13,False
bef371b2066f4efb,search,references/external/Time-MMD/textual/SocialGood/SocialGood_search.csv,,1998-12-14,1998-12-20,False,1998-12-20,False
e20440c6833fa0c5,search,references/external/Time-MMD/textual/SocialGood/SocialGood_search.csv,,1998-12-21,1998-12-27,False,1998-12-27,False
db92869eeb49325d,search,references/external/Time-MMD/textual/SocialGood/SocialGood_search.csv,,1998-12-28,1999-01-03,False,1999-01-03,False
4384967ebc10ac28,search,references/external/Time-MMD/textual/SocialGood/SocialGood_search.csv,,1999-01-04,1999-01-10,False,1999-01-10,False
87a07a2cb8f119a2,search,references/external/Time-MMD/textual/SocialGood/SocialGood_search.csv,,1999-01-11,1999-01-17,False,1999-01-17,False
037587995b1265b5,search,references/external/Time-MMD/textual/SocialGood/SocialGood_search.csv,,1999-01-18,1999-01-24,False,1999-01-24,False
34f8004da08fae1f,search,references/external/Time-MMD/textual/SocialGood/SocialGood_search.csv,,1999-01-25,1999-01-31,False,1999-01-31,False
07e435826763509d,search,references/external/Time-MMD/textual/SocialGood/SocialGood_search.csv,,1999-02-01,1999-02-07,False,1999-02-07,False
8488b71d66828ac9,search,references/external/Time-MMD/textual/SocialGood/SocialGood_search.csv,,1999-02-08,1999-02-14,False,1999-02-14,False
b17adc2b73ad6bfc,search,references/external/Time-MMD/textual/SocialGood/SocialGood_search.csv,,1999-02-15,1999-02-21,False,1999-02-21,False
5a01fc1db712187d,search,references/external/Time-MMD/textual/SocialGood/SocialGood_search.csv,,1999-02-22,1999-02-28,False,1999-02-28,False
8f402b844d8cca09,search,references/external/Time-MMD/textual/SocialGood/SocialGood_search.csv,,1999-03-01,1999-03-07,False,1999-03-07,False
bf44f553f5f7e5e5,search,references/external/Time-MMD/textual/SocialGood/SocialGood_search.csv,,1999-03-08,1999-03-14,False,1999-03-14,False
134ced470bb0dee8,search,references/external/Time-MMD/textual/SocialGood/SocialGood_search.csv,,1999-03-15,1999-03-21,False,1999-03-21,False
90a0c0af63133872,search,references/external/Time-MMD/textual/SocialGood/SocialGood_search.csv,,1999-03-22,1999-03-28,False,1999-03-28,False
129c03bbbb7bc781,search,references/external/Time-MMD/textual/SocialGood/SocialGood_search.csv,,1999-03-29,1999-04-04,False,1999-04-04,False
a9f8920297e89ef4,search,references/external/Time-MMD/textual/SocialGood/SocialGood_search.csv,,1999-04-05,1999-04-11,False,1999-04-11,False
e6f3ed02bec41cea,search,references/external/Time-MMD/textual/SocialGood/SocialGood_search.csv,,1999-04-12,1999-04-18,False,1999-04-18,False
f0de85c5768ce50b,search,references/external/Time-MMD/textual/SocialGood/SocialGood_search.csv,,1999-04-19,1999-04-25,False,1999-04-25,False
c21315b232ce4160,search,references/external/Time-MMD/textual/SocialGood/SocialGood_search.csv,,1999-04-26,1999-05-02,False,1999-05-02,False
78efd5c72da3641b,search,references/external/Time-MMD/textual/SocialGood/SocialGood_search.csv,,1999-05-03,1999-05-09,False,1999-05-09,False
374eacf6153005a9,search,references/external/Time-MMD/textual/SocialGood/SocialGood_search.csv,,1999-05-10,1999-05-16,False,1999-05-16,False
241accc851e2d225,search,references/external/Time-MMD/textual/SocialGood/SocialGood_search.csv,,1999-05-17,1999-05-23,False,1999-05-23,False
66539b1c2c9945a8,search,references/external/Time-MMD/textual/SocialGood/SocialGood_search.csv,,1999-05-24,1999-05-30,False,1999-05-30,False
398d08a2525e78ca,search,references/external/Time-MMD/textual/SocialGood/SocialGood_search.csv,,1999-05-31,1999-06-06,False,1999-06-06,False
498bb67ac2132e2d,search,references/external/Time-MMD/textual/SocialGood/SocialGood_search.csv,,1999-06-07,1999-06-13,False,1999-06-13,False
c810a92f4a04c170,search,references/external/Time-MMD/textual/SocialGood/SocialGood_search.csv,,1999-06-14,1999-06-20,False,1999-06-20,False
4996675f045b1d5d,search,references/external/Time-MMD/textual/SocialGood/SocialGood_search.csv,,1999-06-21,1999-06-27,False,1999-06-27,False
8ee4098cc5cc7186,search,references/external/Time-MMD/textual/SocialGood/SocialGood_search.csv,,1999-06-28,1999-07-04,False,1999-07-04,False
c17db6bc86c4541c,search,references/external/Time-MMD/textual/SocialGood/SocialGood_search.csv,,1999-07-05,1999-07-11,False,1999-07-11,False
3f53be5ed9e985f1,search,references/external/Time-MMD/textual/SocialGood/SocialGood_search.csv,,1999-07-12,1999-07-18,False,1999-07-18,False
49648ec69e503add,search,references/external/Time-MMD/textual/SocialGood/SocialGood_search.csv,,1999-07-19,1999-07-25,False,1999-07-25,False
1207e2e4425238f3,search,references/external/Time-MMD/textual/SocialGood/SocialGood_search.csv,,1999-07-26,1999-08-01,False,1999-08-01,False
488bfe4898a0aeae,search,references/external/Time-MMD/textual/SocialGood/SocialGood_search.csv,,1999-08-02,1999-08-08,False,1999-08-08,False
b3015ee2613ebcf5,search,references/external/Time-MMD/textual/SocialGood/SocialGood_search.csv,,1999-08-09,1999-08-15,False,1999-08-15,False
138e6a97c05ee958,search,references/external/Time-MMD/textual/SocialGood/SocialGood_search.csv,,1999-08-16,1999-08-22,False,1999-08-22,False
3890529770e6e7ee,search,references/external/Time-MMD/textual/SocialGood/SocialGood_search.csv,,1999-08-23,1999-08-29,False,1999-08-29,False
cacbbfa343435c27,search,references/external/Time-MMD/textual/SocialGood/SocialGood_search.csv,,1999-08-30,1999-09-05,False,1999-09-05,False
f2f0bf4e093a65fa,search,references/external/Time-MMD/textual/SocialGood/SocialGood_search.csv,,1999-09-06,1999-09-12,False,1999-09-12,False
627c34de22e59e9f,search,references/external/Time-MMD/textual/SocialGood/SocialGood_search.csv,,1999-09-13,1999-09-19,False,1999-09-19,False
975a0a85b8129366,search,references/external/Time-MMD/textual/SocialGood/SocialGood_search.csv,,1999-09-20,1999-09-26,False,1999-09-26,False
462c1b40c397bbbc,search,references/external/Time-MMD/textual/SocialGood/SocialGood_search.csv,,1999-09-27,1999-10-03,False,1999-10-03,False
436cf76e887537ab,search,references/external/Time-MMD/textual/SocialGood/SocialGood_search.csv,,1999-10-04,1999-10-10,False,1999-10-10,False
a3f1571861061713,search,references/external/Time-MMD/textual/SocialGood/SocialGood_search.csv,,1999-10-11,1999-10-17,False,1999-10-17,False
169bbe33c88d91ab,search,references/external/Time-MMD/textual/SocialGood/SocialGood_search.csv,,1999-10-18,1999-10-24,False,1999-10-24,False
4e96571074b395c1,search,references/external/Time-MMD/textual/SocialGood/SocialGood_search.csv,,1999-11-01,1999-11-07,False,1999-11-07,False
1cb831c082126816,search,references/external/Time-MMD/textual/SocialGood/SocialGood_search.csv,,1999-11-15,1999-11-21,False,1999-11-21,False
5c9877f85d6f143d,search,references/external/Time-MMD/textual/SocialGood/SocialGood_search.csv,,1999-11-22,1999-11-28,False,1999-11-28,False
4d198e097d5cf38e,search,references/external/Time-MMD/textual/SocialGood/SocialGood_search.csv,,1999-11-29,1999-12-05,False,1999-12-05,False
0b6d2a0e371d82fd,search,references/external/Time-MMD/textual/SocialGood/SocialGood_search.csv,,1999-12-06,1999-12-12,False,1999-12-12,False
3a8c452ab00ce099,search,references/external/Time-MMD/textual/SocialGood/SocialGood_search.csv,,1999-12-13,1999-12-19,False,1999-12-19,False
e39ed50dfb3a769a,search,references/external/Time-MMD/textual/SocialGood/SocialGood_search.csv,,1999-12-20,1999-12-26,False,1999-12-26,False
16e23a192ad330a5,search,references/external/Time-MMD/textual/SocialGood/SocialGood_search.csv,,1999-12-27,2000-01-02,False,2000-01-02,False
099a5b03acb43d57,search,references/external/Time-MMD/textual/SocialGood/SocialGood_search.csv,,2000-01-03,2000-01-09,False,2000-01-09,False
b7f616ef899d766f,search,references/external/Time-MMD/textual/SocialGood/SocialGood_search.csv,,2000-01-10,2000-01-16,False,2000-01-16,False
c9db20e4a46a9edb,search,references/external/Time-MMD/textual/SocialGood/SocialGood_search.csv,,2000-01-17,2000-01-23,False,2000-01-23,False
919aae4e601aa64a,search,references/external/Time-MMD/textual/SocialGood/SocialGood_search.csv,,2000-01-24,2000-01-30,False,2000-01-30,False
74e57efb405750dd,search,references/external/Time-MMD/textual/SocialGood/SocialGood_search.csv,,2000-01-31,2000-02-06,False,2000-02-06,False
d2d57d6394abfad5,search,references/external/Time-MMD/textual/SocialGood/SocialGood_search.csv,,2000-02-07,2000-02-13,False,2000-02-13,False
5d8bc4b873b6e184,search,references/external/Time-MMD/textual/SocialGood/SocialGood_search.csv,,2000-02-14,2000-02-20,False,2000-02-20,False
7cb0cd842fc42e67,search,references/external/Time-MMD/textual/SocialGood/SocialGood_search.csv,,2000-02-21,2000-02-27,False,2000-02-27,False
5dca248d0468c808,search,references/external/Time-MMD/textual/SocialGood/SocialGood_search.csv,,2000-02-28,2000-03-05,False,2000-03-05,False
02b9318f003b6218,search,references/external/Time-MMD/textual/SocialGood/SocialGood_search.csv,,2000-03-06,2000-03-12,False,2000-03-12,False
2f5859f02480ca51,search,references/external/Time-MMD/textual/SocialGood/SocialGood_search.csv,,2000-03-13,2000-03-19,False,2000-03-19,False
435e43175b02e466,search,references/external/Time-MMD/textual/SocialGood/SocialGood_search.csv,,2000-03-20,2000-03-26,False,2000-03-26,False
ce90eceafb7cf473,search,references/external/Time-MMD/textual/SocialGood/SocialGood_search.csv,,2000-04-03,2000-04-09,False,2000-04-09,False
8b8a646335d1f4c8,search,references/external/Time-MMD/textual/SocialGood/SocialGood_search.csv,,2000-04-10,2000-04-16,False,2000-04-16,False
0da6f6f17edee5d5,search,references/external/Time-MMD/textual/SocialGood/SocialGood_search.csv,,2000-04-17,2000-04-23,False,2000-04-23,False
54d388c5baf6718c,search,references/external/Time-MMD/textual/SocialGood/SocialGood_search.csv,,2000-04-24,2000-04-30,False,2000-04-30,False
4eeb9b7493d7c910,search,references/external/Time-MMD/textual/SocialGood/SocialGood_search.csv,,2000-05-01,2000-05-07,False,2000-05-07,False
079aaafe2a8a62ce,search,references/external/Time-MMD/textual/SocialGood/SocialGood_search.csv,,2000-05-08,2000-05-14,False,2000-05-14,False
9fe56bdcd1fd8e9e,search,references/external/Time-MMD/textual/SocialGood/SocialGood_search.csv,,2000-05-15,2000-05-21,False,2000-05-21,False
7222191b7bef5f29,search,references/external/Time-MMD/textual/SocialGood/SocialGood_search.csv,,2000-05-22,2000-05-28,False,2000-05-28,False
a8d51c69cbdd3d7f,search,references/external/Time-MMD/textual/SocialGood/SocialGood_search.csv,,2000-05-29,2000-06-04,False,2000-06-04,False
6bc454048c58e32b,search,references/external/Time-MMD/textual/SocialGood/SocialGood_search.csv,,2000-06-05,2000-06-11,False,2000-06-11,False
160df892ff74ce1d,search,references/external/Time-MMD/textual/SocialGood/SocialGood_search.csv,,2000-06-12,2000-06-18,False,2000-06-18,False
8dc3b24523ce072b,search,references/external/Time-MMD/textual/SocialGood/SocialGood_search.csv,,2000-06-19,2000-06-25,False,2000-06-25,False
a8325fa3cc9de60c,search,references/external/Time-MMD/textual/SocialGood/SocialGood_search.csv,,2000-06-26,2000-07-02,False,2000-07-02,False
df61f46c75360716,search,references/external/Time-MMD/textual/SocialGood/SocialGood_search.csv,,2000-07-03,2000-07-09,False,2000-07-09,False
5ca76cf50985ed76,search,references/external/Time-MMD/textual/SocialGood/SocialGood_search.csv,,2000-07-10,2000-07-16,False,2000-07-16,False
7390922e80261acb,search,references/external/Time-MMD/textual/SocialGood/SocialGood_search.csv,,2000-07-17,2000-07-23,False,2000-07-23,False
a15be7cf0a42e853,search,references/external/Time-MMD/textual/SocialGood/SocialGood_search.csv,,2000-07-24,2000-07-30,False,2000-07-30,False
5abbf4f9017a8287,search,references/external/Time-MMD/textual/SocialGood/SocialGood_search.csv,,2000-07-31,2000-08-06,False,2000-08-06,False
34446490a8f899aa,search,references/external/Time-MMD/textual/SocialGood/SocialGood_search.csv,,2000-08-07,2000-08-13,False,2000-08-13,False
05aa345bf9928713,search,references/external/Time-MMD/textual/SocialGood/SocialGood_search.csv,,2000-08-14,2000-08-20,False,2000-08-20,False
d1612d66819f217c,search,references/external/Time-MMD/textual/SocialGood/SocialGood_search.csv,,2000-08-21,2000-08-27,False,2000-08-27,False
fbeb1baac64ebfa6,search,references/external/Time-MMD/textual/SocialGood/SocialGood_search.csv,,2000-08-28,2000-09-03,False,2000-09-03,False
656f815d9448823e,search,references/external/Time-MMD/textual/SocialGood/SocialGood_search.csv,,2000-09-04,2000-09-10,False,2000-09-10,False
9e1098c560453c49,search,references/external/Time-MMD/textual/SocialGood/SocialGood_search.csv,,2000-09-11,2000-09-17,False,2000-09-17,False
7d2108db7a8a89d7,search,references/external/Time-MMD/textual/SocialGood/SocialGood_search.csv,,2000-09-18,2000-09-24,False,2000-09-24,False
e656cf290fec74d2,search,references/external/Time-MMD/textual/SocialGood/SocialGood_search.csv,,2000-09-25,2000-10-01,False,2000-10-01,False
28ef26a5e9290dc6,search,references/external/Time-MMD/textual/SocialGood/SocialGood_search.csv,,2000-10-02,2000-10-08,False,2000-10-08,False
56e7f208e5d90bda,search,references/external/Time-MMD/textual/SocialGood/SocialGood_search.csv,,2000-10-09,2000-10-15,False,2000-10-15,False
b0e661883f3c428f,search,references/external/Time-MMD/textual/SocialGood/SocialGood_search.csv,,2000-10-16,2000-10-22,False,2000-10-22,False
efaba49b8f070280,search,references/external/Time-MMD/textual/SocialGood/SocialGood_search.csv,,2000-10-23,2000-10-29,False,2000-10-29,False
9868689f6763a54e,search,references/external/Time-MMD/textual/SocialGood/SocialGood_search.csv,,2000-10-30,2000-11-05,False,2000-11-05,False
776cb646fe9aabbb,search,references/external/Time-MMD/textual/SocialGood/SocialGood_search.csv,,2000-11-06,2000-11-12,False,2000-11-12,False
832637a6904141bc,search,references/external/Time-MMD/textual/SocialGood/SocialGood_search.csv,,2000-11-13,2000-11-19,False,2000-11-19,False
cf5815001c153efe,search,references/external/Time-MMD/textual/SocialGood/SocialGood_search.csv,,2000-11-20,2000-11-26,False,2000-11-26,False
822a6e5145a5d89f,search,references/external/Time-MMD/textual/SocialGood/SocialGood_search.csv,,2000-11-27,2000-12-03,False,2000-12-03,False
90c5943bbd44ca12,search,references/external/Time-MMD/textual/SocialGood/SocialGood_search.csv,,2000-12-11,2000-12-17,False,2000-12-17,False
3f0c6f9e4703c309,search,references/external/Time-MMD/textual/SocialGood/SocialGood_search.csv,,2000-12-18,2000-12-24,False,2000-12-24,False
3ec48c4b6352c4cb,search,references/external/Time-MMD/textual/SocialGood/SocialGood_search.csv,,2000-12-25,2000-12-31,False,2000-12-31,False
4847bbd2b1b356e1,search,references/external/Time-MMD/textual/SocialGood/SocialGood_search.csv,,2001-01-01,2001-01-07,False,2001-01-07,False
160ba0ace77bf861,search,references/external/Time-MMD/textual/SocialGood/SocialGood_search.csv,,2001-01-08,2001-01-14,False,2001-01-14,False
c7016c791a51e872,search,references/external/Time-MMD/textual/SocialGood/SocialGood_search.csv,,2001-01-15,2001-01-21,False,2001-01-21,False
7e23e95a8ad3cd06,search,references/external/Time-MMD/textual/SocialGood/SocialGood_search.csv,,2001-01-22,2001-01-28,False,2001-01-28,False
088cebedaecb421b,search,references/external/Time-MMD/textual/SocialGood/SocialGood_search.csv,,2001-01-29,2001-02-04,False,2001-02-04,False
39eae8688070b92e,search,references/external/Time-MMD/textual/SocialGood/SocialGood_search.csv,,2001-02-05,2001-02-11,False,2001-02-11,False
b1be482e6994af08,search,references/external/Time-MMD/textual/SocialGood/SocialGood_search.csv,,2001-02-12,2001-02-18,False,2001-02-18,False
060a947948827085,search,references/external/Time-MMD/textual/SocialGood/SocialGood_search.csv,,2001-02-19,2001-02-25,False,2001-02-25,False
6131f89e241e18c1,search,references/external/Time-MMD/textual/SocialGood/SocialGood_search.csv,,2001-02-26,2001-03-04,False,2001-03-04,False
874f265c0c617ae9,search,references/external/Time-MMD/textual/SocialGood/SocialGood_search.csv,,2001-03-05,2001-03-11,False,2001-03-11,False
b9bf56c3b22ec4cf,search,references/external/Time-MMD/textual/SocialGood/SocialGood_search.csv,,2001-03-12,2001-03-18,False,2001-03-18,False
a93003fb75e6c068,search,references/external/Time-MMD/textual/SocialGood/SocialGood_search.csv,,2001-03-19,2001-03-25,False,2001-03-25,False
1fb0c4a5826ae548,search,references/external/Time-MMD/textual/SocialGood/SocialGood_search.csv,,2001-03-26,2001-04-01,False,2001-04-01,False
43f6a67de45fb36f,search,references/external/Time-MMD/textual/SocialGood/SocialGood_search.csv,,2001-04-02,2001-04-08,False,2001-04-08,False
141c71a14f0fa52d,search,references/external/Time-MMD/textual/SocialGood/SocialGood_search.csv,,2001-04-09,2001-04-15,False,2001-04-15,False
6a2c123d956a4a75,search,references/external/Time-MMD/textual/SocialGood/SocialGood_search.csv,,2001-04-16,2001-04-22,False,2001-04-22,False
09e2fcdcb85fa646,search,references/external/Time-MMD/textual/SocialGood/SocialGood_search.csv,,2001-04-23,2001-04-29,False,2001-04-29,False
4ebabeb7ed776f79,search,references/external/Time-MMD/textual/SocialGood/SocialGood_search.csv,,2001-04-30,2001-05-06,False,2001-05-06,False
94d33cd53eededc6,search,references/external/Time-MMD/textual/SocialGood/SocialGood_search.csv,,2001-05-07,2001-05-13,False,2001-05-13,False
9729e51a3a71c65d,search,references/external/Time-MMD/textual/SocialGood/SocialGood_search.csv,,2001-05-14,2001-05-20,False,2001-05-20,False
a18c7f596f275323,search,references/external/Time-MMD/textual/SocialGood/SocialGood_search.csv,,2001-05-21,2001-05-27,False,2001-05-27,False
572efddc8cffa8a2,search,references/external/Time-MMD/textual/SocialGood/SocialGood_search.csv,,2001-05-28,2001-06-03,False,2001-06-03,False
ef0fd40400671918,search,references/external/Time-MMD/textual/SocialGood/SocialGood_search.csv,,2001-06-04,2001-06-10,False,2001-06-10,False
1a5d2d62cb39f6ec,search,references/external/Time-MMD/textual/SocialGood/SocialGood_search.csv,,2001-06-18,2001-06-24,False,2001-06-24,False
1bcc6dcf7e43330e,search,references/external/Time-MMD/textual/SocialGood/SocialGood_search.csv,,2001-06-25,2001-07-01,False,2001-07-01,False
d6f637e73ccf159a,search,references/external/Time-MMD/textual/SocialGood/SocialGood_search.csv,,2001-07-02,2001-07-08,False,2001-07-08,False
d378f43ce96bb905,search,references/external/Time-MMD/textual/SocialGood/SocialGood_search.csv,,2001-07-09,2001-07-15,False,2001-07-15,False
0464002b53192116,search,references/external/Time-MMD/textual/SocialGood/SocialGood_search.csv,,2001-07-16,2001-07-22,False,2001-07-22,False
561a45f5a601dc12,search,references/external/Time-MMD/textual/SocialGood/SocialGood_search.csv,,2001-07-23,2001-07-29,False,2001-07-29,False
b958e7b333858f51,search,references/external/Time-MMD/textual/SocialGood/SocialGood_search.csv,,2001-07-30,2001-08-05,False,2001-08-05,False
943f47d019512171,search,references/external/Time-MMD/textual/SocialGood/SocialGood_search.csv,,2001-08-06,2001-08-12,False,2001-08-12,False
10d4fa9afbe5033e,search,references/external/Time-MMD/textual/SocialGood/SocialGood_search.csv,,2001-08-13,2001-08-19,False,2001-08-19,False
62a736e8e6f24496,search,references/external/Time-MMD/textual/SocialGood/SocialGood_search.csv,,2001-08-20,2001-08-26,False,2001-08-26,False
ea1acfdab497b872,search,references/external/Time-MMD/textual/SocialGood/SocialGood_search.csv,,2001-09-03,2001-09-09,False,2001-09-09,False
2b2a0146feed53e0,search,references/external/Time-MMD/textual/SocialGood/SocialGood_search.csv,,2001-09-10,2001-09-16,False,2001-09-16,False
d2be6f2e1f530e64,search,references/external/Time-MMD/textual/SocialGood/SocialGood_search.csv,,2001-09-17,2001-09-23,False,2001-09-23,False
a3fb2331e21f5e82,search,references/external/Time-MMD/textual/SocialGood/SocialGood_search.csv,,2001-09-24,2001-09-30,False,2001-09-30,False
64a171042c4969e5,search,references/external/Time-MMD/textual/SocialGood/SocialGood_search.csv,,2001-10-01,2001-10-07,False,2001-10-07,False
a09c4334e0d0316e,search,references/external/Time-MMD/textual/SocialGood/SocialGood_search.csv,,2001-10-08,2001-10-14,False,2001-10-14,False
5cb2530e5e69421d,search,references/external/Time-MMD/textual/SocialGood/SocialGood_search.csv,,2001-10-15,2001-10-21,False,2001-10-21,False
105d6d2556b58a2f,search,references/external/Time-MMD/textual/SocialGood/SocialGood_search.csv,,2001-10-22,2001-10-28,False,2001-10-28,False
f3b574a09f29cc05,search,references/external/Time-MMD/textual/SocialGood/SocialGood_search.csv,,2001-10-29,2001-11-04,False,2001-11-04,False
9395771b4f20b2b6,search,references/external/Time-MMD/textual/SocialGood/SocialGood_search.csv,,2001-11-05,2001-11-11,False,2001-11-11,False
34792d0971ee69b4,search,references/external/Time-MMD/textual/SocialGood/SocialGood_search.csv,,2001-11-12,2001-11-18,False,2001-11-18,False
b7b4c7dbfe672f1d,search,references/external/Time-MMD/textual/SocialGood/SocialGood_search.csv,,2001-11-19,2001-11-25,False,2001-11-25,False
e4ffbad20ad16119,search,references/external/Time-MMD/textual/SocialGood/SocialGood_search.csv,,2001-11-26,2001-12-02,False,2001-12-02,False
ad12d0786d465148,search,references/external/Time-MMD/textual/SocialGood/SocialGood_search.csv,,2001-12-03,2001-12-09,False,2001-12-09,False
17348ddd2864d203,search,references/external/Time-MMD/textual/SocialGood/SocialGood_search.csv,,2001-12-10,2001-12-16,False,2001-12-16,False
ad827169ebacd152,search,references/external/Time-MMD/textual/SocialGood/SocialGood_search.csv,,2001-12-17,2001-12-23,False,2001-12-23,False
014d4f0f34966d0a,search,references/external/Time-MMD/textual/SocialGood/SocialGood_search.csv,,2001-12-24,2001-12-30,False,2001-12-30,False
ac51c13ab4f704ad,search,references/external/Time-MMD/textual/SocialGood/SocialGood_search.csv,,2001-12-31,2002-01-06,False,2002-01-06,False
0b685f2fa7a1150a,search,references/external/Time-MMD/textual/SocialGood/SocialGood_search.csv,,2002-01-07,2002-01-13,False,2002-01-13,False
e04a8a56ef075757,search,references/external/Time-MMD/textual/SocialGood/SocialGood_search.csv,,2002-01-14,2002-01-20,False,2002-01-20,False
355404d1750f7045,search,references/external/Time-MMD/textual/SocialGood/SocialGood_search.csv,,2002-01-21,2002-01-27,False,2002-01-27,False
9e57c7c3db60c38b,search,references/external/Time-MMD/textual/SocialGood/SocialGood_search.csv,,2002-01-28,2002-02-03,False,2002-02-03,False
703e9b37331722c3,search,references/external/Time-MMD/textual/SocialGood/SocialGood_search.csv,,2002-02-04,2002-02-10,False,2002-02-10,False
fa03ff9d5396eb12,search,references/external/Time-MMD/textual/SocialGood/SocialGood_search.csv,,2002-02-11,2002-02-17,False,2002-02-17,False
1cb673e35a97f24c,search,references/external/Time-MMD/textual/SocialGood/SocialGood_search.csv,,2002-02-18,2002-02-24,False,2002-02-24,False
cb3bf2c3987c96da,search,references/external/Time-MMD/textual/SocialGood/SocialGood_search.csv,,2002-02-25,2002-03-03,False,2002-03-03,False
7f37e4969b46e5c6,search,references/external/Time-MMD/textual/SocialGood/SocialGood_search.csv,,2002-03-04,2002-03-10,False,2002-03-10,False
78d2997e22155fe2,search,references/external/Time-MMD/textual/SocialGood/SocialGood_search.csv,,2002-03-11,2002-03-17,False,2002-03-17,False
e4f9446112c67f17,search,references/external/Time-MMD/textual/SocialGood/SocialGood_search.csv,,2002-03-18,2002-03-24,False,2002-03-24,False
69a85dfd09b1d692,search,references/external/Time-MMD/textual/SocialGood/SocialGood_search.csv,,2002-04-01,2002-04-07,False,2002-04-07,False
bdaffd64b8a97aba,search,references/external/Time-MMD/textual/SocialGood/SocialGood_search.csv,,2002-04-08,2002-04-14,False,2002-04-14,False
e7e8cd43958f39ab,search,references/external/Time-MMD/textual/SocialGood/SocialGood_search.csv,,2002-04-15,2002-04-21,False,2002-04-21,False
020ca96e7fb7c1ac,search,references/external/Time-MMD/textual/SocialGood/SocialGood_search.csv,,2002-04-22,2002-04-28,False,2002-04-28,False
62fd800e4de5e813,search,references/external/Time-MMD/textual/SocialGood/SocialGood_search.csv,,2002-04-29,2002-05-05,False,2002-05-05,False
0297f7e42ef0ede9,search,references/external/Time-MMD/textual/SocialGood/SocialGood_search.csv,,2002-05-06,2002-05-12,False,2002-05-12,False
f11fedd63ad979bf,search,references/external/Time-MMD/textual/SocialGood/SocialGood_search.csv,,2002-05-13,2002-05-19,False,2002-05-19,False
863577a348a19867,search,references/external/Time-MMD/textual/SocialGood/SocialGood_search.csv,,2002-05-20,2002-05-26,False,2002-05-26,False
1aa1bd80f38cb6b6,search,references/external/Time-MMD/textual/SocialGood/SocialGood_search.csv,,2002-05-27,2002-06-02,False,2002-06-02,False
f050e467f4dfb6ac,search,references/external/Time-MMD/textual/SocialGood/SocialGood_search.csv,,2002-06-03,2002-06-09,False,2002-06-09,False
ab569b462daaa8b9,search,references/external/Time-MMD/textual/SocialGood/SocialGood_search.csv,,2002-06-10,2002-06-16,False,2002-06-16,False
31745822c4c5be28,search,references/external/Time-MMD/textual/SocialGood/SocialGood_search.csv,,2002-06-17,2002-06-23,False,2002-06-23,False
1dc418b9617b14f5,search,references/external/Time-MMD/textual/SocialGood/SocialGood_search.csv,,2002-06-24,2002-06-30,False,2002-06-30,False
92f4c8f1bc7a0a82,search,references/external/Time-MMD/textual/SocialGood/SocialGood_search.csv,,2002-07-01,2002-07-07,False,2002-07-07,False
cb4dacd765664943,search,references/external/Time-MMD/textual/SocialGood/SocialGood_search.csv,,2002-07-08,2002-07-14,False,2002-07-14,False
9ed491b1a84b1a3c,search,references/external/Time-MMD/textual/SocialGood/SocialGood_search.csv,,2002-07-15,2002-07-21,False,2002-07-21,False
5f036badd032f5fb,search,references/external/Time-MMD/textual/SocialGood/SocialGood_search.csv,,2002-07-22,2002-07-28,False,2002-07-28,False
00f829b35646bafe,search,references/external/Time-MMD/textual/SocialGood/SocialGood_search.csv,,2002-07-29,2002-08-04,False,2002-08-04,False
e7c920828c2838c6,search,references/external/Time-MMD/textual/SocialGood/SocialGood_search.csv,,2002-08-05,2002-08-11,False,2002-08-11,False
f53f8adddfac1db6,search,references/external/Time-MMD/textual/SocialGood/SocialGood_search.csv,,2002-08-12,2002-08-18,False,2002-08-18,False
4b767b156bc6f6fc,search,references/external/Time-MMD/textual/SocialGood/SocialGood_search.csv,,2002-08-19,2002-08-25,False,2002-08-25,False
1e075341bb1be689,search,references/external/Time-MMD/textual/SocialGood/SocialGood_search.csv,,2002-08-26,2002-09-01,False,2002-09-01,False
5335b272222449ca,search,references/external/Time-MMD/textual/SocialGood/SocialGood_search.csv,,2002-09-02,2002-09-08,False,2002-09-08,False
49706371a2f2ecb7,search,references/external/Time-MMD/textual/SocialGood/SocialGood_search.csv,,2002-09-09,2002-09-15,False,2002-09-15,False
82fb007ecab2d7fd,search,references/external/Time-MMD/textual/SocialGood/SocialGood_search.csv,,2002-09-16,2002-09-22,False,2002-09-22,False
031018b817830084,search,references/external/Time-MMD/textual/SocialGood/SocialGood_search.csv,,2002-09-23,2002-09-29,False,2002-09-29,False
18d2674c3fc50e1f,search,references/external/Time-MMD/textual/SocialGood/SocialGood_search.csv,,2002-09-30,2002-10-06,False,2002-10-06,False
48f7458e19e75586,search,references/external/Time-MMD/textual/SocialGood/SocialGood_search.csv,,2002-10-07,2002-10-13,False,2002-10-13,False
d6aa45fa8e812812,search,references/external/Time-MMD/textual/SocialGood/SocialGood_search.csv,,2002-10-14,2002-10-20,False,2002-10-20,False
577854079c59a09a,search,references/external/Time-MMD/textual/SocialGood/SocialGood_search.csv,,2002-10-21,2002-10-27,False,2002-10-27,False
954dff25f6595c61,search,references/external/Time-MMD/textual/SocialGood/SocialGood_search.csv,,2002-10-28,2002-11-03,False,2002-11-03,False
022b5aec94e82c87,search,references/external/Time-MMD/textual/SocialGood/SocialGood_search.csv,,2002-11-04,2002-11-10,False,2002-11-10,False
e7248fe214e975f4,search,references/external/Time-MMD/textual/SocialGood/SocialGood_search.csv,,2002-11-11,2002-11-17,False,2002-11-17,False
46fd02f9a1ce77dc,search,references/external/Time-MMD/textual/SocialGood/SocialGood_search.csv,,2002-11-18,2002-11-24,False,2002-11-24,False
61c33854020b93e1,search,references/external/Time-MMD/textual/SocialGood/SocialGood_search.csv,,2002-11-25,2002-12-01,False,2002-12-01,False
f44848a2120d5eea,search,references/external/Time-MMD/textual/SocialGood/SocialGood_search.csv,,2002-12-02,2002-12-08,False,2002-12-08,False
dddb24d2384fa606,search,references/external/Time-MMD/textual/SocialGood/SocialGood_search.csv,,2002-12-09,2002-12-15,False,2002-12-15,False
f46d34fff4418dba,search,references/external/Time-MMD/textual/SocialGood/SocialGood_search.csv,,2002-12-16,2002-12-22,False,2002-12-22,False
12fbb41a303f99f1,search,references/external/Time-MMD/textual/SocialGood/SocialGood_search.csv,,2002-12-23,2002-12-29,False,2002-12-29,False
74b3436e8cd6feae,search,references/external/Time-MMD/textual/SocialGood/SocialGood_search.csv,,2002-12-30,2003-01-05,False,2003-01-05,False
bac28e2ba6a4be63,search,references/external/Time-MMD/textual/SocialGood/SocialGood_search.csv,,2003-01-06,2003-01-12,False,2003-01-12,False
65d4f9b0199b627d,search,references/external/Time-MMD/textual/SocialGood/SocialGood_search.csv,,2003-01-13,2003-01-19,False,2003-01-19,False
b4e21bd4259aef67,search,references/external/Time-MMD/textual/SocialGood/SocialGood_search.csv,,2003-01-20,2003-01-26,False,2003-01-26,False
833159fcff3d42ca,search,references/external/Time-MMD/textual/SocialGood/SocialGood_search.csv,,2003-01-27,2003-02-02,False,2003-02-02,False
fef41e9113a22812,search,references/external/Time-MMD/textual/SocialGood/SocialGood_search.csv,,2003-02-03,2003-02-09,False,2003-02-09,False
a7799f84ad903f65,search,references/external/Time-MMD/textual/SocialGood/SocialGood_search.csv,,2003-02-10,2003-02-16,False,2003-02-16,False
52478f22a4535d23,search,references/external/Time-MMD/textual/SocialGood/SocialGood_search.csv,,2003-02-17,2003-02-23,False,2003-02-23,False
467c499db844ab02,search,references/external/Time-MMD/textual/SocialGood/SocialGood_search.csv,,2003-02-24,2003-03-02,False,2003-03-02,False
f08b33d89a39d742,search,references/external/Time-MMD/textual/SocialGood/SocialGood_search.csv,,2003-03-03,2003-03-09,False,2003-03-09,False
ba2bd047960f4afa,search,references/external/Time-MMD/textual/SocialGood/SocialGood_search.csv,,2003-03-10,2003-03-16,False,2003-03-16,False
f9495b7c83889ef5,search,references/external/Time-MMD/textual/SocialGood/SocialGood_search.csv,,2003-03-17,2003-03-23,False,2003-03-23,False
969a4bcf1e86d48f,search,references/external/Time-MMD/textual/SocialGood/SocialGood_search.csv,,2003-03-24,2003-03-30,False,2003-03-30,False
dcfeab80f99862f0,search,references/external/Time-MMD/textual/SocialGood/SocialGood_search.csv,,2003-03-31,2003-04-06,False,2003-04-06,False
8a349210e1f26776,search,references/external/Time-MMD/textual/SocialGood/SocialGood_search.csv,,2003-04-07,2003-04-13,False,2003-04-13,False
e10df117b329571c,search,references/external/Time-MMD/textual/SocialGood/SocialGood_search.csv,,2003-04-14,2003-04-20,False,2003-04-20,False
e149ac09a36913dd,search,references/external/Time-MMD/textual/SocialGood/SocialGood_search.csv,,2003-04-21,2003-04-27,False,2003-04-27,False
31419a280a6f4a7e,search,references/external/Time-MMD/textual/SocialGood/SocialGood_search.csv,,2003-04-28,2003-05-04,False,2003-05-04,False
89405544a0c0c751,search,references/external/Time-MMD/textual/SocialGood/SocialGood_search.csv,,2003-05-05,2003-05-11,False,2003-05-11,False
c4fad558479ec976,search,references/external/Time-MMD/textual/SocialGood/SocialGood_search.csv,,2003-05-12,2003-05-18,False,2003-05-18,False
7d538a7657176f68,search,references/external/Time-MMD/textual/SocialGood/SocialGood_search.csv,,2003-05-19,2003-05-25,False,2003-05-25,False
7844be759f52d4ed,search,references/external/Time-MMD/textual/SocialGood/SocialGood_search.csv,,2003-05-26,2003-06-01,False,2003-06-01,False
53ca9ddafda83205,search,references/external/Time-MMD/textual/SocialGood/SocialGood_search.csv,,2003-06-02,2003-06-08,False,2003-06-08,False
9e43294e4c38a58e,search,references/external/Time-MMD/textual/SocialGood/SocialGood_search.csv,,2003-06-09,2003-06-15,False,2003-06-15,False
1b73b7675668b602,search,references/external/Time-MMD/textual/SocialGood/SocialGood_search.csv,,2003-06-16,2003-06-22,False,2003-06-22,False
443e6b09dfdf7b05,search,references/external/Time-MMD/textual/SocialGood/SocialGood_search.csv,,2003-06-23,2003-06-29,False,2003-06-29,False
a91174d7d9faee42,search,references/external/Time-MMD/textual/SocialGood/SocialGood_search.csv,,2003-06-30,2003-07-06,False,2003-07-06,False
6f709b98b5c70a8c,search,references/external/Time-MMD/textual/SocialGood/SocialGood_search.csv,,2003-07-07,2003-07-13,False,2003-07-13,False
0d21d48abaa8b4b7,search,references/external/Time-MMD/textual/SocialGood/SocialGood_search.csv,,2003-07-14,2003-07-20,False,2003-07-20,False
b639f855970d0a3a,search,references/external/Time-MMD/textual/SocialGood/SocialGood_search.csv,,2003-07-21,2003-07-27,False,2003-07-27,False
ba75327acd4c8011,search,references/external/Time-MMD/textual/SocialGood/SocialGood_search.csv,,2003-07-28,2003-08-03,False,2003-08-03,False
410e4d253152c6e5,search,references/external/Time-MMD/textual/SocialGood/SocialGood_search.csv,,2003-08-04,2003-08-10,False,2003-08-10,False
c10996511dfe7f43,search,references/external/Time-MMD/textual/SocialGood/SocialGood_search.csv,,2003-08-11,2003-08-17,False,2003-08-17,False
c7674f454b844046,search,references/external/Time-MMD/textual/SocialGood/SocialGood_search.csv,,2003-08-18,2003-08-24,False,2003-08-24,False
c9c204720e275437,search,references/external/Time-MMD/textual/SocialGood/SocialGood_search.csv,,2003-08-25,2003-08-31,False,2003-08-31,False
03a575d86ec1c621,search,references/external/Time-MMD/textual/SocialGood/SocialGood_search.csv,,2003-09-01,2003-09-07,False,2003-09-07,False
45217128b9a8ea4e,search,references/external/Time-MMD/textual/SocialGood/SocialGood_search.csv,,2003-09-08,2003-09-14,False,2003-09-14,False
d103769f432e5363,search,references/external/Time-MMD/textual/SocialGood/SocialGood_search.csv,,2003-09-15,2003-09-21,False,2003-09-21,False
2dd4377cdff97be5,search,references/external/Time-MMD/textual/SocialGood/SocialGood_search.csv,,2003-09-29,2003-10-05,False,2003-10-05,False
bf088efa63bd70d1,search,references/external/Time-MMD/textual/SocialGood/SocialGood_search.csv,,2003-10-06,2003-10-12,False,2003-10-12,False
1bc7b013abbab842,search,references/external/Time-MMD/textual/SocialGood/SocialGood_search.csv,,2003-10-13,2003-10-19,False,2003-10-19,False
02848e3a5d300e66,search,references/external/Time-MMD/textual/SocialGood/SocialGood_search.csv,,2003-10-20,2003-10-26,False,2003-10-26,False
acabda3aee4c5936,search,references/external/Time-MMD/textual/SocialGood/SocialGood_search.csv,,2003-10-27,2003-11-02,False,2003-11-02,False
810263e66bfbe03a,search,references/external/Time-MMD/textual/SocialGood/SocialGood_search.csv,,2003-11-03,2003-11-09,False,2003-11-09,False
d48d1d34f8331f41,search,references/external/Time-MMD/textual/SocialGood/SocialGood_search.csv,,2003-11-10,2003-11-16,False,2003-11-16,False
38044bcf663dae63,search,references/external/Time-MMD/textual/SocialGood/SocialGood_search.csv,,2003-11-17,2003-11-23,False,2003-11-23,False
32577e6b00eceb9c,search,references/external/Time-MMD/textual/SocialGood/SocialGood_search.csv,,2003-11-24,2003-11-30,False,2003-11-30,False
ea02982614a1215d,search,references/external/Time-MMD/textual/SocialGood/SocialGood_search.csv,,2003-12-01,2003-12-07,False,2003-12-07,False
268645e0bc28c541,search,references/external/Time-MMD/textual/SocialGood/SocialGood_search.csv,,2003-12-08,2003-12-14,False,2003-12-14,False
f763960bdc5e5d5b,search,references/external/Time-MMD/textual/SocialGood/SocialGood_search.csv,,2003-12-15,2003-12-21,False,2003-12-21,False
d91cdc7fad595d15,search,references/external/Time-MMD/textual/SocialGood/SocialGood_search.csv,,2003-12-22,2003-12-28,False,2003-12-28,False
0a7e81bef08ea763,search,references/external/Time-MMD/textual/SocialGood/SocialGood_search.csv,,2003-12-29,2004-01-04,False,2004-01-04,False
0f892db60e49b089,search,references/external/Time-MMD/textual/SocialGood/SocialGood_search.csv,,2004-01-05,2004-01-11,False,2004-01-11,False
c2781692b0c23228,search,references/external/Time-MMD/textual/SocialGood/SocialGood_search.csv,,2004-01-12,2004-01-18,False,2004-01-18,False
d472424cf174b5b5,search,references/external/Time-MMD/textual/SocialGood/SocialGood_search.csv,,2004-01-19,2004-01-25,False,2004-01-25,False
a69ec8a54d8a0e3b,search,references/external/Time-MMD/textual/SocialGood/SocialGood_search.csv,,2004-01-26,2004-02-01,False,2004-02-01,False
3471961227190e3d,search,references/external/Time-MMD/textual/SocialGood/SocialGood_search.csv,,2004-02-02,2004-02-08,False,2004-02-08,False
7b0ca6c3f23d4b14,search,references/external/Time-MMD/textual/SocialGood/SocialGood_search.csv,,2004-02-09,2004-02-15,False,2004-02-15,False
23e04e8e3fabd418,search,references/external/Time-MMD/textual/SocialGood/SocialGood_search.csv,,2004-02-16,2004-02-22,False,2004-02-22,False
3eef7f6e826d79a1,search,references/external/Time-MMD/textual/SocialGood/SocialGood_search.csv,,2004-02-23,2004-02-29,False,2004-02-29,False
c795ea0d3755e6f1,search,references/external/Time-MMD/textual/SocialGood/SocialGood_search.csv,,2004-03-01,2004-03-07,False,2004-03-07,False
9872d599134e19bf,search,references/external/Time-MMD/textual/SocialGood/SocialGood_search.csv,,2004-03-08,2004-03-14,False,2004-03-14,False
fbba0d761601f16c,search,references/external/Time-MMD/textual/SocialGood/SocialGood_search.csv,,2004-03-15,2004-03-21,False,2004-03-21,False
f3df87ed1ea1fc9a,search,references/external/Time-MMD/textual/SocialGood/SocialGood_search.csv,,2004-03-22,2004-03-28,False,2004-03-28,False
688e1a220ae0c237,search,references/external/Time-MMD/textual/SocialGood/SocialGood_search.csv,,2004-03-29,2004-04-04,False,2004-04-04,False
45ab9e2e1f33d786,search,references/external/Time-MMD/textual/SocialGood/SocialGood_search.csv,,2004-04-05,2004-04-11,False,2004-04-11,False
6537b7e4f90aff9b,search,references/external/Time-MMD/textual/SocialGood/SocialGood_search.csv,,2004-04-12,2004-04-18,False,2004-04-18,False
bdc662357c742c2a,search,references/external/Time-MMD/textual/SocialGood/SocialGood_search.csv,,2004-04-19,2004-04-25,False,2004-04-25,False
9115f65957ee49d9,search,references/external/Time-MMD/textual/SocialGood/SocialGood_search.csv,,2004-04-26,2004-05-02,False,2004-05-02,False
e2bd65bca15993bd,search,references/external/Time-MMD/textual/SocialGood/SocialGood_search.csv,,2004-05-03,2004-05-09,False,2004-05-09,False
a45fcded81fbfb82,search,references/external/Time-MMD/textual/SocialGood/SocialGood_search.csv,,2004-05-10,2004-05-16,False,2004-05-16,False
5420e6b05d48e336,search,references/external/Time-MMD/textual/SocialGood/SocialGood_search.csv,,2004-05-17,2004-05-23,False,2004-05-23,False
44ca53db2b379c48,search,references/external/Time-MMD/textual/SocialGood/SocialGood_search.csv,,2004-05-24,2004-05-30,False,2004-05-30,False
0a5a6decf18d8424,search,references/external/Time-MMD/textual/SocialGood/SocialGood_search.csv,,2004-05-31,2004-06-06,False,2004-06-06,False
65e3e1f799999d7d,search,references/external/Time-MMD/textual/SocialGood/SocialGood_search.csv,,2004-06-07,2004-06-13,False,2004-06-13,False
743193199526e344,search,references/external/Time-MMD/textual/SocialGood/SocialGood_search.csv,,2004-06-14,2004-06-20,False,2004-06-20,False
9c797030ed02ba38,search,references/external/Time-MMD/textual/SocialGood/SocialGood_search.csv,,2004-06-21,2004-06-27,False,2004-06-27,False
f734ebae94fea8ab,search,references/external/Time-MMD/textual/SocialGood/SocialGood_search.csv,,2004-06-28,2004-07-04,False,2004-07-04,False
50689945cb902d11,search,references/external/Time-MMD/textual/SocialGood/SocialGood_search.csv,,2004-07-05,2004-07-11,False,2004-07-11,False
4858f69d79f5e842,search,references/external/Time-MMD/textual/SocialGood/SocialGood_search.csv,,2004-07-12,2004-07-18,False,2004-07-18,False
162e52890644c453,search,references/external/Time-MMD/textual/SocialGood/SocialGood_search.csv,,2004-07-19,2004-07-25,False,2004-07-25,False
1e6929fdad56bf3d,search,references/external/Time-MMD/textual/SocialGood/SocialGood_search.csv,,2004-07-26,2004-08-01,False,2004-08-01,False
00ba9fac330996ff,search,references/external/Time-MMD/textual/SocialGood/SocialGood_search.csv,,2004-08-02,2004-08-08,False,2004-08-08,False
732a07955760ce26,search,references/external/Time-MMD/textual/SocialGood/SocialGood_search.csv,,2004-08-09,2004-08-15,False,2004-08-15,False
47d407fe9c5b2187,search,references/external/Time-MMD/textual/SocialGood/SocialGood_search.csv,,2004-08-16,2004-08-22,False,2004-08-22,False
b911291f4b81a7d5,search,references/external/Time-MMD/textual/SocialGood/SocialGood_search.csv,,2004-08-23,2004-08-29,False,2004-08-29,False
875162ad8fa2756e,search,references/external/Time-MMD/textual/SocialGood/SocialGood_search.csv,,2004-08-30,2004-09-05,False,2004-09-05,False
ff20e381d65142d3,search,references/external/Time-MMD/textual/SocialGood/SocialGood_search.csv,,2004-09-06,2004-09-12,False,2004-09-12,False
237c68c77a18a8f4,search,references/external/Time-MMD/textual/SocialGood/SocialGood_search.csv,,2004-09-13,2004-09-19,False,2004-09-19,False
b796d3775895ee21,search,references/external/Time-MMD/textual/SocialGood/SocialGood_search.csv,,2004-09-20,2004-09-26,False,2004-09-26,False
991698771a52ba4a,search,references/external/Time-MMD/textual/SocialGood/SocialGood_search.csv,,2004-09-27,2004-10-03,False,2004-10-03,False
6afa2d8696fd5568,search,references/external/Time-MMD/textual/SocialGood/SocialGood_search.csv,,2004-10-04,2004-10-10,False,2004-10-10,False
dbc2e974931bcd9b,search,references/external/Time-MMD/textual/SocialGood/SocialGood_search.csv,,2004-10-11,2004-10-17,False,2004-10-17,False
224da0fe343b2501,search,references/external/Time-MMD/textual/SocialGood/SocialGood_search.csv,,2004-10-18,2004-10-24,False,2004-10-24,False
1ddd05b27ccda041,search,references/external/Time-MMD/textual/SocialGood/SocialGood_search.csv,,2004-10-25,2004-10-31,False,2004-10-31,False
0ff0938fbe58e47e,search,references/external/Time-MMD/textual/SocialGood/SocialGood_search.csv,,2004-11-01,2004-11-07,False,2004-11-07,False
c79056792e9116dc,search,references/external/Time-MMD/textual/SocialGood/SocialGood_search.csv,,2004-11-15,2004-11-21,False,2004-11-21,False
50360e3559767a2d,search,references/external/Time-MMD/textual/SocialGood/SocialGood_search.csv,,2004-11-22,2004-11-28,False,2004-11-28,False
5915c9cd50722f40,search,references/external/Time-MMD/textual/SocialGood/SocialGood_search.csv,,2004-11-29,2004-12-05,False,2004-12-05,False
8fbb8f168e8e8f7d,search,references/external/Time-MMD/textual/SocialGood/SocialGood_search.csv,,2004-12-06,2004-12-12,False,2004-12-12,False
20af9d0bb7bb8521,search,references/external/Time-MMD/textual/SocialGood/SocialGood_search.csv,,2004-12-13,2004-12-19,False,2004-12-19,False
45eb02fc3388e1c3,search,references/external/Time-MMD/textual/SocialGood/SocialGood_search.csv,,2004-12-20,2004-12-26,False,2004-12-26,False
0b6284eea55499a6,search,references/external/Time-MMD/textual/SocialGood/SocialGood_search.csv,,2004-12-27,2005-01-02,False,2005-01-02,False
cef692f3f9b1fc69,search,references/external/Time-MMD/textual/SocialGood/SocialGood_search.csv,,2005-01-03,2005-01-09,False,2005-01-09,False
f1b4a5bfae19ad03,search,references/external/Time-MMD/textual/SocialGood/SocialGood_search.csv,,2005-01-10,2005-01-16,False,2005-01-16,False
2bf0a7241de180ef,search,references/external/Time-MMD/textual/SocialGood/SocialGood_search.csv,,2005-01-17,2005-01-23,False,2005-01-23,False
95dc62f6570a1792,search,references/external/Time-MMD/textual/SocialGood/SocialGood_search.csv,,2005-01-24,2005-01-30,False,2005-01-30,False
3278b3d0f0dc1a41,search,references/external/Time-MMD/textual/SocialGood/SocialGood_search.csv,,2005-01-31,2005-02-06,False,2005-02-06,False
56d7a7fb43a091b6,search,references/external/Time-MMD/textual/SocialGood/SocialGood_search.csv,,2005-02-07,2005-02-13,False,2005-02-13,False
db4e0528d450bbc9,search,references/external/Time-MMD/textual/SocialGood/SocialGood_search.csv,,2005-02-14,2005-02-20,False,2005-02-20,False
ada1dab5665568aa,search,references/external/Time-MMD/textual/SocialGood/SocialGood_search.csv,,2005-02-21,2005-02-27,False,2005-02-27,False
9194b3f7ef2c4179,search,references/external/Time-MMD/textual/SocialGood/SocialGood_search.csv,,2005-02-28,2005-03-06,False,2005-03-06,False
7793c1b321ada082,search,references/external/Time-MMD/textual/SocialGood/SocialGood_search.csv,,2005-03-07,2005-03-13,False,2005-03-13,False
40723b89ffe67cb2,search,references/external/Time-MMD/textual/SocialGood/SocialGood_search.csv,,2005-03-14,2005-03-20,False,2005-03-20,False
ac55ce2ded3d6da5,search,references/external/Time-MMD/textual/SocialGood/SocialGood_search.csv,,2005-03-21,2005-03-27,False,2005-03-27,False
ac7d0ce0c79819cc,search,references/external/Time-MMD/textual/SocialGood/SocialGood_search.csv,,2005-03-28,2005-04-03,False,2005-04-03,False
a6c913a89bb7a359,search,references/external/Time-MMD/textual/SocialGood/SocialGood_search.csv,,2005-04-04,2005-04-10,False,2005-04-10,False
3ffde52c4ba4faa0,search,references/external/Time-MMD/textual/SocialGood/SocialGood_search.csv,,2005-04-11,2005-04-17,False,2005-04-17,False
5a89ab1ed512acdf,search,references/external/Time-MMD/textual/SocialGood/SocialGood_search.csv,,2005-04-18,2005-04-24,False,2005-04-24,False
fab00075b3cdaac3,search,references/external/Time-MMD/textual/SocialGood/SocialGood_search.csv,,2005-04-25,2005-05-01,False,2005-05-01,False
5fa9e12ad7aef136,search,references/external/Time-MMD/textual/SocialGood/SocialGood_search.csv,,2005-05-02,2005-05-08,False,2005-05-08,False
27a56daed4c8f888,search,references/external/Time-MMD/textual/SocialGood/SocialGood_search.csv,,2005-05-09,2005-05-15,False,2005-05-15,False
d22cb79463b388a0,search,references/external/Time-MMD/textual/SocialGood/SocialGood_search.csv,,2005-05-16,2005-05-22,False,2005-05-22,False
a1c163cdde1c4b6f,search,references/external/Time-MMD/textual/SocialGood/SocialGood_search.csv,,2005-05-23,2005-05-29,False,2005-05-29,False
b46257876f485a38,search,references/external/Time-MMD/textual/SocialGood/SocialGood_search.csv,,2005-05-30,2005-06-05,False,2005-06-05,False
30308a7aaabf57a9,search,references/external/Time-MMD/textual/SocialGood/SocialGood_search.csv,,2005-06-06,2005-06-12,False,2005-06-12,False
d90512bdf096c0c6,search,references/external/Time-MMD/textual/SocialGood/SocialGood_search.csv,,2005-06-13,2005-06-19,False,2005-06-19,False
01d46698358e5b9e,search,references/external/Time-MMD/textual/SocialGood/SocialGood_search.csv,,2005-06-20,2005-06-26,False,2005-06-26,False
6a9eb123cca7fa4e,search,references/external/Time-MMD/textual/SocialGood/SocialGood_search.csv,,2005-06-27,2005-07-03,False,2005-07-03,False
1b108697f0803192,search,references/external/Time-MMD/textual/SocialGood/SocialGood_search.csv,,2005-07-04,2005-07-10,False,2005-07-10,False
80fbf2fda06550c2,search,references/external/Time-MMD/textual/SocialGood/SocialGood_search.csv,,2005-07-11,2005-07-17,False,2005-07-17,False
0138b493eba81a45,search,references/external/Time-MMD/textual/SocialGood/SocialGood_search.csv,,2005-07-18,2005-07-24,False,2005-07-24,False
24e59c61972a8075,search,references/external/Time-MMD/textual/SocialGood/SocialGood_search.csv,,2005-07-25,2005-07-31,False,2005-07-31,False
173c08b46271518b,search,references/external/Time-MMD/textual/SocialGood/SocialGood_search.csv,,2005-08-01,2005-08-07,False,2005-08-07,False
915ecd4ec861b230,search,references/external/Time-MMD/textual/SocialGood/SocialGood_search.csv,,2005-08-08,2005-08-14,False,2005-08-14,False
5b5e97072c1214e2,search,references/external/Time-MMD/textual/SocialGood/SocialGood_search.csv,,2005-08-15,2005-08-21,False,2005-08-21,False
a22f98701911f4d6,search,references/external/Time-MMD/textual/SocialGood/SocialGood_search.csv,,2005-08-22,2005-08-28,False,2005-08-28,False
4318bc6ad7c5b2fd,search,references/external/Time-MMD/textual/SocialGood/SocialGood_search.csv,,2005-08-29,2005-09-04,False,2005-09-04,False
c0e1a32fa2b28f12,search,references/external/Time-MMD/textual/SocialGood/SocialGood_search.csv,,2005-09-05,2005-09-11,False,2005-09-11,False
6ed3b5d715a0e7d1,search,references/external/Time-MMD/textual/SocialGood/SocialGood_search.csv,,2005-09-12,2005-09-18,False,2005-09-18,False
491505fd6a018058,search,references/external/Time-MMD/textual/SocialGood/SocialGood_search.csv,,2005-09-19,2005-09-25,False,2005-09-25,False
34c766fc4bbd197b,search,references/external/Time-MMD/textual/SocialGood/SocialGood_search.csv,,2005-09-26,2005-10-02,False,2005-10-02,False
475ea52ba64bd77a,search,references/external/Time-MMD/textual/SocialGood/SocialGood_search.csv,,2005-10-03,2005-10-09,False,2005-10-09,False
ebd7999fafbfe9bf,search,references/external/Time-MMD/textual/SocialGood/SocialGood_search.csv,,2005-10-10,2005-10-16,False,2005-10-16,False
e534532d809e1e98,search,references/external/Time-MMD/textual/SocialGood/SocialGood_search.csv,,2005-10-17,2005-10-23,False,2005-10-23,False
ea4ef27b2e5b3b80,search,references/external/Time-MMD/textual/SocialGood/SocialGood_search.csv,,2005-10-24,2005-10-30,False,2005-10-30,False
d622ba2cbd5c568b,search,references/external/Time-MMD/textual/SocialGood/SocialGood_search.csv,,2005-10-31,2005-11-06,False,2005-11-06,False
b97f19a72fe008d9,search,references/external/Time-MMD/textual/SocialGood/SocialGood_search.csv,,2005-11-07,2005-11-13,False,2005-11-13,False
e0665934527ff98e,search,references/external/Time-MMD/textual/SocialGood/SocialGood_search.csv,,2005-11-14,2005-11-20,False,2005-11-20,False
08f999e6f8381950,search,references/external/Time-MMD/textual/SocialGood/SocialGood_search.csv,,2005-11-21,2005-11-27,False,2005-11-27,False
49a0cd160524be3d,search,references/external/Time-MMD/textual/SocialGood/SocialGood_search.csv,,2005-11-28,2005-12-04,False,2005-12-04,False
3a1226f891b245e2,search,references/external/Time-MMD/textual/SocialGood/SocialGood_search.csv,,2005-12-05,2005-12-11,False,2005-12-11,False
299924c9b43de6e0,search,references/external/Time-MMD/textual/SocialGood/SocialGood_search.csv,,2005-12-12,2005-12-18,False,2005-12-18,False
5120090196ac1b60,search,references/external/Time-MMD/textual/SocialGood/SocialGood_search.csv,,2005-12-19,2005-12-25,False,2005-12-25,False
b4a48f272ca20871,search,references/external/Time-MMD/textual/SocialGood/SocialGood_search.csv,,2005-12-26,2006-01-01,False,2006-01-01,False
82ea288e52c1cdeb,search,references/external/Time-MMD/textual/SocialGood/SocialGood_search.csv,,2006-01-02,2006-01-08,False,2006-01-08,False
ca3518d620e2433c,search,references/external/Time-MMD/textual/SocialGood/SocialGood_search.csv,,2006-01-09,2006-01-15,False,2006-01-15,False
716996322e2a37d0,search,references/external/Time-MMD/textual/SocialGood/SocialGood_search.csv,,2006-01-16,2006-01-22,False,2006-01-22,False
0a84ebb4c3e49fa5,search,references/external/Time-MMD/textual/SocialGood/SocialGood_search.csv,,2006-01-23,2006-01-29,False,2006-01-29,False
ed2e46d390a83767,search,references/external/Time-MMD/textual/SocialGood/SocialGood_search.csv,,2006-01-30,2006-02-05,False,2006-02-05,False
c633cb3694c18948,search,references/external/Time-MMD/textual/SocialGood/SocialGood_search.csv,,2006-02-06,2006-02-12,False,2006-02-12,False
334ea09e1e7ca102,search,references/external/Time-MMD/textual/SocialGood/SocialGood_search.csv,,2006-02-13,2006-02-19,False,2006-02-19,False
118a723d897b050f,search,references/external/Time-MMD/textual/SocialGood/SocialGood_search.csv,,2006-02-20,2006-02-26,False,2006-02-26,False
fe32bc998a71d546,search,references/external/Time-MMD/textual/SocialGood/SocialGood_search.csv,,2006-02-27,2006-03-05,False,2006-03-05,False
df8ea4560e5389d2,search,references/external/Time-MMD/textual/SocialGood/SocialGood_search.csv,,2006-03-06,2006-03-12,False,2006-03-12,False
fb29e7d67956a164,search,references/external/Time-MMD/textual/SocialGood/SocialGood_search.csv,,2006-03-13,2006-03-19,False,2006-03-19,False
adc4400cdf40aa7a,search,references/external/Time-MMD/textual/SocialGood/SocialGood_search.csv,,2006-03-20,2006-03-26,False,2006-03-26,False
46f647fb3a13424b,search,references/external/Time-MMD/textual/SocialGood/SocialGood_search.csv,,2006-03-27,2006-04-02,False,2006-04-02,False
469eb7107a480bef,search,references/external/Time-MMD/textual/SocialGood/SocialGood_search.csv,,2006-04-03,2006-04-09,False,2006-04-09,False
8a5b0c009f45932c,search,references/external/Time-MMD/textual/SocialGood/SocialGood_search.csv,,2006-04-10,2006-04-16,False,2006-04-16,False
3386c4a6d1f3f03c,search,references/external/Time-MMD/textual/SocialGood/SocialGood_search.csv,,2006-04-17,2006-04-23,False,2006-04-23,False
6c75464d37b149d6,search,references/external/Time-MMD/textual/SocialGood/SocialGood_search.csv,,2006-04-24,2006-04-30,False,2006-04-30,False
a5e1381f1de632ac,search,references/external/Time-MMD/textual/SocialGood/SocialGood_search.csv,,2006-05-01,2006-05-07,False,2006-05-07,False
479f39f5b239188f,search,references/external/Time-MMD/textual/SocialGood/SocialGood_search.csv,,2006-05-08,2006-05-14,False,2006-05-14,False
e25772dde7c66492,search,references/external/Time-MMD/textual/SocialGood/SocialGood_search.csv,,2006-05-15,2006-05-21,False,2006-05-21,False
9b583bb591c79bc0,search,references/external/Time-MMD/textual/SocialGood/SocialGood_search.csv,,2006-05-22,2006-05-28,False,2006-05-28,False
17c1379d0810f2d2,search,references/external/Time-MMD/textual/SocialGood/SocialGood_search.csv,,2006-05-29,2006-06-04,False,2006-06-04,False
b5498179e5fc315f,search,references/external/Time-MMD/textual/SocialGood/SocialGood_search.csv,,2006-06-05,2006-06-11,False,2006-06-11,False
144aa57c3b05a309,search,references/external/Time-MMD/textual/SocialGood/SocialGood_search.csv,,2006-06-12,2006-06-18,False,2006-06-18,False
bb5f5d0466befc4f,search,references/external/Time-MMD/textual/SocialGood/SocialGood_search.csv,,2006-06-19,2006-06-25,False,2006-06-25,False
3aedeff02f908655,search,references/external/Time-MMD/textual/SocialGood/SocialGood_search.csv,,2006-06-26,2006-07-02,False,2006-07-02,False
60a07c8a9b886ff8,search,references/external/Time-MMD/textual/SocialGood/SocialGood_search.csv,,2006-07-03,2006-07-09,False,2006-07-09,False
5a5f1dd8ed65c557,search,references/external/Time-MMD/textual/SocialGood/SocialGood_search.csv,,2006-07-10,2006-07-16,False,2006-07-16,False
c4844798d7bbca73,search,references/external/Time-MMD/textual/SocialGood/SocialGood_search.csv,,2006-07-17,2006-07-23,False,2006-07-23,False
1aed927efedeca7e,search,references/external/Time-MMD/textual/SocialGood/SocialGood_search.csv,,2006-07-24,2006-07-30,False,2006-07-30,False
db57d4f9f0c0c36e,search,references/external/Time-MMD/textual/SocialGood/SocialGood_search.csv,,2006-07-31,2006-08-06,False,2006-08-06,False
a6792f9fd26f0e4a,search,references/external/Time-MMD/textual/SocialGood/SocialGood_search.csv,,2006-08-07,2006-08-13,False,2006-08-13,False
b1e7e884fed655a5,search,references/external/Time-MMD/textual/SocialGood/SocialGood_search.csv,,2006-08-14,2006-08-20,False,2006-08-20,False
23fd13a02f601543,search,references/external/Time-MMD/textual/SocialGood/SocialGood_search.csv,,2006-08-21,2006-08-27,False,2006-08-27,False
24af5c0fbf0fed9d,search,references/external/Time-MMD/textual/SocialGood/SocialGood_search.csv,,2006-08-28,2006-09-03,False,2006-09-03,False
e2a8c8da0d441a44,search,references/external/Time-MMD/textual/SocialGood/SocialGood_search.csv,,2006-09-04,2006-09-10,False,2006-09-10,False
fede6a1ecb95ffc1,search,references/external/Time-MMD/textual/SocialGood/SocialGood_search.csv,,2006-09-11,2006-09-17,False,2006-09-17,False
c6877f8d30097f05,search,references/external/Time-MMD/textual/SocialGood/SocialGood_search.csv,,2006-09-18,2006-09-24,False,2006-09-24,False
8b9c8f429baa4b5d,search,references/external/Time-MMD/textual/SocialGood/SocialGood_search.csv,,2006-09-25,2006-10-01,False,2006-10-01,False
6401241e76589f24,search,references/external/Time-MMD/textual/SocialGood/SocialGood_search.csv,,2006-10-02,2006-10-08,False,2006-10-08,False
bf3730f40acc6f58,search,references/external/Time-MMD/textual/SocialGood/SocialGood_search.csv,,2006-10-09,2006-10-15,False,2006-10-15,False
41048a0c97951859,search,references/external/Time-MMD/textual/SocialGood/SocialGood_search.csv,,2006-10-16,2006-10-22,False,2006-10-22,False
2eee476014188cb8,search,references/external/Time-MMD/textual/SocialGood/SocialGood_search.csv,,2006-10-23,2006-10-29,False,2006-10-29,False
d230731506d777d6,search,references/external/Time-MMD/textual/SocialGood/SocialGood_search.csv,,2006-10-30,2006-11-05,False,2006-11-05,False
15e402c6db671e57,search,references/external/Time-MMD/textual/SocialGood/SocialGood_search.csv,,2006-11-06,2006-11-12,False,2006-11-12,False
577778906438f45d,search,references/external/Time-MMD/textual/SocialGood/SocialGood_search.csv,,2006-11-13,2006-11-19,False,2006-11-19,False
9c4582bfbcb48ca4,search,references/external/Time-MMD/textual/SocialGood/SocialGood_search.csv,,2006-11-20,2006-11-26,False,2006-11-26,False
254859703f61c3b6,search,references/external/Time-MMD/textual/SocialGood/SocialGood_search.csv,,2006-11-27,2006-12-03,False,2006-12-03,False
243cb08cd886ee1b,search,references/external/Time-MMD/textual/SocialGood/SocialGood_search.csv,,2006-12-04,2006-12-10,False,2006-12-10,False
86bc2076d0da3492,search,references/external/Time-MMD/textual/SocialGood/SocialGood_search.csv,,2006-12-11,2006-12-17,False,2006-12-17,False
da14bb23c40512ba,search,references/external/Time-MMD/textual/SocialGood/SocialGood_search.csv,,2006-12-18,2006-12-24,False,2006-12-24,False
980df139b6572db2,search,references/external/Time-MMD/textual/SocialGood/SocialGood_search.csv,,2006-12-25,2006-12-31,False,2006-12-31,False
cc8a6ff7ea00dced,search,references/external/Time-MMD/textual/SocialGood/SocialGood_search.csv,,2007-01-01,2007-01-07,False,2007-01-07,False
2e700b29f2b3c270,search,references/external/Time-MMD/textual/SocialGood/SocialGood_search.csv,,2007-01-08,2007-01-14,False,2007-01-14,False
574035d8cf1ec37e,search,references/external/Time-MMD/textual/SocialGood/SocialGood_search.csv,,2007-01-15,2007-01-21,False,2007-01-21,False
a3254d5f1e76afc2,search,references/external/Time-MMD/textual/SocialGood/SocialGood_search.csv,,2007-01-22,2007-01-28,False,2007-01-28,False
98fad6d59f4909bb,search,references/external/Time-MMD/textual/SocialGood/SocialGood_search.csv,,2007-01-29,2007-02-04,False,2007-02-04,False
d715c1c7327617eb,search,references/external/Time-MMD/textual/SocialGood/SocialGood_search.csv,,2007-02-05,2007-02-11,False,2007-02-11,False
fd4d1b42bfe29981,search,references/external/Time-MMD/textual/SocialGood/SocialGood_search.csv,,2007-02-12,2007-02-18,False,2007-02-18,False
3c93beedd39c5dba,search,references/external/Time-MMD/textual/SocialGood/SocialGood_search.csv,,2007-02-19,2007-02-25,False,2007-02-25,False
10c05c7e295c6856,search,references/external/Time-MMD/textual/SocialGood/SocialGood_search.csv,,2007-02-26,2007-03-04,False,2007-03-04,False
b34c65e9642cc6d8,search,references/external/Time-MMD/textual/SocialGood/SocialGood_search.csv,,2007-03-05,2007-03-11,False,2007-03-11,False
8e6c78303012e91e,search,references/external/Time-MMD/textual/SocialGood/SocialGood_search.csv,,2007-03-12,2007-03-18,False,2007-03-18,False
e14391d30f3aa92e,search,references/external/Time-MMD/textual/SocialGood/SocialGood_search.csv,,2007-03-19,2007-03-25,False,2007-03-25,False
cec2278b72a13346,search,references/external/Time-MMD/textual/SocialGood/SocialGood_search.csv,,2007-03-26,2007-04-01,False,2007-04-01,False
d33e8c881ae1b568,search,references/external/Time-MMD/textual/SocialGood/SocialGood_search.csv,,2007-04-02,2007-04-08,False,2007-04-08,False
59e8fcae21dbf1c9,search,references/external/Time-MMD/textual/SocialGood/SocialGood_search.csv,,2007-04-09,2007-04-15,False,2007-04-15,False
363d579aa15da84a,search,references/external/Time-MMD/textual/SocialGood/SocialGood_search.csv,,2007-04-16,2007-04-22,False,2007-04-22,False
34dd5e42a9437cc0,search,references/external/Time-MMD/textual/SocialGood/SocialGood_search.csv,,2007-04-30,2007-05-06,False,2007-05-06,False
ce84a3fd056d0c57,search,references/external/Time-MMD/textual/SocialGood/SocialGood_search.csv,,2007-05-07,2007-05-13,False,2007-05-13,False
a9e662a8f7e7a8fe,search,references/external/Time-MMD/textual/SocialGood/SocialGood_search.csv,,2007-05-14,2007-05-20,False,2007-05-20,False
98dbd89c23ece5b0,search,references/external/Time-MMD/textual/SocialGood/SocialGood_search.csv,,2007-05-21,2007-05-27,False,2007-05-27,False
fcbfb9af7cbe1fc3,search,references/external/Time-MMD/textual/SocialGood/SocialGood_search.csv,,2007-05-28,2007-06-03,False,2007-06-03,False
263572b55d46370b,search,references/external/Time-MMD/textual/SocialGood/SocialGood_search.csv,,2007-06-04,2007-06-10,False,2007-06-10,False
d776194e90ca2ac4,search,references/external/Time-MMD/textual/SocialGood/SocialGood_search.csv,,2007-06-11,2007-06-17,False,2007-06-17,False
b32f64ab2d42d251,search,references/external/Time-MMD/textual/SocialGood/SocialGood_search.csv,,2007-06-18,2007-06-24,False,2007-06-24,False
12258ea1a8af52f3,search,references/external/Time-MMD/textual/SocialGood/SocialGood_search.csv,,2007-06-25,2007-07-01,False,2007-07-01,False
04a013e406d81df4,search,references/external/Time-MMD/textual/SocialGood/SocialGood_search.csv,,2007-07-02,2007-07-08,False,2007-07-08,False
22266e2233c1d486,search,references/external/Time-MMD/textual/SocialGood/SocialGood_search.csv,,2007-07-09,2007-07-15,False,2007-07-15,False
cfebc2ddb50ec6ab,search,references/external/Time-MMD/textual/SocialGood/SocialGood_search.csv,,2007-07-16,2007-07-22,False,2007-07-22,False
bf6fcbe361854af8,search,references/external/Time-MMD/textual/SocialGood/SocialGood_search.csv,,2007-07-23,2007-07-29,False,2007-07-29,False
cf1c8be4ca78fe09,search,references/external/Time-MMD/textual/SocialGood/SocialGood_search.csv,,2007-07-30,2007-08-05,False,2007-08-05,False
8d827d8dbaf2ad7a,search,references/external/Time-MMD/textual/SocialGood/SocialGood_search.csv,,2007-08-06,2007-08-12,False,2007-08-12,False
7914d556d35e926c,search,references/external/Time-MMD/textual/SocialGood/SocialGood_search.csv,,2007-08-13,2007-08-19,False,2007-08-19,False
8612662178fddd72,search,references/external/Time-MMD/textual/SocialGood/SocialGood_search.csv,,2007-08-20,2007-08-26,False,2007-08-26,False
17dce110fc9a6614,search,references/external/Time-MMD/textual/SocialGood/SocialGood_search.csv,,2007-08-27,2007-09-02,False,2007-09-02,False
becabb2824195d1e,search,references/external/Time-MMD/textual/SocialGood/SocialGood_search.csv,,2007-09-03,2007-09-09,False,2007-09-09,False
70d362f97e612a2f,search,references/external/Time-MMD/textual/SocialGood/SocialGood_search.csv,,2007-09-10,2007-09-16,False,2007-09-16,False
bb27ae03b1b45501,search,references/external/Time-MMD/textual/SocialGood/SocialGood_search.csv,,2007-09-17,2007-09-23,False,2007-09-23,False
594cf7de3ec99d75,search,references/external/Time-MMD/textual/SocialGood/SocialGood_search.csv,,2007-09-24,2007-09-30,False,2007-09-30,False
2466d7989e5fd611,search,references/external/Time-MMD/textual/SocialGood/SocialGood_search.csv,,2007-10-01,2007-10-07,False,2007-10-07,False
b11428909d662b57,search,references/external/Time-MMD/textual/SocialGood/SocialGood_search.csv,,2007-10-08,2007-10-14,False,2007-10-14,False
dadaacf69bf339fb,search,references/external/Time-MMD/textual/SocialGood/SocialGood_search.csv,,2007-10-15,2007-10-21,False,2007-10-21,False
5458149232151cbf,search,references/external/Time-MMD/textual/SocialGood/SocialGood_search.csv,,2007-10-22,2007-10-28,False,2007-10-28,False
645d99d9dec8eb5c,search,references/external/Time-MMD/textual/SocialGood/SocialGood_search.csv,,2007-10-29,2007-11-04,False,2007-11-04,False
910112a814f8663e,search,references/external/Time-MMD/textual/SocialGood/SocialGood_search.csv,,2007-11-05,2007-11-11,False,2007-11-11,False
4fdd344b5278c6ad,search,references/external/Time-MMD/textual/SocialGood/SocialGood_search.csv,,2007-11-12,2007-11-18,False,2007-11-18,False
1d4064aeb61b300a,search,references/external/Time-MMD/textual/SocialGood/SocialGood_search.csv,,2007-11-19,2007-11-25,False,2007-11-25,False
ef4671a8b9ed4c2e,search,references/external/Time-MMD/textual/SocialGood/SocialGood_search.csv,,2007-11-26,2007-12-02,False,2007-12-02,False
b93425b8851cd86d,search,references/external/Time-MMD/textual/SocialGood/SocialGood_search.csv,,2007-12-03,2007-12-09,False,2007-12-09,False
bca3ede24559b8fd,search,references/external/Time-MMD/textual/SocialGood/SocialGood_search.csv,,2007-12-10,2007-12-16,False,2007-12-16,False
9ac9ddd45386dd77,search,references/external/Time-MMD/textual/SocialGood/SocialGood_search.csv,,2007-12-17,2007-12-23,False,2007-12-23,False
7bb8ce2d1dd5eab2,search,references/external/Time-MMD/textual/SocialGood/SocialGood_search.csv,,2007-12-24,2007-12-30,False,2007-12-30,False
d59a02e321b0233d,search,references/external/Time-MMD/textual/SocialGood/SocialGood_search.csv,,2007-12-31,2008-01-06,False,2008-01-06,False
1f8dc02edc8512b1,search,references/external/Time-MMD/textual/SocialGood/SocialGood_search.csv,,2008-01-07,2008-01-13,False,2008-01-13,False
bfb319b8ab078a17,search,references/external/Time-MMD/textual/SocialGood/SocialGood_search.csv,,2008-01-14,2008-01-20,False,2008-01-20,False
8be294e08830712a,search,references/external/Time-MMD/textual/SocialGood/SocialGood_search.csv,,2008-01-21,2008-01-27,False,2008-01-27,False
e0e4035d28a26260,search,references/external/Time-MMD/textual/SocialGood/SocialGood_search.csv,,2008-01-28,2008-02-03,False,2008-02-03,False
93f53965cc237c66,search,references/external/Time-MMD/textual/SocialGood/SocialGood_search.csv,,2008-02-04,2008-02-10,False,2008-02-10,False
933ebeb334291ce9,search,references/external/Time-MMD/textual/SocialGood/SocialGood_search.csv,,2008-02-11,2008-02-17,False,2008-02-17,False
1171624bc650a70d,search,references/external/Time-MMD/textual/SocialGood/SocialGood_search.csv,,2008-02-18,2008-02-24,False,2008-02-24,False
9115100609453f80,search,references/external/Time-MMD/textual/SocialGood/SocialGood_search.csv,,2008-02-25,2008-03-02,False,2008-03-02,False
752a0e3cfacb2d97,search,references/external/Time-MMD/textual/SocialGood/SocialGood_search.csv,,2008-03-03,2008-03-09,False,2008-03-09,False
19c03f83332766fe,search,references/external/Time-MMD/textual/SocialGood/SocialGood_search.csv,,2008-03-10,2008-03-16,False,2008-03-16,False
eedd3fc9feb61a70,search,references/external/Time-MMD/textual/SocialGood/SocialGood_search.csv,,2008-03-17,2008-03-23,False,2008-03-23,False
e36a2a06cafc462f,search,references/external/Time-MMD/textual/SocialGood/SocialGood_search.csv,,2008-03-24,2008-03-30,False,2008-03-30,False
a1c9070dcddbbb59,search,references/external/Time-MMD/textual/SocialGood/SocialGood_search.csv,,2008-03-31,2008-04-06,False,2008-04-06,False
58353ca7df0df55a,search,references/external/Time-MMD/textual/SocialGood/SocialGood_search.csv,,2008-04-07,2008-04-13,False,2008-04-13,False
4fc722ec64843f8f,search,references/external/Time-MMD/textual/SocialGood/SocialGood_search.csv,,2008-04-14,2008-04-20,False,2008-04-20,False
498fe5e2abae30ee,search,references/external/Time-MMD/textual/SocialGood/SocialGood_search.csv,,2008-04-21,2008-04-27,False,2008-04-27,False
3869389021b42192,search,references/external/Time-MMD/textual/SocialGood/SocialGood_search.csv,,2008-04-28,2008-05-04,False,2008-05-04,False
fedeaf66a07a1d96,search,references/external/Time-MMD/textual/SocialGood/SocialGood_search.csv,,2008-05-05,2008-05-11,False,2008-05-11,False
dce6d423a21d98ef,search,references/external/Time-MMD/textual/SocialGood/SocialGood_search.csv,,2008-05-12,2008-05-18,False,2008-05-18,False
79b2ef425cf18511,search,references/external/Time-MMD/textual/SocialGood/SocialGood_search.csv,,2008-05-19,2008-05-25,False,2008-05-25,False
20e54c167e9e1777,search,references/external/Time-MMD/textual/SocialGood/SocialGood_search.csv,,2008-05-26,2008-06-01,False,2008-06-01,False
4ed7583f7cc8d926,search,references/external/Time-MMD/textual/SocialGood/SocialGood_search.csv,,2008-06-09,2008-06-15,False,2008-06-15,False
de48c84a96b31c2f,search,references/external/Time-MMD/textual/SocialGood/SocialGood_search.csv,,2008-06-16,2008-06-22,False,2008-06-22,False
d3f13d9840d5d4b0,search,references/external/Time-MMD/textual/SocialGood/SocialGood_search.csv,,2008-06-23,2008-06-29,False,2008-06-29,False
ec8edd0693b0109b,search,references/external/Time-MMD/textual/SocialGood/SocialGood_search.csv,,2008-06-30,2008-07-06,False,2008-07-06,False
e93797c4e865931d,search,references/external/Time-MMD/textual/SocialGood/SocialGood_search.csv,,2008-07-07,2008-07-13,False,2008-07-13,False
a24ab9ef2b728117,search,references/external/Time-MMD/textual/SocialGood/SocialGood_search.csv,,2008-07-14,2008-07-20,False,2008-07-20,False
652b1828e97d5d7e,search,references/external/Time-MMD/textual/SocialGood/SocialGood_search.csv,,2008-07-21,2008-07-27,False,2008-07-27,False
54b456c5c4d5a0d8,search,references/external/Time-MMD/textual/SocialGood/SocialGood_search.csv,,2008-07-28,2008-08-03,False,2008-08-03,False
9975a0d2533dc0ea,search,references/external/Time-MMD/textual/SocialGood/SocialGood_search.csv,,2008-08-04,2008-08-10,False,2008-08-10,False
d3cc08aab1bd8715,search,references/external/Time-MMD/textual/SocialGood/SocialGood_search.csv,,2008-08-11,2008-08-17,False,2008-08-17,False
49e2101031e92d49,search,references/external/Time-MMD/textual/SocialGood/SocialGood_search.csv,,2008-08-18,2008-08-24,False,2008-08-24,False
b68b74b776cb2555,search,references/external/Time-MMD/textual/SocialGood/SocialGood_search.csv,,2008-08-25,2008-08-31,False,2008-08-31,False
a1879bc2d52724c3,search,references/external/Time-MMD/textual/SocialGood/SocialGood_search.csv,,2008-09-01,2008-09-07,False,2008-09-07,False
cb60bd7055beba1e,search,references/external/Time-MMD/textual/SocialGood/SocialGood_search.csv,,2008-09-08,2008-09-14,False,2008-09-14,False
cd3d697bfd439212,search,references/external/Time-MMD/textual/SocialGood/SocialGood_search.csv,,2008-09-15,2008-09-21,False,2008-09-21,False
4604c99fb2e0b6bb,search,references/external/Time-MMD/textual/SocialGood/SocialGood_search.csv,,2008-09-22,2008-09-28,False,2008-09-28,False
dd5c81a6446df72f,search,references/external/Time-MMD/textual/SocialGood/SocialGood_search.csv,,2008-09-29,2008-10-05,False,2008-10-05,False
de778f9e5817aca1,search,references/external/Time-MMD/textual/SocialGood/SocialGood_search.csv,,2008-10-06,2008-10-12,False,2008-10-12,False
235159ce55eec180,search,references/external/Time-MMD/textual/SocialGood/SocialGood_search.csv,,2008-10-20,2008-10-26,False,2008-10-26,False
e4b7bdb2d14164da,search,references/external/Time-MMD/textual/SocialGood/SocialGood_search.csv,,2008-10-27,2008-11-02,False,2008-11-02,False
0667de5c9ad321b5,search,references/external/Time-MMD/textual/SocialGood/SocialGood_search.csv,,2008-11-03,2008-11-09,False,2008-11-09,False
36d1fd869eb7a4ca,search,references/external/Time-MMD/textual/SocialGood/SocialGood_search.csv,,2008-11-10,2008-11-16,False,2008-11-16,False
1635e1be727efd79,search,references/external/Time-MMD/textual/SocialGood/SocialGood_search.csv,,2008-11-17,2008-11-23,False,2008-11-23,False
adcbdde9d646f5cf,search,references/external/Time-MMD/textual/SocialGood/SocialGood_search.csv,,2008-11-24,2008-11-30,False,2008-11-30,False
eea4642b54b684f1,search,references/external/Time-MMD/textual/SocialGood/SocialGood_search.csv,,2008-12-01,2008-12-07,False,2008-12-07,False
fd10527278a7339f,search,references/external/Time-MMD/textual/SocialGood/SocialGood_search.csv,,2008-12-08,2008-12-14,False,2008-12-14,False
965734375e64d434,search,references/external/Time-MMD/textual/SocialGood/SocialGood_search.csv,,2008-12-15,2008-12-21,False,2008-12-21,False
fa479336b580cd2a,search,references/external/Time-MMD/textual/SocialGood/SocialGood_search.csv,,2008-12-22,2008-12-28,False,2008-12-28,False
2e5e6cdd8118f5e6,search,references/external/Time-MMD/textual/SocialGood/SocialGood_search.csv,,2008-12-29,2009-01-04,False,2009-01-04,False
3e6834c4d8703db8,search,references/external/Time-MMD/textual/SocialGood/SocialGood_search.csv,,2009-01-05,2009-01-11,False,2009-01-11,False
c8f22374d5368929,search,references/external/Time-MMD/textual/SocialGood/SocialGood_search.csv,,2009-01-12,2009-01-18,False,2009-01-18,False
991e07b19140c6d3,search,references/external/Time-MMD/textual/SocialGood/SocialGood_search.csv,,2009-01-19,2009-01-25,False,2009-01-25,False
4d12fc1d1afac48f,search,references/external/Time-MMD/textual/SocialGood/SocialGood_search.csv,,2009-01-26,2009-02-01,False,2009-02-01,False
5ece42972e25c16c,search,references/external/Time-MMD/textual/SocialGood/SocialGood_search.csv,,2009-02-02,2009-02-08,False,2009-02-08,False
35ca0358fbc7bddd,search,references/external/Time-MMD/textual/SocialGood/SocialGood_search.csv,,2009-02-09,2009-02-15,False,2009-02-15,False
fdbe850dc497172c,search,references/external/Time-MMD/textual/SocialGood/SocialGood_search.csv,,2009-02-16,2009-02-22,False,2009-02-22,False
32f393148d428045,search,references/external/Time-MMD/textual/SocialGood/SocialGood_search.csv,,2009-02-23,2009-03-01,False,2009-03-01,False
79c73db2019e7246,search,references/external/Time-MMD/textual/SocialGood/SocialGood_search.csv,,2009-03-02,2009-03-08,False,2009-03-08,False
4a85e9f183eeac19,search,references/external/Time-MMD/textual/SocialGood/SocialGood_search.csv,,2009-03-09,2009-03-15,False,2009-03-15,False
573fbe7a99b10572,search,references/external/Time-MMD/textual/SocialGood/SocialGood_search.csv,,2009-03-16,2009-03-22,False,2009-03-22,False
eb724226084642bb,search,references/external/Time-MMD/textual/SocialGood/SocialGood_search.csv,,2009-03-23,2009-03-29,False,2009-03-29,False
6b2c4dc04c686533,search,references/external/Time-MMD/textual/SocialGood/SocialGood_search.csv,,2009-03-30,2009-04-05,False,2009-04-05,False
5a6f5488d27e5232,search,references/external/Time-MMD/textual/SocialGood/SocialGood_search.csv,,2009-04-06,2009-04-12,False,2009-04-12,False
d463c2f8cbe08f86,search,references/external/Time-MMD/textual/SocialGood/SocialGood_search.csv,,2009-04-13,2009-04-19,False,2009-04-19,False
4ac8795ce09b3d70,search,references/external/Time-MMD/textual/SocialGood/SocialGood_search.csv,,2009-04-20,2009-04-26,False,2009-04-26,False
d40822f9414f17a3,search,references/external/Time-MMD/textual/SocialGood/SocialGood_search.csv,,2009-04-27,2009-05-03,False,2009-05-03,False
2baebc508369307f,search,references/external/Time-MMD/textual/SocialGood/SocialGood_search.csv,,2009-05-04,2009-05-10,False,2009-05-10,False
6338afc8811f2516,search,references/external/Time-MMD/textual/SocialGood/SocialGood_search.csv,,2009-05-11,2009-05-17,False,2009-05-17,False
c0d5ea3059324da8,search,references/external/Time-MMD/textual/SocialGood/SocialGood_search.csv,,2009-05-18,2009-05-24,False,2009-05-24,False
bd9c31419e96798d,search,references/external/Time-MMD/textual/SocialGood/SocialGood_search.csv,,2009-05-25,2009-05-31,False,2009-05-31,False
997a4d0877ebcad3,search,references/external/Time-MMD/textual/SocialGood/SocialGood_search.csv,,2009-06-01,2009-06-07,False,2009-06-07,False
4b8272dba0efe50f,search,references/external/Time-MMD/textual/SocialGood/SocialGood_search.csv,,2009-06-08,2009-06-14,False,2009-06-14,False
cb0dc597ad7b3b83,search,references/external/Time-MMD/textual/SocialGood/SocialGood_search.csv,,2009-06-15,2009-06-21,False,2009-06-21,False
e3edc5a33b29c089,search,references/external/Time-MMD/textual/SocialGood/SocialGood_search.csv,,2009-06-22,2009-06-28,False,2009-06-28,False
adf8e34019ca8b89,search,references/external/Time-MMD/textual/SocialGood/SocialGood_search.csv,,2009-06-29,2009-07-05,False,2009-07-05,False
c0c898d3a2704410,search,references/external/Time-MMD/textual/SocialGood/SocialGood_search.csv,,2009-07-06,2009-07-12,False,2009-07-12,False
6bdc6a8b434f512a,search,references/external/Time-MMD/textual/SocialGood/SocialGood_search.csv,,2009-07-13,2009-07-19,False,2009-07-19,False
914da04b9c88f2aa,search,references/external/Time-MMD/textual/SocialGood/SocialGood_search.csv,,2009-07-20,2009-07-26,False,2009-07-26,False
bc6952fbb167941c,search,references/external/Time-MMD/textual/SocialGood/SocialGood_search.csv,,2009-07-27,2009-08-02,False,2009-08-02,False
03351b7368597239,search,references/external/Time-MMD/textual/SocialGood/SocialGood_search.csv,,2009-08-03,2009-08-09,False,2009-08-09,False
4a71e791b38f61c4,search,references/external/Time-MMD/textual/SocialGood/SocialGood_search.csv,,2009-08-10,2009-08-16,False,2009-08-16,False
22312df9caed0fce,search,references/external/Time-MMD/textual/SocialGood/SocialGood_search.csv,,2009-08-17,2009-08-23,False,2009-08-23,False
4266f37e62724837,search,references/external/Time-MMD/textual/SocialGood/SocialGood_search.csv,,2009-08-24,2009-08-30,False,2009-08-30,False
2622e4dae0d26481,search,references/external/Time-MMD/textual/SocialGood/SocialGood_search.csv,,2009-08-31,2009-09-06,False,2009-09-06,False
2ca6c26ad8b87c85,search,references/external/Time-MMD/textual/SocialGood/SocialGood_search.csv,,2009-09-07,2009-09-13,False,2009-09-13,False
83262211d501d964,search,references/external/Time-MMD/textual/SocialGood/SocialGood_search.csv,,2009-09-14,2009-09-20,False,2009-09-20,False
58a874a03c9c3323,search,references/external/Time-MMD/textual/SocialGood/SocialGood_search.csv,,2009-09-21,2009-09-27,False,2009-09-27,False
5f7a1904eb24ffaf,search,references/external/Time-MMD/textual/SocialGood/SocialGood_search.csv,,2009-09-28,2009-10-04,False,2009-10-04,False
47a526fd6ea62ec8,search,references/external/Time-MMD/textual/SocialGood/SocialGood_search.csv,,2009-10-05,2009-10-11,False,2009-10-11,False
d29d1174257c6c0a,search,references/external/Time-MMD/textual/SocialGood/SocialGood_search.csv,,2009-10-12,2009-10-18,False,2009-10-18,False
fdc5f292270ba978,search,references/external/Time-MMD/textual/SocialGood/SocialGood_search.csv,,2009-10-19,2009-10-25,False,2009-10-25,False
475ca186894232e0,search,references/external/Time-MMD/textual/SocialGood/SocialGood_search.csv,,2009-10-26,2009-11-01,False,2009-11-01,False
b30a38a1c89d8216,search,references/external/Time-MMD/textual/SocialGood/SocialGood_search.csv,,2009-11-02,2009-11-08,False,2009-11-08,False
60ce88b03056eb76,search,references/external/Time-MMD/textual/SocialGood/SocialGood_search.csv,,2009-11-09,2009-11-15,False,2009-11-15,False
0252656352869e0a,search,references/external/Time-MMD/textual/SocialGood/SocialGood_search.csv,,2009-11-16,2009-11-22,False,2009-11-22,False
79aeaa1d91371db4,search,references/external/Time-MMD/textual/SocialGood/SocialGood_search.csv,,2009-11-23,2009-11-29,False,2009-11-29,False
aab5c79318b55de7,search,references/external/Time-MMD/textual/SocialGood/SocialGood_search.csv,,2009-11-30,2009-12-06,False,2009-12-06,False
cf30db5796fa0adf,search,references/external/Time-MMD/textual/SocialGood/SocialGood_search.csv,,2009-12-07,2009-12-13,False,2009-12-13,False
7f380fc6a0a0a8d6,search,references/external/Time-MMD/textual/SocialGood/SocialGood_search.csv,,2009-12-14,2009-12-20,False,2009-12-20,False
d7eacdad6c5c10a9,search,references/external/Time-MMD/textual/SocialGood/SocialGood_search.csv,,2009-12-21,2009-12-27,False,2009-12-27,False
2d6052ad0fae2491,search,references/external/Time-MMD/textual/SocialGood/SocialGood_search.csv,,2009-12-28,2010-01-03,False,2010-01-03,False
305224b3a8613c93,search,references/external/Time-MMD/textual/SocialGood/SocialGood_search.csv,,2010-01-04,2010-01-10,False,2010-01-10,False
fac8cebdc6ecb694,search,references/external/Time-MMD/textual/SocialGood/SocialGood_search.csv,,2010-01-11,2010-01-17,False,2010-01-17,False
a51b9ad80ef0bcbf,search,references/external/Time-MMD/textual/SocialGood/SocialGood_search.csv,,2010-01-18,2010-01-24,False,2010-01-24,False
ef53b844b367ffb7,search,references/external/Time-MMD/textual/SocialGood/SocialGood_search.csv,,2010-01-25,2010-01-31,False,2010-01-31,False
407eff5371370e33,search,references/external/Time-MMD/textual/SocialGood/SocialGood_search.csv,,2010-02-01,2010-02-07,False,2010-02-07,False
e01e99e690d0eba1,search,references/external/Time-MMD/textual/SocialGood/SocialGood_search.csv,,2010-02-08,2010-02-14,False,2010-02-14,False
6e096a1151ef031f,search,references/external/Time-MMD/textual/SocialGood/SocialGood_search.csv,,2010-02-15,2010-02-21,False,2010-02-21,False
5a62ee94bf7c1068,search,references/external/Time-MMD/textual/SocialGood/SocialGood_search.csv,,2010-02-22,2010-02-28,False,2010-02-28,False
13ce497bf9ab23e1,search,references/external/Time-MMD/textual/SocialGood/SocialGood_search.csv,,2010-03-01,2010-03-07,False,2010-03-07,False
4b0092237b80ad7a,search,references/external/Time-MMD/textual/SocialGood/SocialGood_search.csv,,2010-03-08,2010-03-14,False,2010-03-14,False
27a6490c352ba5cf,search,references/external/Time-MMD/textual/SocialGood/SocialGood_search.csv,,2010-03-15,2010-03-21,False,2010-03-21,False
a8919081ba6da95b,search,references/external/Time-MMD/textual/SocialGood/SocialGood_search.csv,,2010-03-22,2010-03-28,False,2010-03-28,False
025d5bf1daff4c85,search,references/external/Time-MMD/textual/SocialGood/SocialGood_search.csv,,2010-03-29,2010-04-04,False,2010-04-04,False
8ef9f210c3a80581,search,references/external/Time-MMD/textual/SocialGood/SocialGood_search.csv,,2010-04-05,2010-04-11,False,2010-04-11,False
e22a659015b2c7ff,search,references/external/Time-MMD/textual/SocialGood/SocialGood_search.csv,,2010-04-12,2010-04-18,False,2010-04-18,False
2512e1fc6f255ed2,search,references/external/Time-MMD/textual/SocialGood/SocialGood_search.csv,,2010-04-19,2010-04-25,False,2010-04-25,False
f9776300ea36d732,search,references/external/Time-MMD/textual/SocialGood/SocialGood_search.csv,,2010-04-26,2010-05-02,False,2010-05-02,False
2b57211b51d86631,search,references/external/Time-MMD/textual/SocialGood/SocialGood_search.csv,,2010-05-03,2010-05-09,False,2010-05-09,False
3a787532dbd1b6d5,search,references/external/Time-MMD/textual/SocialGood/SocialGood_search.csv,,2010-05-10,2010-05-16,False,2010-05-16,False
a51049a31214dc00,search,references/external/Time-MMD/textual/SocialGood/SocialGood_search.csv,,2010-05-17,2010-05-23,False,2010-05-23,False
7589a51c897be22e,search,references/external/Time-MMD/textual/SocialGood/SocialGood_search.csv,,2010-05-24,2010-05-30,False,2010-05-30,False
22824ab25d626163,search,references/external/Time-MMD/textual/SocialGood/SocialGood_search.csv,,2010-05-31,2010-06-06,False,2010-06-06,False
7c3a6760e1cf3184,search,references/external/Time-MMD/textual/SocialGood/SocialGood_search.csv,,2010-06-07,2010-06-13,False,2010-06-13,False
c952df31eb260584,search,references/external/Time-MMD/textual/SocialGood/SocialGood_search.csv,,2010-06-14,2010-06-20,False,2010-06-20,False
48af7d5e8ab52eda,search,references/external/Time-MMD/textual/SocialGood/SocialGood_search.csv,,2010-06-21,2010-06-27,False,2010-06-27,False
15cd43b90befdc56,search,references/external/Time-MMD/textual/SocialGood/SocialGood_search.csv,,2010-06-28,2010-07-04,False,2010-07-04,False
741223346bb33444,search,references/external/Time-MMD/textual/SocialGood/SocialGood_search.csv,,2010-07-05,2010-07-11,False,2010-07-11,False
a5ff03161a19baf5,search,references/external/Time-MMD/textual/SocialGood/SocialGood_search.csv,,2010-07-12,2010-07-18,False,2010-07-18,False
b05e2a79b09cec35,search,references/external/Time-MMD/textual/SocialGood/SocialGood_search.csv,,2010-07-19,2010-07-25,False,2010-07-25,False
e149c25d73169f80,search,references/external/Time-MMD/textual/SocialGood/SocialGood_search.csv,,2010-07-26,2010-08-01,False,2010-08-01,False
1d97dead86244d2b,search,references/external/Time-MMD/textual/SocialGood/SocialGood_search.csv,,2010-08-02,2010-08-08,False,2010-08-08,False
c70e68939252da48,search,references/external/Time-MMD/textual/SocialGood/SocialGood_search.csv,,2010-08-09,2010-08-15,False,2010-08-15,False
8f7764114a4d457b,search,references/external/Time-MMD/textual/SocialGood/SocialGood_search.csv,,2010-08-16,2010-08-22,False,2010-08-22,False
55403ce7823f89c5,search,references/external/Time-MMD/textual/SocialGood/SocialGood_search.csv,,2010-08-23,2010-08-29,False,2010-08-29,False
3dc85fbcd0e25ede,search,references/external/Time-MMD/textual/SocialGood/SocialGood_search.csv,,2010-08-30,2010-09-05,False,2010-09-05,False
401ec8c19ffeab85,search,references/external/Time-MMD/textual/SocialGood/SocialGood_search.csv,,2010-09-06,2010-09-12,False,2010-09-12,False
090d7d20ce85dce2,search,references/external/Time-MMD/textual/SocialGood/SocialGood_search.csv,,2010-09-13,2010-09-19,False,2010-09-19,False
68b34f5a847c0084,search,references/external/Time-MMD/textual/SocialGood/SocialGood_search.csv,,2010-09-20,2010-09-26,False,2010-09-26,False
b653276215268f34,search,references/external/Time-MMD/textual/SocialGood/SocialGood_search.csv,,2010-09-27,2010-10-03,False,2010-10-03,False
bc94dcdf444fd0d8,search,references/external/Time-MMD/textual/SocialGood/SocialGood_search.csv,,2010-10-04,2010-10-10,False,2010-10-10,False
d9407b6022ec91f8,search,references/external/Time-MMD/textual/SocialGood/SocialGood_search.csv,,2010-10-11,2010-10-17,False,2010-10-17,False
9780670abcb31750,search,references/external/Time-MMD/textual/SocialGood/SocialGood_search.csv,,2010-10-18,2010-10-24,False,2010-10-24,False
76887ab67f2f1c13,search,references/external/Time-MMD/textual/SocialGood/SocialGood_search.csv,,2010-10-25,2010-10-31,False,2010-10-31,False
8c5430b665111ccd,search,references/external/Time-MMD/textual/SocialGood/SocialGood_search.csv,,2010-11-01,2010-11-07,False,2010-11-07,False
338231d82a3f6baa,search,references/external/Time-MMD/textual/SocialGood/SocialGood_search.csv,,2010-11-08,2010-11-14,False,2010-11-14,False
9ef61e7278fdb0d5,search,references/external/Time-MMD/textual/SocialGood/SocialGood_search.csv,,2010-11-15,2010-11-21,False,2010-11-21,False
d4235cd9c067c5ef,search,references/external/Time-MMD/textual/SocialGood/SocialGood_search.csv,,2010-11-22,2010-11-28,False,2010-11-28,False
ce3376a7d2d7c6e1,search,references/external/Time-MMD/textual/SocialGood/SocialGood_search.csv,,2010-11-29,2010-12-05,False,2010-12-05,False
9f2effae35c08ea7,search,references/external/Time-MMD/textual/SocialGood/SocialGood_search.csv,,2010-12-06,2010-12-12,False,2010-12-12,False
cb3469fec3f1429c,search,references/external/Time-MMD/textual/SocialGood/SocialGood_search.csv,,2010-12-13,2010-12-19,False,2010-12-19,False
b3105bc8f006d4ed,search,references/external/Time-MMD/textual/SocialGood/SocialGood_search.csv,,2010-12-20,2010-12-26,False,2010-12-26,False
195fcd9a8f25b6ae,search,references/external/Time-MMD/textual/SocialGood/SocialGood_search.csv,,2010-12-27,2011-01-02,False,2011-01-02,False
903ed57af5bedf04,search,references/external/Time-MMD/textual/SocialGood/SocialGood_search.csv,,2011-01-03,2011-01-09,False,2011-01-09,False
9eb9b9a53b9cd77c,search,references/external/Time-MMD/textual/SocialGood/SocialGood_search.csv,,2011-01-10,2011-01-16,False,2011-01-16,False
cd4eb59a79e0d641,search,references/external/Time-MMD/textual/SocialGood/SocialGood_search.csv,,2011-01-17,2011-01-23,False,2011-01-23,False
596c16b7d56b34cb,search,references/external/Time-MMD/textual/SocialGood/SocialGood_search.csv,,2011-01-24,2011-01-30,False,2011-01-30,False
85e22429f67dc979,search,references/external/Time-MMD/textual/SocialGood/SocialGood_search.csv,,2011-01-31,2011-02-06,False,2011-02-06,False
9b9067c8a65b7ad6,search,references/external/Time-MMD/textual/SocialGood/SocialGood_search.csv,,2011-02-07,2011-02-13,False,2011-02-13,False
b9b7e8d4b7a06658,search,references/external/Time-MMD/textual/SocialGood/SocialGood_search.csv,,2011-02-14,2011-02-20,False,2011-02-20,False
0a85650c2a30ae70,search,references/external/Time-MMD/textual/SocialGood/SocialGood_search.csv,,2011-02-21,2011-02-27,False,2011-02-27,False
abc62411bfbd55e1,search,references/external/Time-MMD/textual/SocialGood/SocialGood_search.csv,,2011-02-28,2011-03-06,False,2011-03-06,False
da4091131bcdf468,search,references/external/Time-MMD/textual/SocialGood/SocialGood_search.csv,,2011-03-07,2011-03-13,False,2011-03-13,False
2f648615f3111853,search,references/external/Time-MMD/textual/SocialGood/SocialGood_search.csv,,2011-03-14,2011-03-20,False,2011-03-20,False
5a532d659b60e655,search,references/external/Time-MMD/textual/SocialGood/SocialGood_search.csv,,2011-03-21,2011-03-27,False,2011-03-27,False
26a03a16914cc65c,search,references/external/Time-MMD/textual/SocialGood/SocialGood_search.csv,,2011-03-28,2011-04-03,False,2011-04-03,False
8bbd06f08487854a,search,references/external/Time-MMD/textual/SocialGood/SocialGood_search.csv,,2011-04-04,2011-04-10,False,2011-04-10,False
6ce28e2b06619ef8,search,references/external/Time-MMD/textual/SocialGood/SocialGood_search.csv,,2011-04-11,2011-04-17,False,2011-04-17,False
6cbc95dcf31cc2c0,search,references/external/Time-MMD/textual/SocialGood/SocialGood_search.csv,,2011-04-18,2011-04-24,False,2011-04-24,False
dd99ca3f8da3f373,search,references/external/Time-MMD/textual/SocialGood/SocialGood_search.csv,,2011-04-25,2011-05-01,False,2011-05-01,False
bfa499e7d267f7f7,search,references/external/Time-MMD/textual/SocialGood/SocialGood_search.csv,,2011-05-02,2011-05-08,False,2011-05-08,False
ad510d71c1843ec5,search,references/external/Time-MMD/textual/SocialGood/SocialGood_search.csv,,2011-05-09,2011-05-15,False,2011-05-15,False
9ec3dd750616924a,search,references/external/Time-MMD/textual/SocialGood/SocialGood_search.csv,,2011-05-16,2011-05-22,False,2011-05-22,False
64127ee498756627,search,references/external/Time-MMD/textual/SocialGood/SocialGood_search.csv,,2011-05-23,2011-05-29,False,2011-05-29,False
c71db61c075e5c34,search,references/external/Time-MMD/textual/SocialGood/SocialGood_search.csv,,2011-05-30,2011-06-05,False,2011-06-05,False
78a4c0a59d7213ac,search,references/external/Time-MMD/textual/SocialGood/SocialGood_search.csv,,2011-06-06,2011-06-12,False,2011-06-12,False
96b4d80f630df548,search,references/external/Time-MMD/textual/SocialGood/SocialGood_search.csv,,2011-06-13,2011-06-19,False,2011-06-19,False
498ad344478f7de8,search,references/external/Time-MMD/textual/SocialGood/SocialGood_search.csv,,2011-06-20,2011-06-26,False,2011-06-26,False
836f9091c17ef7f6,search,references/external/Time-MMD/textual/SocialGood/SocialGood_search.csv,,2011-06-27,2011-07-03,False,2011-07-03,False
c7bb780e1b6cdd11,search,references/external/Time-MMD/textual/SocialGood/SocialGood_search.csv,,2011-07-04,2011-07-10,False,2011-07-10,False
0bbccbcfbd69c719,search,references/external/Time-MMD/textual/SocialGood/SocialGood_search.csv,,2011-07-11,2011-07-17,False,2011-07-17,False
b965a5d24f853e38,search,references/external/Time-MMD/textual/SocialGood/SocialGood_search.csv,,2011-07-18,2011-07-24,False,2011-07-24,False
631c4732f13b8914,search,references/external/Time-MMD/textual/SocialGood/SocialGood_search.csv,,2011-07-25,2011-07-31,False,2011-07-31,False
9860e37f6fd7bb17,search,references/external/Time-MMD/textual/SocialGood/SocialGood_search.csv,,2011-08-01,2011-08-07,False,2011-08-07,False
e94c5f0a9000d3e9,search,references/external/Time-MMD/textual/SocialGood/SocialGood_search.csv,,2011-08-08,2011-08-14,False,2011-08-14,False
8938b8a35f9f2728,search,references/external/Time-MMD/textual/SocialGood/SocialGood_search.csv,,2011-08-15,2011-08-21,False,2011-08-21,False
d39543d072358669,search,references/external/Time-MMD/textual/SocialGood/SocialGood_search.csv,,2011-08-22,2011-08-28,False,2011-08-28,False
61b8280e6ff4e78f,search,references/external/Time-MMD/textual/SocialGood/SocialGood_search.csv,,2011-08-29,2011-09-04,False,2011-09-04,False
f5d50da8bcf5a324,search,references/external/Time-MMD/textual/SocialGood/SocialGood_search.csv,,2011-09-05,2011-09-11,False,2011-09-11,False
f69f7a52fce615a5,search,references/external/Time-MMD/textual/SocialGood/SocialGood_search.csv,,2011-09-12,2011-09-18,False,2011-09-18,False
0204312a23e2a337,search,references/external/Time-MMD/textual/SocialGood/SocialGood_search.csv,,2011-09-26,2011-10-02,False,2011-10-02,False
6fa4810b88cf6c98,search,references/external/Time-MMD/textual/SocialGood/SocialGood_search.csv,,2011-10-03,2011-10-09,False,2011-10-09,False
ad89019dc9db5a9f,search,references/external/Time-MMD/textual/SocialGood/SocialGood_search.csv,,2011-10-10,2011-10-16,False,2011-10-16,False
74e90fb52f5c31b8,search,references/external/Time-MMD/textual/SocialGood/SocialGood_search.csv,,2011-10-17,2011-10-23,False,2011-10-23,False
0ede838225241f2e,search,references/external/Time-MMD/textual/SocialGood/SocialGood_search.csv,,2011-10-24,2011-10-30,False,2011-10-30,False
a4f5e8172a7f94fe,search,references/external/Time-MMD/textual/SocialGood/SocialGood_search.csv,,2011-10-31,2011-11-06,False,2011-11-06,False
ab491a67aff5eb99,search,references/external/Time-MMD/textual/SocialGood/SocialGood_search.csv,,2011-11-07,2011-11-13,False,2011-11-13,False
43d8bf897fb5c9c9,search,references/external/Time-MMD/textual/SocialGood/SocialGood_search.csv,,2011-11-14,2011-11-20,False,2011-11-20,False
0a643291f69d8e5a,search,references/external/Time-MMD/textual/SocialGood/SocialGood_search.csv,,2011-11-21,2011-11-27,False,2011-11-27,False
966411a7d52de675,search,references/external/Time-MMD/textual/SocialGood/SocialGood_search.csv,,2011-11-28,2011-12-04,False,2011-12-04,False
7b4d3a4a965e4ac5,search,references/external/Time-MMD/textual/SocialGood/SocialGood_search.csv,,2011-12-05,2011-12-11,False,2011-12-11,False
30851032350efedf,search,references/external/Time-MMD/textual/SocialGood/SocialGood_search.csv,,2011-12-12,2011-12-18,False,2011-12-18,False
206466677181a4c8,search,references/external/Time-MMD/textual/SocialGood/SocialGood_search.csv,,2011-12-19,2011-12-25,False,2011-12-25,False
af52547b2566e011,search,references/external/Time-MMD/textual/SocialGood/SocialGood_search.csv,,2011-12-26,2012-01-01,False,2012-01-01,False
b3435f71028173a0,search,references/external/Time-MMD/textual/SocialGood/SocialGood_search.csv,,2012-01-02,2012-01-08,False,2012-01-08,False
5a74fe8e06840164,search,references/external/Time-MMD/textual/SocialGood/SocialGood_search.csv,,2012-01-09,2012-01-15,False,2012-01-15,False
9065b6b9c9f74b37,search,references/external/Time-MMD/textual/SocialGood/SocialGood_search.csv,,2012-01-16,2012-01-22,False,2012-01-22,False
15c81ca2e0722ed0,search,references/external/Time-MMD/textual/SocialGood/SocialGood_search.csv,,2012-01-23,2012-01-29,False,2012-01-29,False
b1ddffa04d954ede,search,references/external/Time-MMD/textual/SocialGood/SocialGood_search.csv,,2012-01-30,2012-02-05,False,2012-02-05,False
15aeaa6d9c9843b3,search,references/external/Time-MMD/textual/SocialGood/SocialGood_search.csv,,2012-02-06,2012-02-12,False,2012-02-12,False
e42c5a3ddd7255bf,search,references/external/Time-MMD/textual/SocialGood/SocialGood_search.csv,,2012-02-13,2012-02-19,False,2012-02-19,False
9d44a4f908264383,search,references/external/Time-MMD/textual/SocialGood/SocialGood_search.csv,,2012-02-20,2012-02-26,False,2012-02-26,False
8b18f6904f0543d1,search,references/external/Time-MMD/textual/SocialGood/SocialGood_search.csv,,2012-02-27,2012-03-04,False,2012-03-04,False
8a8619bbed8bfda7,search,references/external/Time-MMD/textual/SocialGood/SocialGood_search.csv,,2012-03-05,2012-03-11,False,2012-03-11,False
bf48fc6816fd47a5,search,references/external/Time-MMD/textual/SocialGood/SocialGood_search.csv,,2012-03-12,2012-03-18,False,2012-03-18,False
6112d0a8308a8768,search,references/external/Time-MMD/textual/SocialGood/SocialGood_search.csv,,2012-03-19,2012-03-25,False,2012-03-25,False
477632fe5f1f7beb,search,references/external/Time-MMD/textual/SocialGood/SocialGood_search.csv,,2012-03-26,2012-04-01,False,2012-04-01,False
f7cb64dc7720fd36,search,references/external/Time-MMD/textual/SocialGood/SocialGood_search.csv,,2012-04-02,2012-04-08,False,2012-04-08,False
00435c4f002f12fa,search,references/external/Time-MMD/textual/SocialGood/SocialGood_search.csv,,2012-04-09,2012-04-15,False,2012-04-15,False
0cfe43d4b4cea573,search,references/external/Time-MMD/textual/SocialGood/SocialGood_search.csv,,2012-04-16,2012-04-22,False,2012-04-22,False
31813b598f135aaa,search,references/external/Time-MMD/textual/SocialGood/SocialGood_search.csv,,2012-04-23,2012-04-29,False,2012-04-29,False
83f948f85ea213c4,search,references/external/Time-MMD/textual/SocialGood/SocialGood_search.csv,,2012-04-30,2012-05-06,False,2012-05-06,False
8c0138fce9e7d3db,search,references/external/Time-MMD/textual/SocialGood/SocialGood_search.csv,,2012-05-07,2012-05-13,False,2012-05-13,False
de5b5a440dc69f85,search,references/external/Time-MMD/textual/SocialGood/SocialGood_search.csv,,2012-05-14,2012-05-20,False,2012-05-20,False
4b254a2b524c41ee,search,references/external/Time-MMD/textual/SocialGood/SocialGood_search.csv,,2012-05-21,2012-05-27,False,2012-05-27,False
edbd29330a67cf14,search,references/external/Time-MMD/textual/SocialGood/SocialGood_search.csv,,2012-05-28,2012-06-03,False,2012-06-03,False
4759ca80ba6b8614,search,references/external/Time-MMD/textual/SocialGood/SocialGood_search.csv,,2012-06-04,2012-06-10,False,2012-06-10,False
daea43e299b390d7,search,references/external/Time-MMD/textual/SocialGood/SocialGood_search.csv,,2012-06-11,2012-06-17,False,2012-06-17,False
c0a754518d57d40a,search,references/external/Time-MMD/textual/SocialGood/SocialGood_search.csv,,2012-06-18,2012-06-24,False,2012-06-24,False
1e450e1f4b124176,search,references/external/Time-MMD/textual/SocialGood/SocialGood_search.csv,,2012-06-25,2012-07-01,False,2012-07-01,False
3e949f772c4b8fe4,search,references/external/Time-MMD/textual/SocialGood/SocialGood_search.csv,,2012-07-02,2012-07-08,False,2012-07-08,False
b204675a4eff82d8,search,references/external/Time-MMD/textual/SocialGood/SocialGood_search.csv,,2012-07-09,2012-07-15,False,2012-07-15,False
10199e3c74bfd6e5,search,references/external/Time-MMD/textual/SocialGood/SocialGood_search.csv,,2012-07-16,2012-07-22,False,2012-07-22,False
ea7811aa59ab9536,search,references/external/Time-MMD/textual/SocialGood/SocialGood_search.csv,,2012-07-23,2012-07-29,False,2012-07-29,False
16b549aa89c1cce6,search,references/external/Time-MMD/textual/SocialGood/SocialGood_search.csv,,2012-07-30,2012-08-05,False,2012-08-05,False
cf444e9d3062e850,search,references/external/Time-MMD/textual/SocialGood/SocialGood_search.csv,,2012-08-06,2012-08-12,False,2012-08-12,False
7f0765250f3493bd,search,references/external/Time-MMD/textual/SocialGood/SocialGood_search.csv,,2012-08-13,2012-08-19,False,2012-08-19,False
d8b415632bd775fa,search,references/external/Time-MMD/textual/SocialGood/SocialGood_search.csv,,2012-08-20,2012-08-26,False,2012-08-26,False
ed5785e30291addf,search,references/external/Time-MMD/textual/SocialGood/SocialGood_search.csv,,2012-08-27,2012-09-02,False,2012-09-02,False
7e4d93e184cc6a68,search,references/external/Time-MMD/textual/SocialGood/SocialGood_search.csv,,2012-09-03,2012-09-09,False,2012-09-09,False
1332d0c832400d72,search,references/external/Time-MMD/textual/SocialGood/SocialGood_search.csv,,2012-09-10,2012-09-16,False,2012-09-16,False
ca27be0ee1308828,search,references/external/Time-MMD/textual/SocialGood/SocialGood_search.csv,,2012-09-17,2012-09-23,False,2012-09-23,False
15c62aaafcb4441e,search,references/external/Time-MMD/textual/SocialGood/SocialGood_search.csv,,2012-09-24,2012-09-30,False,2012-09-30,False
4320903c3377ed54,search,references/external/Time-MMD/textual/SocialGood/SocialGood_search.csv,,2012-10-01,2012-10-07,False,2012-10-07,False
0b998e8803336491,search,references/external/Time-MMD/textual/SocialGood/SocialGood_search.csv,,2012-10-08,2012-10-14,False,2012-10-14,False
d57f64e5ee5cee16,search,references/external/Time-MMD/textual/SocialGood/SocialGood_search.csv,,2012-10-15,2012-10-21,False,2012-10-21,False
c32084ff4c182ac4,search,references/external/Time-MMD/textual/SocialGood/SocialGood_search.csv,,2012-10-22,2012-10-28,False,2012-10-28,False
bc6bbbc5280aa8bf,search,references/external/Time-MMD/textual/SocialGood/SocialGood_search.csv,,2012-10-29,2012-11-04,False,2012-11-04,False
305503c34522f033,search,references/external/Time-MMD/textual/SocialGood/SocialGood_search.csv,,2012-11-05,2012-11-11,False,2012-11-11,False
a595c88c5e68b62a,search,references/external/Time-MMD/textual/SocialGood/SocialGood_search.csv,,2012-11-12,2012-11-18,False,2012-11-18,False
1732a67833b76ff2,search,references/external/Time-MMD/textual/SocialGood/SocialGood_search.csv,,2012-11-19,2012-11-25,False,2012-11-25,False
4f1dc812fbbcc680,search,references/external/Time-MMD/textual/SocialGood/SocialGood_search.csv,,2012-11-26,2012-12-02,False,2012-12-02,False
9704597d8527fff6,search,references/external/Time-MMD/textual/SocialGood/SocialGood_search.csv,,2012-12-03,2012-12-09,False,2012-12-09,False
d13fc4387dc498f7,search,references/external/Time-MMD/textual/SocialGood/SocialGood_search.csv,,2012-12-10,2012-12-16,False,2012-12-16,False
1c48b64f71b54c5a,search,references/external/Time-MMD/textual/SocialGood/SocialGood_search.csv,,2012-12-17,2012-12-23,False,2012-12-23,False
2dc8a78f40b72577,search,references/external/Time-MMD/textual/SocialGood/SocialGood_search.csv,,2012-12-24,2012-12-30,False,2012-12-30,False
f3fe9ec791145ab5,search,references/external/Time-MMD/textual/SocialGood/SocialGood_search.csv,,2012-12-31,2013-01-06,False,2013-01-06,False
cf28565dccddb91b,search,references/external/Time-MMD/textual/SocialGood/SocialGood_search.csv,,2013-01-07,2013-01-13,False,2013-01-13,False
684dc10180d9cd6c,search,references/external/Time-MMD/textual/SocialGood/SocialGood_search.csv,,2013-01-14,2013-01-20,False,2013-01-20,False
b60228de2f73cc8c,search,references/external/Time-MMD/textual/SocialGood/SocialGood_search.csv,,2013-01-21,2013-01-27,False,2013-01-27,False
7297e6a47647a7b5,search,references/external/Time-MMD/textual/SocialGood/SocialGood_search.csv,,2013-01-28,2013-02-03,False,2013-02-03,False
1d25fce59530f436,search,references/external/Time-MMD/textual/SocialGood/SocialGood_search.csv,,2013-02-04,2013-02-10,False,2013-02-10,False
98010a39c676f876,search,references/external/Time-MMD/textual/SocialGood/SocialGood_search.csv,,2013-02-11,2013-02-17,False,2013-02-17,False
df7d1e6ab38b7ae7,search,references/external/Time-MMD/textual/SocialGood/SocialGood_search.csv,,2013-02-18,2013-02-24,False,2013-02-24,False
6104dd5e46f8cb24,search,references/external/Time-MMD/textual/SocialGood/SocialGood_search.csv,,2013-02-25,2013-03-03,False,2013-03-03,False
f12d9019297edfe9,search,references/external/Time-MMD/textual/SocialGood/SocialGood_search.csv,,2013-03-04,2013-03-10,False,2013-03-10,False
28a35da88673913b,search,references/external/Time-MMD/textual/SocialGood/SocialGood_search.csv,,2013-03-11,2013-03-17,False,2013-03-17,False
d0909776f89da084,search,references/external/Time-MMD/textual/SocialGood/SocialGood_search.csv,,2013-03-18,2013-03-24,False,2013-03-24,False
1356826c20314a81,search,references/external/Time-MMD/textual/SocialGood/SocialGood_search.csv,,2013-03-25,2013-03-31,False,2013-03-31,False
fe806a32bad2bb15,search,references/external/Time-MMD/textual/SocialGood/SocialGood_search.csv,,2013-04-01,2013-04-07,False,2013-04-07,False
7a4f45b7de4936ad,search,references/external/Time-MMD/textual/SocialGood/SocialGood_search.csv,,2013-04-08,2013-04-14,False,2013-04-14,False
f0b2d53b842d427f,search,references/external/Time-MMD/textual/SocialGood/SocialGood_search.csv,,2013-04-15,2013-04-21,False,2013-04-21,False
578ef0e022457ff3,search,references/external/Time-MMD/textual/SocialGood/SocialGood_search.csv,,2013-04-22,2013-04-28,False,2013-04-28,False
a6c4535d2d562b9b,search,references/external/Time-MMD/textual/SocialGood/SocialGood_search.csv,,2013-04-29,2013-05-05,False,2013-05-05,False
6732a6f62e51bb74,search,references/external/Time-MMD/textual/SocialGood/SocialGood_search.csv,,2013-05-06,2013-05-12,False,2013-05-12,False
e80977788ffec6e6,search,references/external/Time-MMD/textual/SocialGood/SocialGood_search.csv,,2013-05-13,2013-05-19,False,2013-05-19,False
b85618005d83ca5d,search,references/external/Time-MMD/textual/SocialGood/SocialGood_search.csv,,2013-05-20,2013-05-26,False,2013-05-26,False
18b81bdb4b925ff3,search,references/external/Time-MMD/textual/SocialGood/SocialGood_search.csv,,2013-05-27,2013-06-02,False,2013-06-02,False
0de11b075c465861,search,references/external/Time-MMD/textual/SocialGood/SocialGood_search.csv,,2013-06-03,2013-06-09,False,2013-06-09,False
02d09f00f260e68a,search,references/external/Time-MMD/textual/SocialGood/SocialGood_search.csv,,2013-06-10,2013-06-16,False,2013-06-16,False
31f6998dde783fc6,search,references/external/Time-MMD/textual/SocialGood/SocialGood_search.csv,,2013-06-17,2013-06-23,False,2013-06-23,False
00cc7ee8dadc92fe,search,references/external/Time-MMD/textual/SocialGood/SocialGood_search.csv,,2013-06-24,2013-06-30,False,2013-06-30,False
cb955bae0f1809b9,search,references/external/Time-MMD/textual/SocialGood/SocialGood_search.csv,,2013-07-01,2013-07-07,False,2013-07-07,False
7d65ca1dadd1ff52,search,references/external/Time-MMD/textual/SocialGood/SocialGood_search.csv,,2013-07-08,2013-07-14,False,2013-07-14,False
121fb7893af6a5f9,search,references/external/Time-MMD/textual/SocialGood/SocialGood_search.csv,,2013-07-15,2013-07-21,False,2013-07-21,False
c8cd80d65b6c01d7,search,references/external/Time-MMD/textual/SocialGood/SocialGood_search.csv,,2013-07-22,2013-07-28,False,2013-07-28,False
0d578ca0f3ba5139,search,references/external/Time-MMD/textual/SocialGood/SocialGood_search.csv,,2013-07-29,2013-08-04,False,2013-08-04,False
01c41bc4ba5569ee,search,references/external/Time-MMD/textual/SocialGood/SocialGood_search.csv,,2013-08-05,2013-08-11,False,2013-08-11,False
520be4294e8e18fe,search,references/external/Time-MMD/textual/SocialGood/SocialGood_search.csv,,2013-08-12,2013-08-18,False,2013-08-18,False
d60dd6f7075c9d05,search,references/external/Time-MMD/textual/SocialGood/SocialGood_search.csv,,2013-08-19,2013-08-25,False,2013-08-25,False
00dcf22055ff0c18,search,references/external/Time-MMD/textual/SocialGood/SocialGood_search.csv,,2013-08-26,2013-09-01,False,2013-09-01,False
172761db6b33e3e4,search,references/external/Time-MMD/textual/SocialGood/SocialGood_search.csv,,2013-09-02,2013-09-08,False,2013-09-08,False
0dbbb23f8d5cb5d9,search,references/external/Time-MMD/textual/SocialGood/SocialGood_search.csv,,2013-09-09,2013-09-15,False,2013-09-15,False
bbdcdc7d195a0de0,search,references/external/Time-MMD/textual/SocialGood/SocialGood_search.csv,,2013-09-16,2013-09-22,False,2013-09-22,False
ec52e4dfac8f38d5,search,references/external/Time-MMD/textual/SocialGood/SocialGood_search.csv,,2013-09-23,2013-09-29,False,2013-09-29,False
18b32706a4a407a2,search,references/external/Time-MMD/textual/SocialGood/SocialGood_search.csv,,2013-09-30,2013-10-06,False,2013-10-06,False
7730064ee42de160,search,references/external/Time-MMD/textual/SocialGood/SocialGood_search.csv,,2013-10-07,2013-10-13,False,2013-10-13,False
110d69de811d2978,search,references/external/Time-MMD/textual/SocialGood/SocialGood_search.csv,,2013-10-14,2013-10-20,False,2013-10-20,False
a037008f7d6dd3fe,search,references/external/Time-MMD/textual/SocialGood/SocialGood_search.csv,,2013-10-21,2013-10-27,False,2013-10-27,False
7ce4d81437cee201,search,references/external/Time-MMD/textual/SocialGood/SocialGood_search.csv,,2013-10-28,2013-11-03,False,2013-11-03,False
4a668b1dd4fcab7d,search,references/external/Time-MMD/textual/SocialGood/SocialGood_search.csv,,2013-11-04,2013-11-10,False,2013-11-10,False
2fd2cab9db08031b,search,references/external/Time-MMD/textual/SocialGood/SocialGood_search.csv,,2013-11-11,2013-11-17,False,2013-11-17,False
1b09ff921a546daf,search,references/external/Time-MMD/textual/SocialGood/SocialGood_search.csv,,2013-11-18,2013-11-24,False,2013-11-24,False
74e246b8c01ef3c3,search,references/external/Time-MMD/textual/SocialGood/SocialGood_search.csv,,2013-11-25,2013-12-01,False,2013-12-01,False
51db69177cf658cf,search,references/external/Time-MMD/textual/SocialGood/SocialGood_search.csv,,2013-12-02,2013-12-08,False,2013-12-08,False
29223b4ffe36b21d,search,references/external/Time-MMD/textual/SocialGood/SocialGood_search.csv,,2013-12-09,2013-12-15,False,2013-12-15,False
bb6642f547303f83,search,references/external/Time-MMD/textual/SocialGood/SocialGood_search.csv,,2013-12-16,2013-12-22,False,2013-12-22,False
462a2379ef872dd5,search,references/external/Time-MMD/textual/SocialGood/SocialGood_search.csv,,2013-12-23,2013-12-29,False,2013-12-29,False
3d7de822724a0466,search,references/external/Time-MMD/textual/SocialGood/SocialGood_search.csv,,2013-12-30,2014-01-05,False,2014-01-05,False
25d1fb0e6a96549a,search,references/external/Time-MMD/textual/SocialGood/SocialGood_search.csv,,2014-01-06,2014-01-12,False,2014-01-12,False
7f0f29583ea67b07,search,references/external/Time-MMD/textual/SocialGood/SocialGood_search.csv,,2014-01-13,2014-01-19,False,2014-01-19,False
379ebaaaacb76534,search,references/external/Time-MMD/textual/SocialGood/SocialGood_search.csv,,2014-01-20,2014-01-26,False,2014-01-26,False
a74710d949be513b,search,references/external/Time-MMD/textual/SocialGood/SocialGood_search.csv,,2014-01-27,2014-02-02,False,2014-02-02,False
60793e999c4c8d7f,search,references/external/Time-MMD/textual/SocialGood/SocialGood_search.csv,,2014-02-03,2014-02-09,False,2014-02-09,False
c756c7fa0ea1aee4,search,references/external/Time-MMD/textual/SocialGood/SocialGood_search.csv,,2014-02-10,2014-02-16,False,2014-02-16,False
4be2070e594b5304,search,references/external/Time-MMD/textual/SocialGood/SocialGood_search.csv,,2014-02-17,2014-02-23,False,2014-02-23,False
709a6c7a06161568,search,references/external/Time-MMD/textual/SocialGood/SocialGood_search.csv,,2014-02-24,2014-03-02,False,2014-03-02,False
9224236f0c8c8a5f,search,references/external/Time-MMD/textual/SocialGood/SocialGood_search.csv,,2014-03-03,2014-03-09,False,2014-03-09,False
c16502b452dd010b,search,references/external/Time-MMD/textual/SocialGood/SocialGood_search.csv,,2014-03-10,2014-03-16,False,2014-03-16,False
f791214606818de2,search,references/external/Time-MMD/textual/SocialGood/SocialGood_search.csv,,2014-03-17,2014-03-23,False,2014-03-23,False
35247e27ee57dc41,search,references/external/Time-MMD/textual/SocialGood/SocialGood_search.csv,,2014-03-24,2014-03-30,False,2014-03-30,False
8518ab0de7e43403,search,references/external/Time-MMD/textual/SocialGood/SocialGood_search.csv,,2014-03-31,2014-04-06,False,2014-04-06,False
696ac4e0ba9c3509,search,references/external/Time-MMD/textual/SocialGood/SocialGood_search.csv,,2014-04-07,2014-04-13,False,2014-04-13,False
ff1838ad3643d298,search,references/external/Time-MMD/textual/SocialGood/SocialGood_search.csv,,2014-04-14,2014-04-20,False,2014-04-20,False
45964c2a8190966a,search,references/external/Time-MMD/textual/SocialGood/SocialGood_search.csv,,2014-04-21,2014-04-27,False,2014-04-27,False
995ee18dd24bc2d9,search,references/external/Time-MMD/textual/SocialGood/SocialGood_search.csv,,2014-04-28,2014-05-04,False,2014-05-04,False
8e6e43324934b74f,search,references/external/Time-MMD/textual/SocialGood/SocialGood_search.csv,,2014-05-05,2014-05-11,False,2014-05-11,False
26775eb9de991a7b,search,references/external/Time-MMD/textual/SocialGood/SocialGood_search.csv,,2014-05-12,2014-05-18,False,2014-05-18,False
00f297e56aaff715,search,references/external/Time-MMD/textual/SocialGood/SocialGood_search.csv,,2014-05-19,2014-05-25,False,2014-05-25,False
cec8b9ee59a8d9fc,search,references/external/Time-MMD/textual/SocialGood/SocialGood_search.csv,,2014-05-26,2014-06-01,False,2014-06-01,False
b637a4f9beddb405,search,references/external/Time-MMD/textual/SocialGood/SocialGood_search.csv,,2014-06-02,2014-06-08,False,2014-06-08,False
bcf2f7f29b633f44,search,references/external/Time-MMD/textual/SocialGood/SocialGood_search.csv,,2014-06-09,2014-06-15,False,2014-06-15,False
c5a2c6d386e83b8c,search,references/external/Time-MMD/textual/SocialGood/SocialGood_search.csv,,2014-06-16,2014-06-22,False,2014-06-22,False
0fbb0b0832cb5e6b,search,references/external/Time-MMD/textual/SocialGood/SocialGood_search.csv,,2014-06-23,2014-06-29,False,2014-06-29,False
48a159740b0e1ab7,search,references/external/Time-MMD/textual/SocialGood/SocialGood_search.csv,,2014-06-30,2014-07-06,False,2014-07-06,False
4de375da411de168,search,references/external/Time-MMD/textual/SocialGood/SocialGood_search.csv,,2014-07-07,2014-07-13,False,2014-07-13,False
085115dd7a287444,search,references/external/Time-MMD/textual/SocialGood/SocialGood_search.csv,,2014-07-14,2014-07-20,False,2014-07-20,False
d0f9ea1301e71837,search,references/external/Time-MMD/textual/SocialGood/SocialGood_search.csv,,2014-07-21,2014-07-27,False,2014-07-27,False
33e0f457544bff44,search,references/external/Time-MMD/textual/SocialGood/SocialGood_search.csv,,2014-07-28,2014-08-03,False,2014-08-03,False
20440b5a14a7473e,search,references/external/Time-MMD/textual/SocialGood/SocialGood_search.csv,,2014-08-04,2014-08-10,False,2014-08-10,False
c8db36adf885132e,search,references/external/Time-MMD/textual/SocialGood/SocialGood_search.csv,,2014-08-11,2014-08-17,False,2014-08-17,False
5868ccd285b1a838,search,references/external/Time-MMD/textual/SocialGood/SocialGood_search.csv,,2014-08-18,2014-08-24,False,2014-08-24,False
f9601f093f1c4f73,search,references/external/Time-MMD/textual/SocialGood/SocialGood_search.csv,,2014-08-25,2014-08-31,False,2014-08-31,False
edc8fcf150740633,search,references/external/Time-MMD/textual/SocialGood/SocialGood_search.csv,,2014-09-01,2014-09-07,False,2014-09-07,False
052ecf4887fff9f8,search,references/external/Time-MMD/textual/SocialGood/SocialGood_search.csv,,2014-09-08,2014-09-14,False,2014-09-14,False
b895bd8a8129164c,search,references/external/Time-MMD/textual/SocialGood/SocialGood_search.csv,,2014-09-15,2014-09-21,False,2014-09-21,False
05a5056c8c95603f,search,references/external/Time-MMD/textual/SocialGood/SocialGood_search.csv,,2014-09-22,2014-09-28,False,2014-09-28,False
6f7e864a43d900cf,search,references/external/Time-MMD/textual/SocialGood/SocialGood_search.csv,,2014-09-29,2014-10-05,False,2014-10-05,False
6ab5641b48e9c17f,search,references/external/Time-MMD/textual/SocialGood/SocialGood_search.csv,,2014-10-06,2014-10-12,False,2014-10-12,False
08364b084350dc21,search,references/external/Time-MMD/textual/SocialGood/SocialGood_search.csv,,2014-10-13,2014-10-19,False,2014-10-19,False
660982f9faa428fb,search,references/external/Time-MMD/textual/SocialGood/SocialGood_search.csv,,2014-10-20,2014-10-26,False,2014-10-26,False
1de2ec2e18a4bc0f,search,references/external/Time-MMD/textual/SocialGood/SocialGood_search.csv,,2014-10-27,2014-11-02,False,2014-11-02,False
952730e9e7746917,search,references/external/Time-MMD/textual/SocialGood/SocialGood_search.csv,,2014-11-03,2014-11-09,False,2014-11-09,False
1f4d44005af49eec,search,references/external/Time-MMD/textual/SocialGood/SocialGood_search.csv,,2014-11-10,2014-11-16,False,2014-11-16,False
57edc540ec3213ff,search,references/external/Time-MMD/textual/SocialGood/SocialGood_search.csv,,2014-11-17,2014-11-23,False,2014-11-23,False
114e1f261a4c485e,search,references/external/Time-MMD/textual/SocialGood/SocialGood_search.csv,,2014-11-24,2014-11-30,False,2014-11-30,False
dc7ee2cf5e0aa83b,search,references/external/Time-MMD/textual/SocialGood/SocialGood_search.csv,,2014-12-01,2014-12-07,False,2014-12-07,False
3e661bfc388c3e7c,search,references/external/Time-MMD/textual/SocialGood/SocialGood_search.csv,,2014-12-08,2014-12-14,False,2014-12-14,False
698e2ce5091f43bb,search,references/external/Time-MMD/textual/SocialGood/SocialGood_search.csv,,2014-12-15,2014-12-21,False,2014-12-21,False
b735873d0fa886b9,search,references/external/Time-MMD/textual/SocialGood/SocialGood_search.csv,,2014-12-22,2014-12-28,False,2014-12-28,False
118638330f54511d,search,references/external/Time-MMD/textual/SocialGood/SocialGood_search.csv,,2014-12-29,2015-01-04,False,2015-01-04,False
8c6dd536e1d250b9,search,references/external/Time-MMD/textual/SocialGood/SocialGood_search.csv,,2015-01-05,2015-01-11,False,2015-01-11,False
7197910a770ff329,search,references/external/Time-MMD/textual/SocialGood/SocialGood_search.csv,,2015-01-12,2015-01-18,False,2015-01-18,False
6a6b60b05ed4c194,search,references/external/Time-MMD/textual/SocialGood/SocialGood_search.csv,,2015-01-19,2015-01-25,False,2015-01-25,False
b5c48f0b90318a43,search,references/external/Time-MMD/textual/SocialGood/SocialGood_search.csv,,2015-01-26,2015-02-01,False,2015-02-01,False
d35f839f4743d86c,search,references/external/Time-MMD/textual/SocialGood/SocialGood_search.csv,,2015-02-02,2015-02-08,False,2015-02-08,False
98db61b664bb6b43,search,references/external/Time-MMD/textual/SocialGood/SocialGood_search.csv,,2015-02-09,2015-02-15,False,2015-02-15,False
ed1f16b4204221aa,search,references/external/Time-MMD/textual/SocialGood/SocialGood_search.csv,,2015-02-16,2015-02-22,False,2015-02-22,False
3dd68484872b7ef6,search,references/external/Time-MMD/textual/SocialGood/SocialGood_search.csv,,2015-02-23,2015-03-01,False,2015-03-01,False
ae8f87e8be1306e7,search,references/external/Time-MMD/textual/SocialGood/SocialGood_search.csv,,2015-03-02,2015-03-08,False,2015-03-08,False
fa8d55fdf6357e55,search,references/external/Time-MMD/textual/SocialGood/SocialGood_search.csv,,2015-03-09,2015-03-15,False,2015-03-15,False
76689fd1d87e4ecc,search,references/external/Time-MMD/textual/SocialGood/SocialGood_search.csv,,2015-03-16,2015-03-22,False,2015-03-22,False
99171d4ac60d33ab,search,references/external/Time-MMD/textual/SocialGood/SocialGood_search.csv,,2015-03-23,2015-03-29,False,2015-03-29,False
08c28d8f58db26bc,search,references/external/Time-MMD/textual/SocialGood/SocialGood_search.csv,,2015-03-30,2015-04-05,False,2015-04-05,False
ab1f878bcb8a35dc,search,references/external/Time-MMD/textual/SocialGood/SocialGood_search.csv,,2015-04-06,2015-04-12,False,2015-04-12,False
8c4c1cf1cefb4d13,search,references/external/Time-MMD/textual/SocialGood/SocialGood_search.csv,,2015-04-13,2015-04-19,False,2015-04-19,False
02e781099d0f8e3f,search,references/external/Time-MMD/textual/SocialGood/SocialGood_search.csv,,2015-04-20,2015-04-26,False,2015-04-26,False
917c48643e638a83,search,references/external/Time-MMD/textual/SocialGood/SocialGood_search.csv,,2015-04-27,2015-05-03,False,2015-05-03,False
583a5272b0cda703,search,references/external/Time-MMD/textual/SocialGood/SocialGood_search.csv,,2015-05-11,2015-05-17,False,2015-05-17,False
c1210575b38260bc,search,references/external/Time-MMD/textual/SocialGood/SocialGood_search.csv,,2015-05-18,2015-05-24,False,2015-05-24,False
a1544b5913300e6b,search,references/external/Time-MMD/textual/SocialGood/SocialGood_search.csv,,2015-05-25,2015-05-31,False,2015-05-31,False
32bdc260c50fa789,search,references/external/Time-MMD/textual/SocialGood/SocialGood_search.csv,,2015-06-01,2015-06-07,False,2015-06-07,False
53b4f69928312ee1,search,references/external/Time-MMD/textual/SocialGood/SocialGood_search.csv,,2015-06-08,2015-06-14,False,2015-06-14,False
97f218d5abb16a85,search,references/external/Time-MMD/textual/SocialGood/SocialGood_search.csv,,2015-06-15,2015-06-21,False,2015-06-21,False
1773e1a5567e1163,search,references/external/Time-MMD/textual/SocialGood/SocialGood_search.csv,,2015-06-22,2015-06-28,False,2015-06-28,False
c6ce915e94a2845c,search,references/external/Time-MMD/textual/SocialGood/SocialGood_search.csv,,2015-06-29,2015-07-05,False,2015-07-05,False
46900d715f8b60e1,search,references/external/Time-MMD/textual/SocialGood/SocialGood_search.csv,,2015-07-06,2015-07-12,False,2015-07-12,False
994e5649d1e8ba49,search,references/external/Time-MMD/textual/SocialGood/SocialGood_search.csv,,2015-07-13,2015-07-19,False,2015-07-19,False
5d0834ed0eb415eb,search,references/external/Time-MMD/textual/SocialGood/SocialGood_search.csv,,2015-07-20,2015-07-26,False,2015-07-26,False
97496a9dfd458b32,search,references/external/Time-MMD/textual/SocialGood/SocialGood_search.csv,,2015-07-27,2015-08-02,False,2015-08-02,False
3c00399c8f9e76c5,search,references/external/Time-MMD/textual/SocialGood/SocialGood_search.csv,,2015-08-03,2015-08-09,False,2015-08-09,False
5498a75afc8c09c3,search,references/external/Time-MMD/textual/SocialGood/SocialGood_search.csv,,2015-08-10,2015-08-16,False,2015-08-16,False
f19021b247b4c6de,search,references/external/Time-MMD/textual/SocialGood/SocialGood_search.csv,,2015-08-17,2015-08-23,False,2015-08-23,False
47036fda519e3ad8,search,references/external/Time-MMD/textual/SocialGood/SocialGood_search.csv,,2015-08-24,2015-08-30,False,2015-08-30,False
16d2a2c4ddc495c9,search,references/external/Time-MMD/textual/SocialGood/SocialGood_search.csv,,2015-08-31,2015-09-06,False,2015-09-06,False
e349e4ee11a122ab,search,references/external/Time-MMD/textual/SocialGood/SocialGood_search.csv,,2015-09-07,2015-09-13,False,2015-09-13,False
a22f1a3d5c17b247,search,references/external/Time-MMD/textual/SocialGood/SocialGood_search.csv,,2015-09-14,2015-09-20,False,2015-09-20,False
ada9fbea9cbd92d6,search,references/external/Time-MMD/textual/SocialGood/SocialGood_search.csv,,2015-09-21,2015-09-27,False,2015-09-27,False
3bfed8fe17f356b0,search,references/external/Time-MMD/textual/SocialGood/SocialGood_search.csv,,2015-09-28,2015-10-04,False,2015-10-04,False
50f8435b8b5cc97a,search,references/external/Time-MMD/textual/SocialGood/SocialGood_search.csv,,2015-10-05,2015-10-11,False,2015-10-11,False
3e5ca39d1ab58b31,search,references/external/Time-MMD/textual/SocialGood/SocialGood_search.csv,,2015-10-12,2015-10-18,False,2015-10-18,False
bfc3b757e395356e,search,references/external/Time-MMD/textual/SocialGood/SocialGood_search.csv,,2015-10-19,2015-10-25,False,2015-10-25,False
21cc5446eda58fd3,search,references/external/Time-MMD/textual/SocialGood/SocialGood_search.csv,,2015-10-26,2015-11-01,False,2015-11-01,False
0dd049940e3fe3d1,search,references/external/Time-MMD/textual/SocialGood/SocialGood_search.csv,,2015-11-02,2015-11-08,False,2015-11-08,False
36f3c53e65fac72f,search,references/external/Time-MMD/textual/SocialGood/SocialGood_search.csv,,2015-11-09,2015-11-15,False,2015-11-15,False
4a47208bf6e302a2,search,references/external/Time-MMD/textual/SocialGood/SocialGood_search.csv,,2015-11-16,2015-11-22,False,2015-11-22,False
87f5ead1468f07d5,search,references/external/Time-MMD/textual/SocialGood/SocialGood_search.csv,,2015-11-23,2015-11-29,False,2015-11-29,False
5064c74254493c61,search,references/external/Time-MMD/textual/SocialGood/SocialGood_search.csv,,2015-11-30,2015-12-06,False,2015-12-06,False
c91cfb7b61408ca4,search,references/external/Time-MMD/textual/SocialGood/SocialGood_search.csv,,2015-12-07,2015-12-13,False,2015-12-13,False
9896d9eda10e6a53,search,references/external/Time-MMD/textual/SocialGood/SocialGood_search.csv,,2015-12-14,2015-12-20,False,2015-12-20,False
2666d2cd21ba06fb,search,references/external/Time-MMD/textual/SocialGood/SocialGood_search.csv,,2015-12-21,2015-12-27,False,2015-12-27,False
7315dd51038ffd94,search,references/external/Time-MMD/textual/SocialGood/SocialGood_search.csv,,2015-12-28,2016-01-03,False,2016-01-03,False
2956d034821d18f1,search,references/external/Time-MMD/textual/SocialGood/SocialGood_search.csv,,2016-01-04,2016-01-10,False,2016-01-10,False
edf1aa15480e7dd6,search,references/external/Time-MMD/textual/SocialGood/SocialGood_search.csv,,2016-01-11,2016-01-17,False,2016-01-17,False
4285ea23c54d76b4,search,references/external/Time-MMD/textual/SocialGood/SocialGood_search.csv,,2016-01-18,2016-01-24,False,2016-01-24,False
0eed5fc5424ae78d,search,references/external/Time-MMD/textual/SocialGood/SocialGood_search.csv,,2016-01-25,2016-01-31,False,2016-01-31,False
0ecc26622726fa66,search,references/external/Time-MMD/textual/SocialGood/SocialGood_search.csv,,2016-02-01,2016-02-07,False,2016-02-07,False
3bb3b88543d6c827,search,references/external/Time-MMD/textual/SocialGood/SocialGood_search.csv,,2016-02-08,2016-02-14,False,2016-02-14,False
49e1ea19c1393a57,search,references/external/Time-MMD/textual/SocialGood/SocialGood_search.csv,,2016-02-15,2016-02-21,False,2016-02-21,False
70f3d5d18d451354,search,references/external/Time-MMD/textual/SocialGood/SocialGood_search.csv,,2016-02-22,2016-02-28,False,2016-02-28,False
f514117dfbb725e2,search,references/external/Time-MMD/textual/SocialGood/SocialGood_search.csv,,2016-02-29,2016-03-06,False,2016-03-06,False
f0ed8515f360679d,search,references/external/Time-MMD/textual/SocialGood/SocialGood_search.csv,,2016-03-07,2016-03-13,False,2016-03-13,False
94c9f0cd39b621c2,search,references/external/Time-MMD/textual/SocialGood/SocialGood_search.csv,,2016-03-14,2016-03-20,False,2016-03-20,False
78a4befb4c668670,search,references/external/Time-MMD/textual/SocialGood/SocialGood_search.csv,,2016-03-21,2016-03-27,False,2016-03-27,False
8fdd02dd78fa1526,search,references/external/Time-MMD/textual/SocialGood/SocialGood_search.csv,,2016-03-28,2016-04-03,False,2016-04-03,False
7deb14135dd028b9,search,references/external/Time-MMD/textual/SocialGood/SocialGood_search.csv,,2016-04-04,2016-04-10,False,2016-04-10,False
1d5a49030441055f,search,references/external/Time-MMD/textual/SocialGood/SocialGood_search.csv,,2016-04-11,2016-04-17,False,2016-04-17,False
f0c246adb12ec330,search,references/external/Time-MMD/textual/SocialGood/SocialGood_search.csv,,2016-04-18,2016-04-24,False,2016-04-24,False
11be230710d0383c,search,references/external/Time-MMD/textual/SocialGood/SocialGood_search.csv,,2016-04-25,2016-05-01,False,2016-05-01,False
cdd7031ec420f662,search,references/external/Time-MMD/textual/SocialGood/SocialGood_search.csv,,2016-05-02,2016-05-08,False,2016-05-08,False
150dfe8467e9117c,search,references/external/Time-MMD/textual/SocialGood/SocialGood_search.csv,,2016-05-09,2016-05-15,False,2016-05-15,False
dd0ae0a9e1f84c5f,search,references/external/Time-MMD/textual/SocialGood/SocialGood_search.csv,,2016-05-16,2016-05-22,False,2016-05-22,False
acb45d97511f76cb,search,references/external/Time-MMD/textual/SocialGood/SocialGood_search.csv,,2016-05-23,2016-05-29,False,2016-05-29,False
6a3e382908ac1673,search,references/external/Time-MMD/textual/SocialGood/SocialGood_search.csv,,2016-05-30,2016-06-05,False,2016-06-05,False
f196a154ac8ae791,search,references/external/Time-MMD/textual/SocialGood/SocialGood_search.csv,,2016-06-06,2016-06-12,False,2016-06-12,False
e3a750e7c86648f7,search,references/external/Time-MMD/textual/SocialGood/SocialGood_search.csv,,2016-06-13,2016-06-19,False,2016-06-19,False
aed93bf93a769558,search,references/external/Time-MMD/textual/SocialGood/SocialGood_search.csv,,2016-06-20,2016-06-26,False,2016-06-26,False
3a7c48b0d0b32ed0,search,references/external/Time-MMD/textual/SocialGood/SocialGood_search.csv,,2016-06-27,2016-07-03,False,2016-07-03,False
d7b2de96110a33e5,search,references/external/Time-MMD/textual/SocialGood/SocialGood_search.csv,,2016-07-04,2016-07-10,False,2016-07-10,False
592cc343c0b53ec9,search,references/external/Time-MMD/textual/SocialGood/SocialGood_search.csv,,2016-07-11,2016-07-17,False,2016-07-17,False
ce75e4c409361523,search,references/external/Time-MMD/textual/SocialGood/SocialGood_search.csv,,2016-07-18,2016-07-24,False,2016-07-24,False
76c1d1946765f38f,search,references/external/Time-MMD/textual/SocialGood/SocialGood_search.csv,,2016-07-25,2016-07-31,False,2016-07-31,False
a7c9cbe946e647af,search,references/external/Time-MMD/textual/SocialGood/SocialGood_search.csv,,2016-08-01,2016-08-07,False,2016-08-07,False
26c64093082649c0,search,references/external/Time-MMD/textual/SocialGood/SocialGood_search.csv,,2016-08-08,2016-08-14,False,2016-08-14,False
ab8c31b52116ddee,search,references/external/Time-MMD/textual/SocialGood/SocialGood_search.csv,,2016-08-15,2016-08-21,False,2016-08-21,False
a2d11e4a569d5191,search,references/external/Time-MMD/textual/SocialGood/SocialGood_search.csv,,2016-08-22,2016-08-28,False,2016-08-28,False
c84db56a7c82e0a4,search,references/external/Time-MMD/textual/SocialGood/SocialGood_search.csv,,2016-08-29,2016-09-04,False,2016-09-04,False
25445759e75e1362,search,references/external/Time-MMD/textual/SocialGood/SocialGood_search.csv,,2016-09-05,2016-09-11,False,2016-09-11,False
e3628d42e9e8c2ce,search,references/external/Time-MMD/textual/SocialGood/SocialGood_search.csv,,2016-09-12,2016-09-18,False,2016-09-18,False
560c69e0ee87b844,search,references/external/Time-MMD/textual/SocialGood/SocialGood_search.csv,,2016-09-19,2016-09-25,False,2016-09-25,False
b6a31735a56b2fb9,search,references/external/Time-MMD/textual/SocialGood/SocialGood_search.csv,,2016-09-26,2016-10-02,False,2016-10-02,False
6668f5662790dd68,search,references/external/Time-MMD/textual/SocialGood/SocialGood_search.csv,,2016-10-03,2016-10-09,False,2016-10-09,False
040861c555b5c5d4,search,references/external/Time-MMD/textual/SocialGood/SocialGood_search.csv,,2016-10-10,2016-10-16,False,2016-10-16,False
97bba7884c3ad850,search,references/external/Time-MMD/textual/SocialGood/SocialGood_search.csv,,2016-10-17,2016-10-23,False,2016-10-23,False
93d10fd7a805b096,search,references/external/Time-MMD/textual/SocialGood/SocialGood_search.csv,,2016-10-24,2016-10-30,False,2016-10-30,False
361d4b058f57e6a4,search,references/external/Time-MMD/textual/SocialGood/SocialGood_search.csv,,2016-10-31,2016-11-06,False,2016-11-06,False
530e64811035cd0e,search,references/external/Time-MMD/textual/SocialGood/SocialGood_search.csv,,2016-11-07,2016-11-13,False,2016-11-13,False
e6e940d882c6bf3f,search,references/external/Time-MMD/textual/SocialGood/SocialGood_search.csv,,2016-11-14,2016-11-20,False,2016-11-20,False
dd1d7e2e979d7140,search,references/external/Time-MMD/textual/SocialGood/SocialGood_search.csv,,2016-11-21,2016-11-27,False,2016-11-27,False
9111df4155f53fde,search,references/external/Time-MMD/textual/SocialGood/SocialGood_search.csv,,2016-11-28,2016-12-04,False,2016-12-04,False
946d6521ea95439f,search,references/external/Time-MMD/textual/SocialGood/SocialGood_search.csv,,2016-12-05,2016-12-11,False,2016-12-11,False
6f07fcc1244fc3c1,search,references/external/Time-MMD/textual/SocialGood/SocialGood_search.csv,,2016-12-12,2016-12-18,False,2016-12-18,False
7ed3e45aee5c2fb5,search,references/external/Time-MMD/textual/SocialGood/SocialGood_search.csv,,2016-12-19,2016-12-25,False,2016-12-25,False
373ee31e4c161ffa,search,references/external/Time-MMD/textual/SocialGood/SocialGood_search.csv,,2016-12-26,2017-01-01,False,2017-01-01,False
45ad9263ff6eacbe,search,references/external/Time-MMD/textual/SocialGood/SocialGood_search.csv,,2017-01-02,2017-01-08,False,2017-01-08,False
dbedb8ce883fbfbe,search,references/external/Time-MMD/textual/SocialGood/SocialGood_search.csv,,2017-01-09,2017-01-15,False,2017-01-15,False
969245ebb4e4c74e,search,references/external/Time-MMD/textual/SocialGood/SocialGood_search.csv,,2017-01-16,2017-01-22,False,2017-01-22,False
ee4a8ae4b1180db1,search,references/external/Time-MMD/textual/SocialGood/SocialGood_search.csv,,2017-01-23,2017-01-29,False,2017-01-29,False
d3315394c4a5b788,search,references/external/Time-MMD/textual/SocialGood/SocialGood_search.csv,,2017-01-30,2017-02-05,False,2017-02-05,False
affbc642e80c5849,search,references/external/Time-MMD/textual/SocialGood/SocialGood_search.csv,,2017-02-06,2017-02-12,False,2017-02-12,False
f4d4188802c2393b,search,references/external/Time-MMD/textual/SocialGood/SocialGood_search.csv,,2017-02-13,2017-02-19,False,2017-02-19,False
a9305bc31327784f,search,references/external/Time-MMD/textual/SocialGood/SocialGood_search.csv,,2017-02-20,2017-02-26,False,2017-02-26,False
2bb84cc36a5ba5a9,search,references/external/Time-MMD/textual/SocialGood/SocialGood_search.csv,,2017-02-27,2017-03-05,False,2017-03-05,False
b3a3f222ba269ba0,search,references/external/Time-MMD/textual/SocialGood/SocialGood_search.csv,,2017-03-06,2017-03-12,False,2017-03-12,False
1075616f3d3f8362,search,references/external/Time-MMD/textual/SocialGood/SocialGood_search.csv,,2017-03-13,2017-03-19,False,2017-03-19,False
7ae6023c5a88057e,search,references/external/Time-MMD/textual/SocialGood/SocialGood_search.csv,,2017-03-20,2017-03-26,False,2017-03-26,False
826be3d6f9583c68,search,references/external/Time-MMD/textual/SocialGood/SocialGood_search.csv,,2017-03-27,2017-04-02,False,2017-04-02,False
c03167c65ee0cd48,search,references/external/Time-MMD/textual/SocialGood/SocialGood_search.csv,,2017-04-03,2017-04-09,False,2017-04-09,False
bd3e5a00d4571bbe,search,references/external/Time-MMD/textual/SocialGood/SocialGood_search.csv,,2017-04-10,2017-04-16,False,2017-04-16,False
d6d1fc4627645d7e,search,references/external/Time-MMD/textual/SocialGood/SocialGood_search.csv,,2017-04-17,2017-04-23,False,2017-04-23,False
7a75d5804da6b82e,search,references/external/Time-MMD/textual/SocialGood/SocialGood_search.csv,,2017-04-24,2017-04-30,False,2017-04-30,False
33da5854132341e9,search,references/external/Time-MMD/textual/SocialGood/SocialGood_search.csv,,2017-05-01,2017-05-07,False,2017-05-07,False
3e72afc1a25613bd,search,references/external/Time-MMD/textual/SocialGood/SocialGood_search.csv,,2017-05-08,2017-05-14,False,2017-05-14,False
d594995af6c32109,search,references/external/Time-MMD/textual/SocialGood/SocialGood_search.csv,,2017-05-15,2017-05-21,False,2017-05-21,False
b7a90a104f56b32a,search,references/external/Time-MMD/textual/SocialGood/SocialGood_search.csv,,2017-05-22,2017-05-28,False,2017-05-28,False
00e76a31e3734bd1,search,references/external/Time-MMD/textual/SocialGood/SocialGood_search.csv,,2017-05-29,2017-06-04,False,2017-06-04,False
010e7dc611d2dbd5,search,references/external/Time-MMD/textual/SocialGood/SocialGood_search.csv,,2017-06-05,2017-06-11,False,2017-06-11,False
253b65df32fabfe2,search,references/external/Time-MMD/textual/SocialGood/SocialGood_search.csv,,2017-06-12,2017-06-18,False,2017-06-18,False
1ea4ced4dd86ede3,search,references/external/Time-MMD/textual/SocialGood/SocialGood_search.csv,,2017-06-19,2017-06-25,False,2017-06-25,False
cabda92014f19a14,search,references/external/Time-MMD/textual/SocialGood/SocialGood_search.csv,,2017-06-26,2017-07-02,False,2017-07-02,False
fd0bb6a6b17309c0,search,references/external/Time-MMD/textual/SocialGood/SocialGood_search.csv,,2017-07-03,2017-07-09,False,2017-07-09,False
8c8c46eb540efe99,search,references/external/Time-MMD/textual/SocialGood/SocialGood_search.csv,,2017-07-10,2017-07-16,False,2017-07-16,False
c250e8895948dbdc,search,references/external/Time-MMD/textual/SocialGood/SocialGood_search.csv,,2017-07-17,2017-07-23,False,2017-07-23,False
4b5d4d5506ffa63b,search,references/external/Time-MMD/textual/SocialGood/SocialGood_search.csv,,2017-07-24,2017-07-30,False,2017-07-30,False
34de3da77c5b7b7c,search,references/external/Time-MMD/textual/SocialGood/SocialGood_search.csv,,2017-07-31,2017-08-06,False,2017-08-06,False
eedcbac21efa39af,search,references/external/Time-MMD/textual/SocialGood/SocialGood_search.csv,,2017-08-07,2017-08-13,False,2017-08-13,False
8b29b97a23738a9d,search,references/external/Time-MMD/textual/SocialGood/SocialGood_search.csv,,2017-08-14,2017-08-20,False,2017-08-20,False
a384d1d70a48302b,search,references/external/Time-MMD/textual/SocialGood/SocialGood_search.csv,,2017-08-21,2017-08-27,False,2017-08-27,False
eac22a95a8f8f477,search,references/external/Time-MMD/textual/SocialGood/SocialGood_search.csv,,2017-08-28,2017-09-03,False,2017-09-03,False
a3433b3585c4fc9c,search,references/external/Time-MMD/textual/SocialGood/SocialGood_search.csv,,2017-09-04,2017-09-10,False,2017-09-10,False
ab101c3631c8deff,search,references/external/Time-MMD/textual/SocialGood/SocialGood_search.csv,,2017-09-11,2017-09-17,False,2017-09-17,False
f40713443f13db31,search,references/external/Time-MMD/textual/SocialGood/SocialGood_search.csv,,2017-09-18,2017-09-24,False,2017-09-24,False
551484a587f11a17,search,references/external/Time-MMD/textual/SocialGood/SocialGood_search.csv,,2017-09-25,2017-10-01,False,2017-10-01,False
8c3c4373f1b1b4d2,search,references/external/Time-MMD/textual/SocialGood/SocialGood_search.csv,,2017-10-02,2017-10-08,False,2017-10-08,False
0cef91d3b1a4e624,search,references/external/Time-MMD/textual/SocialGood/SocialGood_search.csv,,2017-10-09,2017-10-15,False,2017-10-15,False
c4e1c3a40f959ff6,search,references/external/Time-MMD/textual/SocialGood/SocialGood_search.csv,,2017-10-16,2017-10-22,False,2017-10-22,False
a90e700018a6c1b6,search,references/external/Time-MMD/textual/SocialGood/SocialGood_search.csv,,2017-10-23,2017-10-29,False,2017-10-29,False
758fe01d6d29a7c9,search,references/external/Time-MMD/textual/SocialGood/SocialGood_search.csv,,2017-10-30,2017-11-05,False,2017-11-05,False
4709ec13d733d483,search,references/external/Time-MMD/textual/SocialGood/SocialGood_search.csv,,2017-11-06,2017-11-12,False,2017-11-12,False
6dbb619306cb20f6,search,references/external/Time-MMD/textual/SocialGood/SocialGood_search.csv,,2017-11-13,2017-11-19,False,2017-11-19,False
07c660bf3964e630,search,references/external/Time-MMD/textual/SocialGood/SocialGood_search.csv,,2017-11-20,2017-11-26,False,2017-11-26,False
f5b201f26c8f98b8,search,references/external/Time-MMD/textual/SocialGood/SocialGood_search.csv,,2017-11-27,2017-12-03,False,2017-12-03,False
a7ff758500c0673e,search,references/external/Time-MMD/textual/SocialGood/SocialGood_search.csv,,2017-12-04,2017-12-10,False,2017-12-10,False
3ab7a1e8a5ad3873,search,references/external/Time-MMD/textual/SocialGood/SocialGood_search.csv,,2017-12-11,2017-12-17,False,2017-12-17,False
6fb0a18b594ad1ce,search,references/external/Time-MMD/textual/SocialGood/SocialGood_search.csv,,2017-12-18,2017-12-24,False,2017-12-24,False
e75715c77d65eb67,search,references/external/Time-MMD/textual/SocialGood/SocialGood_search.csv,,2017-12-25,2017-12-31,False,2017-12-31,False
59177c35a5010a57,search,references/external/Time-MMD/textual/SocialGood/SocialGood_search.csv,,2018-01-01,2018-01-07,False,2018-01-07,False
bad8bf13fb8f69fe,search,references/external/Time-MMD/textual/SocialGood/SocialGood_search.csv,,2018-01-08,2018-01-14,False,2018-01-14,False
dbdf76493638f576,search,references/external/Time-MMD/textual/SocialGood/SocialGood_search.csv,,2018-01-15,2018-01-21,False,2018-01-21,False
c7e4e9964b5734c0,search,references/external/Time-MMD/textual/SocialGood/SocialGood_search.csv,,2018-01-22,2018-01-28,False,2018-01-28,False
5d16356d30a50d12,search,references/external/Time-MMD/textual/SocialGood/SocialGood_search.csv,,2018-01-29,2018-02-04,False,2018-02-04,False
81a58af9abb5f7df,search,references/external/Time-MMD/textual/SocialGood/SocialGood_search.csv,,2018-02-05,2018-02-11,False,2018-02-11,False
fc7d2ce3432d3c29,search,references/external/Time-MMD/textual/SocialGood/SocialGood_search.csv,,2018-02-12,2018-02-18,False,2018-02-18,False
ced0b60f8abff491,search,references/external/Time-MMD/textual/SocialGood/SocialGood_search.csv,,2018-02-19,2018-02-25,False,2018-02-25,False
d7c487e885f7c587,search,references/external/Time-MMD/textual/SocialGood/SocialGood_search.csv,,2018-02-26,2018-03-04,False,2018-03-04,False
4a656d23d8f83856,search,references/external/Time-MMD/textual/SocialGood/SocialGood_search.csv,,2018-03-05,2018-03-11,False,2018-03-11,False
b7d4cf703e66caa6,search,references/external/Time-MMD/textual/SocialGood/SocialGood_search.csv,,2018-03-12,2018-03-18,False,2018-03-18,False
76b256a5998083f0,search,references/external/Time-MMD/textual/SocialGood/SocialGood_search.csv,,2018-03-19,2018-03-25,False,2018-03-25,False
2fad05127843324e,search,references/external/Time-MMD/textual/SocialGood/SocialGood_search.csv,,2018-03-26,2018-04-01,False,2018-04-01,False
5400c34f85227f82,search,references/external/Time-MMD/textual/SocialGood/SocialGood_search.csv,,2018-04-02,2018-04-08,False,2018-04-08,False
a6cd98fb0c6740a4,search,references/external/Time-MMD/textual/SocialGood/SocialGood_search.csv,,2018-04-09,2018-04-15,False,2018-04-15,False
c7a140ae50b6c030,search,references/external/Time-MMD/textual/SocialGood/SocialGood_search.csv,,2018-04-16,2018-04-22,False,2018-04-22,False
a21dbc0bb4e22d0c,search,references/external/Time-MMD/textual/SocialGood/SocialGood_search.csv,,2018-04-23,2018-04-29,False,2018-04-29,False
dfb75486b8ec14c1,search,references/external/Time-MMD/textual/SocialGood/SocialGood_search.csv,,2018-04-30,2018-05-06,False,2018-05-06,False
09e0602f1c8b1f2a,search,references/external/Time-MMD/textual/SocialGood/SocialGood_search.csv,,2018-05-07,2018-05-13,False,2018-05-13,False
091febeabb8bddde,search,references/external/Time-MMD/textual/SocialGood/SocialGood_search.csv,,2018-05-14,2018-05-20,False,2018-05-20,False
aecdc96c854c61aa,search,references/external/Time-MMD/textual/SocialGood/SocialGood_search.csv,,2018-05-21,2018-05-27,False,2018-05-27,False
388fc596e59a7dad,search,references/external/Time-MMD/textual/SocialGood/SocialGood_search.csv,,2018-05-28,2018-06-03,False,2018-06-03,False
fc4dad3db303b0dc,search,references/external/Time-MMD/textual/SocialGood/SocialGood_search.csv,,2018-06-04,2018-06-10,False,2018-06-10,False
0974f9b170b932dd,search,references/external/Time-MMD/textual/SocialGood/SocialGood_search.csv,,2018-06-11,2018-06-17,False,2018-06-17,False
c83d1991ac012893,search,references/external/Time-MMD/textual/SocialGood/SocialGood_search.csv,,2018-06-18,2018-06-24,False,2018-06-24,False
af1acdd0c618ebcd,search,references/external/Time-MMD/textual/SocialGood/SocialGood_search.csv,,2018-06-25,2018-07-01,False,2018-07-01,False
bf45b3eadb38b328,search,references/external/Time-MMD/textual/SocialGood/SocialGood_search.csv,,2018-07-02,2018-07-08,False,2018-07-08,False
1fa606cc912d914e,search,references/external/Time-MMD/textual/SocialGood/SocialGood_search.csv,,2018-07-09,2018-07-15,False,2018-07-15,False
4ea6eaa77b24aa70,search,references/external/Time-MMD/textual/SocialGood/SocialGood_search.csv,,2018-07-16,2018-07-22,False,2018-07-22,False
0c2dca6e0b13c2ea,search,references/external/Time-MMD/textual/SocialGood/SocialGood_search.csv,,2018-07-23,2018-07-29,False,2018-07-29,False
647a5c0f0f5814c7,search,references/external/Time-MMD/textual/SocialGood/SocialGood_search.csv,,2018-07-30,2018-08-05,False,2018-08-05,False
b6961ac0c57dd1e6,search,references/external/Time-MMD/textual/SocialGood/SocialGood_search.csv,,2018-08-06,2018-08-12,False,2018-08-12,False
bc1a5c1ea0917552,search,references/external/Time-MMD/textual/SocialGood/SocialGood_search.csv,,2018-08-13,2018-08-19,False,2018-08-19,False
a89a54d3ae7d1e7e,search,references/external/Time-MMD/textual/SocialGood/SocialGood_search.csv,,2018-08-20,2018-08-26,False,2018-08-26,False
e171ce7c4b10495f,search,references/external/Time-MMD/textual/SocialGood/SocialGood_search.csv,,2018-08-27,2018-09-02,False,2018-09-02,False
0172b40f18f31ae1,search,references/external/Time-MMD/textual/SocialGood/SocialGood_search.csv,,2018-09-03,2018-09-09,False,2018-09-09,False
da31a6c539a3982a,search,references/external/Time-MMD/textual/SocialGood/SocialGood_search.csv,,2018-09-10,2018-09-16,False,2018-09-16,False
c4f914df0aeba10d,search,references/external/Time-MMD/textual/SocialGood/SocialGood_search.csv,,2018-09-17,2018-09-23,False,2018-09-23,False
220ffaf39d47249c,search,references/external/Time-MMD/textual/SocialGood/SocialGood_search.csv,,2018-09-24,2018-09-30,False,2018-09-30,False
c15a01f0641b20b7,search,references/external/Time-MMD/textual/SocialGood/SocialGood_search.csv,,2018-10-01,2018-10-07,False,2018-10-07,False
5127e1c0f3fe998a,search,references/external/Time-MMD/textual/SocialGood/SocialGood_search.csv,,2018-10-08,2018-10-14,False,2018-10-14,False
e8930ee989e6a04b,search,references/external/Time-MMD/textual/SocialGood/SocialGood_search.csv,,2018-10-15,2018-10-21,False,2018-10-21,False
c59624aa07bad591,search,references/external/Time-MMD/textual/SocialGood/SocialGood_search.csv,,2018-10-22,2018-10-28,False,2018-10-28,False
659bc337328e166b,search,references/external/Time-MMD/textual/SocialGood/SocialGood_search.csv,,2018-10-29,2018-11-04,False,2018-11-04,False
95f39fa8d8fff5d8,search,references/external/Time-MMD/textual/SocialGood/SocialGood_search.csv,,2018-11-05,2018-11-11,False,2018-11-11,False
bfd855f377f9f4ba,search,references/external/Time-MMD/textual/SocialGood/SocialGood_search.csv,,2018-11-12,2018-11-18,False,2018-11-18,False
7324838aa3c0877a,search,references/external/Time-MMD/textual/SocialGood/SocialGood_search.csv,,2018-11-19,2018-11-25,False,2018-11-25,False
323f7cf89e69f79d,search,references/external/Time-MMD/textual/SocialGood/SocialGood_search.csv,,2018-11-26,2018-12-02,False,2018-12-02,False
7a6ef7644af9fbb5,search,references/external/Time-MMD/textual/SocialGood/SocialGood_search.csv,,2018-12-03,2018-12-09,False,2018-12-09,False
59a6dc7e032eb236,search,references/external/Time-MMD/textual/SocialGood/SocialGood_search.csv,,2018-12-10,2018-12-16,False,2018-12-16,False
a0baca11abbc79ef,search,references/external/Time-MMD/textual/SocialGood/SocialGood_search.csv,,2018-12-17,2018-12-23,False,2018-12-23,False
e7d8fd9df2167f61,search,references/external/Time-MMD/textual/SocialGood/SocialGood_search.csv,,2018-12-24,2018-12-30,False,2018-12-30,False
1354ead6c6094d79,search,references/external/Time-MMD/textual/SocialGood/SocialGood_search.csv,,2019-01-07,2019-01-13,False,2019-01-13,False
a56bf85b3485c100,search,references/external/Time-MMD/textual/SocialGood/SocialGood_search.csv,,2019-01-14,2019-01-20,False,2019-01-20,False
4099e9901f8e831a,search,references/external/Time-MMD/textual/SocialGood/SocialGood_search.csv,,2019-01-21,2019-01-27,False,2019-01-27,False
2688610592af7640,search,references/external/Time-MMD/textual/SocialGood/SocialGood_search.csv,,2019-01-28,2019-02-03,False,2019-02-03,False
8c2f47f31086043f,search,references/external/Time-MMD/textual/SocialGood/SocialGood_search.csv,,2019-02-04,2019-02-10,False,2019-02-10,False
26cd32eb60cfce35,search,references/external/Time-MMD/textual/SocialGood/SocialGood_search.csv,,2019-02-11,2019-02-17,False,2019-02-17,False
a85ed5ab32e0f478,search,references/external/Time-MMD/textual/SocialGood/SocialGood_search.csv,,2019-02-18,2019-02-24,False,2019-02-24,False
84fd244a3614d36f,search,references/external/Time-MMD/textual/SocialGood/SocialGood_search.csv,,2019-02-25,2019-03-03,False,2019-03-03,False
1baf3e14a218e40a,search,references/external/Time-MMD/textual/SocialGood/SocialGood_search.csv,,2019-03-04,2019-03-10,False,2019-03-10,False
abfb18079db2615f,search,references/external/Time-MMD/textual/SocialGood/SocialGood_search.csv,,2019-03-11,2019-03-17,False,2019-03-17,False
8791818abe6e6f45,search,references/external/Time-MMD/textual/SocialGood/SocialGood_search.csv,,2019-03-18,2019-03-24,False,2019-03-24,False
21097cc96fbc2b42,search,references/external/Time-MMD/textual/SocialGood/SocialGood_search.csv,,2019-03-25,2019-03-31,False,2019-03-31,False
d5e88261b3995a8e,search,references/external/Time-MMD/textual/SocialGood/SocialGood_search.csv,,2019-04-01,2019-04-07,False,2019-04-07,False
1493604c654f6f14,search,references/external/Time-MMD/textual/SocialGood/SocialGood_search.csv,,2019-04-08,2019-04-14,False,2019-04-14,False
eb144dfd14e78386,search,references/external/Time-MMD/textual/SocialGood/SocialGood_search.csv,,2019-04-15,2019-04-21,False,2019-04-21,False
fb7cdfb9a2c72a14,search,references/external/Time-MMD/textual/SocialGood/SocialGood_search.csv,,2019-04-22,2019-04-28,False,2019-04-28,False
055a75b9ab45abf3,search,references/external/Time-MMD/textual/SocialGood/SocialGood_search.csv,,2019-04-29,2019-05-05,False,2019-05-05,False
acc32ef11de5cc09,search,references/external/Time-MMD/textual/SocialGood/SocialGood_search.csv,,2019-05-06,2019-05-12,False,2019-05-12,False
415c32aea8ae2cca,search,references/external/Time-MMD/textual/SocialGood/SocialGood_search.csv,,2019-05-13,2019-05-19,False,2019-05-19,False
90813a6ee1f920c8,search,references/external/Time-MMD/textual/SocialGood/SocialGood_search.csv,,2019-05-20,2019-05-26,False,2019-05-26,False
80ca1feb01700f8c,search,references/external/Time-MMD/textual/SocialGood/SocialGood_search.csv,,2019-05-27,2019-06-02,False,2019-06-02,False
131945643213d5f1,search,references/external/Time-MMD/textual/SocialGood/SocialGood_search.csv,,2019-06-03,2019-06-09,False,2019-06-09,False
c07500650cbbab14,search,references/external/Time-MMD/textual/SocialGood/SocialGood_search.csv,,2019-06-10,2019-06-16,False,2019-06-16,False
8bbcb44f01d93269,search,references/external/Time-MMD/textual/SocialGood/SocialGood_search.csv,,2019-06-17,2019-06-23,False,2019-06-23,False
b1fd7998cd427291,search,references/external/Time-MMD/textual/SocialGood/SocialGood_search.csv,,2019-06-24,2019-06-30,False,2019-06-30,False
5d1b829006393e60,search,references/external/Time-MMD/textual/SocialGood/SocialGood_search.csv,,2019-07-01,2019-07-07,False,2019-07-07,False
f63dfd46dda6b325,search,references/external/Time-MMD/textual/SocialGood/SocialGood_search.csv,,2019-07-08,2019-07-14,False,2019-07-14,False
3f366b5d856243f6,search,references/external/Time-MMD/textual/SocialGood/SocialGood_search.csv,,2019-07-15,2019-07-21,False,2019-07-21,False
c46e05267f2214ee,search,references/external/Time-MMD/textual/SocialGood/SocialGood_search.csv,,2019-07-22,2019-07-28,False,2019-07-28,False
d759b2e20cb92965,search,references/external/Time-MMD/textual/SocialGood/SocialGood_search.csv,,2019-07-29,2019-08-04,False,2019-08-04,False
caec012586c925d7,search,references/external/Time-MMD/textual/SocialGood/SocialGood_search.csv,,2019-08-05,2019-08-11,False,2019-08-11,False
76bd81f385501282,search,references/external/Time-MMD/textual/SocialGood/SocialGood_search.csv,,2019-08-12,2019-08-18,False,2019-08-18,False
9b85317bf96a0fdc,search,references/external/Time-MMD/textual/SocialGood/SocialGood_search.csv,,2019-08-19,2019-08-25,False,2019-08-25,False
4f8c0e719f8f12fc,search,references/external/Time-MMD/textual/SocialGood/SocialGood_search.csv,,2019-08-26,2019-09-01,False,2019-09-01,False
f04cd3de9263a97d,search,references/external/Time-MMD/textual/SocialGood/SocialGood_search.csv,,2019-09-02,2019-09-08,False,2019-09-08,False
09d61bf4d2bab5bf,search,references/external/Time-MMD/textual/SocialGood/SocialGood_search.csv,,2019-09-09,2019-09-15,False,2019-09-15,False
bc9c8239b2d9f3f2,search,references/external/Time-MMD/textual/SocialGood/SocialGood_search.csv,,2019-09-16,2019-09-22,False,2019-09-22,False
4507347d65c5dce9,search,references/external/Time-MMD/textual/SocialGood/SocialGood_search.csv,,2019-09-23,2019-09-29,False,2019-09-29,False
9c71f1e82b393260,search,references/external/Time-MMD/textual/SocialGood/SocialGood_search.csv,,2019-09-30,2019-10-06,False,2019-10-06,False
e973399549bb5461,search,references/external/Time-MMD/textual/SocialGood/SocialGood_search.csv,,2019-10-07,2019-10-13,False,2019-10-13,False
076200877c1c6041,search,references/external/Time-MMD/textual/SocialGood/SocialGood_search.csv,,2019-10-14,2019-10-20,False,2019-10-20,False
63f5c8e6da6dfb9d,search,references/external/Time-MMD/textual/SocialGood/SocialGood_search.csv,,2019-10-28,2019-11-03,False,2019-11-03,False
8133482628d04663,search,references/external/Time-MMD/textual/SocialGood/SocialGood_search.csv,,2019-11-11,2019-11-17,False,2019-11-17,False
e0c1ebfe43484a0d,search,references/external/Time-MMD/textual/SocialGood/SocialGood_search.csv,,2019-11-18,2019-11-24,False,2019-11-24,False
03980f246d300d0e,search,references/external/Time-MMD/textual/SocialGood/SocialGood_search.csv,,2019-11-25,2019-12-01,False,2019-12-01,False
9a0c9aee461cf478,search,references/external/Time-MMD/textual/SocialGood/SocialGood_search.csv,,2019-12-02,2019-12-08,False,2019-12-08,False
51913a9182d5d513,search,references/external/Time-MMD/textual/SocialGood/SocialGood_search.csv,,2019-12-09,2019-12-15,False,2019-12-15,False
37515b3246d84784,search,references/external/Time-MMD/textual/SocialGood/SocialGood_search.csv,,2019-12-16,2019-12-22,False,2019-12-22,False
08a1d081ea0244ec,search,references/external/Time-MMD/textual/SocialGood/SocialGood_search.csv,,2019-12-23,2019-12-29,False,2019-12-29,False
46d43dd36999e2f5,search,references/external/Time-MMD/textual/SocialGood/SocialGood_search.csv,,2019-12-30,2020-01-05,False,2020-01-05,False
6ac4e756ab89c53b,search,references/external/Time-MMD/textual/SocialGood/SocialGood_search.csv,,2020-01-06,2020-01-12,False,2020-01-12,False
1f8e9744a7010381,search,references/external/Time-MMD/textual/SocialGood/SocialGood_search.csv,,2020-01-13,2020-01-19,False,2020-01-19,False
ce0451ae7686a647,search,references/external/Time-MMD/textual/SocialGood/SocialGood_search.csv,,2020-01-20,2020-01-26,False,2020-01-26,False
0d2f547a7a729e22,search,references/external/Time-MMD/textual/SocialGood/SocialGood_search.csv,,2020-01-27,2020-02-02,False,2020-02-02,False
03c14357a1e05531,search,references/external/Time-MMD/textual/SocialGood/SocialGood_search.csv,,2020-02-10,2020-02-16,False,2020-02-16,False
267868066ae4397f,search,references/external/Time-MMD/textual/SocialGood/SocialGood_search.csv,,2020-02-17,2020-02-23,False,2020-02-23,False
b70636990ee7abd0,search,references/external/Time-MMD/textual/SocialGood/SocialGood_search.csv,,2020-02-24,2020-03-01,False,2020-03-01,False
191ec273478692ad,search,references/external/Time-MMD/textual/SocialGood/SocialGood_search.csv,,2020-03-02,2020-03-08,False,2020-03-08,False
ff1872bde47f8242,search,references/external/Time-MMD/textual/SocialGood/SocialGood_search.csv,,2020-03-09,2020-03-15,False,2020-03-15,False
77a9ce2196efa0a6,search,references/external/Time-MMD/textual/SocialGood/SocialGood_search.csv,,2020-03-16,2020-03-22,False,2020-03-22,False
ea21ce4731a4cfbf,search,references/external/Time-MMD/textual/SocialGood/SocialGood_search.csv,,2020-03-30,2020-04-05,False,2020-04-05,False
e71ebb38c7435031,search,references/external/Time-MMD/textual/SocialGood/SocialGood_search.csv,,2020-04-06,2020-04-12,False,2020-04-12,False
0068b7243b35af47,search,references/external/Time-MMD/textual/SocialGood/SocialGood_search.csv,,2020-04-13,2020-04-19,False,2020-04-19,False
b5fefb82ddf7cee0,search,references/external/Time-MMD/textual/SocialGood/SocialGood_search.csv,,2020-04-20,2020-04-26,False,2020-04-26,False
4a7ff04df27a4c05,search,references/external/Time-MMD/textual/SocialGood/SocialGood_search.csv,,2020-04-27,2020-05-03,False,2020-05-03,False
70d61dda135d7952,search,references/external/Time-MMD/textual/SocialGood/SocialGood_search.csv,,2020-05-04,2020-05-10,False,2020-05-10,False
b418d558a9aa9b99,search,references/external/Time-MMD/textual/SocialGood/SocialGood_search.csv,,2020-05-11,2020-05-17,False,2020-05-17,False
b9a97836e4cc0526,search,references/external/Time-MMD/textual/SocialGood/SocialGood_search.csv,,2020-05-18,2020-05-24,False,2020-05-24,False
b3dccf851f126bb2,search,references/external/Time-MMD/textual/SocialGood/SocialGood_search.csv,,2020-05-25,2020-05-31,False,2020-05-31,False
953132afa2283f72,search,references/external/Time-MMD/textual/SocialGood/SocialGood_search.csv,,2020-06-01,2020-06-07,False,2020-06-07,False
a5aa630be288f20b,search,references/external/Time-MMD/textual/SocialGood/SocialGood_search.csv,,2020-06-08,2020-06-14,False,2020-06-14,False
762715b4d9d4d35c,search,references/external/Time-MMD/textual/SocialGood/SocialGood_search.csv,,2020-06-15,2020-06-21,False,2020-06-21,False
76f8dc9d667a877d,search,references/external/Time-MMD/textual/SocialGood/SocialGood_search.csv,,2020-06-22,2020-06-28,False,2020-06-28,False
7a0c01d8e4c9052a,search,references/external/Time-MMD/textual/SocialGood/SocialGood_search.csv,,2020-06-29,2020-07-05,False,2020-07-05,False
5cc1d8d9dce4dab9,search,references/external/Time-MMD/textual/SocialGood/SocialGood_search.csv,,2020-07-06,2020-07-12,False,2020-07-12,False
16df3fb2f96f0be8,search,references/external/Time-MMD/textual/SocialGood/SocialGood_search.csv,,2020-07-13,2020-07-19,False,2020-07-19,False
a479df99d67da176,search,references/external/Time-MMD/textual/SocialGood/SocialGood_search.csv,,2020-07-20,2020-07-26,False,2020-07-26,False
dcac74d002a240a1,search,references/external/Time-MMD/textual/SocialGood/SocialGood_search.csv,,2020-07-27,2020-08-02,False,2020-08-02,False
6eeceb820f72077b,search,references/external/Time-MMD/textual/SocialGood/SocialGood_search.csv,,2020-08-03,2020-08-09,False,2020-08-09,False
ecfd8d2970f6d9fb,search,references/external/Time-MMD/textual/SocialGood/SocialGood_search.csv,,2020-08-10,2020-08-16,False,2020-08-16,False
8e21ba8d690fb0ea,search,references/external/Time-MMD/textual/SocialGood/SocialGood_search.csv,,2020-08-17,2020-08-23,False,2020-08-23,False
662ee05c0159e6a1,search,references/external/Time-MMD/textual/SocialGood/SocialGood_search.csv,,2020-08-24,2020-08-30,False,2020-08-30,False
99a091ebe69f9d6a,search,references/external/Time-MMD/textual/SocialGood/SocialGood_search.csv,,2020-08-31,2020-09-06,False,2020-09-06,False
220c10ae52d47ee8,search,references/external/Time-MMD/textual/SocialGood/SocialGood_search.csv,,2020-09-07,2020-09-13,False,2020-09-13,False
e4c23bd9fa69cd96,search,references/external/Time-MMD/textual/SocialGood/SocialGood_search.csv,,2020-09-14,2020-09-20,False,2020-09-20,False
6f608dc70a17ad27,search,references/external/Time-MMD/textual/SocialGood/SocialGood_search.csv,,2020-09-21,2020-09-27,False,2020-09-27,False
9cb7a148481de19d,search,references/external/Time-MMD/textual/SocialGood/SocialGood_search.csv,,2020-09-28,2020-10-04,False,2020-10-04,False
7bc3120b793484ea,search,references/external/Time-MMD/textual/SocialGood/SocialGood_search.csv,,2020-10-05,2020-10-11,False,2020-10-11,False
ae2960fa98fed093,search,references/external/Time-MMD/textual/SocialGood/SocialGood_search.csv,,2020-10-12,2020-10-18,False,2020-10-18,False
fecebf3c5adb9f6e,search,references/external/Time-MMD/textual/SocialGood/SocialGood_search.csv,,2020-10-19,2020-10-25,False,2020-10-25,False
450a7ecd25b00762,search,references/external/Time-MMD/textual/SocialGood/SocialGood_search.csv,,2020-10-26,2020-11-01,False,2020-11-01,False
bd5a903fbc8f18f8,search,references/external/Time-MMD/textual/SocialGood/SocialGood_search.csv,,2020-11-02,2020-11-08,False,2020-11-08,False
686a62b2b64f6c3a,search,references/external/Time-MMD/textual/SocialGood/SocialGood_search.csv,,2020-11-09,2020-11-15,False,2020-11-15,False
db0ca60007348152,search,references/external/Time-MMD/textual/SocialGood/SocialGood_search.csv,,2020-11-16,2020-11-22,False,2020-11-22,False
ac9f4be67dbc4e86,search,references/external/Time-MMD/textual/SocialGood/SocialGood_search.csv,,2020-11-23,2020-11-29,False,2020-11-29,False
6e6c6e9d18fb15f5,search,references/external/Time-MMD/textual/SocialGood/SocialGood_search.csv,,2020-11-30,2020-12-06,False,2020-12-06,False
f525e8906921b84f,search,references/external/Time-MMD/textual/SocialGood/SocialGood_search.csv,,2020-12-07,2020-12-13,False,2020-12-13,False
5122ab5ff5e4c738,search,references/external/Time-MMD/textual/SocialGood/SocialGood_search.csv,,2020-12-14,2020-12-20,False,2020-12-20,False
98cf878a87e4942c,search,references/external/Time-MMD/textual/SocialGood/SocialGood_search.csv,,2020-12-21,2020-12-27,False,2020-12-27,False
208fc1572c36ec62,search,references/external/Time-MMD/textual/SocialGood/SocialGood_search.csv,,2020-12-28,2021-01-03,False,2021-01-03,False
adbde4f45b3e42bf,search,references/external/Time-MMD/textual/SocialGood/SocialGood_search.csv,,2021-01-04,2021-01-10,False,2021-01-10,False
2c63c88a4f5ba965,search,references/external/Time-MMD/textual/SocialGood/SocialGood_search.csv,,2021-01-11,2021-01-17,False,2021-01-17,False
82b408f7660b9060,search,references/external/Time-MMD/textual/SocialGood/SocialGood_search.csv,,2021-01-18,2021-01-24,False,2021-01-24,False
915dabbc5914efa5,search,references/external/Time-MMD/textual/SocialGood/SocialGood_search.csv,,2021-01-25,2021-01-31,False,2021-01-31,False
fd6dc8287a7c9c4d,search,references/external/Time-MMD/textual/SocialGood/SocialGood_search.csv,,2021-02-01,2021-02-07,False,2021-02-07,False
1409811c3461b869,search,references/external/Time-MMD/textual/SocialGood/SocialGood_search.csv,,2021-02-08,2021-02-14,False,2021-02-14,False
bb41cd23c6e875cc,search,references/external/Time-MMD/textual/SocialGood/SocialGood_search.csv,,2021-02-15,2021-02-21,False,2021-02-21,False
6700db018ce43d21,search,references/external/Time-MMD/textual/SocialGood/SocialGood_search.csv,,2021-02-22,2021-02-28,False,2021-02-28,False
6d424b5f3f8abd64,search,references/external/Time-MMD/textual/SocialGood/SocialGood_search.csv,,2021-03-01,2021-03-07,False,2021-03-07,False
d90d85b1bd73eef3,search,references/external/Time-MMD/textual/SocialGood/SocialGood_search.csv,,2021-03-08,2021-03-14,False,2021-03-14,False
ef0c88566886d38e,search,references/external/Time-MMD/textual/SocialGood/SocialGood_search.csv,,2021-03-15,2021-03-21,False,2021-03-21,False
967bd1cb52236ad1,search,references/external/Time-MMD/textual/SocialGood/SocialGood_search.csv,,2021-03-22,2021-03-28,False,2021-03-28,False
ccb02aaf404b884b,search,references/external/Time-MMD/textual/SocialGood/SocialGood_search.csv,,2021-03-29,2021-04-04,False,2021-04-04,False
cd054797afbcf7e1,search,references/external/Time-MMD/textual/SocialGood/SocialGood_search.csv,,2021-04-05,2021-04-11,False,2021-04-11,False
492b8b4ecf7cc825,search,references/external/Time-MMD/textual/SocialGood/SocialGood_search.csv,,2021-04-12,2021-04-18,False,2021-04-18,False
000d52d87b7821e5,search,references/external/Time-MMD/textual/SocialGood/SocialGood_search.csv,,2021-04-19,2021-04-25,False,2021-04-25,False
85dad3c4a7c47ea2,search,references/external/Time-MMD/textual/SocialGood/SocialGood_search.csv,,2021-04-26,2021-05-02,False,2021-05-02,False
9cb1bd17263c6acd,search,references/external/Time-MMD/textual/SocialGood/SocialGood_search.csv,,2021-05-03,2021-05-09,False,2021-05-09,False
d1320df028b05f47,search,references/external/Time-MMD/textual/SocialGood/SocialGood_search.csv,,2021-05-10,2021-05-16,False,2021-05-16,False
058b2b1c77b1d026,search,references/external/Time-MMD/textual/SocialGood/SocialGood_search.csv,,2021-05-17,2021-05-23,False,2021-05-23,False
2d24153122a83412,search,references/external/Time-MMD/textual/SocialGood/SocialGood_search.csv,,2021-05-24,2021-05-30,False,2021-05-30,False
58f036f985dafd69,search,references/external/Time-MMD/textual/SocialGood/SocialGood_search.csv,,2021-05-31,2021-06-06,False,2021-06-06,False
9404bf99d6f4954c,search,references/external/Time-MMD/textual/SocialGood/SocialGood_search.csv,,2021-06-07,2021-06-13,False,2021-06-13,False
2ec45432a9d189f7,search,references/external/Time-MMD/textual/SocialGood/SocialGood_search.csv,,2021-06-14,2021-06-20,False,2021-06-20,False
4f812179c142b6b6,search,references/external/Time-MMD/textual/SocialGood/SocialGood_search.csv,,2021-06-21,2021-06-27,False,2021-06-27,False
395ede16288c9530,search,references/external/Time-MMD/textual/SocialGood/SocialGood_search.csv,,2021-06-28,2021-07-04,False,2021-07-04,False
a7312d5fc375698b,search,references/external/Time-MMD/textual/SocialGood/SocialGood_search.csv,,2021-07-05,2021-07-11,False,2021-07-11,False
1ddf7277ba3a4a4d,search,references/external/Time-MMD/textual/SocialGood/SocialGood_search.csv,,2021-07-12,2021-07-18,False,2021-07-18,False
ecdc941b1831f0a8,search,references/external/Time-MMD/textual/SocialGood/SocialGood_search.csv,,2021-07-19,2021-07-25,False,2021-07-25,False
0f68d2ba365c4f4a,search,references/external/Time-MMD/textual/SocialGood/SocialGood_search.csv,,2021-07-26,2021-08-01,False,2021-08-01,False
f2bddaa044a5a026,search,references/external/Time-MMD/textual/SocialGood/SocialGood_search.csv,,2021-08-02,2021-08-08,False,2021-08-08,False
1c07a903e21fe2ba,search,references/external/Time-MMD/textual/SocialGood/SocialGood_search.csv,,2021-08-09,2021-08-15,False,2021-08-15,False
99e8afcee560f7dc,search,references/external/Time-MMD/textual/SocialGood/SocialGood_search.csv,,2021-08-16,2021-08-22,False,2021-08-22,False
645bb2cb579b8462,search,references/external/Time-MMD/textual/SocialGood/SocialGood_search.csv,,2021-08-23,2021-08-29,False,2021-08-29,False
f3d65a44e9773295,search,references/external/Time-MMD/textual/SocialGood/SocialGood_search.csv,,2021-08-30,2021-09-05,False,2021-09-05,False
57379dd86671d9b7,search,references/external/Time-MMD/textual/SocialGood/SocialGood_search.csv,,2021-09-06,2021-09-12,False,2021-09-12,False
2cebd61bf507abe3,search,references/external/Time-MMD/textual/SocialGood/SocialGood_search.csv,,2021-09-13,2021-09-19,False,2021-09-19,False
bad1eff744b4ff84,search,references/external/Time-MMD/textual/SocialGood/SocialGood_search.csv,,2021-09-20,2021-09-26,False,2021-09-26,False
0f1556a1abf5969d,search,references/external/Time-MMD/textual/SocialGood/SocialGood_search.csv,,2021-09-27,2021-10-03,False,2021-10-03,False
9dadf6a7a95c87b2,search,references/external/Time-MMD/textual/SocialGood/SocialGood_search.csv,,2021-10-04,2021-10-10,False,2021-10-10,False
2503f932292e006b,search,references/external/Time-MMD/textual/SocialGood/SocialGood_search.csv,,2021-10-11,2021-10-17,False,2021-10-17,False
e30a09583578c512,search,references/external/Time-MMD/textual/SocialGood/SocialGood_search.csv,,2021-10-18,2021-10-24,False,2021-10-24,False
723077b547218fde,search,references/external/Time-MMD/textual/SocialGood/SocialGood_search.csv,,2021-10-25,2021-10-31,False,2021-10-31,False
2afe76911b13b3f1,search,references/external/Time-MMD/textual/SocialGood/SocialGood_search.csv,,2021-11-01,2021-11-07,False,2021-11-07,False
da1880a120cb2349,search,references/external/Time-MMD/textual/SocialGood/SocialGood_search.csv,,2021-11-08,2021-11-14,False,2021-11-14,False
d07c47dd8a3f9b82,search,references/external/Time-MMD/textual/SocialGood/SocialGood_search.csv,,2021-11-15,2021-11-21,False,2021-11-21,False
b479d36c80cea9d4,search,references/external/Time-MMD/textual/SocialGood/SocialGood_search.csv,,2021-11-22,2021-11-28,False,2021-11-28,False
057154c44364da3e,search,references/external/Time-MMD/textual/SocialGood/SocialGood_search.csv,,2021-11-29,2021-12-05,False,2021-12-05,False
2069a2f0054d5ef1,search,references/external/Time-MMD/textual/SocialGood/SocialGood_search.csv,,2021-12-06,2021-12-12,False,2021-12-12,False
b22f222b35c230d7,search,references/external/Time-MMD/textual/SocialGood/SocialGood_search.csv,,2021-12-13,2021-12-19,False,2021-12-19,False
883080b1a7406518,search,references/external/Time-MMD/textual/SocialGood/SocialGood_search.csv,,2021-12-20,2021-12-26,False,2021-12-26,False
c7f00ac821ec3397,search,references/external/Time-MMD/textual/SocialGood/SocialGood_search.csv,,2021-12-27,2022-01-02,False,2022-01-02,False
cfb585cb04d4c8cd,search,references/external/Time-MMD/textual/SocialGood/SocialGood_search.csv,,2022-01-03,2022-01-09,False,2022-01-09,False
5ba6a7a2d00daed9,search,references/external/Time-MMD/textual/SocialGood/SocialGood_search.csv,,2022-01-10,2022-01-16,False,2022-01-16,False
ec5b51ca8ef13b85,search,references/external/Time-MMD/textual/SocialGood/SocialGood_search.csv,,2022-01-17,2022-01-23,False,2022-01-23,False
3238520b5fcb926b,search,references/external/Time-MMD/textual/SocialGood/SocialGood_search.csv,,2022-01-24,2022-01-30,False,2022-01-30,False
10f7f400b8e7a31c,search,references/external/Time-MMD/textual/SocialGood/SocialGood_search.csv,,2022-01-31,2022-02-06,False,2022-02-06,False
2c83d40a3ecf3ac3,search,references/external/Time-MMD/textual/SocialGood/SocialGood_search.csv,,2022-02-07,2022-02-13,False,2022-02-13,False
54eb6a2248ed82f9,search,references/external/Time-MMD/textual/SocialGood/SocialGood_search.csv,,2022-02-14,2022-02-20,False,2022-02-20,False
2e5475d02cc599d7,search,references/external/Time-MMD/textual/SocialGood/SocialGood_search.csv,,2022-02-21,2022-02-27,False,2022-02-27,False
19915c46f35c39df,search,references/external/Time-MMD/textual/SocialGood/SocialGood_search.csv,,2022-02-28,2022-03-06,False,2022-03-06,False
0bb57a259b7172c4,search,references/external/Time-MMD/textual/SocialGood/SocialGood_search.csv,,2022-03-07,2022-03-13,False,2022-03-13,False
3bde1fa0f20bd246,search,references/external/Time-MMD/textual/SocialGood/SocialGood_search.csv,,2022-03-14,2022-03-20,False,2022-03-20,False
da441a345d1766c6,search,references/external/Time-MMD/textual/SocialGood/SocialGood_search.csv,,2022-03-21,2022-03-27,False,2022-03-27,False
e00b8c719a05a6ad,search,references/external/Time-MMD/textual/SocialGood/SocialGood_search.csv,,2022-03-28,2022-04-03,False,2022-04-03,False
b27d920008ee25e9,search,references/external/Time-MMD/textual/SocialGood/SocialGood_search.csv,,2022-04-04,2022-04-10,False,2022-04-10,False
3312525645e8db15,search,references/external/Time-MMD/textual/SocialGood/SocialGood_search.csv,,2022-04-11,2022-04-17,False,2022-04-17,False
c99a61f645758662,search,references/external/Time-MMD/textual/SocialGood/SocialGood_search.csv,,2022-04-18,2022-04-24,False,2022-04-24,False
b232b41def2dae4b,search,references/external/Time-MMD/textual/SocialGood/SocialGood_search.csv,,2022-04-25,2022-05-01,False,2022-05-01,False
5fcae2c58e05a263,search,references/external/Time-MMD/textual/SocialGood/SocialGood_search.csv,,2022-05-02,2022-05-08,False,2022-05-08,False
8d5d5148f2f78e96,search,references/external/Time-MMD/textual/SocialGood/SocialGood_search.csv,,2022-05-09,2022-05-15,False,2022-05-15,False
7deee3c823a43142,search,references/external/Time-MMD/textual/SocialGood/SocialGood_search.csv,,2022-05-16,2022-05-22,False,2022-05-22,False
d2361644e6978159,search,references/external/Time-MMD/textual/SocialGood/SocialGood_search.csv,,2022-05-23,2022-05-29,False,2022-05-29,False
b2f5bfa1987de230,search,references/external/Time-MMD/textual/SocialGood/SocialGood_search.csv,,2022-05-30,2022-06-05,False,2022-06-05,False
fa4d9c3347442db1,search,references/external/Time-MMD/textual/SocialGood/SocialGood_search.csv,,2022-06-06,2022-06-12,False,2022-06-12,False
6572a0a542fbc384,search,references/external/Time-MMD/textual/SocialGood/SocialGood_search.csv,,2022-06-13,2022-06-19,False,2022-06-19,False
6b73707a2d364a33,search,references/external/Time-MMD/textual/SocialGood/SocialGood_search.csv,,2022-06-20,2022-06-26,False,2022-06-26,False
f411a7abfc4d025b,search,references/external/Time-MMD/textual/SocialGood/SocialGood_search.csv,,2022-06-27,2022-07-03,False,2022-07-03,False
3df2b642ab9523aa,search,references/external/Time-MMD/textual/SocialGood/SocialGood_search.csv,,2022-07-04,2022-07-10,False,2022-07-10,False
46d7d563a4f93feb,search,references/external/Time-MMD/textual/SocialGood/SocialGood_search.csv,,2022-07-11,2022-07-17,False,2022-07-17,False
4050a0dc96fd5f57,search,references/external/Time-MMD/textual/SocialGood/SocialGood_search.csv,,2022-07-18,2022-07-24,False,2022-07-24,False
1e6feea8d85e585a,search,references/external/Time-MMD/textual/SocialGood/SocialGood_search.csv,,2022-07-25,2022-07-31,False,2022-07-31,False
f1e9c37c80e568e6,search,references/external/Time-MMD/textual/SocialGood/SocialGood_search.csv,,2022-08-01,2022-08-07,False,2022-08-07,False
6fada210342d02c2,search,references/external/Time-MMD/textual/SocialGood/SocialGood_search.csv,,2022-08-08,2022-08-14,False,2022-08-14,False
d34a57f911a4a88d,search,references/external/Time-MMD/textual/SocialGood/SocialGood_search.csv,,2022-08-15,2022-08-21,False,2022-08-21,False
a052dbcb4158c277,search,references/external/Time-MMD/textual/SocialGood/SocialGood_search.csv,,2022-08-22,2022-08-28,False,2022-08-28,False
1d1e9c7ea4c2b06d,search,references/external/Time-MMD/textual/SocialGood/SocialGood_search.csv,,2022-08-29,2022-09-04,False,2022-09-04,False
6299938957400b35,search,references/external/Time-MMD/textual/SocialGood/SocialGood_search.csv,,2022-09-05,2022-09-11,False,2022-09-11,False
0f411d3ee3bcc340,search,references/external/Time-MMD/textual/SocialGood/SocialGood_search.csv,,2022-09-12,2022-09-18,False,2022-09-18,False
aaa6048b92564c30,search,references/external/Time-MMD/textual/SocialGood/SocialGood_search.csv,,2022-09-19,2022-09-25,False,2022-09-25,False
033af885ffc2807c,search,references/external/Time-MMD/textual/SocialGood/SocialGood_search.csv,,2022-09-26,2022-10-02,False,2022-10-02,False
7a12b6fb53daafe3,search,references/external/Time-MMD/textual/SocialGood/SocialGood_search.csv,,2022-10-03,2022-10-09,False,2022-10-09,False
5e4d4c2780790dce,search,references/external/Time-MMD/textual/SocialGood/SocialGood_search.csv,,2022-10-10,2022-10-16,False,2022-10-16,False
83bc3a8f2c1f0b9a,search,references/external/Time-MMD/textual/SocialGood/SocialGood_search.csv,,2022-10-17,2022-10-23,False,2022-10-23,False
f3a37b53e6ab8d23,search,references/external/Time-MMD/textual/SocialGood/SocialGood_search.csv,,2022-10-24,2022-10-30,False,2022-10-30,False
4641678bf4e55a18,search,references/external/Time-MMD/textual/SocialGood/SocialGood_search.csv,,2022-10-31,2022-11-06,False,2022-11-06,False
48b0c11c221fd4cd,search,references/external/Time-MMD/textual/SocialGood/SocialGood_search.csv,,2022-11-07,2022-11-13,False,2022-11-13,False
66e78925cd25b9d0,search,references/external/Time-MMD/textual/SocialGood/SocialGood_search.csv,,2022-11-14,2022-11-20,False,2022-11-20,False
af806cd1d090ee3d,search,references/external/Time-MMD/textual/SocialGood/SocialGood_search.csv,,2022-11-21,2022-11-27,False,2022-11-27,False
b5c373a05f5503f6,search,references/external/Time-MMD/textual/SocialGood/SocialGood_search.csv,,2022-11-28,2022-12-04,False,2022-12-04,False
8b6300adcea95b08,search,references/external/Time-MMD/textual/SocialGood/SocialGood_search.csv,,2022-12-05,2022-12-11,False,2022-12-11,False
7f20c386112807b9,search,references/external/Time-MMD/textual/SocialGood/SocialGood_search.csv,,2022-12-12,2022-12-18,False,2022-12-18,False
25b1ec2aaad10180,search,references/external/Time-MMD/textual/SocialGood/SocialGood_search.csv,,2022-12-19,2022-12-25,False,2022-12-25,False
2118679e6128eb6f,search,references/external/Time-MMD/textual/SocialGood/SocialGood_search.csv,,2022-12-26,2023-01-01,False,2023-01-01,False
d7a61e520135c2df,search,references/external/Time-MMD/textual/SocialGood/SocialGood_search.csv,,2023-01-02,2023-01-08,False,2023-01-08,False
d5ce501a4463b0f0,search,references/external/Time-MMD/textual/SocialGood/SocialGood_search.csv,,2023-01-09,2023-01-15,False,2023-01-15,False
142c393aaa88b072,search,references/external/Time-MMD/textual/SocialGood/SocialGood_search.csv,,2023-01-16,2023-01-22,False,2023-01-22,False
3c81a653098eef18,search,references/external/Time-MMD/textual/SocialGood/SocialGood_search.csv,,2023-01-23,2023-01-29,False,2023-01-29,False
c538f3deba050e2f,search,references/external/Time-MMD/textual/SocialGood/SocialGood_search.csv,,2023-01-30,2023-02-05,False,2023-02-05,False
85f0d39fc79afbbe,search,references/external/Time-MMD/textual/SocialGood/SocialGood_search.csv,,2023-02-06,2023-02-12,False,2023-02-12,False
b144489cb054ee8a,search,references/external/Time-MMD/textual/SocialGood/SocialGood_search.csv,,2023-02-13,2023-02-19,False,2023-02-19,False
768b5c0a7948977b,search,references/external/Time-MMD/textual/SocialGood/SocialGood_search.csv,,2023-02-20,2023-02-26,False,2023-02-26,False
64ef6d8b89f744d9,search,references/external/Time-MMD/textual/SocialGood/SocialGood_search.csv,,2023-02-27,2023-03-05,False,2023-03-05,False
5f99d0b0270d2366,search,references/external/Time-MMD/textual/SocialGood/SocialGood_search.csv,,2023-03-06,2023-03-12,False,2023-03-12,False
536743f8d23abf27,search,references/external/Time-MMD/textual/SocialGood/SocialGood_search.csv,,2023-03-13,2023-03-19,False,2023-03-19,False
eff3a5238868fd15,search,references/external/Time-MMD/textual/SocialGood/SocialGood_search.csv,,2023-03-20,2023-03-26,False,2023-03-26,False
14ed3ba0f4e6dd66,search,references/external/Time-MMD/textual/SocialGood/SocialGood_search.csv,,2023-03-27,2023-04-02,False,2023-04-02,False
cc670b6b429412ba,search,references/external/Time-MMD/textual/SocialGood/SocialGood_search.csv,,2023-04-03,2023-04-09,False,2023-04-09,False
de130ba28577c802,search,references/external/Time-MMD/textual/SocialGood/SocialGood_search.csv,,2023-04-10,2023-04-16,False,2023-04-16,False
479ab2793cdfc3f8,search,references/external/Time-MMD/textual/SocialGood/SocialGood_search.csv,,2023-04-17,2023-04-23,False,2023-04-23,False
0f89868e515ca694,search,references/external/Time-MMD/textual/SocialGood/SocialGood_search.csv,,2023-04-24,2023-04-30,False,2023-04-30,False
f1e0f0734c8b18c0,search,references/external/Time-MMD/textual/SocialGood/SocialGood_search.csv,,2023-05-01,2023-05-07,False,2023-05-07,False
8b7670de2996c6dd,search,references/external/Time-MMD/textual/SocialGood/SocialGood_search.csv,,2023-05-08,2023-05-14,False,2023-05-14,False
d9ae57faab179c56,search,references/external/Time-MMD/textual/SocialGood/SocialGood_search.csv,,2023-05-15,2023-05-21,False,2023-05-21,False
03bdfbd7a3ddf087,search,references/external/Time-MMD/textual/SocialGood/SocialGood_search.csv,,2023-05-22,2023-05-28,False,2023-05-28,False
b5262f01eff7db20,search,references/external/Time-MMD/textual/SocialGood/SocialGood_search.csv,,2023-05-29,2023-06-04,False,2023-06-04,False
c92c5f6df59d09ae,search,references/external/Time-MMD/textual/SocialGood/SocialGood_search.csv,,2023-06-05,2023-06-11,False,2023-06-11,False
112e66bf45a7628c,search,references/external/Time-MMD/textual/SocialGood/SocialGood_search.csv,,2023-06-12,2023-06-18,False,2023-06-18,False
94f7bdd957b6c82b,search,references/external/Time-MMD/textual/SocialGood/SocialGood_search.csv,,2023-06-19,2023-06-25,False,2023-06-25,False
dc2394ecb9034501,search,references/external/Time-MMD/textual/SocialGood/SocialGood_search.csv,,2023-06-26,2023-07-02,False,2023-07-02,False
8d59f235848742ef,search,references/external/Time-MMD/textual/SocialGood/SocialGood_search.csv,,2023-07-03,2023-07-09,False,2023-07-09,False
ec4d216719dd19f6,search,references/external/Time-MMD/textual/SocialGood/SocialGood_search.csv,,2023-07-10,2023-07-16,False,2023-07-16,False
cff4b2dd4f48dc1c,search,references/external/Time-MMD/textual/SocialGood/SocialGood_search.csv,,2023-07-17,2023-07-23,False,2023-07-23,False
241c6a38500becd5,search,references/external/Time-MMD/textual/SocialGood/SocialGood_search.csv,,2023-07-24,2023-07-30,False,2023-07-30,False
06cf5cd7abc4df44,search,references/external/Time-MMD/textual/SocialGood/SocialGood_search.csv,,2023-07-31,2023-08-06,False,2023-08-06,False
97335c048fda2444,search,references/external/Time-MMD/textual/SocialGood/SocialGood_search.csv,,2023-08-07,2023-08-13,False,2023-08-13,False
f3b0b89f81829b3c,search,references/external/Time-MMD/textual/SocialGood/SocialGood_search.csv,,2023-08-14,2023-08-20,False,2023-08-20,False
d0ebc22758dcf38e,search,references/external/Time-MMD/textual/SocialGood/SocialGood_search.csv,,2023-08-21,2023-08-27,False,2023-08-27,False
dbdb50b717951687,search,references/external/Time-MMD/textual/SocialGood/SocialGood_search.csv,,2023-08-28,2023-09-03,False,2023-09-03,False
80fa7db3afb413d6,search,references/external/Time-MMD/textual/SocialGood/SocialGood_search.csv,,2023-09-04,2023-09-10,False,2023-09-10,False
91619705b8d457ea,search,references/external/Time-MMD/textual/SocialGood/SocialGood_search.csv,,2023-09-11,2023-09-17,False,2023-09-17,False
89c6500ba2942aff,search,references/external/Time-MMD/textual/SocialGood/SocialGood_search.csv,,2023-09-18,2023-09-24,False,2023-09-24,False
3321f35bce888974,search,references/external/Time-MMD/textual/SocialGood/SocialGood_search.csv,,2023-09-25,2023-10-01,False,2023-10-01,False
de928d14ff8193a3,search,references/external/Time-MMD/textual/SocialGood/SocialGood_search.csv,,2023-10-02,2023-10-08,False,2023-10-08,False
825c22835a25d808,search,references/external/Time-MMD/textual/SocialGood/SocialGood_search.csv,,2023-10-09,2023-10-15,False,2023-10-15,False
4392e70ef196e9ff,search,references/external/Time-MMD/textual/SocialGood/SocialGood_search.csv,,2023-10-16,2023-10-22,False,2023-10-22,False
1b7a5ff8385cbc20,search,references/external/Time-MMD/textual/SocialGood/SocialGood_search.csv,,2023-10-23,2023-10-29,False,2023-10-29,False
4c81870f90a6349c,search,references/external/Time-MMD/textual/SocialGood/SocialGood_search.csv,,2023-10-30,2023-11-05,False,2023-11-05,False
6ea380b5b2b356ba,search,references/external/Time-MMD/textual/SocialGood/SocialGood_search.csv,,2023-11-06,2023-11-12,False,2023-11-12,False
25f1edd88ea4fffa,search,references/external/Time-MMD/textual/SocialGood/SocialGood_search.csv,,2023-11-13,2023-11-19,False,2023-11-19,False
e568faccc97c6561,search,references/external/Time-MMD/textual/SocialGood/SocialGood_search.csv,,2023-11-20,2023-11-26,False,2023-11-26,False
abd10656234456a1,search,references/external/Time-MMD/textual/SocialGood/SocialGood_search.csv,,2023-11-27,2023-12-03,False,2023-12-03,False
881ef34b844ad1ad,search,references/external/Time-MMD/textual/SocialGood/SocialGood_search.csv,,2023-12-04,2023-12-10,False,2023-12-10,False
1908dbce02b727b9,search,references/external/Time-MMD/textual/SocialGood/SocialGood_search.csv,,2023-12-11,2023-12-17,False,2023-12-17,False
4200f4066fdb7254,search,references/external/Time-MMD/textual/SocialGood/SocialGood_search.csv,,2023-12-18,2023-12-24,False,2023-12-24,False
d9b9f40a97ea8646,search,references/external/Time-MMD/textual/SocialGood/SocialGood_search.csv,,2023-12-25,2023-12-31,False,2023-12-31,False
a8fed135e2b13306,search,references/external/Time-MMD/textual/SocialGood/SocialGood_search.csv,,2024-01-01,2024-01-07,False,2024-01-07,False
ccf7983fde5555e3,search,references/external/Time-MMD/textual/SocialGood/SocialGood_search.csv,,2024-01-08,2024-01-14,False,2024-01-14,False
623172295a7b15e7,search,references/external/Time-MMD/textual/SocialGood/SocialGood_search.csv,,2024-01-15,2024-01-21,False,2024-01-21,False
8fc42422f6d68752,search,references/external/Time-MMD/textual/SocialGood/SocialGood_search.csv,,2024-01-22,2024-01-28,False,2024-01-28,False
8e2b92ae2466bbed,search,references/external/Time-MMD/textual/SocialGood/SocialGood_search.csv,,2024-01-29,2024-02-04,False,2024-02-04,False
0fc09aca1666bd55,search,references/external/Time-MMD/textual/SocialGood/SocialGood_search.csv,,2024-02-05,2024-02-11,False,2024-02-11,False
d65adca72bba9d17,search,references/external/Time-MMD/textual/SocialGood/SocialGood_search.csv,,2024-02-12,2024-02-18,False,2024-02-18,False
ab9fc8e08440d23e,search,references/external/Time-MMD/textual/SocialGood/SocialGood_search.csv,,2024-02-19,2024-02-25,False,2024-02-25,False
7f6a88ecc12e4f1e,search,references/external/Time-MMD/textual/SocialGood/SocialGood_search.csv,,2024-02-26,2024-03-03,False,2024-03-03,False
d5937a7df56d2ecf,search,references/external/Time-MMD/textual/SocialGood/SocialGood_search.csv,,2024-03-04,2024-03-10,False,2024-03-10,False
223f39b10a02f420,search,references/external/Time-MMD/textual/SocialGood/SocialGood_search.csv,,2024-03-11,2024-03-17,False,2024-03-17,False
dc1fa16ed77a3473,search,references/external/Time-MMD/textual/SocialGood/SocialGood_search.csv,,2024-03-18,2024-03-24,False,2024-03-24,False
957a5862818147bb,search,references/external/Time-MMD/textual/SocialGood/SocialGood_search.csv,,2024-03-25,2024-03-31,False,2024-03-31,False
abe096d6fd19e655,search,references/external/Time-MMD/textual/SocialGood/SocialGood_search.csv,,2024-04-01,2024-04-07,False,2024-04-07,False
2960dadaa5a92d4f,search,references/external/Time-MMD/textual/SocialGood/SocialGood_search.csv,,2024-04-08,2024-04-14,False,2024-04-14,False
ca68cfa5d5fb1579,search,references/external/Time-MMD/textual/SocialGood/SocialGood_search.csv,,2024-04-15,2024-04-21,False,2024-04-21,False
05adac12d44cdcc0,search,references/external/Time-MMD/textual/SocialGood/SocialGood_search.csv,,2024-04-22,2024-04-28,False,2024-04-28,False
92bf9b7cbd892bd7,search,references/external/Time-MMD/textual/SocialGood/SocialGood_search.csv,,2024-04-29,2024-05-05,False,2024-05-05,False
