scenario,segment,origin_id,origin_index,text_available,report_selected,search_selected,selected_source_uses,report_source_ids,search_source_ids
proxy,train,SocialGood:h3:f1:o24,24,0,0,0,0,,
proxy,train,SocialGood:h3:f1:o25,25,0,0,0,0,,
proxy,train,SocialGood:h3:f1:o26,26,0,0,0,0,,
proxy,train,SocialGood:h3:f1:o27,27,0,0,0,0,,
proxy,train,SocialGood:h3:f1:o28,28,0,0,0,0,,
proxy,train,SocialGood:h3:f1:o29,29,0,0,0,0,,
proxy,train,SocialGood:h3:f1:o30,30,0,0,0,0,,
proxy,train,SocialGood:h3:f1:o31,31,0,0,0,0,,
proxy,train,SocialGood:h3:f1:o32,32,0,0,0,0,,
proxy,train,SocialGood:h3:f1:o33,33,0,0,0,0,,
proxy,train,SocialGood:h3:f1:o34,34,0,0,0,0,,
proxy,train,SocialGood:h3:f1:o35,35,0,0,0,0,,
proxy,train,SocialGood:h3:f1:o36,36,0,0,0,0,,
proxy,train,SocialGood:h3:f1:o37,37,0,0,0,0,,
proxy,train,SocialGood:h3:f1:o38,38,0,0,0,0,,
proxy,train,SocialGood:h3:f1:o39,39,0,0,0,0,,
proxy,train,SocialGood:h3:f1:o40,40,0,0,0,0,,
proxy,train,SocialGood:h3:f1:o41,41,0,0,0,0,,
proxy,train,SocialGood:h3:f1:o42,42,0,0,0,0,,
proxy,train,SocialGood:h3:f1:o43,43,0,0,0,0,,
proxy,train,SocialGood:h3:f1:o44,44,0,0,0,0,,
proxy,train,SocialGood:h3:f1:o45,45,0,0,0,0,,
proxy,train,SocialGood:h3:f1:o46,46,0,0,0,0,,
proxy,train,SocialGood:h3:f1:o47,47,0,0,0,0,,
proxy,train,SocialGood:h3:f1:o48,48,0,0,0,0,,
proxy,train,SocialGood:h3:f1:o49,49,0,0,0,0,,
proxy,train,SocialGood:h3:f1:o50,50,0,0,0,0,,
proxy,train,SocialGood:h3:f1:o51,51,0,0,0,0,,
proxy,train,SocialGood:h3:f1:o52,52,0,0,0,0,,
proxy,train,SocialGood:h3:f1:o53,53,0,0,0,0,,
proxy,train,SocialGood:h3:f1:o54,54,0,0,0,0,,
proxy,train,SocialGood:h3:f1:o55,55,0,0,0,0,,
proxy,train,SocialGood:h3:f1:o56,56,0,0,0,0,,
proxy,train,SocialGood:h3:f1:o57,57,0,0,0,0,,
proxy,train,SocialGood:h3:f1:o58,58,0,0,0,0,,
proxy,train,SocialGood:h3:f1:o59,59,0,0,0,0,,
proxy,train,SocialGood:h3:f1:o60,60,0,0,0,0,,
proxy,train,SocialGood:h3:f1:o61,61,0,0,0,0,,
proxy,train,SocialGood:h3:f1:o62,62,0,0,0,0,,
proxy,train,SocialGood:h3:f1:o63,63,0,0,0,0,,
proxy,train,SocialGood:h3:f1:o64,64,0,0,0,0,,
proxy,train,SocialGood:h3:f1:o65,65,0,0,0,0,,
proxy,train,SocialGood:h3:f1:o66,66,0,0,0,0,,
proxy,train,SocialGood:h3:f1:o67,67,0,0,0,0,,
proxy,train,SocialGood:h3:f1:o68,68,0,0,0,0,,
proxy,train,SocialGood:h3:f1:o69,69,0,0,0,0,,
proxy,train,SocialGood:h3:f1:o70,70,0,0,0,0,,
proxy,train,SocialGood:h3:f1:o71,71,0,0,0,0,,
proxy,train,SocialGood:h3:f1:o72,72,0,0,0,0,,
proxy,train,SocialGood:h3:f1:o73,73,0,0,0,0,,
proxy,train,SocialGood:h3:f1:o74,74,0,0,0,0,,
proxy,train,SocialGood:h3:f1:o75,75,0,0,0,0,,
proxy,train,SocialGood:h3:f1:o76,76,0,0,0,0,,
proxy,train,SocialGood:h3:f1:o77,77,0,0,0,0,,
proxy,train,SocialGood:h3:f1:o78,78,0,0,0,0,,
proxy,train,SocialGood:h3:f1:o79,79,0,0,0,0,,
proxy,train,SocialGood:h3:f1:o80,80,0,0,0,0,,
proxy,train,SocialGood:h3:f1:o81,81,0,0,0,0,,
proxy,train,SocialGood:h3:f1:o82,82,0,0,0,0,,
proxy,train,SocialGood:h3:f1:o83,83,0,0,0,0,,
proxy,train,SocialGood:h3:f1:o84,84,0,0,0,0,,
proxy,train,SocialGood:h3:f1:o85,85,0,0,0,0,,
proxy,train,SocialGood:h3:f1:o86,86,0,0,0,0,,
proxy,train,SocialGood:h3:f1:o87,87,0,0,0,0,,
proxy,train,SocialGood:h3:f1:o88,88,0,0,0,0,,
proxy,train,SocialGood:h3:f1:o89,89,0,0,0,0,,
proxy,train,SocialGood:h3:f1:o90,90,0,0,0,0,,
proxy,train,SocialGood:h3:f1:o91,91,0,0,0,0,,
proxy,train,SocialGood:h3:f1:o92,92,0,0,0,0,,
proxy,train,SocialGood:h3:f1:o93,93,0,0,0,0,,
proxy,train,SocialGood:h3:f1:o94,94,0,0,0,0,,
proxy,train,SocialGood:h3:f1:o95,95,0,0,0,0,,
proxy,train,SocialGood:h3:f1:o96,96,0,0,0,0,,
proxy,train,SocialGood:h3:f1:o97,97,0,0,0,0,,
proxy,train,SocialGood:h3:f1:o98,98,0,0,0,0,,
proxy,train,SocialGood:h3:f1:o99,99,0,0,0,0,,
proxy,train,SocialGood:h3:f1:o100,100,0,0,0,0,,
proxy,train,SocialGood:h3:f1:o101,101,0,0,0,0,,
proxy,train,SocialGood:h3:f1:o102,102,0,0,0,0,,
proxy,train,SocialGood:h3:f1:o103,103,0,0,0,0,,
proxy,train,SocialGood:h3:f1:o104,104,0,0,0,0,,
proxy,train,SocialGood:h3:f1:o105,105,0,0,0,0,,
proxy,train,SocialGood:h3:f1:o106,106,0,0,0,0,,
proxy,train,SocialGood:h3:f1:o107,107,0,0,0,0,,
proxy,train,SocialGood:h3:f1:o108,108,0,0,0,0,,
proxy,train,SocialGood:h3:f1:o109,109,0,0,0,0,,
proxy,train,SocialGood:h3:f1:o110,110,0,0,0,0,,
proxy,train,SocialGood:h3:f1:o111,111,0,0,0,0,,
proxy,train,SocialGood:h3:f1:o112,112,0,0,0,0,,
proxy,train,SocialGood:h3:f1:o113,113,0,0,0,0,,
proxy,train,SocialGood:h3:f1:o114,114,0,0,0,0,,
proxy,train,SocialGood:h3:f1:o115,115,0,0,0,0,,
proxy,train,SocialGood:h3:f1:o116,116,0,0,0,0,,
proxy,train,SocialGood:h3:f1:o117,117,0,0,0,0,,
proxy,train,SocialGood:h3:f1:o118,118,0,0,0,0,,
proxy,train,SocialGood:h3:f1:o119,119,0,0,0,0,,
proxy,train,SocialGood:h3:f1:o120,120,0,0,0,0,,
proxy,train,SocialGood:h3:f1:o121,121,0,0,0,0,,
proxy,train,SocialGood:h3:f1:o122,122,0,0,0,0,,
proxy,train,SocialGood:h3:f1:o123,123,0,0,0,0,,
proxy,train,SocialGood:h3:f1:o124,124,0,0,0,0,,
proxy,train,SocialGood:h3:f1:o125,125,0,0,0,0,,
proxy,train,SocialGood:h3:f1:o126,126,0,0,0,0,,
proxy,train,SocialGood:h3:f1:o127,127,0,0,0,0,,
proxy,train,SocialGood:h3:f1:o128,128,0,0,0,0,,
proxy,train,SocialGood:h3:f1:o129,129,0,0,0,0,,
proxy,train,SocialGood:h3:f1:o130,130,0,0,0,0,,
proxy,train,SocialGood:h3:f1:o131,131,0,0,0,0,,
proxy,train,SocialGood:h3:f1:o132,132,0,0,0,0,,
proxy,train,SocialGood:h3:f1:o133,133,0,0,0,0,,
proxy,train,SocialGood:h3:f1:o134,134,0,0,0,0,,
proxy,train,SocialGood:h3:f1:o135,135,0,0,0,0,,
proxy,train,SocialGood:h3:f1:o136,136,0,0,0,0,,
proxy,train,SocialGood:h3:f1:o137,137,0,0,0,0,,
proxy,train,SocialGood:h3:f1:o138,138,0,0,0,0,,
proxy,train,SocialGood:h3:f1:o139,139,0,0,0,0,,
proxy,train,SocialGood:h3:f1:o140,140,0,0,0,0,,
proxy,train,SocialGood:h3:f1:o141,141,0,0,0,0,,
proxy,train,SocialGood:h3:f1:o142,142,0,0,0,0,,
proxy,train,SocialGood:h3:f1:o143,143,0,0,0,0,,
proxy,train,SocialGood:h3:f1:o144,144,0,0,0,0,,
proxy,train,SocialGood:h3:f1:o145,145,0,0,0,0,,
proxy,train,SocialGood:h3:f1:o146,146,0,0,0,0,,
proxy,train,SocialGood:h3:f1:o147,147,0,0,0,0,,
proxy,train,SocialGood:h3:f1:o148,148,0,0,0,0,,
proxy,train,SocialGood:h3:f1:o149,149,0,0,0,0,,
proxy,train,SocialGood:h3:f1:o150,150,0,0,0,0,,
proxy,train,SocialGood:h3:f1:o151,151,0,0,0,0,,
proxy,train,SocialGood:h3:f1:o152,152,0,0,0,0,,
proxy,train,SocialGood:h3:f1:o153,153,0,0,0,0,,
proxy,train,SocialGood:h3:f1:o154,154,0,0,0,0,,
proxy,train,SocialGood:h3:f1:o155,155,0,0,0,0,,
proxy,train,SocialGood:h3:f1:o156,156,0,0,0,0,,
proxy,train,SocialGood:h3:f1:o157,157,0,0,0,0,,
proxy,train,SocialGood:h3:f1:o158,158,0,0,0,0,,
proxy,train,SocialGood:h3:f1:o159,159,0,0,0,0,,
proxy,train,SocialGood:h3:f1:o160,160,0,0,0,0,,
proxy,train,SocialGood:h3:f1:o161,161,0,0,0,0,,
proxy,train,SocialGood:h3:f1:o162,162,0,0,0,0,,
proxy,train,SocialGood:h3:f1:o163,163,0,0,0,0,,
proxy,train,SocialGood:h3:f1:o164,164,0,0,0,0,,
proxy,train,SocialGood:h3:f1:o165,165,0,0,0,0,,
proxy,train,SocialGood:h3:f1:o166,166,0,0,0,0,,
proxy,train,SocialGood:h3:f1:o167,167,0,0,0,0,,
proxy,train,SocialGood:h3:f1:o168,168,0,0,0,0,,
proxy,train,SocialGood:h3:f1:o169,169,0,0,0,0,,
proxy,train,SocialGood:h3:f1:o170,170,0,0,0,0,,
proxy,train,SocialGood:h3:f1:o171,171,0,0,0,0,,
proxy,train,SocialGood:h3:f1:o172,172,0,0,0,0,,
proxy,train,SocialGood:h3:f1:o173,173,0,0,0,0,,
proxy,train,SocialGood:h3:f1:o174,174,0,0,0,0,,
proxy,train,SocialGood:h3:f1:o175,175,0,0,0,0,,
proxy,train,SocialGood:h3:f1:o176,176,0,0,0,0,,
proxy,train,SocialGood:h3:f1:o177,177,0,0,0,0,,
proxy,train,SocialGood:h3:f1:o178,178,0,0,0,0,,
proxy,train,SocialGood:h3:f1:o179,179,0,0,0,0,,
proxy,train,SocialGood:h3:f1:o180,180,0,0,0,0,,
proxy,train,SocialGood:h3:f1:o181,181,0,0,0,0,,
proxy,train,SocialGood:h3:f1:o182,182,0,0,0,0,,
proxy,train,SocialGood:h3:f1:o183,183,0,0,0,0,,
proxy,train,SocialGood:h3:f1:o184,184,0,0,0,0,,
proxy,train,SocialGood:h3:f1:o185,185,0,0,0,0,,
proxy,train,SocialGood:h3:f1:o186,186,0,0,0,0,,
proxy,train,SocialGood:h3:f1:o187,187,0,0,0,0,,
proxy,train,SocialGood:h3:f1:o188,188,0,0,0,0,,
proxy,train,SocialGood:h3:f1:o189,189,0,0,0,0,,
proxy,train,SocialGood:h3:f1:o190,190,0,0,0,0,,
proxy,train,SocialGood:h3:f1:o191,191,0,0,0,0,,
proxy,train,SocialGood:h3:f1:o192,192,0,0,0,0,,
proxy,train,SocialGood:h3:f1:o193,193,0,0,0,0,,
proxy,train,SocialGood:h3:f1:o194,194,0,0,0,0,,
proxy,train,SocialGood:h3:f1:o195,195,0,0,0,0,,
proxy,train,SocialGood:h3:f1:o196,196,0,0,0,0,,
proxy,train,SocialGood:h3:f1:o197,197,0,0,0,0,,
proxy,train,SocialGood:h3:f1:o198,198,0,0,0,0,,
proxy,train,SocialGood:h3:f1:o199,199,0,0,0,0,,
proxy,train,SocialGood:h3:f1:o200,200,0,0,0,0,,
proxy,train,SocialGood:h3:f1:o201,201,0,0,0,0,,
proxy,train,SocialGood:h3:f1:o202,202,0,0,0,0,,
proxy,train,SocialGood:h3:f1:o203,203,0,0,0,0,,
proxy,train,SocialGood:h3:f1:o204,204,0,0,0,0,,
proxy,train,SocialGood:h3:f1:o205,205,0,0,0,0,,
proxy,train,SocialGood:h3:f1:o206,206,0,0,0,0,,
proxy,train,SocialGood:h3:f1:o207,207,0,0,0,0,,
proxy,train,SocialGood:h3:f1:o208,208,0,0,0,0,,
proxy,train,SocialGood:h3:f1:o209,209,0,0,0,0,,
proxy,train,SocialGood:h3:f1:o210,210,0,0,0,0,,
proxy,train,SocialGood:h3:f1:o211,211,0,0,0,0,,
proxy,train,SocialGood:h3:f1:o212,212,0,0,0,0,,
proxy,train,SocialGood:h3:f1:o213,213,0,0,0,0,,
proxy,train,SocialGood:h3:f1:o214,214,0,0,0,0,,
proxy,train,SocialGood:h3:f1:o215,215,0,0,0,0,,
proxy,train,SocialGood:h3:f1:o216,216,0,0,0,0,,
proxy,train,SocialGood:h3:f1:o217,217,0,0,0,0,,
proxy,train,SocialGood:h3:f1:o218,218,0,0,0,0,,
proxy,train,SocialGood:h3:f1:o219,219,0,0,0,0,,
proxy,train,SocialGood:h3:f1:o220,220,0,0,0,0,,
proxy,train,SocialGood:h3:f1:o221,221,0,0,0,0,,
proxy,train,SocialGood:h3:f1:o222,222,0,0,0,0,,
proxy,train,SocialGood:h3:f1:o223,223,0,0,0,0,,
proxy,train,SocialGood:h3:f1:o224,224,0,0,0,0,,
proxy,train,SocialGood:h3:f1:o225,225,0,0,0,0,,
proxy,train,SocialGood:h3:f1:o226,226,0,0,0,0,,
proxy,train,SocialGood:h3:f1:o227,227,0,0,0,0,,
proxy,train,SocialGood:h3:f1:o228,228,0,0,0,0,,
proxy,train,SocialGood:h3:f1:o229,229,0,0,0,0,,
proxy,train,SocialGood:h3:f1:o230,230,0,0,0,0,,
proxy,train,SocialGood:h3:f1:o231,231,0,0,0,0,,
proxy,train,SocialGood:h3:f1:o232,232,0,0,0,0,,
proxy,train,SocialGood:h3:f1:o233,233,0,0,0,0,,
proxy,train,SocialGood:h3:f1:o234,234,0,0,0,0,,
proxy,train,SocialGood:h3:f1:o235,235,0,0,0,0,,
proxy,train,SocialGood:h3:f1:o236,236,0,0,0,0,,
proxy,train,SocialGood:h3:f1:o237,237,0,0,0,0,,
proxy,train,SocialGood:h3:f1:o238,238,0,0,0,0,,
proxy,train,SocialGood:h3:f1:o239,239,0,0,0,0,,
proxy,train,SocialGood:h3:f1:o240,240,0,0,0,0,,
proxy,train,SocialGood:h3:f1:o241,241,0,0,0,0,,
proxy,train,SocialGood:h3:f1:o242,242,0,0,0,0,,
proxy,train,SocialGood:h3:f1:o243,243,0,0,0,0,,
proxy,train,SocialGood:h3:f1:o244,244,0,0,0,0,,
proxy,train,SocialGood:h3:f1:o245,245,0,0,0,0,,
proxy,train,SocialGood:h3:f1:o246,246,0,0,0,0,,
proxy,train,SocialGood:h3:f1:o247,247,0,0,0,0,,
proxy,train,SocialGood:h3:f1:o248,248,0,0,0,0,,
proxy,train,SocialGood:h3:f1:o249,249,0,0,0,0,,
proxy,train,SocialGood:h3:f1:o250,250,0,0,0,0,,
proxy,train,SocialGood:h3:f1:o251,251,0,0,0,0,,
proxy,train,SocialGood:h3:f1:o252,252,0,0,0,0,,
proxy,train,SocialGood:h3:f1:o253,253,0,0,0,0,,
proxy,train,SocialGood:h3:f1:o254,254,0,0,0,0,,
proxy,train,SocialGood:h3:f1:o255,255,0,0,0,0,,
proxy,train,SocialGood:h3:f1:o256,256,0,0,0,0,,
proxy,train,SocialGood:h3:f1:o257,257,0,0,0,0,,
proxy,train,SocialGood:h3:f1:o258,258,0,0,0,0,,
proxy,train,SocialGood:h3:f1:o259,259,0,0,0,0,,
proxy,train,SocialGood:h3:f1:o260,260,0,0,0,0,,
proxy,train,SocialGood:h3:f1:o261,261,0,0,0,0,,
proxy,train,SocialGood:h3:f1:o262,262,0,0,0,0,,
proxy,train,SocialGood:h3:f1:o263,263,0,0,0,0,,
proxy,train,SocialGood:h3:f1:o264,264,0,0,0,0,,
proxy,train,SocialGood:h3:f1:o265,265,0,0,0,0,,
proxy,train,SocialGood:h3:f1:o266,266,0,0,0,0,,
proxy,train,SocialGood:h3:f1:o267,267,0,0,0,0,,
proxy,train,SocialGood:h3:f1:o268,268,0,0,0,0,,
proxy,train,SocialGood:h3:f1:o269,269,0,0,0,0,,
proxy,train,SocialGood:h3:f1:o270,270,0,0,0,0,,
proxy,train,SocialGood:h3:f1:o271,271,0,0,0,0,,
proxy,train,SocialGood:h3:f1:o272,272,0,0,0,0,,
proxy,train,SocialGood:h3:f1:o273,273,0,0,0,0,,
proxy,train,SocialGood:h3:f1:o274,274,0,0,0,0,,
proxy,train,SocialGood:h3:f1:o275,275,0,0,0,0,,
proxy,train,SocialGood:h3:f1:o276,276,0,0,0,0,,
proxy,train,SocialGood:h3:f1:o277,277,0,0,0,0,,
proxy,train,SocialGood:h3:f1:o278,278,0,0,0,0,,
proxy,train,SocialGood:h3:f1:o279,279,0,0,0,0,,
proxy,train,SocialGood:h3:f1:o280,280,0,0,0,0,,
proxy,train,SocialGood:h3:f1:o281,281,0,0,0,0,,
proxy,train,SocialGood:h3:f1:o282,282,0,0,0,0,,
proxy,train,SocialGood:h3:f1:o283,283,0,0,0,0,,
proxy,train,SocialGood:h3:f1:o284,284,0,0,0,0,,
proxy,train,SocialGood:h3:f1:o285,285,0,0,0,0,,
proxy,train,SocialGood:h3:f1:o286,286,0,0,0,0,,
proxy,train,SocialGood:h3:f1:o287,287,0,0,0,0,,
proxy,train,SocialGood:h3:f1:o288,288,0,0,0,0,,
proxy,train,SocialGood:h3:f1:o289,289,0,0,0,0,,
proxy,train,SocialGood:h3:f1:o290,290,0,0,0,0,,
proxy,train,SocialGood:h3:f1:o291,291,0,0,0,0,,
proxy,train,SocialGood:h3:f1:o292,292,0,0,0,0,,
proxy,train,SocialGood:h3:f1:o293,293,0,0,0,0,,
proxy,train,SocialGood:h3:f1:o294,294,0,0,0,0,,
proxy,train,SocialGood:h3:f1:o295,295,0,0,0,0,,
proxy,train,SocialGood:h3:f1:o296,296,0,0,0,0,,
proxy,train,SocialGood:h3:f1:o297,297,0,0,0,0,,
proxy,train,SocialGood:h3:f1:o298,298,0,0,0,0,,
proxy,train,SocialGood:h3:f1:o299,299,0,0,0,0,,
proxy,train,SocialGood:h3:f1:o300,300,0,0,0,0,,
proxy,train,SocialGood:h3:f1:o301,301,0,0,0,0,,
proxy,train,SocialGood:h3:f1:o302,302,0,0,0,0,,
proxy,train,SocialGood:h3:f1:o303,303,0,0,0,0,,
proxy,train,SocialGood:h3:f1:o304,304,0,0,0,0,,
proxy,train,SocialGood:h3:f1:o305,305,0,0,0,0,,
proxy,train,SocialGood:h3:f1:o306,306,0,0,0,0,,
proxy,train,SocialGood:h3:f1:o307,307,0,0,0,0,,
proxy,train,SocialGood:h3:f1:o308,308,0,0,0,0,,
proxy,train,SocialGood:h3:f1:o309,309,0,0,0,0,,
proxy,train,SocialGood:h3:f1:o310,310,0,0,0,0,,
proxy,train,SocialGood:h3:f1:o311,311,0,0,0,0,,
proxy,train,SocialGood:h3:f1:o312,312,0,0,0,0,,
proxy,train,SocialGood:h3:f1:o313,313,0,0,0,0,,
proxy,train,SocialGood:h3:f1:o314,314,0,0,0,0,,
proxy,train,SocialGood:h3:f1:o315,315,0,0,0,0,,
proxy,train,SocialGood:h3:f1:o316,316,0,0,0,0,,
proxy,train,SocialGood:h3:f1:o317,317,0,0,0,0,,
proxy,train,SocialGood:h3:f1:o318,318,0,0,0,0,,
proxy,train,SocialGood:h3:f1:o319,319,0,0,0,0,,
proxy,train,SocialGood:h3:f1:o320,320,0,0,0,0,,
proxy,train,SocialGood:h3:f1:o321,321,0,0,0,0,,
proxy,train,SocialGood:h3:f1:o322,322,0,0,0,0,,
proxy,train,SocialGood:h3:f1:o323,323,0,0,0,0,,
proxy,train,SocialGood:h3:f1:o324,324,0,0,0,0,,
proxy,train,SocialGood:h3:f1:o325,325,0,0,0,0,,
proxy,train,SocialGood:h3:f1:o326,326,0,0,0,0,,
proxy,train,SocialGood:h3:f1:o327,327,0,0,0,0,,
proxy,train,SocialGood:h3:f1:o328,328,0,0,0,0,,
proxy,train,SocialGood:h3:f1:o329,329,0,0,0,0,,
proxy,train,SocialGood:h3:f1:o330,330,0,0,0,0,,
proxy,train,SocialGood:h3:f1:o331,331,0,0,0,0,,
proxy,train,SocialGood:h3:f1:o332,332,0,0,0,0,,
proxy,train,SocialGood:h3:f1:o333,333,0,0,0,0,,
proxy,train,SocialGood:h3:f1:o334,334,0,0,0,0,,
proxy,train,SocialGood:h3:f1:o335,335,0,0,0,0,,
proxy,train,SocialGood:h3:f1:o336,336,0,0,0,0,,
proxy,train,SocialGood:h3:f1:o337,337,0,0,0,0,,
proxy,train,SocialGood:h3:f1:o338,338,0,0,0,0,,
proxy,train,SocialGood:h3:f1:o339,339,0,0,0,0,,
proxy,train,SocialGood:h3:f1:o340,340,0,0,0,0,,
proxy,train,SocialGood:h3:f1:o341,341,0,0,0,0,,
proxy,train,SocialGood:h3:f1:o342,342,0,0,0,0,,
proxy,train,SocialGood:h3:f1:o343,343,0,0,0,0,,
proxy,train,SocialGood:h3:f1:o344,344,0,0,0,0,,
proxy,train,SocialGood:h3:f1:o345,345,0,0,0,0,,
proxy,train,SocialGood:h3:f1:o346,346,0,0,0,0,,
proxy,train,SocialGood:h3:f1:o347,347,0,0,0,0,,
proxy,train,SocialGood:h3:f1:o348,348,0,0,0,0,,
proxy,train,SocialGood:h3:f1:o349,349,0,0,0,0,,
proxy,train,SocialGood:h3:f1:o350,350,0,0,0,0,,
proxy,train,SocialGood:h3:f1:o351,351,0,0,0,0,,
proxy,train,SocialGood:h3:f1:o352,352,0,0,0,0,,
proxy,train,SocialGood:h3:f1:o353,353,0,0,0,0,,
proxy,train,SocialGood:h3:f1:o354,354,0,0,0,0,,
proxy,train,SocialGood:h3:f1:o355,355,0,0,0,0,,
proxy,train,SocialGood:h3:f1:o356,356,0,0,0,0,,
proxy,train,SocialGood:h3:f1:o357,357,0,0,0,0,,
proxy,train,SocialGood:h3:f1:o358,358,0,0,0,0,,
proxy,train,SocialGood:h3:f1:o359,359,0,0,0,0,,
proxy,train,SocialGood:h3:f1:o360,360,0,0,0,0,,
proxy,train,SocialGood:h3:f1:o361,361,0,0,0,0,,
proxy,train,SocialGood:h3:f1:o362,362,0,0,0,0,,
proxy,train,SocialGood:h3:f1:o363,363,0,0,0,0,,
proxy,calibration,SocialGood:h3:f1:o366,366,0,0,0,0,,
proxy,calibration,SocialGood:h3:f1:o367,367,0,0,0,0,,
proxy,calibration,SocialGood:h3:f1:o368,368,0,0,0,0,,
proxy,calibration,SocialGood:h3:f1:o369,369,0,0,0,0,,
proxy,calibration,SocialGood:h3:f1:o370,370,0,0,0,0,,
proxy,calibration,SocialGood:h3:f1:o371,371,0,0,0,0,,
proxy,calibration,SocialGood:h3:f1:o372,372,0,0,0,0,,
proxy,calibration,SocialGood:h3:f1:o373,373,0,0,0,0,,
proxy,calibration,SocialGood:h3:f1:o374,374,0,0,0,0,,
proxy,calibration,SocialGood:h3:f1:o375,375,0,0,0,0,,
proxy,calibration,SocialGood:h3:f1:o376,376,0,0,0,0,,
proxy,calibration,SocialGood:h3:f1:o377,377,0,0,0,0,,
proxy,calibration,SocialGood:h3:f1:o378,378,0,0,0,0,,
proxy,calibration,SocialGood:h3:f1:o379,379,0,0,0,0,,
proxy,calibration,SocialGood:h3:f1:o380,380,0,0,0,0,,
proxy,calibration,SocialGood:h3:f1:o381,381,0,0,0,0,,
proxy,calibration,SocialGood:h3:f1:o382,382,0,0,0,0,,
proxy,calibration,SocialGood:h3:f1:o383,383,0,0,0,0,,
proxy,calibration,SocialGood:h3:f1:o384,384,0,0,0,0,,
proxy,calibration,SocialGood:h3:f1:o385,385,1,0,7,7,,c3b3f6189f794c42;d9c7cc43dabbd70b;2b4b9b894f98dd94;7da5592bc23bbfd3;cdb480ebfea77308;b0a8e23b5d1cb2ca;f7c1b07845d2d4ba
proxy,calibration,SocialGood:h3:f1:o386,386,1,0,14,14,,7780064d647f6060;04b05ee2d17d37d2;56605db62b15e6ea;7087c823e25a2e52;df3b697e8a50ff07;6c6f1d48fa3c363b;86595bc6a15dba30;c3b3f6189f794c42;d9c7cc43dabbd70b;2b4b9b894f98dd94;7da5592bc23bbfd3;cdb480ebfea77308;b0a8e23b5d1cb2ca;f7c1b07845d2d4ba
proxy,calibration,SocialGood:h3:f1:o387,387,1,0,23,23,,38d426121b72c227;52d1189585fbad2e;bb0f3827626a665e;d011573ef67c3599;0126e1a95cb3f92e;c7e34fd1a4319024;fbc851f22e8c1e7e;582760720f3fe2b9;d8c8267b3baa86ec;7780064d647f6060;04b05ee2d17d37d2;56605db62b15e6ea;7087c823e25a2e52;df3b697e8a50ff07;6c6f1d48fa3c363b;86595bc6a15dba30;c3b3f6189f794c42;d9c7cc43dabbd70b;2b4b9b894f98dd94;7da5592bc23bbfd3;cdb480ebfea77308;b0a8e23b5d1cb2ca;f7c1b07845d2d4ba
proxy,calibration,SocialGood:h3:f1:o388,388,1,0,30,30,,6bf0a9b85f129343;c5a47661b57b3616;ecce1f732c3f8d81;721c74e9dc59098f;7886366677dbc78a;2197f08f0976875c;45761f30a7557457;38d426121b72c227;52d1189585fbad2e;bb0f3827626a665e;d011573ef67c3599;0126e1a95cb3f92e;c7e34fd1a4319024;fbc851f22e8c1e7e;582760720f3fe2b9;d8c8267b3baa86ec;7780064d647f6060;04b05ee2d17d37d2;56605db62b15e6ea;7087c823e25a2e52;df3b697e8a50ff07;6c6f1d48fa3c363b;86595bc6a15dba30;c3b3f6189f794c42;d9c7cc43dabbd70b;2b4b9b894f98dd94;7da5592bc23bbfd3;cdb480ebfea77308;b0a8e23b5d1cb2ca;f7c1b07845d2d4ba
proxy,calibration,SocialGood:h3:f1:o389,389,1,0,32,32,,44ab6a9afdeb7971;74d82622ca2496eb;7c49b2513156363e;ce0d084f22d817fa;57e584286c6ecaed;e18e0344a35ba3da;14b066b093f4745d;c3692bc0f7462e49;6bf0a9b85f129343;c5a47661b57b3616;ecce1f732c3f8d81;721c74e9dc59098f;7886366677dbc78a;2197f08f0976875c;45761f30a7557457;38d426121b72c227;52d1189585fbad2e;bb0f3827626a665e;d011573ef67c3599;0126e1a95cb3f92e;c7e34fd1a4319024;fbc851f22e8c1e7e;582760720f3fe2b9;d8c8267b3baa86ec;7780064d647f6060;04b05ee2d17d37d2;56605db62b15e6ea;7087c823e25a2e52;df3b697e8a50ff07;6c6f1d48fa3c363b;86595bc6a15dba30;c3b3f6189f794c42
proxy,calibration,SocialGood:h3:f1:o390,390,1,0,32,32,,63a520eea61336a6;c19e37e43bd437c4;0970ca0ddfa81c57;bfb0cc530fb69be9;00188268210b7be8;99ac078a7c218bda;104456887e59adc6;a539216349025997;8c24b55024fe11b1;db8e2b3e784beb41;44ab6a9afdeb7971;74d82622ca2496eb;7c49b2513156363e;ce0d084f22d817fa;57e584286c6ecaed;e18e0344a35ba3da;14b066b093f4745d;c3692bc0f7462e49;6bf0a9b85f129343;c5a47661b57b3616;ecce1f732c3f8d81;721c74e9dc59098f;7886366677dbc78a;2197f08f0976875c;45761f30a7557457;38d426121b72c227;52d1189585fbad2e;bb0f3827626a665e;d011573ef67c3599;0126e1a95cb3f92e;c7e34fd1a4319024;fbc851f22e8c1e7e
proxy,calibration,SocialGood:h3:f1:o391,391,1,0,32,32,,2e7317258614cd2d;e50b3f82e0557ab3;5ec889f5f1b5d057;0e78d700c8b6aee7;63a520eea61336a6;c19e37e43bd437c4;0970ca0ddfa81c57;bfb0cc530fb69be9;00188268210b7be8;99ac078a7c218bda;104456887e59adc6;a539216349025997;8c24b55024fe11b1;db8e2b3e784beb41;44ab6a9afdeb7971;74d82622ca2496eb;7c49b2513156363e;ce0d084f22d817fa;57e584286c6ecaed;e18e0344a35ba3da;14b066b093f4745d;c3692bc0f7462e49;6bf0a9b85f129343;c5a47661b57b3616;ecce1f732c3f8d81;721c74e9dc59098f;7886366677dbc78a;2197f08f0976875c;45761f30a7557457;38d426121b72c227;52d1189585fbad2e;bb0f3827626a665e
proxy,calibration,SocialGood:h3:f1:o392,392,1,0,32,32,,4f14375e20a87f1a;a6e9c92549457a96;02243003e98a1d6c;3d121943bcd792d5;0b455eb8d0656a39;c4c40c4ef9db456f;b3b9d06c2223cf8a;bac03cbea33d29bd;2e7317258614cd2d;e50b3f82e0557ab3;5ec889f5f1b5d057;0e78d700c8b6aee7;63a520eea61336a6;c19e37e43bd437c4;0970ca0ddfa81c57;bfb0cc530fb69be9;00188268210b7be8;99ac078a7c218bda;104456887e59adc6;a539216349025997;8c24b55024fe11b1;db8e2b3e784beb41;44ab6a9afdeb7971;74d82622ca2496eb;7c49b2513156363e;ce0d084f22d817fa;57e584286c6ecaed;e18e0344a35ba3da;14b066b093f4745d;c3692bc0f7462e49;6bf0a9b85f129343;c5a47661b57b3616
proxy,calibration,SocialGood:h3:f1:o393,393,1,0,32,32,,944d4106718bdb7d;ff77cab600afb3d3;5089cd592e19a71a;9494187bde34cf7f;2d8815414756b46e;bdc2872db819b659;1ff11e8018ccc9c6;fb0a0d40a137d13a;4f14375e20a87f1a;a6e9c92549457a96;02243003e98a1d6c;3d121943bcd792d5;0b455eb8d0656a39;c4c40c4ef9db456f;b3b9d06c2223cf8a;bac03cbea33d29bd;2e7317258614cd2d;e50b3f82e0557ab3;5ec889f5f1b5d057;0e78d700c8b6aee7;63a520eea61336a6;c19e37e43bd437c4;0970ca0ddfa81c57;bfb0cc530fb69be9;00188268210b7be8;99ac078a7c218bda;104456887e59adc6;a539216349025997;8c24b55024fe11b1;db8e2b3e784beb41;44ab6a9afdeb7971;74d82622ca2496eb
proxy,calibration,SocialGood:h3:f1:o394,394,1,0,32,32,,1ea0d4b39ac5a4f6;2ff2ebf01b1b14f0;37e3a86d19870c56;7aa692f48044bc1c;28fa29c9ca1c1c6b;8c30b94b8ac4104f;1c506e459ed86363;9b9977d72eaab22a;944d4106718bdb7d;ff77cab600afb3d3;5089cd592e19a71a;9494187bde34cf7f;2d8815414756b46e;bdc2872db819b659;1ff11e8018ccc9c6;fb0a0d40a137d13a;4f14375e20a87f1a;a6e9c92549457a96;02243003e98a1d6c;3d121943bcd792d5;0b455eb8d0656a39;c4c40c4ef9db456f;b3b9d06c2223cf8a;bac03cbea33d29bd;2e7317258614cd2d;e50b3f82e0557ab3;5ec889f5f1b5d057;0e78d700c8b6aee7;63a520eea61336a6;c19e37e43bd437c4;0970ca0ddfa81c57;bfb0cc530fb69be9
proxy,calibration,SocialGood:h3:f1:o395,395,1,0,32,32,,cb51d7f3b9c6898b;c364cb2dd55a0c4c;d4915d01475ecbfa;03328ca85e70d991;790a060232458298;7181a3f785833a6c;f18dea77eeecc2be;afcd600d9f29004e;1ea0d4b39ac5a4f6;2ff2ebf01b1b14f0;37e3a86d19870c56;7aa692f48044bc1c;28fa29c9ca1c1c6b;8c30b94b8ac4104f;1c506e459ed86363;9b9977d72eaab22a;944d4106718bdb7d;ff77cab600afb3d3;5089cd592e19a71a;9494187bde34cf7f;2d8815414756b46e;bdc2872db819b659;1ff11e8018ccc9c6;fb0a0d40a137d13a;4f14375e20a87f1a;a6e9c92549457a96;02243003e98a1d6c;3d121943bcd792d5;0b455eb8d0656a39;c4c40c4ef9db456f;b3b9d06c2223cf8a;bac03cbea33d29bd
proxy,calibration,SocialGood:h3:f1:o396,396,1,0,32,32,,412997eb04131f5d;dbac1a988555ddd5;b8d087bdfaa2e377;babb86b9de2cfd87;1e9588383dec3fbe;5c6755e65944626d;121c4f9ff1bb0d1d;47cf8212b289e233;cb51d7f3b9c6898b;c364cb2dd55a0c4c;d4915d01475ecbfa;03328ca85e70d991;790a060232458298;7181a3f785833a6c;f18dea77eeecc2be;afcd600d9f29004e;1ea0d4b39ac5a4f6;2ff2ebf01b1b14f0;37e3a86d19870c56;7aa692f48044bc1c;28fa29c9ca1c1c6b;8c30b94b8ac4104f;1c506e459ed86363;9b9977d72eaab22a;944d4106718bdb7d;ff77cab600afb3d3;5089cd592e19a71a;9494187bde34cf7f;2d8815414756b46e;bdc2872db819b659;1ff11e8018ccc9c6;fb0a0d40a137d13a
proxy,calibration,SocialGood:h3:f1:o397,397,1,0,32,32,,c0ccebabd3f064e4;d2adfb57d57fc083;e1957d124bf8d6da;e6c547e50e2af909;adcfda8d05f902b2;ff89068d7143fe07;56c14f70900117d4;8d788ad5c1ad40ff;412997eb04131f5d;dbac1a988555ddd5;b8d087bdfaa2e377;babb86b9de2cfd87;1e9588383dec3fbe;5c6755e65944626d;121c4f9ff1bb0d1d;47cf8212b289e233;cb51d7f3b9c6898b;c364cb2dd55a0c4c;d4915d01475ecbfa;03328ca85e70d991;790a060232458298;7181a3f785833a6c;f18dea77eeecc2be;afcd600d9f29004e;1ea0d4b39ac5a4f6;2ff2ebf01b1b14f0;37e3a86d19870c56;7aa692f48044bc1c;28fa29c9ca1c1c6b;8c30b94b8ac4104f;1c506e459ed86363;9b9977d72eaab22a
proxy,calibration,SocialGood:h3:f1:o398,398,1,0,32,32,,5d38b8c8fcc87b45;99e8112d5e783655;63f8b58142be55be;f629f958ad2f9fb8;099eed3e8bdcf5b2;3153d953fa6a4e99;099b5e96e3e9d44f;b3a1883bdae49d33;c0ccebabd3f064e4;d2adfb57d57fc083;e1957d124bf8d6da;e6c547e50e2af909;adcfda8d05f902b2;ff89068d7143fe07;56c14f70900117d4;8d788ad5c1ad40ff;412997eb04131f5d;dbac1a988555ddd5;b8d087bdfaa2e377;babb86b9de2cfd87;1e9588383dec3fbe;5c6755e65944626d;121c4f9ff1bb0d1d;47cf8212b289e233;cb51d7f3b9c6898b;c364cb2dd55a0c4c;d4915d01475ecbfa;03328ca85e70d991;790a060232458298;7181a3f785833a6c;f18dea77eeecc2be;afcd600d9f29004e
proxy,calibration,SocialGood:h3:f1:o399,399,1,0,32,32,,0f5e8057fc656982;e54cc322dce8968f;b2eacfdf2707024b;a07395b24854745b;f249f93aabaa1cad;d32e9db74207f847;e32e7235bf9e3777;8f53c7b3583cd74d;f20e27766a7e76f6;5d38b8c8fcc87b45;99e8112d5e783655;63f8b58142be55be;f629f958ad2f9fb8;099eed3e8bdcf5b2;3153d953fa6a4e99;099b5e96e3e9d44f;b3a1883bdae49d33;c0ccebabd3f064e4;d2adfb57d57fc083;e1957d124bf8d6da;e6c547e50e2af909;adcfda8d05f902b2;ff89068d7143fe07;56c14f70900117d4;8d788ad5c1ad40ff;412997eb04131f5d;dbac1a988555ddd5;b8d087bdfaa2e377;babb86b9de2cfd87;1e9588383dec3fbe;5c6755e65944626d;121c4f9ff1bb0d1d
proxy,calibration,SocialGood:h3:f1:o400,400,1,0,32,32,,071805e381ec6de7;9f6e114bcb27e5e1;fbde304a2a0fc7eb;45e2667ffc27cb04;72f4a39661cbb95c;59d6df1fd2c053c6;aa65399c128b29d9;0f5e8057fc656982;e54cc322dce8968f;b2eacfdf2707024b;a07395b24854745b;f249f93aabaa1cad;d32e9db74207f847;e32e7235bf9e3777;8f53c7b3583cd74d;f20e27766a7e76f6;5d38b8c8fcc87b45;99e8112d5e783655;63f8b58142be55be;f629f958ad2f9fb8;099eed3e8bdcf5b2;3153d953fa6a4e99;099b5e96e3e9d44f;b3a1883bdae49d33;c0ccebabd3f064e4;d2adfb57d57fc083;e1957d124bf8d6da;e6c547e50e2af909;adcfda8d05f902b2;ff89068d7143fe07;56c14f70900117d4;8d788ad5c1ad40ff
proxy,calibration,SocialGood:h3:f1:o401,401,1,0,32,32,,5be6aa5124821154;e84c55881c68d938;87ebc5fe7905094e;ccb71531c7ebbc9d;e8a4d660be312380;662c0d08ef83b58b;7831d6cde5a132f2;25e4d8886a34998c;dbeffeed18b6144c;071805e381ec6de7;9f6e114bcb27e5e1;fbde304a2a0fc7eb;45e2667ffc27cb04;72f4a39661cbb95c;59d6df1fd2c053c6;aa65399c128b29d9;0f5e8057fc656982;e54cc322dce8968f;b2eacfdf2707024b;a07395b24854745b;f249f93aabaa1cad;d32e9db74207f847;e32e7235bf9e3777;8f53c7b3583cd74d;f20e27766a7e76f6;5d38b8c8fcc87b45;99e8112d5e783655;63f8b58142be55be;f629f958ad2f9fb8;099eed3e8bdcf5b2;3153d953fa6a4e99;099b5e96e3e9d44f
proxy,calibration,SocialGood:h3:f1:o402,402,1,0,32,32,,3f61775b57f5c938;baf444b7f56093de;6bd68a6ad080f0ec;79e573955177e7c4;16480d819e917bd1;3d7de93d39862502;5be6aa5124821154;e84c55881c68d938;87ebc5fe7905094e;ccb71531c7ebbc9d;e8a4d660be312380;662c0d08ef83b58b;7831d6cde5a132f2;25e4d8886a34998c;dbeffeed18b6144c;071805e381ec6de7;9f6e114bcb27e5e1;fbde304a2a0fc7eb;45e2667ffc27cb04;72f4a39661cbb95c;59d6df1fd2c053c6;aa65399c128b29d9;0f5e8057fc656982;e54cc322dce8968f;b2eacfdf2707024b;a07395b24854745b;f249f93aabaa1cad;d32e9db74207f847;e32e7235bf9e3777;8f53c7b3583cd74d;f20e27766a7e76f6;5d38b8c8fcc87b45
proxy,calibration,SocialGood:h3:f1:o403,403,1,0,32,32,,11b7e436cdd50441;254d119f20b971d1;3448cd5dcc85f49e;7782890e6811d9b1;35cb70bc1ccd4588;a720c3b360ad4a77;70a691543ddb4873;b1422633b7669af1;3f61775b57f5c938;baf444b7f56093de;6bd68a6ad080f0ec;79e573955177e7c4;16480d819e917bd1;3d7de93d39862502;5be6aa5124821154;e84c55881c68d938;87ebc5fe7905094e;ccb71531c7ebbc9d;e8a4d660be312380;662c0d08ef83b58b;7831d6cde5a132f2;25e4d8886a34998c;dbeffeed18b6144c;071805e381ec6de7;9f6e114bcb27e5e1;fbde304a2a0fc7eb;45e2667ffc27cb04;72f4a39661cbb95c;59d6df1fd2c053c6;aa65399c128b29d9;0f5e8057fc656982;e54cc322dce8968f
proxy,calibration,SocialGood:h3:f1:o404,404,1,0,32,32,,2c668d68deadf876;667a4e5f29a70158;015bceb63b041135;a6c701ea37f30d0e;cbfae813d059ef03;05ba52fc8b1a6e04;1b941bbe451b6ea6;8e8710dd46a40f5b;11b7e436cdd50441;254d119f20b971d1;3448cd5dcc85f49e;7782890e6811d9b1;35cb70bc1ccd4588;a720c3b360ad4a77;70a691543ddb4873;b1422633b7669af1;3f61775b57f5c938;baf444b7f56093de;6bd68a6ad080f0ec;79e573955177e7c4;16480d819e917bd1;3d7de93d39862502;5be6aa5124821154;e84c55881c68d938;87ebc5fe7905094e;ccb71531c7ebbc9d;e8a4d660be312380;662c0d08ef83b58b;7831d6cde5a132f2;25e4d8886a34998c;dbeffeed18b6144c;071805e381ec6de7
proxy,calibration,SocialGood:h3:f1:o405,405,1,0,32,32,,5c9e8672f382d8d4;c82c9c3a365c60f6;253f65f94591b5d3;4c6e5e2b390da0b3;48f699d77c824884;923681edf0eb1ce9;fe3d798058b98f10;2c668d68deadf876;667a4e5f29a70158;015bceb63b041135;a6c701ea37f30d0e;cbfae813d059ef03;05ba52fc8b1a6e04;1b941bbe451b6ea6;8e8710dd46a40f5b;11b7e436cdd50441;254d119f20b971d1;3448cd5dcc85f49e;7782890e6811d9b1;35cb70bc1ccd4588;a720c3b360ad4a77;70a691543ddb4873;b1422633b7669af1;3f61775b57f5c938;baf444b7f56093de;6bd68a6ad080f0ec;79e573955177e7c4;16480d819e917bd1;3d7de93d39862502;5be6aa5124821154;e84c55881c68d938;87ebc5fe7905094e
proxy,calibration,SocialGood:h3:f1:o406,406,1,0,32,32,,29fa791a3643f544;fba575334aacf094;7f7f7048dd2788c5;a105c3dea823cbcb;99982d0b2f6f8b30;d764e6b5cb872cf9;c02f4b6c8f7c76db;5c9e8672f382d8d4;c82c9c3a365c60f6;253f65f94591b5d3;4c6e5e2b390da0b3;48f699d77c824884;923681edf0eb1ce9;fe3d798058b98f10;2c668d68deadf876;667a4e5f29a70158;015bceb63b041135;a6c701ea37f30d0e;cbfae813d059ef03;05ba52fc8b1a6e04;1b941bbe451b6ea6;8e8710dd46a40f5b;11b7e436cdd50441;254d119f20b971d1;3448cd5dcc85f49e;7782890e6811d9b1;35cb70bc1ccd4588;a720c3b360ad4a77;70a691543ddb4873;b1422633b7669af1;3f61775b57f5c938;baf444b7f56093de
proxy,calibration,SocialGood:h3:f1:o407,407,1,0,32,32,,9eff209b24f7f168;606ba2602e5d1a8e;d4564d65b1e8592b;6d5e3439bb26c358;9510296185c7a1e3;0b077d30fa8272d2;353954b67a4bbee0;a66568109197d669;ee86aef9f0db1e87;29fa791a3643f544;fba575334aacf094;7f7f7048dd2788c5;a105c3dea823cbcb;99982d0b2f6f8b30;d764e6b5cb872cf9;c02f4b6c8f7c76db;5c9e8672f382d8d4;c82c9c3a365c60f6;253f65f94591b5d3;4c6e5e2b390da0b3;48f699d77c824884;923681edf0eb1ce9;fe3d798058b98f10;2c668d68deadf876;667a4e5f29a70158;015bceb63b041135;a6c701ea37f30d0e;cbfae813d059ef03;05ba52fc8b1a6e04;1b941bbe451b6ea6;8e8710dd46a40f5b;11b7e436cdd50441
proxy,calibration,SocialGood:h3:f1:o408,408,1,0,32,32,,272fc05761310385;c539cd9af8505844;cdcda5e06ef7a795;2957f1e8f6db7315;dfb262a6129786ca;d443af0a0d92153d;ff8cc162c7d20474;9eff209b24f7f168;606ba2602e5d1a8e;d4564d65b1e8592b;6d5e3439bb26c358;9510296185c7a1e3;0b077d30fa8272d2;353954b67a4bbee0;a66568109197d669;ee86aef9f0db1e87;29fa791a3643f544;fba575334aacf094;7f7f7048dd2788c5;a105c3dea823cbcb;99982d0b2f6f8b30;d764e6b5cb872cf9;c02f4b6c8f7c76db;5c9e8672f382d8d4;c82c9c3a365c60f6;253f65f94591b5d3;4c6e5e2b390da0b3;48f699d77c824884;923681edf0eb1ce9;fe3d798058b98f10;2c668d68deadf876;667a4e5f29a70158
proxy,calibration,SocialGood:h3:f1:o409,409,1,0,32,32,,23200c2e77188a09;a4dc8ab2772a2dd3;56bf28d1c3c330cc;5cc9d3ed9f70bf8e;0ecd0d58f2bc6b30;51e14994103b92ab;b2e011eec09a15c6;2ea9405da4e3abb6;b3c3e192cb06d414;272fc05761310385;c539cd9af8505844;cdcda5e06ef7a795;2957f1e8f6db7315;dfb262a6129786ca;d443af0a0d92153d;ff8cc162c7d20474;9eff209b24f7f168;606ba2602e5d1a8e;d4564d65b1e8592b;6d5e3439bb26c358;9510296185c7a1e3;0b077d30fa8272d2;353954b67a4bbee0;a66568109197d669;ee86aef9f0db1e87;29fa791a3643f544;fba575334aacf094;7f7f7048dd2788c5;a105c3dea823cbcb;99982d0b2f6f8b30;d764e6b5cb872cf9;c02f4b6c8f7c76db
proxy,calibration,SocialGood:h3:f1:o410,410,1,0,32,32,,550543dc91247c39;0b5ba3ce7fc485ea;a14439e2350e0453;a52d836080725478;d94051c2c276c5db;054b13de2f7cec08;889ada420bfeb7c3;23200c2e77188a09;a4dc8ab2772a2dd3;56bf28d1c3c330cc;5cc9d3ed9f70bf8e;0ecd0d58f2bc6b30;51e14994103b92ab;b2e011eec09a15c6;2ea9405da4e3abb6;b3c3e192cb06d414;272fc05761310385;c539cd9af8505844;cdcda5e06ef7a795;2957f1e8f6db7315;dfb262a6129786ca;d443af0a0d92153d;ff8cc162c7d20474;9eff209b24f7f168;606ba2602e5d1a8e;d4564d65b1e8592b;6d5e3439bb26c358;9510296185c7a1e3;0b077d30fa8272d2;353954b67a4bbee0;a66568109197d669;ee86aef9f0db1e87
proxy,calibration,SocialGood:h3:f1:o411,411,1,0,32,32,,ac5c4d210fbf7015;5ea3f9db3b1cec92;b696bbcbb712ba57;4f4d35b569561055;8ffbd9babb6bce7b;031fe38ebf21c4b4;981bb5f37072a61c;550543dc91247c39;0b5ba3ce7fc485ea;a14439e2350e0453;a52d836080725478;d94051c2c276c5db;054b13de2f7cec08;889ada420bfeb7c3;23200c2e77188a09;a4dc8ab2772a2dd3;56bf28d1c3c330cc;5cc9d3ed9f70bf8e;0ecd0d58f2bc6b30;51e14994103b92ab;b2e011eec09a15c6;2ea9405da4e3abb6;b3c3e192cb06d414;272fc05761310385;c539cd9af8505844;cdcda5e06ef7a795;2957f1e8f6db7315;dfb262a6129786ca;d443af0a0d92153d;ff8cc162c7d20474;9eff209b24f7f168;606ba2602e5d1a8e
proxy,calibration,SocialGood:h3:f1:o412,412,1,0,32,32,,c5d47388d31f0006;d2762604ad5dcf36;703e82da6129843b;dc51ad1351d4013e;040f68cab86dddcb;72a11899763a6996;c9ceb983f7c74d81;cb495477b500c115;ac5c4d210fbf7015;5ea3f9db3b1cec92;b696bbcbb712ba57;4f4d35b569561055;8ffbd9babb6bce7b;031fe38ebf21c4b4;981bb5f37072a61c;550543dc91247c39;0b5ba3ce7fc485ea;a14439e2350e0453;a52d836080725478;d94051c2c276c5db;054b13de2f7cec08;889ada420bfeb7c3;23200c2e77188a09;a4dc8ab2772a2dd3;56bf28d1c3c330cc;5cc9d3ed9f70bf8e;0ecd0d58f2bc6b30;51e14994103b92ab;b2e011eec09a15c6;2ea9405da4e3abb6;b3c3e192cb06d414;272fc05761310385
proxy,calibration,SocialGood:h3:f1:o413,413,1,0,32,32,,0469e9653d59a7da;da929427b8259bfe;8b37162423ab5f37;add2fb56a593251e;4ff724727213c72f;52a559849d9adb8b;0d9a1683677b49ee;8e9c53ed250cd6a7;7b393b4e5b3f71eb;99d87e43c3ec0161;c5d47388d31f0006;d2762604ad5dcf36;703e82da6129843b;dc51ad1351d4013e;040f68cab86dddcb;72a11899763a6996;c9ceb983f7c74d81;cb495477b500c115;ac5c4d210fbf7015;5ea3f9db3b1cec92;b696bbcbb712ba57;4f4d35b569561055;8ffbd9babb6bce7b;031fe38ebf21c4b4;981bb5f37072a61c;550543dc91247c39;0b5ba3ce7fc485ea;a14439e2350e0453;a52d836080725478;d94051c2c276c5db;054b13de2f7cec08;889ada420bfeb7c3
proxy,calibration,SocialGood:h3:f1:o414,414,1,0,32,32,,76d2ada81542dea9;b26545fc659d91ee;b1f22984d43353f8;fc401a418c73d2e3;45ab91c107d301a4;dfa1111c0a6b1282;0469e9653d59a7da;da929427b8259bfe;8b37162423ab5f37;add2fb56a593251e;4ff724727213c72f;52a559849d9adb8b;0d9a1683677b49ee;8e9c53ed250cd6a7;7b393b4e5b3f71eb;99d87e43c3ec0161;c5d47388d31f0006;d2762604ad5dcf36;703e82da6129843b;dc51ad1351d4013e;040f68cab86dddcb;72a11899763a6996;c9ceb983f7c74d81;cb495477b500c115;ac5c4d210fbf7015;5ea3f9db3b1cec92;b696bbcbb712ba57;4f4d35b569561055;8ffbd9babb6bce7b;031fe38ebf21c4b4;981bb5f37072a61c;550543dc91247c39
proxy,calibration,SocialGood:h3:f1:o415,415,1,0,32,32,,81e3707b58f2f378;c17d07f221fe073a;045e1ad8f4b560cb;3cde835b45f15ff2;51ebbb3cdd6d7039;668a11343ca7b89d;d59691e46ccf6900;f71e75a31969d42b;76d2ada81542dea9;b26545fc659d91ee;b1f22984d43353f8;fc401a418c73d2e3;45ab91c107d301a4;dfa1111c0a6b1282;0469e9653d59a7da;da929427b8259bfe;8b37162423ab5f37;add2fb56a593251e;4ff724727213c72f;52a559849d9adb8b;0d9a1683677b49ee;8e9c53ed250cd6a7;7b393b4e5b3f71eb;99d87e43c3ec0161;c5d47388d31f0006;d2762604ad5dcf36;703e82da6129843b;dc51ad1351d4013e;040f68cab86dddcb;72a11899763a6996;c9ceb983f7c74d81;cb495477b500c115
proxy,calibration,SocialGood:h3:f1:o416,416,1,0,32,32,,55e021b6a1d7fc58;bbb9744e9545af3a;dccb51cd4f3d3cbd;f366b3b484bc5cfb;26ac42512914be6c;e18f2cfbe2d89687;a77f768accc02c45;fcada915a8e50376;5ab01575e25fbd76;805ace3d5676a0f4;81e3707b58f2f378;c17d07f221fe073a;045e1ad8f4b560cb;3cde835b45f15ff2;51ebbb3cdd6d7039;668a11343ca7b89d;d59691e46ccf6900;f71e75a31969d42b;76d2ada81542dea9;b26545fc659d91ee;b1f22984d43353f8;fc401a418c73d2e3;45ab91c107d301a4;dfa1111c0a6b1282;0469e9653d59a7da;da929427b8259bfe;8b37162423ab5f37;add2fb56a593251e;4ff724727213c72f;52a559849d9adb8b;0d9a1683677b49ee;8e9c53ed250cd6a7
proxy,calibration,SocialGood:h3:f1:o417,417,1,0,32,32,,1b3ca242e8bb546c;8335f16bf41a711e;4f206df6caf751ef;83b7a636c4994f2c;d305f953855e00be;f005b0cdfabc7ede;09b46f52e60269eb;75ecbda44e37b4cf;55e021b6a1d7fc58;bbb9744e9545af3a;dccb51cd4f3d3cbd;f366b3b484bc5cfb;26ac42512914be6c;e18f2cfbe2d89687;a77f768accc02c45;fcada915a8e50376;5ab01575e25fbd76;805ace3d5676a0f4;81e3707b58f2f378;c17d07f221fe073a;045e1ad8f4b560cb;3cde835b45f15ff2;51ebbb3cdd6d7039;668a11343ca7b89d;d59691e46ccf6900;f71e75a31969d42b;76d2ada81542dea9;b26545fc659d91ee;b1f22984d43353f8;fc401a418c73d2e3;45ab91c107d301a4;dfa1111c0a6b1282
proxy,calibration,SocialGood:h3:f1:o418,418,1,0,32,32,,9a1c2ca21a2d7e8a;fe5322cbe28c05cd;6970d62d1aef3351;94595e97b1b28b8b;2938d0c65d8c0112;ef8a2ece16e17030;706689c3f97540e5;8ac5d9d1f0a699bb;6443add6805b425a;d31cee0a4b624816;1b3ca242e8bb546c;8335f16bf41a711e;4f206df6caf751ef;83b7a636c4994f2c;d305f953855e00be;f005b0cdfabc7ede;09b46f52e60269eb;75ecbda44e37b4cf;55e021b6a1d7fc58;bbb9744e9545af3a;dccb51cd4f3d3cbd;f366b3b484bc5cfb;26ac42512914be6c;e18f2cfbe2d89687;a77f768accc02c45;fcada915a8e50376;5ab01575e25fbd76;805ace3d5676a0f4;81e3707b58f2f378;c17d07f221fe073a;045e1ad8f4b560cb;3cde835b45f15ff2
proxy,calibration,SocialGood:h3:f1:o419,419,1,0,32,32,,4f78e1eb0a8ac109;bedef08752591448;08910221d2787207;47b469fa5c6d389c;68607b0f75c4ec15;89490d13228c904b;86b14a6117ba92c0;f7c53df68c7a3d2e;9a1c2ca21a2d7e8a;fe5322cbe28c05cd;6970d62d1aef3351;94595e97b1b28b8b;2938d0c65d8c0112;ef8a2ece16e17030;706689c3f97540e5;8ac5d9d1f0a699bb;6443add6805b425a;d31cee0a4b624816;1b3ca242e8bb546c;8335f16bf41a711e;4f206df6caf751ef;83b7a636c4994f2c;d305f953855e00be;f005b0cdfabc7ede;09b46f52e60269eb;75ecbda44e37b4cf;55e021b6a1d7fc58;bbb9744e9545af3a;dccb51cd4f3d3cbd;f366b3b484bc5cfb;26ac42512914be6c;e18f2cfbe2d89687
proxy,calibration,SocialGood:h3:f1:o420,420,1,0,32,32,,b0249b098e28cca3;d1a4be9af275da94;5e54e52375f49e53;b5eaf73ba9917c51;5d414a45e97432c4;fd1a5de57fc7764a;069a39be3e0141cb;73bc600cc6e7f661;4f78e1eb0a8ac109;bedef08752591448;08910221d2787207;47b469fa5c6d389c;68607b0f75c4ec15;89490d13228c904b;86b14a6117ba92c0;f7c53df68c7a3d2e;9a1c2ca21a2d7e8a;fe5322cbe28c05cd;6970d62d1aef3351;94595e97b1b28b8b;2938d0c65d8c0112;ef8a2ece16e17030;706689c3f97540e5;8ac5d9d1f0a699bb;6443add6805b425a;d31cee0a4b624816;1b3ca242e8bb546c;8335f16bf41a711e;4f206df6caf751ef;83b7a636c4994f2c;d305f953855e00be;f005b0cdfabc7ede
proxy,calibration,SocialGood:h3:f1:o421,421,1,0,32,32,,83cf638b86a9b3d9;d666e4499a09be92;18ad3ad8cc47c944;4cc81675b76c69d0;cf428c72c421dcc8;17ff77b1c6e73acd;450c5cb0b8019690;7f1de98e24ccc15b;b0249b098e28cca3;d1a4be9af275da94;5e54e52375f49e53;b5eaf73ba9917c51;5d414a45e97432c4;fd1a5de57fc7764a;069a39be3e0141cb;73bc600cc6e7f661;4f78e1eb0a8ac109;bedef08752591448;08910221d2787207;47b469fa5c6d389c;68607b0f75c4ec15;89490d13228c904b;86b14a6117ba92c0;f7c53df68c7a3d2e;9a1c2ca21a2d7e8a;fe5322cbe28c05cd;6970d62d1aef3351;94595e97b1b28b8b;2938d0c65d8c0112;ef8a2ece16e17030;706689c3f97540e5;8ac5d9d1f0a699bb
proxy,calibration,SocialGood:h3:f1:o422,422,1,0,32,32,,c9bffc7e88ba4c00;ca2c563ac14afd02;3364c300d403d173;b347688fd30052a9;c86814022adf10b1;0c8105329ff471a7;45510df32aee6d83;83cf638b86a9b3d9;d666e4499a09be92;18ad3ad8cc47c944;4cc81675b76c69d0;cf428c72c421dcc8;17ff77b1c6e73acd;450c5cb0b8019690;7f1de98e24ccc15b;b0249b098e28cca3;d1a4be9af275da94;5e54e52375f49e53;b5eaf73ba9917c51;5d414a45e97432c4;fd1a5de57fc7764a;069a39be3e0141cb;73bc600cc6e7f661;4f78e1eb0a8ac109;bedef08752591448;08910221d2787207;47b469fa5c6d389c;68607b0f75c4ec15;89490d13228c904b;86b14a6117ba92c0;f7c53df68c7a3d2e;9a1c2ca21a2d7e8a
proxy,calibration,SocialGood:h3:f1:o423,423,1,0,32,32,,0d2d40c745fffa49;aa11f5af552d093b;3f01062853eadc7b;b07b4a107f8785b3;a1d8e7a4aa6bae7d;f1072c71a7a93833;3d5fb38b6ca28fcc;c16c34f07c5e1b7d;c9bffc7e88ba4c00;ca2c563ac14afd02;3364c300d403d173;b347688fd30052a9;c86814022adf10b1;0c8105329ff471a7;45510df32aee6d83;83cf638b86a9b3d9;d666e4499a09be92;18ad3ad8cc47c944;4cc81675b76c69d0;cf428c72c421dcc8;17ff77b1c6e73acd;450c5cb0b8019690;7f1de98e24ccc15b;b0249b098e28cca3;d1a4be9af275da94;5e54e52375f49e53;b5eaf73ba9917c51;5d414a45e97432c4;fd1a5de57fc7764a;069a39be3e0141cb;73bc600cc6e7f661;4f78e1eb0a8ac109
proxy,calibration,SocialGood:h3:f1:o424,424,1,0,32,32,,88fba7b4860bfb13;a919b901089ff34b;12ee48d72b13aa5d;55fc1a6b83b4e1cd;f72e74c50ddb4e02;fa78da50c4743923;55970ea7403d0c45;85329900d9306f17;0d2d40c745fffa49;aa11f5af552d093b;3f01062853eadc7b;b07b4a107f8785b3;a1d8e7a4aa6bae7d;f1072c71a7a93833;3d5fb38b6ca28fcc;c16c34f07c5e1b7d;c9bffc7e88ba4c00;ca2c563ac14afd02;3364c300d403d173;b347688fd30052a9;c86814022adf10b1;0c8105329ff471a7;45510df32aee6d83;83cf638b86a9b3d9;d666e4499a09be92;18ad3ad8cc47c944;4cc81675b76c69d0;cf428c72c421dcc8;17ff77b1c6e73acd;450c5cb0b8019690;7f1de98e24ccc15b;b0249b098e28cca3
proxy,calibration,SocialGood:h3:f1:o425,425,1,0,32,32,,2d8fcc9d28e4c783;d73891f2cfe238f0;f30294ab79f7d92e;fea7138616b9c958;0be30d285b29a4df;f9066235c1fbb794;5f0bee3bf961e194;38f37befe4ed4735;75a54b4cee5b9de9;88fba7b4860bfb13;a919b901089ff34b;12ee48d72b13aa5d;55fc1a6b83b4e1cd;f72e74c50ddb4e02;fa78da50c4743923;55970ea7403d0c45;85329900d9306f17;0d2d40c745fffa49;aa11f5af552d093b;3f01062853eadc7b;b07b4a107f8785b3;a1d8e7a4aa6bae7d;f1072c71a7a93833;3d5fb38b6ca28fcc;c16c34f07c5e1b7d;c9bffc7e88ba4c00;ca2c563ac14afd02;3364c300d403d173;b347688fd30052a9;c86814022adf10b1;0c8105329ff471a7;45510df32aee6d83
proxy,calibration,SocialGood:h3:f1:o426,426,1,0,32,32,,5f7c2a1f8c3e894a;8528a61222952dd9;6bdc2af585724dc9;fc7ec039b83db407;1d5e0743ffd50332;0130ac6443ea0037;29be51bc28304b99;2d8fcc9d28e4c783;d73891f2cfe238f0;f30294ab79f7d92e;fea7138616b9c958;0be30d285b29a4df;f9066235c1fbb794;5f0bee3bf961e194;38f37befe4ed4735;75a54b4cee5b9de9;88fba7b4860bfb13;a919b901089ff34b;12ee48d72b13aa5d;55fc1a6b83b4e1cd;f72e74c50ddb4e02;fa78da50c4743923;55970ea7403d0c45;85329900d9306f17;0d2d40c745fffa49;aa11f5af552d093b;3f01062853eadc7b;b07b4a107f8785b3;a1d8e7a4aa6bae7d;f1072c71a7a93833;3d5fb38b6ca28fcc;c16c34f07c5e1b7d
proxy,calibration,SocialGood:h3:f1:o427,427,1,0,32,32,,5f3aaa1113933bf6;6ba39316d059be00;468bd298c99487e8;74773ea5fa7d7f72;4b478c8784d7098f;d8916023cb717dde;51ed5cd5605d11ed;810ef4d43b1868d8;4a54bee81abb296c;733cdcb75f732685;5f7c2a1f8c3e894a;8528a61222952dd9;6bdc2af585724dc9;fc7ec039b83db407;1d5e0743ffd50332;0130ac6443ea0037;29be51bc28304b99;2d8fcc9d28e4c783;d73891f2cfe238f0;f30294ab79f7d92e;fea7138616b9c958;0be30d285b29a4df;f9066235c1fbb794;5f0bee3bf961e194;38f37befe4ed4735;75a54b4cee5b9de9;88fba7b4860bfb13;a919b901089ff34b;12ee48d72b13aa5d;55fc1a6b83b4e1cd;f72e74c50ddb4e02;fa78da50c4743923
proxy,calibration,SocialGood:h3:f1:o428,428,1,0,32,32,,e6a244db5296951a;883bf69ca3bac79e;d8b578d627d25c55;04134bbd984c63e1;80b7df3512731500;9e3ffdbcd7884d4b;afe1532856a15013;5f3aaa1113933bf6;6ba39316d059be00;468bd298c99487e8;74773ea5fa7d7f72;4b478c8784d7098f;d8916023cb717dde;51ed5cd5605d11ed;810ef4d43b1868d8;4a54bee81abb296c;733cdcb75f732685;5f7c2a1f8c3e894a;8528a61222952dd9;6bdc2af585724dc9;fc7ec039b83db407;1d5e0743ffd50332;0130ac6443ea0037;29be51bc28304b99;2d8fcc9d28e4c783;d73891f2cfe238f0;f30294ab79f7d92e;fea7138616b9c958;0be30d285b29a4df;f9066235c1fbb794;5f0bee3bf961e194;38f37befe4ed4735
proxy,calibration,SocialGood:h3:f1:o429,429,1,0,32,32,,7e2aa1c7e84e5416;d9644855235aadb0;1732f6631af071dd;664e9c16e6ee0964;3ab797c7b996ea11;c3782e45b6784a92;66ea53fbf017e846;696900a51d37a72d;e6a244db5296951a;883bf69ca3bac79e;d8b578d627d25c55;04134bbd984c63e1;80b7df3512731500;9e3ffdbcd7884d4b;afe1532856a15013;5f3aaa1113933bf6;6ba39316d059be00;468bd298c99487e8;74773ea5fa7d7f72;4b478c8784d7098f;d8916023cb717dde;51ed5cd5605d11ed;810ef4d43b1868d8;4a54bee81abb296c;733cdcb75f732685;5f7c2a1f8c3e894a;8528a61222952dd9;6bdc2af585724dc9;fc7ec039b83db407;1d5e0743ffd50332;0130ac6443ea0037;29be51bc28304b99
proxy,calibration,SocialGood:h3:f1:o430,430,1,0,32,32,,a0458187b17b49f4;99cd77709f104cd5;7d28ddc4cc3fa38b;e3005b1e487cf84c;2e715be3abd84e75;cb8ab6ec3a593b6d;61888dce4e861bc1;cecdddbcb9f3a0bf;7e2aa1c7e84e5416;d9644855235aadb0;1732f6631af071dd;664e9c16e6ee0964;3ab797c7b996ea11;c3782e45b6784a92;66ea53fbf017e846;696900a51d37a72d;e6a244db5296951a;883bf69ca3bac79e;d8b578d627d25c55;04134bbd984c63e1;80b7df3512731500;9e3ffdbcd7884d4b;afe1532856a15013;5f3aaa1113933bf6;6ba39316d059be00;468bd298c99487e8;74773ea5fa7d7f72;4b478c8784d7098f;d8916023cb717dde;51ed5cd5605d11ed;810ef4d43b1868d8;4a54bee81abb296c
proxy,calibration,SocialGood:h3:f1:o431,431,1,0,32,32,,828d946361d47cf4;844472c2a3dcdcbb;5b3b084a68c4a994;efdee317a8ae672c;2f772b8efcd27b55;c78a00bc971d502b;3334ec6ff3f21302;5df68d9f388fbdd2;a0458187b17b49f4;99cd77709f104cd5;7d28ddc4cc3fa38b;e3005b1e487cf84c;2e715be3abd84e75;cb8ab6ec3a593b6d;61888dce4e861bc1;cecdddbcb9f3a0bf;7e2aa1c7e84e5416;d9644855235aadb0;1732f6631af071dd;664e9c16e6ee0964;3ab797c7b996ea11;c3782e45b6784a92;66ea53fbf017e846;696900a51d37a72d;e6a244db5296951a;883bf69ca3bac79e;d8b578d627d25c55;04134bbd984c63e1;80b7df3512731500;9e3ffdbcd7884d4b;afe1532856a15013;5f3aaa1113933bf6
proxy,calibration,SocialGood:h3:f1:o432,432,1,0,32,32,,4ac05fd287459b16;f38ee790c1215ea8;0529533c8e999a43;d2d626e3b339cec6;3536277480179649;3ffa092795311d4b;17833e6fd0944b4b;ca47b117e4fe0680;828d946361d47cf4;844472c2a3dcdcbb;5b3b084a68c4a994;efdee317a8ae672c;2f772b8efcd27b55;c78a00bc971d502b;3334ec6ff3f21302;5df68d9f388fbdd2;a0458187b17b49f4;99cd77709f104cd5;7d28ddc4cc3fa38b;e3005b1e487cf84c;2e715be3abd84e75;cb8ab6ec3a593b6d;61888dce4e861bc1;cecdddbcb9f3a0bf;7e2aa1c7e84e5416;d9644855235aadb0;1732f6631af071dd;664e9c16e6ee0964;3ab797c7b996ea11;c3782e45b6784a92;66ea53fbf017e846;696900a51d37a72d
proxy,calibration,SocialGood:h3:f1:o433,433,1,0,32,32,,19b615ba9a2411cc;3676c998ad7c0f47;622462c7869e4e3d;43ba5aa4962a2acb;deb22d76653a44e8;017c96ebcd06372a;7637e09a1fe54567;33803ac10f158db2;d7e81bfb6e39eb2a;4ac05fd287459b16;f38ee790c1215ea8;0529533c8e999a43;d2d626e3b339cec6;3536277480179649;3ffa092795311d4b;17833e6fd0944b4b;ca47b117e4fe0680;828d946361d47cf4;844472c2a3dcdcbb;5b3b084a68c4a994;efdee317a8ae672c;2f772b8efcd27b55;c78a00bc971d502b;3334ec6ff3f21302;5df68d9f388fbdd2;a0458187b17b49f4;99cd77709f104cd5;7d28ddc4cc3fa38b;e3005b1e487cf84c;2e715be3abd84e75;cb8ab6ec3a593b6d;61888dce4e861bc1
proxy,calibration,SocialGood:h3:f1:o434,434,1,0,32,32,,59b8faa7fa671353;66bc4ef9ae5d934c;4649aa13894a7f9c;fd0bd55ddc46e6f2;600933e83ebdd86a;cfb4071297e53522;7aed7b9d1d947e48;8e5336b60d9c80c4;19b615ba9a2411cc;3676c998ad7c0f47;622462c7869e4e3d;43ba5aa4962a2acb;deb22d76653a44e8;017c96ebcd06372a;7637e09a1fe54567;33803ac10f158db2;d7e81bfb6e39eb2a;4ac05fd287459b16;f38ee790c1215ea8;0529533c8e999a43;d2d626e3b339cec6;3536277480179649;3ffa092795311d4b;17833e6fd0944b4b;ca47b117e4fe0680;828d946361d47cf4;844472c2a3dcdcbb;5b3b084a68c4a994;efdee317a8ae672c;2f772b8efcd27b55;c78a00bc971d502b;3334ec6ff3f21302
proxy,calibration,SocialGood:h3:f1:o435,435,1,0,32,32,,7cfe0e911f71eecd;a9dafd8932cbf998;2c45eeb4602b1fe5;ab6fc431649e6fe4;82aa309a45de896a;9612942f6bbafdad;e025ddba4d6875ae;59b8faa7fa671353;66bc4ef9ae5d934c;4649aa13894a7f9c;fd0bd55ddc46e6f2;600933e83ebdd86a;cfb4071297e53522;7aed7b9d1d947e48;8e5336b60d9c80c4;19b615ba9a2411cc;3676c998ad7c0f47;622462c7869e4e3d;43ba5aa4962a2acb;deb22d76653a44e8;017c96ebcd06372a;7637e09a1fe54567;33803ac10f158db2;d7e81bfb6e39eb2a;4ac05fd287459b16;f38ee790c1215ea8;0529533c8e999a43;d2d626e3b339cec6;3536277480179649;3ffa092795311d4b;17833e6fd0944b4b;ca47b117e4fe0680
proxy,calibration,SocialGood:h3:f1:o436,436,1,0,32,32,,1994a1f42177226d;e3dfe5a3f085b3c0;4f7492ec649ada8c;baca3817e81f621b;d0aaccd1f16f1955;4d8939005cf9e3c5;43f26901dc623691;4d9b3aabf584e0d9;7cfe0e911f71eecd;a9dafd8932cbf998;2c45eeb4602b1fe5;ab6fc431649e6fe4;82aa309a45de896a;9612942f6bbafdad;e025ddba4d6875ae;59b8faa7fa671353;66bc4ef9ae5d934c;4649aa13894a7f9c;fd0bd55ddc46e6f2;600933e83ebdd86a;cfb4071297e53522;7aed7b9d1d947e48;8e5336b60d9c80c4;19b615ba9a2411cc;3676c998ad7c0f47;622462c7869e4e3d;43ba5aa4962a2acb;deb22d76653a44e8;017c96ebcd06372a;7637e09a1fe54567;33803ac10f158db2;d7e81bfb6e39eb2a
proxy,calibration,SocialGood:h3:f1:o437,437,1,0,32,32,,12be219fa691d7f8;a7897b115287c0ce;235dd62ff873a962;949f47d2707815f1;4627b8b9a3442274;adbfc7c04895db37;2ddd23dd16117748;62bfcd5a56428202;1994a1f42177226d;e3dfe5a3f085b3c0;4f7492ec649ada8c;baca3817e81f621b;d0aaccd1f16f1955;4d8939005cf9e3c5;43f26901dc623691;4d9b3aabf584e0d9;7cfe0e911f71eecd;a9dafd8932cbf998;2c45eeb4602b1fe5;ab6fc431649e6fe4;82aa309a45de896a;9612942f6bbafdad;e025ddba4d6875ae;59b8faa7fa671353;66bc4ef9ae5d934c;4649aa13894a7f9c;fd0bd55ddc46e6f2;600933e83ebdd86a;cfb4071297e53522;7aed7b9d1d947e48;8e5336b60d9c80c4;19b615ba9a2411cc
proxy,calibration,SocialGood:h3:f1:o438,438,1,0,32,32,,f7f265af465b40d5;0e88f1fa6cb5da4f;e0622ca0720a00b0;cddebfb447ac2688;ebbd6745bf3b703f;94b3b68519979709;a5e15e17b4198cd9;12be219fa691d7f8;a7897b115287c0ce;235dd62ff873a962;949f47d2707815f1;4627b8b9a3442274;adbfc7c04895db37;2ddd23dd16117748;62bfcd5a56428202;1994a1f42177226d;e3dfe5a3f085b3c0;4f7492ec649ada8c;baca3817e81f621b;d0aaccd1f16f1955;4d8939005cf9e3c5;43f26901dc623691;4d9b3aabf584e0d9;7cfe0e911f71eecd;a9dafd8932cbf998;2c45eeb4602b1fe5;ab6fc431649e6fe4;82aa309a45de896a;9612942f6bbafdad;e025ddba4d6875ae;59b8faa7fa671353;66bc4ef9ae5d934c
proxy,calibration,SocialGood:h3:f1:o439,439,1,0,32,32,,88a7c924b402fb1d;b9c000d458df684a;078faad89e4d7e67;befd0ca1e7d46d11;d44d575c44554ee5;d6d69499e5b0a97a;1a22c4a40971ad05;36a43eb5d87c3c54;8461ff234f76a7b2;f7f265af465b40d5;0e88f1fa6cb5da4f;e0622ca0720a00b0;cddebfb447ac2688;ebbd6745bf3b703f;94b3b68519979709;a5e15e17b4198cd9;12be219fa691d7f8;a7897b115287c0ce;235dd62ff873a962;949f47d2707815f1;4627b8b9a3442274;adbfc7c04895db37;2ddd23dd16117748;62bfcd5a56428202;1994a1f42177226d;e3dfe5a3f085b3c0;4f7492ec649ada8c;baca3817e81f621b;d0aaccd1f16f1955;4d8939005cf9e3c5;43f26901dc623691;4d9b3aabf584e0d9
proxy,calibration,SocialGood:h3:f1:o440,440,1,0,32,32,,426e6973c3520cfc;dde0f635f0a4cda6;83a5e3dc7bc78148;fbc02219628ff576;6102cb5298e0e46a;edb36bfcc4539b19;a046b62a60f27a83;db9303bb86227c31;88a7c924b402fb1d;b9c000d458df684a;078faad89e4d7e67;befd0ca1e7d46d11;d44d575c44554ee5;d6d69499e5b0a97a;1a22c4a40971ad05;36a43eb5d87c3c54;8461ff234f76a7b2;f7f265af465b40d5;0e88f1fa6cb5da4f;e0622ca0720a00b0;cddebfb447ac2688;ebbd6745bf3b703f;94b3b68519979709;a5e15e17b4198cd9;12be219fa691d7f8;a7897b115287c0ce;235dd62ff873a962;949f47d2707815f1;4627b8b9a3442274;adbfc7c04895db37;2ddd23dd16117748;62bfcd5a56428202
proxy,calibration,SocialGood:h3:f1:o441,441,1,0,32,32,,1851b2304c1df80f;3adfd7496a28d8e7;6e3a8e3b5d845775;7e7c44e4b4f15354;29860c71c8ccfb13;40be7bbb709ec3c8;1b6ef4c0c301b69b;46ac8b5e818853d7;43b7e94c726e2b9b;8908eb80e2be5928;426e6973c3520cfc;dde0f635f0a4cda6;83a5e3dc7bc78148;fbc02219628ff576;6102cb5298e0e46a;edb36bfcc4539b19;a046b62a60f27a83;db9303bb86227c31;88a7c924b402fb1d;b9c000d458df684a;078faad89e4d7e67;befd0ca1e7d46d11;d44d575c44554ee5;d6d69499e5b0a97a;1a22c4a40971ad05;36a43eb5d87c3c54;8461ff234f76a7b2;f7f265af465b40d5;0e88f1fa6cb5da4f;e0622ca0720a00b0;cddebfb447ac2688;ebbd6745bf3b703f
proxy,calibration,SocialGood:h3:f1:o442,442,1,0,32,32,,30e40b3bf3f05aec;9bf8d2a5492bd480;7a233c7516548aa2;9265e951d3d8aaeb;9eaa2e4971732a9d;bc0377d00eaceeff;9fb20edfadb89d6b;aa128bb84ecbbef5;1851b2304c1df80f;3adfd7496a28d8e7;6e3a8e3b5d845775;7e7c44e4b4f15354;29860c71c8ccfb13;40be7bbb709ec3c8;1b6ef4c0c301b69b;46ac8b5e818853d7;43b7e94c726e2b9b;8908eb80e2be5928;426e6973c3520cfc;dde0f635f0a4cda6;83a5e3dc7bc78148;fbc02219628ff576;6102cb5298e0e46a;edb36bfcc4539b19;a046b62a60f27a83;db9303bb86227c31;88a7c924b402fb1d;b9c000d458df684a;078faad89e4d7e67;befd0ca1e7d46d11;d44d575c44554ee5;d6d69499e5b0a97a
proxy,calibration,SocialGood:h3:f1:o443,443,1,0,32,32,,45b568a387e0020f;e5f1b1f720154c0d;66b3c263d25d31d0;dc5dd6c85b7166dc;0652e81318d42e7d;dbf8afdd07d1cc0a;7cadb660008a09fd;dba99390d1e788b9;30e40b3bf3f05aec;9bf8d2a5492bd480;7a233c7516548aa2;9265e951d3d8aaeb;9eaa2e4971732a9d;bc0377d00eaceeff;9fb20edfadb89d6b;aa128bb84ecbbef5;1851b2304c1df80f;3adfd7496a28d8e7;6e3a8e3b5d845775;7e7c44e4b4f15354;29860c71c8ccfb13;40be7bbb709ec3c8;1b6ef4c0c301b69b;46ac8b5e818853d7;43b7e94c726e2b9b;8908eb80e2be5928;426e6973c3520cfc;dde0f635f0a4cda6;83a5e3dc7bc78148;fbc02219628ff576;6102cb5298e0e46a;edb36bfcc4539b19
proxy,calibration,SocialGood:h3:f1:o444,444,1,0,32,32,,49f41a280fd5a71d;0ff5797863383e08;5f791188bce30bef;cb1bbc4efcee44fa;4e423aabcee782c0;6ff336af9c6975de;348f89885a3ff46e;9741be0ed6e14146;45b568a387e0020f;e5f1b1f720154c0d;66b3c263d25d31d0;dc5dd6c85b7166dc;0652e81318d42e7d;dbf8afdd07d1cc0a;7cadb660008a09fd;dba99390d1e788b9;30e40b3bf3f05aec;9bf8d2a5492bd480;7a233c7516548aa2;9265e951d3d8aaeb;9eaa2e4971732a9d;bc0377d00eaceeff;9fb20edfadb89d6b;aa128bb84ecbbef5;1851b2304c1df80f;3adfd7496a28d8e7;6e3a8e3b5d845775;7e7c44e4b4f15354;29860c71c8ccfb13;40be7bbb709ec3c8;1b6ef4c0c301b69b;46ac8b5e818853d7
proxy,calibration,SocialGood:h3:f1:o445,445,1,0,32,32,,090643275f8a2d7b;60de953f2c22eff4;88265f9b1a16459c;d1948a93c8d5dcfb;2ef6173d5a66dbe0;70e1283761c856bf;4de322adfa31dfb5;68628c74ef4a5f07;49f41a280fd5a71d;0ff5797863383e08;5f791188bce30bef;cb1bbc4efcee44fa;4e423aabcee782c0;6ff336af9c6975de;348f89885a3ff46e;9741be0ed6e14146;45b568a387e0020f;e5f1b1f720154c0d;66b3c263d25d31d0;dc5dd6c85b7166dc;0652e81318d42e7d;dbf8afdd07d1cc0a;7cadb660008a09fd;dba99390d1e788b9;30e40b3bf3f05aec;9bf8d2a5492bd480;7a233c7516548aa2;9265e951d3d8aaeb;9eaa2e4971732a9d;bc0377d00eaceeff;9fb20edfadb89d6b;aa128bb84ecbbef5
proxy,calibration,SocialGood:h3:f1:o446,446,1,0,32,32,,27bd692549b07d9d;d039463184a42fbc;0dc9c6d5981bb263;1f269fcf02dc030f;2feed2be3007580d;72303d4e37b54536;9cc92b3fdea27018;be8ad9bbeafe2b8b;090643275f8a2d7b;60de953f2c22eff4;88265f9b1a16459c;d1948a93c8d5dcfb;2ef6173d5a66dbe0;70e1283761c856bf;4de322adfa31dfb5;68628c74ef4a5f07;49f41a280fd5a71d;0ff5797863383e08;5f791188bce30bef;cb1bbc4efcee44fa;4e423aabcee782c0;6ff336af9c6975de;348f89885a3ff46e;9741be0ed6e14146;45b568a387e0020f;e5f1b1f720154c0d;66b3c263d25d31d0;dc5dd6c85b7166dc;0652e81318d42e7d;dbf8afdd07d1cc0a;7cadb660008a09fd;dba99390d1e788b9
proxy,calibration,SocialGood:h3:f1:o447,447,1,0,32,32,,5337f8dfd9fbf956;45f5284c08de1b23;da5f448a0592d591;53939dd11c5582f5;67310ae894deb100;bf507cd617912ca9;53c9d65e45f1befb;d1de8bf31ed54334;27bd692549b07d9d;d039463184a42fbc;0dc9c6d5981bb263;1f269fcf02dc030f;2feed2be3007580d;72303d4e37b54536;9cc92b3fdea27018;be8ad9bbeafe2b8b;090643275f8a2d7b;60de953f2c22eff4;88265f9b1a16459c;d1948a93c8d5dcfb;2ef6173d5a66dbe0;70e1283761c856bf;4de322adfa31dfb5;68628c74ef4a5f07;49f41a280fd5a71d;0ff5797863383e08;5f791188bce30bef;cb1bbc4efcee44fa;4e423aabcee782c0;6ff336af9c6975de;348f89885a3ff46e;9741be0ed6e14146
proxy,calibration,SocialGood:h3:f1:o448,448,1,0,32,32,,78d9d4f800312bf6;e2e6e8fd18050779;266a374e17421c05;e2e007a9a30811d6;1b66ec6615e5b11f;e7e186b0a5676b17;67ae00e9cace954a;f553eaa92b7d3e51;5337f8dfd9fbf956;45f5284c08de1b23;da5f448a0592d591;53939dd11c5582f5;67310ae894deb100;bf507cd617912ca9;53c9d65e45f1befb;d1de8bf31ed54334;27bd692549b07d9d;d039463184a42fbc;0dc9c6d5981bb263;1f269fcf02dc030f;2feed2be3007580d;72303d4e37b54536;9cc92b3fdea27018;be8ad9bbeafe2b8b;090643275f8a2d7b;60de953f2c22eff4;88265f9b1a16459c;d1948a93c8d5dcfb;2ef6173d5a66dbe0;70e1283761c856bf;4de322adfa31dfb5;68628c74ef4a5f07
proxy,calibration,SocialGood:h3:f1:o449,449,1,0,32,32,,02363d4d4175a90c;96a9843cf8456879;432590c980fa3901;b57e82398e03bee9;13ad89f61e546325;d02f299b3b32773a;0631711af38debe7;370e6c9d0157ae1b;78d9d4f800312bf6;e2e6e8fd18050779;266a374e17421c05;e2e007a9a30811d6;1b66ec6615e5b11f;e7e186b0a5676b17;67ae00e9cace954a;f553eaa92b7d3e51;5337f8dfd9fbf956;45f5284c08de1b23;da5f448a0592d591;53939dd11c5582f5;67310ae894deb100;bf507cd617912ca9;53c9d65e45f1befb;d1de8bf31ed54334;27bd692549b07d9d;d039463184a42fbc;0dc9c6d5981bb263;1f269fcf02dc030f;2feed2be3007580d;72303d4e37b54536;9cc92b3fdea27018;be8ad9bbeafe2b8b
proxy,calibration,SocialGood:h3:f1:o450,450,1,0,32,32,,9e6002c09258142a;c81f9fcdd72a8555;42c61332e713dcce;d7ef33f9f2d7b542;14e0fa6cc6a65701;241562f3990d81ce;91c5daa71e2a6865;e3d30199fe24f8f3;8beff4b2842aeb72;f39a4381ab91e9a9;02363d4d4175a90c;96a9843cf8456879;432590c980fa3901;b57e82398e03bee9;13ad89f61e546325;d02f299b3b32773a;0631711af38debe7;370e6c9d0157ae1b;78d9d4f800312bf6;e2e6e8fd18050779;266a374e17421c05;e2e007a9a30811d6;1b66ec6615e5b11f;e7e186b0a5676b17;67ae00e9cace954a;f553eaa92b7d3e51;5337f8dfd9fbf956;45f5284c08de1b23;da5f448a0592d591;53939dd11c5582f5;67310ae894deb100;bf507cd617912ca9
proxy,calibration,SocialGood:h3:f1:o451,451,1,0,32,32,,595db92e111b5d35;1dce9966e61b46bf;b40625610fc91952;78f4e0ae3ba55f02;df5c0e48c40d337f;65f423fe7fe83712;e2c2d24d7ff61ba6;9e6002c09258142a;c81f9fcdd72a8555;42c61332e713dcce;d7ef33f9f2d7b542;14e0fa6cc6a65701;241562f3990d81ce;91c5daa71e2a6865;e3d30199fe24f8f3;8beff4b2842aeb72;f39a4381ab91e9a9;02363d4d4175a90c;96a9843cf8456879;432590c980fa3901;b57e82398e03bee9;13ad89f61e546325;d02f299b3b32773a;0631711af38debe7;370e6c9d0157ae1b;78d9d4f800312bf6;e2e6e8fd18050779;266a374e17421c05;e2e007a9a30811d6;1b66ec6615e5b11f;e7e186b0a5676b17;67ae00e9cace954a
proxy,calibration,SocialGood:h3:f1:o452,452,1,0,32,32,,6ab7113210ec0f09;fad18fd128ef006c;149342abbd300240;9440f4c589f4a28d;63927601b808c223;edf522518e5fd983;89c63faffe7680cb;f4b8d0fcb43013d0;595db92e111b5d35;1dce9966e61b46bf;b40625610fc91952;78f4e0ae3ba55f02;df5c0e48c40d337f;65f423fe7fe83712;e2c2d24d7ff61ba6;9e6002c09258142a;c81f9fcdd72a8555;42c61332e713dcce;d7ef33f9f2d7b542;14e0fa6cc6a65701;241562f3990d81ce;91c5daa71e2a6865;e3d30199fe24f8f3;8beff4b2842aeb72;f39a4381ab91e9a9;02363d4d4175a90c;96a9843cf8456879;432590c980fa3901;b57e82398e03bee9;13ad89f61e546325;d02f299b3b32773a;0631711af38debe7
proxy,calibration,SocialGood:h3:f1:o453,453,1,0,32,32,,7b103ca9c5bf29ac;caa067e48adc0fb3;30d7544316b71919;d68270ba3a380db5;2fcf580e5acfa190;c9abfefa824d6815;8fbb2209d7b8f4d8;c317a653b2f272c3;11184684511655d6;3e2be57d111b6f8f;6ab7113210ec0f09;fad18fd128ef006c;149342abbd300240;9440f4c589f4a28d;63927601b808c223;edf522518e5fd983;89c63faffe7680cb;f4b8d0fcb43013d0;595db92e111b5d35;1dce9966e61b46bf;b40625610fc91952;78f4e0ae3ba55f02;df5c0e48c40d337f;65f423fe7fe83712;e2c2d24d7ff61ba6;9e6002c09258142a;c81f9fcdd72a8555;42c61332e713dcce;d7ef33f9f2d7b542;14e0fa6cc6a65701;241562f3990d81ce;91c5daa71e2a6865
proxy,calibration,SocialGood:h3:f1:o454,454,1,0,32,32,,774a24a555363f50;9513540f027c88a8;c8d4443084fa6460;e69e16a9f9d2b896;b60994163e2a6f4f;fc01c548eeac056c;3c86bb9ed925a37a;43b7baa0758dff9c;7b103ca9c5bf29ac;caa067e48adc0fb3;30d7544316b71919;d68270ba3a380db5;2fcf580e5acfa190;c9abfefa824d6815;8fbb2209d7b8f4d8;c317a653b2f272c3;11184684511655d6;3e2be57d111b6f8f;6ab7113210ec0f09;fad18fd128ef006c;149342abbd300240;9440f4c589f4a28d;63927601b808c223;edf522518e5fd983;89c63faffe7680cb;f4b8d0fcb43013d0;595db92e111b5d35;1dce9966e61b46bf;b40625610fc91952;78f4e0ae3ba55f02;df5c0e48c40d337f;65f423fe7fe83712
proxy,calibration,SocialGood:h3:f1:o455,455,1,0,32,32,,2d5a4f11128f9eb8;3dda9c7dfacbfdbc;096ee12ded58dd82;edc2e942c1875927;b46b8206360e912b;47d5fc530c4afe06;c1ece9ebe178bb4e;774a24a555363f50;9513540f027c88a8;c8d4443084fa6460;e69e16a9f9d2b896;b60994163e2a6f4f;fc01c548eeac056c;3c86bb9ed925a37a;43b7baa0758dff9c;7b103ca9c5bf29ac;caa067e48adc0fb3;30d7544316b71919;d68270ba3a380db5;2fcf580e5acfa190;c9abfefa824d6815;8fbb2209d7b8f4d8;c317a653b2f272c3;11184684511655d6;3e2be57d111b6f8f;6ab7113210ec0f09;fad18fd128ef006c;149342abbd300240;9440f4c589f4a28d;63927601b808c223;edf522518e5fd983;89c63faffe7680cb
proxy,decision,SocialGood:h3:f1:o458,458,1,0,32,32,,0ff1fb5359eec6b3;131c1ba437080b5a;5aeff3989744d001;f40a7890479062d7;8e201d2f9c10995e;772c7df90c79d72b;7cff001f290e26dc;b4c747265aa55ef1;e11efc49c091ead1;fdf754dd4e082636;29e35175f38b56b7;94cb57771c591bed;d6512fd4bdd11783;330500aa98579c87;28f0dd3f541d2877;6b5998c4e283289b;15046b548468ed7a;64adc0c1411d948d;a7f2803950fcbeed;ed9349d25754a3f1;0ff9b9b4f2a7e3e3;5639f5dbe2b2c157;2d5a4f11128f9eb8;3dda9c7dfacbfdbc;096ee12ded58dd82;edc2e942c1875927;b46b8206360e912b;47d5fc530c4afe06;c1ece9ebe178bb4e;774a24a555363f50;9513540f027c88a8;c8d4443084fa6460
proxy,decision,SocialGood:h3:f1:o459,459,1,0,32,32,,8a197c43a3ceb7b4;06721dd63e3a778f;37042e76fd4cff1c;f26fbc7825aada09;f387278f6ebb09a2;4857082dc584bd56;554942d72e31a966;3657291398742f31;53fb3284d31575cf;0ff1fb5359eec6b3;131c1ba437080b5a;5aeff3989744d001;f40a7890479062d7;8e201d2f9c10995e;772c7df90c79d72b;7cff001f290e26dc;b4c747265aa55ef1;e11efc49c091ead1;fdf754dd4e082636;29e35175f38b56b7;94cb57771c591bed;d6512fd4bdd11783;330500aa98579c87;28f0dd3f541d2877;6b5998c4e283289b;15046b548468ed7a;64adc0c1411d948d;a7f2803950fcbeed;ed9349d25754a3f1;0ff9b9b4f2a7e3e3;5639f5dbe2b2c157;2d5a4f11128f9eb8
proxy,decision,SocialGood:h3:f1:o460,460,1,0,32,32,,36c2802b621c290f;6d65d0baeef9c7ed;ac63c747f55835bd;c296fc04c714ab25;0d9366b68797b849;6cd58d49ca4e82c4;8a197c43a3ceb7b4;06721dd63e3a778f;37042e76fd4cff1c;f26fbc7825aada09;f387278f6ebb09a2;4857082dc584bd56;554942d72e31a966;3657291398742f31;53fb3284d31575cf;0ff1fb5359eec6b3;131c1ba437080b5a;5aeff3989744d001;f40a7890479062d7;8e201d2f9c10995e;772c7df90c79d72b;7cff001f290e26dc;b4c747265aa55ef1;e11efc49c091ead1;fdf754dd4e082636;29e35175f38b56b7;94cb57771c591bed;d6512fd4bdd11783;330500aa98579c87;28f0dd3f541d2877;6b5998c4e283289b;15046b548468ed7a
proxy,decision,SocialGood:h3:f1:o461,461,1,0,32,32,,63b730c352b9c322;adf54ab2a5918e95;1fb31de3f5e844f1;20d13f0472edead3;6677db5fbc872a7c;b6a20d317b68749a;71888052dbdc19f4;36c2802b621c290f;6d65d0baeef9c7ed;ac63c747f55835bd;c296fc04c714ab25;0d9366b68797b849;6cd58d49ca4e82c4;8a197c43a3ceb7b4;06721dd63e3a778f;37042e76fd4cff1c;f26fbc7825aada09;f387278f6ebb09a2;4857082dc584bd56;554942d72e31a966;3657291398742f31;53fb3284d31575cf;0ff1fb5359eec6b3;131c1ba437080b5a;5aeff3989744d001;f40a7890479062d7;8e201d2f9c10995e;772c7df90c79d72b;7cff001f290e26dc;b4c747265aa55ef1;e11efc49c091ead1;fdf754dd4e082636
proxy,decision,SocialGood:h3:f1:o462,462,1,0,32,32,,5355833a660328a6;e0f88464ae4abe6e;017a6a143bf4b2c3;9e00fb156017108d;1505e6454b0957e7;74b4b6f34e0ac762;dd0f5d5b703e811c;f7819db8b8a381cc;63b730c352b9c322;adf54ab2a5918e95;1fb31de3f5e844f1;20d13f0472edead3;6677db5fbc872a7c;b6a20d317b68749a;71888052dbdc19f4;36c2802b621c290f;6d65d0baeef9c7ed;ac63c747f55835bd;c296fc04c714ab25;0d9366b68797b849;6cd58d49ca4e82c4;8a197c43a3ceb7b4;06721dd63e3a778f;37042e76fd4cff1c;f26fbc7825aada09;f387278f6ebb09a2;4857082dc584bd56;554942d72e31a966;3657291398742f31;53fb3284d31575cf;0ff1fb5359eec6b3;131c1ba437080b5a
proxy,decision,SocialGood:h3:f1:o463,463,1,0,32,32,,a80b3f813b52e293;241b80afba45f0d9;6bc48f590ad77252;0c1d9c0830af96c1;4633d0b80835cf79;d596cccd47a1841a;fc02aa2003b9eff1;5355833a660328a6;e0f88464ae4abe6e;017a6a143bf4b2c3;9e00fb156017108d;1505e6454b0957e7;74b4b6f34e0ac762;dd0f5d5b703e811c;f7819db8b8a381cc;63b730c352b9c322;adf54ab2a5918e95;1fb31de3f5e844f1;20d13f0472edead3;6677db5fbc872a7c;b6a20d317b68749a;71888052dbdc19f4;36c2802b621c290f;6d65d0baeef9c7ed;ac63c747f55835bd;c296fc04c714ab25;0d9366b68797b849;6cd58d49ca4e82c4;8a197c43a3ceb7b4;06721dd63e3a778f;37042e76fd4cff1c;f26fbc7825aada09
proxy,decision,SocialGood:h3:f1:o464,464,1,0,32,32,,31b126520cfa3ee6;b73ae575eff33d3a;4c8ee3245527eea3;3c8405d279f118ef;666cbaf3a05893e4;f41ea08ca134d58d;f664f55e71b25251;3ca233b8ad965399;dc89dfa84d3402fb;a80b3f813b52e293;241b80afba45f0d9;6bc48f590ad77252;0c1d9c0830af96c1;4633d0b80835cf79;d596cccd47a1841a;fc02aa2003b9eff1;5355833a660328a6;e0f88464ae4abe6e;017a6a143bf4b2c3;9e00fb156017108d;1505e6454b0957e7;74b4b6f34e0ac762;dd0f5d5b703e811c;f7819db8b8a381cc;63b730c352b9c322;adf54ab2a5918e95;1fb31de3f5e844f1;20d13f0472edead3;6677db5fbc872a7c;b6a20d317b68749a;71888052dbdc19f4;36c2802b621c290f
proxy,decision,SocialGood:h3:f1:o465,465,1,0,32,32,,9746bb425c9707a8;f06263548e47118a;3788d34ac2fa7dcb;8a081ff9ec396bf6;c45a4afb51e7c854;3d358c77a3030f85;515b981413a62383;31b126520cfa3ee6;b73ae575eff33d3a;4c8ee3245527eea3;3c8405d279f118ef;666cbaf3a05893e4;f41ea08ca134d58d;f664f55e71b25251;3ca233b8ad965399;dc89dfa84d3402fb;a80b3f813b52e293;241b80afba45f0d9;6bc48f590ad77252;0c1d9c0830af96c1;4633d0b80835cf79;d596cccd47a1841a;fc02aa2003b9eff1;5355833a660328a6;e0f88464ae4abe6e;017a6a143bf4b2c3;9e00fb156017108d;1505e6454b0957e7;74b4b6f34e0ac762;dd0f5d5b703e811c;f7819db8b8a381cc;63b730c352b9c322
proxy,decision,SocialGood:h3:f1:o466,466,1,0,32,32,,031926880365419a;392dee08117d2835;8cab5340d678d918;a809da5b94a3a34f;402d5ad5cd267124;4d92527706d5b89d;1ef59e8c6c4c60ed;9746bb425c9707a8;f06263548e47118a;3788d34ac2fa7dcb;8a081ff9ec396bf6;c45a4afb51e7c854;3d358c77a3030f85;515b981413a62383;31b126520cfa3ee6;b73ae575eff33d3a;4c8ee3245527eea3;3c8405d279f118ef;666cbaf3a05893e4;f41ea08ca134d58d;f664f55e71b25251;3ca233b8ad965399;dc89dfa84d3402fb;a80b3f813b52e293;241b80afba45f0d9;6bc48f590ad77252;0c1d9c0830af96c1;4633d0b80835cf79;d596cccd47a1841a;fc02aa2003b9eff1;5355833a660328a6;e0f88464ae4abe6e
proxy,decision,SocialGood:h3:f1:o467,467,1,0,32,32,,af79e12d4aeb2414;bc6d64ee58946bf6;2ed0514d353ab962;35b0156becf094d0;9e47f257edcc5e0c;b47d2cad98670d6a;1d8ee250667968a5;5c4781c61d18382b;69b807ba61d6bcd3;c44f4526e3a7509d;031926880365419a;392dee08117d2835;8cab5340d678d918;a809da5b94a3a34f;402d5ad5cd267124;4d92527706d5b89d;1ef59e8c6c4c60ed;9746bb425c9707a8;f06263548e47118a;3788d34ac2fa7dcb;8a081ff9ec396bf6;c45a4afb51e7c854;3d358c77a3030f85;515b981413a62383;31b126520cfa3ee6;b73ae575eff33d3a;4c8ee3245527eea3;3c8405d279f118ef;666cbaf3a05893e4;f41ea08ca134d58d;f664f55e71b25251;3ca233b8ad965399
proxy,decision,SocialGood:h3:f1:o468,468,1,0,32,32,,aa7cd64d68e0ff1b;bc4cdda39e863c77;2b0ffe599f284af7;2bf52dd1e3ffbb52;187c090572ea30bc;567f8d6567dbfded;8e4465e08d1f54a1;aeec90653c559c5e;af79e12d4aeb2414;bc6d64ee58946bf6;2ed0514d353ab962;35b0156becf094d0;9e47f257edcc5e0c;b47d2cad98670d6a;1d8ee250667968a5;5c4781c61d18382b;69b807ba61d6bcd3;c44f4526e3a7509d;031926880365419a;392dee08117d2835;8cab5340d678d918;a809da5b94a3a34f;402d5ad5cd267124;4d92527706d5b89d;1ef59e8c6c4c60ed;9746bb425c9707a8;f06263548e47118a;3788d34ac2fa7dcb;8a081ff9ec396bf6;c45a4afb51e7c854;3d358c77a3030f85;515b981413a62383
proxy,decision,SocialGood:h3:f1:o469,469,1,0,32,32,,73b752c1352af86b;ad11a439326e2cca;6b884ee62c4bf7a7;70d3a5124b86fd37;91494dfd35254a17;a681733a2fd7083d;947215203e0bf16f;9ce9bf208e434ce1;aa7cd64d68e0ff1b;bc4cdda39e863c77;2b0ffe599f284af7;2bf52dd1e3ffbb52;187c090572ea30bc;567f8d6567dbfded;8e4465e08d1f54a1;aeec90653c559c5e;af79e12d4aeb2414;bc6d64ee58946bf6;2ed0514d353ab962;35b0156becf094d0;9e47f257edcc5e0c;b47d2cad98670d6a;1d8ee250667968a5;5c4781c61d18382b;69b807ba61d6bcd3;c44f4526e3a7509d;031926880365419a;392dee08117d2835;8cab5340d678d918;a809da5b94a3a34f;402d5ad5cd267124;4d92527706d5b89d
proxy,decision,SocialGood:h3:f1:o470,470,1,0,32,32,,a832a290f7a370e0;52957b1e14045b1f;8d56319dbb6d20c5;b7b10eba6ea18499;303f546607ad86b0;db68faba4b484f39;73b752c1352af86b;ad11a439326e2cca;6b884ee62c4bf7a7;70d3a5124b86fd37;91494dfd35254a17;a681733a2fd7083d;947215203e0bf16f;9ce9bf208e434ce1;aa7cd64d68e0ff1b;bc4cdda39e863c77;2b0ffe599f284af7;2bf52dd1e3ffbb52;187c090572ea30bc;567f8d6567dbfded;8e4465e08d1f54a1;aeec90653c559c5e;af79e12d4aeb2414;bc6d64ee58946bf6;2ed0514d353ab962;35b0156becf094d0;9e47f257edcc5e0c;b47d2cad98670d6a;1d8ee250667968a5;5c4781c61d18382b;69b807ba61d6bcd3;c44f4526e3a7509d
proxy,decision,SocialGood:h3:f1:o471,471,1,0,32,32,,15bb57efcd42e754;f1c790bff84aa7b7;1faf4eaf2849f4ab;c7814ad49ed446fb;30101a93370503c6;bc68ac445d31b785;17d48c021b3d8561;d0140b4ef95d34e0;bcc08aca42b9cf21;f250e6e29d8a91c1;a832a290f7a370e0;52957b1e14045b1f;8d56319dbb6d20c5;b7b10eba6ea18499;303f546607ad86b0;db68faba4b484f39;73b752c1352af86b;ad11a439326e2cca;6b884ee62c4bf7a7;70d3a5124b86fd37;91494dfd35254a17;a681733a2fd7083d;947215203e0bf16f;9ce9bf208e434ce1;aa7cd64d68e0ff1b;bc4cdda39e863c77;2b0ffe599f284af7;2bf52dd1e3ffbb52;187c090572ea30bc;567f8d6567dbfded;8e4465e08d1f54a1;aeec90653c559c5e
proxy,decision,SocialGood:h3:f1:o472,472,1,0,32,32,,3652cd8163a56b07;519cef5ff8116135;32f20079d8cb5579;81fc856f69d313c1;881bde041a46f1ae;dfac5dfdc7bae515;38e6faa73f9b55c7;e214f48ea8d150ef;15bb57efcd42e754;f1c790bff84aa7b7;1faf4eaf2849f4ab;c7814ad49ed446fb;30101a93370503c6;bc68ac445d31b785;17d48c021b3d8561;d0140b4ef95d34e0;bcc08aca42b9cf21;f250e6e29d8a91c1;a832a290f7a370e0;52957b1e14045b1f;8d56319dbb6d20c5;b7b10eba6ea18499;303f546607ad86b0;db68faba4b484f39;73b752c1352af86b;ad11a439326e2cca;6b884ee62c4bf7a7;70d3a5124b86fd37;91494dfd35254a17;a681733a2fd7083d;947215203e0bf16f;9ce9bf208e434ce1
proxy,decision,SocialGood:h3:f1:o473,473,1,0,32,32,,04e6f7c6236035ee;dc005d273a85c1ba;81967919a1695bcf;d3774a4f522ac764;f2da78c5b93a2fc2;61fcbc1510cfa300;c0a8310725b3c67f;10c3357e96212b3c;f0227890ba49ff01;3652cd8163a56b07;519cef5ff8116135;32f20079d8cb5579;81fc856f69d313c1;881bde041a46f1ae;dfac5dfdc7bae515;38e6faa73f9b55c7;e214f48ea8d150ef;15bb57efcd42e754;f1c790bff84aa7b7;1faf4eaf2849f4ab;c7814ad49ed446fb;30101a93370503c6;bc68ac445d31b785;17d48c021b3d8561;d0140b4ef95d34e0;bcc08aca42b9cf21;f250e6e29d8a91c1;a832a290f7a370e0;52957b1e14045b1f;8d56319dbb6d20c5;b7b10eba6ea18499;303f546607ad86b0
proxy,decision,SocialGood:h3:f1:o474,474,1,0,32,32,,8b1f00833a7c217d;1093127f2e758322;7539fec2673b5ef0;477b4a8c320bf0ed;a6f6625655639488;020eba3fb2615802;c8947a0c84388323;04e6f7c6236035ee;dc005d273a85c1ba;81967919a1695bcf;d3774a4f522ac764;f2da78c5b93a2fc2;61fcbc1510cfa300;c0a8310725b3c67f;10c3357e96212b3c;f0227890ba49ff01;3652cd8163a56b07;519cef5ff8116135;32f20079d8cb5579;81fc856f69d313c1;881bde041a46f1ae;dfac5dfdc7bae515;38e6faa73f9b55c7;e214f48ea8d150ef;15bb57efcd42e754;f1c790bff84aa7b7;1faf4eaf2849f4ab;c7814ad49ed446fb;30101a93370503c6;bc68ac445d31b785;17d48c021b3d8561;d0140b4ef95d34e0
proxy,decision,SocialGood:h3:f1:o475,475,1,0,32,32,,60c7e3aeeab8e6a7;a662bcccabc03209;002adfdd61303426;ec35190396f1b20c;101d1f76dc19956a;3bb06af750b647ec;207166ec0eaaf576;ffa5fcd7adef5195;8b1f00833a7c217d;1093127f2e758322;7539fec2673b5ef0;477b4a8c320bf0ed;a6f6625655639488;020eba3fb2615802;c8947a0c84388323;04e6f7c6236035ee;dc005d273a85c1ba;81967919a1695bcf;d3774a4f522ac764;f2da78c5b93a2fc2;61fcbc1510cfa300;c0a8310725b3c67f;10c3357e96212b3c;f0227890ba49ff01;3652cd8163a56b07;519cef5ff8116135;32f20079d8cb5579;81fc856f69d313c1;881bde041a46f1ae;dfac5dfdc7bae515;38e6faa73f9b55c7;e214f48ea8d150ef
proxy,decision,SocialGood:h3:f1:o476,476,1,0,32,32,,4ac7953ad1e05416;500488014cad380e;d3546fb4c6142ac9;edd7ffb42c8ced73;97c000e22be35698;37862809ee3d0272;9f511d8b2ceab2f5;60c7e3aeeab8e6a7;a662bcccabc03209;002adfdd61303426;ec35190396f1b20c;101d1f76dc19956a;3bb06af750b647ec;207166ec0eaaf576;ffa5fcd7adef5195;8b1f00833a7c217d;1093127f2e758322;7539fec2673b5ef0;477b4a8c320bf0ed;a6f6625655639488;020eba3fb2615802;c8947a0c84388323;04e6f7c6236035ee;dc005d273a85c1ba;81967919a1695bcf;d3774a4f522ac764;f2da78c5b93a2fc2;61fcbc1510cfa300;c0a8310725b3c67f;10c3357e96212b3c;f0227890ba49ff01;3652cd8163a56b07
proxy,decision,SocialGood:h3:f1:o477,477,1,0,32,32,,63ab10bca69f4c4d;93b7b71c7550754b;dd40767edf689c21;f2112de5ec2e2433;0593c7877f6c641a;6938e7d2e9db6cca;4f35d8b30f939682;c6fd7ba4c2623218;4ac7953ad1e05416;500488014cad380e;d3546fb4c6142ac9;edd7ffb42c8ced73;97c000e22be35698;37862809ee3d0272;9f511d8b2ceab2f5;60c7e3aeeab8e6a7;a662bcccabc03209;002adfdd61303426;ec35190396f1b20c;101d1f76dc19956a;3bb06af750b647ec;207166ec0eaaf576;ffa5fcd7adef5195;8b1f00833a7c217d;1093127f2e758322;7539fec2673b5ef0;477b4a8c320bf0ed;a6f6625655639488;020eba3fb2615802;c8947a0c84388323;04e6f7c6236035ee;dc005d273a85c1ba
proxy,decision,SocialGood:h3:f1:o478,478,1,0,32,32,,07dcab0f4096b4bf;a3440be6543231a3;d7cfb39461907e64;49efdea9592087d6;d434c9e0d67f0b3a;b85cb1503e65c57b;c973b12f7e9d5841;63ab10bca69f4c4d;93b7b71c7550754b;dd40767edf689c21;f2112de5ec2e2433;0593c7877f6c641a;6938e7d2e9db6cca;4f35d8b30f939682;c6fd7ba4c2623218;4ac7953ad1e05416;500488014cad380e;d3546fb4c6142ac9;edd7ffb42c8ced73;97c000e22be35698;37862809ee3d0272;9f511d8b2ceab2f5;60c7e3aeeab8e6a7;a662bcccabc03209;002adfdd61303426;ec35190396f1b20c;101d1f76dc19956a;3bb06af750b647ec;207166ec0eaaf576;ffa5fcd7adef5195;8b1f00833a7c217d;1093127f2e758322
proxy,decision,SocialGood:h3:f1:o479,479,1,0,32,32,,18a91b3cc6971edb;9aef15404e7a0217;af47699a808febfd;5ff6fdad9012c040;6d67efad1cfc3396;32fec5182d6c1b21;abe09424e4a44989;634d57f40461bd08;69e8b2e02fdba060;07dcab0f4096b4bf;a3440be6543231a3;d7cfb39461907e64;49efdea9592087d6;d434c9e0d67f0b3a;b85cb1503e65c57b;c973b12f7e9d5841;63ab10bca69f4c4d;93b7b71c7550754b;dd40767edf689c21;f2112de5ec2e2433;0593c7877f6c641a;6938e7d2e9db6cca;4f35d8b30f939682;c6fd7ba4c2623218;4ac7953ad1e05416;500488014cad380e;d3546fb4c6142ac9;edd7ffb42c8ced73;97c000e22be35698;37862809ee3d0272;9f511d8b2ceab2f5;60c7e3aeeab8e6a7
proxy,decision,SocialGood:h3:f1:o480,480,1,0,32,32,,4f9454149d1fb56b;9523aa29e1700ed2;55a816df4b70c924;f9fba3b0682a1d92;54a5c96d620adf40;92035bd910b57d9c;2e9f390d5f103fe8;8de7d98f10caf43e;18a91b3cc6971edb;9aef15404e7a0217;af47699a808febfd;5ff6fdad9012c040;6d67efad1cfc3396;32fec5182d6c1b21;abe09424e4a44989;634d57f40461bd08;69e8b2e02fdba060;07dcab0f4096b4bf;a3440be6543231a3;d7cfb39461907e64;49efdea9592087d6;d434c9e0d67f0b3a;b85cb1503e65c57b;c973b12f7e9d5841;63ab10bca69f4c4d;93b7b71c7550754b;dd40767edf689c21;f2112de5ec2e2433;0593c7877f6c641a;6938e7d2e9db6cca;4f35d8b30f939682;c6fd7ba4c2623218
proxy,decision,SocialGood:h3:f1:o481,481,1,0,32,32,,f078040aad8004ee;091fdd64386bf0a8;ac5a6d208c5e60a6;41bc0a1a81665be5;95d36779853409ec;ceb8f0ea17e981ec;7ec7b59d2ff22eb4;b248f4eaa0e35791;4f9454149d1fb56b;9523aa29e1700ed2;55a816df4b70c924;f9fba3b0682a1d92;54a5c96d620adf40;92035bd910b57d9c;2e9f390d5f103fe8;8de7d98f10caf43e;18a91b3cc6971edb;9aef15404e7a0217;af47699a808febfd;5ff6fdad9012c040;6d67efad1cfc3396;32fec5182d6c1b21;abe09424e4a44989;634d57f40461bd08;69e8b2e02fdba060;07dcab0f4096b4bf;a3440be6543231a3;d7cfb39461907e64;49efdea9592087d6;d434c9e0d67f0b3a;b85cb1503e65c57b;c973b12f7e9d5841
proxy,decision,SocialGood:h3:f1:o482,482,1,0,32,32,,007ac932d678ec2e;660c33d5ccb1844b;00d45642cf74b6a4;4afe4b7e0cfc6806;39ed014abda63ad0;e57fd85b78249d9b;231e9da8bc435d74;a030bebefd37840a;f078040aad8004ee;091fdd64386bf0a8;ac5a6d208c5e60a6;41bc0a1a81665be5;95d36779853409ec;ceb8f0ea17e981ec;7ec7b59d2ff22eb4;b248f4eaa0e35791;4f9454149d1fb56b;9523aa29e1700ed2;55a816df4b70c924;f9fba3b0682a1d92;54a5c96d620adf40;92035bd910b57d9c;2e9f390d5f103fe8;8de7d98f10caf43e;18a91b3cc6971edb;9aef15404e7a0217;af47699a808febfd;5ff6fdad9012c040;6d67efad1cfc3396;32fec5182d6c1b21;abe09424e4a44989;634d57f40461bd08
proxy,decision,SocialGood:h3:f1:o483,483,1,0,32,32,,633ab6699720dcb7;b68fd0846bb2b6e2;3d80569f2fd3ab91;8e5867e576e74863;af5c3e7dee416d95;d6e406e05007f18b;007ac932d678ec2e;660c33d5ccb1844b;00d45642cf74b6a4;4afe4b7e0cfc6806;39ed014abda63ad0;e57fd85b78249d9b;231e9da8bc435d74;a030bebefd37840a;f078040aad8004ee;091fdd64386bf0a8;ac5a6d208c5e60a6;41bc0a1a81665be5;95d36779853409ec;ceb8f0ea17e981ec;7ec7b59d2ff22eb4;b248f4eaa0e35791;4f9454149d1fb56b;9523aa29e1700ed2;55a816df4b70c924;f9fba3b0682a1d92;54a5c96d620adf40;92035bd910b57d9c;2e9f390d5f103fe8;8de7d98f10caf43e;18a91b3cc6971edb;9aef15404e7a0217
proxy,decision,SocialGood:h3:f1:o484,484,1,0,32,32,,c7190ce55777fe0b;53bf432872958e34;7661d781dcf23ced;0a26cc3f7239d2bc;512be08c98f8f8b8;0eda6bf201ce3f41;d94665f3514d6f51;633ab6699720dcb7;b68fd0846bb2b6e2;3d80569f2fd3ab91;8e5867e576e74863;af5c3e7dee416d95;d6e406e05007f18b;007ac932d678ec2e;660c33d5ccb1844b;00d45642cf74b6a4;4afe4b7e0cfc6806;39ed014abda63ad0;e57fd85b78249d9b;231e9da8bc435d74;a030bebefd37840a;f078040aad8004ee;091fdd64386bf0a8;ac5a6d208c5e60a6;41bc0a1a81665be5;95d36779853409ec;ceb8f0ea17e981ec;7ec7b59d2ff22eb4;b248f4eaa0e35791;4f9454149d1fb56b;9523aa29e1700ed2;55a816df4b70c924
proxy,decision,SocialGood:h3:f1:o485,485,1,0,32,32,,2b376a5787033309;80b94cc837084f79;481ad4fdb5fd0b33;d738d53dc27e240b;247b75b738dd357e;6d0a85ee6442c83b;51c4338f7b453015;c9b7559e44103ff0;63501d37e9a9394b;c4483d53ccc6656e;c7190ce55777fe0b;53bf432872958e34;7661d781dcf23ced;0a26cc3f7239d2bc;512be08c98f8f8b8;0eda6bf201ce3f41;d94665f3514d6f51;633ab6699720dcb7;b68fd0846bb2b6e2;3d80569f2fd3ab91;8e5867e576e74863;af5c3e7dee416d95;d6e406e05007f18b;007ac932d678ec2e;660c33d5ccb1844b;00d45642cf74b6a4;4afe4b7e0cfc6806;39ed014abda63ad0;e57fd85b78249d9b;231e9da8bc435d74;a030bebefd37840a;f078040aad8004ee
proxy,decision,SocialGood:h3:f1:o486,486,1,0,32,32,,bd1101359022b46c;155ac1e04aff35c0;27120be6b81bbba1;a0d16ccffc148d7d;e55001f75ea34edc;1855881d0a81138a;b96d7d60175a6004;2b376a5787033309;80b94cc837084f79;481ad4fdb5fd0b33;d738d53dc27e240b;247b75b738dd357e;6d0a85ee6442c83b;51c4338f7b453015;c9b7559e44103ff0;63501d37e9a9394b;c4483d53ccc6656e;c7190ce55777fe0b;53bf432872958e34;7661d781dcf23ced;0a26cc3f7239d2bc;512be08c98f8f8b8;0eda6bf201ce3f41;d94665f3514d6f51;633ab6699720dcb7;b68fd0846bb2b6e2;3d80569f2fd3ab91;8e5867e576e74863;af5c3e7dee416d95;d6e406e05007f18b;007ac932d678ec2e;660c33d5ccb1844b
proxy,decision,SocialGood:h3:f1:o487,487,1,0,32,32,,2890fc388f0b380a;a0431956b5bbcddf;d53fe07f3ff86f4b;f4a69511a460062e;63f77fae9d7cdfd0;9cadb71003071160;ac32a73173984cf5;f11af701ebf595aa;4f8cbf72e033b671;7e58174783853d50;bd1101359022b46c;155ac1e04aff35c0;27120be6b81bbba1;a0d16ccffc148d7d;e55001f75ea34edc;1855881d0a81138a;b96d7d60175a6004;2b376a5787033309;80b94cc837084f79;481ad4fdb5fd0b33;d738d53dc27e240b;247b75b738dd357e;6d0a85ee6442c83b;51c4338f7b453015;c9b7559e44103ff0;63501d37e9a9394b;c4483d53ccc6656e;c7190ce55777fe0b;53bf432872958e34;7661d781dcf23ced;0a26cc3f7239d2bc;512be08c98f8f8b8
proxy,decision,SocialGood:h3:f1:o488,488,1,0,32,32,,c6fb85f9842baeb5;f1144d20c8ff1bbf;a8f7cff06272758e;d9dba2f8c2727985;93ab7fa5dd63107b;82feb9113ee35440;a3726c852cf34517;2890fc388f0b380a;a0431956b5bbcddf;d53fe07f3ff86f4b;f4a69511a460062e;63f77fae9d7cdfd0;9cadb71003071160;ac32a73173984cf5;f11af701ebf595aa;4f8cbf72e033b671;7e58174783853d50;bd1101359022b46c;155ac1e04aff35c0;27120be6b81bbba1;a0d16ccffc148d7d;e55001f75ea34edc;1855881d0a81138a;b96d7d60175a6004;2b376a5787033309;80b94cc837084f79;481ad4fdb5fd0b33;d738d53dc27e240b;247b75b738dd357e;6d0a85ee6442c83b;51c4338f7b453015;c9b7559e44103ff0
proxy,decision,SocialGood:h3:f1:o489,489,1,0,32,32,,0126e8bb4225b080;2d350c93737982ab;72529b0451f10c84;ad011e8643d49a34;0da73315b5764dcb;1011414d69efa105;ad256c2711e2feb3;c3a5979c2d9ae8f5;c6fb85f9842baeb5;f1144d20c8ff1bbf;a8f7cff06272758e;d9dba2f8c2727985;93ab7fa5dd63107b;82feb9113ee35440;a3726c852cf34517;2890fc388f0b380a;a0431956b5bbcddf;d53fe07f3ff86f4b;f4a69511a460062e;63f77fae9d7cdfd0;9cadb71003071160;ac32a73173984cf5;f11af701ebf595aa;4f8cbf72e033b671;7e58174783853d50;bd1101359022b46c;155ac1e04aff35c0;27120be6b81bbba1;a0d16ccffc148d7d;e55001f75ea34edc;1855881d0a81138a;b96d7d60175a6004
proxy,decision,SocialGood:h3:f1:o490,490,1,0,32,32,,3b0ae911f933c63a;5ec1e37d6d81b42d;85b3e943b1920eb5;a3203ec4ca8dedce;5c2c6e5ed746e776;9bb293d2a62d4be3;97a1b85b09df9ae5;19777435a37712be;3ba7d42d8274b930;0126e8bb4225b080;2d350c93737982ab;72529b0451f10c84;ad011e8643d49a34;0da73315b5764dcb;1011414d69efa105;ad256c2711e2feb3;c3a5979c2d9ae8f5;c6fb85f9842baeb5;f1144d20c8ff1bbf;a8f7cff06272758e;d9dba2f8c2727985;93ab7fa5dd63107b;82feb9113ee35440;a3726c852cf34517;2890fc388f0b380a;a0431956b5bbcddf;d53fe07f3ff86f4b;f4a69511a460062e;63f77fae9d7cdfd0;9cadb71003071160;ac32a73173984cf5;f11af701ebf595aa
proxy,decision,SocialGood:h3:f1:o491,491,1,0,32,32,,408c85a7c40d54e3;bf874f46f11f2ac9;a1b617844bd308d1;ee0df510f5249625;1bb5d596935473ac;47aff0798f65ade2;c34b50419d793fe4;dc062900da3de1ab;3b0ae911f933c63a;5ec1e37d6d81b42d;85b3e943b1920eb5;a3203ec4ca8dedce;5c2c6e5ed746e776;9bb293d2a62d4be3;97a1b85b09df9ae5;19777435a37712be;3ba7d42d8274b930;0126e8bb4225b080;2d350c93737982ab;72529b0451f10c84;ad011e8643d49a34;0da73315b5764dcb;1011414d69efa105;ad256c2711e2feb3;c3a5979c2d9ae8f5;c6fb85f9842baeb5;f1144d20c8ff1bbf;a8f7cff06272758e;d9dba2f8c2727985;93ab7fa5dd63107b;82feb9113ee35440;a3726c852cf34517
proxy,decision,SocialGood:h3:f1:o492,492,1,0,32,32,,8603a48c39a57ef6;a384d543cf6f6701;30e32ee192e94536;61a4617cafc365fb;f9d3afe1fc482182;362db749083c7e6d;8ddfcbaf346ede64;408c85a7c40d54e3;bf874f46f11f2ac9;a1b617844bd308d1;ee0df510f5249625;1bb5d596935473ac;47aff0798f65ade2;c34b50419d793fe4;dc062900da3de1ab;3b0ae911f933c63a;5ec1e37d6d81b42d;85b3e943b1920eb5;a3203ec4ca8dedce;5c2c6e5ed746e776;9bb293d2a62d4be3;97a1b85b09df9ae5;19777435a37712be;3ba7d42d8274b930;0126e8bb4225b080;2d350c93737982ab;72529b0451f10c84;ad011e8643d49a34;0da73315b5764dcb;1011414d69efa105;ad256c2711e2feb3;c3a5979c2d9ae8f5
proxy,decision,SocialGood:h3:f1:o493,493,1,0,32,32,,b57c89dceda5094b;994221545a63fe52;c1711f848cb47013;e326419b0abb0777;1b471887c71504db;3daa421cb2e7f2d5;5ea19d82f533c73a;8603a48c39a57ef6;a384d543cf6f6701;30e32ee192e94536;61a4617cafc365fb;f9d3afe1fc482182;362db749083c7e6d;8ddfcbaf346ede64;408c85a7c40d54e3;bf874f46f11f2ac9;a1b617844bd308d1;ee0df510f5249625;1bb5d596935473ac;47aff0798f65ade2;c34b50419d793fe4;dc062900da3de1ab;3b0ae911f933c63a;5ec1e37d6d81b42d;85b3e943b1920eb5;a3203ec4ca8dedce;5c2c6e5ed746e776;9bb293d2a62d4be3;97a1b85b09df9ae5;19777435a37712be;3ba7d42d8274b930;0126e8bb4225b080
proxy,decision,SocialGood:h3:f1:o494,494,1,0,32,32,,9fd49d8915c374dd;694da9247d76d32f;95f8985702b10358;1740b041f9bbf24f;7258a56d3bbaeb46;c710a34c1ca670aa;b57c89dceda5094b;994221545a63fe52;c1711f848cb47013;e326419b0abb0777;1b471887c71504db;3daa421cb2e7f2d5;5ea19d82f533c73a;8603a48c39a57ef6;a384d543cf6f6701;30e32ee192e94536;61a4617cafc365fb;f9d3afe1fc482182;362db749083c7e6d;8ddfcbaf346ede64;408c85a7c40d54e3;bf874f46f11f2ac9;a1b617844bd308d1;ee0df510f5249625;1bb5d596935473ac;47aff0798f65ade2;c34b50419d793fe4;dc062900da3de1ab;3b0ae911f933c63a;5ec1e37d6d81b42d;85b3e943b1920eb5;a3203ec4ca8dedce
proxy,decision,SocialGood:h3:f1:o495,495,1,0,32,32,,0ca1630c9f32ff53;85583835f449cd9a;8c6fc6256c5e7938;e89e1372305ad862;1a81f0f969aa5a4c;eaa8091a06807dc6;9fd49d8915c374dd;694da9247d76d32f;95f8985702b10358;1740b041f9bbf24f;7258a56d3bbaeb46;c710a34c1ca670aa;b57c89dceda5094b;994221545a63fe52;c1711f848cb47013;e326419b0abb0777;1b471887c71504db;3daa421cb2e7f2d5;5ea19d82f533c73a;8603a48c39a57ef6;a384d543cf6f6701;30e32ee192e94536;61a4617cafc365fb;f9d3afe1fc482182;362db749083c7e6d;8ddfcbaf346ede64;408c85a7c40d54e3;bf874f46f11f2ac9;a1b617844bd308d1;ee0df510f5249625;1bb5d596935473ac;47aff0798f65ade2
proxy,decision,SocialGood:h3:f1:o496,496,1,0,32,32,,f49a47f9f4e01343;9b06677ff7f60d0f;b4741ced4e6f6ada;f45a0442c51385a3;73fd69cdc4829b45;d18d9c8905e660e3;0ca1630c9f32ff53;85583835f449cd9a;8c6fc6256c5e7938;e89e1372305ad862;1a81f0f969aa5a4c;eaa8091a06807dc6;9fd49d8915c374dd;694da9247d76d32f;95f8985702b10358;1740b041f9bbf24f;7258a56d3bbaeb46;c710a34c1ca670aa;b57c89dceda5094b;994221545a63fe52;c1711f848cb47013;e326419b0abb0777;1b471887c71504db;3daa421cb2e7f2d5;5ea19d82f533c73a;8603a48c39a57ef6;a384d543cf6f6701;30e32ee192e94536;61a4617cafc365fb;f9d3afe1fc482182;362db749083c7e6d;8ddfcbaf346ede64
proxy,decision,SocialGood:h3:f1:o497,497,1,0,32,32,,7fdea7c924ca1ff8;9370e071869660f2;712c04e952bbca07;9b6b0f528b749352;d347a428d53804fd;f9a4060fa8cd343b;0e13e170063f8060;4da7b82f5dc822cf;f49a47f9f4e01343;9b06677ff7f60d0f;b4741ced4e6f6ada;f45a0442c51385a3;73fd69cdc4829b45;d18d9c8905e660e3;0ca1630c9f32ff53;85583835f449cd9a;8c6fc6256c5e7938;e89e1372305ad862;1a81f0f969aa5a4c;eaa8091a06807dc6;9fd49d8915c374dd;694da9247d76d32f;95f8985702b10358;1740b041f9bbf24f;7258a56d3bbaeb46;c710a34c1ca670aa;b57c89dceda5094b;994221545a63fe52;c1711f848cb47013;e326419b0abb0777;1b471887c71504db;3daa421cb2e7f2d5
proxy,decision,SocialGood:h3:f1:o498,498,1,0,32,32,,e3e2a6f8bf312db1;226b0ea51f91d766;893bf080c23670c6;a604f0eb9e9d7a69;e9a4e8f73e88c1de;aaf74db1baeebd6f;b7fc45510690b8d4;7fdea7c924ca1ff8;9370e071869660f2;712c04e952bbca07;9b6b0f528b749352;d347a428d53804fd;f9a4060fa8cd343b;0e13e170063f8060;4da7b82f5dc822cf;f49a47f9f4e01343;9b06677ff7f60d0f;b4741ced4e6f6ada;f45a0442c51385a3;73fd69cdc4829b45;d18d9c8905e660e3;0ca1630c9f32ff53;85583835f449cd9a;8c6fc6256c5e7938;e89e1372305ad862;1a81f0f969aa5a4c;eaa8091a06807dc6;9fd49d8915c374dd;694da9247d76d32f;95f8985702b10358;1740b041f9bbf24f;7258a56d3bbaeb46
proxy,decision,SocialGood:h3:f1:o499,499,1,0,32,32,,3e832330916c8097;7e8e0c018e6268e2;658c8a69b106e111;bcc7f7611434ffaa;1528be86f24b1131;e4233bafcfa945c5;6aa3732e3b6682d5;860bd110b90556d9;e3e2a6f8bf312db1;226b0ea51f91d766;893bf080c23670c6;a604f0eb9e9d7a69;e9a4e8f73e88c1de;aaf74db1baeebd6f;b7fc45510690b8d4;7fdea7c924ca1ff8;9370e071869660f2;712c04e952bbca07;9b6b0f528b749352;d347a428d53804fd;f9a4060fa8cd343b;0e13e170063f8060;4da7b82f5dc822cf;f49a47f9f4e01343;9b06677ff7f60d0f;b4741ced4e6f6ada;f45a0442c51385a3;73fd69cdc4829b45;d18d9c8905e660e3;0ca1630c9f32ff53;85583835f449cd9a;8c6fc6256c5e7938
proxy,decision,SocialGood:h3:f1:o500,500,1,0,32,32,,647e000981cfbb6b;570715cd4e3a1641;adf072c265129d35;0becc70c16a90b9b;f71db09a713e5086;d4d1a13f9da56301;fa7f025869c2cf4c;3e832330916c8097;7e8e0c018e6268e2;658c8a69b106e111;bcc7f7611434ffaa;1528be86f24b1131;e4233bafcfa945c5;6aa3732e3b6682d5;860bd110b90556d9;e3e2a6f8bf312db1;226b0ea51f91d766;893bf080c23670c6;a604f0eb9e9d7a69;e9a4e8f73e88c1de;aaf74db1baeebd6f;b7fc45510690b8d4;7fdea7c924ca1ff8;9370e071869660f2;712c04e952bbca07;9b6b0f528b749352;d347a428d53804fd;f9a4060fa8cd343b;0e13e170063f8060;4da7b82f5dc822cf;f49a47f9f4e01343;9b06677ff7f60d0f
proxy,decision,SocialGood:h3:f1:o501,501,1,0,32,32,,9cc5228a551d1e0e;c1ad14a03b30361d;f2208149c31de780;3e01eaa046e214ef;64e1921cd58ad06c;fd156e79b8e00e9e;647e000981cfbb6b;570715cd4e3a1641;adf072c265129d35;0becc70c16a90b9b;f71db09a713e5086;d4d1a13f9da56301;fa7f025869c2cf4c;3e832330916c8097;7e8e0c018e6268e2;658c8a69b106e111;bcc7f7611434ffaa;1528be86f24b1131;e4233bafcfa945c5;6aa3732e3b6682d5;860bd110b90556d9;e3e2a6f8bf312db1;226b0ea51f91d766;893bf080c23670c6;a604f0eb9e9d7a69;e9a4e8f73e88c1de;aaf74db1baeebd6f;b7fc45510690b8d4;7fdea7c924ca1ff8;9370e071869660f2;712c04e952bbca07;9b6b0f528b749352
proxy,decision,SocialGood:h3:f1:o502,502,1,0,32,32,,0bb208c5072cae0c;5ef1a867d8beaf68;80fd695c5d73fda8;35a3f6fc7f81279b;693ef4de28925a9f;280b1bb6f558b13f;e875dc1adab0c395;4fc04c3c7ad0d0ab;d27f45174bdd573e;9cc5228a551d1e0e;c1ad14a03b30361d;f2208149c31de780;3e01eaa046e214ef;64e1921cd58ad06c;fd156e79b8e00e9e;647e000981cfbb6b;570715cd4e3a1641;adf072c265129d35;0becc70c16a90b9b;f71db09a713e5086;d4d1a13f9da56301;fa7f025869c2cf4c;3e832330916c8097;7e8e0c018e6268e2;658c8a69b106e111;bcc7f7611434ffaa;1528be86f24b1131;e4233bafcfa945c5;6aa3732e3b6682d5;860bd110b90556d9;e3e2a6f8bf312db1;226b0ea51f91d766
proxy,decision,SocialGood:h3:f1:o503,503,1,0,32,32,,48e677aa8ff74968;d373580edec1a667;7a3f185b4e3f5646;d8e39c844e76b15a;1fc97ca428dc8be5;d0638e4b99e39532;512f22d85cb3c566;def040fed9c67757;0bb208c5072cae0c;5ef1a867d8beaf68;80fd695c5d73fda8;35a3f6fc7f81279b;693ef4de28925a9f;280b1bb6f558b13f;e875dc1adab0c395;4fc04c3c7ad0d0ab;d27f45174bdd573e;9cc5228a551d1e0e;c1ad14a03b30361d;f2208149c31de780;3e01eaa046e214ef;64e1921cd58ad06c;fd156e79b8e00e9e;647e000981cfbb6b;570715cd4e3a1641;adf072c265129d35;0becc70c16a90b9b;f71db09a713e5086;d4d1a13f9da56301;fa7f025869c2cf4c;3e832330916c8097;7e8e0c018e6268e2
proxy,decision,SocialGood:h3:f1:o504,504,1,0,32,32,,d4b6468b05da6097;7ce6854d5386a1c4;76d9119d63f20028;9140af5c3d538a49;7ab6b7793102b1bc;b44c40a4a55aed8b;a53f4093d2529d1e;48e677aa8ff74968;d373580edec1a667;7a3f185b4e3f5646;d8e39c844e76b15a;1fc97ca428dc8be5;d0638e4b99e39532;512f22d85cb3c566;def040fed9c67757;0bb208c5072cae0c;5ef1a867d8beaf68;80fd695c5d73fda8;35a3f6fc7f81279b;693ef4de28925a9f;280b1bb6f558b13f;e875dc1adab0c395;4fc04c3c7ad0d0ab;d27f45174bdd573e;9cc5228a551d1e0e;c1ad14a03b30361d;f2208149c31de780;3e01eaa046e214ef;64e1921cd58ad06c;fd156e79b8e00e9e;647e000981cfbb6b;570715cd4e3a1641
proxy,decision,SocialGood:h3:f1:o505,505,1,0,32,32,,7002365fea092e25;9ac4e0b8eff72818;d66a8360723ff474;b6e58e0e3f52f180;2d32bbe25a96f4cf;e35362fb5766416d;d4b6468b05da6097;7ce6854d5386a1c4;76d9119d63f20028;9140af5c3d538a49;7ab6b7793102b1bc;b44c40a4a55aed8b;a53f4093d2529d1e;48e677aa8ff74968;d373580edec1a667;7a3f185b4e3f5646;d8e39c844e76b15a;1fc97ca428dc8be5;d0638e4b99e39532;512f22d85cb3c566;def040fed9c67757;0bb208c5072cae0c;5ef1a867d8beaf68;80fd695c5d73fda8;35a3f6fc7f81279b;693ef4de28925a9f;280b1bb6f558b13f;e875dc1adab0c395;4fc04c3c7ad0d0ab;d27f45174bdd573e;9cc5228a551d1e0e;c1ad14a03b30361d
proxy,decision,SocialGood:h3:f1:o506,506,1,0,32,32,,2992c0fdf68757f1;4961f6d2835d34bc;24d43c3b338350d6;900ee54ee9d97dd1;21f2886295340990;b3739c81c0a11d3d;0bec08ea9e1bef6a;e504d9e500a9edaf;7002365fea092e25;9ac4e0b8eff72818;d66a8360723ff474;b6e58e0e3f52f180;2d32bbe25a96f4cf;e35362fb5766416d;d4b6468b05da6097;7ce6854d5386a1c4;76d9119d63f20028;9140af5c3d538a49;7ab6b7793102b1bc;b44c40a4a55aed8b;a53f4093d2529d1e;48e677aa8ff74968;d373580edec1a667;7a3f185b4e3f5646;d8e39c844e76b15a;1fc97ca428dc8be5;d0638e4b99e39532;512f22d85cb3c566;def040fed9c67757;0bb208c5072cae0c;5ef1a867d8beaf68;80fd695c5d73fda8
proxy,decision,SocialGood:h3:f1:o507,507,1,0,32,32,,05e370c2698d1543;499b5419e392145c;1cd7b23f6fa070c6;462c0de30812e317;01d610c8f19d5dc4;3678cff35f36ec36;4ba888610e3ced9c;bc813370a7f1abb1;2992c0fdf68757f1;4961f6d2835d34bc;24d43c3b338350d6;900ee54ee9d97dd1;21f2886295340990;b3739c81c0a11d3d;0bec08ea9e1bef6a;e504d9e500a9edaf;7002365fea092e25;9ac4e0b8eff72818;d66a8360723ff474;b6e58e0e3f52f180;2d32bbe25a96f4cf;e35362fb5766416d;d4b6468b05da6097;7ce6854d5386a1c4;76d9119d63f20028;9140af5c3d538a49;7ab6b7793102b1bc;b44c40a4a55aed8b;a53f4093d2529d1e;48e677aa8ff74968;d373580edec1a667;7a3f185b4e3f5646
proxy,decision,SocialGood:h3:f1:o508,508,1,0,32,32,,b4c42ba81fc707b1;f5cb05414dc6aa74;7ee730a4143c0fe2;9647456a0b63dab4;86dd070c595b8a88;d0078f98030c2136;214f8bdd7c07a4fc;472052b22211b78f;2de70f0412501726;30cb65bbb2105387;05e370c2698d1543;499b5419e392145c;1cd7b23f6fa070c6;462c0de30812e317;01d610c8f19d5dc4;3678cff35f36ec36;4ba888610e3ced9c;bc813370a7f1abb1;2992c0fdf68757f1;4961f6d2835d34bc;24d43c3b338350d6;900ee54ee9d97dd1;21f2886295340990;b3739c81c0a11d3d;0bec08ea9e1bef6a;e504d9e500a9edaf;7002365fea092e25;9ac4e0b8eff72818;d66a8360723ff474;b6e58e0e3f52f180;2d32bbe25a96f4cf;e35362fb5766416d
proxy,decision,SocialGood:h3:f1:o509,509,1,0,32,32,,79e787c01b47ece5;efcd4826cc60805c;0370d0498fe0457a;8d41a3e67c97fb55;4c29d6e028dc4985;fa67d91cf93a9f90;8c6f5924fc398292;c9a99ddc47cc7d3e;b4c42ba81fc707b1;f5cb05414dc6aa74;7ee730a4143c0fe2;9647456a0b63dab4;86dd070c595b8a88;d0078f98030c2136;214f8bdd7c07a4fc;472052b22211b78f;2de70f0412501726;30cb65bbb2105387;05e370c2698d1543;499b5419e392145c;1cd7b23f6fa070c6;462c0de30812e317;01d610c8f19d5dc4;3678cff35f36ec36;4ba888610e3ced9c;bc813370a7f1abb1;2992c0fdf68757f1;4961f6d2835d34bc;24d43c3b338350d6;900ee54ee9d97dd1;21f2886295340990;b3739c81c0a11d3d
proxy,decision,SocialGood:h3:f1:o510,510,1,0,32,32,,e4eaa61e909c99fd;222cf550004abff9;aa9cea599c851980;8cf274cc614d24a8;cbd28867abb0c2fa;f30c767f36b2a8fb;79e787c01b47ece5;efcd4826cc60805c;0370d0498fe0457a;8d41a3e67c97fb55;4c29d6e028dc4985;fa67d91cf93a9f90;8c6f5924fc398292;c9a99ddc47cc7d3e;b4c42ba81fc707b1;f5cb05414dc6aa74;7ee730a4143c0fe2;9647456a0b63dab4;86dd070c595b8a88;d0078f98030c2136;214f8bdd7c07a4fc;472052b22211b78f;2de70f0412501726;30cb65bbb2105387;05e370c2698d1543;499b5419e392145c;1cd7b23f6fa070c6;462c0de30812e317;01d610c8f19d5dc4;3678cff35f36ec36;4ba888610e3ced9c;bc813370a7f1abb1
proxy,decision,SocialGood:h3:f1:o511,511,1,0,32,32,,45330367fe4a7968;da36687bce34e7cf;3c4d89f11abea0f3;a2c728c5a160b01d;5b1bb7ba27cb3cdf;73e86ad788b7e64a;110e5409bd6800e1;4d4f9af261c1b770;c3e1c686513905ac;dd54165067fe8ab2;e4eaa61e909c99fd;222cf550004abff9;aa9cea599c851980;8cf274cc614d24a8;cbd28867abb0c2fa;f30c767f36b2a8fb;79e787c01b47ece5;efcd4826cc60805c;0370d0498fe0457a;8d41a3e67c97fb55;4c29d6e028dc4985;fa67d91cf93a9f90;8c6f5924fc398292;c9a99ddc47cc7d3e;b4c42ba81fc707b1;f5cb05414dc6aa74;7ee730a4143c0fe2;9647456a0b63dab4;86dd070c595b8a88;d0078f98030c2136;214f8bdd7c07a4fc;472052b22211b78f
proxy,decision,SocialGood:h3:f1:o512,512,1,0,32,32,,0b79813495d41905;d105020335359144;0ca6ce5067a02229;888d950fb4053546;839071f3d5f4bd7b;455a32ccf216d625;bf4a4b6bceb6039b;45330367fe4a7968;da36687bce34e7cf;3c4d89f11abea0f3;a2c728c5a160b01d;5b1bb7ba27cb3cdf;73e86ad788b7e64a;110e5409bd6800e1;4d4f9af261c1b770;c3e1c686513905ac;dd54165067fe8ab2;e4eaa61e909c99fd;222cf550004abff9;aa9cea599c851980;8cf274cc614d24a8;cbd28867abb0c2fa;f30c767f36b2a8fb;79e787c01b47ece5;efcd4826cc60805c;0370d0498fe0457a;8d41a3e67c97fb55;4c29d6e028dc4985;fa67d91cf93a9f90;8c6f5924fc398292;c9a99ddc47cc7d3e;b4c42ba81fc707b1
proxy,decision,SocialGood:h3:f1:o513,513,1,0,32,32,,aa01926c37c950f6;c99b241fdf7e7cd0;edb37cf43d0a9f3f;9e81873ccd96cb78;b99ed3f0967cba50;814e986516781714;e3134d11419b7298;1e22163942f58c80;ecd3d59804aaf13a;0b79813495d41905;d105020335359144;0ca6ce5067a02229;888d950fb4053546;839071f3d5f4bd7b;455a32ccf216d625;bf4a4b6bceb6039b;45330367fe4a7968;da36687bce34e7cf;3c4d89f11abea0f3;a2c728c5a160b01d;5b1bb7ba27cb3cdf;73e86ad788b7e64a;110e5409bd6800e1;4d4f9af261c1b770;c3e1c686513905ac;dd54165067fe8ab2;e4eaa61e909c99fd;222cf550004abff9;aa9cea599c851980;8cf274cc614d24a8;cbd28867abb0c2fa;f30c767f36b2a8fb
proxy,decision,SocialGood:h3:f1:o514,514,1,0,32,32,,075c8a1907eca89f;f2ad73c842f6bc5e;4c7a708da1b1326a;7f91e3b11bafda42;0aeef7ce09728d58;65c667f94413b4cb;c2cba6afd9b4231b;aa01926c37c950f6;c99b241fdf7e7cd0;edb37cf43d0a9f3f;9e81873ccd96cb78;b99ed3f0967cba50;814e986516781714;e3134d11419b7298;1e22163942f58c80;ecd3d59804aaf13a;0b79813495d41905;d105020335359144;0ca6ce5067a02229;888d950fb4053546;839071f3d5f4bd7b;455a32ccf216d625;bf4a4b6bceb6039b;45330367fe4a7968;da36687bce34e7cf;3c4d89f11abea0f3;a2c728c5a160b01d;5b1bb7ba27cb3cdf;73e86ad788b7e64a;110e5409bd6800e1;4d4f9af261c1b770;c3e1c686513905ac
proxy,decision,SocialGood:h3:f1:o515,515,1,0,32,32,,5befc267511162ca;cde2a2cfd0c8d91b;73301779be9e9b0e;fd6155e29405d450;1f9841b9afc16a26;cd89c3a1ced35e02;e91893ff711127e5;edfa3f94874842f3;075c8a1907eca89f;f2ad73c842f6bc5e;4c7a708da1b1326a;7f91e3b11bafda42;0aeef7ce09728d58;65c667f94413b4cb;c2cba6afd9b4231b;aa01926c37c950f6;c99b241fdf7e7cd0;edb37cf43d0a9f3f;9e81873ccd96cb78;b99ed3f0967cba50;814e986516781714;e3134d11419b7298;1e22163942f58c80;ecd3d59804aaf13a;0b79813495d41905;d105020335359144;0ca6ce5067a02229;888d950fb4053546;839071f3d5f4bd7b;455a32ccf216d625;bf4a4b6bceb6039b;45330367fe4a7968
proxy,decision,SocialGood:h3:f1:o516,516,1,0,32,32,,2f3123ab6f09d741;5e44c94b914a8965;b43179d8d98d3827;a39f842076b27277;c6773660c45f4b1e;6730f2bf604f8284;9866ba7de53493f8;5cc1601dbdd78097;6d84a48ff3d3dd2a;5befc267511162ca;cde2a2cfd0c8d91b;73301779be9e9b0e;fd6155e29405d450;1f9841b9afc16a26;cd89c3a1ced35e02;e91893ff711127e5;edfa3f94874842f3;075c8a1907eca89f;f2ad73c842f6bc5e;4c7a708da1b1326a;7f91e3b11bafda42;0aeef7ce09728d58;65c667f94413b4cb;c2cba6afd9b4231b;aa01926c37c950f6;c99b241fdf7e7cd0;edb37cf43d0a9f3f;9e81873ccd96cb78;b99ed3f0967cba50;814e986516781714;e3134d11419b7298;1e22163942f58c80
proxy,decision,SocialGood:h3:f1:o517,517,1,0,32,32,,926d9f9262edcc14;8786752179823358;f37d8798baa3d092;5e1d7f597c7e75f7;584a32126c9ef671;e15439a624cfc490;2f3123ab6f09d741;5e44c94b914a8965;b43179d8d98d3827;a39f842076b27277;c6773660c45f4b1e;6730f2bf604f8284;9866ba7de53493f8;5cc1601dbdd78097;6d84a48ff3d3dd2a;5befc267511162ca;cde2a2cfd0c8d91b;73301779be9e9b0e;fd6155e29405d450;1f9841b9afc16a26;cd89c3a1ced35e02;e91893ff711127e5;edfa3f94874842f3;075c8a1907eca89f;f2ad73c842f6bc5e;4c7a708da1b1326a;7f91e3b11bafda42;0aeef7ce09728d58;65c667f94413b4cb;c2cba6afd9b4231b;aa01926c37c950f6;c99b241fdf7e7cd0
proxy,decision,SocialGood:h3:f1:o518,518,1,0,32,32,,6cfd39e746af9417;fbfb34fd98cc4de6;4028ea85f7edc31f;4d0a6fb02f2d11db;2d8739938b84471d;b75f5090ca96e25f;233a1898e63d65f6;683bd0f8656efed5;926d9f9262edcc14;8786752179823358;f37d8798baa3d092;5e1d7f597c7e75f7;584a32126c9ef671;e15439a624cfc490;2f3123ab6f09d741;5e44c94b914a8965;b43179d8d98d3827;a39f842076b27277;c6773660c45f4b1e;6730f2bf604f8284;9866ba7de53493f8;5cc1601dbdd78097;6d84a48ff3d3dd2a;5befc267511162ca;cde2a2cfd0c8d91b;73301779be9e9b0e;fd6155e29405d450;1f9841b9afc16a26;cd89c3a1ced35e02;e91893ff711127e5;edfa3f94874842f3;075c8a1907eca89f
proxy,decision,SocialGood:h3:f1:o519,519,1,0,32,32,,3be9c9fe27accc60;8e1dbb116012256f;4aa0f6fe9216d754;4e1320ef4598681f;fdd59dabaeb74e49;13018406b7e41c46;529d88500e2d578e;01a57aa6c4634b0d;7bc3a5036aa0c5fc;6cfd39e746af9417;fbfb34fd98cc4de6;4028ea85f7edc31f;4d0a6fb02f2d11db;2d8739938b84471d;b75f5090ca96e25f;233a1898e63d65f6;683bd0f8656efed5;926d9f9262edcc14;8786752179823358;f37d8798baa3d092;5e1d7f597c7e75f7;584a32126c9ef671;e15439a624cfc490;2f3123ab6f09d741;5e44c94b914a8965;b43179d8d98d3827;a39f842076b27277;c6773660c45f4b1e;6730f2bf604f8284;9866ba7de53493f8;5cc1601dbdd78097;6d84a48ff3d3dd2a
proxy,decision,SocialGood:h3:f1:o520,520,1,0,32,32,,f7b10173d2f15d43;131e0ec091c1e7c4;533ab8df50b82b76;2c17eaf5a191e665;ace38633e499e626;ea2aa8b47a2b32f1;3be9c9fe27accc60;8e1dbb116012256f;4aa0f6fe9216d754;4e1320ef4598681f;fdd59dabaeb74e49;13018406b7e41c46;529d88500e2d578e;01a57aa6c4634b0d;7bc3a5036aa0c5fc;6cfd39e746af9417;fbfb34fd98cc4de6;4028ea85f7edc31f;4d0a6fb02f2d11db;2d8739938b84471d;b75f5090ca96e25f;233a1898e63d65f6;683bd0f8656efed5;926d9f9262edcc14;8786752179823358;f37d8798baa3d092;5e1d7f597c7e75f7;584a32126c9ef671;e15439a624cfc490;2f3123ab6f09d741;5e44c94b914a8965;b43179d8d98d3827
proxy,decision,SocialGood:h3:f1:o521,521,1,0,32,32,,558bcd7adb89e1c7;8a79eecb90720d98;0dfa4d43ddbbc280;d0bfe6ccceb80e31;83982e69a7e79798;b022d84c3b61ba80;2de76dfa0905ed73;8e11bdf9aed644f2;f7b10173d2f15d43;131e0ec091c1e7c4;533ab8df50b82b76;2c17eaf5a191e665;ace38633e499e626;ea2aa8b47a2b32f1;3be9c9fe27accc60;8e1dbb116012256f;4aa0f6fe9216d754;4e1320ef4598681f;fdd59dabaeb74e49;13018406b7e41c46;529d88500e2d578e;01a57aa6c4634b0d;7bc3a5036aa0c5fc;6cfd39e746af9417;fbfb34fd98cc4de6;4028ea85f7edc31f;4d0a6fb02f2d11db;2d8739938b84471d;b75f5090ca96e25f;233a1898e63d65f6;683bd0f8656efed5;926d9f9262edcc14
proxy,decision,SocialGood:h3:f1:o522,522,1,0,32,32,,df6fb13e03448aca;dbabd2f68a161cad;867afcb4de4d3a24;e7edccb24f880db3;1e9e708af7cfc88d;a506c6b294760b6b;558bcd7adb89e1c7;8a79eecb90720d98;0dfa4d43ddbbc280;d0bfe6ccceb80e31;83982e69a7e79798;b022d84c3b61ba80;2de76dfa0905ed73;8e11bdf9aed644f2;f7b10173d2f15d43;131e0ec091c1e7c4;533ab8df50b82b76;2c17eaf5a191e665;ace38633e499e626;ea2aa8b47a2b32f1;3be9c9fe27accc60;8e1dbb116012256f;4aa0f6fe9216d754;4e1320ef4598681f;fdd59dabaeb74e49;13018406b7e41c46;529d88500e2d578e;01a57aa6c4634b0d;7bc3a5036aa0c5fc;6cfd39e746af9417;fbfb34fd98cc4de6;4028ea85f7edc31f
proxy,decision,SocialGood:h3:f1:o523,523,1,0,32,32,,83c992293e654b0d;d928ca4fd43f1fce;6cec38badd5e9814;7b91f7d37b32a88a;3cf09db7f5ccc4f7;bdafa5af48aea8a1;12e4a3674a3998c0;a05c5255f8a75ef9;df6fb13e03448aca;dbabd2f68a161cad;867afcb4de4d3a24;e7edccb24f880db3;1e9e708af7cfc88d;a506c6b294760b6b;558bcd7adb89e1c7;8a79eecb90720d98;0dfa4d43ddbbc280;d0bfe6ccceb80e31;83982e69a7e79798;b022d84c3b61ba80;2de76dfa0905ed73;8e11bdf9aed644f2;f7b10173d2f15d43;131e0ec091c1e7c4;533ab8df50b82b76;2c17eaf5a191e665;ace38633e499e626;ea2aa8b47a2b32f1;3be9c9fe27accc60;8e1dbb116012256f;4aa0f6fe9216d754;4e1320ef4598681f
proxy,decision,SocialGood:h3:f1:o524,524,1,0,32,32,,2218167e6621a2f4;59a7ebd101f12e04;076675c396d81113;26a8951bc2f2de57;98db983f04c9eb77;b7c6bce0070ae6fa;5c65860791837857;648fb7471807d72e;83c992293e654b0d;d928ca4fd43f1fce;6cec38badd5e9814;7b91f7d37b32a88a;3cf09db7f5ccc4f7;bdafa5af48aea8a1;12e4a3674a3998c0;a05c5255f8a75ef9;df6fb13e03448aca;dbabd2f68a161cad;867afcb4de4d3a24;e7edccb24f880db3;1e9e708af7cfc88d;a506c6b294760b6b;558bcd7adb89e1c7;8a79eecb90720d98;0dfa4d43ddbbc280;d0bfe6ccceb80e31;83982e69a7e79798;b022d84c3b61ba80;2de76dfa0905ed73;8e11bdf9aed644f2;f7b10173d2f15d43;131e0ec091c1e7c4
proxy,decision,SocialGood:h3:f1:o525,525,1,0,32,32,,8386dc3db5f5d421;d63887d37c76765c;94d470db7e3f29f1;f610749d74906a97;2e2609667c3d9bb9;669ed6396c152b4a;a88aeea75f7f434a;adbfb53e945cf5ae;0fd9c52155231e37;a1c664114dd90a28;2218167e6621a2f4;59a7ebd101f12e04;076675c396d81113;26a8951bc2f2de57;98db983f04c9eb77;b7c6bce0070ae6fa;5c65860791837857;648fb7471807d72e;83c992293e654b0d;d928ca4fd43f1fce;6cec38badd5e9814;7b91f7d37b32a88a;3cf09db7f5ccc4f7;bdafa5af48aea8a1;12e4a3674a3998c0;a05c5255f8a75ef9;df6fb13e03448aca;dbabd2f68a161cad;867afcb4de4d3a24;e7edccb24f880db3;1e9e708af7cfc88d;a506c6b294760b6b
proxy,decision,SocialGood:h3:f1:o526,526,1,0,32,32,,9ffdd90e5cc6d99b;d2a425777d140065;a178c4f4ea3e9b4a;e69cdfaff0c5079a;d2f473e7980c9b94;7d35042381b4b2b1;d2982c6835bba0b4;8386dc3db5f5d421;d63887d37c76765c;94d470db7e3f29f1;f610749d74906a97;2e2609667c3d9bb9;669ed6396c152b4a;a88aeea75f7f434a;adbfb53e945cf5ae;0fd9c52155231e37;a1c664114dd90a28;2218167e6621a2f4;59a7ebd101f12e04;076675c396d81113;26a8951bc2f2de57;98db983f04c9eb77;b7c6bce0070ae6fa;5c65860791837857;648fb7471807d72e;83c992293e654b0d;d928ca4fd43f1fce;6cec38badd5e9814;7b91f7d37b32a88a;3cf09db7f5ccc4f7;bdafa5af48aea8a1;12e4a3674a3998c0
proxy,decision,SocialGood:h3:f1:o527,527,1,0,32,32,,84bbbfea1f4f7059;dd5a809f21c4dba1;4ddbe5b32e4d2a63;77927afe0f59668a;1cb11dfaee32a7c6;521251550a684b7b;4cacb68e7f29a00c;e9a07209908f174c;9ffdd90e5cc6d99b;d2a425777d140065;a178c4f4ea3e9b4a;e69cdfaff0c5079a;d2f473e7980c9b94;7d35042381b4b2b1;d2982c6835bba0b4;8386dc3db5f5d421;d63887d37c76765c;94d470db7e3f29f1;f610749d74906a97;2e2609667c3d9bb9;669ed6396c152b4a;a88aeea75f7f434a;adbfb53e945cf5ae;0fd9c52155231e37;a1c664114dd90a28;2218167e6621a2f4;59a7ebd101f12e04;076675c396d81113;26a8951bc2f2de57;98db983f04c9eb77;b7c6bce0070ae6fa;5c65860791837857
proxy,decision,SocialGood:h3:f1:o528,528,1,0,32,32,,e761bcb5865cfba8;fe2926c3ef6e11ac;0f317a47f230b805;fc34e1ab035a4d89;17e2b86f497a844a;fbea47d700490637;924210a7c23367ad;c50ff09a86c3f60c;065768a04d349ce3;9006101d0c0718da;84bbbfea1f4f7059;dd5a809f21c4dba1;4ddbe5b32e4d2a63;77927afe0f59668a;1cb11dfaee32a7c6;521251550a684b7b;4cacb68e7f29a00c;e9a07209908f174c;9ffdd90e5cc6d99b;d2a425777d140065;a178c4f4ea3e9b4a;e69cdfaff0c5079a;d2f473e7980c9b94;7d35042381b4b2b1;d2982c6835bba0b4;8386dc3db5f5d421;d63887d37c76765c;94d470db7e3f29f1;f610749d74906a97;2e2609667c3d9bb9;669ed6396c152b4a;a88aeea75f7f434a
proxy,decision,SocialGood:h3:f1:o529,529,1,0,32,32,,515bca8d10199534;d78f4c471d0b3cb1;34f533ffd2dd2564;afca634e1819b90d;8932c27727da52b4;ab0997d089a45628;82a1f567d107daba;e4f7eb18ccbc6bb2;e761bcb5865cfba8;fe2926c3ef6e11ac;0f317a47f230b805;fc34e1ab035a4d89;17e2b86f497a844a;fbea47d700490637;924210a7c23367ad;c50ff09a86c3f60c;065768a04d349ce3;9006101d0c0718da;84bbbfea1f4f7059;dd5a809f21c4dba1;4ddbe5b32e4d2a63;77927afe0f59668a;1cb11dfaee32a7c6;521251550a684b7b;4cacb68e7f29a00c;e9a07209908f174c;9ffdd90e5cc6d99b;d2a425777d140065;a178c4f4ea3e9b4a;e69cdfaff0c5079a;d2f473e7980c9b94;7d35042381b4b2b1
proxy,decision,SocialGood:h3:f1:o530,530,1,0,32,32,,156d74fb9bfda581;2024254bbeb9bc4a;ac05886cdafa3374;ebdda7e82cfcb807;1d6b28271b533e1e;9564184de6d001a8;847d44f96311b833;95914aa636e754a9;515bca8d10199534;d78f4c471d0b3cb1;34f533ffd2dd2564;afca634e1819b90d;8932c27727da52b4;ab0997d089a45628;82a1f567d107daba;e4f7eb18ccbc6bb2;e761bcb5865cfba8;fe2926c3ef6e11ac;0f317a47f230b805;fc34e1ab035a4d89;17e2b86f497a844a;fbea47d700490637;924210a7c23367ad;c50ff09a86c3f60c;065768a04d349ce3;9006101d0c0718da;84bbbfea1f4f7059;dd5a809f21c4dba1;4ddbe5b32e4d2a63;77927afe0f59668a;1cb11dfaee32a7c6;521251550a684b7b
proxy,decision,SocialGood:h3:f1:o531,531,1,0,32,32,,9605bf457900c4cd;c37a2171a78806ab;145e9359c3f86798;89fa7efd48b7acff;0f982a034f047e2a;fcc89620fb604d0b;a70c8ff18d58b178;188fcd811ecd2e09;371779140cca0c7c;156d74fb9bfda581;2024254bbeb9bc4a;ac05886cdafa3374;ebdda7e82cfcb807;1d6b28271b533e1e;9564184de6d001a8;847d44f96311b833;95914aa636e754a9;515bca8d10199534;d78f4c471d0b3cb1;34f533ffd2dd2564;afca634e1819b90d;8932c27727da52b4;ab0997d089a45628;82a1f567d107daba;e4f7eb18ccbc6bb2;e761bcb5865cfba8;fe2926c3ef6e11ac;0f317a47f230b805;fc34e1ab035a4d89;17e2b86f497a844a;fbea47d700490637;924210a7c23367ad
proxy,decision,SocialGood:h3:f1:o532,532,1,0,32,32,,d6aae7b043496033;f4f59af8a7c850ef;55c1d6bdbb59fe9a;dc9251973e3f5dda;120281d4048e6bd6;9ef24d483f1525cb;08b5cf6ae3e77a00;2d90f628c0f46283;9605bf457900c4cd;c37a2171a78806ab;145e9359c3f86798;89fa7efd48b7acff;0f982a034f047e2a;fcc89620fb604d0b;a70c8ff18d58b178;188fcd811ecd2e09;371779140cca0c7c;156d74fb9bfda581;2024254bbeb9bc4a;ac05886cdafa3374;ebdda7e82cfcb807;1d6b28271b533e1e;9564184de6d001a8;847d44f96311b833;95914aa636e754a9;515bca8d10199534;d78f4c471d0b3cb1;34f533ffd2dd2564;afca634e1819b90d;8932c27727da52b4;ab0997d089a45628;82a1f567d107daba
proxy,decision,SocialGood:h3:f1:o533,533,1,0,32,32,,19951bcb63f4a516;a865031c0cd8d823;d128dabe077bbcd7;f7ee5f98a2deb381;3ac1fd16c4c4595b;ba8df0783820b645;07273df11d79fe0d;481140738b30a730;330a0b5791a5f3e9;636a658d1226a2f4;d6aae7b043496033;f4f59af8a7c850ef;55c1d6bdbb59fe9a;dc9251973e3f5dda;120281d4048e6bd6;9ef24d483f1525cb;08b5cf6ae3e77a00;2d90f628c0f46283;9605bf457900c4cd;c37a2171a78806ab;145e9359c3f86798;89fa7efd48b7acff;0f982a034f047e2a;fcc89620fb604d0b;a70c8ff18d58b178;188fcd811ecd2e09;371779140cca0c7c;156d74fb9bfda581;2024254bbeb9bc4a;ac05886cdafa3374;ebdda7e82cfcb807;1d6b28271b533e1e
proxy,decision,SocialGood:h3:f1:o534,534,1,0,32,32,,b7e39f24eb95d55d;2d2d31a4c18159dc;31c24e2db5f42a30;da3b8b47b002fde6;eaf22b8b45cd17c6;2c92f17b93e5b3d5;b17e746cdee8a9d4;19951bcb63f4a516;a865031c0cd8d823;d128dabe077bbcd7;f7ee5f98a2deb381;3ac1fd16c4c4595b;ba8df0783820b645;07273df11d79fe0d;481140738b30a730;330a0b5791a5f3e9;636a658d1226a2f4;d6aae7b043496033;f4f59af8a7c850ef;55c1d6bdbb59fe9a;dc9251973e3f5dda;120281d4048e6bd6;9ef24d483f1525cb;08b5cf6ae3e77a00;2d90f628c0f46283;9605bf457900c4cd;c37a2171a78806ab;145e9359c3f86798;89fa7efd48b7acff;0f982a034f047e2a;fcc89620fb604d0b;a70c8ff18d58b178
proxy,decision,SocialGood:h3:f1:o535,535,1,0,32,32,,772112934659731d;d7edc4708e7294f7;66a509fb923f6f30;9922763fa2ff02be;2b1b41b3c11286b2;5cff3da1cac704b3;37df0cd7ec0eb6dc;8cbf6473f5620826;b7e39f24eb95d55d;2d2d31a4c18159dc;31c24e2db5f42a30;da3b8b47b002fde6;eaf22b8b45cd17c6;2c92f17b93e5b3d5;b17e746cdee8a9d4;19951bcb63f4a516;a865031c0cd8d823;d128dabe077bbcd7;f7ee5f98a2deb381;3ac1fd16c4c4595b;ba8df0783820b645;07273df11d79fe0d;481140738b30a730;330a0b5791a5f3e9;636a658d1226a2f4;d6aae7b043496033;f4f59af8a7c850ef;55c1d6bdbb59fe9a;dc9251973e3f5dda;120281d4048e6bd6;9ef24d483f1525cb;08b5cf6ae3e77a00
proxy,decision,SocialGood:h3:f1:o536,536,1,0,32,32,,b1bf6fbb07e7d463;bf93f8f537a1816c;b532751f3d6fce2b;c79334f25b1a925b;d36435fda553cda2;e8d11a5867cc77fd;b93a4a2abf964bde;deb79fed49e0beeb;864d5c19758847e8;f6771e078215e05f;772112934659731d;d7edc4708e7294f7;66a509fb923f6f30;9922763fa2ff02be;2b1b41b3c11286b2;5cff3da1cac704b3;37df0cd7ec0eb6dc;8cbf6473f5620826;b7e39f24eb95d55d;2d2d31a4c18159dc;31c24e2db5f42a30;da3b8b47b002fde6;eaf22b8b45cd17c6;2c92f17b93e5b3d5;b17e746cdee8a9d4;19951bcb63f4a516;a865031c0cd8d823;d128dabe077bbcd7;f7ee5f98a2deb381;3ac1fd16c4c4595b;ba8df0783820b645;07273df11d79fe0d
proxy,decision,SocialGood:h3:f1:o537,537,1,0,32,32,,21beac559faa391b;39499c02f7910cd1;2f644b41bf43a219;d22a1a4ccb0e18c5;eb10c6242e497890;3c4250c66dd59a8f;a5abd7dc072e9c90;b1bf6fbb07e7d463;bf93f8f537a1816c;b532751f3d6fce2b;c79334f25b1a925b;d36435fda553cda2;e8d11a5867cc77fd;b93a4a2abf964bde;deb79fed49e0beeb;864d5c19758847e8;f6771e078215e05f;772112934659731d;d7edc4708e7294f7;66a509fb923f6f30;9922763fa2ff02be;2b1b41b3c11286b2;5cff3da1cac704b3;37df0cd7ec0eb6dc;8cbf6473f5620826;b7e39f24eb95d55d;2d2d31a4c18159dc;31c24e2db5f42a30;da3b8b47b002fde6;eaf22b8b45cd17c6;2c92f17b93e5b3d5;b17e746cdee8a9d4
proxy,decision,SocialGood:h3:f1:o538,538,1,0,32,32,,11d5d3d36c2c91af;e3ef1850ffb6a17f;3303a24531093352;beb739a38d433646;0156511579648be9;4a71af54e7a3824b;163cfc16c4292d60;e42c5d79c64d8785;21beac559faa391b;39499c02f7910cd1;2f644b41bf43a219;d22a1a4ccb0e18c5;eb10c6242e497890;3c4250c66dd59a8f;a5abd7dc072e9c90;b1bf6fbb07e7d463;bf93f8f537a1816c;b532751f3d6fce2b;c79334f25b1a925b;d36435fda553cda2;e8d11a5867cc77fd;b93a4a2abf964bde;deb79fed49e0beeb;864d5c19758847e8;f6771e078215e05f;772112934659731d;d7edc4708e7294f7;66a509fb923f6f30;9922763fa2ff02be;2b1b41b3c11286b2;5cff3da1cac704b3;37df0cd7ec0eb6dc
proxy,decision,SocialGood:h3:f1:o539,539,1,0,32,32,,c83a59487277e2a8;e1a4aa01b5c89524;1f2e07767e8b2f9e;fb39af49e3a698cf;0a95580fa6c491a9;8b6a51e7de8d6d98;0f4b136d0bf6a1ad;fdb40aee07f105ae;26e0ec1c537e141b;89c8985b3a127583;11d5d3d36c2c91af;e3ef1850ffb6a17f;3303a24531093352;beb739a38d433646;0156511579648be9;4a71af54e7a3824b;163cfc16c4292d60;e42c5d79c64d8785;21beac559faa391b;39499c02f7910cd1;2f644b41bf43a219;d22a1a4ccb0e18c5;eb10c6242e497890;3c4250c66dd59a8f;a5abd7dc072e9c90;b1bf6fbb07e7d463;bf93f8f537a1816c;b532751f3d6fce2b;c79334f25b1a925b;d36435fda553cda2;e8d11a5867cc77fd;b93a4a2abf964bde
proxy,decision,SocialGood:h3:f1:o540,540,1,0,32,32,,46f962641ee16e56;ef1fda886c2ba245;286059ca7bcd3892;a7a33980140b3b98;59d4b344cbb97458;dc41e0bdd4f3b90d;f857c8955e983840;f9899bb7cc0cedde;c83a59487277e2a8;e1a4aa01b5c89524;1f2e07767e8b2f9e;fb39af49e3a698cf;0a95580fa6c491a9;8b6a51e7de8d6d98;0f4b136d0bf6a1ad;fdb40aee07f105ae;26e0ec1c537e141b;89c8985b3a127583;11d5d3d36c2c91af;e3ef1850ffb6a17f;3303a24531093352;beb739a38d433646;0156511579648be9;4a71af54e7a3824b;163cfc16c4292d60;e42c5d79c64d8785;21beac559faa391b;39499c02f7910cd1;2f644b41bf43a219;d22a1a4ccb0e18c5;eb10c6242e497890;3c4250c66dd59a8f
proxy,decision,SocialGood:h3:f1:o541,541,1,0,32,32,,109ad6ec7f797d3e;e9ccf5e8b8f1ce5f;692e6b3c8c9b468f;995b1f826fc0b407;c9a4c8bc3c989b7c;daef6ee834bb2579;43413bca4e118e62;4e6b827527a94870;325d7a71719ac32d;bd756c191c7c8136;46f962641ee16e56;ef1fda886c2ba245;286059ca7bcd3892;a7a33980140b3b98;59d4b344cbb97458;dc41e0bdd4f3b90d;f857c8955e983840;f9899bb7cc0cedde;c83a59487277e2a8;e1a4aa01b5c89524;1f2e07767e8b2f9e;fb39af49e3a698cf;0a95580fa6c491a9;8b6a51e7de8d6d98;0f4b136d0bf6a1ad;fdb40aee07f105ae;26e0ec1c537e141b;89c8985b3a127583;11d5d3d36c2c91af;e3ef1850ffb6a17f;3303a24531093352;beb739a38d433646
proxy,decision,SocialGood:h3:f1:o542,542,1,0,32,32,,43900d0ddb202a70;afdd20115c98cf1e;7706731c5f96d211;c068138564405bfc;034d91bcdd2fe2d5;5905aea8da9585b6;109ad6ec7f797d3e;e9ccf5e8b8f1ce5f;692e6b3c8c9b468f;995b1f826fc0b407;c9a4c8bc3c989b7c;daef6ee834bb2579;43413bca4e118e62;4e6b827527a94870;325d7a71719ac32d;bd756c191c7c8136;46f962641ee16e56;ef1fda886c2ba245;286059ca7bcd3892;a7a33980140b3b98;59d4b344cbb97458;dc41e0bdd4f3b90d;f857c8955e983840;f9899bb7cc0cedde;c83a59487277e2a8;e1a4aa01b5c89524;1f2e07767e8b2f9e;fb39af49e3a698cf;0a95580fa6c491a9;8b6a51e7de8d6d98;0f4b136d0bf6a1ad;fdb40aee07f105ae
proxy,decision,SocialGood:h3:f1:o543,543,1,0,32,32,,0b906af39563ba01;58fa32ab35f133a7;6061775a3fa79583;c26df373e3c84ab3;a9a949768f7efb04;ddeaaba21a7d29c5;c73f6f19e473661b;43900d0ddb202a70;afdd20115c98cf1e;7706731c5f96d211;c068138564405bfc;034d91bcdd2fe2d5;5905aea8da9585b6;109ad6ec7f797d3e;e9ccf5e8b8f1ce5f;692e6b3c8c9b468f;995b1f826fc0b407;c9a4c8bc3c989b7c;daef6ee834bb2579;43413bca4e118e62;4e6b827527a94870;325d7a71719ac32d;bd756c191c7c8136;46f962641ee16e56;ef1fda886c2ba245;286059ca7bcd3892;a7a33980140b3b98;59d4b344cbb97458;dc41e0bdd4f3b90d;f857c8955e983840;f9899bb7cc0cedde;c83a59487277e2a8
proxy,decision,SocialGood:h3:f1:o544,544,1,0,32,32,,673213f0a20d8640;992066672903390a;2f6951b77d00711b;7388062008ba3e81;c46cb5cdddb78fae;19b7877b0121b472;77ca52c2c7777c3f;0b906af39563ba01;58fa32ab35f133a7;6061775a3fa79583;c26df373e3c84ab3;a9a949768f7efb04;ddeaaba21a7d29c5;c73f6f19e473661b;43900d0ddb202a70;afdd20115c98cf1e;7706731c5f96d211;c068138564405bfc;034d91bcdd2fe2d5;5905aea8da9585b6;109ad6ec7f797d3e;e9ccf5e8b8f1ce5f;692e6b3c8c9b468f;995b1f826fc0b407;c9a4c8bc3c989b7c;daef6ee834bb2579;43413bca4e118e62;4e6b827527a94870;325d7a71719ac32d;bd756c191c7c8136;46f962641ee16e56;ef1fda886c2ba245
proxy,decision,SocialGood:h3:f1:o545,545,1,0,32,32,,5661b10520aed108;b881123bc67dab6f;43d9d4c7d55a526f;9a81f7d262fc4a0b;a81c69c7f5c6879b;ad217704af869a6a;57f06574ffb71236;604573f190be2829;18da9d88ddf9bd93;98e951087bf2e6f0;673213f0a20d8640;992066672903390a;2f6951b77d00711b;7388062008ba3e81;c46cb5cdddb78fae;19b7877b0121b472;77ca52c2c7777c3f;0b906af39563ba01;58fa32ab35f133a7;6061775a3fa79583;c26df373e3c84ab3;a9a949768f7efb04;ddeaaba21a7d29c5;c73f6f19e473661b;43900d0ddb202a70;afdd20115c98cf1e;7706731c5f96d211;c068138564405bfc;034d91bcdd2fe2d5;5905aea8da9585b6;109ad6ec7f797d3e;e9ccf5e8b8f1ce5f
proxy,decision,SocialGood:h3:f1:o546,546,1,0,32,32,,6545eb27cdb23703;9f3774e88dd1c4fc;94da605269a1e547;aec567565bb0d293;7ea9abbf6dbd9ac9;9db388605b68608e;8ea971b6d6fb38ce;bac9d40415581122;5661b10520aed108;b881123bc67dab6f;43d9d4c7d55a526f;9a81f7d262fc4a0b;a81c69c7f5c6879b;ad217704af869a6a;57f06574ffb71236;604573f190be2829;18da9d88ddf9bd93;98e951087bf2e6f0;673213f0a20d8640;992066672903390a;2f6951b77d00711b;7388062008ba3e81;c46cb5cdddb78fae;19b7877b0121b472;77ca52c2c7777c3f;0b906af39563ba01;58fa32ab35f133a7;6061775a3fa79583;c26df373e3c84ab3;a9a949768f7efb04;ddeaaba21a7d29c5;c73f6f19e473661b
proxy,decision,SocialGood:h3:f1:o547,547,1,0,32,32,,3ff6a401e1f71ac8;85a1f3c9c03de871;60b4f2f665c46e21;b1fbf7c5f878941a;ba29be6712dcaf7a;bfb6068b964cacd4;1074a79d7bad7d3a;26943f830f2d4800;6545eb27cdb23703;9f3774e88dd1c4fc;94da605269a1e547;aec567565bb0d293;7ea9abbf6dbd9ac9;9db388605b68608e;8ea971b6d6fb38ce;bac9d40415581122;5661b10520aed108;b881123bc67dab6f;43d9d4c7d55a526f;9a81f7d262fc4a0b;a81c69c7f5c6879b;ad217704af869a6a;57f06574ffb71236;604573f190be2829;18da9d88ddf9bd93;98e951087bf2e6f0;673213f0a20d8640;992066672903390a;2f6951b77d00711b;7388062008ba3e81;c46cb5cdddb78fae;19b7877b0121b472
proxy,decision,SocialGood:h3:f1:o548,548,1,0,32,32,,16dbae5a62e9c3fb;adf13216c8faa78e;12b07608fcc6c228;6d3cc04e9408ab8d;06535c7d4ecdaa3f;cf1a23ad235dda66;ca935697f3d9b8f0;cf9f1a71f7b5412c;a393675e9c6c56af;c266f515cf3aed5d;3ff6a401e1f71ac8;85a1f3c9c03de871;60b4f2f665c46e21;b1fbf7c5f878941a;ba29be6712dcaf7a;bfb6068b964cacd4;1074a79d7bad7d3a;26943f830f2d4800;6545eb27cdb23703;9f3774e88dd1c4fc;94da605269a1e547;aec567565bb0d293;7ea9abbf6dbd9ac9;9db388605b68608e;8ea971b6d6fb38ce;bac9d40415581122;5661b10520aed108;b881123bc67dab6f;43d9d4c7d55a526f;9a81f7d262fc4a0b;a81c69c7f5c6879b;ad217704af869a6a
proxy,decision,SocialGood:h3:f1:o549,549,1,0,32,32,,817e3015a687310d;fc242f0f54a6817f;18ad55a87005e655;c79d6b63165bb886;2d0e08afb11df692;c743dfb615565216;7c43723e7a707110;16dbae5a62e9c3fb;adf13216c8faa78e;12b07608fcc6c228;6d3cc04e9408ab8d;06535c7d4ecdaa3f;cf1a23ad235dda66;ca935697f3d9b8f0;cf9f1a71f7b5412c;a393675e9c6c56af;c266f515cf3aed5d;3ff6a401e1f71ac8;85a1f3c9c03de871;60b4f2f665c46e21;b1fbf7c5f878941a;ba29be6712dcaf7a;bfb6068b964cacd4;1074a79d7bad7d3a;26943f830f2d4800;6545eb27cdb23703;9f3774e88dd1c4fc;94da605269a1e547;aec567565bb0d293;7ea9abbf6dbd9ac9;9db388605b68608e;8ea971b6d6fb38ce
proxy,decision,SocialGood:h3:f1:o550,550,1,0,32,32,,4dc705807ef8361a;aae9c1f993ea7797;1bd5fa37c0c93502;636160b5c4761399;8b89cfa4fcc6b180;b1d2f7d04b380345;c034756e1feca29e;f99bb2241a440dcd;034ae6c08e967fb2;b3e5109b7347d892;817e3015a687310d;fc242f0f54a6817f;18ad55a87005e655;c79d6b63165bb886;2d0e08afb11df692;c743dfb615565216;7c43723e7a707110;16dbae5a62e9c3fb;adf13216c8faa78e;12b07608fcc6c228;6d3cc04e9408ab8d;06535c7d4ecdaa3f;cf1a23ad235dda66;ca935697f3d9b8f0;cf9f1a71f7b5412c;a393675e9c6c56af;c266f515cf3aed5d;3ff6a401e1f71ac8;85a1f3c9c03de871;60b4f2f665c46e21;b1fbf7c5f878941a;ba29be6712dcaf7a
proxy,decision,SocialGood:h3:f1:o551,551,1,0,32,32,,935cd9bb7a2ae127;237cdac4ee7a0de9;efd150e4c611b5e4;347e3f4530c3b68f;e7b3506b0cc87b87;2d52dad225ae8e64;a8d2eb7cf3e8cd16;4dc705807ef8361a;aae9c1f993ea7797;1bd5fa37c0c93502;636160b5c4761399;8b89cfa4fcc6b180;b1d2f7d04b380345;c034756e1feca29e;f99bb2241a440dcd;034ae6c08e967fb2;b3e5109b7347d892;817e3015a687310d;fc242f0f54a6817f;18ad55a87005e655;c79d6b63165bb886;2d0e08afb11df692;c743dfb615565216;7c43723e7a707110;16dbae5a62e9c3fb;adf13216c8faa78e;12b07608fcc6c228;6d3cc04e9408ab8d;06535c7d4ecdaa3f;cf1a23ad235dda66;ca935697f3d9b8f0;cf9f1a71f7b5412c
proxy,decision,SocialGood:h3:f1:o552,552,1,0,32,32,,37ff6954abef4371;3b0bcd882646315f;3fb2c5528ca28def;454571e47759343b;4acbacd1e88da02f;80b0af2f1256e5fe;b2e8a35de6673f0e;f4e42d619b6af6a0;935cd9bb7a2ae127;237cdac4ee7a0de9;efd150e4c611b5e4;347e3f4530c3b68f;e7b3506b0cc87b87;2d52dad225ae8e64;a8d2eb7cf3e8cd16;4dc705807ef8361a;aae9c1f993ea7797;1bd5fa37c0c93502;636160b5c4761399;8b89cfa4fcc6b180;b1d2f7d04b380345;c034756e1feca29e;f99bb2241a440dcd;034ae6c08e967fb2;b3e5109b7347d892;817e3015a687310d;fc242f0f54a6817f;18ad55a87005e655;c79d6b63165bb886;2d0e08afb11df692;c743dfb615565216;7c43723e7a707110
proxy,decision,SocialGood:h3:f1:o553,553,1,1,32,33,0d4bb1db45b579d4,7a0984191db2865c;fdffa356e2a4562b;3c7e981650d66d53;a6bddcf24b7da1aa;71cc1e40cd5445d0;a56110669ee6409b;035b082453809a7d;973b9c4cd2b94ffb;5cbcd2389eedc7d9;65572d49662d0b16;37ff6954abef4371;3b0bcd882646315f;3fb2c5528ca28def;454571e47759343b;4acbacd1e88da02f;80b0af2f1256e5fe;b2e8a35de6673f0e;f4e42d619b6af6a0;935cd9bb7a2ae127;237cdac4ee7a0de9;efd150e4c611b5e4;347e3f4530c3b68f;e7b3506b0cc87b87;2d52dad225ae8e64;a8d2eb7cf3e8cd16;4dc705807ef8361a;aae9c1f993ea7797;1bd5fa37c0c93502;636160b5c4761399;8b89cfa4fcc6b180;b1d2f7d04b380345;c034756e1feca29e
proxy,decision,SocialGood:h3:f1:o554,554,1,2,32,34,b19d22d971969441;0d4bb1db45b579d4,81b5e84a7bb9ee26;9a01f0cd4784bc27;50bb979ec2b5580f;d12cbe0d817c69a4;084d112ba49e16ef;3fb72ccbaecd8fd5;71296d3fc9f56ed9;ee34c34f4b3eedf2;7a0984191db2865c;fdffa356e2a4562b;3c7e981650d66d53;a6bddcf24b7da1aa;71cc1e40cd5445d0;a56110669ee6409b;035b082453809a7d;973b9c4cd2b94ffb;5cbcd2389eedc7d9;65572d49662d0b16;37ff6954abef4371;3b0bcd882646315f;3fb2c5528ca28def;454571e47759343b;4acbacd1e88da02f;80b0af2f1256e5fe;b2e8a35de6673f0e;f4e42d619b6af6a0;935cd9bb7a2ae127;237cdac4ee7a0de9;efd150e4c611b5e4;347e3f4530c3b68f;e7b3506b0cc87b87;2d52dad225ae8e64
proxy,decision,SocialGood:h3:f1:o555,555,1,3,32,35,b7d053c857f0c034;b19d22d971969441;0d4bb1db45b579d4,65a1a089b68a39e5;7306eb7419e73289;419c0556b403aa14;925ae368703f7a63;ac8ceb50ed8c471b;cf76970a488faac2;d8b84aadca5ad16a;81b5e84a7bb9ee26;9a01f0cd4784bc27;50bb979ec2b5580f;d12cbe0d817c69a4;084d112ba49e16ef;3fb72ccbaecd8fd5;71296d3fc9f56ed9;ee34c34f4b3eedf2;7a0984191db2865c;fdffa356e2a4562b;3c7e981650d66d53;a6bddcf24b7da1aa;71cc1e40cd5445d0;a56110669ee6409b;035b082453809a7d;973b9c4cd2b94ffb;5cbcd2389eedc7d9;65572d49662d0b16;37ff6954abef4371;3b0bcd882646315f;3fb2c5528ca28def;454571e47759343b;4acbacd1e88da02f;80b0af2f1256e5fe;b2e8a35de6673f0e
proxy,decision,SocialGood:h3:f1:o556,556,1,4,32,36,7b2ec1e76861364e;b7d053c857f0c034;b19d22d971969441;0d4bb1db45b579d4,d5b7902f3172e5dd;0cf6a2066f8aba6c;a50692fa4cbf6304;87784e7877ab3874;e49e25b12ddacf2e;7cfde356bd517b47;aa3b946c98e2c3b3;65a1a089b68a39e5;7306eb7419e73289;419c0556b403aa14;925ae368703f7a63;ac8ceb50ed8c471b;cf76970a488faac2;d8b84aadca5ad16a;81b5e84a7bb9ee26;9a01f0cd4784bc27;50bb979ec2b5580f;d12cbe0d817c69a4;084d112ba49e16ef;3fb72ccbaecd8fd5;71296d3fc9f56ed9;ee34c34f4b3eedf2;7a0984191db2865c;fdffa356e2a4562b;3c7e981650d66d53;a6bddcf24b7da1aa;71cc1e40cd5445d0;a56110669ee6409b;035b082453809a7d;973b9c4cd2b94ffb;5cbcd2389eedc7d9;65572d49662d0b16
proxy,decision,SocialGood:h3:f1:o557,557,1,5,32,37,90f10e4d41a48dfa;7b2ec1e76861364e;b7d053c857f0c034;b19d22d971969441;0d4bb1db45b579d4,e392597c902cc7ad;1c878f3f5ea6f97e;932c73e4840ab0b1;604d94a9d8a87aac;b7919eedf69112fe;5e723ecb83e39d62;f4bc15e40b988dce;277f6ca4e935b96f;72f2844dad1236da;d5b7902f3172e5dd;0cf6a2066f8aba6c;a50692fa4cbf6304;87784e7877ab3874;e49e25b12ddacf2e;7cfde356bd517b47;aa3b946c98e2c3b3;65a1a089b68a39e5;7306eb7419e73289;419c0556b403aa14;925ae368703f7a63;ac8ceb50ed8c471b;cf76970a488faac2;d8b84aadca5ad16a;81b5e84a7bb9ee26;9a01f0cd4784bc27;50bb979ec2b5580f;d12cbe0d817c69a4;084d112ba49e16ef;3fb72ccbaecd8fd5;71296d3fc9f56ed9;ee34c34f4b3eedf2;7a0984191db2865c
proxy,decision,SocialGood:h3:f1:o558,558,1,6,32,38,6443b4a7cf37bb3b;90f10e4d41a48dfa;7b2ec1e76861364e;b7d053c857f0c034;b19d22d971969441;0d4bb1db45b579d4,5cced971d460eb14;b51c3a4542f4d20f;537437bfddec0a2c;33b7cb7f45f88002;6da2983e44db2de5;225f7dd8a62cb216;d53646ca94baf12c;e392597c902cc7ad;1c878f3f5ea6f97e;932c73e4840ab0b1;604d94a9d8a87aac;b7919eedf69112fe;5e723ecb83e39d62;f4bc15e40b988dce;277f6ca4e935b96f;72f2844dad1236da;d5b7902f3172e5dd;0cf6a2066f8aba6c;a50692fa4cbf6304;87784e7877ab3874;e49e25b12ddacf2e;7cfde356bd517b47;aa3b946c98e2c3b3;65a1a089b68a39e5;7306eb7419e73289;419c0556b403aa14;925ae368703f7a63;ac8ceb50ed8c471b;cf76970a488faac2;d8b84aadca5ad16a;81b5e84a7bb9ee26;9a01f0cd4784bc27
proxy,decision,SocialGood:h3:f1:o559,559,1,7,32,39,1efbbed0d4254111;6443b4a7cf37bb3b;90f10e4d41a48dfa;7b2ec1e76861364e;b7d053c857f0c034;b19d22d971969441;0d4bb1db45b579d4,35bef0b202cd1e85;b922580bf14738e4;a6eadcee61730178;d71f68a3589fc5f2;1f6df3e742e5af41;46ddf9084bd371b0;01ca9b86b9227567;db318c8d8a60afab;7452934d36ed662a;e9e2401ddacdd7b7;5cced971d460eb14;b51c3a4542f4d20f;537437bfddec0a2c;33b7cb7f45f88002;6da2983e44db2de5;225f7dd8a62cb216;d53646ca94baf12c;e392597c902cc7ad;1c878f3f5ea6f97e;932c73e4840ab0b1;604d94a9d8a87aac;b7919eedf69112fe;5e723ecb83e39d62;f4bc15e40b988dce;277f6ca4e935b96f;72f2844dad1236da;d5b7902f3172e5dd;0cf6a2066f8aba6c;a50692fa4cbf6304;87784e7877ab3874;e49e25b12ddacf2e;7cfde356bd517b47
proxy,decision,SocialGood:h3:f1:o560,560,1,8,32,40,4244400ce3882015;1efbbed0d4254111;6443b4a7cf37bb3b;90f10e4d41a48dfa;7b2ec1e76861364e;b7d053c857f0c034;b19d22d971969441;0d4bb1db45b579d4,66c846345862a74d;f7d289ec138687bc;49af422aca60b75c;55a56abc4870f8f3;62665b18aec108f0;afe65823e0120aa4;024a5a49dffdd418;ff71eb4d180b90d8;35bef0b202cd1e85;b922580bf14738e4;a6eadcee61730178;d71f68a3589fc5f2;1f6df3e742e5af41;46ddf9084bd371b0;01ca9b86b9227567;db318c8d8a60afab;7452934d36ed662a;e9e2401ddacdd7b7;5cced971d460eb14;b51c3a4542f4d20f;537437bfddec0a2c;33b7cb7f45f88002;6da2983e44db2de5;225f7dd8a62cb216;d53646ca94baf12c;e392597c902cc7ad;1c878f3f5ea6f97e;932c73e4840ab0b1;604d94a9d8a87aac;b7919eedf69112fe;5e723ecb83e39d62;f4bc15e40b988dce
proxy,decision,SocialGood:h3:f1:o561,561,1,9,32,41,0a5efc6bb33b63cf;4244400ce3882015;1efbbed0d4254111;6443b4a7cf37bb3b;90f10e4d41a48dfa;7b2ec1e76861364e;b7d053c857f0c034;b19d22d971969441;0d4bb1db45b579d4,60979f23472a0e22;909e69582efb5ab6;648a5df4915e0ba9;9f2b854ebfd76537;7dc5e4b158d010c9;a1ab38cbb728ae2d;ab3913d60a400728;66c846345862a74d;f7d289ec138687bc;49af422aca60b75c;55a56abc4870f8f3;62665b18aec108f0;afe65823e0120aa4;024a5a49dffdd418;ff71eb4d180b90d8;35bef0b202cd1e85;b922580bf14738e4;a6eadcee61730178;d71f68a3589fc5f2;1f6df3e742e5af41;46ddf9084bd371b0;01ca9b86b9227567;db318c8d8a60afab;7452934d36ed662a;e9e2401ddacdd7b7;5cced971d460eb14;b51c3a4542f4d20f;537437bfddec0a2c;33b7cb7f45f88002;6da2983e44db2de5;225f7dd8a62cb216;d53646ca94baf12c
proxy,decision,SocialGood:h3:f1:o562,562,1,10,32,42,29521ac2ae573962;0a5efc6bb33b63cf;4244400ce3882015;1efbbed0d4254111;6443b4a7cf37bb3b;90f10e4d41a48dfa;7b2ec1e76861364e;b7d053c857f0c034;b19d22d971969441;0d4bb1db45b579d4,275da7984de04c14;aa00466332e6db3d;4675f8460a397554;06d234b16fff1f4b;d9dc74a7579cdebc;4307e53392cae047;bba1184e686b60c2;c86d4daf310690f5;60979f23472a0e22;909e69582efb5ab6;648a5df4915e0ba9;9f2b854ebfd76537;7dc5e4b158d010c9;a1ab38cbb728ae2d;ab3913d60a400728;66c846345862a74d;f7d289ec138687bc;49af422aca60b75c;55a56abc4870f8f3;62665b18aec108f0;afe65823e0120aa4;024a5a49dffdd418;ff71eb4d180b90d8;35bef0b202cd1e85;b922580bf14738e4;a6eadcee61730178;d71f68a3589fc5f2;1f6df3e742e5af41;46ddf9084bd371b0;01ca9b86b9227567;db318c8d8a60afab;7452934d36ed662a
proxy,decision,SocialGood:h3:f1:o563,563,1,11,32,43,86bf0f45d6f37114;29521ac2ae573962;0a5efc6bb33b63cf;4244400ce3882015;1efbbed0d4254111;6443b4a7cf37bb3b;90f10e4d41a48dfa;7b2ec1e76861364e;b7d053c857f0c034;b19d22d971969441;0d4bb1db45b579d4,2abbce79de622968;af51905d822231f9;01928844ea2df4b2;1fbff39c32edffe4;32643e71af200c54;a98b5113786dd77f;08acb80ddb91b578;f1a0d60872035415;275da7984de04c14;aa00466332e6db3d;4675f8460a397554;06d234b16fff1f4b;d9dc74a7579cdebc;4307e53392cae047;bba1184e686b60c2;c86d4daf310690f5;60979f23472a0e22;909e69582efb5ab6;648a5df4915e0ba9;9f2b854ebfd76537;7dc5e4b158d010c9;a1ab38cbb728ae2d;ab3913d60a400728;66c846345862a74d;f7d289ec138687bc;49af422aca60b75c;55a56abc4870f8f3;62665b18aec108f0;afe65823e0120aa4;024a5a49dffdd418;ff71eb4d180b90d8;35bef0b202cd1e85
proxy,decision,SocialGood:h3:f1:o564,564,1,12,32,44,21c1d5ca9fdb7329;86bf0f45d6f37114;29521ac2ae573962;0a5efc6bb33b63cf;4244400ce3882015;1efbbed0d4254111;6443b4a7cf37bb3b;90f10e4d41a48dfa;7b2ec1e76861364e;b7d053c857f0c034;b19d22d971969441;0d4bb1db45b579d4,d9e5c2c0e3e50ca5;03dc3364fbc740e3;1879fc8753a75ef6;d8e873286ea89781;dc5780d3b7fa0a4d;5eec9096e72cb72b;748ca3ac2f514bf3;2abbce79de622968;af51905d822231f9;01928844ea2df4b2;1fbff39c32edffe4;32643e71af200c54;a98b5113786dd77f;08acb80ddb91b578;f1a0d60872035415;275da7984de04c14;aa00466332e6db3d;4675f8460a397554;06d234b16fff1f4b;d9dc74a7579cdebc;4307e53392cae047;bba1184e686b60c2;c86d4daf310690f5;60979f23472a0e22;909e69582efb5ab6;648a5df4915e0ba9;9f2b854ebfd76537;7dc5e4b158d010c9;a1ab38cbb728ae2d;ab3913d60a400728;66c846345862a74d;f7d289ec138687bc
proxy,decision,SocialGood:h3:f1:o565,565,1,12,32,44,21c1d5ca9fdb7329;86bf0f45d6f37114;29521ac2ae573962;0a5efc6bb33b63cf;4244400ce3882015;1efbbed0d4254111;6443b4a7cf37bb3b;90f10e4d41a48dfa;7b2ec1e76861364e;b7d053c857f0c034;b19d22d971969441;0d4bb1db45b579d4,2422afc32438910f;51e9cf25bbbaf629;1354c33bf3a5fa07;8dd89a035f8c2ac0;5fbc4694551aa7ab;9ab694bed81f92d2;1461547c9117b690;613735d3f75df053;7dd696992e061797;d9e5c2c0e3e50ca5;03dc3364fbc740e3;1879fc8753a75ef6;d8e873286ea89781;dc5780d3b7fa0a4d;5eec9096e72cb72b;748ca3ac2f514bf3;2abbce79de622968;af51905d822231f9;01928844ea2df4b2;1fbff39c32edffe4;32643e71af200c54;a98b5113786dd77f;08acb80ddb91b578;f1a0d60872035415;275da7984de04c14;aa00466332e6db3d;4675f8460a397554;06d234b16fff1f4b;d9dc74a7579cdebc;4307e53392cae047;bba1184e686b60c2;c86d4daf310690f5
proxy,decision,SocialGood:h3:f1:o566,566,1,13,32,45,e06e84b468fd1f6a;21c1d5ca9fdb7329;86bf0f45d6f37114;29521ac2ae573962;0a5efc6bb33b63cf;4244400ce3882015;1efbbed0d4254111;6443b4a7cf37bb3b;90f10e4d41a48dfa;7b2ec1e76861364e;b7d053c857f0c034;b19d22d971969441;0d4bb1db45b579d4,0d9f399dad3aa858;d9581f5ee708e270;2c07a9dbefb9aa8c;e6b1dfe294d7d1c8;3fbf3da338b103a3;17b779b61214432e;90c52054679139c5;2422afc32438910f;51e9cf25bbbaf629;1354c33bf3a5fa07;8dd89a035f8c2ac0;5fbc4694551aa7ab;9ab694bed81f92d2;1461547c9117b690;613735d3f75df053;7dd696992e061797;d9e5c2c0e3e50ca5;03dc3364fbc740e3;1879fc8753a75ef6;d8e873286ea89781;dc5780d3b7fa0a4d;5eec9096e72cb72b;748ca3ac2f514bf3;2abbce79de622968;af51905d822231f9;01928844ea2df4b2;1fbff39c32edffe4;32643e71af200c54;a98b5113786dd77f;08acb80ddb91b578;f1a0d60872035415;275da7984de04c14
proxy,decision,SocialGood:h3:f1:o567,567,1,14,32,46,d82ec5180d6c2d54;e06e84b468fd1f6a;21c1d5ca9fdb7329;86bf0f45d6f37114;29521ac2ae573962;0a5efc6bb33b63cf;4244400ce3882015;1efbbed0d4254111;6443b4a7cf37bb3b;90f10e4d41a48dfa;7b2ec1e76861364e;b7d053c857f0c034;b19d22d971969441;0d4bb1db45b579d4,a2fb26261ed8a093;f2c3d8738f82e089;18b6328180f6a0d7;728e9882be9c9026;0938611b5f64ca75;fb9cccd2fb84d8b3;610d348aaf19f51a;f28eaa525ea69f59;0d9f399dad3aa858;d9581f5ee708e270;2c07a9dbefb9aa8c;e6b1dfe294d7d1c8;3fbf3da338b103a3;17b779b61214432e;90c52054679139c5;2422afc32438910f;51e9cf25bbbaf629;1354c33bf3a5fa07;8dd89a035f8c2ac0;5fbc4694551aa7ab;9ab694bed81f92d2;1461547c9117b690;613735d3f75df053;7dd696992e061797;d9e5c2c0e3e50ca5;03dc3364fbc740e3;1879fc8753a75ef6;d8e873286ea89781;dc5780d3b7fa0a4d;5eec9096e72cb72b;748ca3ac2f514bf3;2abbce79de622968
proxy,decision,SocialGood:h3:f1:o568,568,1,15,32,47,c5caa33c5e6f079f;d82ec5180d6c2d54;e06e84b468fd1f6a;21c1d5ca9fdb7329;86bf0f45d6f37114;29521ac2ae573962;0a5efc6bb33b63cf;4244400ce3882015;1efbbed0d4254111;6443b4a7cf37bb3b;90f10e4d41a48dfa;7b2ec1e76861364e;b7d053c857f0c034;b19d22d971969441;0d4bb1db45b579d4,13d2ad745fb86519;c16042efe4c80ac0;120f9004154a317b;8d8dc744720f8a9e;9432620720991cba;5f9c53da6b12edcc;b6460c3b7aa37447;76eb28af468f159d;f1f5748d3db23a8f;a2fb26261ed8a093;f2c3d8738f82e089;18b6328180f6a0d7;728e9882be9c9026;0938611b5f64ca75;fb9cccd2fb84d8b3;610d348aaf19f51a;f28eaa525ea69f59;0d9f399dad3aa858;d9581f5ee708e270;2c07a9dbefb9aa8c;e6b1dfe294d7d1c8;3fbf3da338b103a3;17b779b61214432e;90c52054679139c5;2422afc32438910f;51e9cf25bbbaf629;1354c33bf3a5fa07;8dd89a035f8c2ac0;5fbc4694551aa7ab;9ab694bed81f92d2;1461547c9117b690;613735d3f75df053
proxy,decision,SocialGood:h3:f1:o569,569,1,15,32,47,c5caa33c5e6f079f;d82ec5180d6c2d54;e06e84b468fd1f6a;21c1d5ca9fdb7329;86bf0f45d6f37114;29521ac2ae573962;0a5efc6bb33b63cf;4244400ce3882015;1efbbed0d4254111;6443b4a7cf37bb3b;90f10e4d41a48dfa;7b2ec1e76861364e;b7d053c857f0c034;b19d22d971969441;0d4bb1db45b579d4,5116a863e999b86b;74493f01e0729b01;4523099c2ccaf1c6;f1ca922a70a26517;3adcdbba786bbfc1;41588c5f2dbdb523;2fd9a70c9eca188e;6d6555a7c94b75dd;13d2ad745fb86519;c16042efe4c80ac0;120f9004154a317b;8d8dc744720f8a9e;9432620720991cba;5f9c53da6b12edcc;b6460c3b7aa37447;76eb28af468f159d;f1f5748d3db23a8f;a2fb26261ed8a093;f2c3d8738f82e089;18b6328180f6a0d7;728e9882be9c9026;0938611b5f64ca75;fb9cccd2fb84d8b3;610d348aaf19f51a;f28eaa525ea69f59;0d9f399dad3aa858;d9581f5ee708e270;2c07a9dbefb9aa8c;e6b1dfe294d7d1c8;3fbf3da338b103a3;17b779b61214432e;90c52054679139c5
proxy,decision,SocialGood:h3:f1:o570,570,1,16,32,48,ce1b9509e1dc5f29;c5caa33c5e6f079f;d82ec5180d6c2d54;e06e84b468fd1f6a;21c1d5ca9fdb7329;86bf0f45d6f37114;29521ac2ae573962;0a5efc6bb33b63cf;4244400ce3882015;1efbbed0d4254111;6443b4a7cf37bb3b;90f10e4d41a48dfa;7b2ec1e76861364e;b7d053c857f0c034;b19d22d971969441;0d4bb1db45b579d4,791759fe059bac54;d2bc4149de4c5564;46a530381fd40c14;6a838ef40da27e91;1f165c1a9d4b5ddb;2f5345440e4d8727;4362a829b877c7e6;5116a863e999b86b;74493f01e0729b01;4523099c2ccaf1c6;f1ca922a70a26517;3adcdbba786bbfc1;41588c5f2dbdb523;2fd9a70c9eca188e;6d6555a7c94b75dd;13d2ad745fb86519;c16042efe4c80ac0;120f9004154a317b;8d8dc744720f8a9e;9432620720991cba;5f9c53da6b12edcc;b6460c3b7aa37447;76eb28af468f159d;f1f5748d3db23a8f;a2fb26261ed8a093;f2c3d8738f82e089;18b6328180f6a0d7;728e9882be9c9026;0938611b5f64ca75;fb9cccd2fb84d8b3;610d348aaf19f51a;f28eaa525ea69f59
proxy,decision,SocialGood:h3:f1:o571,571,1,17,32,49,7eb8e8da959abf4f;ce1b9509e1dc5f29;c5caa33c5e6f079f;d82ec5180d6c2d54;e06e84b468fd1f6a;21c1d5ca9fdb7329;86bf0f45d6f37114;29521ac2ae573962;0a5efc6bb33b63cf;4244400ce3882015;1efbbed0d4254111;6443b4a7cf37bb3b;90f10e4d41a48dfa;7b2ec1e76861364e;b7d053c857f0c034;b19d22d971969441;0d4bb1db45b579d4,07e8cbb59e83de53;bb653fac3df9a067;67a2379095545146;e2488b24afb32bab;9022aae6bc37c2c5;a23e983611fa45d5;06718773b0343e73;4b782f34d6e99ac6;2f4106d904009bc6;c87dd441df005362;791759fe059bac54;d2bc4149de4c5564;46a530381fd40c14;6a838ef40da27e91;1f165c1a9d4b5ddb;2f5345440e4d8727;4362a829b877c7e6;5116a863e999b86b;74493f01e0729b01;4523099c2ccaf1c6;f1ca922a70a26517;3adcdbba786bbfc1;41588c5f2dbdb523;2fd9a70c9eca188e;6d6555a7c94b75dd;13d2ad745fb86519;c16042efe4c80ac0;120f9004154a317b;8d8dc744720f8a9e;9432620720991cba;5f9c53da6b12edcc;b6460c3b7aa37447
proxy,decision,SocialGood:h3:f1:o572,572,1,18,32,50,0733d1ddbca2c6d6;7eb8e8da959abf4f;ce1b9509e1dc5f29;c5caa33c5e6f079f;d82ec5180d6c2d54;e06e84b468fd1f6a;21c1d5ca9fdb7329;86bf0f45d6f37114;29521ac2ae573962;0a5efc6bb33b63cf;4244400ce3882015;1efbbed0d4254111;6443b4a7cf37bb3b;90f10e4d41a48dfa;7b2ec1e76861364e;b7d053c857f0c034;b19d22d971969441;0d4bb1db45b579d4,8b6412f96955dde1;baacd8854320bb8e;060088fdfa7c0093;6ffbe0b5871fe5ef;da28dbb4d408f899;07e8cbb59e83de53;bb653fac3df9a067;67a2379095545146;e2488b24afb32bab;9022aae6bc37c2c5;a23e983611fa45d5;06718773b0343e73;4b782f34d6e99ac6;2f4106d904009bc6;c87dd441df005362;791759fe059bac54;d2bc4149de4c5564;46a530381fd40c14;6a838ef40da27e91;1f165c1a9d4b5ddb;2f5345440e4d8727;4362a829b877c7e6;5116a863e999b86b;74493f01e0729b01;4523099c2ccaf1c6;f1ca922a70a26517;3adcdbba786bbfc1;41588c5f2dbdb523;2fd9a70c9eca188e;6d6555a7c94b75dd;13d2ad745fb86519;c16042efe4c80ac0
proxy,decision,SocialGood:h3:f1:o573,573,1,19,32,51,c437717d8175a90b;0733d1ddbca2c6d6;7eb8e8da959abf4f;ce1b9509e1dc5f29;c5caa33c5e6f079f;d82ec5180d6c2d54;e06e84b468fd1f6a;21c1d5ca9fdb7329;86bf0f45d6f37114;29521ac2ae573962;0a5efc6bb33b63cf;4244400ce3882015;1efbbed0d4254111;6443b4a7cf37bb3b;90f10e4d41a48dfa;7b2ec1e76861364e;b7d053c857f0c034;b19d22d971969441;0d4bb1db45b579d4,77a4994b107eb53d;6601220f69badb9c;e1c0a0d8f00908a8;3342d4432a981492;4b5d68a6e62ace10;397fd00aa9cb1919;f36c5b6205902ffc;8b6412f96955dde1;baacd8854320bb8e;060088fdfa7c0093;6ffbe0b5871fe5ef;da28dbb4d408f899;07e8cbb59e83de53;bb653fac3df9a067;67a2379095545146;e2488b24afb32bab;9022aae6bc37c2c5;a23e983611fa45d5;06718773b0343e73;4b782f34d6e99ac6;2f4106d904009bc6;c87dd441df005362;791759fe059bac54;d2bc4149de4c5564;46a530381fd40c14;6a838ef40da27e91;1f165c1a9d4b5ddb;2f5345440e4d8727;4362a829b877c7e6;5116a863e999b86b;74493f01e0729b01;4523099c2ccaf1c6
proxy,decision,SocialGood:h3:f1:o574,574,1,20,32,52,f7fef8af63e51d7c;c437717d8175a90b;0733d1ddbca2c6d6;7eb8e8da959abf4f;ce1b9509e1dc5f29;c5caa33c5e6f079f;d82ec5180d6c2d54;e06e84b468fd1f6a;21c1d5ca9fdb7329;86bf0f45d6f37114;29521ac2ae573962;0a5efc6bb33b63cf;4244400ce3882015;1efbbed0d4254111;6443b4a7cf37bb3b;90f10e4d41a48dfa;7b2ec1e76861364e;b7d053c857f0c034;b19d22d971969441;0d4bb1db45b579d4,88f4e580a9a10f48;f658cc71d5675e68;a68eaf80b0ab96ab;f144c704f03070f5;f6291dac1c926f2a;3f456d7578e8ee92;c2d35e5a3a253814;5eee1732d45eb22a;af68ef587547b759;77a4994b107eb53d;6601220f69badb9c;e1c0a0d8f00908a8;3342d4432a981492;4b5d68a6e62ace10;397fd00aa9cb1919;f36c5b6205902ffc;8b6412f96955dde1;baacd8854320bb8e;060088fdfa7c0093;6ffbe0b5871fe5ef;da28dbb4d408f899;07e8cbb59e83de53;bb653fac3df9a067;67a2379095545146;e2488b24afb32bab;9022aae6bc37c2c5;a23e983611fa45d5;06718773b0343e73;4b782f34d6e99ac6;2f4106d904009bc6;c87dd441df005362;791759fe059bac54
proxy,decision,SocialGood:h3:f1:o575,575,1,20,32,52,f7fef8af63e51d7c;c437717d8175a90b;0733d1ddbca2c6d6;7eb8e8da959abf4f;ce1b9509e1dc5f29;c5caa33c5e6f079f;d82ec5180d6c2d54;e06e84b468fd1f6a;21c1d5ca9fdb7329;86bf0f45d6f37114;29521ac2ae573962;0a5efc6bb33b63cf;4244400ce3882015;1efbbed0d4254111;6443b4a7cf37bb3b;90f10e4d41a48dfa;7b2ec1e76861364e;b7d053c857f0c034;b19d22d971969441;0d4bb1db45b579d4,dd2d145e38a13d3a;315f7f4e4941707d;aa1479e14ce9e02e;e2bd230ff4b2f227;f24f39139108de23;3011f525d0f116a4;d0895c50245da02c;88f4e580a9a10f48;f658cc71d5675e68;a68eaf80b0ab96ab;f144c704f03070f5;f6291dac1c926f2a;3f456d7578e8ee92;c2d35e5a3a253814;5eee1732d45eb22a;af68ef587547b759;77a4994b107eb53d;6601220f69badb9c;e1c0a0d8f00908a8;3342d4432a981492;4b5d68a6e62ace10;397fd00aa9cb1919;f36c5b6205902ffc;8b6412f96955dde1;baacd8854320bb8e;060088fdfa7c0093;6ffbe0b5871fe5ef;da28dbb4d408f899;07e8cbb59e83de53;bb653fac3df9a067;67a2379095545146;e2488b24afb32bab
proxy,decision,SocialGood:h3:f1:o576,576,1,21,32,53,a8b98c9bfdb78bf5;f7fef8af63e51d7c;c437717d8175a90b;0733d1ddbca2c6d6;7eb8e8da959abf4f;ce1b9509e1dc5f29;c5caa33c5e6f079f;d82ec5180d6c2d54;e06e84b468fd1f6a;21c1d5ca9fdb7329;86bf0f45d6f37114;29521ac2ae573962;0a5efc6bb33b63cf;4244400ce3882015;1efbbed0d4254111;6443b4a7cf37bb3b;90f10e4d41a48dfa;7b2ec1e76861364e;b7d053c857f0c034;b19d22d971969441;0d4bb1db45b579d4,1005f485ffe06a6e;f69aacd8cdfacc99;80dac974789b88f4;f36dda4209c0fbee;889840a1ab2d7f37;e250033da5cc6d0d;84f392ef207cf37a;a36d11500a6ad519;74d2a20f13fef368;c6316ead7c4d8c3b;dd2d145e38a13d3a;315f7f4e4941707d;aa1479e14ce9e02e;e2bd230ff4b2f227;f24f39139108de23;3011f525d0f116a4;d0895c50245da02c;88f4e580a9a10f48;f658cc71d5675e68;a68eaf80b0ab96ab;f144c704f03070f5;f6291dac1c926f2a;3f456d7578e8ee92;c2d35e5a3a253814;5eee1732d45eb22a;af68ef587547b759;77a4994b107eb53d;6601220f69badb9c;e1c0a0d8f00908a8;3342d4432a981492;4b5d68a6e62ace10;397fd00aa9cb1919
proxy,decision,SocialGood:h3:f1:o577,577,1,21,32,53,60852337109e1518;a8b98c9bfdb78bf5;f7fef8af63e51d7c;c437717d8175a90b;0733d1ddbca2c6d6;7eb8e8da959abf4f;ce1b9509e1dc5f29;c5caa33c5e6f079f;d82ec5180d6c2d54;e06e84b468fd1f6a;21c1d5ca9fdb7329;86bf0f45d6f37114;29521ac2ae573962;0a5efc6bb33b63cf;4244400ce3882015;1efbbed0d4254111;6443b4a7cf37bb3b;90f10e4d41a48dfa;7b2ec1e76861364e;b7d053c857f0c034;b19d22d971969441,0e3fd6805a92cb17;2923899604420d0d;53e9db2e90f28ec8;8203a680fea55b1f;2ef956fff277cc27;4dbd811ffce729dc;0426609b379f6ee8;fd1823e19d21965d;1005f485ffe06a6e;f69aacd8cdfacc99;80dac974789b88f4;f36dda4209c0fbee;889840a1ab2d7f37;e250033da5cc6d0d;84f392ef207cf37a;a36d11500a6ad519;74d2a20f13fef368;c6316ead7c4d8c3b;dd2d145e38a13d3a;315f7f4e4941707d;aa1479e14ce9e02e;e2bd230ff4b2f227;f24f39139108de23;3011f525d0f116a4;d0895c50245da02c;88f4e580a9a10f48;f658cc71d5675e68;a68eaf80b0ab96ab;f144c704f03070f5;f6291dac1c926f2a;3f456d7578e8ee92;c2d35e5a3a253814
proxy,decision,SocialGood:h3:f1:o578,578,1,21,32,53,0fe133c2b1358346;60852337109e1518;a8b98c9bfdb78bf5;f7fef8af63e51d7c;c437717d8175a90b;0733d1ddbca2c6d6;7eb8e8da959abf4f;ce1b9509e1dc5f29;c5caa33c5e6f079f;d82ec5180d6c2d54;e06e84b468fd1f6a;21c1d5ca9fdb7329;86bf0f45d6f37114;29521ac2ae573962;0a5efc6bb33b63cf;4244400ce3882015;1efbbed0d4254111;6443b4a7cf37bb3b;90f10e4d41a48dfa;7b2ec1e76861364e;b7d053c857f0c034,715424303fc91c14;99cc241b06d87882;29b42a102eba8de2;da5ab5d60f11b4cd;3ac6ed3afe1fccae;3b0a97c7f14f2345;0ad90710b8080ce0;f0e62af2c44e8e43;0e3fd6805a92cb17;2923899604420d0d;53e9db2e90f28ec8;8203a680fea55b1f;2ef956fff277cc27;4dbd811ffce729dc;0426609b379f6ee8;fd1823e19d21965d;1005f485ffe06a6e;f69aacd8cdfacc99;80dac974789b88f4;f36dda4209c0fbee;889840a1ab2d7f37;e250033da5cc6d0d;84f392ef207cf37a;a36d11500a6ad519;74d2a20f13fef368;c6316ead7c4d8c3b;dd2d145e38a13d3a;315f7f4e4941707d;aa1479e14ce9e02e;e2bd230ff4b2f227;f24f39139108de23;3011f525d0f116a4
proxy,decision,SocialGood:h3:f1:o579,579,1,21,32,53,ff704b3646033d42;0fe133c2b1358346;60852337109e1518;a8b98c9bfdb78bf5;f7fef8af63e51d7c;c437717d8175a90b;0733d1ddbca2c6d6;7eb8e8da959abf4f;ce1b9509e1dc5f29;c5caa33c5e6f079f;d82ec5180d6c2d54;e06e84b468fd1f6a;21c1d5ca9fdb7329;86bf0f45d6f37114;29521ac2ae573962;0a5efc6bb33b63cf;4244400ce3882015;1efbbed0d4254111;6443b4a7cf37bb3b;90f10e4d41a48dfa;7b2ec1e76861364e,849f269ff512d4d1;b18b404c53c7eaa3;c4b07c7aef610dfb;fe5fd625eb38af54;329b63fcf3811203;c7ad5bd65d3a60f5;23f8497924308e88;d370fa4ae422e33d;2eaf9fb67acb5e17;b82d1ab0e73fb8c9;715424303fc91c14;99cc241b06d87882;29b42a102eba8de2;da5ab5d60f11b4cd;3ac6ed3afe1fccae;3b0a97c7f14f2345;0ad90710b8080ce0;f0e62af2c44e8e43;0e3fd6805a92cb17;2923899604420d0d;53e9db2e90f28ec8;8203a680fea55b1f;2ef956fff277cc27;4dbd811ffce729dc;0426609b379f6ee8;fd1823e19d21965d;1005f485ffe06a6e;f69aacd8cdfacc99;80dac974789b88f4;f36dda4209c0fbee;889840a1ab2d7f37;e250033da5cc6d0d
proxy,decision,SocialGood:h3:f1:o580,580,1,21,32,53,dc15768a901b6047;ff704b3646033d42;0fe133c2b1358346;60852337109e1518;a8b98c9bfdb78bf5;f7fef8af63e51d7c;c437717d8175a90b;0733d1ddbca2c6d6;7eb8e8da959abf4f;ce1b9509e1dc5f29;c5caa33c5e6f079f;d82ec5180d6c2d54;e06e84b468fd1f6a;21c1d5ca9fdb7329;86bf0f45d6f37114;29521ac2ae573962;0a5efc6bb33b63cf;4244400ce3882015;1efbbed0d4254111;6443b4a7cf37bb3b;90f10e4d41a48dfa,017ab36d99e8d05a;ecacb79e2212c39b;6e59dfc75ab389df;e4085cf80e85b964;8f8fdf0ececce0b6;d997f03fde030121;25789ba4fe3dc5d4;974c26904897dacc;849f269ff512d4d1;b18b404c53c7eaa3;c4b07c7aef610dfb;fe5fd625eb38af54;329b63fcf3811203;c7ad5bd65d3a60f5;23f8497924308e88;d370fa4ae422e33d;2eaf9fb67acb5e17;b82d1ab0e73fb8c9;715424303fc91c14;99cc241b06d87882;29b42a102eba8de2;da5ab5d60f11b4cd;3ac6ed3afe1fccae;3b0a97c7f14f2345;0ad90710b8080ce0;f0e62af2c44e8e43;0e3fd6805a92cb17;2923899604420d0d;53e9db2e90f28ec8;8203a680fea55b1f;2ef956fff277cc27;4dbd811ffce729dc
proxy,decision,SocialGood:h3:f1:o581,581,1,21,32,53,834708e0f5547418;dc15768a901b6047;ff704b3646033d42;0fe133c2b1358346;60852337109e1518;a8b98c9bfdb78bf5;f7fef8af63e51d7c;c437717d8175a90b;0733d1ddbca2c6d6;7eb8e8da959abf4f;ce1b9509e1dc5f29;c5caa33c5e6f079f;d82ec5180d6c2d54;e06e84b468fd1f6a;21c1d5ca9fdb7329;86bf0f45d6f37114;29521ac2ae573962;0a5efc6bb33b63cf;4244400ce3882015;1efbbed0d4254111;6443b4a7cf37bb3b,e213b9ea814d5f77;b8f1ee0d2152d5b4;dfb17944c5bdbba5;5567a56b1d276dd9;60f177dcdb4939b7;85cbb64d5ee1e2ea;b1aafc1d0986eec3;017ab36d99e8d05a;ecacb79e2212c39b;6e59dfc75ab389df;e4085cf80e85b964;8f8fdf0ececce0b6;d997f03fde030121;25789ba4fe3dc5d4;974c26904897dacc;849f269ff512d4d1;b18b404c53c7eaa3;c4b07c7aef610dfb;fe5fd625eb38af54;329b63fcf3811203;c7ad5bd65d3a60f5;23f8497924308e88;d370fa4ae422e33d;2eaf9fb67acb5e17;b82d1ab0e73fb8c9;715424303fc91c14;99cc241b06d87882;29b42a102eba8de2;da5ab5d60f11b4cd;3ac6ed3afe1fccae;3b0a97c7f14f2345;0ad90710b8080ce0
proxy,decision,SocialGood:h3:f1:o582,582,1,21,32,53,9fd146d19f991344;834708e0f5547418;dc15768a901b6047;ff704b3646033d42;0fe133c2b1358346;60852337109e1518;a8b98c9bfdb78bf5;f7fef8af63e51d7c;c437717d8175a90b;0733d1ddbca2c6d6;7eb8e8da959abf4f;ce1b9509e1dc5f29;c5caa33c5e6f079f;d82ec5180d6c2d54;e06e84b468fd1f6a;21c1d5ca9fdb7329;86bf0f45d6f37114;29521ac2ae573962;0a5efc6bb33b63cf;4244400ce3882015;1efbbed0d4254111,e2faf4eccf064572;fb66c8694677ae80;a9a5aab95dee3f98;b702826ddfe5f857;fff5d65c16a6f7ea;833d9c3c2558c43f;fd999e20110e4eb4;06c68aabf10ad7cb;a86ad159e450b5fd;e213b9ea814d5f77;b8f1ee0d2152d5b4;dfb17944c5bdbba5;5567a56b1d276dd9;60f177dcdb4939b7;85cbb64d5ee1e2ea;b1aafc1d0986eec3;017ab36d99e8d05a;ecacb79e2212c39b;6e59dfc75ab389df;e4085cf80e85b964;8f8fdf0ececce0b6;d997f03fde030121;25789ba4fe3dc5d4;974c26904897dacc;849f269ff512d4d1;b18b404c53c7eaa3;c4b07c7aef610dfb;fe5fd625eb38af54;329b63fcf3811203;c7ad5bd65d3a60f5;23f8497924308e88;d370fa4ae422e33d
proxy,decision,SocialGood:h3:f1:o583,583,1,21,32,53,3a95c8b0aa6b7a6c;9fd146d19f991344;834708e0f5547418;dc15768a901b6047;ff704b3646033d42;0fe133c2b1358346;60852337109e1518;a8b98c9bfdb78bf5;f7fef8af63e51d7c;c437717d8175a90b;0733d1ddbca2c6d6;7eb8e8da959abf4f;ce1b9509e1dc5f29;c5caa33c5e6f079f;d82ec5180d6c2d54;e06e84b468fd1f6a;21c1d5ca9fdb7329;86bf0f45d6f37114;29521ac2ae573962;0a5efc6bb33b63cf;4244400ce3882015,1191d2635651a139;988a8010294f5626;079a13a91cb4e5bc;f4453a7a0e75ade8;2c8e1da019d70308;591b64c8302a6250;b5f685cd2f1c0cfd;edb289d97031e752;e2faf4eccf064572;fb66c8694677ae80;a9a5aab95dee3f98;b702826ddfe5f857;fff5d65c16a6f7ea;833d9c3c2558c43f;fd999e20110e4eb4;06c68aabf10ad7cb;a86ad159e450b5fd;e213b9ea814d5f77;b8f1ee0d2152d5b4;dfb17944c5bdbba5;5567a56b1d276dd9;60f177dcdb4939b7;85cbb64d5ee1e2ea;b1aafc1d0986eec3;017ab36d99e8d05a;ecacb79e2212c39b;6e59dfc75ab389df;e4085cf80e85b964;8f8fdf0ececce0b6;d997f03fde030121;25789ba4fe3dc5d4;974c26904897dacc
proxy,decision,SocialGood:h3:f1:o584,584,1,21,32,53,c5ea24e876a90e1a;3a95c8b0aa6b7a6c;9fd146d19f991344;834708e0f5547418;dc15768a901b6047;ff704b3646033d42;0fe133c2b1358346;60852337109e1518;a8b98c9bfdb78bf5;f7fef8af63e51d7c;c437717d8175a90b;0733d1ddbca2c6d6;7eb8e8da959abf4f;ce1b9509e1dc5f29;c5caa33c5e6f079f;d82ec5180d6c2d54;e06e84b468fd1f6a;21c1d5ca9fdb7329;86bf0f45d6f37114;29521ac2ae573962;0a5efc6bb33b63cf,26601fb033b9e8a1;2c158a4b8f6ec3b9;09bd0ef4aefbd6f6;98f33c7fd62ed460;03e69ecdfbf062cb;f4a45f3506d76dc8;25a93a51751b0f7c;7d33fbc26e289c75;1191d2635651a139;988a8010294f5626;079a13a91cb4e5bc;f4453a7a0e75ade8;2c8e1da019d70308;591b64c8302a6250;b5f685cd2f1c0cfd;edb289d97031e752;e2faf4eccf064572;fb66c8694677ae80;a9a5aab95dee3f98;b702826ddfe5f857;fff5d65c16a6f7ea;833d9c3c2558c43f;fd999e20110e4eb4;06c68aabf10ad7cb;a86ad159e450b5fd;e213b9ea814d5f77;b8f1ee0d2152d5b4;dfb17944c5bdbba5;5567a56b1d276dd9;60f177dcdb4939b7;85cbb64d5ee1e2ea;b1aafc1d0986eec3
proxy,decision,SocialGood:h3:f1:o585,585,1,21,32,53,9b66b6d45894f749;c5ea24e876a90e1a;3a95c8b0aa6b7a6c;9fd146d19f991344;834708e0f5547418;dc15768a901b6047;ff704b3646033d42;0fe133c2b1358346;60852337109e1518;a8b98c9bfdb78bf5;f7fef8af63e51d7c;c437717d8175a90b;0733d1ddbca2c6d6;7eb8e8da959abf4f;ce1b9509e1dc5f29;c5caa33c5e6f079f;d82ec5180d6c2d54;e06e84b468fd1f6a;21c1d5ca9fdb7329;86bf0f45d6f37114;29521ac2ae573962,03f1ce2a340705a3;abb7b78910ca3a82;2e92dbb0101a0e96;b87e2f375b715116;1ac88b612682d2f2;adc2b5db9ef85b6f;2e28b1d1e67c34c2;f50a9fb1cf20adc2;a4985c1459501eff;c0971b4be00c720a;26601fb033b9e8a1;2c158a4b8f6ec3b9;09bd0ef4aefbd6f6;98f33c7fd62ed460;03e69ecdfbf062cb;f4a45f3506d76dc8;25a93a51751b0f7c;7d33fbc26e289c75;1191d2635651a139;988a8010294f5626;079a13a91cb4e5bc;f4453a7a0e75ade8;2c8e1da019d70308;591b64c8302a6250;b5f685cd2f1c0cfd;edb289d97031e752;e2faf4eccf064572;fb66c8694677ae80;a9a5aab95dee3f98;b702826ddfe5f857;fff5d65c16a6f7ea;833d9c3c2558c43f
proxy,decision,SocialGood:h3:f1:o586,586,1,21,32,53,1b77eda194ab91b2;9b66b6d45894f749;c5ea24e876a90e1a;3a95c8b0aa6b7a6c;9fd146d19f991344;834708e0f5547418;dc15768a901b6047;ff704b3646033d42;0fe133c2b1358346;60852337109e1518;a8b98c9bfdb78bf5;f7fef8af63e51d7c;c437717d8175a90b;0733d1ddbca2c6d6;7eb8e8da959abf4f;ce1b9509e1dc5f29;c5caa33c5e6f079f;d82ec5180d6c2d54;e06e84b468fd1f6a;21c1d5ca9fdb7329;86bf0f45d6f37114,cb31806d45d99f47;e685efaa56bd8fe4;3544046005d23dc2;4790a6dc24ebd31e;3725a3be164310f7;a1b58651040df8c0;983d245432739354;b5c3857a01175b82;03f1ce2a340705a3;abb7b78910ca3a82;2e92dbb0101a0e96;b87e2f375b715116;1ac88b612682d2f2;adc2b5db9ef85b6f;2e28b1d1e67c34c2;f50a9fb1cf20adc2;a4985c1459501eff;c0971b4be00c720a;26601fb033b9e8a1;2c158a4b8f6ec3b9;09bd0ef4aefbd6f6;98f33c7fd62ed460;03e69ecdfbf062cb;f4a45f3506d76dc8;25a93a51751b0f7c;7d33fbc26e289c75;1191d2635651a139;988a8010294f5626;079a13a91cb4e5bc;f4453a7a0e75ade8;2c8e1da019d70308;591b64c8302a6250
proxy,decision,SocialGood:h3:f1:o587,587,1,21,32,53,b2395090f3cf663c;1b77eda194ab91b2;9b66b6d45894f749;c5ea24e876a90e1a;3a95c8b0aa6b7a6c;9fd146d19f991344;834708e0f5547418;dc15768a901b6047;ff704b3646033d42;0fe133c2b1358346;60852337109e1518;a8b98c9bfdb78bf5;f7fef8af63e51d7c;c437717d8175a90b;0733d1ddbca2c6d6;7eb8e8da959abf4f;ce1b9509e1dc5f29;c5caa33c5e6f079f;d82ec5180d6c2d54;e06e84b468fd1f6a;21c1d5ca9fdb7329,c93bbe85fd0deb9a;d521764d30391725;edb9c433ded1ccb1;fd08ce2ca0010406;04d77d8060d8e74f;e5c6a217add1d33f;724d65382a606995;c24fc611421fbec5;cb31806d45d99f47;e685efaa56bd8fe4;3544046005d23dc2;4790a6dc24ebd31e;3725a3be164310f7;a1b58651040df8c0;983d245432739354;b5c3857a01175b82;03f1ce2a340705a3;abb7b78910ca3a82;2e92dbb0101a0e96;b87e2f375b715116;1ac88b612682d2f2;adc2b5db9ef85b6f;2e28b1d1e67c34c2;f50a9fb1cf20adc2;a4985c1459501eff;c0971b4be00c720a;26601fb033b9e8a1;2c158a4b8f6ec3b9;09bd0ef4aefbd6f6;98f33c7fd62ed460;03e69ecdfbf062cb;f4a45f3506d76dc8
proxy,decision,SocialGood:h3:f1:o588,588,1,21,32,53,a73da7451bff7091;b2395090f3cf663c;1b77eda194ab91b2;9b66b6d45894f749;c5ea24e876a90e1a;3a95c8b0aa6b7a6c;9fd146d19f991344;834708e0f5547418;dc15768a901b6047;ff704b3646033d42;0fe133c2b1358346;60852337109e1518;a8b98c9bfdb78bf5;f7fef8af63e51d7c;c437717d8175a90b;0733d1ddbca2c6d6;7eb8e8da959abf4f;ce1b9509e1dc5f29;c5caa33c5e6f079f;d82ec5180d6c2d54;e06e84b468fd1f6a,09bc0d5d62b09f4a;873086cab2286e3f;9aca63801152d3cb;eb839fa13774be42;0e9e4ad76bcdc00a;4e90cf2cf2541d63;a4bc013f2ac3059b;3148cc550b1ed633;77154b5ef038adc0;c93bbe85fd0deb9a;d521764d30391725;edb9c433ded1ccb1;fd08ce2ca0010406;04d77d8060d8e74f;e5c6a217add1d33f;724d65382a606995;c24fc611421fbec5;cb31806d45d99f47;e685efaa56bd8fe4;3544046005d23dc2;4790a6dc24ebd31e;3725a3be164310f7;a1b58651040df8c0;983d245432739354;b5c3857a01175b82;03f1ce2a340705a3;abb7b78910ca3a82;2e92dbb0101a0e96;b87e2f375b715116;1ac88b612682d2f2;adc2b5db9ef85b6f;2e28b1d1e67c34c2
proxy,decision,SocialGood:h3:f1:o589,589,1,22,32,54,cd75d84771814516;a73da7451bff7091;b2395090f3cf663c;1b77eda194ab91b2;9b66b6d45894f749;c5ea24e876a90e1a;3a95c8b0aa6b7a6c;9fd146d19f991344;834708e0f5547418;dc15768a901b6047;ff704b3646033d42;0fe133c2b1358346;60852337109e1518;a8b98c9bfdb78bf5;f7fef8af63e51d7c;c437717d8175a90b;0733d1ddbca2c6d6;7eb8e8da959abf4f;ce1b9509e1dc5f29;c5caa33c5e6f079f;d82ec5180d6c2d54;e06e84b468fd1f6a,14273bb855bb244e;cd635dd4c9ee600e;1b0937ef1093ae23;30238907a174bad4;25a9de7a7b94a2f7;b8b4ffd7ced3d2e1;32eb9b392a52fa5d;de75c59596553258;09bc0d5d62b09f4a;873086cab2286e3f;9aca63801152d3cb;eb839fa13774be42;0e9e4ad76bcdc00a;4e90cf2cf2541d63;a4bc013f2ac3059b;3148cc550b1ed633;77154b5ef038adc0;c93bbe85fd0deb9a;d521764d30391725;edb9c433ded1ccb1;fd08ce2ca0010406;04d77d8060d8e74f;e5c6a217add1d33f;724d65382a606995;c24fc611421fbec5;cb31806d45d99f47;e685efaa56bd8fe4;3544046005d23dc2;4790a6dc24ebd31e;3725a3be164310f7;a1b58651040df8c0;983d245432739354
proxy,decision,SocialGood:h3:f1:o590,590,1,22,32,54,1ae86d2a3fe96bdf;cd75d84771814516;a73da7451bff7091;b2395090f3cf663c;1b77eda194ab91b2;9b66b6d45894f749;c5ea24e876a90e1a;3a95c8b0aa6b7a6c;9fd146d19f991344;834708e0f5547418;dc15768a901b6047;ff704b3646033d42;0fe133c2b1358346;60852337109e1518;a8b98c9bfdb78bf5;f7fef8af63e51d7c;c437717d8175a90b;0733d1ddbca2c6d6;7eb8e8da959abf4f;ce1b9509e1dc5f29;c5caa33c5e6f079f;d82ec5180d6c2d54,d3896245863509ab;7c8ae48fff1edc77;7c93d6f7d8be608b;1493d6aa247f136f;175e35bd097ab037;a15cb43008de1b78;c71de999cf842dd9;14273bb855bb244e;cd635dd4c9ee600e;1b0937ef1093ae23;30238907a174bad4;25a9de7a7b94a2f7;b8b4ffd7ced3d2e1;32eb9b392a52fa5d;de75c59596553258;09bc0d5d62b09f4a;873086cab2286e3f;9aca63801152d3cb;eb839fa13774be42;0e9e4ad76bcdc00a;4e90cf2cf2541d63;a4bc013f2ac3059b;3148cc550b1ed633;77154b5ef038adc0;c93bbe85fd0deb9a;d521764d30391725;edb9c433ded1ccb1;fd08ce2ca0010406;04d77d8060d8e74f;e5c6a217add1d33f;724d65382a606995;c24fc611421fbec5
proxy,decision,SocialGood:h3:f1:o591,591,1,22,32,54,83fbdb573165f571;1ae86d2a3fe96bdf;cd75d84771814516;a73da7451bff7091;b2395090f3cf663c;1b77eda194ab91b2;9b66b6d45894f749;c5ea24e876a90e1a;3a95c8b0aa6b7a6c;9fd146d19f991344;834708e0f5547418;dc15768a901b6047;ff704b3646033d42;0fe133c2b1358346;60852337109e1518;a8b98c9bfdb78bf5;f7fef8af63e51d7c;c437717d8175a90b;0733d1ddbca2c6d6;7eb8e8da959abf4f;ce1b9509e1dc5f29;c5caa33c5e6f079f,3ed80526b4edc776;904fbf16cdce1f04;67975c4c969ad2b7;a469bb1a0b842721;b9e90db57ba139c2;faa8ec2e5effb869;48a16deafc349388;d0e57c748db35e7d;80ec35db7693f234;e1823f7f8c566617;d3896245863509ab;7c8ae48fff1edc77;7c93d6f7d8be608b;1493d6aa247f136f;175e35bd097ab037;a15cb43008de1b78;c71de999cf842dd9;14273bb855bb244e;cd635dd4c9ee600e;1b0937ef1093ae23;30238907a174bad4;25a9de7a7b94a2f7;b8b4ffd7ced3d2e1;32eb9b392a52fa5d;de75c59596553258;09bc0d5d62b09f4a;873086cab2286e3f;9aca63801152d3cb;eb839fa13774be42;0e9e4ad76bcdc00a;4e90cf2cf2541d63;a4bc013f2ac3059b
proxy,decision,SocialGood:h3:f1:o592,592,1,21,32,53,83fbdb573165f571;1ae86d2a3fe96bdf;cd75d84771814516;a73da7451bff7091;b2395090f3cf663c;1b77eda194ab91b2;9b66b6d45894f749;c5ea24e876a90e1a;3a95c8b0aa6b7a6c;9fd146d19f991344;834708e0f5547418;dc15768a901b6047;ff704b3646033d42;0fe133c2b1358346;60852337109e1518;a8b98c9bfdb78bf5;f7fef8af63e51d7c;c437717d8175a90b;0733d1ddbca2c6d6;7eb8e8da959abf4f;ce1b9509e1dc5f29,b5bdf679ed73de14;f63b19490e083108;cf6a01880c3619b8;db8753557c582804;b19e4a623b60cb46;cbd2771b2e295222;ccc6954e698ac52d;dda45e4fc378fec9;3ed80526b4edc776;904fbf16cdce1f04;67975c4c969ad2b7;a469bb1a0b842721;b9e90db57ba139c2;faa8ec2e5effb869;48a16deafc349388;d0e57c748db35e7d;80ec35db7693f234;e1823f7f8c566617;d3896245863509ab;7c8ae48fff1edc77;7c93d6f7d8be608b;1493d6aa247f136f;175e35bd097ab037;a15cb43008de1b78;c71de999cf842dd9;14273bb855bb244e;cd635dd4c9ee600e;1b0937ef1093ae23;30238907a174bad4;25a9de7a7b94a2f7;b8b4ffd7ced3d2e1;32eb9b392a52fa5d
proxy,decision,SocialGood:h3:f1:o593,593,1,21,32,53,83fbdb573165f571;1ae86d2a3fe96bdf;cd75d84771814516;a73da7451bff7091;b2395090f3cf663c;1b77eda194ab91b2;9b66b6d45894f749;c5ea24e876a90e1a;3a95c8b0aa6b7a6c;9fd146d19f991344;834708e0f5547418;dc15768a901b6047;ff704b3646033d42;0fe133c2b1358346;60852337109e1518;a8b98c9bfdb78bf5;f7fef8af63e51d7c;c437717d8175a90b;0733d1ddbca2c6d6;7eb8e8da959abf4f;ce1b9509e1dc5f29,1edc406e08d86862;ec13ad5f3d7dc51c;3bc75ed8c51c2034;f5037f7a31376b65;5da5c79e6c9f0353;a42763252b002f52;2f8c4ebb161e7227;54a1ea4eb49ab511;b5bdf679ed73de14;f63b19490e083108;cf6a01880c3619b8;db8753557c582804;b19e4a623b60cb46;cbd2771b2e295222;ccc6954e698ac52d;dda45e4fc378fec9;3ed80526b4edc776;904fbf16cdce1f04;67975c4c969ad2b7;a469bb1a0b842721;b9e90db57ba139c2;faa8ec2e5effb869;48a16deafc349388;d0e57c748db35e7d;80ec35db7693f234;e1823f7f8c566617;d3896245863509ab;7c8ae48fff1edc77;7c93d6f7d8be608b;1493d6aa247f136f;175e35bd097ab037;a15cb43008de1b78
proxy,decision,SocialGood:h3:f1:o594,594,1,21,32,53,9a17cd500b006e5a;83fbdb573165f571;1ae86d2a3fe96bdf;cd75d84771814516;a73da7451bff7091;b2395090f3cf663c;1b77eda194ab91b2;9b66b6d45894f749;c5ea24e876a90e1a;3a95c8b0aa6b7a6c;9fd146d19f991344;834708e0f5547418;dc15768a901b6047;ff704b3646033d42;0fe133c2b1358346;60852337109e1518;a8b98c9bfdb78bf5;f7fef8af63e51d7c;c437717d8175a90b;0733d1ddbca2c6d6;7eb8e8da959abf4f,24c793794b07d9ab;9029b1ed408d7b46;49397c70d16fbbe9;5ce780aca1d1bc01;2f43e83e4f94c020;f4e0ae208214a49e;96ab68e28043ecf3;a749bf0a04a0b460;6e6b41d35927984c;9f689279a9936ecf;1edc406e08d86862;ec13ad5f3d7dc51c;3bc75ed8c51c2034;f5037f7a31376b65;5da5c79e6c9f0353;a42763252b002f52;2f8c4ebb161e7227;54a1ea4eb49ab511;b5bdf679ed73de14;f63b19490e083108;cf6a01880c3619b8;db8753557c582804;b19e4a623b60cb46;cbd2771b2e295222;ccc6954e698ac52d;dda45e4fc378fec9;3ed80526b4edc776;904fbf16cdce1f04;67975c4c969ad2b7;a469bb1a0b842721;b9e90db57ba139c2;faa8ec2e5effb869
proxy,decision,SocialGood:h3:f1:o595,595,1,20,32,52,9a17cd500b006e5a;83fbdb573165f571;1ae86d2a3fe96bdf;cd75d84771814516;a73da7451bff7091;b2395090f3cf663c;1b77eda194ab91b2;9b66b6d45894f749;c5ea24e876a90e1a;3a95c8b0aa6b7a6c;9fd146d19f991344;834708e0f5547418;dc15768a901b6047;ff704b3646033d42;0fe133c2b1358346;60852337109e1518;a8b98c9bfdb78bf5;f7fef8af63e51d7c;c437717d8175a90b;0733d1ddbca2c6d6,ded980a207565324;dfbe327d741d47a2;25eb5675c9be36a3;f065db67072853a8;2ae7ce5aa2c549a7;5856a37e4a1c1e92;3894cce3878bb99b;df29895b0b1973f0;24c793794b07d9ab;9029b1ed408d7b46;49397c70d16fbbe9;5ce780aca1d1bc01;2f43e83e4f94c020;f4e0ae208214a49e;96ab68e28043ecf3;a749bf0a04a0b460;6e6b41d35927984c;9f689279a9936ecf;1edc406e08d86862;ec13ad5f3d7dc51c;3bc75ed8c51c2034;f5037f7a31376b65;5da5c79e6c9f0353;a42763252b002f52;2f8c4ebb161e7227;54a1ea4eb49ab511;b5bdf679ed73de14;f63b19490e083108;cf6a01880c3619b8;db8753557c582804;b19e4a623b60cb46;cbd2771b2e295222
proxy,decision,SocialGood:h3:f1:o596,596,1,20,32,52,7ecd923c85e1ec1c;9a17cd500b006e5a;83fbdb573165f571;1ae86d2a3fe96bdf;cd75d84771814516;a73da7451bff7091;b2395090f3cf663c;1b77eda194ab91b2;9b66b6d45894f749;c5ea24e876a90e1a;3a95c8b0aa6b7a6c;9fd146d19f991344;834708e0f5547418;dc15768a901b6047;ff704b3646033d42;0fe133c2b1358346;60852337109e1518;a8b98c9bfdb78bf5;f7fef8af63e51d7c;c437717d8175a90b,87c9124f77408a27;89a84827c97a2c97;2a6b7bc00587fe07;872094cf768316da;124f343714030a81;8122dfa5900c0c77;0772d7d586f5fa9c;fb5cd7f9c65dda77;995ed75c99450c7f;fe0b6e545b2a0796;ded980a207565324;dfbe327d741d47a2;25eb5675c9be36a3;f065db67072853a8;2ae7ce5aa2c549a7;5856a37e4a1c1e92;3894cce3878bb99b;df29895b0b1973f0;24c793794b07d9ab;9029b1ed408d7b46;49397c70d16fbbe9;5ce780aca1d1bc01;2f43e83e4f94c020;f4e0ae208214a49e;96ab68e28043ecf3;a749bf0a04a0b460;6e6b41d35927984c;9f689279a9936ecf;1edc406e08d86862;ec13ad5f3d7dc51c;3bc75ed8c51c2034;f5037f7a31376b65
proxy,decision,SocialGood:h3:f1:o597,597,1,20,32,52,0fa0eca227540c37;7ecd923c85e1ec1c;9a17cd500b006e5a;83fbdb573165f571;1ae86d2a3fe96bdf;cd75d84771814516;a73da7451bff7091;b2395090f3cf663c;1b77eda194ab91b2;9b66b6d45894f749;c5ea24e876a90e1a;3a95c8b0aa6b7a6c;9fd146d19f991344;834708e0f5547418;dc15768a901b6047;ff704b3646033d42;0fe133c2b1358346;60852337109e1518;a8b98c9bfdb78bf5;f7fef8af63e51d7c,a9099a5ba22a010d;f8bab088a19d6a84;1075dc7814830296;445dcf0996e7b763;91d5e83932fb85ce;b886759299bc7fee;230e924404df9dae;2ec45d29680484b4;87c9124f77408a27;89a84827c97a2c97;2a6b7bc00587fe07;872094cf768316da;124f343714030a81;8122dfa5900c0c77;0772d7d586f5fa9c;fb5cd7f9c65dda77;995ed75c99450c7f;fe0b6e545b2a0796;ded980a207565324;dfbe327d741d47a2;25eb5675c9be36a3;f065db67072853a8;2ae7ce5aa2c549a7;5856a37e4a1c1e92;3894cce3878bb99b;df29895b0b1973f0;24c793794b07d9ab;9029b1ed408d7b46;49397c70d16fbbe9;5ce780aca1d1bc01;2f43e83e4f94c020;f4e0ae208214a49e
proxy,decision,SocialGood:h3:f1:o598,598,1,19,32,51,0fa0eca227540c37;7ecd923c85e1ec1c;9a17cd500b006e5a;83fbdb573165f571;1ae86d2a3fe96bdf;cd75d84771814516;a73da7451bff7091;b2395090f3cf663c;1b77eda194ab91b2;9b66b6d45894f749;c5ea24e876a90e1a;3a95c8b0aa6b7a6c;9fd146d19f991344;834708e0f5547418;dc15768a901b6047;ff704b3646033d42;0fe133c2b1358346;60852337109e1518;a8b98c9bfdb78bf5,822759baa6c6ae87;d0b33a3ec27eefb8;a49123752d5f98f0;d03310c75a181f6c;456693e11e09a855;a46237f2b415668b;0757f780b1e1c68d;a24744088a9074be;a9099a5ba22a010d;f8bab088a19d6a84;1075dc7814830296;445dcf0996e7b763;91d5e83932fb85ce;b886759299bc7fee;230e924404df9dae;2ec45d29680484b4;87c9124f77408a27;89a84827c97a2c97;2a6b7bc00587fe07;872094cf768316da;124f343714030a81;8122dfa5900c0c77;0772d7d586f5fa9c;fb5cd7f9c65dda77;995ed75c99450c7f;fe0b6e545b2a0796;ded980a207565324;dfbe327d741d47a2;25eb5675c9be36a3;f065db67072853a8;2ae7ce5aa2c549a7;5856a37e4a1c1e92
proxy,decision,SocialGood:h3:f1:o599,599,1,20,32,52,c334f36707c58306;0fa0eca227540c37;7ecd923c85e1ec1c;9a17cd500b006e5a;83fbdb573165f571;1ae86d2a3fe96bdf;cd75d84771814516;a73da7451bff7091;b2395090f3cf663c;1b77eda194ab91b2;9b66b6d45894f749;c5ea24e876a90e1a;3a95c8b0aa6b7a6c;9fd146d19f991344;834708e0f5547418;dc15768a901b6047;ff704b3646033d42;0fe133c2b1358346;60852337109e1518;a8b98c9bfdb78bf5,1ea9127151dc3942;20b1a944cb00a42d;16289640b4dfce9c;8c7c54eb45412847;77dcfbbb2d877033;b16d528706e54f4c;60bbc88ce84596ee;d994a1d739f26729;2119f1b9bf50f2c3;7f7309ccacf42424;822759baa6c6ae87;d0b33a3ec27eefb8;a49123752d5f98f0;d03310c75a181f6c;456693e11e09a855;a46237f2b415668b;0757f780b1e1c68d;a24744088a9074be;a9099a5ba22a010d;f8bab088a19d6a84;1075dc7814830296;445dcf0996e7b763;91d5e83932fb85ce;b886759299bc7fee;230e924404df9dae;2ec45d29680484b4;87c9124f77408a27;89a84827c97a2c97;2a6b7bc00587fe07;872094cf768316da;124f343714030a81;8122dfa5900c0c77
proxy,decision,SocialGood:h3:f1:o600,600,1,20,32,52,44bd780faeb88a4a;c334f36707c58306;0fa0eca227540c37;7ecd923c85e1ec1c;9a17cd500b006e5a;83fbdb573165f571;1ae86d2a3fe96bdf;cd75d84771814516;a73da7451bff7091;b2395090f3cf663c;1b77eda194ab91b2;9b66b6d45894f749;c5ea24e876a90e1a;3a95c8b0aa6b7a6c;9fd146d19f991344;834708e0f5547418;dc15768a901b6047;ff704b3646033d42;0fe133c2b1358346;60852337109e1518,2a987669c966d0c3;59cc1fe0accc5645;9cfdc8fecb92e495;ff9d2fc6d5e3449c;6e5013cdb3478044;942a3cea95efaa43;5b5c7aa7568ef560;a9f89413c164c229;1ea9127151dc3942;20b1a944cb00a42d;16289640b4dfce9c;8c7c54eb45412847;77dcfbbb2d877033;b16d528706e54f4c;60bbc88ce84596ee;d994a1d739f26729;2119f1b9bf50f2c3;7f7309ccacf42424;822759baa6c6ae87;d0b33a3ec27eefb8;a49123752d5f98f0;d03310c75a181f6c;456693e11e09a855;a46237f2b415668b;0757f780b1e1c68d;a24744088a9074be;a9099a5ba22a010d;f8bab088a19d6a84;1075dc7814830296;445dcf0996e7b763;91d5e83932fb85ce;b886759299bc7fee
proxy,decision,SocialGood:h3:f1:o601,601,1,20,32,52,682d486379dec26a;44bd780faeb88a4a;c334f36707c58306;0fa0eca227540c37;7ecd923c85e1ec1c;9a17cd500b006e5a;83fbdb573165f571;1ae86d2a3fe96bdf;cd75d84771814516;a73da7451bff7091;b2395090f3cf663c;1b77eda194ab91b2;9b66b6d45894f749;c5ea24e876a90e1a;3a95c8b0aa6b7a6c;9fd146d19f991344;834708e0f5547418;dc15768a901b6047;ff704b3646033d42;0fe133c2b1358346,d1216990e38838a8;e6d7be0f891b444c;9316c693d1106480;bd9f53b3fb1d621c;38eba7a2886e301d;7feccff8de232acc;cd9de11dcc6a022f;ce02102a06330152;2a987669c966d0c3;59cc1fe0accc5645;9cfdc8fecb92e495;ff9d2fc6d5e3449c;6e5013cdb3478044;942a3cea95efaa43;5b5c7aa7568ef560;a9f89413c164c229;1ea9127151dc3942;20b1a944cb00a42d;16289640b4dfce9c;8c7c54eb45412847;77dcfbbb2d877033;b16d528706e54f4c;60bbc88ce84596ee;d994a1d739f26729;2119f1b9bf50f2c3;7f7309ccacf42424;822759baa6c6ae87;d0b33a3ec27eefb8;a49123752d5f98f0;d03310c75a181f6c;456693e11e09a855;a46237f2b415668b
proxy,decision,SocialGood:h3:f1:o602,602,1,20,32,52,d2851fbd148e326c;682d486379dec26a;44bd780faeb88a4a;c334f36707c58306;0fa0eca227540c37;7ecd923c85e1ec1c;9a17cd500b006e5a;83fbdb573165f571;1ae86d2a3fe96bdf;cd75d84771814516;a73da7451bff7091;b2395090f3cf663c;1b77eda194ab91b2;9b66b6d45894f749;c5ea24e876a90e1a;3a95c8b0aa6b7a6c;9fd146d19f991344;834708e0f5547418;dc15768a901b6047;ff704b3646033d42,257664d2e4f03211;e82a61d3e0958ce5;43abfdf0f2ae568f;7e87f4b5f796128c;79116e3653afb16d;911bde5d9c9339ef;590f4a5c6ba90d1d;5ca835d90b2ed3e7;d1216990e38838a8;e6d7be0f891b444c;9316c693d1106480;bd9f53b3fb1d621c;38eba7a2886e301d;7feccff8de232acc;cd9de11dcc6a022f;ce02102a06330152;2a987669c966d0c3;59cc1fe0accc5645;9cfdc8fecb92e495;ff9d2fc6d5e3449c;6e5013cdb3478044;942a3cea95efaa43;5b5c7aa7568ef560;a9f89413c164c229;1ea9127151dc3942;20b1a944cb00a42d;16289640b4dfce9c;8c7c54eb45412847;77dcfbbb2d877033;b16d528706e54f4c;60bbc88ce84596ee;d994a1d739f26729
proxy,decision,SocialGood:h3:f1:o603,603,1,19,32,51,d2851fbd148e326c;682d486379dec26a;44bd780faeb88a4a;c334f36707c58306;0fa0eca227540c37;7ecd923c85e1ec1c;9a17cd500b006e5a;83fbdb573165f571;1ae86d2a3fe96bdf;cd75d84771814516;a73da7451bff7091;b2395090f3cf663c;1b77eda194ab91b2;9b66b6d45894f749;c5ea24e876a90e1a;3a95c8b0aa6b7a6c;9fd146d19f991344;834708e0f5547418;dc15768a901b6047,c28d93b1de7dc141;eeb70296f2ca822c;37304305b2f7e9a7;d2f8ae88a60b282f;124b012424f41bb3;d91cc85ade1499bd;4db37513af4bcb7a;5e2e5812559078ae;39a0c5534c255dd7;78f216381e456d5d;257664d2e4f03211;e82a61d3e0958ce5;43abfdf0f2ae568f;7e87f4b5f796128c;79116e3653afb16d;911bde5d9c9339ef;590f4a5c6ba90d1d;5ca835d90b2ed3e7;d1216990e38838a8;e6d7be0f891b444c;9316c693d1106480;bd9f53b3fb1d621c;38eba7a2886e301d;7feccff8de232acc;cd9de11dcc6a022f;ce02102a06330152;2a987669c966d0c3;59cc1fe0accc5645;9cfdc8fecb92e495;ff9d2fc6d5e3449c;6e5013cdb3478044;942a3cea95efaa43
proxy,decision,SocialGood:h3:f1:o604,604,1,19,32,51,804378626bde344d;d2851fbd148e326c;682d486379dec26a;44bd780faeb88a4a;c334f36707c58306;0fa0eca227540c37;7ecd923c85e1ec1c;9a17cd500b006e5a;83fbdb573165f571;1ae86d2a3fe96bdf;cd75d84771814516;a73da7451bff7091;b2395090f3cf663c;1b77eda194ab91b2;9b66b6d45894f749;c5ea24e876a90e1a;3a95c8b0aa6b7a6c;9fd146d19f991344;834708e0f5547418,8615d780fb457a7d;a8c04a1d14ce0fa4;20a7d2a3d95b9fac;61bed2e22382ffcc;fd805c53a9f8852c;4f7f8da305195480;a029237d08572d24;c28d93b1de7dc141;eeb70296f2ca822c;37304305b2f7e9a7;d2f8ae88a60b282f;124b012424f41bb3;d91cc85ade1499bd;4db37513af4bcb7a;5e2e5812559078ae;39a0c5534c255dd7;78f216381e456d5d;257664d2e4f03211;e82a61d3e0958ce5;43abfdf0f2ae568f;7e87f4b5f796128c;79116e3653afb16d;911bde5d9c9339ef;590f4a5c6ba90d1d;5ca835d90b2ed3e7;d1216990e38838a8;e6d7be0f891b444c;9316c693d1106480;bd9f53b3fb1d621c;38eba7a2886e301d;7feccff8de232acc;cd9de11dcc6a022f
proxy,decision,SocialGood:h3:f1:o605,605,1,19,32,51,67d036c1102c9f1e;804378626bde344d;d2851fbd148e326c;682d486379dec26a;44bd780faeb88a4a;c334f36707c58306;0fa0eca227540c37;7ecd923c85e1ec1c;9a17cd500b006e5a;83fbdb573165f571;1ae86d2a3fe96bdf;cd75d84771814516;a73da7451bff7091;b2395090f3cf663c;1b77eda194ab91b2;9b66b6d45894f749;c5ea24e876a90e1a;3a95c8b0aa6b7a6c;9fd146d19f991344,325e50e9380f0801;92957866edc354f4;7451566fb6ea6c65;aca350e629ddb304;615cf8bb0e3e54e9;56b2fff3419acd92;b3b4393c995941cc;2e732aa285fa32e8;9a43e39b0bc36978;8615d780fb457a7d;a8c04a1d14ce0fa4;20a7d2a3d95b9fac;61bed2e22382ffcc;fd805c53a9f8852c;4f7f8da305195480;a029237d08572d24;c28d93b1de7dc141;eeb70296f2ca822c;37304305b2f7e9a7;d2f8ae88a60b282f;124b012424f41bb3;d91cc85ade1499bd;4db37513af4bcb7a;5e2e5812559078ae;39a0c5534c255dd7;78f216381e456d5d;257664d2e4f03211;e82a61d3e0958ce5;43abfdf0f2ae568f;7e87f4b5f796128c;79116e3653afb16d;911bde5d9c9339ef
proxy,decision,SocialGood:h3:f1:o606,606,1,19,32,51,17901c744c5d06af;67d036c1102c9f1e;804378626bde344d;d2851fbd148e326c;682d486379dec26a;44bd780faeb88a4a;c334f36707c58306;0fa0eca227540c37;7ecd923c85e1ec1c;9a17cd500b006e5a;83fbdb573165f571;1ae86d2a3fe96bdf;cd75d84771814516;a73da7451bff7091;b2395090f3cf663c;1b77eda194ab91b2;9b66b6d45894f749;c5ea24e876a90e1a;3a95c8b0aa6b7a6c,0f050eacd25f77e0;2b1048c0e3c969aa;135c1be5857cba66;682c7e726f934d93;928fb39bf8db3199;bf6b58a1c2839f03;313d860bd73396ea;7c61716133bd2c29;325e50e9380f0801;92957866edc354f4;7451566fb6ea6c65;aca350e629ddb304;615cf8bb0e3e54e9;56b2fff3419acd92;b3b4393c995941cc;2e732aa285fa32e8;9a43e39b0bc36978;8615d780fb457a7d;a8c04a1d14ce0fa4;20a7d2a3d95b9fac;61bed2e22382ffcc;fd805c53a9f8852c;4f7f8da305195480;a029237d08572d24;c28d93b1de7dc141;eeb70296f2ca822c;37304305b2f7e9a7;d2f8ae88a60b282f;124b012424f41bb3;d91cc85ade1499bd;4db37513af4bcb7a;5e2e5812559078ae
proxy,decision,SocialGood:h3:f1:o607,607,1,19,32,51,49e3bb2220f906a5;17901c744c5d06af;67d036c1102c9f1e;804378626bde344d;d2851fbd148e326c;682d486379dec26a;44bd780faeb88a4a;c334f36707c58306;0fa0eca227540c37;7ecd923c85e1ec1c;9a17cd500b006e5a;83fbdb573165f571;1ae86d2a3fe96bdf;cd75d84771814516;a73da7451bff7091;b2395090f3cf663c;1b77eda194ab91b2;9b66b6d45894f749;c5ea24e876a90e1a,dc00c0f9d7a5753a;ed15b645bb8b8532;47d9b5e0be536c8c;610d32a7a0c381d7;a3d9789ef58a442a;f156b1c1c43a5785;4b9ebf1a4176a92e;b6cf053f4a504d21;0f050eacd25f77e0;2b1048c0e3c969aa;135c1be5857cba66;682c7e726f934d93;928fb39bf8db3199;bf6b58a1c2839f03;313d860bd73396ea;7c61716133bd2c29;325e50e9380f0801;92957866edc354f4;7451566fb6ea6c65;aca350e629ddb304;615cf8bb0e3e54e9;56b2fff3419acd92;b3b4393c995941cc;2e732aa285fa32e8;9a43e39b0bc36978;8615d780fb457a7d;a8c04a1d14ce0fa4;20a7d2a3d95b9fac;61bed2e22382ffcc;fd805c53a9f8852c;4f7f8da305195480;a029237d08572d24
proxy,decision,SocialGood:h3:f1:o608,608,1,19,32,51,f1ab90e94e1d1b68;49e3bb2220f906a5;17901c744c5d06af;67d036c1102c9f1e;804378626bde344d;d2851fbd148e326c;682d486379dec26a;44bd780faeb88a4a;c334f36707c58306;0fa0eca227540c37;7ecd923c85e1ec1c;9a17cd500b006e5a;83fbdb573165f571;1ae86d2a3fe96bdf;cd75d84771814516;a73da7451bff7091;b2395090f3cf663c;1b77eda194ab91b2;9b66b6d45894f749,157a8e32523b0205;5fbd602fc33a14df;4afb26af1c3ca7d0;a2175208b672c7f3;950012bdc2930dda;fafa06b713dcac48;1facad5a25fd2907;7d854dd344f1c5a0;3f5524dfd58c58e6;5895f2bb83cb0306;dc00c0f9d7a5753a;ed15b645bb8b8532;47d9b5e0be536c8c;610d32a7a0c381d7;a3d9789ef58a442a;f156b1c1c43a5785;4b9ebf1a4176a92e;b6cf053f4a504d21;0f050eacd25f77e0;2b1048c0e3c969aa;135c1be5857cba66;682c7e726f934d93;928fb39bf8db3199;bf6b58a1c2839f03;313d860bd73396ea;7c61716133bd2c29;325e50e9380f0801;92957866edc354f4;7451566fb6ea6c65;aca350e629ddb304;615cf8bb0e3e54e9;56b2fff3419acd92
proxy,decision,SocialGood:h3:f1:o609,609,1,19,32,51,2f813f81ba14b758;f1ab90e94e1d1b68;49e3bb2220f906a5;17901c744c5d06af;67d036c1102c9f1e;804378626bde344d;d2851fbd148e326c;682d486379dec26a;44bd780faeb88a4a;c334f36707c58306;0fa0eca227540c37;7ecd923c85e1ec1c;9a17cd500b006e5a;83fbdb573165f571;1ae86d2a3fe96bdf;cd75d84771814516;a73da7451bff7091;b2395090f3cf663c;1b77eda194ab91b2,a2a555fe55f7e8df;a631b13f07a68932;8f34fd5d8b9505bb;b4f807b0ccb29922;067e6deed3e85755;119945b6b382f633;247265adc2f5c0d3;bba4af887a922535;157a8e32523b0205;5fbd602fc33a14df;4afb26af1c3ca7d0;a2175208b672c7f3;950012bdc2930dda;fafa06b713dcac48;1facad5a25fd2907;7d854dd344f1c5a0;3f5524dfd58c58e6;5895f2bb83cb0306;dc00c0f9d7a5753a;ed15b645bb8b8532;47d9b5e0be536c8c;610d32a7a0c381d7;a3d9789ef58a442a;f156b1c1c43a5785;4b9ebf1a4176a92e;b6cf053f4a504d21;0f050eacd25f77e0;2b1048c0e3c969aa;135c1be5857cba66;682c7e726f934d93;928fb39bf8db3199;bf6b58a1c2839f03
proxy,decision,SocialGood:h3:f1:o610,610,1,19,32,51,fd693c42fb88ae0d;2f813f81ba14b758;f1ab90e94e1d1b68;49e3bb2220f906a5;17901c744c5d06af;67d036c1102c9f1e;804378626bde344d;d2851fbd148e326c;682d486379dec26a;44bd780faeb88a4a;c334f36707c58306;0fa0eca227540c37;7ecd923c85e1ec1c;9a17cd500b006e5a;83fbdb573165f571;1ae86d2a3fe96bdf;cd75d84771814516;a73da7451bff7091;b2395090f3cf663c,22cff705b2e4b4ef;dce87ec87c2907ea;841bc53b7e2bcd06;8a9adaca3b8f9ecb;5ca4341cbd41cc7a;e798650a2bc7b87c;10ad67d9a1c90f59;8a01ab1dd17df253;a2a555fe55f7e8df;a631b13f07a68932;8f34fd5d8b9505bb;b4f807b0ccb29922;067e6deed3e85755;119945b6b382f633;247265adc2f5c0d3;bba4af887a922535;157a8e32523b0205;5fbd602fc33a14df;4afb26af1c3ca7d0;a2175208b672c7f3;950012bdc2930dda;fafa06b713dcac48;1facad5a25fd2907;7d854dd344f1c5a0;3f5524dfd58c58e6;5895f2bb83cb0306;dc00c0f9d7a5753a;ed15b645bb8b8532;47d9b5e0be536c8c;610d32a7a0c381d7;a3d9789ef58a442a;f156b1c1c43a5785
proxy,decision,SocialGood:h3:f1:o611,611,1,19,32,51,22249c4f3ba055b2;fd693c42fb88ae0d;2f813f81ba14b758;f1ab90e94e1d1b68;49e3bb2220f906a5;17901c744c5d06af;67d036c1102c9f1e;804378626bde344d;d2851fbd148e326c;682d486379dec26a;44bd780faeb88a4a;c334f36707c58306;0fa0eca227540c37;7ecd923c85e1ec1c;9a17cd500b006e5a;83fbdb573165f571;1ae86d2a3fe96bdf;cd75d84771814516;a73da7451bff7091,0560c950dcc5cc51;0951793f541c3873;ae84e3d55985be09;0527bbcedf00a753;a7d06d60c31ed827;1214a6c8682e10dc;b540b192ad24e492;3079eba58a963171;5433b04305b3eb8a;22cff705b2e4b4ef;dce87ec87c2907ea;841bc53b7e2bcd06;8a9adaca3b8f9ecb;5ca4341cbd41cc7a;e798650a2bc7b87c;10ad67d9a1c90f59;8a01ab1dd17df253;a2a555fe55f7e8df;a631b13f07a68932;8f34fd5d8b9505bb;b4f807b0ccb29922;067e6deed3e85755;119945b6b382f633;247265adc2f5c0d3;bba4af887a922535;157a8e32523b0205;5fbd602fc33a14df;4afb26af1c3ca7d0;a2175208b672c7f3;950012bdc2930dda;fafa06b713dcac48;1facad5a25fd2907
proxy,decision,SocialGood:h3:f1:o612,612,1,19,32,51,d2ee9c55577d6862;22249c4f3ba055b2;fd693c42fb88ae0d;2f813f81ba14b758;f1ab90e94e1d1b68;49e3bb2220f906a5;17901c744c5d06af;67d036c1102c9f1e;804378626bde344d;d2851fbd148e326c;682d486379dec26a;44bd780faeb88a4a;c334f36707c58306;0fa0eca227540c37;7ecd923c85e1ec1c;9a17cd500b006e5a;83fbdb573165f571;1ae86d2a3fe96bdf;cd75d84771814516,5541c827b9ad020d;e20440c6833fa0c5;058b32ab8c87cdfe;bef371b2066f4efb;54820e787ce6c890;eff0c638fcb0c605;b1562de44d8a190b;d2fcca1cfb7b6734;0560c950dcc5cc51;0951793f541c3873;ae84e3d55985be09;0527bbcedf00a753;a7d06d60c31ed827;1214a6c8682e10dc;b540b192ad24e492;3079eba58a963171;5433b04305b3eb8a;22cff705b2e4b4ef;dce87ec87c2907ea;841bc53b7e2bcd06;8a9adaca3b8f9ecb;5ca4341cbd41cc7a;e798650a2bc7b87c;10ad67d9a1c90f59;8a01ab1dd17df253;a2a555fe55f7e8df;a631b13f07a68932;8f34fd5d8b9505bb;b4f807b0ccb29922;067e6deed3e85755;119945b6b382f633;247265adc2f5c0d3
proxy,decision,SocialGood:h3:f1:o613,613,1,18,32,50,d2ee9c55577d6862;22249c4f3ba055b2;fd693c42fb88ae0d;2f813f81ba14b758;f1ab90e94e1d1b68;49e3bb2220f906a5;17901c744c5d06af;67d036c1102c9f1e;804378626bde344d;d2851fbd148e326c;682d486379dec26a;44bd780faeb88a4a;c334f36707c58306;0fa0eca227540c37;7ecd923c85e1ec1c;9a17cd500b006e5a;83fbdb573165f571;1ae86d2a3fe96bdf,34f8004da08fae1f;51f4f80a8631aa6b;037587995b1265b5;8030377ab448dc93;5b1028c0bd575b42;87a07a2cb8f119a2;4384967ebc10ac28;8b5604c73b4f1236;29f8be004049d272;db92869eeb49325d;5541c827b9ad020d;e20440c6833fa0c5;058b32ab8c87cdfe;bef371b2066f4efb;54820e787ce6c890;eff0c638fcb0c605;b1562de44d8a190b;d2fcca1cfb7b6734;0560c950dcc5cc51;0951793f541c3873;ae84e3d55985be09;0527bbcedf00a753;a7d06d60c31ed827;1214a6c8682e10dc;b540b192ad24e492;3079eba58a963171;5433b04305b3eb8a;22cff705b2e4b4ef;dce87ec87c2907ea;841bc53b7e2bcd06;8a9adaca3b8f9ecb;5ca4341cbd41cc7a
proxy,decision,SocialGood:h3:f1:o614,614,1,18,32,50,201045f162e244ce;d2ee9c55577d6862;22249c4f3ba055b2;fd693c42fb88ae0d;2f813f81ba14b758;f1ab90e94e1d1b68;49e3bb2220f906a5;17901c744c5d06af;67d036c1102c9f1e;804378626bde344d;d2851fbd148e326c;682d486379dec26a;44bd780faeb88a4a;c334f36707c58306;0fa0eca227540c37;7ecd923c85e1ec1c;9a17cd500b006e5a;83fbdb573165f571,58d1153cb2b3efed;5a01fc1db712187d;0c9d3f2d818baa6a;b17adc2b73ad6bfc;61d6c641cdad0b64;8488b71d66828ac9;07e435826763509d;5428cd5387d4ae89;34f8004da08fae1f;51f4f80a8631aa6b;037587995b1265b5;8030377ab448dc93;5b1028c0bd575b42;87a07a2cb8f119a2;4384967ebc10ac28;8b5604c73b4f1236;29f8be004049d272;db92869eeb49325d;5541c827b9ad020d;e20440c6833fa0c5;058b32ab8c87cdfe;bef371b2066f4efb;54820e787ce6c890;eff0c638fcb0c605;b1562de44d8a190b;d2fcca1cfb7b6734;0560c950dcc5cc51;0951793f541c3873;ae84e3d55985be09;0527bbcedf00a753;a7d06d60c31ed827;1214a6c8682e10dc
proxy,decision,SocialGood:h3:f1:o615,615,1,18,32,50,7d490d89ae833b04;201045f162e244ce;d2ee9c55577d6862;22249c4f3ba055b2;fd693c42fb88ae0d;2f813f81ba14b758;f1ab90e94e1d1b68;49e3bb2220f906a5;17901c744c5d06af;67d036c1102c9f1e;804378626bde344d;d2851fbd148e326c;682d486379dec26a;44bd780faeb88a4a;c334f36707c58306;0fa0eca227540c37;7ecd923c85e1ec1c;9a17cd500b006e5a,52ae7acefd904738;90a0c0af63133872;134ced470bb0dee8;13939703ec2a2078;837e48996f28bc94;bf44f553f5f7e5e5;09c886b3f55f2765;8f402b844d8cca09;58d1153cb2b3efed;5a01fc1db712187d;0c9d3f2d818baa6a;b17adc2b73ad6bfc;61d6c641cdad0b64;8488b71d66828ac9;07e435826763509d;5428cd5387d4ae89;34f8004da08fae1f;51f4f80a8631aa6b;037587995b1265b5;8030377ab448dc93;5b1028c0bd575b42;87a07a2cb8f119a2;4384967ebc10ac28;8b5604c73b4f1236;29f8be004049d272;db92869eeb49325d;5541c827b9ad020d;e20440c6833fa0c5;058b32ab8c87cdfe;bef371b2066f4efb;54820e787ce6c890;eff0c638fcb0c605
proxy,decision,SocialGood:h3:f1:o616,616,1,18,32,50,7d490d89ae833b04;201045f162e244ce;d2ee9c55577d6862;22249c4f3ba055b2;fd693c42fb88ae0d;2f813f81ba14b758;f1ab90e94e1d1b68;49e3bb2220f906a5;17901c744c5d06af;67d036c1102c9f1e;804378626bde344d;d2851fbd148e326c;682d486379dec26a;44bd780faeb88a4a;c334f36707c58306;0fa0eca227540c37;7ecd923c85e1ec1c;9a17cd500b006e5a,b0d089ab9b907850;f0de85c5768ce50b;a52cea76361a95cb;e6f3ed02bec41cea;46022e8d7ac999bb;a9f8920297e89ef4;0ae2d2124f183323;129c03bbbb7bc781;52ae7acefd904738;90a0c0af63133872;134ced470bb0dee8;13939703ec2a2078;837e48996f28bc94;bf44f553f5f7e5e5;09c886b3f55f2765;8f402b844d8cca09;58d1153cb2b3efed;5a01fc1db712187d;0c9d3f2d818baa6a;b17adc2b73ad6bfc;61d6c641cdad0b64;8488b71d66828ac9;07e435826763509d;5428cd5387d4ae89;34f8004da08fae1f;51f4f80a8631aa6b;037587995b1265b5;8030377ab448dc93;5b1028c0bd575b42;87a07a2cb8f119a2;4384967ebc10ac28;8b5604c73b4f1236
proxy,decision,SocialGood:h3:f1:o617,617,1,18,32,50,7d490d89ae833b04;201045f162e244ce;d2ee9c55577d6862;22249c4f3ba055b2;fd693c42fb88ae0d;2f813f81ba14b758;f1ab90e94e1d1b68;49e3bb2220f906a5;17901c744c5d06af;67d036c1102c9f1e;804378626bde344d;d2851fbd148e326c;682d486379dec26a;44bd780faeb88a4a;c334f36707c58306;0fa0eca227540c37;7ecd923c85e1ec1c;9a17cd500b006e5a,66539b1c2c9945a8;ae6b23c413d8c2eb;241accc851e2d225;a0b94b9b6cecc731;17df220388cc5415;374eacf6153005a9;2508664b4d9abacf;78efd5c72da3641b;c21315b232ce4160;cc98d5282837bf41;b0d089ab9b907850;f0de85c5768ce50b;a52cea76361a95cb;e6f3ed02bec41cea;46022e8d7ac999bb;a9f8920297e89ef4;0ae2d2124f183323;129c03bbbb7bc781;52ae7acefd904738;90a0c0af63133872;134ced470bb0dee8;13939703ec2a2078;837e48996f28bc94;bf44f553f5f7e5e5;09c886b3f55f2765;8f402b844d8cca09;58d1153cb2b3efed;5a01fc1db712187d;0c9d3f2d818baa6a;b17adc2b73ad6bfc;61d6c641cdad0b64;8488b71d66828ac9
proxy,decision,SocialGood:h3:f1:o618,618,1,18,32,50,52c4262a57807a22;7d490d89ae833b04;201045f162e244ce;d2ee9c55577d6862;22249c4f3ba055b2;fd693c42fb88ae0d;2f813f81ba14b758;f1ab90e94e1d1b68;49e3bb2220f906a5;17901c744c5d06af;67d036c1102c9f1e;804378626bde344d;d2851fbd148e326c;682d486379dec26a;44bd780faeb88a4a;c334f36707c58306;0fa0eca227540c37;7ecd923c85e1ec1c,4996675f045b1d5d;94cfb5d76606d07a;707ba741e8960804;c810a92f4a04c170;498bb67ac2132e2d;d5c72a6d527f6e9e;1623a51e9d656854;398d08a2525e78ca;66539b1c2c9945a8;ae6b23c413d8c2eb;241accc851e2d225;a0b94b9b6cecc731;17df220388cc5415;374eacf6153005a9;2508664b4d9abacf;78efd5c72da3641b;c21315b232ce4160;cc98d5282837bf41;b0d089ab9b907850;f0de85c5768ce50b;a52cea76361a95cb;e6f3ed02bec41cea;46022e8d7ac999bb;a9f8920297e89ef4;0ae2d2124f183323;129c03bbbb7bc781;52ae7acefd904738;90a0c0af63133872;134ced470bb0dee8;13939703ec2a2078;837e48996f28bc94;bf44f553f5f7e5e5
proxy,decision,SocialGood:h3:f1:o619,619,1,19,32,51,3b2f27448415f0c6;52c4262a57807a22;7d490d89ae833b04;201045f162e244ce;d2ee9c55577d6862;22249c4f3ba055b2;fd693c42fb88ae0d;2f813f81ba14b758;f1ab90e94e1d1b68;49e3bb2220f906a5;17901c744c5d06af;67d036c1102c9f1e;804378626bde344d;d2851fbd148e326c;682d486379dec26a;44bd780faeb88a4a;c334f36707c58306;0fa0eca227540c37;7ecd923c85e1ec1c,162fe1c8a928efd5;49648ec69e503add;3f53be5ed9e985f1;74bd8e92123ce598;161f8e7a4af751f1;c17db6bc86c4541c;8ee4098cc5cc7186;d797f388e68d8d62;4996675f045b1d5d;94cfb5d76606d07a;707ba741e8960804;c810a92f4a04c170;498bb67ac2132e2d;d5c72a6d527f6e9e;1623a51e9d656854;398d08a2525e78ca;66539b1c2c9945a8;ae6b23c413d8c2eb;241accc851e2d225;a0b94b9b6cecc731;17df220388cc5415;374eacf6153005a9;2508664b4d9abacf;78efd5c72da3641b;c21315b232ce4160;cc98d5282837bf41;b0d089ab9b907850;f0de85c5768ce50b;a52cea76361a95cb;e6f3ed02bec41cea;46022e8d7ac999bb;a9f8920297e89ef4
proxy,decision,SocialGood:h3:f1:o620,620,1,18,32,50,3b2f27448415f0c6;52c4262a57807a22;7d490d89ae833b04;201045f162e244ce;d2ee9c55577d6862;22249c4f3ba055b2;fd693c42fb88ae0d;2f813f81ba14b758;f1ab90e94e1d1b68;49e3bb2220f906a5;17901c744c5d06af;67d036c1102c9f1e;804378626bde344d;d2851fbd148e326c;682d486379dec26a;44bd780faeb88a4a;c334f36707c58306;0fa0eca227540c37,26e9491c2d9758b8;3890529770e6e7ee;138e6a97c05ee958;50ed47bd53f791f4;b3015ee2613ebcf5;eb3642f581af7425;331e35683d75eba3;488bfe4898a0aeae;1207e2e4425238f3;8666e7df3a12e794;162fe1c8a928efd5;49648ec69e503add;3f53be5ed9e985f1;74bd8e92123ce598;161f8e7a4af751f1;c17db6bc86c4541c;8ee4098cc5cc7186;d797f388e68d8d62;4996675f045b1d5d;94cfb5d76606d07a;707ba741e8960804;c810a92f4a04c170;498bb67ac2132e2d;d5c72a6d527f6e9e;1623a51e9d656854;398d08a2525e78ca;66539b1c2c9945a8;ae6b23c413d8c2eb;241accc851e2d225;a0b94b9b6cecc731;17df220388cc5415;374eacf6153005a9
proxy,decision,SocialGood:h3:f1:o621,621,1,17,32,49,3b2f27448415f0c6;52c4262a57807a22;7d490d89ae833b04;201045f162e244ce;d2ee9c55577d6862;22249c4f3ba055b2;fd693c42fb88ae0d;2f813f81ba14b758;f1ab90e94e1d1b68;49e3bb2220f906a5;17901c744c5d06af;67d036c1102c9f1e;804378626bde344d;d2851fbd148e326c;682d486379dec26a;44bd780faeb88a4a;c334f36707c58306,726dc134c62e910c;975a0a85b8129366;627c34de22e59e9f;909067af33567db1;94004ea308f2cdf7;f2f0bf4e093a65fa;356983bd1be7d590;cacbbfa343435c27;26e9491c2d9758b8;3890529770e6e7ee;138e6a97c05ee958;50ed47bd53f791f4;b3015ee2613ebcf5;eb3642f581af7425;331e35683d75eba3;488bfe4898a0aeae;1207e2e4425238f3;8666e7df3a12e794;162fe1c8a928efd5;49648ec69e503add;3f53be5ed9e985f1;74bd8e92123ce598;161f8e7a4af751f1;c17db6bc86c4541c;8ee4098cc5cc7186;d797f388e68d8d62;4996675f045b1d5d;94cfb5d76606d07a;707ba741e8960804;c810a92f4a04c170;498bb67ac2132e2d;d5c72a6d527f6e9e
proxy,decision,SocialGood:h3:f1:o622,622,1,18,32,50,f8d43624da07d836;3b2f27448415f0c6;52c4262a57807a22;7d490d89ae833b04;201045f162e244ce;d2ee9c55577d6862;22249c4f3ba055b2;fd693c42fb88ae0d;2f813f81ba14b758;f1ab90e94e1d1b68;49e3bb2220f906a5;17901c744c5d06af;67d036c1102c9f1e;804378626bde344d;d2851fbd148e326c;682d486379dec26a;44bd780faeb88a4a;c334f36707c58306,ecbc2a62d002d265;169bbe33c88d91ab;c7c94491f109f218;5370a3568491ab1f;a3f1571861061713;436cf76e887537ab;b6ec708b20edb654;462c1b40c397bbbc;f32875556120a2f0;726dc134c62e910c;975a0a85b8129366;627c34de22e59e9f;909067af33567db1;94004ea308f2cdf7;f2f0bf4e093a65fa;356983bd1be7d590;cacbbfa343435c27;26e9491c2d9758b8;3890529770e6e7ee;138e6a97c05ee958;50ed47bd53f791f4;b3015ee2613ebcf5;eb3642f581af7425;331e35683d75eba3;488bfe4898a0aeae;1207e2e4425238f3;8666e7df3a12e794;162fe1c8a928efd5;49648ec69e503add;3f53be5ed9e985f1;74bd8e92123ce598;161f8e7a4af751f1
proxy,decision,SocialGood:h3:f1:o623,623,1,18,32,50,8cfdeead2e370dba;f8d43624da07d836;3b2f27448415f0c6;52c4262a57807a22;7d490d89ae833b04;201045f162e244ce;d2ee9c55577d6862;22249c4f3ba055b2;fd693c42fb88ae0d;2f813f81ba14b758;f1ab90e94e1d1b68;49e3bb2220f906a5;17901c744c5d06af;67d036c1102c9f1e;804378626bde344d;d2851fbd148e326c;682d486379dec26a;44bd780faeb88a4a,5c9877f85d6f143d;8bf2ff723e2b53d9;1cb831c082126816;4fd24919e1fb8582;aa4c9b2c96c5c84e;4e96571074b395c1;8e8819384b310940;ecbc2a62d002d265;169bbe33c88d91ab;c7c94491f109f218;5370a3568491ab1f;a3f1571861061713;436cf76e887537ab;b6ec708b20edb654;462c1b40c397bbbc;f32875556120a2f0;726dc134c62e910c;975a0a85b8129366;627c34de22e59e9f;909067af33567db1;94004ea308f2cdf7;f2f0bf4e093a65fa;356983bd1be7d590;cacbbfa343435c27;26e9491c2d9758b8;3890529770e6e7ee;138e6a97c05ee958;50ed47bd53f791f4;b3015ee2613ebcf5;eb3642f581af7425;331e35683d75eba3;488bfe4898a0aeae
proxy,decision,SocialGood:h3:f1:o624,624,1,17,32,49,8cfdeead2e370dba;f8d43624da07d836;3b2f27448415f0c6;52c4262a57807a22;7d490d89ae833b04;201045f162e244ce;d2ee9c55577d6862;22249c4f3ba055b2;fd693c42fb88ae0d;2f813f81ba14b758;f1ab90e94e1d1b68;49e3bb2220f906a5;17901c744c5d06af;67d036c1102c9f1e;804378626bde344d;d2851fbd148e326c;682d486379dec26a,ced90b63f73b7877;e39ed50dfb3a769a;3a8c452ab00ce099;fb0e8cee48abe157;0b6d2a0e371d82fd;c4de313e2d424573;4d198e097d5cf38e;75e0099b48a131b2;5c9877f85d6f143d;8bf2ff723e2b53d9;1cb831c082126816;4fd24919e1fb8582;aa4c9b2c96c5c84e;4e96571074b395c1;8e8819384b310940;ecbc2a62d002d265;169bbe33c88d91ab;c7c94491f109f218;5370a3568491ab1f;a3f1571861061713;436cf76e887537ab;b6ec708b20edb654;462c1b40c397bbbc;f32875556120a2f0;726dc134c62e910c;975a0a85b8129366;627c34de22e59e9f;909067af33567db1;94004ea308f2cdf7;f2f0bf4e093a65fa;356983bd1be7d590;cacbbfa343435c27
proxy,decision,SocialGood:h3:f1:o625,625,1,17,32,49,193d680ce081c90a;8cfdeead2e370dba;f8d43624da07d836;3b2f27448415f0c6;52c4262a57807a22;7d490d89ae833b04;201045f162e244ce;d2ee9c55577d6862;22249c4f3ba055b2;fd693c42fb88ae0d;2f813f81ba14b758;f1ab90e94e1d1b68;49e3bb2220f906a5;17901c744c5d06af;67d036c1102c9f1e;804378626bde344d;d2851fbd148e326c,919aae4e601aa64a;d106e3238b7b6f32;a840339cfbac7429;c9db20e4a46a9edb;16320de2113c8a4d;b7f616ef899d766f;099a5b03acb43d57;a4c747582329c27d;16e23a192ad330a5;561d6ac1773d6d8f;ced90b63f73b7877;e39ed50dfb3a769a;3a8c452ab00ce099;fb0e8cee48abe157;0b6d2a0e371d82fd;c4de313e2d424573;4d198e097d5cf38e;75e0099b48a131b2;5c9877f85d6f143d;8bf2ff723e2b53d9;1cb831c082126816;4fd24919e1fb8582;aa4c9b2c96c5c84e;4e96571074b395c1;8e8819384b310940;ecbc2a62d002d265;169bbe33c88d91ab;c7c94491f109f218;5370a3568491ab1f;a3f1571861061713;436cf76e887537ab;b6ec708b20edb654
proxy,decision,SocialGood:h3:f1:o626,626,1,17,32,49,5534d5637143c0de;193d680ce081c90a;8cfdeead2e370dba;f8d43624da07d836;3b2f27448415f0c6;52c4262a57807a22;7d490d89ae833b04;201045f162e244ce;d2ee9c55577d6862;22249c4f3ba055b2;fd693c42fb88ae0d;2f813f81ba14b758;f1ab90e94e1d1b68;49e3bb2220f906a5;17901c744c5d06af;67d036c1102c9f1e;804378626bde344d,54275e31ec180dc6;7cb0cd842fc42e67;33bd256ad93524bc;5d8bc4b873b6e184;27ec6087a8b666f9;d2d57d6394abfad5;71ae802d8a3f5ca4;74e57efb405750dd;919aae4e601aa64a;d106e3238b7b6f32;a840339cfbac7429;c9db20e4a46a9edb;16320de2113c8a4d;b7f616ef899d766f;099a5b03acb43d57;a4c747582329c27d;16e23a192ad330a5;561d6ac1773d6d8f;ced90b63f73b7877;e39ed50dfb3a769a;3a8c452ab00ce099;fb0e8cee48abe157;0b6d2a0e371d82fd;c4de313e2d424573;4d198e097d5cf38e;75e0099b48a131b2;5c9877f85d6f143d;8bf2ff723e2b53d9;1cb831c082126816;4fd24919e1fb8582;aa4c9b2c96c5c84e;4e96571074b395c1
proxy,decision,SocialGood:h3:f1:o627,627,1,17,32,49,5534d5637143c0de;193d680ce081c90a;8cfdeead2e370dba;f8d43624da07d836;3b2f27448415f0c6;52c4262a57807a22;7d490d89ae833b04;201045f162e244ce;d2ee9c55577d6862;22249c4f3ba055b2;fd693c42fb88ae0d;2f813f81ba14b758;f1ab90e94e1d1b68;49e3bb2220f906a5;17901c744c5d06af;67d036c1102c9f1e;804378626bde344d,435e43175b02e466;f2b43854de14c436;2f5859f02480ca51;859605a74c83b632;02b9318f003b6218;de566b07b992b33f;5dca248d0468c808;d9dc485aa6e4e392;54275e31ec180dc6;7cb0cd842fc42e67;33bd256ad93524bc;5d8bc4b873b6e184;27ec6087a8b666f9;d2d57d6394abfad5;71ae802d8a3f5ca4;74e57efb405750dd;919aae4e601aa64a;d106e3238b7b6f32;a840339cfbac7429;c9db20e4a46a9edb;16320de2113c8a4d;b7f616ef899d766f;099a5b03acb43d57;a4c747582329c27d;16e23a192ad330a5;561d6ac1773d6d8f;ced90b63f73b7877;e39ed50dfb3a769a;3a8c452ab00ce099;fb0e8cee48abe157;0b6d2a0e371d82fd;c4de313e2d424573
proxy,decision,SocialGood:h3:f1:o628,628,1,17,32,49,f799c5198c84ad66;5534d5637143c0de;193d680ce081c90a;8cfdeead2e370dba;f8d43624da07d836;3b2f27448415f0c6;52c4262a57807a22;7d490d89ae833b04;201045f162e244ce;d2ee9c55577d6862;22249c4f3ba055b2;fd693c42fb88ae0d;2f813f81ba14b758;f1ab90e94e1d1b68;49e3bb2220f906a5;17901c744c5d06af;67d036c1102c9f1e,54d388c5baf6718c;db98b8bb86461e21;0da6f6f17edee5d5;d6d8a6168fde886f;74371aebe12569e4;8b8a646335d1f4c8;438ccbe72d85cab6;ce90eceafb7cf473;82d2ec09e1d7907e;435e43175b02e466;f2b43854de14c436;2f5859f02480ca51;859605a74c83b632;02b9318f003b6218;de566b07b992b33f;5dca248d0468c808;d9dc485aa6e4e392;54275e31ec180dc6;7cb0cd842fc42e67;33bd256ad93524bc;5d8bc4b873b6e184;27ec6087a8b666f9;d2d57d6394abfad5;71ae802d8a3f5ca4;74e57efb405750dd;919aae4e601aa64a;d106e3238b7b6f32;a840339cfbac7429;c9db20e4a46a9edb;16320de2113c8a4d;b7f616ef899d766f;099a5b03acb43d57
proxy,decision,SocialGood:h3:f1:o629,629,1,16,32,48,f799c5198c84ad66;5534d5637143c0de;193d680ce081c90a;8cfdeead2e370dba;f8d43624da07d836;3b2f27448415f0c6;52c4262a57807a22;7d490d89ae833b04;201045f162e244ce;d2ee9c55577d6862;22249c4f3ba055b2;fd693c42fb88ae0d;2f813f81ba14b758;f1ab90e94e1d1b68;49e3bb2220f906a5;17901c744c5d06af,577ac49411ebfb79;7222191b7bef5f29;9fe56bdcd1fd8e9e;e83ed912808b3dea;079aaafe2a8a62ce;c6cf9f3cf33c6996;4eeb9b7493d7c910;808b2f784d33cfe7;54d388c5baf6718c;db98b8bb86461e21;0da6f6f17edee5d5;d6d8a6168fde886f;74371aebe12569e4;8b8a646335d1f4c8;438ccbe72d85cab6;ce90eceafb7cf473;82d2ec09e1d7907e;435e43175b02e466;f2b43854de14c436;2f5859f02480ca51;859605a74c83b632;02b9318f003b6218;de566b07b992b33f;5dca248d0468c808;d9dc485aa6e4e392;54275e31ec180dc6;7cb0cd842fc42e67;33bd256ad93524bc;5d8bc4b873b6e184;27ec6087a8b666f9;d2d57d6394abfad5;71ae802d8a3f5ca4
proxy,decision,SocialGood:h3:f1:o630,630,1,16,32,48,98cad9527949d7d9;f799c5198c84ad66;5534d5637143c0de;193d680ce081c90a;8cfdeead2e370dba;f8d43624da07d836;3b2f27448415f0c6;52c4262a57807a22;7d490d89ae833b04;201045f162e244ce;d2ee9c55577d6862;22249c4f3ba055b2;fd693c42fb88ae0d;2f813f81ba14b758;f1ab90e94e1d1b68;49e3bb2220f906a5,8dc3b24523ce072b;b315f62193dde1c7;160df892ff74ce1d;ebce1f4a1b466e99;2d122c9d9ce849d4;6bc454048c58e32b;03e8da33cc26231d;a8d51c69cbdd3d7f;577ac49411ebfb79;7222191b7bef5f29;9fe56bdcd1fd8e9e;e83ed912808b3dea;079aaafe2a8a62ce;c6cf9f3cf33c6996;4eeb9b7493d7c910;808b2f784d33cfe7;54d388c5baf6718c;db98b8bb86461e21;0da6f6f17edee5d5;d6d8a6168fde886f;74371aebe12569e4;8b8a646335d1f4c8;438ccbe72d85cab6;ce90eceafb7cf473;82d2ec09e1d7907e;435e43175b02e466;f2b43854de14c436;2f5859f02480ca51;859605a74c83b632;02b9318f003b6218;de566b07b992b33f;5dca248d0468c808
proxy,decision,SocialGood:h3:f1:o631,631,1,16,32,48,223e4dc6231224f6;98cad9527949d7d9;f799c5198c84ad66;5534d5637143c0de;193d680ce081c90a;8cfdeead2e370dba;f8d43624da07d836;3b2f27448415f0c6;52c4262a57807a22;7d490d89ae833b04;201045f162e244ce;d2ee9c55577d6862;22249c4f3ba055b2;fd693c42fb88ae0d;2f813f81ba14b758;f1ab90e94e1d1b68,2983e8f326144a0b;a15be7cf0a42e853;7390922e80261acb;ee1ff0f87147b1e2;379fc9b24f9e75e1;5ca76cf50985ed76;a2c2414bd630f064;df61f46c75360716;73332407aaff824d;a8325fa3cc9de60c;8dc3b24523ce072b;b315f62193dde1c7;160df892ff74ce1d;ebce1f4a1b466e99;2d122c9d9ce849d4;6bc454048c58e32b;03e8da33cc26231d;a8d51c69cbdd3d7f;577ac49411ebfb79;7222191b7bef5f29;9fe56bdcd1fd8e9e;e83ed912808b3dea;079aaafe2a8a62ce;c6cf9f3cf33c6996;4eeb9b7493d7c910;808b2f784d33cfe7;54d388c5baf6718c;db98b8bb86461e21;0da6f6f17edee5d5;d6d8a6168fde886f;74371aebe12569e4;8b8a646335d1f4c8
proxy,decision,SocialGood:h3:f1:o632,632,1,15,32,47,223e4dc6231224f6;98cad9527949d7d9;f799c5198c84ad66;5534d5637143c0de;193d680ce081c90a;8cfdeead2e370dba;f8d43624da07d836;3b2f27448415f0c6;52c4262a57807a22;7d490d89ae833b04;201045f162e244ce;d2ee9c55577d6862;22249c4f3ba055b2;fd693c42fb88ae0d;2f813f81ba14b758,277ca096f56c8cbc;d1612d66819f217c;05aa345bf9928713;2cf8bbcbf73b300a;34446490a8f899aa;f749abe1271518c3;41d93d722fd7a1dd;5abbf4f9017a8287;2983e8f326144a0b;a15be7cf0a42e853;7390922e80261acb;ee1ff0f87147b1e2;379fc9b24f9e75e1;5ca76cf50985ed76;a2c2414bd630f064;df61f46c75360716;73332407aaff824d;a8325fa3cc9de60c;8dc3b24523ce072b;b315f62193dde1c7;160df892ff74ce1d;ebce1f4a1b466e99;2d122c9d9ce849d4;6bc454048c58e32b;03e8da33cc26231d;a8d51c69cbdd3d7f;577ac49411ebfb79;7222191b7bef5f29;9fe56bdcd1fd8e9e;e83ed912808b3dea;079aaafe2a8a62ce;c6cf9f3cf33c6996
proxy,decision,SocialGood:h3:f1:o633,633,1,15,32,47,e128c91322f01d52;223e4dc6231224f6;98cad9527949d7d9;f799c5198c84ad66;5534d5637143c0de;193d680ce081c90a;8cfdeead2e370dba;f8d43624da07d836;3b2f27448415f0c6;52c4262a57807a22;7d490d89ae833b04;201045f162e244ce;d2ee9c55577d6862;22249c4f3ba055b2;fd693c42fb88ae0d,7d2108db7a8a89d7;b99759cbc80f67b8;69ab692ac781ba4b;9e1098c560453c49;656f815d9448823e;6e8a7707b11114c5;425bce624788c6af;fbeb1baac64ebfa6;277ca096f56c8cbc;d1612d66819f217c;05aa345bf9928713;2cf8bbcbf73b300a;34446490a8f899aa;f749abe1271518c3;41d93d722fd7a1dd;5abbf4f9017a8287;2983e8f326144a0b;a15be7cf0a42e853;7390922e80261acb;ee1ff0f87147b1e2;379fc9b24f9e75e1;5ca76cf50985ed76;a2c2414bd630f064;df61f46c75360716;73332407aaff824d;a8325fa3cc9de60c;8dc3b24523ce072b;b315f62193dde1c7;160df892ff74ce1d;ebce1f4a1b466e99;2d122c9d9ce849d4;6bc454048c58e32b
proxy,decision,SocialGood:h3:f1:o634,634,1,15,32,47,f70e3e661d463d81;e128c91322f01d52;223e4dc6231224f6;98cad9527949d7d9;f799c5198c84ad66;5534d5637143c0de;193d680ce081c90a;8cfdeead2e370dba;f8d43624da07d836;3b2f27448415f0c6;52c4262a57807a22;7d490d89ae833b04;201045f162e244ce;d2ee9c55577d6862;22249c4f3ba055b2,a9e5fdaecb800a4d;efaba49b8f070280;024bc6f494408eef;b0e661883f3c428f;2cbb12e3e005ae91;56e7f208e5d90bda;28ef26a5e9290dc6;30ff539693398f2e;88d447ce267ee546;e656cf290fec74d2;7d2108db7a8a89d7;b99759cbc80f67b8;69ab692ac781ba4b;9e1098c560453c49;656f815d9448823e;6e8a7707b11114c5;425bce624788c6af;fbeb1baac64ebfa6;277ca096f56c8cbc;d1612d66819f217c;05aa345bf9928713;2cf8bbcbf73b300a;34446490a8f899aa;f749abe1271518c3;41d93d722fd7a1dd;5abbf4f9017a8287;2983e8f326144a0b;a15be7cf0a42e853;7390922e80261acb;ee1ff0f87147b1e2;379fc9b24f9e75e1;5ca76cf50985ed76
proxy,decision,SocialGood:h3:f1:o635,635,1,15,32,47,ae5e6d8dc5a7d3c8;f70e3e661d463d81;e128c91322f01d52;223e4dc6231224f6;98cad9527949d7d9;f799c5198c84ad66;5534d5637143c0de;193d680ce081c90a;8cfdeead2e370dba;f8d43624da07d836;3b2f27448415f0c6;52c4262a57807a22;7d490d89ae833b04;201045f162e244ce;d2ee9c55577d6862,cf5815001c153efe;dbf7c8a9c9cf996a;58fd891760f0491c;832637a6904141bc;534562106faf0e81;776cb646fe9aabbb;9868689f6763a54e;b45b488c9f5eb1eb;a9e5fdaecb800a4d;efaba49b8f070280;024bc6f494408eef;b0e661883f3c428f;2cbb12e3e005ae91;56e7f208e5d90bda;28ef26a5e9290dc6;30ff539693398f2e;88d447ce267ee546;e656cf290fec74d2;7d2108db7a8a89d7;b99759cbc80f67b8;69ab692ac781ba4b;9e1098c560453c49;656f815d9448823e;6e8a7707b11114c5;425bce624788c6af;fbeb1baac64ebfa6;277ca096f56c8cbc;d1612d66819f217c;05aa345bf9928713;2cf8bbcbf73b300a;34446490a8f899aa;f749abe1271518c3
proxy,decision,SocialGood:h3:f1:o636,636,1,14,32,46,ae5e6d8dc5a7d3c8;f70e3e661d463d81;e128c91322f01d52;223e4dc6231224f6;98cad9527949d7d9;f799c5198c84ad66;5534d5637143c0de;193d680ce081c90a;8cfdeead2e370dba;f8d43624da07d836;3b2f27448415f0c6;52c4262a57807a22;7d490d89ae833b04;201045f162e244ce,3ec48c4b6352c4cb;6fc0e4c97851d5b1;3f0c6f9e4703c309;80cf62a6ca7d6a75;90c5943bbd44ca12;dc0eb3ed9c5efe88;a12069606f00addd;822a6e5145a5d89f;dd9fc33d223edd6d;cf5815001c153efe;dbf7c8a9c9cf996a;58fd891760f0491c;832637a6904141bc;534562106faf0e81;776cb646fe9aabbb;9868689f6763a54e;b45b488c9f5eb1eb;a9e5fdaecb800a4d;efaba49b8f070280;024bc6f494408eef;b0e661883f3c428f;2cbb12e3e005ae91;56e7f208e5d90bda;28ef26a5e9290dc6;30ff539693398f2e;88d447ce267ee546;e656cf290fec74d2;7d2108db7a8a89d7;b99759cbc80f67b8;69ab692ac781ba4b;9e1098c560453c49;656f815d9448823e
proxy,decision,SocialGood:h3:f1:o637,637,1,15,32,47,28c3cceb4798c000;ae5e6d8dc5a7d3c8;f70e3e661d463d81;e128c91322f01d52;223e4dc6231224f6;98cad9527949d7d9;f799c5198c84ad66;5534d5637143c0de;193d680ce081c90a;8cfdeead2e370dba;f8d43624da07d836;3b2f27448415f0c6;52c4262a57807a22;7d490d89ae833b04;201045f162e244ce,7e23e95a8ad3cd06;cba317fbf83898c2;6727f82e0c235383;c7016c791a51e872;160ba0ace77bf861;45d68bef034a1458;4847bbd2b1b356e1;fa398c9540aa94df;3ec48c4b6352c4cb;6fc0e4c97851d5b1;3f0c6f9e4703c309;80cf62a6ca7d6a75;90c5943bbd44ca12;dc0eb3ed9c5efe88;a12069606f00addd;822a6e5145a5d89f;dd9fc33d223edd6d;cf5815001c153efe;dbf7c8a9c9cf996a;58fd891760f0491c;832637a6904141bc;534562106faf0e81;776cb646fe9aabbb;9868689f6763a54e;b45b488c9f5eb1eb;a9e5fdaecb800a4d;efaba49b8f070280;024bc6f494408eef;b0e661883f3c428f;2cbb12e3e005ae91;56e7f208e5d90bda;28ef26a5e9290dc6
proxy,decision,SocialGood:h3:f1:o638,638,1,15,32,47,a0d7126681a69ccd;28c3cceb4798c000;ae5e6d8dc5a7d3c8;f70e3e661d463d81;e128c91322f01d52;223e4dc6231224f6;98cad9527949d7d9;f799c5198c84ad66;5534d5637143c0de;193d680ce081c90a;8cfdeead2e370dba;f8d43624da07d836;3b2f27448415f0c6;52c4262a57807a22;7d490d89ae833b04,060a947948827085;318af6c63fcad2c6;b1be482e6994af08;f314caef0cd17dd0;39eae8688070b92e;c433c272c31eed47;088cebedaecb421b;12b48d12ae4a40c6;7e23e95a8ad3cd06;cba317fbf83898c2;6727f82e0c235383;c7016c791a51e872;160ba0ace77bf861;45d68bef034a1458;4847bbd2b1b356e1;fa398c9540aa94df;3ec48c4b6352c4cb;6fc0e4c97851d5b1;3f0c6f9e4703c309;80cf62a6ca7d6a75;90c5943bbd44ca12;dc0eb3ed9c5efe88;a12069606f00addd;822a6e5145a5d89f;dd9fc33d223edd6d;cf5815001c153efe;dbf7c8a9c9cf996a;58fd891760f0491c;832637a6904141bc;534562106faf0e81;776cb646fe9aabbb;9868689f6763a54e
proxy,test,SocialGood:h3:f1:o641,641,1,17,32,49,2ba2942d971cd3a6;d3c589850fd9eee5;66c97b31b576256e;a0d7126681a69ccd;28c3cceb4798c000;ae5e6d8dc5a7d3c8;f70e3e661d463d81;e128c91322f01d52;223e4dc6231224f6;98cad9527949d7d9;f799c5198c84ad66;5534d5637143c0de;193d680ce081c90a;8cfdeead2e370dba;f8d43624da07d836;3b2f27448415f0c6;52c4262a57807a22,7d15d0a70b542ec6;a18c7f596f275323;6c0816344ffca57a;9729e51a3a71c65d;603b9ce00f6d6c91;94d33cd53eededc6;4ebabeb7ed776f79;955a3449fe37a374;09e2fcdcb85fa646;c8e52c38d15407aa;61cf99e1a4725214;6a2c123d956a4a75;141c71a14f0fa52d;9801c9d412e5b29e;43f6a67de45fb36f;f6531bd78d835231;1fb0c4a5826ae548;d8b02f7f584d0e04;a93003fb75e6c068;b3d3a6d8b9cf6edd;b5cd0b9ab9e735b8;b9bf56c3b22ec4cf;77c30a9ba1149e11;874f265c0c617ae9;6131f89e241e18c1;888ebfb07fdcc055;060a947948827085;318af6c63fcad2c6;b1be482e6994af08;f314caef0cd17dd0;39eae8688070b92e;c433c272c31eed47
proxy,test,SocialGood:h3:f1:o642,642,1,17,32,49,86cadf3bab2a288d;2ba2942d971cd3a6;d3c589850fd9eee5;66c97b31b576256e;a0d7126681a69ccd;28c3cceb4798c000;ae5e6d8dc5a7d3c8;f70e3e661d463d81;e128c91322f01d52;223e4dc6231224f6;98cad9527949d7d9;f799c5198c84ad66;5534d5637143c0de;193d680ce081c90a;8cfdeead2e370dba;f8d43624da07d836;3b2f27448415f0c6,1a5d2d62cb39f6ec;d9e4fb4b34ad6061;416afbc6bf42f068;45580fb43caa2d12;ef0fd40400671918;3067c81aab9f1f77;572efddc8cffa8a2;7d15d0a70b542ec6;a18c7f596f275323;6c0816344ffca57a;9729e51a3a71c65d;603b9ce00f6d6c91;94d33cd53eededc6;4ebabeb7ed776f79;955a3449fe37a374;09e2fcdcb85fa646;c8e52c38d15407aa;61cf99e1a4725214;6a2c123d956a4a75;141c71a14f0fa52d;9801c9d412e5b29e;43f6a67de45fb36f;f6531bd78d835231;1fb0c4a5826ae548;d8b02f7f584d0e04;a93003fb75e6c068;b3d3a6d8b9cf6edd;b5cd0b9ab9e735b8;b9bf56c3b22ec4cf;77c30a9ba1149e11;874f265c0c617ae9;6131f89e241e18c1
proxy,test,SocialGood:h3:f1:o643,643,1,17,32,49,5c77e8a18ebfc419;86cadf3bab2a288d;2ba2942d971cd3a6;d3c589850fd9eee5;66c97b31b576256e;a0d7126681a69ccd;28c3cceb4798c000;ae5e6d8dc5a7d3c8;f70e3e661d463d81;e128c91322f01d52;223e4dc6231224f6;98cad9527949d7d9;f799c5198c84ad66;5534d5637143c0de;193d680ce081c90a;8cfdeead2e370dba;f8d43624da07d836,561a45f5a601dc12;ce851568da404182;04168881f4eb1995;0464002b53192116;8aa98f10f28ffc09;d378f43ce96bb905;b63cee10ec4f47e1;d6f637e73ccf159a;1bcc6dcf7e43330e;6d25732987887407;1a5d2d62cb39f6ec;d9e4fb4b34ad6061;416afbc6bf42f068;45580fb43caa2d12;ef0fd40400671918;3067c81aab9f1f77;572efddc8cffa8a2;7d15d0a70b542ec6;a18c7f596f275323;6c0816344ffca57a;9729e51a3a71c65d;603b9ce00f6d6c91;94d33cd53eededc6;4ebabeb7ed776f79;955a3449fe37a374;09e2fcdcb85fa646;c8e52c38d15407aa;61cf99e1a4725214;6a2c123d956a4a75;141c71a14f0fa52d;9801c9d412e5b29e;43f6a67de45fb36f
proxy,test,SocialGood:h3:f1:o644,644,1,18,32,50,245195c3694914a7;5c77e8a18ebfc419;86cadf3bab2a288d;2ba2942d971cd3a6;d3c589850fd9eee5;66c97b31b576256e;a0d7126681a69ccd;28c3cceb4798c000;ae5e6d8dc5a7d3c8;f70e3e661d463d81;e128c91322f01d52;223e4dc6231224f6;98cad9527949d7d9;f799c5198c84ad66;5534d5637143c0de;193d680ce081c90a;8cfdeead2e370dba;f8d43624da07d836,62a736e8e6f24496;e1f6366a43bc24c5;10d4fa9afbe5033e;9e0a4d096352e603;943f47d019512171;d96b937f6cd0a36e;3fc5dc29f2f854a5;b958e7b333858f51;561a45f5a601dc12;ce851568da404182;04168881f4eb1995;0464002b53192116;8aa98f10f28ffc09;d378f43ce96bb905;b63cee10ec4f47e1;d6f637e73ccf159a;1bcc6dcf7e43330e;6d25732987887407;1a5d2d62cb39f6ec;d9e4fb4b34ad6061;416afbc6bf42f068;45580fb43caa2d12;ef0fd40400671918;3067c81aab9f1f77;572efddc8cffa8a2;7d15d0a70b542ec6;a18c7f596f275323;6c0816344ffca57a;9729e51a3a71c65d;603b9ce00f6d6c91;94d33cd53eededc6;4ebabeb7ed776f79
proxy,test,SocialGood:h3:f1:o645,645,1,19,32,51,ff9ccfe89a127b19;245195c3694914a7;5c77e8a18ebfc419;86cadf3bab2a288d;2ba2942d971cd3a6;d3c589850fd9eee5;66c97b31b576256e;a0d7126681a69ccd;28c3cceb4798c000;ae5e6d8dc5a7d3c8;f70e3e661d463d81;e128c91322f01d52;223e4dc6231224f6;98cad9527949d7d9;f799c5198c84ad66;5534d5637143c0de;193d680ce081c90a;8cfdeead2e370dba;f8d43624da07d836,62ab574706a6e2f7;a3fb2331e21f5e82;b3d70ea1f90b1443;d2be6f2e1f530e64;2b2a0146feed53e0;b977ea5adafb156a;e519923138a50f0f;ea1acfdab497b872;263e5610c833d1b5;62a736e8e6f24496;e1f6366a43bc24c5;10d4fa9afbe5033e;9e0a4d096352e603;943f47d019512171;d96b937f6cd0a36e;3fc5dc29f2f854a5;b958e7b333858f51;561a45f5a601dc12;ce851568da404182;04168881f4eb1995;0464002b53192116;8aa98f10f28ffc09;d378f43ce96bb905;b63cee10ec4f47e1;d6f637e73ccf159a;1bcc6dcf7e43330e;6d25732987887407;1a5d2d62cb39f6ec;d9e4fb4b34ad6061;416afbc6bf42f068;45580fb43caa2d12;ef0fd40400671918
proxy,test,SocialGood:h3:f1:o646,646,1,19,32,51,f934b44d28ed7177;ff9ccfe89a127b19;245195c3694914a7;5c77e8a18ebfc419;86cadf3bab2a288d;2ba2942d971cd3a6;d3c589850fd9eee5;66c97b31b576256e;a0d7126681a69ccd;28c3cceb4798c000;ae5e6d8dc5a7d3c8;f70e3e661d463d81;e128c91322f01d52;223e4dc6231224f6;98cad9527949d7d9;f799c5198c84ad66;5534d5637143c0de;193d680ce081c90a;8cfdeead2e370dba,105d6d2556b58a2f;e79183807fc0af02;0f7a0641c74a9771;5cb2530e5e69421d;5c0a54dca2e79b4d;a09c4334e0d0316e;64a171042c4969e5;f36aba3f6516d34e;62ab574706a6e2f7;a3fb2331e21f5e82;b3d70ea1f90b1443;d2be6f2e1f530e64;2b2a0146feed53e0;b977ea5adafb156a;e519923138a50f0f;ea1acfdab497b872;263e5610c833d1b5;62a736e8e6f24496;e1f6366a43bc24c5;10d4fa9afbe5033e;9e0a4d096352e603;943f47d019512171;d96b937f6cd0a36e;3fc5dc29f2f854a5;b958e7b333858f51;561a45f5a601dc12;ce851568da404182;04168881f4eb1995;0464002b53192116;8aa98f10f28ffc09;d378f43ce96bb905;b63cee10ec4f47e1
proxy,test,SocialGood:h3:f1:o647,647,1,19,32,51,f1557ea22e962a11;f934b44d28ed7177;ff9ccfe89a127b19;245195c3694914a7;5c77e8a18ebfc419;86cadf3bab2a288d;2ba2942d971cd3a6;d3c589850fd9eee5;66c97b31b576256e;a0d7126681a69ccd;28c3cceb4798c000;ae5e6d8dc5a7d3c8;f70e3e661d463d81;e128c91322f01d52;223e4dc6231224f6;98cad9527949d7d9;f799c5198c84ad66;5534d5637143c0de;193d680ce081c90a,b7b4c7dbfe672f1d;e91b65b80da90fa6;10214a34b2b7a26f;34792d0971ee69b4;4e84a26ba8c090b2;9395771b4f20b2b6;c945cfeb70fba3c9;f3b574a09f29cc05;105d6d2556b58a2f;e79183807fc0af02;0f7a0641c74a9771;5cb2530e5e69421d;5c0a54dca2e79b4d;a09c4334e0d0316e;64a171042c4969e5;f36aba3f6516d34e;62ab574706a6e2f7;a3fb2331e21f5e82;b3d70ea1f90b1443;d2be6f2e1f530e64;2b2a0146feed53e0;b977ea5adafb156a;e519923138a50f0f;ea1acfdab497b872;263e5610c833d1b5;62a736e8e6f24496;e1f6366a43bc24c5;10d4fa9afbe5033e;9e0a4d096352e603;943f47d019512171;d96b937f6cd0a36e;3fc5dc29f2f854a5
proxy,test,SocialGood:h3:f1:o648,648,1,20,32,52,075a7ebce02cdab3;f1557ea22e962a11;f934b44d28ed7177;ff9ccfe89a127b19;245195c3694914a7;5c77e8a18ebfc419;86cadf3bab2a288d;2ba2942d971cd3a6;d3c589850fd9eee5;66c97b31b576256e;a0d7126681a69ccd;28c3cceb4798c000;ae5e6d8dc5a7d3c8;f70e3e661d463d81;e128c91322f01d52;223e4dc6231224f6;98cad9527949d7d9;f799c5198c84ad66;5534d5637143c0de;193d680ce081c90a,014d4f0f34966d0a;9994d0be65444233;9ef276e20bc740eb;ad827169ebacd152;17348ddd2864d203;3a777954d8d03c96;ad12d0786d465148;face292913dad8b3;15ff18a47474920e;e4ffbad20ad16119;b7b4c7dbfe672f1d;e91b65b80da90fa6;10214a34b2b7a26f;34792d0971ee69b4;4e84a26ba8c090b2;9395771b4f20b2b6;c945cfeb70fba3c9;f3b574a09f29cc05;105d6d2556b58a2f;e79183807fc0af02;0f7a0641c74a9771;5cb2530e5e69421d;5c0a54dca2e79b4d;a09c4334e0d0316e;64a171042c4969e5;f36aba3f6516d34e;62ab574706a6e2f7;a3fb2331e21f5e82;b3d70ea1f90b1443;d2be6f2e1f530e64;2b2a0146feed53e0;b977ea5adafb156a
proxy,test,SocialGood:h3:f1:o649,649,1,20,32,52,9b83a69dcef038d7;075a7ebce02cdab3;f1557ea22e962a11;f934b44d28ed7177;ff9ccfe89a127b19;245195c3694914a7;5c77e8a18ebfc419;86cadf3bab2a288d;2ba2942d971cd3a6;d3c589850fd9eee5;66c97b31b576256e;a0d7126681a69ccd;28c3cceb4798c000;ae5e6d8dc5a7d3c8;f70e3e661d463d81;e128c91322f01d52;223e4dc6231224f6;98cad9527949d7d9;f799c5198c84ad66;5534d5637143c0de,355404d1750f7045;79d806611ff61a31;a0c2ac8dae38c968;e04a8a56ef075757;0b685f2fa7a1150a;b2b526e2b0ac4ae6;ac51c13ab4f704ad;b91df8febe050d24;014d4f0f34966d0a;9994d0be65444233;9ef276e20bc740eb;ad827169ebacd152;17348ddd2864d203;3a777954d8d03c96;ad12d0786d465148;face292913dad8b3;15ff18a47474920e;e4ffbad20ad16119;b7b4c7dbfe672f1d;e91b65b80da90fa6;10214a34b2b7a26f;34792d0971ee69b4;4e84a26ba8c090b2;9395771b4f20b2b6;c945cfeb70fba3c9;f3b574a09f29cc05;105d6d2556b58a2f;e79183807fc0af02;0f7a0641c74a9771;5cb2530e5e69421d;5c0a54dca2e79b4d;a09c4334e0d0316e
proxy,test,SocialGood:h3:f1:o650,650,1,19,32,51,9b83a69dcef038d7;075a7ebce02cdab3;f1557ea22e962a11;f934b44d28ed7177;ff9ccfe89a127b19;245195c3694914a7;5c77e8a18ebfc419;86cadf3bab2a288d;2ba2942d971cd3a6;d3c589850fd9eee5;66c97b31b576256e;a0d7126681a69ccd;28c3cceb4798c000;ae5e6d8dc5a7d3c8;f70e3e661d463d81;e128c91322f01d52;223e4dc6231224f6;98cad9527949d7d9;f799c5198c84ad66,1cb673e35a97f24c;fe73accc59bcf63a;cd64b975d6c7709a;fa03ff9d5396eb12;703e9b37331722c3;981ac509a0ed6658;9e57c7c3db60c38b;b29d9b1e27a382b1;355404d1750f7045;79d806611ff61a31;a0c2ac8dae38c968;e04a8a56ef075757;0b685f2fa7a1150a;b2b526e2b0ac4ae6;ac51c13ab4f704ad;b91df8febe050d24;014d4f0f34966d0a;9994d0be65444233;9ef276e20bc740eb;ad827169ebacd152;17348ddd2864d203;3a777954d8d03c96;ad12d0786d465148;face292913dad8b3;15ff18a47474920e;e4ffbad20ad16119;b7b4c7dbfe672f1d;e91b65b80da90fa6;10214a34b2b7a26f;34792d0971ee69b4;4e84a26ba8c090b2;9395771b4f20b2b6
proxy,test,SocialGood:h3:f1:o651,651,1,19,32,51,9b83a69dcef038d7;075a7ebce02cdab3;f1557ea22e962a11;f934b44d28ed7177;ff9ccfe89a127b19;245195c3694914a7;5c77e8a18ebfc419;86cadf3bab2a288d;2ba2942d971cd3a6;d3c589850fd9eee5;66c97b31b576256e;a0d7126681a69ccd;28c3cceb4798c000;ae5e6d8dc5a7d3c8;f70e3e661d463d81;e128c91322f01d52;223e4dc6231224f6;98cad9527949d7d9;f799c5198c84ad66,0639c6b5c836f470;313bc7fbfcc191df;e4f9446112c67f17;0973069d20b009d3;78d2997e22155fe2;7f37e4969b46e5c6;aa5d3944cf094eda;91910510e0ceb896;cb3bf2c3987c96da;1cb673e35a97f24c;fe73accc59bcf63a;cd64b975d6c7709a;fa03ff9d5396eb12;703e9b37331722c3;981ac509a0ed6658;9e57c7c3db60c38b;b29d9b1e27a382b1;355404d1750f7045;79d806611ff61a31;a0c2ac8dae38c968;e04a8a56ef075757;0b685f2fa7a1150a;b2b526e2b0ac4ae6;ac51c13ab4f704ad;b91df8febe050d24;014d4f0f34966d0a;9994d0be65444233;9ef276e20bc740eb;ad827169ebacd152;17348ddd2864d203;3a777954d8d03c96;ad12d0786d465148
proxy,test,SocialGood:h3:f1:o652,652,1,19,32,51,206479b0ec63e39d;9b83a69dcef038d7;075a7ebce02cdab3;f1557ea22e962a11;f934b44d28ed7177;ff9ccfe89a127b19;245195c3694914a7;5c77e8a18ebfc419;86cadf3bab2a288d;2ba2942d971cd3a6;d3c589850fd9eee5;66c97b31b576256e;a0d7126681a69ccd;28c3cceb4798c000;ae5e6d8dc5a7d3c8;f70e3e661d463d81;e128c91322f01d52;223e4dc6231224f6;98cad9527949d7d9,020ca96e7fb7c1ac;24f6531c0b90227b;9d8ed5d7b14838a7;e7e8cd43958f39ab;bdaffd64b8a97aba;cdf7bc550878e176;00695d5eef7330c3;69a85dfd09b1d692;0639c6b5c836f470;313bc7fbfcc191df;e4f9446112c67f17;0973069d20b009d3;78d2997e22155fe2;7f37e4969b46e5c6;aa5d3944cf094eda;91910510e0ceb896;cb3bf2c3987c96da;1cb673e35a97f24c;fe73accc59bcf63a;cd64b975d6c7709a;fa03ff9d5396eb12;703e9b37331722c3;981ac509a0ed6658;9e57c7c3db60c38b;b29d9b1e27a382b1;355404d1750f7045;79d806611ff61a31;a0c2ac8dae38c968;e04a8a56ef075757;0b685f2fa7a1150a;b2b526e2b0ac4ae6;ac51c13ab4f704ad
proxy,test,SocialGood:h3:f1:o653,653,1,20,32,52,e382ac7abfd6b816;206479b0ec63e39d;9b83a69dcef038d7;075a7ebce02cdab3;f1557ea22e962a11;f934b44d28ed7177;ff9ccfe89a127b19;245195c3694914a7;5c77e8a18ebfc419;86cadf3bab2a288d;2ba2942d971cd3a6;d3c589850fd9eee5;66c97b31b576256e;a0d7126681a69ccd;28c3cceb4798c000;ae5e6d8dc5a7d3c8;f70e3e661d463d81;e128c91322f01d52;223e4dc6231224f6;98cad9527949d7d9,863577a348a19867;94714633eb0ae303;01bfb5c085fadc08;f11fedd63ad979bf;0297f7e42ef0ede9;c5686b5e5d54068a;40c91b031f30d4bf;62fd800e4de5e813;020ca96e7fb7c1ac;24f6531c0b90227b;9d8ed5d7b14838a7;e7e8cd43958f39ab;bdaffd64b8a97aba;cdf7bc550878e176;00695d5eef7330c3;69a85dfd09b1d692;0639c6b5c836f470;313bc7fbfcc191df;e4f9446112c67f17;0973069d20b009d3;78d2997e22155fe2;7f37e4969b46e5c6;aa5d3944cf094eda;91910510e0ceb896;cb3bf2c3987c96da;1cb673e35a97f24c;fe73accc59bcf63a;cd64b975d6c7709a;fa03ff9d5396eb12;703e9b37331722c3;981ac509a0ed6658;9e57c7c3db60c38b
proxy,test,SocialGood:h3:f1:o654,654,1,20,32,52,ced281ba5a0d667a;e382ac7abfd6b816;206479b0ec63e39d;9b83a69dcef038d7;075a7ebce02cdab3;f1557ea22e962a11;f934b44d28ed7177;ff9ccfe89a127b19;245195c3694914a7;5c77e8a18ebfc419;86cadf3bab2a288d;2ba2942d971cd3a6;d3c589850fd9eee5;66c97b31b576256e;a0d7126681a69ccd;28c3cceb4798c000;ae5e6d8dc5a7d3c8;f70e3e661d463d81;e128c91322f01d52;223e4dc6231224f6,1dc418b9617b14f5;2339d521b2017c8c;31745822c4c5be28;f5146d099169da20;2fff6c11be1c5799;ab569b462daaa8b9;a06823da03d34b04;f050e467f4dfb6ac;1aa1bd80f38cb6b6;6dd7599709664617;863577a348a19867;94714633eb0ae303;01bfb5c085fadc08;f11fedd63ad979bf;0297f7e42ef0ede9;c5686b5e5d54068a;40c91b031f30d4bf;62fd800e4de5e813;020ca96e7fb7c1ac;24f6531c0b90227b;9d8ed5d7b14838a7;e7e8cd43958f39ab;bdaffd64b8a97aba;cdf7bc550878e176;00695d5eef7330c3;69a85dfd09b1d692;0639c6b5c836f470;313bc7fbfcc191df;e4f9446112c67f17;0973069d20b009d3;78d2997e22155fe2;7f37e4969b46e5c6
proxy,test,SocialGood:h3:f1:o655,655,1,20,32,52,7268f4afb23cbc2a;ced281ba5a0d667a;e382ac7abfd6b816;206479b0ec63e39d;9b83a69dcef038d7;075a7ebce02cdab3;f1557ea22e962a11;f934b44d28ed7177;ff9ccfe89a127b19;245195c3694914a7;5c77e8a18ebfc419;86cadf3bab2a288d;2ba2942d971cd3a6;d3c589850fd9eee5;66c97b31b576256e;a0d7126681a69ccd;28c3cceb4798c000;ae5e6d8dc5a7d3c8;f70e3e661d463d81;e128c91322f01d52,5f036badd032f5fb;d94ade695046edd7;29f76837c4053b63;9ed491b1a84b1a3c;566ec551016c75ea;cb4dacd765664943;92f4c8f1bc7a0a82;b808c6459972aefd;1dc418b9617b14f5;2339d521b2017c8c;31745822c4c5be28;f5146d099169da20;2fff6c11be1c5799;ab569b462daaa8b9;a06823da03d34b04;f050e467f4dfb6ac;1aa1bd80f38cb6b6;6dd7599709664617;863577a348a19867;94714633eb0ae303;01bfb5c085fadc08;f11fedd63ad979bf;0297f7e42ef0ede9;c5686b5e5d54068a;40c91b031f30d4bf;62fd800e4de5e813;020ca96e7fb7c1ac;24f6531c0b90227b;9d8ed5d7b14838a7;e7e8cd43958f39ab;bdaffd64b8a97aba;cdf7bc550878e176
proxy,test,SocialGood:h3:f1:o656,656,1,21,32,53,ec59c5ff9f9b0286;7268f4afb23cbc2a;ced281ba5a0d667a;e382ac7abfd6b816;206479b0ec63e39d;9b83a69dcef038d7;075a7ebce02cdab3;f1557ea22e962a11;f934b44d28ed7177;ff9ccfe89a127b19;245195c3694914a7;5c77e8a18ebfc419;86cadf3bab2a288d;2ba2942d971cd3a6;d3c589850fd9eee5;66c97b31b576256e;a0d7126681a69ccd;28c3cceb4798c000;ae5e6d8dc5a7d3c8;f70e3e661d463d81;e128c91322f01d52,2084859855eec034;4b767b156bc6f6fc;739e5f8f1a21b505;f53f8adddfac1db6;a0e47e7bc1aeb661;e7c920828c2838c6;00f829b35646bafe;3b3662de905cc94c;5f036badd032f5fb;d94ade695046edd7;29f76837c4053b63;9ed491b1a84b1a3c;566ec551016c75ea;cb4dacd765664943;92f4c8f1bc7a0a82;b808c6459972aefd;1dc418b9617b14f5;2339d521b2017c8c;31745822c4c5be28;f5146d099169da20;2fff6c11be1c5799;ab569b462daaa8b9;a06823da03d34b04;f050e467f4dfb6ac;1aa1bd80f38cb6b6;6dd7599709664617;863577a348a19867;94714633eb0ae303;01bfb5c085fadc08;f11fedd63ad979bf;0297f7e42ef0ede9;c5686b5e5d54068a
proxy,test,SocialGood:h3:f1:o657,657,1,21,32,53,e0422c57fe3c5a8e;ec59c5ff9f9b0286;7268f4afb23cbc2a;ced281ba5a0d667a;e382ac7abfd6b816;206479b0ec63e39d;9b83a69dcef038d7;075a7ebce02cdab3;f1557ea22e962a11;f934b44d28ed7177;ff9ccfe89a127b19;245195c3694914a7;5c77e8a18ebfc419;86cadf3bab2a288d;2ba2942d971cd3a6;d3c589850fd9eee5;66c97b31b576256e;a0d7126681a69ccd;28c3cceb4798c000;ae5e6d8dc5a7d3c8;f70e3e661d463d81,031018b817830084;438a3fc6534a6d11;82fb007ecab2d7fd;d2e37500c993be85;49706371a2f2ecb7;d716a6739f0db923;5335b272222449ca;802bc0c439da637c;1e075341bb1be689;bd3494bce9e557c6;2084859855eec034;4b767b156bc6f6fc;739e5f8f1a21b505;f53f8adddfac1db6;a0e47e7bc1aeb661;e7c920828c2838c6;00f829b35646bafe;3b3662de905cc94c;5f036badd032f5fb;d94ade695046edd7;29f76837c4053b63;9ed491b1a84b1a3c;566ec551016c75ea;cb4dacd765664943;92f4c8f1bc7a0a82;b808c6459972aefd;1dc418b9617b14f5;2339d521b2017c8c;31745822c4c5be28;f5146d099169da20;2fff6c11be1c5799;ab569b462daaa8b9
proxy,test,SocialGood:h3:f1:o658,658,1,21,32,53,3591a0f53cdd3fdc;e0422c57fe3c5a8e;ec59c5ff9f9b0286;7268f4afb23cbc2a;ced281ba5a0d667a;e382ac7abfd6b816;206479b0ec63e39d;9b83a69dcef038d7;075a7ebce02cdab3;f1557ea22e962a11;f934b44d28ed7177;ff9ccfe89a127b19;245195c3694914a7;5c77e8a18ebfc419;86cadf3bab2a288d;2ba2942d971cd3a6;d3c589850fd9eee5;66c97b31b576256e;a0d7126681a69ccd;28c3cceb4798c000;ae5e6d8dc5a7d3c8,08a262296c278c4e;577854079c59a09a;116c7a2fe2b21ec3;d6aa45fa8e812812;48f7458e19e75586;cc819884c36c3986;18d2674c3fc50e1f;54d7e993f91f49b6;031018b817830084;438a3fc6534a6d11;82fb007ecab2d7fd;d2e37500c993be85;49706371a2f2ecb7;d716a6739f0db923;5335b272222449ca;802bc0c439da637c;1e075341bb1be689;bd3494bce9e557c6;2084859855eec034;4b767b156bc6f6fc;739e5f8f1a21b505;f53f8adddfac1db6;a0e47e7bc1aeb661;e7c920828c2838c6;00f829b35646bafe;3b3662de905cc94c;5f036badd032f5fb;d94ade695046edd7;29f76837c4053b63;9ed491b1a84b1a3c;566ec551016c75ea;cb4dacd765664943
proxy,test,SocialGood:h3:f1:o659,659,1,20,32,52,3591a0f53cdd3fdc;e0422c57fe3c5a8e;ec59c5ff9f9b0286;7268f4afb23cbc2a;ced281ba5a0d667a;e382ac7abfd6b816;206479b0ec63e39d;9b83a69dcef038d7;075a7ebce02cdab3;f1557ea22e962a11;f934b44d28ed7177;ff9ccfe89a127b19;245195c3694914a7;5c77e8a18ebfc419;86cadf3bab2a288d;2ba2942d971cd3a6;d3c589850fd9eee5;66c97b31b576256e;a0d7126681a69ccd;28c3cceb4798c000,46fd02f9a1ce77dc;93645c6142ec64f9;4826f10e60311a53;e7248fe214e975f4;022b5aec94e82c87;2ce1f1d627e6576d;954dff25f6595c61;08a262296c278c4e;577854079c59a09a;116c7a2fe2b21ec3;d6aa45fa8e812812;48f7458e19e75586;cc819884c36c3986;18d2674c3fc50e1f;54d7e993f91f49b6;031018b817830084;438a3fc6534a6d11;82fb007ecab2d7fd;d2e37500c993be85;49706371a2f2ecb7;d716a6739f0db923;5335b272222449ca;802bc0c439da637c;1e075341bb1be689;bd3494bce9e557c6;2084859855eec034;4b767b156bc6f6fc;739e5f8f1a21b505;f53f8adddfac1db6;a0e47e7bc1aeb661;e7c920828c2838c6;00f829b35646bafe
proxy,test,SocialGood:h3:f1:o660,660,1,21,32,53,3b6f2d08b71cc806;3591a0f53cdd3fdc;e0422c57fe3c5a8e;ec59c5ff9f9b0286;7268f4afb23cbc2a;ced281ba5a0d667a;e382ac7abfd6b816;206479b0ec63e39d;9b83a69dcef038d7;075a7ebce02cdab3;f1557ea22e962a11;f934b44d28ed7177;ff9ccfe89a127b19;245195c3694914a7;5c77e8a18ebfc419;86cadf3bab2a288d;2ba2942d971cd3a6;d3c589850fd9eee5;66c97b31b576256e;a0d7126681a69ccd;28c3cceb4798c000,12fbb41a303f99f1;f0b5f2a25cc1d097;b0f490fdfd2f90e8;f46d34fff4418dba;bec566e19bd35c20;dddb24d2384fa606;575d223271515de2;f44848a2120d5eea;61c33854020b93e1;6dbcfc5d84c86219;46fd02f9a1ce77dc;93645c6142ec64f9;4826f10e60311a53;e7248fe214e975f4;022b5aec94e82c87;2ce1f1d627e6576d;954dff25f6595c61;08a262296c278c4e;577854079c59a09a;116c7a2fe2b21ec3;d6aa45fa8e812812;48f7458e19e75586;cc819884c36c3986;18d2674c3fc50e1f;54d7e993f91f49b6;031018b817830084;438a3fc6534a6d11;82fb007ecab2d7fd;d2e37500c993be85;49706371a2f2ecb7;d716a6739f0db923;5335b272222449ca
proxy,test,SocialGood:h3:f1:o661,661,1,21,32,53,fcfcc7bfe677b6bf;3b6f2d08b71cc806;3591a0f53cdd3fdc;e0422c57fe3c5a8e;ec59c5ff9f9b0286;7268f4afb23cbc2a;ced281ba5a0d667a;e382ac7abfd6b816;206479b0ec63e39d;9b83a69dcef038d7;075a7ebce02cdab3;f1557ea22e962a11;f934b44d28ed7177;ff9ccfe89a127b19;245195c3694914a7;5c77e8a18ebfc419;86cadf3bab2a288d;2ba2942d971cd3a6;d3c589850fd9eee5;66c97b31b576256e;a0d7126681a69ccd,b4e21bd4259aef67;cf6de672d332fa7b;65d4f9b0199b627d;9add10eaf6fc44f3;1c7ea6d89e4968be;bac28e2ba6a4be63;57132a7aa1fb0622;74b3436e8cd6feae;12fbb41a303f99f1;f0b5f2a25cc1d097;b0f490fdfd2f90e8;f46d34fff4418dba;bec566e19bd35c20;dddb24d2384fa606;575d223271515de2;f44848a2120d5eea;61c33854020b93e1;6dbcfc5d84c86219;46fd02f9a1ce77dc;93645c6142ec64f9;4826f10e60311a53;e7248fe214e975f4;022b5aec94e82c87;2ce1f1d627e6576d;954dff25f6595c61;08a262296c278c4e;577854079c59a09a;116c7a2fe2b21ec3;d6aa45fa8e812812;48f7458e19e75586;cc819884c36c3986;18d2674c3fc50e1f
proxy,test,SocialGood:h3:f1:o662,662,1,21,32,53,4f1957ed817b0ec0;fcfcc7bfe677b6bf;3b6f2d08b71cc806;3591a0f53cdd3fdc;e0422c57fe3c5a8e;ec59c5ff9f9b0286;7268f4afb23cbc2a;ced281ba5a0d667a;e382ac7abfd6b816;206479b0ec63e39d;9b83a69dcef038d7;075a7ebce02cdab3;f1557ea22e962a11;f934b44d28ed7177;ff9ccfe89a127b19;245195c3694914a7;5c77e8a18ebfc419;86cadf3bab2a288d;2ba2942d971cd3a6;d3c589850fd9eee5;66c97b31b576256e,066cfaa53a99b908;52478f22a4535d23;a7799f84ad903f65;d654d0ab4a82f84a;2a09edbd9c6ec05a;fef41e9113a22812;191baebc375679f0;833159fcff3d42ca;b4e21bd4259aef67;cf6de672d332fa7b;65d4f9b0199b627d;9add10eaf6fc44f3;1c7ea6d89e4968be;bac28e2ba6a4be63;57132a7aa1fb0622;74b3436e8cd6feae;12fbb41a303f99f1;f0b5f2a25cc1d097;b0f490fdfd2f90e8;f46d34fff4418dba;bec566e19bd35c20;dddb24d2384fa606;575d223271515de2;f44848a2120d5eea;61c33854020b93e1;6dbcfc5d84c86219;46fd02f9a1ce77dc;93645c6142ec64f9;4826f10e60311a53;e7248fe214e975f4;022b5aec94e82c87;2ce1f1d627e6576d
proxy,test,SocialGood:h3:f1:o663,663,1,21,32,53,7fd17d7492a455f0;4f1957ed817b0ec0;fcfcc7bfe677b6bf;3b6f2d08b71cc806;3591a0f53cdd3fdc;e0422c57fe3c5a8e;ec59c5ff9f9b0286;7268f4afb23cbc2a;ced281ba5a0d667a;e382ac7abfd6b816;206479b0ec63e39d;9b83a69dcef038d7;075a7ebce02cdab3;f1557ea22e962a11;f934b44d28ed7177;ff9ccfe89a127b19;245195c3694914a7;5c77e8a18ebfc419;86cadf3bab2a288d;2ba2942d971cd3a6;d3c589850fd9eee5,969a4bcf1e86d48f;c5d3c57461f66c7e;4a406fc1c618e415;f9495b7c83889ef5;ba2bd047960f4afa;ce346adbdb19aa57;6e967cfd4f4703ae;f08b33d89a39d742;467c499db844ab02;a4f99e6fd02d8e25;066cfaa53a99b908;52478f22a4535d23;a7799f84ad903f65;d654d0ab4a82f84a;2a09edbd9c6ec05a;fef41e9113a22812;191baebc375679f0;833159fcff3d42ca;b4e21bd4259aef67;cf6de672d332fa7b;65d4f9b0199b627d;9add10eaf6fc44f3;1c7ea6d89e4968be;bac28e2ba6a4be63;57132a7aa1fb0622;74b3436e8cd6feae;12fbb41a303f99f1;f0b5f2a25cc1d097;b0f490fdfd2f90e8;f46d34fff4418dba;bec566e19bd35c20;dddb24d2384fa606
proxy,test,SocialGood:h3:f1:o664,664,1,21,32,53,8df10e31082b3e10;7fd17d7492a455f0;4f1957ed817b0ec0;fcfcc7bfe677b6bf;3b6f2d08b71cc806;3591a0f53cdd3fdc;e0422c57fe3c5a8e;ec59c5ff9f9b0286;7268f4afb23cbc2a;ced281ba5a0d667a;e382ac7abfd6b816;206479b0ec63e39d;9b83a69dcef038d7;075a7ebce02cdab3;f1557ea22e962a11;f934b44d28ed7177;ff9ccfe89a127b19;245195c3694914a7;5c77e8a18ebfc419;86cadf3bab2a288d;2ba2942d971cd3a6,a3271974abb1d408;e149ac09a36913dd;343ad4c88fff343c;e10df117b329571c;004fd15a5b1dceed;8a349210e1f26776;dcfeab80f99862f0;fd4ca1f88b7e304a;969a4bcf1e86d48f;c5d3c57461f66c7e;4a406fc1c618e415;f9495b7c83889ef5;ba2bd047960f4afa;ce346adbdb19aa57;6e967cfd4f4703ae;f08b33d89a39d742;467c499db844ab02;a4f99e6fd02d8e25;066cfaa53a99b908;52478f22a4535d23;a7799f84ad903f65;d654d0ab4a82f84a;2a09edbd9c6ec05a;fef41e9113a22812;191baebc375679f0;833159fcff3d42ca;b4e21bd4259aef67;cf6de672d332fa7b;65d4f9b0199b627d;9add10eaf6fc44f3;1c7ea6d89e4968be;bac28e2ba6a4be63
proxy,test,SocialGood:h3:f1:o665,665,1,20,32,52,8df10e31082b3e10;7fd17d7492a455f0;4f1957ed817b0ec0;fcfcc7bfe677b6bf;3b6f2d08b71cc806;3591a0f53cdd3fdc;e0422c57fe3c5a8e;ec59c5ff9f9b0286;7268f4afb23cbc2a;ced281ba5a0d667a;e382ac7abfd6b816;206479b0ec63e39d;9b83a69dcef038d7;075a7ebce02cdab3;f1557ea22e962a11;f934b44d28ed7177;ff9ccfe89a127b19;245195c3694914a7;5c77e8a18ebfc419;86cadf3bab2a288d,523e05902954766e;7d538a7657176f68;ad3d3960c293e4e4;c4fad558479ec976;89405544a0c0c751;fa33cdcfe2712f41;31419a280a6f4a7e;703c0c8edac925e9;a3271974abb1d408;e149ac09a36913dd;343ad4c88fff343c;e10df117b329571c;004fd15a5b1dceed;8a349210e1f26776;dcfeab80f99862f0;fd4ca1f88b7e304a;969a4bcf1e86d48f;c5d3c57461f66c7e;4a406fc1c618e415;f9495b7c83889ef5;ba2bd047960f4afa;ce346adbdb19aa57;6e967cfd4f4703ae;f08b33d89a39d742;467c499db844ab02;a4f99e6fd02d8e25;066cfaa53a99b908;52478f22a4535d23;a7799f84ad903f65;d654d0ab4a82f84a;2a09edbd9c6ec05a;fef41e9113a22812
proxy,test,SocialGood:h3:f1:o666,666,1,20,32,52,168ece56a436bed2;8df10e31082b3e10;7fd17d7492a455f0;4f1957ed817b0ec0;fcfcc7bfe677b6bf;3b6f2d08b71cc806;3591a0f53cdd3fdc;e0422c57fe3c5a8e;ec59c5ff9f9b0286;7268f4afb23cbc2a;ced281ba5a0d667a;e382ac7abfd6b816;206479b0ec63e39d;9b83a69dcef038d7;075a7ebce02cdab3;f1557ea22e962a11;f934b44d28ed7177;ff9ccfe89a127b19;245195c3694914a7;5c77e8a18ebfc419,04d2647bf87405c2;443e6b09dfdf7b05;1b73b7675668b602;dd7b898c70e30fea;6802b1a1961a9c46;9e43294e4c38a58e;37dfcd60b5ec6319;53ca9ddafda83205;7844be759f52d4ed;be70c989edd149b0;523e05902954766e;7d538a7657176f68;ad3d3960c293e4e4;c4fad558479ec976;89405544a0c0c751;fa33cdcfe2712f41;31419a280a6f4a7e;703c0c8edac925e9;a3271974abb1d408;e149ac09a36913dd;343ad4c88fff343c;e10df117b329571c;004fd15a5b1dceed;8a349210e1f26776;dcfeab80f99862f0;fd4ca1f88b7e304a;969a4bcf1e86d48f;c5d3c57461f66c7e;4a406fc1c618e415;f9495b7c83889ef5;ba2bd047960f4afa;ce346adbdb19aa57
proxy,test,SocialGood:h3:f1:o667,667,1,20,32,52,b3ab3bb4c4c56025;168ece56a436bed2;8df10e31082b3e10;7fd17d7492a455f0;4f1957ed817b0ec0;fcfcc7bfe677b6bf;3b6f2d08b71cc806;3591a0f53cdd3fdc;e0422c57fe3c5a8e;ec59c5ff9f9b0286;7268f4afb23cbc2a;ced281ba5a0d667a;e382ac7abfd6b816;206479b0ec63e39d;9b83a69dcef038d7;075a7ebce02cdab3;f1557ea22e962a11;f934b44d28ed7177;ff9ccfe89a127b19;245195c3694914a7,314ac5b7f6e2f506;b639f855970d0a3a;07602e9b01eca6d1;0d21d48abaa8b4b7;6f709b98b5c70a8c;f101cc999cb091eb;4d86ea13f4def352;a91174d7d9faee42;04d2647bf87405c2;443e6b09dfdf7b05;1b73b7675668b602;dd7b898c70e30fea;6802b1a1961a9c46;9e43294e4c38a58e;37dfcd60b5ec6319;53ca9ddafda83205;7844be759f52d4ed;be70c989edd149b0;523e05902954766e;7d538a7657176f68;ad3d3960c293e4e4;c4fad558479ec976;89405544a0c0c751;fa33cdcfe2712f41;31419a280a6f4a7e;703c0c8edac925e9;a3271974abb1d408;e149ac09a36913dd;343ad4c88fff343c;e10df117b329571c;004fd15a5b1dceed;8a349210e1f26776
proxy,test,SocialGood:h3:f1:o668,668,1,20,32,52,a90fd65de5e334e9;b3ab3bb4c4c56025;168ece56a436bed2;8df10e31082b3e10;7fd17d7492a455f0;4f1957ed817b0ec0;fcfcc7bfe677b6bf;3b6f2d08b71cc806;3591a0f53cdd3fdc;e0422c57fe3c5a8e;ec59c5ff9f9b0286;7268f4afb23cbc2a;ced281ba5a0d667a;e382ac7abfd6b816;206479b0ec63e39d;9b83a69dcef038d7;075a7ebce02cdab3;f1557ea22e962a11;f934b44d28ed7177;ff9ccfe89a127b19,c9c204720e275437;f7aab2056425f771;334f9e53a3a38d33;c7674f454b844046;6a11f60b8a296e8b;c10996511dfe7f43;410e4d253152c6e5;bdb8bcd7d3cd38f3;0dbcb8ff9c2e0fd5;ba75327acd4c8011;314ac5b7f6e2f506;b639f855970d0a3a;07602e9b01eca6d1;0d21d48abaa8b4b7;6f709b98b5c70a8c;f101cc999cb091eb;4d86ea13f4def352;a91174d7d9faee42;04d2647bf87405c2;443e6b09dfdf7b05;1b73b7675668b602;dd7b898c70e30fea;6802b1a1961a9c46;9e43294e4c38a58e;37dfcd60b5ec6319;53ca9ddafda83205;7844be759f52d4ed;be70c989edd149b0;523e05902954766e;7d538a7657176f68;ad3d3960c293e4e4;c4fad558479ec976
proxy,test,SocialGood:h3:f1:o669,669,1,20,32,52,2b0df616b98b8466;a90fd65de5e334e9;b3ab3bb4c4c56025;168ece56a436bed2;8df10e31082b3e10;7fd17d7492a455f0;4f1957ed817b0ec0;fcfcc7bfe677b6bf;3b6f2d08b71cc806;3591a0f53cdd3fdc;e0422c57fe3c5a8e;ec59c5ff9f9b0286;7268f4afb23cbc2a;ced281ba5a0d667a;e382ac7abfd6b816;206479b0ec63e39d;9b83a69dcef038d7;075a7ebce02cdab3;f1557ea22e962a11;f934b44d28ed7177,0ec7135261940805;4f55bab52ccd68ea;d103769f432e5363;45217128b9a8ea4e;f092d184ff68b2ee;03a575d86ec1c621;c9c204720e275437;f7aab2056425f771;334f9e53a3a38d33;c7674f454b844046;6a11f60b8a296e8b;c10996511dfe7f43;410e4d253152c6e5;bdb8bcd7d3cd38f3;0dbcb8ff9c2e0fd5;ba75327acd4c8011;314ac5b7f6e2f506;b639f855970d0a3a;07602e9b01eca6d1;0d21d48abaa8b4b7;6f709b98b5c70a8c;f101cc999cb091eb;4d86ea13f4def352;a91174d7d9faee42;04d2647bf87405c2;443e6b09dfdf7b05;1b73b7675668b602;dd7b898c70e30fea;6802b1a1961a9c46;9e43294e4c38a58e;37dfcd60b5ec6319;53ca9ddafda83205
proxy,test,SocialGood:h3:f1:o670,670,1,19,32,51,2b0df616b98b8466;a90fd65de5e334e9;b3ab3bb4c4c56025;168ece56a436bed2;8df10e31082b3e10;7fd17d7492a455f0;4f1957ed817b0ec0;fcfcc7bfe677b6bf;3b6f2d08b71cc806;3591a0f53cdd3fdc;e0422c57fe3c5a8e;ec59c5ff9f9b0286;7268f4afb23cbc2a;ced281ba5a0d667a;e382ac7abfd6b816;206479b0ec63e39d;9b83a69dcef038d7;075a7ebce02cdab3;f1557ea22e962a11,02848e3a5d300e66;1bc7b013abbab842;38eefd3dc3d1f63c;55b5295961ed7fa0;bf088efa63bd70d1;2dd4377cdff97be5;a8c1af6d5a282c09;0ec7135261940805;4f55bab52ccd68ea;d103769f432e5363;45217128b9a8ea4e;f092d184ff68b2ee;03a575d86ec1c621;c9c204720e275437;f7aab2056425f771;334f9e53a3a38d33;c7674f454b844046;6a11f60b8a296e8b;c10996511dfe7f43;410e4d253152c6e5;bdb8bcd7d3cd38f3;0dbcb8ff9c2e0fd5;ba75327acd4c8011;314ac5b7f6e2f506;b639f855970d0a3a;07602e9b01eca6d1;0d21d48abaa8b4b7;6f709b98b5c70a8c;f101cc999cb091eb;4d86ea13f4def352;a91174d7d9faee42;04d2647bf87405c2
proxy,test,SocialGood:h3:f1:o671,671,1,18,32,50,2b0df616b98b8466;a90fd65de5e334e9;b3ab3bb4c4c56025;168ece56a436bed2;8df10e31082b3e10;7fd17d7492a455f0;4f1957ed817b0ec0;fcfcc7bfe677b6bf;3b6f2d08b71cc806;3591a0f53cdd3fdc;e0422c57fe3c5a8e;ec59c5ff9f9b0286;7268f4afb23cbc2a;ced281ba5a0d667a;e382ac7abfd6b816;206479b0ec63e39d;9b83a69dcef038d7;075a7ebce02cdab3,32577e6b00eceb9c;f9f6df999978342c;195d2084a1b7545e;38044bcf663dae63;b1a7865f754556be;d48d1d34f8331f41;810263e66bfbe03a;9c5fda1bef76eb04;555d845ed0676afd;acabda3aee4c5936;02848e3a5d300e66;1bc7b013abbab842;38eefd3dc3d1f63c;55b5295961ed7fa0;bf088efa63bd70d1;2dd4377cdff97be5;a8c1af6d5a282c09;0ec7135261940805;4f55bab52ccd68ea;d103769f432e5363;45217128b9a8ea4e;f092d184ff68b2ee;03a575d86ec1c621;c9c204720e275437;f7aab2056425f771;334f9e53a3a38d33;c7674f454b844046;6a11f60b8a296e8b;c10996511dfe7f43;410e4d253152c6e5;bdb8bcd7d3cd38f3;0dbcb8ff9c2e0fd5
proxy,test,SocialGood:h3:f1:o672,672,1,17,32,49,2b0df616b98b8466;a90fd65de5e334e9;b3ab3bb4c4c56025;168ece56a436bed2;8df10e31082b3e10;7fd17d7492a455f0;4f1957ed817b0ec0;fcfcc7bfe677b6bf;3b6f2d08b71cc806;3591a0f53cdd3fdc;e0422c57fe3c5a8e;ec59c5ff9f9b0286;7268f4afb23cbc2a;ced281ba5a0d667a;e382ac7abfd6b816;206479b0ec63e39d;9b83a69dcef038d7,d91cdc7fad595d15;cc63df2b119364eb;f763960bdc5e5d5b;268645e0bc28c541;432fa8d4e44ceea5;9f5507f20d942040;ea02982614a1215d;32577e6b00eceb9c;f9f6df999978342c;195d2084a1b7545e;38044bcf663dae63;b1a7865f754556be;d48d1d34f8331f41;810263e66bfbe03a;9c5fda1bef76eb04;555d845ed0676afd;acabda3aee4c5936;02848e3a5d300e66;1bc7b013abbab842;38eefd3dc3d1f63c;55b5295961ed7fa0;bf088efa63bd70d1;2dd4377cdff97be5;a8c1af6d5a282c09;0ec7135261940805;4f55bab52ccd68ea;d103769f432e5363;45217128b9a8ea4e;f092d184ff68b2ee;03a575d86ec1c621;c9c204720e275437;f7aab2056425f771
proxy,test,SocialGood:h3:f1:o673,673,1,17,32,49,fb7bc33e7e6bce6f;2b0df616b98b8466;a90fd65de5e334e9;b3ab3bb4c4c56025;168ece56a436bed2;8df10e31082b3e10;7fd17d7492a455f0;4f1957ed817b0ec0;fcfcc7bfe677b6bf;3b6f2d08b71cc806;3591a0f53cdd3fdc;e0422c57fe3c5a8e;ec59c5ff9f9b0286;7268f4afb23cbc2a;ced281ba5a0d667a;e382ac7abfd6b816;206479b0ec63e39d,b0acd1e0c14bb9ce;d472424cf174b5b5;a9dc481c2e6fc8f1;c2781692b0c23228;0f892db60e49b089;f601503b02ec20b5;0a7e81bef08ea763;3179ebf9485e56b8;d91cdc7fad595d15;cc63df2b119364eb;f763960bdc5e5d5b;268645e0bc28c541;432fa8d4e44ceea5;9f5507f20d942040;ea02982614a1215d;32577e6b00eceb9c;f9f6df999978342c;195d2084a1b7545e;38044bcf663dae63;b1a7865f754556be;d48d1d34f8331f41;810263e66bfbe03a;9c5fda1bef76eb04;555d845ed0676afd;acabda3aee4c5936;02848e3a5d300e66;1bc7b013abbab842;38eefd3dc3d1f63c;55b5295961ed7fa0;bf088efa63bd70d1;2dd4377cdff97be5;a8c1af6d5a282c09
proxy,test,SocialGood:h3:f1:o674,674,1,18,32,50,b65ce801890d76a4;fb7bc33e7e6bce6f;2b0df616b98b8466;a90fd65de5e334e9;b3ab3bb4c4c56025;168ece56a436bed2;8df10e31082b3e10;7fd17d7492a455f0;4f1957ed817b0ec0;fcfcc7bfe677b6bf;3b6f2d08b71cc806;3591a0f53cdd3fdc;e0422c57fe3c5a8e;ec59c5ff9f9b0286;7268f4afb23cbc2a;ced281ba5a0d667a;e382ac7abfd6b816;206479b0ec63e39d,3eef7f6e826d79a1;c0c9e9c1ac919055;23e04e8e3fabd418;fe682b9fe16d50c9;7b0ca6c3f23d4b14;c973c90c55c353c8;3471961227190e3d;e7ad227fccf712d3;4e2f35e02b4a10dd;a69ec8a54d8a0e3b;b0acd1e0c14bb9ce;d472424cf174b5b5;a9dc481c2e6fc8f1;c2781692b0c23228;0f892db60e49b089;f601503b02ec20b5;0a7e81bef08ea763;3179ebf9485e56b8;d91cdc7fad595d15;cc63df2b119364eb;f763960bdc5e5d5b;268645e0bc28c541;432fa8d4e44ceea5;9f5507f20d942040;ea02982614a1215d;32577e6b00eceb9c;f9f6df999978342c;195d2084a1b7545e;38044bcf663dae63;b1a7865f754556be;d48d1d34f8331f41;810263e66bfbe03a
proxy,test,SocialGood:h3:f1:o675,675,1,19,32,51,b1e693623570b160;b65ce801890d76a4;fb7bc33e7e6bce6f;2b0df616b98b8466;a90fd65de5e334e9;b3ab3bb4c4c56025;168ece56a436bed2;8df10e31082b3e10;7fd17d7492a455f0;4f1957ed817b0ec0;fcfcc7bfe677b6bf;3b6f2d08b71cc806;3591a0f53cdd3fdc;e0422c57fe3c5a8e;ec59c5ff9f9b0286;7268f4afb23cbc2a;ced281ba5a0d667a;e382ac7abfd6b816;206479b0ec63e39d,28f17b77c5e4a861;f3df87ed1ea1fc9a;b350efdcdd79c5c6;fbba0d761601f16c;9872d599134e19bf;caa2f22d836139e0;bed3361a192db67b;c795ea0d3755e6f1;3eef7f6e826d79a1;c0c9e9c1ac919055;23e04e8e3fabd418;fe682b9fe16d50c9;7b0ca6c3f23d4b14;c973c90c55c353c8;3471961227190e3d;e7ad227fccf712d3;4e2f35e02b4a10dd;a69ec8a54d8a0e3b;b0acd1e0c14bb9ce;d472424cf174b5b5;a9dc481c2e6fc8f1;c2781692b0c23228;0f892db60e49b089;f601503b02ec20b5;0a7e81bef08ea763;3179ebf9485e56b8;d91cdc7fad595d15;cc63df2b119364eb;f763960bdc5e5d5b;268645e0bc28c541;432fa8d4e44ceea5;9f5507f20d942040
proxy,test,SocialGood:h3:f1:o676,676,1,19,32,51,fe3128186724bd7e;b1e693623570b160;b65ce801890d76a4;fb7bc33e7e6bce6f;2b0df616b98b8466;a90fd65de5e334e9;b3ab3bb4c4c56025;168ece56a436bed2;8df10e31082b3e10;7fd17d7492a455f0;4f1957ed817b0ec0;fcfcc7bfe677b6bf;3b6f2d08b71cc806;3591a0f53cdd3fdc;e0422c57fe3c5a8e;ec59c5ff9f9b0286;7268f4afb23cbc2a;ced281ba5a0d667a;e382ac7abfd6b816,bdc662357c742c2a;f1d90f243b264509;6537b7e4f90aff9b;fcee7ceb60662f71;45ab9e2e1f33d786;5c854ecc41465f5e;0e1386ce9c0f5aa1;688e1a220ae0c237;28f17b77c5e4a861;f3df87ed1ea1fc9a;b350efdcdd79c5c6;fbba0d761601f16c;9872d599134e19bf;caa2f22d836139e0;bed3361a192db67b;c795ea0d3755e6f1;3eef7f6e826d79a1;c0c9e9c1ac919055;23e04e8e3fabd418;fe682b9fe16d50c9;7b0ca6c3f23d4b14;c973c90c55c353c8;3471961227190e3d;e7ad227fccf712d3;4e2f35e02b4a10dd;a69ec8a54d8a0e3b;b0acd1e0c14bb9ce;d472424cf174b5b5;a9dc481c2e6fc8f1;c2781692b0c23228;0f892db60e49b089;f601503b02ec20b5
proxy,test,SocialGood:h3:f1:o677,677,1,19,32,51,1f3636d567ff1431;fe3128186724bd7e;b1e693623570b160;b65ce801890d76a4;fb7bc33e7e6bce6f;2b0df616b98b8466;a90fd65de5e334e9;b3ab3bb4c4c56025;168ece56a436bed2;8df10e31082b3e10;7fd17d7492a455f0;4f1957ed817b0ec0;fcfcc7bfe677b6bf;3b6f2d08b71cc806;3591a0f53cdd3fdc;e0422c57fe3c5a8e;ec59c5ff9f9b0286;7268f4afb23cbc2a;ced281ba5a0d667a,44ca53db2b379c48;98fbee38b1b8ac7f;5420e6b05d48e336;7288c373fd7386bf;a45fcded81fbfb82;ae9a31fc04d2b8b0;88cb4818d591a551;e2bd65bca15993bd;72faefee10eb1be3;9115f65957ee49d9;bdc662357c742c2a;f1d90f243b264509;6537b7e4f90aff9b;fcee7ceb60662f71;45ab9e2e1f33d786;5c854ecc41465f5e;0e1386ce9c0f5aa1;688e1a220ae0c237;28f17b77c5e4a861;f3df87ed1ea1fc9a;b350efdcdd79c5c6;fbba0d761601f16c;9872d599134e19bf;caa2f22d836139e0;bed3361a192db67b;c795ea0d3755e6f1;3eef7f6e826d79a1;c0c9e9c1ac919055;23e04e8e3fabd418;fe682b9fe16d50c9;7b0ca6c3f23d4b14;c973c90c55c353c8
proxy,test,SocialGood:h3:f1:o678,678,1,18,32,50,1f3636d567ff1431;fe3128186724bd7e;b1e693623570b160;b65ce801890d76a4;fb7bc33e7e6bce6f;2b0df616b98b8466;a90fd65de5e334e9;b3ab3bb4c4c56025;168ece56a436bed2;8df10e31082b3e10;7fd17d7492a455f0;4f1957ed817b0ec0;fcfcc7bfe677b6bf;3b6f2d08b71cc806;3591a0f53cdd3fdc;e0422c57fe3c5a8e;ec59c5ff9f9b0286;7268f4afb23cbc2a,9c797030ed02ba38;a002a5abf1fcebe4;4dfe5c9efd84d438;743193199526e344;3688dde76c3d4657;65e3e1f799999d7d;0a5a6decf18d8424;9c24639f71687627;44ca53db2b379c48;98fbee38b1b8ac7f;5420e6b05d48e336;7288c373fd7386bf;a45fcded81fbfb82;ae9a31fc04d2b8b0;88cb4818d591a551;e2bd65bca15993bd;72faefee10eb1be3;9115f65957ee49d9;bdc662357c742c2a;f1d90f243b264509;6537b7e4f90aff9b;fcee7ceb60662f71;45ab9e2e1f33d786;5c854ecc41465f5e;0e1386ce9c0f5aa1;688e1a220ae0c237;28f17b77c5e4a861;f3df87ed1ea1fc9a;b350efdcdd79c5c6;fbba0d761601f16c;9872d599134e19bf;caa2f22d836139e0
proxy,test,SocialGood:h3:f1:o679,679,1,18,32,50,a234cbd92e5ffdbb;1f3636d567ff1431;fe3128186724bd7e;b1e693623570b160;b65ce801890d76a4;fb7bc33e7e6bce6f;2b0df616b98b8466;a90fd65de5e334e9;b3ab3bb4c4c56025;168ece56a436bed2;8df10e31082b3e10;7fd17d7492a455f0;4f1957ed817b0ec0;fcfcc7bfe677b6bf;3b6f2d08b71cc806;3591a0f53cdd3fdc;e0422c57fe3c5a8e;ec59c5ff9f9b0286,0fd938a70d7c6012;162e52890644c453;1eb8d9060c861991;4858f69d79f5e842;50689945cb902d11;ee718b33d07c9225;2ebf995e0dfba2e3;f734ebae94fea8ab;9c797030ed02ba38;a002a5abf1fcebe4;4dfe5c9efd84d438;743193199526e344;3688dde76c3d4657;65e3e1f799999d7d;0a5a6decf18d8424;9c24639f71687627;44ca53db2b379c48;98fbee38b1b8ac7f;5420e6b05d48e336;7288c373fd7386bf;a45fcded81fbfb82;ae9a31fc04d2b8b0;88cb4818d591a551;e2bd65bca15993bd;72faefee10eb1be3;9115f65957ee49d9;bdc662357c742c2a;f1d90f243b264509;6537b7e4f90aff9b;fcee7ceb60662f71;45ab9e2e1f33d786;5c854ecc41465f5e
proxy,test,SocialGood:h3:f1:o680,680,1,17,32,49,a234cbd92e5ffdbb;1f3636d567ff1431;fe3128186724bd7e;b1e693623570b160;b65ce801890d76a4;fb7bc33e7e6bce6f;2b0df616b98b8466;a90fd65de5e334e9;b3ab3bb4c4c56025;168ece56a436bed2;8df10e31082b3e10;7fd17d7492a455f0;4f1957ed817b0ec0;fcfcc7bfe677b6bf;3b6f2d08b71cc806;3591a0f53cdd3fdc;e0422c57fe3c5a8e,5db1ec324636343e;b911291f4b81a7d5;47d407fe9c5b2187;ee53aea7f96c3de1;732a07955760ce26;865c1e915bb62f80;00ba9fac330996ff;1e6929fdad56bf3d;bc3c680c7df38347;0fd938a70d7c6012;162e52890644c453;1eb8d9060c861991;4858f69d79f5e842;50689945cb902d11;ee718b33d07c9225;2ebf995e0dfba2e3;f734ebae94fea8ab;9c797030ed02ba38;a002a5abf1fcebe4;4dfe5c9efd84d438;743193199526e344;3688dde76c3d4657;65e3e1f799999d7d;0a5a6decf18d8424;9c24639f71687627;44ca53db2b379c48;98fbee38b1b8ac7f;5420e6b05d48e336;7288c373fd7386bf;a45fcded81fbfb82;ae9a31fc04d2b8b0;88cb4818d591a551
proxy,test,SocialGood:h3:f1:o681,681,1,17,32,49,07ac004ba8b5af77;a234cbd92e5ffdbb;1f3636d567ff1431;fe3128186724bd7e;b1e693623570b160;b65ce801890d76a4;fb7bc33e7e6bce6f;2b0df616b98b8466;a90fd65de5e334e9;b3ab3bb4c4c56025;168ece56a436bed2;8df10e31082b3e10;7fd17d7492a455f0;4f1957ed817b0ec0;fcfcc7bfe677b6bf;3b6f2d08b71cc806;3591a0f53cdd3fdc,8aaa85f850843872;b796d3775895ee21;237c68c77a18a8f4;819fa765e4409a63;31da46ca3e51f55f;ff20e381d65142d3;054d3fa58ed6f2a1;875162ad8fa2756e;5db1ec324636343e;b911291f4b81a7d5;47d407fe9c5b2187;ee53aea7f96c3de1;732a07955760ce26;865c1e915bb62f80;00ba9fac330996ff;1e6929fdad56bf3d;bc3c680c7df38347;0fd938a70d7c6012;162e52890644c453;1eb8d9060c861991;4858f69d79f5e842;50689945cb902d11;ee718b33d07c9225;2ebf995e0dfba2e3;f734ebae94fea8ab;9c797030ed02ba38;a002a5abf1fcebe4;4dfe5c9efd84d438;743193199526e344;3688dde76c3d4657;65e3e1f799999d7d;0a5a6decf18d8424
proxy,test,SocialGood:h3:f1:o682,682,1,17,32,49,3e4f188668f5dc37;07ac004ba8b5af77;a234cbd92e5ffdbb;1f3636d567ff1431;fe3128186724bd7e;b1e693623570b160;b65ce801890d76a4;fb7bc33e7e6bce6f;2b0df616b98b8466;a90fd65de5e334e9;b3ab3bb4c4c56025;168ece56a436bed2;8df10e31082b3e10;7fd17d7492a455f0;4f1957ed817b0ec0;fcfcc7bfe677b6bf;3b6f2d08b71cc806,1ddd05b27ccda041;eae0fe86cc920f95;224da0fe343b2501;6f519c09610c7d0c;70b2244920be5a46;dbc2e974931bcd9b;6afa2d8696fd5568;a68fcc177eb73e02;991698771a52ba4a;bdd2cfe4a50bb386;8aaa85f850843872;b796d3775895ee21;237c68c77a18a8f4;819fa765e4409a63;31da46ca3e51f55f;ff20e381d65142d3;054d3fa58ed6f2a1;875162ad8fa2756e;5db1ec324636343e;b911291f4b81a7d5;47d407fe9c5b2187;ee53aea7f96c3de1;732a07955760ce26;865c1e915bb62f80;00ba9fac330996ff;1e6929fdad56bf3d;bc3c680c7df38347;0fd938a70d7c6012;162e52890644c453;1eb8d9060c861991;4858f69d79f5e842;50689945cb902d11
proxy,test,SocialGood:h3:f1:o683,683,1,17,32,49,3e4f188668f5dc37;07ac004ba8b5af77;a234cbd92e5ffdbb;1f3636d567ff1431;fe3128186724bd7e;b1e693623570b160;b65ce801890d76a4;fb7bc33e7e6bce6f;2b0df616b98b8466;a90fd65de5e334e9;b3ab3bb4c4c56025;168ece56a436bed2;8df10e31082b3e10;7fd17d7492a455f0;4f1957ed817b0ec0;fcfcc7bfe677b6bf;3b6f2d08b71cc806,3c10d587a5cd5c88;50360e3559767a2d;6a4b75750765b3ef;c79056792e9116dc;713b6bf476cb2a5a;0ff0938fbe58e47e;da32d24bd00d5775;1ddd05b27ccda041;eae0fe86cc920f95;224da0fe343b2501;6f519c09610c7d0c;70b2244920be5a46;dbc2e974931bcd9b;6afa2d8696fd5568;a68fcc177eb73e02;991698771a52ba4a;bdd2cfe4a50bb386;8aaa85f850843872;b796d3775895ee21;237c68c77a18a8f4;819fa765e4409a63;31da46ca3e51f55f;ff20e381d65142d3;054d3fa58ed6f2a1;875162ad8fa2756e;5db1ec324636343e;b911291f4b81a7d5;47d407fe9c5b2187;ee53aea7f96c3de1;732a07955760ce26;865c1e915bb62f80;00ba9fac330996ff
proxy,test,SocialGood:h3:f1:o684,684,1,16,32,48,3e4f188668f5dc37;07ac004ba8b5af77;a234cbd92e5ffdbb;1f3636d567ff1431;fe3128186724bd7e;b1e693623570b160;b65ce801890d76a4;fb7bc33e7e6bce6f;2b0df616b98b8466;a90fd65de5e334e9;b3ab3bb4c4c56025;168ece56a436bed2;8df10e31082b3e10;7fd17d7492a455f0;4f1957ed817b0ec0;fcfcc7bfe677b6bf,45eb02fc3388e1c3;55d5930c3a6e346d;20af9d0bb7bb8521;4639ab6e8d827d9e;8fbb8f168e8e8f7d;b4b04b4b417a186c;5915c9cd50722f40;b3c03af0e7d26f5c;3c10d587a5cd5c88;50360e3559767a2d;6a4b75750765b3ef;c79056792e9116dc;713b6bf476cb2a5a;0ff0938fbe58e47e;da32d24bd00d5775;1ddd05b27ccda041;eae0fe86cc920f95;224da0fe343b2501;6f519c09610c7d0c;70b2244920be5a46;dbc2e974931bcd9b;6afa2d8696fd5568;a68fcc177eb73e02;991698771a52ba4a;bdd2cfe4a50bb386;8aaa85f850843872;b796d3775895ee21;237c68c77a18a8f4;819fa765e4409a63;31da46ca3e51f55f;ff20e381d65142d3;054d3fa58ed6f2a1
proxy,test,SocialGood:h3:f1:o685,685,1,16,32,48,0bcdde97049e9444;3e4f188668f5dc37;07ac004ba8b5af77;a234cbd92e5ffdbb;1f3636d567ff1431;fe3128186724bd7e;b1e693623570b160;b65ce801890d76a4;fb7bc33e7e6bce6f;2b0df616b98b8466;a90fd65de5e334e9;b3ab3bb4c4c56025;168ece56a436bed2;8df10e31082b3e10;7fd17d7492a455f0;4f1957ed817b0ec0,95dc62f6570a1792;feef73e5afdf977a;2bf0a7241de180ef;4f603ffb2b2a59a6;3614e48715cc43a0;f1b4a5bfae19ad03;cd135b6754ac2d52;cef692f3f9b1fc69;0b6284eea55499a6;c69a1e25e00061e7;45eb02fc3388e1c3;55d5930c3a6e346d;20af9d0bb7bb8521;4639ab6e8d827d9e;8fbb8f168e8e8f7d;b4b04b4b417a186c;5915c9cd50722f40;b3c03af0e7d26f5c;3c10d587a5cd5c88;50360e3559767a2d;6a4b75750765b3ef;c79056792e9116dc;713b6bf476cb2a5a;0ff0938fbe58e47e;da32d24bd00d5775;1ddd05b27ccda041;eae0fe86cc920f95;224da0fe343b2501;6f519c09610c7d0c;70b2244920be5a46;dbc2e974931bcd9b;6afa2d8696fd5568
proxy,test,SocialGood:h3:f1:o686,686,1,16,32,48,fb670705ab83eaa8;0bcdde97049e9444;3e4f188668f5dc37;07ac004ba8b5af77;a234cbd92e5ffdbb;1f3636d567ff1431;fe3128186724bd7e;b1e693623570b160;b65ce801890d76a4;fb7bc33e7e6bce6f;2b0df616b98b8466;a90fd65de5e334e9;b3ab3bb4c4c56025;168ece56a436bed2;8df10e31082b3e10;7fd17d7492a455f0,2b6d6e6ea1cc147e;ada1dab5665568aa;490415255afda46b;db4e0528d450bbc9;40efc7bf960731d1;56d7a7fb43a091b6;3278b3d0f0dc1a41;860be4a03e233dcf;95dc62f6570a1792;feef73e5afdf977a;2bf0a7241de180ef;4f603ffb2b2a59a6;3614e48715cc43a0;f1b4a5bfae19ad03;cd135b6754ac2d52;cef692f3f9b1fc69;0b6284eea55499a6;c69a1e25e00061e7;45eb02fc3388e1c3;55d5930c3a6e346d;20af9d0bb7bb8521;4639ab6e8d827d9e;8fbb8f168e8e8f7d;b4b04b4b417a186c;5915c9cd50722f40;b3c03af0e7d26f5c;3c10d587a5cd5c88;50360e3559767a2d;6a4b75750765b3ef;c79056792e9116dc;713b6bf476cb2a5a;0ff0938fbe58e47e
proxy,test,SocialGood:h3:f1:o687,687,1,16,32,48,b9f5ed7dcf8736bf;fb670705ab83eaa8;0bcdde97049e9444;3e4f188668f5dc37;07ac004ba8b5af77;a234cbd92e5ffdbb;1f3636d567ff1431;fe3128186724bd7e;b1e693623570b160;b65ce801890d76a4;fb7bc33e7e6bce6f;2b0df616b98b8466;a90fd65de5e334e9;b3ab3bb4c4c56025;168ece56a436bed2;8df10e31082b3e10,8c1b478966d3a78f;ac55ce2ded3d6da5;12c253f68de542e4;40723b89ffe67cb2;54e2970654c41232;7793c1b321ada082;7780e4d23bd97ce7;9194b3f7ef2c4179;2b6d6e6ea1cc147e;ada1dab5665568aa;490415255afda46b;db4e0528d450bbc9;40efc7bf960731d1;56d7a7fb43a091b6;3278b3d0f0dc1a41;860be4a03e233dcf;95dc62f6570a1792;feef73e5afdf977a;2bf0a7241de180ef;4f603ffb2b2a59a6;3614e48715cc43a0;f1b4a5bfae19ad03;cd135b6754ac2d52;cef692f3f9b1fc69;0b6284eea55499a6;c69a1e25e00061e7;45eb02fc3388e1c3;55d5930c3a6e346d;20af9d0bb7bb8521;4639ab6e8d827d9e;8fbb8f168e8e8f7d;b4b04b4b417a186c
proxy,test,SocialGood:h3:f1:o688,688,1,16,32,48,8780ffac2727e417;b9f5ed7dcf8736bf;fb670705ab83eaa8;0bcdde97049e9444;3e4f188668f5dc37;07ac004ba8b5af77;a234cbd92e5ffdbb;1f3636d567ff1431;fe3128186724bd7e;b1e693623570b160;b65ce801890d76a4;fb7bc33e7e6bce6f;2b0df616b98b8466;a90fd65de5e334e9;b3ab3bb4c4c56025;168ece56a436bed2,5a89ab1ed512acdf;a338c9d8340be3bc;3ffde52c4ba4faa0;4ebb7829682e2c33;8d75e2f20a15b6c1;a6c913a89bb7a359;8a20c42721eb3842;ac7d0ce0c79819cc;8c1b478966d3a78f;ac55ce2ded3d6da5;12c253f68de542e4;40723b89ffe67cb2;54e2970654c41232;7793c1b321ada082;7780e4d23bd97ce7;9194b3f7ef2c4179;2b6d6e6ea1cc147e;ada1dab5665568aa;490415255afda46b;db4e0528d450bbc9;40efc7bf960731d1;56d7a7fb43a091b6;3278b3d0f0dc1a41;860be4a03e233dcf;95dc62f6570a1792;feef73e5afdf977a;2bf0a7241de180ef;4f603ffb2b2a59a6;3614e48715cc43a0;f1b4a5bfae19ad03;cd135b6754ac2d52;cef692f3f9b1fc69
proxy,test,SocialGood:h3:f1:o689,689,1,17,32,49,ede11bafe0806043;8780ffac2727e417;b9f5ed7dcf8736bf;fb670705ab83eaa8;0bcdde97049e9444;3e4f188668f5dc37;07ac004ba8b5af77;a234cbd92e5ffdbb;1f3636d567ff1431;fe3128186724bd7e;b1e693623570b160;b65ce801890d76a4;fb7bc33e7e6bce6f;2b0df616b98b8466;a90fd65de5e334e9;b3ab3bb4c4c56025;168ece56a436bed2,0d3b0346ff3a4df4;a1c163cdde1c4b6f;893d229b5a6f7f6e;d22cb79463b388a0;27a56daed4c8f888;d23510d800816918;5fa9e12ad7aef136;9d1d28dfcae877fa;edc80bd325e8aa89;fab00075b3cdaac3;5a89ab1ed512acdf;a338c9d8340be3bc;3ffde52c4ba4faa0;4ebb7829682e2c33;8d75e2f20a15b6c1;a6c913a89bb7a359;8a20c42721eb3842;ac7d0ce0c79819cc;8c1b478966d3a78f;ac55ce2ded3d6da5;12c253f68de542e4;40723b89ffe67cb2;54e2970654c41232;7793c1b321ada082;7780e4d23bd97ce7;9194b3f7ef2c4179;2b6d6e6ea1cc147e;ada1dab5665568aa;490415255afda46b;db4e0528d450bbc9;40efc7bf960731d1;56d7a7fb43a091b6
proxy,test,SocialGood:h3:f1:o690,690,1,17,32,49,e88e99d81055edb1;ede11bafe0806043;8780ffac2727e417;b9f5ed7dcf8736bf;fb670705ab83eaa8;0bcdde97049e9444;3e4f188668f5dc37;07ac004ba8b5af77;a234cbd92e5ffdbb;1f3636d567ff1431;fe3128186724bd7e;b1e693623570b160;b65ce801890d76a4;fb7bc33e7e6bce6f;2b0df616b98b8466;a90fd65de5e334e9;b3ab3bb4c4c56025,01d46698358e5b9e;63adfa35db30773d;4419a3c3665eade8;d90512bdf096c0c6;30308a7aaabf57a9;ba7e47d3ba03a999;b46257876f485a38;0d3b0346ff3a4df4;a1c163cdde1c4b6f;893d229b5a6f7f6e;d22cb79463b388a0;27a56daed4c8f888;d23510d800816918;5fa9e12ad7aef136;9d1d28dfcae877fa;edc80bd325e8aa89;fab00075b3cdaac3;5a89ab1ed512acdf;a338c9d8340be3bc;3ffde52c4ba4faa0;4ebb7829682e2c33;8d75e2f20a15b6c1;a6c913a89bb7a359;8a20c42721eb3842;ac7d0ce0c79819cc;8c1b478966d3a78f;ac55ce2ded3d6da5;12c253f68de542e4;40723b89ffe67cb2;54e2970654c41232;7793c1b321ada082;7780e4d23bd97ce7
proxy,test,SocialGood:h3:f1:o691,691,1,17,32,49,e74e55e1873132cc;e88e99d81055edb1;ede11bafe0806043;8780ffac2727e417;b9f5ed7dcf8736bf;fb670705ab83eaa8;0bcdde97049e9444;3e4f188668f5dc37;07ac004ba8b5af77;a234cbd92e5ffdbb;1f3636d567ff1431;fe3128186724bd7e;b1e693623570b160;b65ce801890d76a4;fb7bc33e7e6bce6f;2b0df616b98b8466;a90fd65de5e334e9,21654cc1cfe8dd38;24e59c61972a8075;0138b493eba81a45;3b0f8709e33d6ed3;5be0825c9c8d7a6d;80fbf2fda06550c2;1b108697f0803192;b24e2b0714b7ef41;6a9eb123cca7fa4e;9273f26234eacf86;01d46698358e5b9e;63adfa35db30773d;4419a3c3665eade8;d90512bdf096c0c6;30308a7aaabf57a9;ba7e47d3ba03a999;b46257876f485a38;0d3b0346ff3a4df4;a1c163cdde1c4b6f;893d229b5a6f7f6e;d22cb79463b388a0;27a56daed4c8f888;d23510d800816918;5fa9e12ad7aef136;9d1d28dfcae877fa;edc80bd325e8aa89;fab00075b3cdaac3;5a89ab1ed512acdf;a338c9d8340be3bc;3ffde52c4ba4faa0;4ebb7829682e2c33;8d75e2f20a15b6c1
proxy,test,SocialGood:h3:f1:o692,692,1,17,32,49,b8a4ea6f046b698a;e74e55e1873132cc;e88e99d81055edb1;ede11bafe0806043;8780ffac2727e417;b9f5ed7dcf8736bf;fb670705ab83eaa8;0bcdde97049e9444;3e4f188668f5dc37;07ac004ba8b5af77;a234cbd92e5ffdbb;1f3636d567ff1431;fe3128186724bd7e;b1e693623570b160;b65ce801890d76a4;fb7bc33e7e6bce6f;2b0df616b98b8466,3d54fd29b3f4cb19;a22f98701911f4d6;5b5e97072c1214e2;d63d3f6ed6096bf6;915ecd4ec861b230;e621ee51632fc2f5;173c08b46271518b;5e25a786dedad80c;21654cc1cfe8dd38;24e59c61972a8075;0138b493eba81a45;3b0f8709e33d6ed3;5be0825c9c8d7a6d;80fbf2fda06550c2;1b108697f0803192;b24e2b0714b7ef41;6a9eb123cca7fa4e;9273f26234eacf86;01d46698358e5b9e;63adfa35db30773d;4419a3c3665eade8;d90512bdf096c0c6;30308a7aaabf57a9;ba7e47d3ba03a999;b46257876f485a38;0d3b0346ff3a4df4;a1c163cdde1c4b6f;893d229b5a6f7f6e;d22cb79463b388a0;27a56daed4c8f888;d23510d800816918;5fa9e12ad7aef136
proxy,test,SocialGood:h3:f1:o693,693,1,16,32,48,b8a4ea6f046b698a;e74e55e1873132cc;e88e99d81055edb1;ede11bafe0806043;8780ffac2727e417;b9f5ed7dcf8736bf;fb670705ab83eaa8;0bcdde97049e9444;3e4f188668f5dc37;07ac004ba8b5af77;a234cbd92e5ffdbb;1f3636d567ff1431;fe3128186724bd7e;b1e693623570b160;b65ce801890d76a4;fb7bc33e7e6bce6f,491505fd6a018058;8450884c622e537e;6ed3b5d715a0e7d1;c238c53dda488291;a1bceaf58936090a;c0e1a32fa2b28f12;047f1082a8df3e29;4318bc6ad7c5b2fd;3d54fd29b3f4cb19;a22f98701911f4d6;5b5e97072c1214e2;d63d3f6ed6096bf6;915ecd4ec861b230;e621ee51632fc2f5;173c08b46271518b;5e25a786dedad80c;21654cc1cfe8dd38;24e59c61972a8075;0138b493eba81a45;3b0f8709e33d6ed3;5be0825c9c8d7a6d;80fbf2fda06550c2;1b108697f0803192;b24e2b0714b7ef41;6a9eb123cca7fa4e;9273f26234eacf86;01d46698358e5b9e;63adfa35db30773d;4419a3c3665eade8;d90512bdf096c0c6;30308a7aaabf57a9;ba7e47d3ba03a999
proxy,test,SocialGood:h3:f1:o694,694,1,16,32,48,b8a4ea6f046b698a;e74e55e1873132cc;e88e99d81055edb1;ede11bafe0806043;8780ffac2727e417;b9f5ed7dcf8736bf;fb670705ab83eaa8;0bcdde97049e9444;3e4f188668f5dc37;07ac004ba8b5af77;a234cbd92e5ffdbb;1f3636d567ff1431;fe3128186724bd7e;b1e693623570b160;b65ce801890d76a4;fb7bc33e7e6bce6f,4899b8449639fa44;ea4ef27b2e5b3b80;960d81e22023ffe0;e534532d809e1e98;ebd7999fafbfe9bf;f2e66951548bb2bb;475ea52ba64bd77a;58dec9b5f3e94cd7;34c766fc4bbd197b;9ecb49a012e090e1;491505fd6a018058;8450884c622e537e;6ed3b5d715a0e7d1;c238c53dda488291;a1bceaf58936090a;c0e1a32fa2b28f12;047f1082a8df3e29;4318bc6ad7c5b2fd;3d54fd29b3f4cb19;a22f98701911f4d6;5b5e97072c1214e2;d63d3f6ed6096bf6;915ecd4ec861b230;e621ee51632fc2f5;173c08b46271518b;5e25a786dedad80c;21654cc1cfe8dd38;24e59c61972a8075;0138b493eba81a45;3b0f8709e33d6ed3;5be0825c9c8d7a6d;80fbf2fda06550c2
proxy,test,SocialGood:h3:f1:o695,695,1,16,32,48,b8a4ea6f046b698a;e74e55e1873132cc;e88e99d81055edb1;ede11bafe0806043;8780ffac2727e417;b9f5ed7dcf8736bf;fb670705ab83eaa8;0bcdde97049e9444;3e4f188668f5dc37;07ac004ba8b5af77;a234cbd92e5ffdbb;1f3636d567ff1431;fe3128186724bd7e;b1e693623570b160;b65ce801890d76a4;fb7bc33e7e6bce6f,08f999e6f8381950;6af53c6e81052f61;22640eb145ae5e3c;e0665934527ff98e;b97f19a72fe008d9;eb325d633d046c72;20c2eee1a13fef33;d622ba2cbd5c568b;4899b8449639fa44;ea4ef27b2e5b3b80;960d81e22023ffe0;e534532d809e1e98;ebd7999fafbfe9bf;f2e66951548bb2bb;475ea52ba64bd77a;58dec9b5f3e94cd7;34c766fc4bbd197b;9ecb49a012e090e1;491505fd6a018058;8450884c622e537e;6ed3b5d715a0e7d1;c238c53dda488291;a1bceaf58936090a;c0e1a32fa2b28f12;047f1082a8df3e29;4318bc6ad7c5b2fd;3d54fd29b3f4cb19;a22f98701911f4d6;5b5e97072c1214e2;d63d3f6ed6096bf6;915ecd4ec861b230;e621ee51632fc2f5
proxy,test,SocialGood:h3:f1:o696,696,1,17,32,49,716b9f50bd4f3af5;b8a4ea6f046b698a;e74e55e1873132cc;e88e99d81055edb1;ede11bafe0806043;8780ffac2727e417;b9f5ed7dcf8736bf;fb670705ab83eaa8;0bcdde97049e9444;3e4f188668f5dc37;07ac004ba8b5af77;a234cbd92e5ffdbb;1f3636d567ff1431;fe3128186724bd7e;b1e693623570b160;b65ce801890d76a4;fb7bc33e7e6bce6f,5120090196ac1b60;7b677806ebc4b4c8;299924c9b43de6e0;fcbec173edef187a;3a1226f891b245e2;9a2d0fc5f857de5f;49a0cd160524be3d;cf7f02998de11a2e;08f999e6f8381950;6af53c6e81052f61;22640eb145ae5e3c;e0665934527ff98e;b97f19a72fe008d9;eb325d633d046c72;20c2eee1a13fef33;d622ba2cbd5c568b;4899b8449639fa44;ea4ef27b2e5b3b80;960d81e22023ffe0;e534532d809e1e98;ebd7999fafbfe9bf;f2e66951548bb2bb;475ea52ba64bd77a;58dec9b5f3e94cd7;34c766fc4bbd197b;9ecb49a012e090e1;491505fd6a018058;8450884c622e537e;6ed3b5d715a0e7d1;c238c53dda488291;a1bceaf58936090a;c0e1a32fa2b28f12
proxy,test,SocialGood:h3:f1:o697,697,1,16,32,48,716b9f50bd4f3af5;b8a4ea6f046b698a;e74e55e1873132cc;e88e99d81055edb1;ede11bafe0806043;8780ffac2727e417;b9f5ed7dcf8736bf;fb670705ab83eaa8;0bcdde97049e9444;3e4f188668f5dc37;07ac004ba8b5af77;a234cbd92e5ffdbb;1f3636d567ff1431;fe3128186724bd7e;b1e693623570b160;b65ce801890d76a4,0a84ebb4c3e49fa5;8ff93d4b60472992;121d0f08a327e8f0;716996322e2a37d0;8cfb5002a7aa8a24;ca3518d620e2433c;378f3f7de1f45fe0;82ea288e52c1cdeb;41c9068754471356;b4a48f272ca20871;5120090196ac1b60;7b677806ebc4b4c8;299924c9b43de6e0;fcbec173edef187a;3a1226f891b245e2;9a2d0fc5f857de5f;49a0cd160524be3d;cf7f02998de11a2e;08f999e6f8381950;6af53c6e81052f61;22640eb145ae5e3c;e0665934527ff98e;b97f19a72fe008d9;eb325d633d046c72;20c2eee1a13fef33;d622ba2cbd5c568b;4899b8449639fa44;ea4ef27b2e5b3b80;960d81e22023ffe0;e534532d809e1e98;ebd7999fafbfe9bf;f2e66951548bb2bb
proxy,test,SocialGood:h3:f1:o698,698,1,16,32,48,dd9d231b0436eec0;716b9f50bd4f3af5;b8a4ea6f046b698a;e74e55e1873132cc;e88e99d81055edb1;ede11bafe0806043;8780ffac2727e417;b9f5ed7dcf8736bf;fb670705ab83eaa8;0bcdde97049e9444;3e4f188668f5dc37;07ac004ba8b5af77;a234cbd92e5ffdbb;1f3636d567ff1431;fe3128186724bd7e;b1e693623570b160,118a723d897b050f;330b56befe1bc1b6;334ea09e1e7ca102;7eb66f0d108f04bc;c633cb3694c18948;e50abe157af25365;ce2ee7f95f1773d8;ed2e46d390a83767;0a84ebb4c3e49fa5;8ff93d4b60472992;121d0f08a327e8f0;716996322e2a37d0;8cfb5002a7aa8a24;ca3518d620e2433c;378f3f7de1f45fe0;82ea288e52c1cdeb;41c9068754471356;b4a48f272ca20871;5120090196ac1b60;7b677806ebc4b4c8;299924c9b43de6e0;fcbec173edef187a;3a1226f891b245e2;9a2d0fc5f857de5f;49a0cd160524be3d;cf7f02998de11a2e;08f999e6f8381950;6af53c6e81052f61;22640eb145ae5e3c;e0665934527ff98e;b97f19a72fe008d9;eb325d633d046c72
proxy,test,SocialGood:h3:f1:o699,699,1,16,32,48,c4e429c3212755fc;dd9d231b0436eec0;716b9f50bd4f3af5;b8a4ea6f046b698a;e74e55e1873132cc;e88e99d81055edb1;ede11bafe0806043;8780ffac2727e417;b9f5ed7dcf8736bf;fb670705ab83eaa8;0bcdde97049e9444;3e4f188668f5dc37;07ac004ba8b5af77;a234cbd92e5ffdbb;1f3636d567ff1431;fe3128186724bd7e,adc4400cdf40aa7a;f3c487d58068705a;ab818e209e417505;fb29e7d67956a164;9e17b8f95d016e50;df8ea4560e5389d2;3d2b6e8d54061885;fe32bc998a71d546;118a723d897b050f;330b56befe1bc1b6;334ea09e1e7ca102;7eb66f0d108f04bc;c633cb3694c18948;e50abe157af25365;ce2ee7f95f1773d8;ed2e46d390a83767;0a84ebb4c3e49fa5;8ff93d4b60472992;121d0f08a327e8f0;716996322e2a37d0;8cfb5002a7aa8a24;ca3518d620e2433c;378f3f7de1f45fe0;82ea288e52c1cdeb;41c9068754471356;b4a48f272ca20871;5120090196ac1b60;7b677806ebc4b4c8;299924c9b43de6e0;fcbec173edef187a;3a1226f891b245e2;9a2d0fc5f857de5f
proxy,test,SocialGood:h3:f1:o700,700,1,16,32,48,96808830141bb162;c4e429c3212755fc;dd9d231b0436eec0;716b9f50bd4f3af5;b8a4ea6f046b698a;e74e55e1873132cc;e88e99d81055edb1;ede11bafe0806043;8780ffac2727e417;b9f5ed7dcf8736bf;fb670705ab83eaa8;0bcdde97049e9444;3e4f188668f5dc37;07ac004ba8b5af77;a234cbd92e5ffdbb;1f3636d567ff1431,6c75464d37b149d6;b150ec2ba31b3d61;3386c4a6d1f3f03c;6161b38d03922727;73ea678dddde5e5b;8a5b0c009f45932c;469eb7107a480bef;608d99136f9a3431;36ceb750de4fe528;46f647fb3a13424b;adc4400cdf40aa7a;f3c487d58068705a;ab818e209e417505;fb29e7d67956a164;9e17b8f95d016e50;df8ea4560e5389d2;3d2b6e8d54061885;fe32bc998a71d546;118a723d897b050f;330b56befe1bc1b6;334ea09e1e7ca102;7eb66f0d108f04bc;c633cb3694c18948;e50abe157af25365;ce2ee7f95f1773d8;ed2e46d390a83767;0a84ebb4c3e49fa5;8ff93d4b60472992;121d0f08a327e8f0;716996322e2a37d0;8cfb5002a7aa8a24;ca3518d620e2433c
proxy,test,SocialGood:h3:f1:o701,701,1,15,32,47,96808830141bb162;c4e429c3212755fc;dd9d231b0436eec0;716b9f50bd4f3af5;b8a4ea6f046b698a;e74e55e1873132cc;e88e99d81055edb1;ede11bafe0806043;8780ffac2727e417;b9f5ed7dcf8736bf;fb670705ab83eaa8;0bcdde97049e9444;3e4f188668f5dc37;07ac004ba8b5af77;a234cbd92e5ffdbb,9b583bb591c79bc0;b25a326255c207c7;79bf621426752bc1;e25772dde7c66492;1e6d443a9c92f3b9;479f39f5b239188f;a5e1381f1de632ac;bafc423bf320c4eb;6c75464d37b149d6;b150ec2ba31b3d61;3386c4a6d1f3f03c;6161b38d03922727;73ea678dddde5e5b;8a5b0c009f45932c;469eb7107a480bef;608d99136f9a3431;36ceb750de4fe528;46f647fb3a13424b;adc4400cdf40aa7a;f3c487d58068705a;ab818e209e417505;fb29e7d67956a164;9e17b8f95d016e50;df8ea4560e5389d2;3d2b6e8d54061885;fe32bc998a71d546;118a723d897b050f;330b56befe1bc1b6;334ea09e1e7ca102;7eb66f0d108f04bc;c633cb3694c18948;e50abe157af25365
proxy,test,SocialGood:h3:f1:o702,702,1,16,32,48,3b50f32ae33ac6fe;96808830141bb162;c4e429c3212755fc;dd9d231b0436eec0;716b9f50bd4f3af5;b8a4ea6f046b698a;e74e55e1873132cc;e88e99d81055edb1;ede11bafe0806043;8780ffac2727e417;b9f5ed7dcf8736bf;fb670705ab83eaa8;0bcdde97049e9444;3e4f188668f5dc37;07ac004ba8b5af77;a234cbd92e5ffdbb,bb5f5d0466befc4f;db20093f2b4df18f;144aa57c3b05a309;966c161dbf03fb57;568168ed15567c4f;b5498179e5fc315f;17c1379d0810f2d2;db48a462589e3ccb;9b583bb591c79bc0;b25a326255c207c7;79bf621426752bc1;e25772dde7c66492;1e6d443a9c92f3b9;479f39f5b239188f;a5e1381f1de632ac;bafc423bf320c4eb;6c75464d37b149d6;b150ec2ba31b3d61;3386c4a6d1f3f03c;6161b38d03922727;73ea678dddde5e5b;8a5b0c009f45932c;469eb7107a480bef;608d99136f9a3431;36ceb750de4fe528;46f647fb3a13424b;adc4400cdf40aa7a;f3c487d58068705a;ab818e209e417505;fb29e7d67956a164;9e17b8f95d016e50;df8ea4560e5389d2
proxy,test,SocialGood:h3:f1:o703,703,1,16,32,48,cead67a7d3555e75;3b50f32ae33ac6fe;96808830141bb162;c4e429c3212755fc;dd9d231b0436eec0;716b9f50bd4f3af5;b8a4ea6f046b698a;e74e55e1873132cc;e88e99d81055edb1;ede11bafe0806043;8780ffac2727e417;b9f5ed7dcf8736bf;fb670705ab83eaa8;0bcdde97049e9444;3e4f188668f5dc37;07ac004ba8b5af77,1aed927efedeca7e;38361adc69974951;c4844798d7bbca73;d205b3688df4ed95;4ce3a9c1b112e3ad;5a5f1dd8ed65c557;3a477ead9acc5a24;60a07c8a9b886ff8;3aedeff02f908655;ec4409081f762d81;bb5f5d0466befc4f;db20093f2b4df18f;144aa57c3b05a309;966c161dbf03fb57;568168ed15567c4f;b5498179e5fc315f;17c1379d0810f2d2;db48a462589e3ccb;9b583bb591c79bc0;b25a326255c207c7;79bf621426752bc1;e25772dde7c66492;1e6d443a9c92f3b9;479f39f5b239188f;a5e1381f1de632ac;bafc423bf320c4eb;6c75464d37b149d6;b150ec2ba31b3d61;3386c4a6d1f3f03c;6161b38d03922727;73ea678dddde5e5b;8a5b0c009f45932c
proxy,test,SocialGood:h3:f1:o704,704,1,17,32,49,c26d4dd24c466708;cead67a7d3555e75;3b50f32ae33ac6fe;96808830141bb162;c4e429c3212755fc;dd9d231b0436eec0;716b9f50bd4f3af5;b8a4ea6f046b698a;e74e55e1873132cc;e88e99d81055edb1;ede11bafe0806043;8780ffac2727e417;b9f5ed7dcf8736bf;fb670705ab83eaa8;0bcdde97049e9444;3e4f188668f5dc37;07ac004ba8b5af77,23fd13a02f601543;bb3db4ce1e2a89d9;33db879559b0c40f;b1e7e884fed655a5;7cf07430f467e64f;a6792f9fd26f0e4a;ae24f3699638b579;db57d4f9f0c0c36e;1aed927efedeca7e;38361adc69974951;c4844798d7bbca73;d205b3688df4ed95;4ce3a9c1b112e3ad;5a5f1dd8ed65c557;3a477ead9acc5a24;60a07c8a9b886ff8;3aedeff02f908655;ec4409081f762d81;bb5f5d0466befc4f;db20093f2b4df18f;144aa57c3b05a309;966c161dbf03fb57;568168ed15567c4f;b5498179e5fc315f;17c1379d0810f2d2;db48a462589e3ccb;9b583bb591c79bc0;b25a326255c207c7;79bf621426752bc1;e25772dde7c66492;1e6d443a9c92f3b9;479f39f5b239188f
proxy,test,SocialGood:h3:f1:o705,705,1,16,32,48,c26d4dd24c466708;cead67a7d3555e75;3b50f32ae33ac6fe;96808830141bb162;c4e429c3212755fc;dd9d231b0436eec0;716b9f50bd4f3af5;b8a4ea6f046b698a;e74e55e1873132cc;e88e99d81055edb1;ede11bafe0806043;8780ffac2727e417;b9f5ed7dcf8736bf;fb670705ab83eaa8;0bcdde97049e9444;3e4f188668f5dc37,a0d7551c7b53f2a8;c6877f8d30097f05;e7c8cc5f47321756;fede6a1ecb95ffc1;3645fa5807e22844;e2a8c8da0d441a44;24af5c0fbf0fed9d;5ea345fb7a7c7e70;23fd13a02f601543;bb3db4ce1e2a89d9;33db879559b0c40f;b1e7e884fed655a5;7cf07430f467e64f;a6792f9fd26f0e4a;ae24f3699638b579;db57d4f9f0c0c36e;1aed927efedeca7e;38361adc69974951;c4844798d7bbca73;d205b3688df4ed95;4ce3a9c1b112e3ad;5a5f1dd8ed65c557;3a477ead9acc5a24;60a07c8a9b886ff8;3aedeff02f908655;ec4409081f762d81;bb5f5d0466befc4f;db20093f2b4df18f;144aa57c3b05a309;966c161dbf03fb57;568168ed15567c4f;b5498179e5fc315f
proxy,test,SocialGood:h3:f1:o706,706,1,16,32,48,8361f3cc3bf5bee5;c26d4dd24c466708;cead67a7d3555e75;3b50f32ae33ac6fe;96808830141bb162;c4e429c3212755fc;dd9d231b0436eec0;716b9f50bd4f3af5;b8a4ea6f046b698a;e74e55e1873132cc;e88e99d81055edb1;ede11bafe0806043;8780ffac2727e417;b9f5ed7dcf8736bf;fb670705ab83eaa8;0bcdde97049e9444,2eee476014188cb8;4bc2ed9e9e0d0b5b;3be836e17c151edf;41048a0c97951859;42d3bcc13361d7ef;bf3730f40acc6f58;6401241e76589f24;c3c0ab3adafa296d;8b9c8f429baa4b5d;ee529a779802b017;a0d7551c7b53f2a8;c6877f8d30097f05;e7c8cc5f47321756;fede6a1ecb95ffc1;3645fa5807e22844;e2a8c8da0d441a44;24af5c0fbf0fed9d;5ea345fb7a7c7e70;23fd13a02f601543;bb3db4ce1e2a89d9;33db879559b0c40f;b1e7e884fed655a5;7cf07430f467e64f;a6792f9fd26f0e4a;ae24f3699638b579;db57d4f9f0c0c36e;1aed927efedeca7e;38361adc69974951;c4844798d7bbca73;d205b3688df4ed95;4ce3a9c1b112e3ad;5a5f1dd8ed65c557
proxy,test,SocialGood:h3:f1:o707,707,1,17,32,49,5b5b39c600f44eea;8361f3cc3bf5bee5;c26d4dd24c466708;cead67a7d3555e75;3b50f32ae33ac6fe;96808830141bb162;c4e429c3212755fc;dd9d231b0436eec0;716b9f50bd4f3af5;b8a4ea6f046b698a;e74e55e1873132cc;e88e99d81055edb1;ede11bafe0806043;8780ffac2727e417;b9f5ed7dcf8736bf;fb670705ab83eaa8;0bcdde97049e9444,85d2b62525cdc387;9c4582bfbcb48ca4;577778906438f45d;600140c585bc74ca;15e402c6db671e57;709ac715ff45c952;d230731506d777d6;d88057eaaf4625d5;2eee476014188cb8;4bc2ed9e9e0d0b5b;3be836e17c151edf;41048a0c97951859;42d3bcc13361d7ef;bf3730f40acc6f58;6401241e76589f24;c3c0ab3adafa296d;8b9c8f429baa4b5d;ee529a779802b017;a0d7551c7b53f2a8;c6877f8d30097f05;e7c8cc5f47321756;fede6a1ecb95ffc1;3645fa5807e22844;e2a8c8da0d441a44;24af5c0fbf0fed9d;5ea345fb7a7c7e70;23fd13a02f601543;bb3db4ce1e2a89d9;33db879559b0c40f;b1e7e884fed655a5;7cf07430f467e64f;a6792f9fd26f0e4a
proxy,test,SocialGood:h3:f1:o708,708,1,17,32,49,5b5b39c600f44eea;8361f3cc3bf5bee5;c26d4dd24c466708;cead67a7d3555e75;3b50f32ae33ac6fe;96808830141bb162;c4e429c3212755fc;dd9d231b0436eec0;716b9f50bd4f3af5;b8a4ea6f046b698a;e74e55e1873132cc;e88e99d81055edb1;ede11bafe0806043;8780ffac2727e417;b9f5ed7dcf8736bf;fb670705ab83eaa8;0bcdde97049e9444,656a7fc3845d5c51;980df139b6572db2;30cec6c6d9a4ab7c;da14bb23c40512ba;86bc2076d0da3492;8776a4f0bf44b79e;243cb08cd886ee1b;5743ff405f2a2e1d;254859703f61c3b6;409084802ff10012;85d2b62525cdc387;9c4582bfbcb48ca4;577778906438f45d;600140c585bc74ca;15e402c6db671e57;709ac715ff45c952;d230731506d777d6;d88057eaaf4625d5;2eee476014188cb8;4bc2ed9e9e0d0b5b;3be836e17c151edf;41048a0c97951859;42d3bcc13361d7ef;bf3730f40acc6f58;6401241e76589f24;c3c0ab3adafa296d;8b9c8f429baa4b5d;ee529a779802b017;a0d7551c7b53f2a8;c6877f8d30097f05;e7c8cc5f47321756;fede6a1ecb95ffc1
proxy,test,SocialGood:h3:f1:o709,709,1,17,32,49,026d00be65cd571c;5b5b39c600f44eea;8361f3cc3bf5bee5;c26d4dd24c466708;cead67a7d3555e75;3b50f32ae33ac6fe;96808830141bb162;c4e429c3212755fc;dd9d231b0436eec0;716b9f50bd4f3af5;b8a4ea6f046b698a;e74e55e1873132cc;e88e99d81055edb1;ede11bafe0806043;8780ffac2727e417;b9f5ed7dcf8736bf;fb670705ab83eaa8,a3254d5f1e76afc2;e3d2a62994f9d357;574035d8cf1ec37e;b54f59a65a9cd837;2e700b29f2b3c270;4fcb92fa5d998df1;717264d7d1049e1e;cc8a6ff7ea00dced;656a7fc3845d5c51;980df139b6572db2;30cec6c6d9a4ab7c;da14bb23c40512ba;86bc2076d0da3492;8776a4f0bf44b79e;243cb08cd886ee1b;5743ff405f2a2e1d;254859703f61c3b6;409084802ff10012;85d2b62525cdc387;9c4582bfbcb48ca4;577778906438f45d;600140c585bc74ca;15e402c6db671e57;709ac715ff45c952;d230731506d777d6;d88057eaaf4625d5;2eee476014188cb8;4bc2ed9e9e0d0b5b;3be836e17c151edf;41048a0c97951859;42d3bcc13361d7ef;bf3730f40acc6f58
proxy,test,SocialGood:h3:f1:o710,710,1,17,32,49,510ce5b25b525c28;026d00be65cd571c;5b5b39c600f44eea;8361f3cc3bf5bee5;c26d4dd24c466708;cead67a7d3555e75;3b50f32ae33ac6fe;96808830141bb162;c4e429c3212755fc;dd9d231b0436eec0;716b9f50bd4f3af5;b8a4ea6f046b698a;e74e55e1873132cc;e88e99d81055edb1;ede11bafe0806043;8780ffac2727e417;b9f5ed7dcf8736bf,17420a3f7fd8dd09;3c93beedd39c5dba;249bea1261e46142;fd4d1b42bfe29981;d715c1c7327617eb;de74bbccfabafd12;98fad6d59f4909bb;ea2f7a6174f834ec;a3254d5f1e76afc2;e3d2a62994f9d357;574035d8cf1ec37e;b54f59a65a9cd837;2e700b29f2b3c270;4fcb92fa5d998df1;717264d7d1049e1e;cc8a6ff7ea00dced;656a7fc3845d5c51;980df139b6572db2;30cec6c6d9a4ab7c;da14bb23c40512ba;86bc2076d0da3492;8776a4f0bf44b79e;243cb08cd886ee1b;5743ff405f2a2e1d;254859703f61c3b6;409084802ff10012;85d2b62525cdc387;9c4582bfbcb48ca4;577778906438f45d;600140c585bc74ca;15e402c6db671e57;709ac715ff45c952
proxy,test,SocialGood:h3:f1:o711,711,1,17,32,49,e9f688ff395eed9c;510ce5b25b525c28;026d00be65cd571c;5b5b39c600f44eea;8361f3cc3bf5bee5;c26d4dd24c466708;cead67a7d3555e75;3b50f32ae33ac6fe;96808830141bb162;c4e429c3212755fc;dd9d231b0436eec0;716b9f50bd4f3af5;b8a4ea6f046b698a;e74e55e1873132cc;e88e99d81055edb1;ede11bafe0806043;8780ffac2727e417,4155d371b7301779;e14391d30f3aa92e;2b2c109b76be7221;8e6c78303012e91e;b34c65e9642cc6d8;c5c0280677ffd2bc;10c05c7e295c6856;bcce53535f89a402;17420a3f7fd8dd09;3c93beedd39c5dba;249bea1261e46142;fd4d1b42bfe29981;d715c1c7327617eb;de74bbccfabafd12;98fad6d59f4909bb;ea2f7a6174f834ec;a3254d5f1e76afc2;e3d2a62994f9d357;574035d8cf1ec37e;b54f59a65a9cd837;2e700b29f2b3c270;4fcb92fa5d998df1;717264d7d1049e1e;cc8a6ff7ea00dced;656a7fc3845d5c51;980df139b6572db2;30cec6c6d9a4ab7c;da14bb23c40512ba;86bc2076d0da3492;8776a4f0bf44b79e;243cb08cd886ee1b;5743ff405f2a2e1d
proxy,test,SocialGood:h3:f1:o712,712,1,17,32,49,c6c347bc06ce7916;e9f688ff395eed9c;510ce5b25b525c28;026d00be65cd571c;5b5b39c600f44eea;8361f3cc3bf5bee5;c26d4dd24c466708;cead67a7d3555e75;3b50f32ae33ac6fe;96808830141bb162;c4e429c3212755fc;dd9d231b0436eec0;716b9f50bd4f3af5;b8a4ea6f046b698a;e74e55e1873132cc;e88e99d81055edb1;ede11bafe0806043,ba3cd58166427a02;363d579aa15da84a;4557864233c16213;59e8fcae21dbf1c9;96fb5100bdc1c35d;9c959b4f8e0ee258;d33e8c881ae1b568;72bed823a002ff02;cec2278b72a13346;4155d371b7301779;e14391d30f3aa92e;2b2c109b76be7221;8e6c78303012e91e;b34c65e9642cc6d8;c5c0280677ffd2bc;10c05c7e295c6856;bcce53535f89a402;17420a3f7fd8dd09;3c93beedd39c5dba;249bea1261e46142;fd4d1b42bfe29981;d715c1c7327617eb;de74bbccfabafd12;98fad6d59f4909bb;ea2f7a6174f834ec;a3254d5f1e76afc2;e3d2a62994f9d357;574035d8cf1ec37e;b54f59a65a9cd837;2e700b29f2b3c270;4fcb92fa5d998df1;717264d7d1049e1e
proxy,test,SocialGood:h3:f1:o713,713,1,17,32,49,3b3755967775f8bf;c6c347bc06ce7916;e9f688ff395eed9c;510ce5b25b525c28;026d00be65cd571c;5b5b39c600f44eea;8361f3cc3bf5bee5;c26d4dd24c466708;cead67a7d3555e75;3b50f32ae33ac6fe;96808830141bb162;c4e429c3212755fc;dd9d231b0436eec0;716b9f50bd4f3af5;b8a4ea6f046b698a;e74e55e1873132cc;e88e99d81055edb1,98dbd89c23ece5b0;a9e662a8f7e7a8fe;bcbe458121837532;4be19e8774219584;ce84a3fd056d0c57;34dd5e42a9437cc0;a2161badb1bdb8b5;ba3cd58166427a02;363d579aa15da84a;4557864233c16213;59e8fcae21dbf1c9;96fb5100bdc1c35d;9c959b4f8e0ee258;d33e8c881ae1b568;72bed823a002ff02;cec2278b72a13346;4155d371b7301779;e14391d30f3aa92e;2b2c109b76be7221;8e6c78303012e91e;b34c65e9642cc6d8;c5c0280677ffd2bc;10c05c7e295c6856;bcce53535f89a402;17420a3f7fd8dd09;3c93beedd39c5dba;249bea1261e46142;fd4d1b42bfe29981;d715c1c7327617eb;de74bbccfabafd12;98fad6d59f4909bb;ea2f7a6174f834ec
proxy,test,SocialGood:h3:f1:o714,714,1,16,32,48,3b3755967775f8bf;c6c347bc06ce7916;e9f688ff395eed9c;510ce5b25b525c28;026d00be65cd571c;5b5b39c600f44eea;8361f3cc3bf5bee5;c26d4dd24c466708;cead67a7d3555e75;3b50f32ae33ac6fe;96808830141bb162;c4e429c3212755fc;dd9d231b0436eec0;716b9f50bd4f3af5;b8a4ea6f046b698a;e74e55e1873132cc,9b39eb8a31a1570d;b32f64ab2d42d251;d776194e90ca2ac4;f4e042d6b3e83380;263572b55d46370b;4774cf2d4032ee2e;169492edc28d2689;fcbfb9af7cbe1fc3;98dbd89c23ece5b0;a9e662a8f7e7a8fe;bcbe458121837532;4be19e8774219584;ce84a3fd056d0c57;34dd5e42a9437cc0;a2161badb1bdb8b5;ba3cd58166427a02;363d579aa15da84a;4557864233c16213;59e8fcae21dbf1c9;96fb5100bdc1c35d;9c959b4f8e0ee258;d33e8c881ae1b568;72bed823a002ff02;cec2278b72a13346;4155d371b7301779;e14391d30f3aa92e;2b2c109b76be7221;8e6c78303012e91e;b34c65e9642cc6d8;c5c0280677ffd2bc;10c05c7e295c6856;bcce53535f89a402
proxy,test,SocialGood:h3:f1:o715,715,1,16,32,48,aa0334d345efd9be;3b3755967775f8bf;c6c347bc06ce7916;e9f688ff395eed9c;510ce5b25b525c28;026d00be65cd571c;5b5b39c600f44eea;8361f3cc3bf5bee5;c26d4dd24c466708;cead67a7d3555e75;3b50f32ae33ac6fe;96808830141bb162;c4e429c3212755fc;dd9d231b0436eec0;716b9f50bd4f3af5;b8a4ea6f046b698a,937872691773da1f;bf6fcbe361854af8;3d944128c3197e5c;cfebc2ddb50ec6ab;22266e2233c1d486;ff61883b0f23b82f;04a013e406d81df4;5630393e53fc066b;12258ea1a8af52f3;ea1cba9c2bdde99b;9b39eb8a31a1570d;b32f64ab2d42d251;d776194e90ca2ac4;f4e042d6b3e83380;263572b55d46370b;4774cf2d4032ee2e;169492edc28d2689;fcbfb9af7cbe1fc3;98dbd89c23ece5b0;a9e662a8f7e7a8fe;bcbe458121837532;4be19e8774219584;ce84a3fd056d0c57;34dd5e42a9437cc0;a2161badb1bdb8b5;ba3cd58166427a02;363d579aa15da84a;4557864233c16213;59e8fcae21dbf1c9;96fb5100bdc1c35d;9c959b4f8e0ee258;d33e8c881ae1b568
proxy,test,SocialGood:h3:f1:o716,716,1,16,32,48,e5d1ab72e14700bb;aa0334d345efd9be;3b3755967775f8bf;c6c347bc06ce7916;e9f688ff395eed9c;510ce5b25b525c28;026d00be65cd571c;5b5b39c600f44eea;8361f3cc3bf5bee5;c26d4dd24c466708;cead67a7d3555e75;3b50f32ae33ac6fe;96808830141bb162;c4e429c3212755fc;dd9d231b0436eec0;716b9f50bd4f3af5,50bc24aeda6849dc;8612662178fddd72;7914d556d35e926c;c59e0aebff77c634;682d901a202ee2a1;8d827d8dbaf2ad7a;cf1c8be4ca78fe09;f41e7f85f2a7662e;937872691773da1f;bf6fcbe361854af8;3d944128c3197e5c;cfebc2ddb50ec6ab;22266e2233c1d486;ff61883b0f23b82f;04a013e406d81df4;5630393e53fc066b;12258ea1a8af52f3;ea1cba9c2bdde99b;9b39eb8a31a1570d;b32f64ab2d42d251;d776194e90ca2ac4;f4e042d6b3e83380;263572b55d46370b;4774cf2d4032ee2e;169492edc28d2689;fcbfb9af7cbe1fc3;98dbd89c23ece5b0;a9e662a8f7e7a8fe;bcbe458121837532;4be19e8774219584;ce84a3fd056d0c57;34dd5e42a9437cc0
proxy,test,SocialGood:h3:f1:o717,717,1,17,32,49,608545a923e632a0;e5d1ab72e14700bb;aa0334d345efd9be;3b3755967775f8bf;c6c347bc06ce7916;e9f688ff395eed9c;510ce5b25b525c28;026d00be65cd571c;5b5b39c600f44eea;8361f3cc3bf5bee5;c26d4dd24c466708;cead67a7d3555e75;3b50f32ae33ac6fe;96808830141bb162;c4e429c3212755fc;dd9d231b0436eec0;716b9f50bd4f3af5,594cf7de3ec99d75;a1b62d4d40be91b3;33a600e9241862a4;bb27ae03b1b45501;2f8703b518ce4c78;70d362f97e612a2f;9bb0afd35323361e;becabb2824195d1e;17dce110fc9a6614;90122f5443430984;50bc24aeda6849dc;8612662178fddd72;7914d556d35e926c;c59e0aebff77c634;682d901a202ee2a1;8d827d8dbaf2ad7a;cf1c8be4ca78fe09;f41e7f85f2a7662e;937872691773da1f;bf6fcbe361854af8;3d944128c3197e5c;cfebc2ddb50ec6ab;22266e2233c1d486;ff61883b0f23b82f;04a013e406d81df4;5630393e53fc066b;12258ea1a8af52f3;ea1cba9c2bdde99b;9b39eb8a31a1570d;b32f64ab2d42d251;d776194e90ca2ac4;f4e042d6b3e83380
proxy,test,SocialGood:h3:f1:o718,718,1,18,32,50,50532ecf0cda0013;608545a923e632a0;e5d1ab72e14700bb;aa0334d345efd9be;3b3755967775f8bf;c6c347bc06ce7916;e9f688ff395eed9c;510ce5b25b525c28;026d00be65cd571c;5b5b39c600f44eea;8361f3cc3bf5bee5;c26d4dd24c466708;cead67a7d3555e75;3b50f32ae33ac6fe;96808830141bb162;c4e429c3212755fc;dd9d231b0436eec0;716b9f50bd4f3af5,5458149232151cbf;69fee309f6438ae3;dadaacf69bf339fb;7f2155281612bdf7;b11428909d662b57;2466d7989e5fd611;38a545e34f72f965;594cf7de3ec99d75;a1b62d4d40be91b3;33a600e9241862a4;bb27ae03b1b45501;2f8703b518ce4c78;70d362f97e612a2f;9bb0afd35323361e;becabb2824195d1e;17dce110fc9a6614;90122f5443430984;50bc24aeda6849dc;8612662178fddd72;7914d556d35e926c;c59e0aebff77c634;682d901a202ee2a1;8d827d8dbaf2ad7a;cf1c8be4ca78fe09;f41e7f85f2a7662e;937872691773da1f;bf6fcbe361854af8;3d944128c3197e5c;cfebc2ddb50ec6ab;22266e2233c1d486;ff61883b0f23b82f;04a013e406d81df4
proxy,test,SocialGood:h3:f1:o719,719,1,18,32,50,50532ecf0cda0013;608545a923e632a0;e5d1ab72e14700bb;aa0334d345efd9be;3b3755967775f8bf;c6c347bc06ce7916;e9f688ff395eed9c;510ce5b25b525c28;026d00be65cd571c;5b5b39c600f44eea;8361f3cc3bf5bee5;c26d4dd24c466708;cead67a7d3555e75;3b50f32ae33ac6fe;96808830141bb162;c4e429c3212755fc;dd9d231b0436eec0;716b9f50bd4f3af5,054dbebb6ab7c965;1d4064aeb61b300a;4fdd344b5278c6ad;ea95ef904757ab75;910112a814f8663e;c1497ae75ed37e07;551ba7a27ef69659;645d99d9dec8eb5c;5458149232151cbf;69fee309f6438ae3;dadaacf69bf339fb;7f2155281612bdf7;b11428909d662b57;2466d7989e5fd611;38a545e34f72f965;594cf7de3ec99d75;a1b62d4d40be91b3;33a600e9241862a4;bb27ae03b1b45501;2f8703b518ce4c78;70d362f97e612a2f;9bb0afd35323361e;becabb2824195d1e;17dce110fc9a6614;90122f5443430984;50bc24aeda6849dc;8612662178fddd72;7914d556d35e926c;c59e0aebff77c634;682d901a202ee2a1;8d827d8dbaf2ad7a;cf1c8be4ca78fe09
proxy,test,SocialGood:h3:f1:o720,720,1,17,32,49,50532ecf0cda0013;608545a923e632a0;e5d1ab72e14700bb;aa0334d345efd9be;3b3755967775f8bf;c6c347bc06ce7916;e9f688ff395eed9c;510ce5b25b525c28;026d00be65cd571c;5b5b39c600f44eea;8361f3cc3bf5bee5;c26d4dd24c466708;cead67a7d3555e75;3b50f32ae33ac6fe;96808830141bb162;c4e429c3212755fc;dd9d231b0436eec0,7bb8ce2d1dd5eab2;c372102a7922d0a0;9ac9ddd45386dd77;dd036b407412e0ce;4256da4c2f6c4e7c;bca3ede24559b8fd;b93425b8851cd86d;1bcf3c61f7500b2f;ef4671a8b9ed4c2e;054dbebb6ab7c965;1d4064aeb61b300a;4fdd344b5278c6ad;ea95ef904757ab75;910112a814f8663e;c1497ae75ed37e07;551ba7a27ef69659;645d99d9dec8eb5c;5458149232151cbf;69fee309f6438ae3;dadaacf69bf339fb;7f2155281612bdf7;b11428909d662b57;2466d7989e5fd611;38a545e34f72f965;594cf7de3ec99d75;a1b62d4d40be91b3;33a600e9241862a4;bb27ae03b1b45501;2f8703b518ce4c78;70d362f97e612a2f;9bb0afd35323361e;becabb2824195d1e
proxy,test,SocialGood:h3:f1:o721,721,1,18,32,50,8de8d72e96bd0336;50532ecf0cda0013;608545a923e632a0;e5d1ab72e14700bb;aa0334d345efd9be;3b3755967775f8bf;c6c347bc06ce7916;e9f688ff395eed9c;510ce5b25b525c28;026d00be65cd571c;5b5b39c600f44eea;8361f3cc3bf5bee5;c26d4dd24c466708;cead67a7d3555e75;3b50f32ae33ac6fe;96808830141bb162;c4e429c3212755fc;dd9d231b0436eec0,6f01483600bd78e6;8be294e08830712a;ab50e3073200aef7;bfb319b8ab078a17;1f8dc02edc8512b1;ed55c64ec0418a59;51e88f6fe6544bf5;d59a02e321b0233d;7bb8ce2d1dd5eab2;c372102a7922d0a0;9ac9ddd45386dd77;dd036b407412e0ce;4256da4c2f6c4e7c;bca3ede24559b8fd;b93425b8851cd86d;1bcf3c61f7500b2f;ef4671a8b9ed4c2e;054dbebb6ab7c965;1d4064aeb61b300a;4fdd344b5278c6ad;ea95ef904757ab75;910112a814f8663e;c1497ae75ed37e07;551ba7a27ef69659;645d99d9dec8eb5c;5458149232151cbf;69fee309f6438ae3;dadaacf69bf339fb;7f2155281612bdf7;b11428909d662b57;2466d7989e5fd611;38a545e34f72f965
proxy,test,SocialGood:h3:f1:o722,722,1,18,32,50,ff711936fc7c682e;8de8d72e96bd0336;50532ecf0cda0013;608545a923e632a0;e5d1ab72e14700bb;aa0334d345efd9be;3b3755967775f8bf;c6c347bc06ce7916;e9f688ff395eed9c;510ce5b25b525c28;026d00be65cd571c;5b5b39c600f44eea;8361f3cc3bf5bee5;c26d4dd24c466708;cead67a7d3555e75;3b50f32ae33ac6fe;96808830141bb162;c4e429c3212755fc,1171624bc650a70d;9c14ba8f2ca08dfa;0c94be7a5df88eb9;933ebeb334291ce9;93f53965cc237c66;c093105d241b3f37;1c18b611a03f67c3;e0e4035d28a26260;6f01483600bd78e6;8be294e08830712a;ab50e3073200aef7;bfb319b8ab078a17;1f8dc02edc8512b1;ed55c64ec0418a59;51e88f6fe6544bf5;d59a02e321b0233d;7bb8ce2d1dd5eab2;c372102a7922d0a0;9ac9ddd45386dd77;dd036b407412e0ce;4256da4c2f6c4e7c;bca3ede24559b8fd;b93425b8851cd86d;1bcf3c61f7500b2f;ef4671a8b9ed4c2e;054dbebb6ab7c965;1d4064aeb61b300a;4fdd344b5278c6ad;ea95ef904757ab75;910112a814f8663e;c1497ae75ed37e07;551ba7a27ef69659
proxy,test,SocialGood:h3:f1:o723,723,1,18,32,50,9091b409ace0639d;ff711936fc7c682e;8de8d72e96bd0336;50532ecf0cda0013;608545a923e632a0;e5d1ab72e14700bb;aa0334d345efd9be;3b3755967775f8bf;c6c347bc06ce7916;e9f688ff395eed9c;510ce5b25b525c28;026d00be65cd571c;5b5b39c600f44eea;8361f3cc3bf5bee5;c26d4dd24c466708;cead67a7d3555e75;3b50f32ae33ac6fe;96808830141bb162,342007d27c4eede5;e36a2a06cafc462f;eedd3fc9feb61a70;fea1ce98ea3b6892;0626df3681913d10;19c03f83332766fe;2197794d17d6f10b;752a0e3cfacb2d97;4dbdc990b75348d3;9115100609453f80;1171624bc650a70d;9c14ba8f2ca08dfa;0c94be7a5df88eb9;933ebeb334291ce9;93f53965cc237c66;c093105d241b3f37;1c18b611a03f67c3;e0e4035d28a26260;6f01483600bd78e6;8be294e08830712a;ab50e3073200aef7;bfb319b8ab078a17;1f8dc02edc8512b1;ed55c64ec0418a59;51e88f6fe6544bf5;d59a02e321b0233d;7bb8ce2d1dd5eab2;c372102a7922d0a0;9ac9ddd45386dd77;dd036b407412e0ce;4256da4c2f6c4e7c;bca3ede24559b8fd
proxy,test,SocialGood:h3:f1:o724,724,1,18,32,50,2289dfe833749d01;9091b409ace0639d;ff711936fc7c682e;8de8d72e96bd0336;50532ecf0cda0013;608545a923e632a0;e5d1ab72e14700bb;aa0334d345efd9be;3b3755967775f8bf;c6c347bc06ce7916;e9f688ff395eed9c;510ce5b25b525c28;026d00be65cd571c;5b5b39c600f44eea;8361f3cc3bf5bee5;c26d4dd24c466708;cead67a7d3555e75;3b50f32ae33ac6fe,498fe5e2abae30ee;d13fca0a0bfbe1f9;4fc722ec64843f8f;6f4a097b08de2cde;58353ca7df0df55a;804e91f2759dc592;a1c9070dcddbbb59;dac69ec757d1e4b6;342007d27c4eede5;e36a2a06cafc462f;eedd3fc9feb61a70;fea1ce98ea3b6892;0626df3681913d10;19c03f83332766fe;2197794d17d6f10b;752a0e3cfacb2d97;4dbdc990b75348d3;9115100609453f80;1171624bc650a70d;9c14ba8f2ca08dfa;0c94be7a5df88eb9;933ebeb334291ce9;93f53965cc237c66;c093105d241b3f37;1c18b611a03f67c3;e0e4035d28a26260;6f01483600bd78e6;8be294e08830712a;ab50e3073200aef7;bfb319b8ab078a17;1f8dc02edc8512b1;ed55c64ec0418a59
proxy,test,SocialGood:h3:f1:o725,725,1,19,32,51,48be0471783822f0;2289dfe833749d01;9091b409ace0639d;ff711936fc7c682e;8de8d72e96bd0336;50532ecf0cda0013;608545a923e632a0;e5d1ab72e14700bb;aa0334d345efd9be;3b3755967775f8bf;c6c347bc06ce7916;e9f688ff395eed9c;510ce5b25b525c28;026d00be65cd571c;5b5b39c600f44eea;8361f3cc3bf5bee5;c26d4dd24c466708;cead67a7d3555e75;3b50f32ae33ac6fe,79b2ef425cf18511;92b8103906d2e3e8;dce6d423a21d98ef;e85e7ffaaa788741;9af1256ce1da2e84;fedeaf66a07a1d96;3869389021b42192;4e8360273d3b1342;498fe5e2abae30ee;d13fca0a0bfbe1f9;4fc722ec64843f8f;6f4a097b08de2cde;58353ca7df0df55a;804e91f2759dc592;a1c9070dcddbbb59;dac69ec757d1e4b6;342007d27c4eede5;e36a2a06cafc462f;eedd3fc9feb61a70;fea1ce98ea3b6892;0626df3681913d10;19c03f83332766fe;2197794d17d6f10b;752a0e3cfacb2d97;4dbdc990b75348d3;9115100609453f80;1171624bc650a70d;9c14ba8f2ca08dfa;0c94be7a5df88eb9;933ebeb334291ce9;93f53965cc237c66;c093105d241b3f37
proxy,test,SocialGood:h3:f1:o726,726,1,19,32,51,cda1044668d4b568;48be0471783822f0;2289dfe833749d01;9091b409ace0639d;ff711936fc7c682e;8de8d72e96bd0336;50532ecf0cda0013;608545a923e632a0;e5d1ab72e14700bb;aa0334d345efd9be;3b3755967775f8bf;c6c347bc06ce7916;e9f688ff395eed9c;510ce5b25b525c28;026d00be65cd571c;5b5b39c600f44eea;8361f3cc3bf5bee5;c26d4dd24c466708;cead67a7d3555e75,d21f9252a4d94796;d3f13d9840d5d4b0;8f0411eb83fafd27;de48c84a96b31c2f;465b66b3c27b24f6;4ed7583f7cc8d926;9d7a0c31f2f18865;20e54c167e9e1777;79b2ef425cf18511;92b8103906d2e3e8;dce6d423a21d98ef;e85e7ffaaa788741;9af1256ce1da2e84;fedeaf66a07a1d96;3869389021b42192;4e8360273d3b1342;498fe5e2abae30ee;d13fca0a0bfbe1f9;4fc722ec64843f8f;6f4a097b08de2cde;58353ca7df0df55a;804e91f2759dc592;a1c9070dcddbbb59;dac69ec757d1e4b6;342007d27c4eede5;e36a2a06cafc462f;eedd3fc9feb61a70;fea1ce98ea3b6892;0626df3681913d10;19c03f83332766fe;2197794d17d6f10b;752a0e3cfacb2d97
proxy,test,SocialGood:h3:f1:o727,727,1,19,32,51,5ca24efd2a2f3c8a;cda1044668d4b568;48be0471783822f0;2289dfe833749d01;9091b409ace0639d;ff711936fc7c682e;8de8d72e96bd0336;50532ecf0cda0013;608545a923e632a0;e5d1ab72e14700bb;aa0334d345efd9be;3b3755967775f8bf;c6c347bc06ce7916;e9f688ff395eed9c;510ce5b25b525c28;026d00be65cd571c;5b5b39c600f44eea;8361f3cc3bf5bee5;c26d4dd24c466708,5edd3e079b9d3865;652b1828e97d5d7e;08ad68f787a3a347;a24ab9ef2b728117;e93797c4e865931d;f35ca6f6d40fcff5;a2c391c9a7c05ef7;ec8edd0693b0109b;d21f9252a4d94796;d3f13d9840d5d4b0;8f0411eb83fafd27;de48c84a96b31c2f;465b66b3c27b24f6;4ed7583f7cc8d926;9d7a0c31f2f18865;20e54c167e9e1777;79b2ef425cf18511;92b8103906d2e3e8;dce6d423a21d98ef;e85e7ffaaa788741;9af1256ce1da2e84;fedeaf66a07a1d96;3869389021b42192;4e8360273d3b1342;498fe5e2abae30ee;d13fca0a0bfbe1f9;4fc722ec64843f8f;6f4a097b08de2cde;58353ca7df0df55a;804e91f2759dc592;a1c9070dcddbbb59;dac69ec757d1e4b6
proxy,test,SocialGood:h3:f1:o728,728,1,18,32,50,5ca24efd2a2f3c8a;cda1044668d4b568;48be0471783822f0;2289dfe833749d01;9091b409ace0639d;ff711936fc7c682e;8de8d72e96bd0336;50532ecf0cda0013;608545a923e632a0;e5d1ab72e14700bb;aa0334d345efd9be;3b3755967775f8bf;c6c347bc06ce7916;e9f688ff395eed9c;510ce5b25b525c28;026d00be65cd571c;5b5b39c600f44eea;8361f3cc3bf5bee5,1e7016fb47bdc07f;b68b74b776cb2555;49e2101031e92d49;ab20a506e84b3a7d;d3cc08aab1bd8715;2fcde318c4be8dee;9975a0d2533dc0ea;54b456c5c4d5a0d8;75596d688d83a632;5edd3e079b9d3865;652b1828e97d5d7e;08ad68f787a3a347;a24ab9ef2b728117;e93797c4e865931d;f35ca6f6d40fcff5;a2c391c9a7c05ef7;ec8edd0693b0109b;d21f9252a4d94796;d3f13d9840d5d4b0;8f0411eb83fafd27;de48c84a96b31c2f;465b66b3c27b24f6;4ed7583f7cc8d926;9d7a0c31f2f18865;20e54c167e9e1777;79b2ef425cf18511;92b8103906d2e3e8;dce6d423a21d98ef;e85e7ffaaa788741;9af1256ce1da2e84;fedeaf66a07a1d96;3869389021b42192
proxy,test,SocialGood:h3:f1:o729,729,1,19,32,51,9e62af1d14639c9a;5ca24efd2a2f3c8a;cda1044668d4b568;48be0471783822f0;2289dfe833749d01;9091b409ace0639d;ff711936fc7c682e;8de8d72e96bd0336;50532ecf0cda0013;608545a923e632a0;e5d1ab72e14700bb;aa0334d345efd9be;3b3755967775f8bf;c6c347bc06ce7916;e9f688ff395eed9c;510ce5b25b525c28;026d00be65cd571c;5b5b39c600f44eea;8361f3cc3bf5bee5,4604c99fb2e0b6bb;fc8526ef0d8babbc;9b2732ee5556458e;cd3d697bfd439212;0aa1a4621b505971;cb60bd7055beba1e;381ed96975077075;a1879bc2d52724c3;1e7016fb47bdc07f;b68b74b776cb2555;49e2101031e92d49;ab20a506e84b3a7d;d3cc08aab1bd8715;2fcde318c4be8dee;9975a0d2533dc0ea;54b456c5c4d5a0d8;75596d688d83a632;5edd3e079b9d3865;652b1828e97d5d7e;08ad68f787a3a347;a24ab9ef2b728117;e93797c4e865931d;f35ca6f6d40fcff5;a2c391c9a7c05ef7;ec8edd0693b0109b;d21f9252a4d94796;d3f13d9840d5d4b0;8f0411eb83fafd27;de48c84a96b31c2f;465b66b3c27b24f6;4ed7583f7cc8d926;9d7a0c31f2f18865
conservative_lag,train,SocialGood:h3:f1:o24,24,0,0,0,0,,
conservative_lag,train,SocialGood:h3:f1:o25,25,0,0,0,0,,
conservative_lag,train,SocialGood:h3:f1:o26,26,0,0,0,0,,
conservative_lag,train,SocialGood:h3:f1:o27,27,0,0,0,0,,
conservative_lag,train,SocialGood:h3:f1:o28,28,0,0,0,0,,
conservative_lag,train,SocialGood:h3:f1:o29,29,0,0,0,0,,
conservative_lag,train,SocialGood:h3:f1:o30,30,0,0,0,0,,
conservative_lag,train,SocialGood:h3:f1:o31,31,0,0,0,0,,
conservative_lag,train,SocialGood:h3:f1:o32,32,0,0,0,0,,
conservative_lag,train,SocialGood:h3:f1:o33,33,0,0,0,0,,
conservative_lag,train,SocialGood:h3:f1:o34,34,0,0,0,0,,
conservative_lag,train,SocialGood:h3:f1:o35,35,0,0,0,0,,
conservative_lag,train,SocialGood:h3:f1:o36,36,0,0,0,0,,
conservative_lag,train,SocialGood:h3:f1:o37,37,0,0,0,0,,
conservative_lag,train,SocialGood:h3:f1:o38,38,0,0,0,0,,
conservative_lag,train,SocialGood:h3:f1:o39,39,0,0,0,0,,
conservative_lag,train,SocialGood:h3:f1:o40,40,0,0,0,0,,
conservative_lag,train,SocialGood:h3:f1:o41,41,0,0,0,0,,
conservative_lag,train,SocialGood:h3:f1:o42,42,0,0,0,0,,
conservative_lag,train,SocialGood:h3:f1:o43,43,0,0,0,0,,
conservative_lag,train,SocialGood:h3:f1:o44,44,0,0,0,0,,
conservative_lag,train,SocialGood:h3:f1:o45,45,0,0,0,0,,
conservative_lag,train,SocialGood:h3:f1:o46,46,0,0,0,0,,
conservative_lag,train,SocialGood:h3:f1:o47,47,0,0,0,0,,
conservative_lag,train,SocialGood:h3:f1:o48,48,0,0,0,0,,
conservative_lag,train,SocialGood:h3:f1:o49,49,0,0,0,0,,
conservative_lag,train,SocialGood:h3:f1:o50,50,0,0,0,0,,
conservative_lag,train,SocialGood:h3:f1:o51,51,0,0,0,0,,
conservative_lag,train,SocialGood:h3:f1:o52,52,0,0,0,0,,
conservative_lag,train,SocialGood:h3:f1:o53,53,0,0,0,0,,
conservative_lag,train,SocialGood:h3:f1:o54,54,0,0,0,0,,
conservative_lag,train,SocialGood:h3:f1:o55,55,0,0,0,0,,
conservative_lag,train,SocialGood:h3:f1:o56,56,0,0,0,0,,
conservative_lag,train,SocialGood:h3:f1:o57,57,0,0,0,0,,
conservative_lag,train,SocialGood:h3:f1:o58,58,0,0,0,0,,
conservative_lag,train,SocialGood:h3:f1:o59,59,0,0,0,0,,
conservative_lag,train,SocialGood:h3:f1:o60,60,0,0,0,0,,
conservative_lag,train,SocialGood:h3:f1:o61,61,0,0,0,0,,
conservative_lag,train,SocialGood:h3:f1:o62,62,0,0,0,0,,
conservative_lag,train,SocialGood:h3:f1:o63,63,0,0,0,0,,
conservative_lag,train,SocialGood:h3:f1:o64,64,0,0,0,0,,
conservative_lag,train,SocialGood:h3:f1:o65,65,0,0,0,0,,
conservative_lag,train,SocialGood:h3:f1:o66,66,0,0,0,0,,
conservative_lag,train,SocialGood:h3:f1:o67,67,0,0,0,0,,
conservative_lag,train,SocialGood:h3:f1:o68,68,0,0,0,0,,
conservative_lag,train,SocialGood:h3:f1:o69,69,0,0,0,0,,
conservative_lag,train,SocialGood:h3:f1:o70,70,0,0,0,0,,
conservative_lag,train,SocialGood:h3:f1:o71,71,0,0,0,0,,
conservative_lag,train,SocialGood:h3:f1:o72,72,0,0,0,0,,
conservative_lag,train,SocialGood:h3:f1:o73,73,0,0,0,0,,
conservative_lag,train,SocialGood:h3:f1:o74,74,0,0,0,0,,
conservative_lag,train,SocialGood:h3:f1:o75,75,0,0,0,0,,
conservative_lag,train,SocialGood:h3:f1:o76,76,0,0,0,0,,
conservative_lag,train,SocialGood:h3:f1:o77,77,0,0,0,0,,
conservative_lag,train,SocialGood:h3:f1:o78,78,0,0,0,0,,
conservative_lag,train,SocialGood:h3:f1:o79,79,0,0,0,0,,
conservative_lag,train,SocialGood:h3:f1:o80,80,0,0,0,0,,
conservative_lag,train,SocialGood:h3:f1:o81,81,0,0,0,0,,
conservative_lag,train,SocialGood:h3:f1:o82,82,0,0,0,0,,
conservative_lag,train,SocialGood:h3:f1:o83,83,0,0,0,0,,
conservative_lag,train,SocialGood:h3:f1:o84,84,0,0,0,0,,
conservative_lag,train,SocialGood:h3:f1:o85,85,0,0,0,0,,
conservative_lag,train,SocialGood:h3:f1:o86,86,0,0,0,0,,
conservative_lag,train,SocialGood:h3:f1:o87,87,0,0,0,0,,
conservative_lag,train,SocialGood:h3:f1:o88,88,0,0,0,0,,
conservative_lag,train,SocialGood:h3:f1:o89,89,0,0,0,0,,
conservative_lag,train,SocialGood:h3:f1:o90,90,0,0,0,0,,
conservative_lag,train,SocialGood:h3:f1:o91,91,0,0,0,0,,
conservative_lag,train,SocialGood:h3:f1:o92,92,0,0,0,0,,
conservative_lag,train,SocialGood:h3:f1:o93,93,0,0,0,0,,
conservative_lag,train,SocialGood:h3:f1:o94,94,0,0,0,0,,
conservative_lag,train,SocialGood:h3:f1:o95,95,0,0,0,0,,
conservative_lag,train,SocialGood:h3:f1:o96,96,0,0,0,0,,
conservative_lag,train,SocialGood:h3:f1:o97,97,0,0,0,0,,
conservative_lag,train,SocialGood:h3:f1:o98,98,0,0,0,0,,
conservative_lag,train,SocialGood:h3:f1:o99,99,0,0,0,0,,
conservative_lag,train,SocialGood:h3:f1:o100,100,0,0,0,0,,
conservative_lag,train,SocialGood:h3:f1:o101,101,0,0,0,0,,
conservative_lag,train,SocialGood:h3:f1:o102,102,0,0,0,0,,
conservative_lag,train,SocialGood:h3:f1:o103,103,0,0,0,0,,
conservative_lag,train,SocialGood:h3:f1:o104,104,0,0,0,0,,
conservative_lag,train,SocialGood:h3:f1:o105,105,0,0,0,0,,
conservative_lag,train,SocialGood:h3:f1:o106,106,0,0,0,0,,
conservative_lag,train,SocialGood:h3:f1:o107,107,0,0,0,0,,
conservative_lag,train,SocialGood:h3:f1:o108,108,0,0,0,0,,
conservative_lag,train,SocialGood:h3:f1:o109,109,0,0,0,0,,
conservative_lag,train,SocialGood:h3:f1:o110,110,0,0,0,0,,
conservative_lag,train,SocialGood:h3:f1:o111,111,0,0,0,0,,
conservative_lag,train,SocialGood:h3:f1:o112,112,0,0,0,0,,
conservative_lag,train,SocialGood:h3:f1:o113,113,0,0,0,0,,
conservative_lag,train,SocialGood:h3:f1:o114,114,0,0,0,0,,
conservative_lag,train,SocialGood:h3:f1:o115,115,0,0,0,0,,
conservative_lag,train,SocialGood:h3:f1:o116,116,0,0,0,0,,
conservative_lag,train,SocialGood:h3:f1:o117,117,0,0,0,0,,
conservative_lag,train,SocialGood:h3:f1:o118,118,0,0,0,0,,
conservative_lag,train,SocialGood:h3:f1:o119,119,0,0,0,0,,
conservative_lag,train,SocialGood:h3:f1:o120,120,0,0,0,0,,
conservative_lag,train,SocialGood:h3:f1:o121,121,0,0,0,0,,
conservative_lag,train,SocialGood:h3:f1:o122,122,0,0,0,0,,
conservative_lag,train,SocialGood:h3:f1:o123,123,0,0,0,0,,
conservative_lag,train,SocialGood:h3:f1:o124,124,0,0,0,0,,
conservative_lag,train,SocialGood:h3:f1:o125,125,0,0,0,0,,
conservative_lag,train,SocialGood:h3:f1:o126,126,0,0,0,0,,
conservative_lag,train,SocialGood:h3:f1:o127,127,0,0,0,0,,
conservative_lag,train,SocialGood:h3:f1:o128,128,0,0,0,0,,
conservative_lag,train,SocialGood:h3:f1:o129,129,0,0,0,0,,
conservative_lag,train,SocialGood:h3:f1:o130,130,0,0,0,0,,
conservative_lag,train,SocialGood:h3:f1:o131,131,0,0,0,0,,
conservative_lag,train,SocialGood:h3:f1:o132,132,0,0,0,0,,
conservative_lag,train,SocialGood:h3:f1:o133,133,0,0,0,0,,
conservative_lag,train,SocialGood:h3:f1:o134,134,0,0,0,0,,
conservative_lag,train,SocialGood:h3:f1:o135,135,0,0,0,0,,
conservative_lag,train,SocialGood:h3:f1:o136,136,0,0,0,0,,
conservative_lag,train,SocialGood:h3:f1:o137,137,0,0,0,0,,
conservative_lag,train,SocialGood:h3:f1:o138,138,0,0,0,0,,
conservative_lag,train,SocialGood:h3:f1:o139,139,0,0,0,0,,
conservative_lag,train,SocialGood:h3:f1:o140,140,0,0,0,0,,
conservative_lag,train,SocialGood:h3:f1:o141,141,0,0,0,0,,
conservative_lag,train,SocialGood:h3:f1:o142,142,0,0,0,0,,
conservative_lag,train,SocialGood:h3:f1:o143,143,0,0,0,0,,
conservative_lag,train,SocialGood:h3:f1:o144,144,0,0,0,0,,
conservative_lag,train,SocialGood:h3:f1:o145,145,0,0,0,0,,
conservative_lag,train,SocialGood:h3:f1:o146,146,0,0,0,0,,
conservative_lag,train,SocialGood:h3:f1:o147,147,0,0,0,0,,
conservative_lag,train,SocialGood:h3:f1:o148,148,0,0,0,0,,
conservative_lag,train,SocialGood:h3:f1:o149,149,0,0,0,0,,
conservative_lag,train,SocialGood:h3:f1:o150,150,0,0,0,0,,
conservative_lag,train,SocialGood:h3:f1:o151,151,0,0,0,0,,
conservative_lag,train,SocialGood:h3:f1:o152,152,0,0,0,0,,
conservative_lag,train,SocialGood:h3:f1:o153,153,0,0,0,0,,
conservative_lag,train,SocialGood:h3:f1:o154,154,0,0,0,0,,
conservative_lag,train,SocialGood:h3:f1:o155,155,0,0,0,0,,
conservative_lag,train,SocialGood:h3:f1:o156,156,0,0,0,0,,
conservative_lag,train,SocialGood:h3:f1:o157,157,0,0,0,0,,
conservative_lag,train,SocialGood:h3:f1:o158,158,0,0,0,0,,
conservative_lag,train,SocialGood:h3:f1:o159,159,0,0,0,0,,
conservative_lag,train,SocialGood:h3:f1:o160,160,0,0,0,0,,
conservative_lag,train,SocialGood:h3:f1:o161,161,0,0,0,0,,
conservative_lag,train,SocialGood:h3:f1:o162,162,0,0,0,0,,
conservative_lag,train,SocialGood:h3:f1:o163,163,0,0,0,0,,
conservative_lag,train,SocialGood:h3:f1:o164,164,0,0,0,0,,
conservative_lag,train,SocialGood:h3:f1:o165,165,0,0,0,0,,
conservative_lag,train,SocialGood:h3:f1:o166,166,0,0,0,0,,
conservative_lag,train,SocialGood:h3:f1:o167,167,0,0,0,0,,
conservative_lag,train,SocialGood:h3:f1:o168,168,0,0,0,0,,
conservative_lag,train,SocialGood:h3:f1:o169,169,0,0,0,0,,
conservative_lag,train,SocialGood:h3:f1:o170,170,0,0,0,0,,
conservative_lag,train,SocialGood:h3:f1:o171,171,0,0,0,0,,
conservative_lag,train,SocialGood:h3:f1:o172,172,0,0,0,0,,
conservative_lag,train,SocialGood:h3:f1:o173,173,0,0,0,0,,
conservative_lag,train,SocialGood:h3:f1:o174,174,0,0,0,0,,
conservative_lag,train,SocialGood:h3:f1:o175,175,0,0,0,0,,
conservative_lag,train,SocialGood:h3:f1:o176,176,0,0,0,0,,
conservative_lag,train,SocialGood:h3:f1:o177,177,0,0,0,0,,
conservative_lag,train,SocialGood:h3:f1:o178,178,0,0,0,0,,
conservative_lag,train,SocialGood:h3:f1:o179,179,0,0,0,0,,
conservative_lag,train,SocialGood:h3:f1:o180,180,0,0,0,0,,
conservative_lag,train,SocialGood:h3:f1:o181,181,0,0,0,0,,
conservative_lag,train,SocialGood:h3:f1:o182,182,0,0,0,0,,
conservative_lag,train,SocialGood:h3:f1:o183,183,0,0,0,0,,
conservative_lag,train,SocialGood:h3:f1:o184,184,0,0,0,0,,
conservative_lag,train,SocialGood:h3:f1:o185,185,0,0,0,0,,
conservative_lag,train,SocialGood:h3:f1:o186,186,0,0,0,0,,
conservative_lag,train,SocialGood:h3:f1:o187,187,0,0,0,0,,
conservative_lag,train,SocialGood:h3:f1:o188,188,0,0,0,0,,
conservative_lag,train,SocialGood:h3:f1:o189,189,0,0,0,0,,
conservative_lag,train,SocialGood:h3:f1:o190,190,0,0,0,0,,
conservative_lag,train,SocialGood:h3:f1:o191,191,0,0,0,0,,
conservative_lag,train,SocialGood:h3:f1:o192,192,0,0,0,0,,
conservative_lag,train,SocialGood:h3:f1:o193,193,0,0,0,0,,
conservative_lag,train,SocialGood:h3:f1:o194,194,0,0,0,0,,
conservative_lag,train,SocialGood:h3:f1:o195,195,0,0,0,0,,
conservative_lag,train,SocialGood:h3:f1:o196,196,0,0,0,0,,
conservative_lag,train,SocialGood:h3:f1:o197,197,0,0,0,0,,
conservative_lag,train,SocialGood:h3:f1:o198,198,0,0,0,0,,
conservative_lag,train,SocialGood:h3:f1:o199,199,0,0,0,0,,
conservative_lag,train,SocialGood:h3:f1:o200,200,0,0,0,0,,
conservative_lag,train,SocialGood:h3:f1:o201,201,0,0,0,0,,
conservative_lag,train,SocialGood:h3:f1:o202,202,0,0,0,0,,
conservative_lag,train,SocialGood:h3:f1:o203,203,0,0,0,0,,
conservative_lag,train,SocialGood:h3:f1:o204,204,0,0,0,0,,
conservative_lag,train,SocialGood:h3:f1:o205,205,0,0,0,0,,
conservative_lag,train,SocialGood:h3:f1:o206,206,0,0,0,0,,
conservative_lag,train,SocialGood:h3:f1:o207,207,0,0,0,0,,
conservative_lag,train,SocialGood:h3:f1:o208,208,0,0,0,0,,
conservative_lag,train,SocialGood:h3:f1:o209,209,0,0,0,0,,
conservative_lag,train,SocialGood:h3:f1:o210,210,0,0,0,0,,
conservative_lag,train,SocialGood:h3:f1:o211,211,0,0,0,0,,
conservative_lag,train,SocialGood:h3:f1:o212,212,0,0,0,0,,
conservative_lag,train,SocialGood:h3:f1:o213,213,0,0,0,0,,
conservative_lag,train,SocialGood:h3:f1:o214,214,0,0,0,0,,
conservative_lag,train,SocialGood:h3:f1:o215,215,0,0,0,0,,
conservative_lag,train,SocialGood:h3:f1:o216,216,0,0,0,0,,
conservative_lag,train,SocialGood:h3:f1:o217,217,0,0,0,0,,
conservative_lag,train,SocialGood:h3:f1:o218,218,0,0,0,0,,
conservative_lag,train,SocialGood:h3:f1:o219,219,0,0,0,0,,
conservative_lag,train,SocialGood:h3:f1:o220,220,0,0,0,0,,
conservative_lag,train,SocialGood:h3:f1:o221,221,0,0,0,0,,
conservative_lag,train,SocialGood:h3:f1:o222,222,0,0,0,0,,
conservative_lag,train,SocialGood:h3:f1:o223,223,0,0,0,0,,
conservative_lag,train,SocialGood:h3:f1:o224,224,0,0,0,0,,
conservative_lag,train,SocialGood:h3:f1:o225,225,0,0,0,0,,
conservative_lag,train,SocialGood:h3:f1:o226,226,0,0,0,0,,
conservative_lag,train,SocialGood:h3:f1:o227,227,0,0,0,0,,
conservative_lag,train,SocialGood:h3:f1:o228,228,0,0,0,0,,
conservative_lag,train,SocialGood:h3:f1:o229,229,0,0,0,0,,
conservative_lag,train,SocialGood:h3:f1:o230,230,0,0,0,0,,
conservative_lag,train,SocialGood:h3:f1:o231,231,0,0,0,0,,
conservative_lag,train,SocialGood:h3:f1:o232,232,0,0,0,0,,
conservative_lag,train,SocialGood:h3:f1:o233,233,0,0,0,0,,
conservative_lag,train,SocialGood:h3:f1:o234,234,0,0,0,0,,
conservative_lag,train,SocialGood:h3:f1:o235,235,0,0,0,0,,
conservative_lag,train,SocialGood:h3:f1:o236,236,0,0,0,0,,
conservative_lag,train,SocialGood:h3:f1:o237,237,0,0,0,0,,
conservative_lag,train,SocialGood:h3:f1:o238,238,0,0,0,0,,
conservative_lag,train,SocialGood:h3:f1:o239,239,0,0,0,0,,
conservative_lag,train,SocialGood:h3:f1:o240,240,0,0,0,0,,
conservative_lag,train,SocialGood:h3:f1:o241,241,0,0,0,0,,
conservative_lag,train,SocialGood:h3:f1:o242,242,0,0,0,0,,
conservative_lag,train,SocialGood:h3:f1:o243,243,0,0,0,0,,
conservative_lag,train,SocialGood:h3:f1:o244,244,0,0,0,0,,
conservative_lag,train,SocialGood:h3:f1:o245,245,0,0,0,0,,
conservative_lag,train,SocialGood:h3:f1:o246,246,0,0,0,0,,
conservative_lag,train,SocialGood:h3:f1:o247,247,0,0,0,0,,
conservative_lag,train,SocialGood:h3:f1:o248,248,0,0,0,0,,
conservative_lag,train,SocialGood:h3:f1:o249,249,0,0,0,0,,
conservative_lag,train,SocialGood:h3:f1:o250,250,0,0,0,0,,
conservative_lag,train,SocialGood:h3:f1:o251,251,0,0,0,0,,
conservative_lag,train,SocialGood:h3:f1:o252,252,0,0,0,0,,
conservative_lag,train,SocialGood:h3:f1:o253,253,0,0,0,0,,
conservative_lag,train,SocialGood:h3:f1:o254,254,0,0,0,0,,
conservative_lag,train,SocialGood:h3:f1:o255,255,0,0,0,0,,
conservative_lag,train,SocialGood:h3:f1:o256,256,0,0,0,0,,
conservative_lag,train,SocialGood:h3:f1:o257,257,0,0,0,0,,
conservative_lag,train,SocialGood:h3:f1:o258,258,0,0,0,0,,
conservative_lag,train,SocialGood:h3:f1:o259,259,0,0,0,0,,
conservative_lag,train,SocialGood:h3:f1:o260,260,0,0,0,0,,
conservative_lag,train,SocialGood:h3:f1:o261,261,0,0,0,0,,
conservative_lag,train,SocialGood:h3:f1:o262,262,0,0,0,0,,
conservative_lag,train,SocialGood:h3:f1:o263,263,0,0,0,0,,
conservative_lag,train,SocialGood:h3:f1:o264,264,0,0,0,0,,
conservative_lag,train,SocialGood:h3:f1:o265,265,0,0,0,0,,
conservative_lag,train,SocialGood:h3:f1:o266,266,0,0,0,0,,
conservative_lag,train,SocialGood:h3:f1:o267,267,0,0,0,0,,
conservative_lag,train,SocialGood:h3:f1:o268,268,0,0,0,0,,
conservative_lag,train,SocialGood:h3:f1:o269,269,0,0,0,0,,
conservative_lag,train,SocialGood:h3:f1:o270,270,0,0,0,0,,
conservative_lag,train,SocialGood:h3:f1:o271,271,0,0,0,0,,
conservative_lag,train,SocialGood:h3:f1:o272,272,0,0,0,0,,
conservative_lag,train,SocialGood:h3:f1:o273,273,0,0,0,0,,
conservative_lag,train,SocialGood:h3:f1:o274,274,0,0,0,0,,
conservative_lag,train,SocialGood:h3:f1:o275,275,0,0,0,0,,
conservative_lag,train,SocialGood:h3:f1:o276,276,0,0,0,0,,
conservative_lag,train,SocialGood:h3:f1:o277,277,0,0,0,0,,
conservative_lag,train,SocialGood:h3:f1:o278,278,0,0,0,0,,
conservative_lag,train,SocialGood:h3:f1:o279,279,0,0,0,0,,
conservative_lag,train,SocialGood:h3:f1:o280,280,0,0,0,0,,
conservative_lag,train,SocialGood:h3:f1:o281,281,0,0,0,0,,
conservative_lag,train,SocialGood:h3:f1:o282,282,0,0,0,0,,
conservative_lag,train,SocialGood:h3:f1:o283,283,0,0,0,0,,
conservative_lag,train,SocialGood:h3:f1:o284,284,0,0,0,0,,
conservative_lag,train,SocialGood:h3:f1:o285,285,0,0,0,0,,
conservative_lag,train,SocialGood:h3:f1:o286,286,0,0,0,0,,
conservative_lag,train,SocialGood:h3:f1:o287,287,0,0,0,0,,
conservative_lag,train,SocialGood:h3:f1:o288,288,0,0,0,0,,
conservative_lag,train,SocialGood:h3:f1:o289,289,0,0,0,0,,
conservative_lag,train,SocialGood:h3:f1:o290,290,0,0,0,0,,
conservative_lag,train,SocialGood:h3:f1:o291,291,0,0,0,0,,
conservative_lag,train,SocialGood:h3:f1:o292,292,0,0,0,0,,
conservative_lag,train,SocialGood:h3:f1:o293,293,0,0,0,0,,
conservative_lag,train,SocialGood:h3:f1:o294,294,0,0,0,0,,
conservative_lag,train,SocialGood:h3:f1:o295,295,0,0,0,0,,
conservative_lag,train,SocialGood:h3:f1:o296,296,0,0,0,0,,
conservative_lag,train,SocialGood:h3:f1:o297,297,0,0,0,0,,
conservative_lag,train,SocialGood:h3:f1:o298,298,0,0,0,0,,
conservative_lag,train,SocialGood:h3:f1:o299,299,0,0,0,0,,
conservative_lag,train,SocialGood:h3:f1:o300,300,0,0,0,0,,
conservative_lag,train,SocialGood:h3:f1:o301,301,0,0,0,0,,
conservative_lag,train,SocialGood:h3:f1:o302,302,0,0,0,0,,
conservative_lag,train,SocialGood:h3:f1:o303,303,0,0,0,0,,
conservative_lag,train,SocialGood:h3:f1:o304,304,0,0,0,0,,
conservative_lag,train,SocialGood:h3:f1:o305,305,0,0,0,0,,
conservative_lag,train,SocialGood:h3:f1:o306,306,0,0,0,0,,
conservative_lag,train,SocialGood:h3:f1:o307,307,0,0,0,0,,
conservative_lag,train,SocialGood:h3:f1:o308,308,0,0,0,0,,
conservative_lag,train,SocialGood:h3:f1:o309,309,0,0,0,0,,
conservative_lag,train,SocialGood:h3:f1:o310,310,0,0,0,0,,
conservative_lag,train,SocialGood:h3:f1:o311,311,0,0,0,0,,
conservative_lag,train,SocialGood:h3:f1:o312,312,0,0,0,0,,
conservative_lag,train,SocialGood:h3:f1:o313,313,0,0,0,0,,
conservative_lag,train,SocialGood:h3:f1:o314,314,0,0,0,0,,
conservative_lag,train,SocialGood:h3:f1:o315,315,0,0,0,0,,
conservative_lag,train,SocialGood:h3:f1:o316,316,0,0,0,0,,
conservative_lag,train,SocialGood:h3:f1:o317,317,0,0,0,0,,
conservative_lag,train,SocialGood:h3:f1:o318,318,0,0,0,0,,
conservative_lag,train,SocialGood:h3:f1:o319,319,0,0,0,0,,
conservative_lag,train,SocialGood:h3:f1:o320,320,0,0,0,0,,
conservative_lag,train,SocialGood:h3:f1:o321,321,0,0,0,0,,
conservative_lag,train,SocialGood:h3:f1:o322,322,0,0,0,0,,
conservative_lag,train,SocialGood:h3:f1:o323,323,0,0,0,0,,
conservative_lag,train,SocialGood:h3:f1:o324,324,0,0,0,0,,
conservative_lag,train,SocialGood:h3:f1:o325,325,0,0,0,0,,
conservative_lag,train,SocialGood:h3:f1:o326,326,0,0,0,0,,
conservative_lag,train,SocialGood:h3:f1:o327,327,0,0,0,0,,
conservative_lag,train,SocialGood:h3:f1:o328,328,0,0,0,0,,
conservative_lag,train,SocialGood:h3:f1:o329,329,0,0,0,0,,
conservative_lag,train,SocialGood:h3:f1:o330,330,0,0,0,0,,
conservative_lag,train,SocialGood:h3:f1:o331,331,0,0,0,0,,
conservative_lag,train,SocialGood:h3:f1:o332,332,0,0,0,0,,
conservative_lag,train,SocialGood:h3:f1:o333,333,0,0,0,0,,
conservative_lag,train,SocialGood:h3:f1:o334,334,0,0,0,0,,
conservative_lag,train,SocialGood:h3:f1:o335,335,0,0,0,0,,
conservative_lag,train,SocialGood:h3:f1:o336,336,0,0,0,0,,
conservative_lag,train,SocialGood:h3:f1:o337,337,0,0,0,0,,
conservative_lag,train,SocialGood:h3:f1:o338,338,0,0,0,0,,
conservative_lag,train,SocialGood:h3:f1:o339,339,0,0,0,0,,
conservative_lag,train,SocialGood:h3:f1:o340,340,0,0,0,0,,
conservative_lag,train,SocialGood:h3:f1:o341,341,0,0,0,0,,
conservative_lag,train,SocialGood:h3:f1:o342,342,0,0,0,0,,
conservative_lag,train,SocialGood:h3:f1:o343,343,0,0,0,0,,
conservative_lag,train,SocialGood:h3:f1:o344,344,0,0,0,0,,
conservative_lag,train,SocialGood:h3:f1:o345,345,0,0,0,0,,
conservative_lag,train,SocialGood:h3:f1:o346,346,0,0,0,0,,
conservative_lag,train,SocialGood:h3:f1:o347,347,0,0,0,0,,
conservative_lag,train,SocialGood:h3:f1:o348,348,0,0,0,0,,
conservative_lag,train,SocialGood:h3:f1:o349,349,0,0,0,0,,
conservative_lag,train,SocialGood:h3:f1:o350,350,0,0,0,0,,
conservative_lag,train,SocialGood:h3:f1:o351,351,0,0,0,0,,
conservative_lag,train,SocialGood:h3:f1:o352,352,0,0,0,0,,
conservative_lag,train,SocialGood:h3:f1:o353,353,0,0,0,0,,
conservative_lag,train,SocialGood:h3:f1:o354,354,0,0,0,0,,
conservative_lag,train,SocialGood:h3:f1:o355,355,0,0,0,0,,
conservative_lag,train,SocialGood:h3:f1:o356,356,0,0,0,0,,
conservative_lag,train,SocialGood:h3:f1:o357,357,0,0,0,0,,
conservative_lag,train,SocialGood:h3:f1:o358,358,0,0,0,0,,
conservative_lag,train,SocialGood:h3:f1:o359,359,0,0,0,0,,
conservative_lag,train,SocialGood:h3:f1:o360,360,0,0,0,0,,
conservative_lag,train,SocialGood:h3:f1:o361,361,0,0,0,0,,
conservative_lag,train,SocialGood:h3:f1:o362,362,0,0,0,0,,
conservative_lag,train,SocialGood:h3:f1:o363,363,0,0,0,0,,
conservative_lag,calibration,SocialGood:h3:f1:o366,366,0,0,0,0,,
conservative_lag,calibration,SocialGood:h3:f1:o367,367,0,0,0,0,,
conservative_lag,calibration,SocialGood:h3:f1:o368,368,0,0,0,0,,
conservative_lag,calibration,SocialGood:h3:f1:o369,369,0,0,0,0,,
conservative_lag,calibration,SocialGood:h3:f1:o370,370,0,0,0,0,,
conservative_lag,calibration,SocialGood:h3:f1:o371,371,0,0,0,0,,
conservative_lag,calibration,SocialGood:h3:f1:o372,372,0,0,0,0,,
conservative_lag,calibration,SocialGood:h3:f1:o373,373,0,0,0,0,,
conservative_lag,calibration,SocialGood:h3:f1:o374,374,0,0,0,0,,
conservative_lag,calibration,SocialGood:h3:f1:o375,375,0,0,0,0,,
conservative_lag,calibration,SocialGood:h3:f1:o376,376,0,0,0,0,,
conservative_lag,calibration,SocialGood:h3:f1:o377,377,0,0,0,0,,
conservative_lag,calibration,SocialGood:h3:f1:o378,378,0,0,0,0,,
conservative_lag,calibration,SocialGood:h3:f1:o379,379,0,0,0,0,,
conservative_lag,calibration,SocialGood:h3:f1:o380,380,0,0,0,0,,
conservative_lag,calibration,SocialGood:h3:f1:o381,381,0,0,0,0,,
conservative_lag,calibration,SocialGood:h3:f1:o382,382,0,0,0,0,,
conservative_lag,calibration,SocialGood:h3:f1:o383,383,0,0,0,0,,
conservative_lag,calibration,SocialGood:h3:f1:o384,384,0,0,0,0,,
conservative_lag,calibration,SocialGood:h3:f1:o385,385,0,0,0,0,,
conservative_lag,calibration,SocialGood:h3:f1:o386,386,1,0,7,7,,c3b3f6189f794c42;d9c7cc43dabbd70b;2b4b9b894f98dd94;7da5592bc23bbfd3;cdb480ebfea77308;b0a8e23b5d1cb2ca;f7c1b07845d2d4ba
conservative_lag,calibration,SocialGood:h3:f1:o387,387,1,0,14,14,,7780064d647f6060;04b05ee2d17d37d2;56605db62b15e6ea;7087c823e25a2e52;df3b697e8a50ff07;6c6f1d48fa3c363b;86595bc6a15dba30;c3b3f6189f794c42;d9c7cc43dabbd70b;2b4b9b894f98dd94;7da5592bc23bbfd3;cdb480ebfea77308;b0a8e23b5d1cb2ca;f7c1b07845d2d4ba
conservative_lag,calibration,SocialGood:h3:f1:o388,388,1,0,23,23,,38d426121b72c227;52d1189585fbad2e;bb0f3827626a665e;d011573ef67c3599;0126e1a95cb3f92e;c7e34fd1a4319024;fbc851f22e8c1e7e;582760720f3fe2b9;d8c8267b3baa86ec;7780064d647f6060;04b05ee2d17d37d2;56605db62b15e6ea;7087c823e25a2e52;df3b697e8a50ff07;6c6f1d48fa3c363b;86595bc6a15dba30;c3b3f6189f794c42;d9c7cc43dabbd70b;2b4b9b894f98dd94;7da5592bc23bbfd3;cdb480ebfea77308;b0a8e23b5d1cb2ca;f7c1b07845d2d4ba
conservative_lag,calibration,SocialGood:h3:f1:o389,389,1,0,30,30,,6bf0a9b85f129343;c5a47661b57b3616;ecce1f732c3f8d81;721c74e9dc59098f;7886366677dbc78a;2197f08f0976875c;45761f30a7557457;38d426121b72c227;52d1189585fbad2e;bb0f3827626a665e;d011573ef67c3599;0126e1a95cb3f92e;c7e34fd1a4319024;fbc851f22e8c1e7e;582760720f3fe2b9;d8c8267b3baa86ec;7780064d647f6060;04b05ee2d17d37d2;56605db62b15e6ea;7087c823e25a2e52;df3b697e8a50ff07;6c6f1d48fa3c363b;86595bc6a15dba30;c3b3f6189f794c42;d9c7cc43dabbd70b;2b4b9b894f98dd94;7da5592bc23bbfd3;cdb480ebfea77308;b0a8e23b5d1cb2ca;f7c1b07845d2d4ba
conservative_lag,calibration,SocialGood:h3:f1:o390,390,1,0,32,32,,44ab6a9afdeb7971;74d82622ca2496eb;7c49b2513156363e;ce0d084f22d817fa;57e584286c6ecaed;e18e0344a35ba3da;14b066b093f4745d;c3692bc0f7462e49;6bf0a9b85f129343;c5a47661b57b3616;ecce1f732c3f8d81;721c74e9dc59098f;7886366677dbc78a;2197f08f0976875c;45761f30a7557457;38d426121b72c227;52d1189585fbad2e;bb0f3827626a665e;d011573ef67c3599;0126e1a95cb3f92e;c7e34fd1a4319024;fbc851f22e8c1e7e;582760720f3fe2b9;d8c8267b3baa86ec;7780064d647f6060;04b05ee2d17d37d2;56605db62b15e6ea;7087c823e25a2e52;df3b697e8a50ff07;6c6f1d48fa3c363b;86595bc6a15dba30;c3b3f6189f794c42
conservative_lag,calibration,SocialGood:h3:f1:o391,391,1,0,32,32,,63a520eea61336a6;c19e37e43bd437c4;0970ca0ddfa81c57;bfb0cc530fb69be9;00188268210b7be8;99ac078a7c218bda;104456887e59adc6;a539216349025997;8c24b55024fe11b1;db8e2b3e784beb41;44ab6a9afdeb7971;74d82622ca2496eb;7c49b2513156363e;ce0d084f22d817fa;57e584286c6ecaed;e18e0344a35ba3da;14b066b093f4745d;c3692bc0f7462e49;6bf0a9b85f129343;c5a47661b57b3616;ecce1f732c3f8d81;721c74e9dc59098f;7886366677dbc78a;2197f08f0976875c;45761f30a7557457;38d426121b72c227;52d1189585fbad2e;bb0f3827626a665e;d011573ef67c3599;0126e1a95cb3f92e;c7e34fd1a4319024;fbc851f22e8c1e7e
conservative_lag,calibration,SocialGood:h3:f1:o392,392,1,0,32,32,,2e7317258614cd2d;e50b3f82e0557ab3;5ec889f5f1b5d057;0e78d700c8b6aee7;63a520eea61336a6;c19e37e43bd437c4;0970ca0ddfa81c57;bfb0cc530fb69be9;00188268210b7be8;99ac078a7c218bda;104456887e59adc6;a539216349025997;8c24b55024fe11b1;db8e2b3e784beb41;44ab6a9afdeb7971;74d82622ca2496eb;7c49b2513156363e;ce0d084f22d817fa;57e584286c6ecaed;e18e0344a35ba3da;14b066b093f4745d;c3692bc0f7462e49;6bf0a9b85f129343;c5a47661b57b3616;ecce1f732c3f8d81;721c74e9dc59098f;7886366677dbc78a;2197f08f0976875c;45761f30a7557457;38d426121b72c227;52d1189585fbad2e;bb0f3827626a665e
conservative_lag,calibration,SocialGood:h3:f1:o393,393,1,0,32,32,,02243003e98a1d6c;3d121943bcd792d5;0b455eb8d0656a39;c4c40c4ef9db456f;b3b9d06c2223cf8a;bac03cbea33d29bd;2e7317258614cd2d;e50b3f82e0557ab3;5ec889f5f1b5d057;0e78d700c8b6aee7;63a520eea61336a6;c19e37e43bd437c4;0970ca0ddfa81c57;bfb0cc530fb69be9;00188268210b7be8;99ac078a7c218bda;104456887e59adc6;a539216349025997;8c24b55024fe11b1;db8e2b3e784beb41;44ab6a9afdeb7971;74d82622ca2496eb;7c49b2513156363e;ce0d084f22d817fa;57e584286c6ecaed;e18e0344a35ba3da;14b066b093f4745d;c3692bc0f7462e49;6bf0a9b85f129343;c5a47661b57b3616;ecce1f732c3f8d81;721c74e9dc59098f
conservative_lag,calibration,SocialGood:h3:f1:o394,394,1,0,32,32,,944d4106718bdb7d;ff77cab600afb3d3;5089cd592e19a71a;9494187bde34cf7f;2d8815414756b46e;bdc2872db819b659;1ff11e8018ccc9c6;fb0a0d40a137d13a;4f14375e20a87f1a;a6e9c92549457a96;02243003e98a1d6c;3d121943bcd792d5;0b455eb8d0656a39;c4c40c4ef9db456f;b3b9d06c2223cf8a;bac03cbea33d29bd;2e7317258614cd2d;e50b3f82e0557ab3;5ec889f5f1b5d057;0e78d700c8b6aee7;63a520eea61336a6;c19e37e43bd437c4;0970ca0ddfa81c57;bfb0cc530fb69be9;00188268210b7be8;99ac078a7c218bda;104456887e59adc6;a539216349025997;8c24b55024fe11b1;db8e2b3e784beb41;44ab6a9afdeb7971;74d82622ca2496eb
conservative_lag,calibration,SocialGood:h3:f1:o395,395,1,0,32,32,,1ea0d4b39ac5a4f6;2ff2ebf01b1b14f0;37e3a86d19870c56;7aa692f48044bc1c;28fa29c9ca1c1c6b;8c30b94b8ac4104f;1c506e459ed86363;9b9977d72eaab22a;944d4106718bdb7d;ff77cab600afb3d3;5089cd592e19a71a;9494187bde34cf7f;2d8815414756b46e;bdc2872db819b659;1ff11e8018ccc9c6;fb0a0d40a137d13a;4f14375e20a87f1a;a6e9c92549457a96;02243003e98a1d6c;3d121943bcd792d5;0b455eb8d0656a39;c4c40c4ef9db456f;b3b9d06c2223cf8a;bac03cbea33d29bd;2e7317258614cd2d;e50b3f82e0557ab3;5ec889f5f1b5d057;0e78d700c8b6aee7;63a520eea61336a6;c19e37e43bd437c4;0970ca0ddfa81c57;bfb0cc530fb69be9
conservative_lag,calibration,SocialGood:h3:f1:o396,396,1,0,32,32,,cb51d7f3b9c6898b;c364cb2dd55a0c4c;d4915d01475ecbfa;03328ca85e70d991;790a060232458298;7181a3f785833a6c;f18dea77eeecc2be;afcd600d9f29004e;1ea0d4b39ac5a4f6;2ff2ebf01b1b14f0;37e3a86d19870c56;7aa692f48044bc1c;28fa29c9ca1c1c6b;8c30b94b8ac4104f;1c506e459ed86363;9b9977d72eaab22a;944d4106718bdb7d;ff77cab600afb3d3;5089cd592e19a71a;9494187bde34cf7f;2d8815414756b46e;bdc2872db819b659;1ff11e8018ccc9c6;fb0a0d40a137d13a;4f14375e20a87f1a;a6e9c92549457a96;02243003e98a1d6c;3d121943bcd792d5;0b455eb8d0656a39;c4c40c4ef9db456f;b3b9d06c2223cf8a;bac03cbea33d29bd
conservative_lag,calibration,SocialGood:h3:f1:o397,397,1,0,32,32,,412997eb04131f5d;dbac1a988555ddd5;b8d087bdfaa2e377;babb86b9de2cfd87;1e9588383dec3fbe;5c6755e65944626d;121c4f9ff1bb0d1d;47cf8212b289e233;cb51d7f3b9c6898b;c364cb2dd55a0c4c;d4915d01475ecbfa;03328ca85e70d991;790a060232458298;7181a3f785833a6c;f18dea77eeecc2be;afcd600d9f29004e;1ea0d4b39ac5a4f6;2ff2ebf01b1b14f0;37e3a86d19870c56;7aa692f48044bc1c;28fa29c9ca1c1c6b;8c30b94b8ac4104f;1c506e459ed86363;9b9977d72eaab22a;944d4106718bdb7d;ff77cab600afb3d3;5089cd592e19a71a;9494187bde34cf7f;2d8815414756b46e;bdc2872db819b659;1ff11e8018ccc9c6;fb0a0d40a137d13a
conservative_lag,calibration,SocialGood:h3:f1:o398,398,1,0,32,32,,c0ccebabd3f064e4;d2adfb57d57fc083;e1957d124bf8d6da;e6c547e50e2af909;adcfda8d05f902b2;ff89068d7143fe07;56c14f70900117d4;8d788ad5c1ad40ff;412997eb04131f5d;dbac1a988555ddd5;b8d087bdfaa2e377;babb86b9de2cfd87;1e9588383dec3fbe;5c6755e65944626d;121c4f9ff1bb0d1d;47cf8212b289e233;cb51d7f3b9c6898b;c364cb2dd55a0c4c;d4915d01475ecbfa;03328ca85e70d991;790a060232458298;7181a3f785833a6c;f18dea77eeecc2be;afcd600d9f29004e;1ea0d4b39ac5a4f6;2ff2ebf01b1b14f0;37e3a86d19870c56;7aa692f48044bc1c;28fa29c9ca1c1c6b;8c30b94b8ac4104f;1c506e459ed86363;9b9977d72eaab22a
conservative_lag,calibration,SocialGood:h3:f1:o399,399,1,0,32,32,,5d38b8c8fcc87b45;99e8112d5e783655;63f8b58142be55be;f629f958ad2f9fb8;099eed3e8bdcf5b2;3153d953fa6a4e99;099b5e96e3e9d44f;b3a1883bdae49d33;c0ccebabd3f064e4;d2adfb57d57fc083;e1957d124bf8d6da;e6c547e50e2af909;adcfda8d05f902b2;ff89068d7143fe07;56c14f70900117d4;8d788ad5c1ad40ff;412997eb04131f5d;dbac1a988555ddd5;b8d087bdfaa2e377;babb86b9de2cfd87;1e9588383dec3fbe;5c6755e65944626d;121c4f9ff1bb0d1d;47cf8212b289e233;cb51d7f3b9c6898b;c364cb2dd55a0c4c;d4915d01475ecbfa;03328ca85e70d991;790a060232458298;7181a3f785833a6c;f18dea77eeecc2be;afcd600d9f29004e
conservative_lag,calibration,SocialGood:h3:f1:o400,400,1,0,32,32,,0f5e8057fc656982;e54cc322dce8968f;b2eacfdf2707024b;a07395b24854745b;f249f93aabaa1cad;d32e9db74207f847;e32e7235bf9e3777;8f53c7b3583cd74d;f20e27766a7e76f6;5d38b8c8fcc87b45;99e8112d5e783655;63f8b58142be55be;f629f958ad2f9fb8;099eed3e8bdcf5b2;3153d953fa6a4e99;099b5e96e3e9d44f;b3a1883bdae49d33;c0ccebabd3f064e4;d2adfb57d57fc083;e1957d124bf8d6da;e6c547e50e2af909;adcfda8d05f902b2;ff89068d7143fe07;56c14f70900117d4;8d788ad5c1ad40ff;412997eb04131f5d;dbac1a988555ddd5;b8d087bdfaa2e377;babb86b9de2cfd87;1e9588383dec3fbe;5c6755e65944626d;121c4f9ff1bb0d1d
conservative_lag,calibration,SocialGood:h3:f1:o401,401,1,0,32,32,,071805e381ec6de7;9f6e114bcb27e5e1;fbde304a2a0fc7eb;45e2667ffc27cb04;72f4a39661cbb95c;59d6df1fd2c053c6;aa65399c128b29d9;0f5e8057fc656982;e54cc322dce8968f;b2eacfdf2707024b;a07395b24854745b;f249f93aabaa1cad;d32e9db74207f847;e32e7235bf9e3777;8f53c7b3583cd74d;f20e27766a7e76f6;5d38b8c8fcc87b45;99e8112d5e783655;63f8b58142be55be;f629f958ad2f9fb8;099eed3e8bdcf5b2;3153d953fa6a4e99;099b5e96e3e9d44f;b3a1883bdae49d33;c0ccebabd3f064e4;d2adfb57d57fc083;e1957d124bf8d6da;e6c547e50e2af909;adcfda8d05f902b2;ff89068d7143fe07;56c14f70900117d4;8d788ad5c1ad40ff
conservative_lag,calibration,SocialGood:h3:f1:o402,402,1,0,32,32,,87ebc5fe7905094e;ccb71531c7ebbc9d;e8a4d660be312380;662c0d08ef83b58b;7831d6cde5a132f2;25e4d8886a34998c;dbeffeed18b6144c;071805e381ec6de7;9f6e114bcb27e5e1;fbde304a2a0fc7eb;45e2667ffc27cb04;72f4a39661cbb95c;59d6df1fd2c053c6;aa65399c128b29d9;0f5e8057fc656982;e54cc322dce8968f;b2eacfdf2707024b;a07395b24854745b;f249f93aabaa1cad;d32e9db74207f847;e32e7235bf9e3777;8f53c7b3583cd74d;f20e27766a7e76f6;5d38b8c8fcc87b45;99e8112d5e783655;63f8b58142be55be;f629f958ad2f9fb8;099eed3e8bdcf5b2;3153d953fa6a4e99;099b5e96e3e9d44f;b3a1883bdae49d33;c0ccebabd3f064e4
conservative_lag,calibration,SocialGood:h3:f1:o403,403,1,0,32,32,,3f61775b57f5c938;baf444b7f56093de;6bd68a6ad080f0ec;79e573955177e7c4;16480d819e917bd1;3d7de93d39862502;5be6aa5124821154;e84c55881c68d938;87ebc5fe7905094e;ccb71531c7ebbc9d;e8a4d660be312380;662c0d08ef83b58b;7831d6cde5a132f2;25e4d8886a34998c;dbeffeed18b6144c;071805e381ec6de7;9f6e114bcb27e5e1;fbde304a2a0fc7eb;45e2667ffc27cb04;72f4a39661cbb95c;59d6df1fd2c053c6;aa65399c128b29d9;0f5e8057fc656982;e54cc322dce8968f;b2eacfdf2707024b;a07395b24854745b;f249f93aabaa1cad;d32e9db74207f847;e32e7235bf9e3777;8f53c7b3583cd74d;f20e27766a7e76f6;5d38b8c8fcc87b45
conservative_lag,calibration,SocialGood:h3:f1:o404,404,1,0,32,32,,11b7e436cdd50441;254d119f20b971d1;3448cd5dcc85f49e;7782890e6811d9b1;35cb70bc1ccd4588;a720c3b360ad4a77;70a691543ddb4873;b1422633b7669af1;3f61775b57f5c938;baf444b7f56093de;6bd68a6ad080f0ec;79e573955177e7c4;16480d819e917bd1;3d7de93d39862502;5be6aa5124821154;e84c55881c68d938;87ebc5fe7905094e;ccb71531c7ebbc9d;e8a4d660be312380;662c0d08ef83b58b;7831d6cde5a132f2;25e4d8886a34998c;dbeffeed18b6144c;071805e381ec6de7;9f6e114bcb27e5e1;fbde304a2a0fc7eb;45e2667ffc27cb04;72f4a39661cbb95c;59d6df1fd2c053c6;aa65399c128b29d9;0f5e8057fc656982;e54cc322dce8968f
conservative_lag,calibration,SocialGood:h3:f1:o405,405,1,0,32,32,,2c668d68deadf876;667a4e5f29a70158;015bceb63b041135;a6c701ea37f30d0e;cbfae813d059ef03;05ba52fc8b1a6e04;1b941bbe451b6ea6;8e8710dd46a40f5b;11b7e436cdd50441;254d119f20b971d1;3448cd5dcc85f49e;7782890e6811d9b1;35cb70bc1ccd4588;a720c3b360ad4a77;70a691543ddb4873;b1422633b7669af1;3f61775b57f5c938;baf444b7f56093de;6bd68a6ad080f0ec;79e573955177e7c4;16480d819e917bd1;3d7de93d39862502;5be6aa5124821154;e84c55881c68d938;87ebc5fe7905094e;ccb71531c7ebbc9d;e8a4d660be312380;662c0d08ef83b58b;7831d6cde5a132f2;25e4d8886a34998c;dbeffeed18b6144c;071805e381ec6de7
conservative_lag,calibration,SocialGood:h3:f1:o406,406,1,0,32,32,,5c9e8672f382d8d4;c82c9c3a365c60f6;253f65f94591b5d3;4c6e5e2b390da0b3;48f699d77c824884;923681edf0eb1ce9;fe3d798058b98f10;2c668d68deadf876;667a4e5f29a70158;015bceb63b041135;a6c701ea37f30d0e;cbfae813d059ef03;05ba52fc8b1a6e04;1b941bbe451b6ea6;8e8710dd46a40f5b;11b7e436cdd50441;254d119f20b971d1;3448cd5dcc85f49e;7782890e6811d9b1;35cb70bc1ccd4588;a720c3b360ad4a77;70a691543ddb4873;b1422633b7669af1;3f61775b57f5c938;baf444b7f56093de;6bd68a6ad080f0ec;79e573955177e7c4;16480d819e917bd1;3d7de93d39862502;5be6aa5124821154;e84c55881c68d938;87ebc5fe7905094e
conservative_lag,calibration,SocialGood:h3:f1:o407,407,1,0,32,32,,29fa791a3643f544;fba575334aacf094;7f7f7048dd2788c5;a105c3dea823cbcb;99982d0b2f6f8b30;d764e6b5cb872cf9;c02f4b6c8f7c76db;5c9e8672f382d8d4;c82c9c3a365c60f6;253f65f94591b5d3;4c6e5e2b390da0b3;48f699d77c824884;923681edf0eb1ce9;fe3d798058b98f10;2c668d68deadf876;667a4e5f29a70158;015bceb63b041135;a6c701ea37f30d0e;cbfae813d059ef03;05ba52fc8b1a6e04;1b941bbe451b6ea6;8e8710dd46a40f5b;11b7e436cdd50441;254d119f20b971d1;3448cd5dcc85f49e;7782890e6811d9b1;35cb70bc1ccd4588;a720c3b360ad4a77;70a691543ddb4873;b1422633b7669af1;3f61775b57f5c938;baf444b7f56093de
conservative_lag,calibration,SocialGood:h3:f1:o408,408,1,0,32,32,,9eff209b24f7f168;606ba2602e5d1a8e;d4564d65b1e8592b;6d5e3439bb26c358;9510296185c7a1e3;0b077d30fa8272d2;353954b67a4bbee0;a66568109197d669;ee86aef9f0db1e87;29fa791a3643f544;fba575334aacf094;7f7f7048dd2788c5;a105c3dea823cbcb;99982d0b2f6f8b30;d764e6b5cb872cf9;c02f4b6c8f7c76db;5c9e8672f382d8d4;c82c9c3a365c60f6;253f65f94591b5d3;4c6e5e2b390da0b3;48f699d77c824884;923681edf0eb1ce9;fe3d798058b98f10;2c668d68deadf876;667a4e5f29a70158;015bceb63b041135;a6c701ea37f30d0e;cbfae813d059ef03;05ba52fc8b1a6e04;1b941bbe451b6ea6;8e8710dd46a40f5b;11b7e436cdd50441
conservative_lag,calibration,SocialGood:h3:f1:o409,409,1,0,32,32,,272fc05761310385;c539cd9af8505844;cdcda5e06ef7a795;2957f1e8f6db7315;dfb262a6129786ca;d443af0a0d92153d;ff8cc162c7d20474;9eff209b24f7f168;606ba2602e5d1a8e;d4564d65b1e8592b;6d5e3439bb26c358;9510296185c7a1e3;0b077d30fa8272d2;353954b67a4bbee0;a66568109197d669;ee86aef9f0db1e87;29fa791a3643f544;fba575334aacf094;7f7f7048dd2788c5;a105c3dea823cbcb;99982d0b2f6f8b30;d764e6b5cb872cf9;c02f4b6c8f7c76db;5c9e8672f382d8d4;c82c9c3a365c60f6;253f65f94591b5d3;4c6e5e2b390da0b3;48f699d77c824884;923681edf0eb1ce9;fe3d798058b98f10;2c668d68deadf876;667a4e5f29a70158
conservative_lag,calibration,SocialGood:h3:f1:o410,410,1,0,32,32,,56bf28d1c3c330cc;5cc9d3ed9f70bf8e;0ecd0d58f2bc6b30;51e14994103b92ab;b2e011eec09a15c6;2ea9405da4e3abb6;b3c3e192cb06d414;272fc05761310385;c539cd9af8505844;cdcda5e06ef7a795;2957f1e8f6db7315;dfb262a6129786ca;d443af0a0d92153d;ff8cc162c7d20474;9eff209b24f7f168;606ba2602e5d1a8e;d4564d65b1e8592b;6d5e3439bb26c358;9510296185c7a1e3;0b077d30fa8272d2;353954b67a4bbee0;a66568109197d669;ee86aef9f0db1e87;29fa791a3643f544;fba575334aacf094;7f7f7048dd2788c5;a105c3dea823cbcb;99982d0b2f6f8b30;d764e6b5cb872cf9;c02f4b6c8f7c76db;5c9e8672f382d8d4;c82c9c3a365c60f6
conservative_lag,calibration,SocialGood:h3:f1:o411,411,1,0,32,32,,550543dc91247c39;0b5ba3ce7fc485ea;a14439e2350e0453;a52d836080725478;d94051c2c276c5db;054b13de2f7cec08;889ada420bfeb7c3;23200c2e77188a09;a4dc8ab2772a2dd3;56bf28d1c3c330cc;5cc9d3ed9f70bf8e;0ecd0d58f2bc6b30;51e14994103b92ab;b2e011eec09a15c6;2ea9405da4e3abb6;b3c3e192cb06d414;272fc05761310385;c539cd9af8505844;cdcda5e06ef7a795;2957f1e8f6db7315;dfb262a6129786ca;d443af0a0d92153d;ff8cc162c7d20474;9eff209b24f7f168;606ba2602e5d1a8e;d4564d65b1e8592b;6d5e3439bb26c358;9510296185c7a1e3;0b077d30fa8272d2;353954b67a4bbee0;a66568109197d669;ee86aef9f0db1e87
conservative_lag,calibration,SocialGood:h3:f1:o412,412,1,0,32,32,,ac5c4d210fbf7015;5ea3f9db3b1cec92;b696bbcbb712ba57;4f4d35b569561055;8ffbd9babb6bce7b;031fe38ebf21c4b4;981bb5f37072a61c;550543dc91247c39;0b5ba3ce7fc485ea;a14439e2350e0453;a52d836080725478;d94051c2c276c5db;054b13de2f7cec08;889ada420bfeb7c3;23200c2e77188a09;a4dc8ab2772a2dd3;56bf28d1c3c330cc;5cc9d3ed9f70bf8e;0ecd0d58f2bc6b30;51e14994103b92ab;b2e011eec09a15c6;2ea9405da4e3abb6;b3c3e192cb06d414;272fc05761310385;c539cd9af8505844;cdcda5e06ef7a795;2957f1e8f6db7315;dfb262a6129786ca;d443af0a0d92153d;ff8cc162c7d20474;9eff209b24f7f168;606ba2602e5d1a8e
conservative_lag,calibration,SocialGood:h3:f1:o413,413,1,0,32,32,,c5d47388d31f0006;d2762604ad5dcf36;703e82da6129843b;dc51ad1351d4013e;040f68cab86dddcb;72a11899763a6996;c9ceb983f7c74d81;cb495477b500c115;ac5c4d210fbf7015;5ea3f9db3b1cec92;b696bbcbb712ba57;4f4d35b569561055;8ffbd9babb6bce7b;031fe38ebf21c4b4;981bb5f37072a61c;550543dc91247c39;0b5ba3ce7fc485ea;a14439e2350e0453;a52d836080725478;d94051c2c276c5db;054b13de2f7cec08;889ada420bfeb7c3;23200c2e77188a09;a4dc8ab2772a2dd3;56bf28d1c3c330cc;5cc9d3ed9f70bf8e;0ecd0d58f2bc6b30;51e14994103b92ab;b2e011eec09a15c6;2ea9405da4e3abb6;b3c3e192cb06d414;272fc05761310385
conservative_lag,calibration,SocialGood:h3:f1:o414,414,1,0,32,32,,0469e9653d59a7da;da929427b8259bfe;8b37162423ab5f37;add2fb56a593251e;4ff724727213c72f;52a559849d9adb8b;0d9a1683677b49ee;8e9c53ed250cd6a7;7b393b4e5b3f71eb;99d87e43c3ec0161;c5d47388d31f0006;d2762604ad5dcf36;703e82da6129843b;dc51ad1351d4013e;040f68cab86dddcb;72a11899763a6996;c9ceb983f7c74d81;cb495477b500c115;ac5c4d210fbf7015;5ea3f9db3b1cec92;b696bbcbb712ba57;4f4d35b569561055;8ffbd9babb6bce7b;031fe38ebf21c4b4;981bb5f37072a61c;550543dc91247c39;0b5ba3ce7fc485ea;a14439e2350e0453;a52d836080725478;d94051c2c276c5db;054b13de2f7cec08;889ada420bfeb7c3
conservative_lag,calibration,SocialGood:h3:f1:o415,415,1,0,32,32,,76d2ada81542dea9;b26545fc659d91ee;b1f22984d43353f8;fc401a418c73d2e3;45ab91c107d301a4;dfa1111c0a6b1282;0469e9653d59a7da;da929427b8259bfe;8b37162423ab5f37;add2fb56a593251e;4ff724727213c72f;52a559849d9adb8b;0d9a1683677b49ee;8e9c53ed250cd6a7;7b393b4e5b3f71eb;99d87e43c3ec0161;c5d47388d31f0006;d2762604ad5dcf36;703e82da6129843b;dc51ad1351d4013e;040f68cab86dddcb;72a11899763a6996;c9ceb983f7c74d81;cb495477b500c115;ac5c4d210fbf7015;5ea3f9db3b1cec92;b696bbcbb712ba57;4f4d35b569561055;8ffbd9babb6bce7b;031fe38ebf21c4b4;981bb5f37072a61c;550543dc91247c39
conservative_lag,calibration,SocialGood:h3:f1:o416,416,1,0,32,32,,81e3707b58f2f378;c17d07f221fe073a;045e1ad8f4b560cb;3cde835b45f15ff2;51ebbb3cdd6d7039;668a11343ca7b89d;d59691e46ccf6900;f71e75a31969d42b;76d2ada81542dea9;b26545fc659d91ee;b1f22984d43353f8;fc401a418c73d2e3;45ab91c107d301a4;dfa1111c0a6b1282;0469e9653d59a7da;da929427b8259bfe;8b37162423ab5f37;add2fb56a593251e;4ff724727213c72f;52a559849d9adb8b;0d9a1683677b49ee;8e9c53ed250cd6a7;7b393b4e5b3f71eb;99d87e43c3ec0161;c5d47388d31f0006;d2762604ad5dcf36;703e82da6129843b;dc51ad1351d4013e;040f68cab86dddcb;72a11899763a6996;c9ceb983f7c74d81;cb495477b500c115
conservative_lag,calibration,SocialGood:h3:f1:o417,417,1,0,32,32,,55e021b6a1d7fc58;bbb9744e9545af3a;dccb51cd4f3d3cbd;f366b3b484bc5cfb;26ac42512914be6c;e18f2cfbe2d89687;a77f768accc02c45;fcada915a8e50376;5ab01575e25fbd76;805ace3d5676a0f4;81e3707b58f2f378;c17d07f221fe073a;045e1ad8f4b560cb;3cde835b45f15ff2;51ebbb3cdd6d7039;668a11343ca7b89d;d59691e46ccf6900;f71e75a31969d42b;76d2ada81542dea9;b26545fc659d91ee;b1f22984d43353f8;fc401a418c73d2e3;45ab91c107d301a4;dfa1111c0a6b1282;0469e9653d59a7da;da929427b8259bfe;8b37162423ab5f37;add2fb56a593251e;4ff724727213c72f;52a559849d9adb8b;0d9a1683677b49ee;8e9c53ed250cd6a7
conservative_lag,calibration,SocialGood:h3:f1:o418,418,1,0,32,32,,1b3ca242e8bb546c;8335f16bf41a711e;4f206df6caf751ef;83b7a636c4994f2c;d305f953855e00be;f005b0cdfabc7ede;09b46f52e60269eb;75ecbda44e37b4cf;55e021b6a1d7fc58;bbb9744e9545af3a;dccb51cd4f3d3cbd;f366b3b484bc5cfb;26ac42512914be6c;e18f2cfbe2d89687;a77f768accc02c45;fcada915a8e50376;5ab01575e25fbd76;805ace3d5676a0f4;81e3707b58f2f378;c17d07f221fe073a;045e1ad8f4b560cb;3cde835b45f15ff2;51ebbb3cdd6d7039;668a11343ca7b89d;d59691e46ccf6900;f71e75a31969d42b;76d2ada81542dea9;b26545fc659d91ee;b1f22984d43353f8;fc401a418c73d2e3;45ab91c107d301a4;dfa1111c0a6b1282
conservative_lag,calibration,SocialGood:h3:f1:o419,419,1,0,32,32,,6970d62d1aef3351;94595e97b1b28b8b;2938d0c65d8c0112;ef8a2ece16e17030;706689c3f97540e5;8ac5d9d1f0a699bb;6443add6805b425a;d31cee0a4b624816;1b3ca242e8bb546c;8335f16bf41a711e;4f206df6caf751ef;83b7a636c4994f2c;d305f953855e00be;f005b0cdfabc7ede;09b46f52e60269eb;75ecbda44e37b4cf;55e021b6a1d7fc58;bbb9744e9545af3a;dccb51cd4f3d3cbd;f366b3b484bc5cfb;26ac42512914be6c;e18f2cfbe2d89687;a77f768accc02c45;fcada915a8e50376;5ab01575e25fbd76;805ace3d5676a0f4;81e3707b58f2f378;c17d07f221fe073a;045e1ad8f4b560cb;3cde835b45f15ff2;51ebbb3cdd6d7039;668a11343ca7b89d
conservative_lag,calibration,SocialGood:h3:f1:o420,420,1,0,32,32,,4f78e1eb0a8ac109;bedef08752591448;08910221d2787207;47b469fa5c6d389c;68607b0f75c4ec15;89490d13228c904b;86b14a6117ba92c0;f7c53df68c7a3d2e;9a1c2ca21a2d7e8a;fe5322cbe28c05cd;6970d62d1aef3351;94595e97b1b28b8b;2938d0c65d8c0112;ef8a2ece16e17030;706689c3f97540e5;8ac5d9d1f0a699bb;6443add6805b425a;d31cee0a4b624816;1b3ca242e8bb546c;8335f16bf41a711e;4f206df6caf751ef;83b7a636c4994f2c;d305f953855e00be;f005b0cdfabc7ede;09b46f52e60269eb;75ecbda44e37b4cf;55e021b6a1d7fc58;bbb9744e9545af3a;dccb51cd4f3d3cbd;f366b3b484bc5cfb;26ac42512914be6c;e18f2cfbe2d89687
conservative_lag,calibration,SocialGood:h3:f1:o421,421,1,0,32,32,,b0249b098e28cca3;d1a4be9af275da94;5e54e52375f49e53;b5eaf73ba9917c51;5d414a45e97432c4;fd1a5de57fc7764a;069a39be3e0141cb;73bc600cc6e7f661;4f78e1eb0a8ac109;bedef08752591448;08910221d2787207;47b469fa5c6d389c;68607b0f75c4ec15;89490d13228c904b;86b14a6117ba92c0;f7c53df68c7a3d2e;9a1c2ca21a2d7e8a;fe5322cbe28c05cd;6970d62d1aef3351;94595e97b1b28b8b;2938d0c65d8c0112;ef8a2ece16e17030;706689c3f97540e5;8ac5d9d1f0a699bb;6443add6805b425a;d31cee0a4b624816;1b3ca242e8bb546c;8335f16bf41a711e;4f206df6caf751ef;83b7a636c4994f2c;d305f953855e00be;f005b0cdfabc7ede
conservative_lag,calibration,SocialGood:h3:f1:o422,422,1,0,32,32,,18ad3ad8cc47c944;4cc81675b76c69d0;cf428c72c421dcc8;17ff77b1c6e73acd;450c5cb0b8019690;7f1de98e24ccc15b;b0249b098e28cca3;d1a4be9af275da94;5e54e52375f49e53;b5eaf73ba9917c51;5d414a45e97432c4;fd1a5de57fc7764a;069a39be3e0141cb;73bc600cc6e7f661;4f78e1eb0a8ac109;bedef08752591448;08910221d2787207;47b469fa5c6d389c;68607b0f75c4ec15;89490d13228c904b;86b14a6117ba92c0;f7c53df68c7a3d2e;9a1c2ca21a2d7e8a;fe5322cbe28c05cd;6970d62d1aef3351;94595e97b1b28b8b;2938d0c65d8c0112;ef8a2ece16e17030;706689c3f97540e5;8ac5d9d1f0a699bb;6443add6805b425a;d31cee0a4b624816
conservative_lag,calibration,SocialGood:h3:f1:o423,423,1,0,32,32,,c9bffc7e88ba4c00;ca2c563ac14afd02;3364c300d403d173;b347688fd30052a9;c86814022adf10b1;0c8105329ff471a7;45510df32aee6d83;83cf638b86a9b3d9;d666e4499a09be92;18ad3ad8cc47c944;4cc81675b76c69d0;cf428c72c421dcc8;17ff77b1c6e73acd;450c5cb0b8019690;7f1de98e24ccc15b;b0249b098e28cca3;d1a4be9af275da94;5e54e52375f49e53;b5eaf73ba9917c51;5d414a45e97432c4;fd1a5de57fc7764a;069a39be3e0141cb;73bc600cc6e7f661;4f78e1eb0a8ac109;bedef08752591448;08910221d2787207;47b469fa5c6d389c;68607b0f75c4ec15;89490d13228c904b;86b14a6117ba92c0;f7c53df68c7a3d2e;9a1c2ca21a2d7e8a
conservative_lag,calibration,SocialGood:h3:f1:o424,424,1,0,32,32,,0d2d40c745fffa49;aa11f5af552d093b;3f01062853eadc7b;b07b4a107f8785b3;a1d8e7a4aa6bae7d;f1072c71a7a93833;3d5fb38b6ca28fcc;c16c34f07c5e1b7d;c9bffc7e88ba4c00;ca2c563ac14afd02;3364c300d403d173;b347688fd30052a9;c86814022adf10b1;0c8105329ff471a7;45510df32aee6d83;83cf638b86a9b3d9;d666e4499a09be92;18ad3ad8cc47c944;4cc81675b76c69d0;cf428c72c421dcc8;17ff77b1c6e73acd;450c5cb0b8019690;7f1de98e24ccc15b;b0249b098e28cca3;d1a4be9af275da94;5e54e52375f49e53;b5eaf73ba9917c51;5d414a45e97432c4;fd1a5de57fc7764a;069a39be3e0141cb;73bc600cc6e7f661;4f78e1eb0a8ac109
conservative_lag,calibration,SocialGood:h3:f1:o425,425,1,0,32,32,,88fba7b4860bfb13;a919b901089ff34b;12ee48d72b13aa5d;55fc1a6b83b4e1cd;f72e74c50ddb4e02;fa78da50c4743923;55970ea7403d0c45;85329900d9306f17;0d2d40c745fffa49;aa11f5af552d093b;3f01062853eadc7b;b07b4a107f8785b3;a1d8e7a4aa6bae7d;f1072c71a7a93833;3d5fb38b6ca28fcc;c16c34f07c5e1b7d;c9bffc7e88ba4c00;ca2c563ac14afd02;3364c300d403d173;b347688fd30052a9;c86814022adf10b1;0c8105329ff471a7;45510df32aee6d83;83cf638b86a9b3d9;d666e4499a09be92;18ad3ad8cc47c944;4cc81675b76c69d0;cf428c72c421dcc8;17ff77b1c6e73acd;450c5cb0b8019690;7f1de98e24ccc15b;b0249b098e28cca3
conservative_lag,calibration,SocialGood:h3:f1:o426,426,1,0,32,32,,2d8fcc9d28e4c783;d73891f2cfe238f0;f30294ab79f7d92e;fea7138616b9c958;0be30d285b29a4df;f9066235c1fbb794;5f0bee3bf961e194;38f37befe4ed4735;75a54b4cee5b9de9;88fba7b4860bfb13;a919b901089ff34b;12ee48d72b13aa5d;55fc1a6b83b4e1cd;f72e74c50ddb4e02;fa78da50c4743923;55970ea7403d0c45;85329900d9306f17;0d2d40c745fffa49;aa11f5af552d093b;3f01062853eadc7b;b07b4a107f8785b3;a1d8e7a4aa6bae7d;f1072c71a7a93833;3d5fb38b6ca28fcc;c16c34f07c5e1b7d;c9bffc7e88ba4c00;ca2c563ac14afd02;3364c300d403d173;b347688fd30052a9;c86814022adf10b1;0c8105329ff471a7;45510df32aee6d83
conservative_lag,calibration,SocialGood:h3:f1:o427,427,1,0,32,32,,5f7c2a1f8c3e894a;8528a61222952dd9;6bdc2af585724dc9;fc7ec039b83db407;1d5e0743ffd50332;0130ac6443ea0037;29be51bc28304b99;2d8fcc9d28e4c783;d73891f2cfe238f0;f30294ab79f7d92e;fea7138616b9c958;0be30d285b29a4df;f9066235c1fbb794;5f0bee3bf961e194;38f37befe4ed4735;75a54b4cee5b9de9;88fba7b4860bfb13;a919b901089ff34b;12ee48d72b13aa5d;55fc1a6b83b4e1cd;f72e74c50ddb4e02;fa78da50c4743923;55970ea7403d0c45;85329900d9306f17;0d2d40c745fffa49;aa11f5af552d093b;3f01062853eadc7b;b07b4a107f8785b3;a1d8e7a4aa6bae7d;f1072c71a7a93833;3d5fb38b6ca28fcc;c16c34f07c5e1b7d
conservative_lag,calibration,SocialGood:h3:f1:o428,428,1,0,32,32,,5f3aaa1113933bf6;6ba39316d059be00;468bd298c99487e8;74773ea5fa7d7f72;4b478c8784d7098f;d8916023cb717dde;51ed5cd5605d11ed;810ef4d43b1868d8;4a54bee81abb296c;733cdcb75f732685;5f7c2a1f8c3e894a;8528a61222952dd9;6bdc2af585724dc9;fc7ec039b83db407;1d5e0743ffd50332;0130ac6443ea0037;29be51bc28304b99;2d8fcc9d28e4c783;d73891f2cfe238f0;f30294ab79f7d92e;fea7138616b9c958;0be30d285b29a4df;f9066235c1fbb794;5f0bee3bf961e194;38f37befe4ed4735;75a54b4cee5b9de9;88fba7b4860bfb13;a919b901089ff34b;12ee48d72b13aa5d;55fc1a6b83b4e1cd;f72e74c50ddb4e02;fa78da50c4743923
conservative_lag,calibration,SocialGood:h3:f1:o429,429,1,0,32,32,,e6a244db5296951a;883bf69ca3bac79e;d8b578d627d25c55;04134bbd984c63e1;80b7df3512731500;9e3ffdbcd7884d4b;afe1532856a15013;5f3aaa1113933bf6;6ba39316d059be00;468bd298c99487e8;74773ea5fa7d7f72;4b478c8784d7098f;d8916023cb717dde;51ed5cd5605d11ed;810ef4d43b1868d8;4a54bee81abb296c;733cdcb75f732685;5f7c2a1f8c3e894a;8528a61222952dd9;6bdc2af585724dc9;fc7ec039b83db407;1d5e0743ffd50332;0130ac6443ea0037;29be51bc28304b99;2d8fcc9d28e4c783;d73891f2cfe238f0;f30294ab79f7d92e;fea7138616b9c958;0be30d285b29a4df;f9066235c1fbb794;5f0bee3bf961e194;38f37befe4ed4735
conservative_lag,calibration,SocialGood:h3:f1:o430,430,1,0,32,32,,7e2aa1c7e84e5416;d9644855235aadb0;1732f6631af071dd;664e9c16e6ee0964;3ab797c7b996ea11;c3782e45b6784a92;66ea53fbf017e846;696900a51d37a72d;e6a244db5296951a;883bf69ca3bac79e;d8b578d627d25c55;04134bbd984c63e1;80b7df3512731500;9e3ffdbcd7884d4b;afe1532856a15013;5f3aaa1113933bf6;6ba39316d059be00;468bd298c99487e8;74773ea5fa7d7f72;4b478c8784d7098f;d8916023cb717dde;51ed5cd5605d11ed;810ef4d43b1868d8;4a54bee81abb296c;733cdcb75f732685;5f7c2a1f8c3e894a;8528a61222952dd9;6bdc2af585724dc9;fc7ec039b83db407;1d5e0743ffd50332;0130ac6443ea0037;29be51bc28304b99
conservative_lag,calibration,SocialGood:h3:f1:o431,431,1,0,32,32,,a0458187b17b49f4;99cd77709f104cd5;7d28ddc4cc3fa38b;e3005b1e487cf84c;2e715be3abd84e75;cb8ab6ec3a593b6d;61888dce4e861bc1;cecdddbcb9f3a0bf;7e2aa1c7e84e5416;d9644855235aadb0;1732f6631af071dd;664e9c16e6ee0964;3ab797c7b996ea11;c3782e45b6784a92;66ea53fbf017e846;696900a51d37a72d;e6a244db5296951a;883bf69ca3bac79e;d8b578d627d25c55;04134bbd984c63e1;80b7df3512731500;9e3ffdbcd7884d4b;afe1532856a15013;5f3aaa1113933bf6;6ba39316d059be00;468bd298c99487e8;74773ea5fa7d7f72;4b478c8784d7098f;d8916023cb717dde;51ed5cd5605d11ed;810ef4d43b1868d8;4a54bee81abb296c
conservative_lag,calibration,SocialGood:h3:f1:o432,432,1,0,32,32,,828d946361d47cf4;844472c2a3dcdcbb;5b3b084a68c4a994;efdee317a8ae672c;2f772b8efcd27b55;c78a00bc971d502b;3334ec6ff3f21302;5df68d9f388fbdd2;a0458187b17b49f4;99cd77709f104cd5;7d28ddc4cc3fa38b;e3005b1e487cf84c;2e715be3abd84e75;cb8ab6ec3a593b6d;61888dce4e861bc1;cecdddbcb9f3a0bf;7e2aa1c7e84e5416;d9644855235aadb0;1732f6631af071dd;664e9c16e6ee0964;3ab797c7b996ea11;c3782e45b6784a92;66ea53fbf017e846;696900a51d37a72d;e6a244db5296951a;883bf69ca3bac79e;d8b578d627d25c55;04134bbd984c63e1;80b7df3512731500;9e3ffdbcd7884d4b;afe1532856a15013;5f3aaa1113933bf6
conservative_lag,calibration,SocialGood:h3:f1:o433,433,1,0,32,32,,4ac05fd287459b16;f38ee790c1215ea8;0529533c8e999a43;d2d626e3b339cec6;3536277480179649;3ffa092795311d4b;17833e6fd0944b4b;ca47b117e4fe0680;828d946361d47cf4;844472c2a3dcdcbb;5b3b084a68c4a994;efdee317a8ae672c;2f772b8efcd27b55;c78a00bc971d502b;3334ec6ff3f21302;5df68d9f388fbdd2;a0458187b17b49f4;99cd77709f104cd5;7d28ddc4cc3fa38b;e3005b1e487cf84c;2e715be3abd84e75;cb8ab6ec3a593b6d;61888dce4e861bc1;cecdddbcb9f3a0bf;7e2aa1c7e84e5416;d9644855235aadb0;1732f6631af071dd;664e9c16e6ee0964;3ab797c7b996ea11;c3782e45b6784a92;66ea53fbf017e846;696900a51d37a72d
conservative_lag,calibration,SocialGood:h3:f1:o434,434,1,0,32,32,,19b615ba9a2411cc;3676c998ad7c0f47;622462c7869e4e3d;43ba5aa4962a2acb;deb22d76653a44e8;017c96ebcd06372a;7637e09a1fe54567;33803ac10f158db2;d7e81bfb6e39eb2a;4ac05fd287459b16;f38ee790c1215ea8;0529533c8e999a43;d2d626e3b339cec6;3536277480179649;3ffa092795311d4b;17833e6fd0944b4b;ca47b117e4fe0680;828d946361d47cf4;844472c2a3dcdcbb;5b3b084a68c4a994;efdee317a8ae672c;2f772b8efcd27b55;c78a00bc971d502b;3334ec6ff3f21302;5df68d9f388fbdd2;a0458187b17b49f4;99cd77709f104cd5;7d28ddc4cc3fa38b;e3005b1e487cf84c;2e715be3abd84e75;cb8ab6ec3a593b6d;61888dce4e861bc1
conservative_lag,calibration,SocialGood:h3:f1:o435,435,1,0,32,32,,59b8faa7fa671353;66bc4ef9ae5d934c;4649aa13894a7f9c;fd0bd55ddc46e6f2;600933e83ebdd86a;cfb4071297e53522;7aed7b9d1d947e48;8e5336b60d9c80c4;19b615ba9a2411cc;3676c998ad7c0f47;622462c7869e4e3d;43ba5aa4962a2acb;deb22d76653a44e8;017c96ebcd06372a;7637e09a1fe54567;33803ac10f158db2;d7e81bfb6e39eb2a;4ac05fd287459b16;f38ee790c1215ea8;0529533c8e999a43;d2d626e3b339cec6;3536277480179649;3ffa092795311d4b;17833e6fd0944b4b;ca47b117e4fe0680;828d946361d47cf4;844472c2a3dcdcbb;5b3b084a68c4a994;efdee317a8ae672c;2f772b8efcd27b55;c78a00bc971d502b;3334ec6ff3f21302
conservative_lag,calibration,SocialGood:h3:f1:o436,436,1,0,32,32,,7cfe0e911f71eecd;a9dafd8932cbf998;2c45eeb4602b1fe5;ab6fc431649e6fe4;82aa309a45de896a;9612942f6bbafdad;e025ddba4d6875ae;59b8faa7fa671353;66bc4ef9ae5d934c;4649aa13894a7f9c;fd0bd55ddc46e6f2;600933e83ebdd86a;cfb4071297e53522;7aed7b9d1d947e48;8e5336b60d9c80c4;19b615ba9a2411cc;3676c998ad7c0f47;622462c7869e4e3d;43ba5aa4962a2acb;deb22d76653a44e8;017c96ebcd06372a;7637e09a1fe54567;33803ac10f158db2;d7e81bfb6e39eb2a;4ac05fd287459b16;f38ee790c1215ea8;0529533c8e999a43;d2d626e3b339cec6;3536277480179649;3ffa092795311d4b;17833e6fd0944b4b;ca47b117e4fe0680
conservative_lag,calibration,SocialGood:h3:f1:o437,437,1,0,32,32,,1994a1f42177226d;e3dfe5a3f085b3c0;4f7492ec649ada8c;baca3817e81f621b;d0aaccd1f16f1955;4d8939005cf9e3c5;43f26901dc623691;4d9b3aabf584e0d9;7cfe0e911f71eecd;a9dafd8932cbf998;2c45eeb4602b1fe5;ab6fc431649e6fe4;82aa309a45de896a;9612942f6bbafdad;e025ddba4d6875ae;59b8faa7fa671353;66bc4ef9ae5d934c;4649aa13894a7f9c;fd0bd55ddc46e6f2;600933e83ebdd86a;cfb4071297e53522;7aed7b9d1d947e48;8e5336b60d9c80c4;19b615ba9a2411cc;3676c998ad7c0f47;622462c7869e4e3d;43ba5aa4962a2acb;deb22d76653a44e8;017c96ebcd06372a;7637e09a1fe54567;33803ac10f158db2;d7e81bfb6e39eb2a
conservative_lag,calibration,SocialGood:h3:f1:o438,438,1,0,32,32,,12be219fa691d7f8;a7897b115287c0ce;235dd62ff873a962;949f47d2707815f1;4627b8b9a3442274;adbfc7c04895db37;2ddd23dd16117748;62bfcd5a56428202;1994a1f42177226d;e3dfe5a3f085b3c0;4f7492ec649ada8c;baca3817e81f621b;d0aaccd1f16f1955;4d8939005cf9e3c5;43f26901dc623691;4d9b3aabf584e0d9;7cfe0e911f71eecd;a9dafd8932cbf998;2c45eeb4602b1fe5;ab6fc431649e6fe4;82aa309a45de896a;9612942f6bbafdad;e025ddba4d6875ae;59b8faa7fa671353;66bc4ef9ae5d934c;4649aa13894a7f9c;fd0bd55ddc46e6f2;600933e83ebdd86a;cfb4071297e53522;7aed7b9d1d947e48;8e5336b60d9c80c4;19b615ba9a2411cc
conservative_lag,calibration,SocialGood:h3:f1:o439,439,1,0,32,32,,f7f265af465b40d5;0e88f1fa6cb5da4f;e0622ca0720a00b0;cddebfb447ac2688;ebbd6745bf3b703f;94b3b68519979709;a5e15e17b4198cd9;12be219fa691d7f8;a7897b115287c0ce;235dd62ff873a962;949f47d2707815f1;4627b8b9a3442274;adbfc7c04895db37;2ddd23dd16117748;62bfcd5a56428202;1994a1f42177226d;e3dfe5a3f085b3c0;4f7492ec649ada8c;baca3817e81f621b;d0aaccd1f16f1955;4d8939005cf9e3c5;43f26901dc623691;4d9b3aabf584e0d9;7cfe0e911f71eecd;a9dafd8932cbf998;2c45eeb4602b1fe5;ab6fc431649e6fe4;82aa309a45de896a;9612942f6bbafdad;e025ddba4d6875ae;59b8faa7fa671353;66bc4ef9ae5d934c
conservative_lag,calibration,SocialGood:h3:f1:o440,440,1,0,32,32,,88a7c924b402fb1d;b9c000d458df684a;078faad89e4d7e67;befd0ca1e7d46d11;d44d575c44554ee5;d6d69499e5b0a97a;1a22c4a40971ad05;36a43eb5d87c3c54;8461ff234f76a7b2;f7f265af465b40d5;0e88f1fa6cb5da4f;e0622ca0720a00b0;cddebfb447ac2688;ebbd6745bf3b703f;94b3b68519979709;a5e15e17b4198cd9;12be219fa691d7f8;a7897b115287c0ce;235dd62ff873a962;949f47d2707815f1;4627b8b9a3442274;adbfc7c04895db37;2ddd23dd16117748;62bfcd5a56428202;1994a1f42177226d;e3dfe5a3f085b3c0;4f7492ec649ada8c;baca3817e81f621b;d0aaccd1f16f1955;4d8939005cf9e3c5;43f26901dc623691;4d9b3aabf584e0d9
conservative_lag,calibration,SocialGood:h3:f1:o441,441,1,0,32,32,,426e6973c3520cfc;dde0f635f0a4cda6;83a5e3dc7bc78148;fbc02219628ff576;6102cb5298e0e46a;edb36bfcc4539b19;a046b62a60f27a83;db9303bb86227c31;88a7c924b402fb1d;b9c000d458df684a;078faad89e4d7e67;befd0ca1e7d46d11;d44d575c44554ee5;d6d69499e5b0a97a;1a22c4a40971ad05;36a43eb5d87c3c54;8461ff234f76a7b2;f7f265af465b40d5;0e88f1fa6cb5da4f;e0622ca0720a00b0;cddebfb447ac2688;ebbd6745bf3b703f;94b3b68519979709;a5e15e17b4198cd9;12be219fa691d7f8;a7897b115287c0ce;235dd62ff873a962;949f47d2707815f1;4627b8b9a3442274;adbfc7c04895db37;2ddd23dd16117748;62bfcd5a56428202
conservative_lag,calibration,SocialGood:h3:f1:o442,442,1,0,32,32,,1851b2304c1df80f;3adfd7496a28d8e7;6e3a8e3b5d845775;7e7c44e4b4f15354;29860c71c8ccfb13;40be7bbb709ec3c8;1b6ef4c0c301b69b;46ac8b5e818853d7;43b7e94c726e2b9b;8908eb80e2be5928;426e6973c3520cfc;dde0f635f0a4cda6;83a5e3dc7bc78148;fbc02219628ff576;6102cb5298e0e46a;edb36bfcc4539b19;a046b62a60f27a83;db9303bb86227c31;88a7c924b402fb1d;b9c000d458df684a;078faad89e4d7e67;befd0ca1e7d46d11;d44d575c44554ee5;d6d69499e5b0a97a;1a22c4a40971ad05;36a43eb5d87c3c54;8461ff234f76a7b2;f7f265af465b40d5;0e88f1fa6cb5da4f;e0622ca0720a00b0;cddebfb447ac2688;ebbd6745bf3b703f
conservative_lag,calibration,SocialGood:h3:f1:o443,443,1,0,32,32,,30e40b3bf3f05aec;9bf8d2a5492bd480;7a233c7516548aa2;9265e951d3d8aaeb;9eaa2e4971732a9d;bc0377d00eaceeff;9fb20edfadb89d6b;aa128bb84ecbbef5;1851b2304c1df80f;3adfd7496a28d8e7;6e3a8e3b5d845775;7e7c44e4b4f15354;29860c71c8ccfb13;40be7bbb709ec3c8;1b6ef4c0c301b69b;46ac8b5e818853d7;43b7e94c726e2b9b;8908eb80e2be5928;426e6973c3520cfc;dde0f635f0a4cda6;83a5e3dc7bc78148;fbc02219628ff576;6102cb5298e0e46a;edb36bfcc4539b19;a046b62a60f27a83;db9303bb86227c31;88a7c924b402fb1d;b9c000d458df684a;078faad89e4d7e67;befd0ca1e7d46d11;d44d575c44554ee5;d6d69499e5b0a97a
conservative_lag,calibration,SocialGood:h3:f1:o444,444,1,0,32,32,,45b568a387e0020f;e5f1b1f720154c0d;66b3c263d25d31d0;dc5dd6c85b7166dc;0652e81318d42e7d;dbf8afdd07d1cc0a;7cadb660008a09fd;dba99390d1e788b9;30e40b3bf3f05aec;9bf8d2a5492bd480;7a233c7516548aa2;9265e951d3d8aaeb;9eaa2e4971732a9d;bc0377d00eaceeff;9fb20edfadb89d6b;aa128bb84ecbbef5;1851b2304c1df80f;3adfd7496a28d8e7;6e3a8e3b5d845775;7e7c44e4b4f15354;29860c71c8ccfb13;40be7bbb709ec3c8;1b6ef4c0c301b69b;46ac8b5e818853d7;43b7e94c726e2b9b;8908eb80e2be5928;426e6973c3520cfc;dde0f635f0a4cda6;83a5e3dc7bc78148;fbc02219628ff576;6102cb5298e0e46a;edb36bfcc4539b19
conservative_lag,calibration,SocialGood:h3:f1:o445,445,1,0,32,32,,49f41a280fd5a71d;0ff5797863383e08;5f791188bce30bef;cb1bbc4efcee44fa;4e423aabcee782c0;6ff336af9c6975de;348f89885a3ff46e;9741be0ed6e14146;45b568a387e0020f;e5f1b1f720154c0d;66b3c263d25d31d0;dc5dd6c85b7166dc;0652e81318d42e7d;dbf8afdd07d1cc0a;7cadb660008a09fd;dba99390d1e788b9;30e40b3bf3f05aec;9bf8d2a5492bd480;7a233c7516548aa2;9265e951d3d8aaeb;9eaa2e4971732a9d;bc0377d00eaceeff;9fb20edfadb89d6b;aa128bb84ecbbef5;1851b2304c1df80f;3adfd7496a28d8e7;6e3a8e3b5d845775;7e7c44e4b4f15354;29860c71c8ccfb13;40be7bbb709ec3c8;1b6ef4c0c301b69b;46ac8b5e818853d7
conservative_lag,calibration,SocialGood:h3:f1:o446,446,1,0,32,32,,090643275f8a2d7b;60de953f2c22eff4;88265f9b1a16459c;d1948a93c8d5dcfb;2ef6173d5a66dbe0;70e1283761c856bf;4de322adfa31dfb5;68628c74ef4a5f07;49f41a280fd5a71d;0ff5797863383e08;5f791188bce30bef;cb1bbc4efcee44fa;4e423aabcee782c0;6ff336af9c6975de;348f89885a3ff46e;9741be0ed6e14146;45b568a387e0020f;e5f1b1f720154c0d;66b3c263d25d31d0;dc5dd6c85b7166dc;0652e81318d42e7d;dbf8afdd07d1cc0a;7cadb660008a09fd;dba99390d1e788b9;30e40b3bf3f05aec;9bf8d2a5492bd480;7a233c7516548aa2;9265e951d3d8aaeb;9eaa2e4971732a9d;bc0377d00eaceeff;9fb20edfadb89d6b;aa128bb84ecbbef5
conservative_lag,calibration,SocialGood:h3:f1:o447,447,1,0,32,32,,27bd692549b07d9d;d039463184a42fbc;0dc9c6d5981bb263;1f269fcf02dc030f;2feed2be3007580d;72303d4e37b54536;9cc92b3fdea27018;be8ad9bbeafe2b8b;090643275f8a2d7b;60de953f2c22eff4;88265f9b1a16459c;d1948a93c8d5dcfb;2ef6173d5a66dbe0;70e1283761c856bf;4de322adfa31dfb5;68628c74ef4a5f07;49f41a280fd5a71d;0ff5797863383e08;5f791188bce30bef;cb1bbc4efcee44fa;4e423aabcee782c0;6ff336af9c6975de;348f89885a3ff46e;9741be0ed6e14146;45b568a387e0020f;e5f1b1f720154c0d;66b3c263d25d31d0;dc5dd6c85b7166dc;0652e81318d42e7d;dbf8afdd07d1cc0a;7cadb660008a09fd;dba99390d1e788b9
conservative_lag,calibration,SocialGood:h3:f1:o448,448,1,0,32,32,,45f5284c08de1b23;da5f448a0592d591;53939dd11c5582f5;67310ae894deb100;bf507cd617912ca9;53c9d65e45f1befb;d1de8bf31ed54334;27bd692549b07d9d;d039463184a42fbc;0dc9c6d5981bb263;1f269fcf02dc030f;2feed2be3007580d;72303d4e37b54536;9cc92b3fdea27018;be8ad9bbeafe2b8b;090643275f8a2d7b;60de953f2c22eff4;88265f9b1a16459c;d1948a93c8d5dcfb;2ef6173d5a66dbe0;70e1283761c856bf;4de322adfa31dfb5;68628c74ef4a5f07;49f41a280fd5a71d;0ff5797863383e08;5f791188bce30bef;cb1bbc4efcee44fa;4e423aabcee782c0;6ff336af9c6975de;348f89885a3ff46e;9741be0ed6e14146;45b568a387e0020f
conservative_lag,calibration,SocialGood:h3:f1:o449,449,1,0,32,32,,78d9d4f800312bf6;e2e6e8fd18050779;266a374e17421c05;e2e007a9a30811d6;1b66ec6615e5b11f;e7e186b0a5676b17;67ae00e9cace954a;f553eaa92b7d3e51;5337f8dfd9fbf956;45f5284c08de1b23;da5f448a0592d591;53939dd11c5582f5;67310ae894deb100;bf507cd617912ca9;53c9d65e45f1befb;d1de8bf31ed54334;27bd692549b07d9d;d039463184a42fbc;0dc9c6d5981bb263;1f269fcf02dc030f;2feed2be3007580d;72303d4e37b54536;9cc92b3fdea27018;be8ad9bbeafe2b8b;090643275f8a2d7b;60de953f2c22eff4;88265f9b1a16459c;d1948a93c8d5dcfb;2ef6173d5a66dbe0;70e1283761c856bf;4de322adfa31dfb5;68628c74ef4a5f07
conservative_lag,calibration,SocialGood:h3:f1:o450,450,1,0,32,32,,02363d4d4175a90c;96a9843cf8456879;432590c980fa3901;b57e82398e03bee9;13ad89f61e546325;d02f299b3b32773a;0631711af38debe7;370e6c9d0157ae1b;78d9d4f800312bf6;e2e6e8fd18050779;266a374e17421c05;e2e007a9a30811d6;1b66ec6615e5b11f;e7e186b0a5676b17;67ae00e9cace954a;f553eaa92b7d3e51;5337f8dfd9fbf956;45f5284c08de1b23;da5f448a0592d591;53939dd11c5582f5;67310ae894deb100;bf507cd617912ca9;53c9d65e45f1befb;d1de8bf31ed54334;27bd692549b07d9d;d039463184a42fbc;0dc9c6d5981bb263;1f269fcf02dc030f;2feed2be3007580d;72303d4e37b54536;9cc92b3fdea27018;be8ad9bbeafe2b8b
conservative_lag,calibration,SocialGood:h3:f1:o451,451,1,0,32,32,,9e6002c09258142a;c81f9fcdd72a8555;42c61332e713dcce;d7ef33f9f2d7b542;14e0fa6cc6a65701;241562f3990d81ce;91c5daa71e2a6865;e3d30199fe24f8f3;8beff4b2842aeb72;f39a4381ab91e9a9;02363d4d4175a90c;96a9843cf8456879;432590c980fa3901;b57e82398e03bee9;13ad89f61e546325;d02f299b3b32773a;0631711af38debe7;370e6c9d0157ae1b;78d9d4f800312bf6;e2e6e8fd18050779;266a374e17421c05;e2e007a9a30811d6;1b66ec6615e5b11f;e7e186b0a5676b17;67ae00e9cace954a;f553eaa92b7d3e51;5337f8dfd9fbf956;45f5284c08de1b23;da5f448a0592d591;53939dd11c5582f5;67310ae894deb100;bf507cd617912ca9
conservative_lag,calibration,SocialGood:h3:f1:o452,452,1,0,32,32,,595db92e111b5d35;1dce9966e61b46bf;b40625610fc91952;78f4e0ae3ba55f02;df5c0e48c40d337f;65f423fe7fe83712;e2c2d24d7ff61ba6;9e6002c09258142a;c81f9fcdd72a8555;42c61332e713dcce;d7ef33f9f2d7b542;14e0fa6cc6a65701;241562f3990d81ce;91c5daa71e2a6865;e3d30199fe24f8f3;8beff4b2842aeb72;f39a4381ab91e9a9;02363d4d4175a90c;96a9843cf8456879;432590c980fa3901;b57e82398e03bee9;13ad89f61e546325;d02f299b3b32773a;0631711af38debe7;370e6c9d0157ae1b;78d9d4f800312bf6;e2e6e8fd18050779;266a374e17421c05;e2e007a9a30811d6;1b66ec6615e5b11f;e7e186b0a5676b17;67ae00e9cace954a
conservative_lag,calibration,SocialGood:h3:f1:o453,453,1,0,32,32,,6ab7113210ec0f09;fad18fd128ef006c;149342abbd300240;9440f4c589f4a28d;63927601b808c223;edf522518e5fd983;89c63faffe7680cb;f4b8d0fcb43013d0;595db92e111b5d35;1dce9966e61b46bf;b40625610fc91952;78f4e0ae3ba55f02;df5c0e48c40d337f;65f423fe7fe83712;e2c2d24d7ff61ba6;9e6002c09258142a;c81f9fcdd72a8555;42c61332e713dcce;d7ef33f9f2d7b542;14e0fa6cc6a65701;241562f3990d81ce;91c5daa71e2a6865;e3d30199fe24f8f3;8beff4b2842aeb72;f39a4381ab91e9a9;02363d4d4175a90c;96a9843cf8456879;432590c980fa3901;b57e82398e03bee9;13ad89f61e546325;d02f299b3b32773a;0631711af38debe7
conservative_lag,calibration,SocialGood:h3:f1:o454,454,1,0,32,32,,7b103ca9c5bf29ac;caa067e48adc0fb3;30d7544316b71919;d68270ba3a380db5;2fcf580e5acfa190;c9abfefa824d6815;8fbb2209d7b8f4d8;c317a653b2f272c3;11184684511655d6;3e2be57d111b6f8f;6ab7113210ec0f09;fad18fd128ef006c;149342abbd300240;9440f4c589f4a28d;63927601b808c223;edf522518e5fd983;89c63faffe7680cb;f4b8d0fcb43013d0;595db92e111b5d35;1dce9966e61b46bf;b40625610fc91952;78f4e0ae3ba55f02;df5c0e48c40d337f;65f423fe7fe83712;e2c2d24d7ff61ba6;9e6002c09258142a;c81f9fcdd72a8555;42c61332e713dcce;d7ef33f9f2d7b542;14e0fa6cc6a65701;241562f3990d81ce;91c5daa71e2a6865
conservative_lag,calibration,SocialGood:h3:f1:o455,455,1,0,32,32,,774a24a555363f50;9513540f027c88a8;c8d4443084fa6460;e69e16a9f9d2b896;b60994163e2a6f4f;fc01c548eeac056c;3c86bb9ed925a37a;43b7baa0758dff9c;7b103ca9c5bf29ac;caa067e48adc0fb3;30d7544316b71919;d68270ba3a380db5;2fcf580e5acfa190;c9abfefa824d6815;8fbb2209d7b8f4d8;c317a653b2f272c3;11184684511655d6;3e2be57d111b6f8f;6ab7113210ec0f09;fad18fd128ef006c;149342abbd300240;9440f4c589f4a28d;63927601b808c223;edf522518e5fd983;89c63faffe7680cb;f4b8d0fcb43013d0;595db92e111b5d35;1dce9966e61b46bf;b40625610fc91952;78f4e0ae3ba55f02;df5c0e48c40d337f;65f423fe7fe83712
conservative_lag,decision,SocialGood:h3:f1:o458,458,1,0,32,32,,b4c747265aa55ef1;e11efc49c091ead1;fdf754dd4e082636;29e35175f38b56b7;94cb57771c591bed;d6512fd4bdd11783;330500aa98579c87;28f0dd3f541d2877;6b5998c4e283289b;15046b548468ed7a;64adc0c1411d948d;a7f2803950fcbeed;ed9349d25754a3f1;0ff9b9b4f2a7e3e3;5639f5dbe2b2c157;2d5a4f11128f9eb8;3dda9c7dfacbfdbc;096ee12ded58dd82;edc2e942c1875927;b46b8206360e912b;47d5fc530c4afe06;c1ece9ebe178bb4e;774a24a555363f50;9513540f027c88a8;c8d4443084fa6460;e69e16a9f9d2b896;b60994163e2a6f4f;fc01c548eeac056c;3c86bb9ed925a37a;43b7baa0758dff9c;7b103ca9c5bf29ac;caa067e48adc0fb3
conservative_lag,decision,SocialGood:h3:f1:o459,459,1,0,32,32,,0ff1fb5359eec6b3;131c1ba437080b5a;5aeff3989744d001;f40a7890479062d7;8e201d2f9c10995e;772c7df90c79d72b;7cff001f290e26dc;b4c747265aa55ef1;e11efc49c091ead1;fdf754dd4e082636;29e35175f38b56b7;94cb57771c591bed;d6512fd4bdd11783;330500aa98579c87;28f0dd3f541d2877;6b5998c4e283289b;15046b548468ed7a;64adc0c1411d948d;a7f2803950fcbeed;ed9349d25754a3f1;0ff9b9b4f2a7e3e3;5639f5dbe2b2c157;2d5a4f11128f9eb8;3dda9c7dfacbfdbc;096ee12ded58dd82;edc2e942c1875927;b46b8206360e912b;47d5fc530c4afe06;c1ece9ebe178bb4e;774a24a555363f50;9513540f027c88a8;c8d4443084fa6460
conservative_lag,decision,SocialGood:h3:f1:o460,460,1,0,32,32,,8a197c43a3ceb7b4;06721dd63e3a778f;37042e76fd4cff1c;f26fbc7825aada09;f387278f6ebb09a2;4857082dc584bd56;554942d72e31a966;3657291398742f31;53fb3284d31575cf;0ff1fb5359eec6b3;131c1ba437080b5a;5aeff3989744d001;f40a7890479062d7;8e201d2f9c10995e;772c7df90c79d72b;7cff001f290e26dc;b4c747265aa55ef1;e11efc49c091ead1;fdf754dd4e082636;29e35175f38b56b7;94cb57771c591bed;d6512fd4bdd11783;330500aa98579c87;28f0dd3f541d2877;6b5998c4e283289b;15046b548468ed7a;64adc0c1411d948d;a7f2803950fcbeed;ed9349d25754a3f1;0ff9b9b4f2a7e3e3;5639f5dbe2b2c157;2d5a4f11128f9eb8
conservative_lag,decision,SocialGood:h3:f1:o461,461,1,0,32,32,,36c2802b621c290f;6d65d0baeef9c7ed;ac63c747f55835bd;c296fc04c714ab25;0d9366b68797b849;6cd58d49ca4e82c4;8a197c43a3ceb7b4;06721dd63e3a778f;37042e76fd4cff1c;f26fbc7825aada09;f387278f6ebb09a2;4857082dc584bd56;554942d72e31a966;3657291398742f31;53fb3284d31575cf;0ff1fb5359eec6b3;131c1ba437080b5a;5aeff3989744d001;f40a7890479062d7;8e201d2f9c10995e;772c7df90c79d72b;7cff001f290e26dc;b4c747265aa55ef1;e11efc49c091ead1;fdf754dd4e082636;29e35175f38b56b7;94cb57771c591bed;d6512fd4bdd11783;330500aa98579c87;28f0dd3f541d2877;6b5998c4e283289b;15046b548468ed7a
conservative_lag,decision,SocialGood:h3:f1:o462,462,1,0,32,32,,63b730c352b9c322;adf54ab2a5918e95;1fb31de3f5e844f1;20d13f0472edead3;6677db5fbc872a7c;b6a20d317b68749a;71888052dbdc19f4;36c2802b621c290f;6d65d0baeef9c7ed;ac63c747f55835bd;c296fc04c714ab25;0d9366b68797b849;6cd58d49ca4e82c4;8a197c43a3ceb7b4;06721dd63e3a778f;37042e76fd4cff1c;f26fbc7825aada09;f387278f6ebb09a2;4857082dc584bd56;554942d72e31a966;3657291398742f31;53fb3284d31575cf;0ff1fb5359eec6b3;131c1ba437080b5a;5aeff3989744d001;f40a7890479062d7;8e201d2f9c10995e;772c7df90c79d72b;7cff001f290e26dc;b4c747265aa55ef1;e11efc49c091ead1;fdf754dd4e082636
conservative_lag,decision,SocialGood:h3:f1:o463,463,1,0,32,32,,5355833a660328a6;e0f88464ae4abe6e;017a6a143bf4b2c3;9e00fb156017108d;1505e6454b0957e7;74b4b6f34e0ac762;dd0f5d5b703e811c;f7819db8b8a381cc;63b730c352b9c322;adf54ab2a5918e95;1fb31de3f5e844f1;20d13f0472edead3;6677db5fbc872a7c;b6a20d317b68749a;71888052dbdc19f4;36c2802b621c290f;6d65d0baeef9c7ed;ac63c747f55835bd;c296fc04c714ab25;0d9366b68797b849;6cd58d49ca4e82c4;8a197c43a3ceb7b4;06721dd63e3a778f;37042e76fd4cff1c;f26fbc7825aada09;f387278f6ebb09a2;4857082dc584bd56;554942d72e31a966;3657291398742f31;53fb3284d31575cf;0ff1fb5359eec6b3;131c1ba437080b5a
conservative_lag,decision,SocialGood:h3:f1:o464,464,1,0,32,32,,a80b3f813b52e293;241b80afba45f0d9;6bc48f590ad77252;0c1d9c0830af96c1;4633d0b80835cf79;d596cccd47a1841a;fc02aa2003b9eff1;5355833a660328a6;e0f88464ae4abe6e;017a6a143bf4b2c3;9e00fb156017108d;1505e6454b0957e7;74b4b6f34e0ac762;dd0f5d5b703e811c;f7819db8b8a381cc;63b730c352b9c322;adf54ab2a5918e95;1fb31de3f5e844f1;20d13f0472edead3;6677db5fbc872a7c;b6a20d317b68749a;71888052dbdc19f4;36c2802b621c290f;6d65d0baeef9c7ed;ac63c747f55835bd;c296fc04c714ab25;0d9366b68797b849;6cd58d49ca4e82c4;8a197c43a3ceb7b4;06721dd63e3a778f;37042e76fd4cff1c;f26fbc7825aada09
conservative_lag,decision,SocialGood:h3:f1:o465,465,1,0,32,32,,4c8ee3245527eea3;3c8405d279f118ef;666cbaf3a05893e4;f41ea08ca134d58d;f664f55e71b25251;3ca233b8ad965399;dc89dfa84d3402fb;a80b3f813b52e293;241b80afba45f0d9;6bc48f590ad77252;0c1d9c0830af96c1;4633d0b80835cf79;d596cccd47a1841a;fc02aa2003b9eff1;5355833a660328a6;e0f88464ae4abe6e;017a6a143bf4b2c3;9e00fb156017108d;1505e6454b0957e7;74b4b6f34e0ac762;dd0f5d5b703e811c;f7819db8b8a381cc;63b730c352b9c322;adf54ab2a5918e95;1fb31de3f5e844f1;20d13f0472edead3;6677db5fbc872a7c;b6a20d317b68749a;71888052dbdc19f4;36c2802b621c290f;6d65d0baeef9c7ed;ac63c747f55835bd
conservative_lag,decision,SocialGood:h3:f1:o466,466,1,0,32,32,,9746bb425c9707a8;f06263548e47118a;3788d34ac2fa7dcb;8a081ff9ec396bf6;c45a4afb51e7c854;3d358c77a3030f85;515b981413a62383;31b126520cfa3ee6;b73ae575eff33d3a;4c8ee3245527eea3;3c8405d279f118ef;666cbaf3a05893e4;f41ea08ca134d58d;f664f55e71b25251;3ca233b8ad965399;dc89dfa84d3402fb;a80b3f813b52e293;241b80afba45f0d9;6bc48f590ad77252;0c1d9c0830af96c1;4633d0b80835cf79;d596cccd47a1841a;fc02aa2003b9eff1;5355833a660328a6;e0f88464ae4abe6e;017a6a143bf4b2c3;9e00fb156017108d;1505e6454b0957e7;74b4b6f34e0ac762;dd0f5d5b703e811c;f7819db8b8a381cc;63b730c352b9c322
conservative_lag,decision,SocialGood:h3:f1:o467,467,1,0,32,32,,031926880365419a;392dee08117d2835;8cab5340d678d918;a809da5b94a3a34f;402d5ad5cd267124;4d92527706d5b89d;1ef59e8c6c4c60ed;9746bb425c9707a8;f06263548e47118a;3788d34ac2fa7dcb;8a081ff9ec396bf6;c45a4afb51e7c854;3d358c77a3030f85;515b981413a62383;31b126520cfa3ee6;b73ae575eff33d3a;4c8ee3245527eea3;3c8405d279f118ef;666cbaf3a05893e4;f41ea08ca134d58d;f664f55e71b25251;3ca233b8ad965399;dc89dfa84d3402fb;a80b3f813b52e293;241b80afba45f0d9;6bc48f590ad77252;0c1d9c0830af96c1;4633d0b80835cf79;d596cccd47a1841a;fc02aa2003b9eff1;5355833a660328a6;e0f88464ae4abe6e
conservative_lag,decision,SocialGood:h3:f1:o468,468,1,0,32,32,,af79e12d4aeb2414;bc6d64ee58946bf6;2ed0514d353ab962;35b0156becf094d0;9e47f257edcc5e0c;b47d2cad98670d6a;1d8ee250667968a5;5c4781c61d18382b;69b807ba61d6bcd3;c44f4526e3a7509d;031926880365419a;392dee08117d2835;8cab5340d678d918;a809da5b94a3a34f;402d5ad5cd267124;4d92527706d5b89d;1ef59e8c6c4c60ed;9746bb425c9707a8;f06263548e47118a;3788d34ac2fa7dcb;8a081ff9ec396bf6;c45a4afb51e7c854;3d358c77a3030f85;515b981413a62383;31b126520cfa3ee6;b73ae575eff33d3a;4c8ee3245527eea3;3c8405d279f118ef;666cbaf3a05893e4;f41ea08ca134d58d;f664f55e71b25251;3ca233b8ad965399
conservative_lag,decision,SocialGood:h3:f1:o469,469,1,0,32,32,,aa7cd64d68e0ff1b;bc4cdda39e863c77;2b0ffe599f284af7;2bf52dd1e3ffbb52;187c090572ea30bc;567f8d6567dbfded;8e4465e08d1f54a1;aeec90653c559c5e;af79e12d4aeb2414;bc6d64ee58946bf6;2ed0514d353ab962;35b0156becf094d0;9e47f257edcc5e0c;b47d2cad98670d6a;1d8ee250667968a5;5c4781c61d18382b;69b807ba61d6bcd3;c44f4526e3a7509d;031926880365419a;392dee08117d2835;8cab5340d678d918;a809da5b94a3a34f;402d5ad5cd267124;4d92527706d5b89d;1ef59e8c6c4c60ed;9746bb425c9707a8;f06263548e47118a;3788d34ac2fa7dcb;8a081ff9ec396bf6;c45a4afb51e7c854;3d358c77a3030f85;515b981413a62383
conservative_lag,decision,SocialGood:h3:f1:o470,470,1,0,32,32,,73b752c1352af86b;ad11a439326e2cca;6b884ee62c4bf7a7;70d3a5124b86fd37;91494dfd35254a17;a681733a2fd7083d;947215203e0bf16f;9ce9bf208e434ce1;aa7cd64d68e0ff1b;bc4cdda39e863c77;2b0ffe599f284af7;2bf52dd1e3ffbb52;187c090572ea30bc;567f8d6567dbfded;8e4465e08d1f54a1;aeec90653c559c5e;af79e12d4aeb2414;bc6d64ee58946bf6;2ed0514d353ab962;35b0156becf094d0;9e47f257edcc5e0c;b47d2cad98670d6a;1d8ee250667968a5;5c4781c61d18382b;69b807ba61d6bcd3;c44f4526e3a7509d;031926880365419a;392dee08117d2835;8cab5340d678d918;a809da5b94a3a34f;402d5ad5cd267124;4d92527706d5b89d
conservative_lag,decision,SocialGood:h3:f1:o471,471,1,0,32,32,,a832a290f7a370e0;52957b1e14045b1f;8d56319dbb6d20c5;b7b10eba6ea18499;303f546607ad86b0;db68faba4b484f39;73b752c1352af86b;ad11a439326e2cca;6b884ee62c4bf7a7;70d3a5124b86fd37;91494dfd35254a17;a681733a2fd7083d;947215203e0bf16f;9ce9bf208e434ce1;aa7cd64d68e0ff1b;bc4cdda39e863c77;2b0ffe599f284af7;2bf52dd1e3ffbb52;187c090572ea30bc;567f8d6567dbfded;8e4465e08d1f54a1;aeec90653c559c5e;af79e12d4aeb2414;bc6d64ee58946bf6;2ed0514d353ab962;35b0156becf094d0;9e47f257edcc5e0c;b47d2cad98670d6a;1d8ee250667968a5;5c4781c61d18382b;69b807ba61d6bcd3;c44f4526e3a7509d
conservative_lag,decision,SocialGood:h3:f1:o472,472,1,0,32,32,,15bb57efcd42e754;f1c790bff84aa7b7;1faf4eaf2849f4ab;c7814ad49ed446fb;30101a93370503c6;bc68ac445d31b785;17d48c021b3d8561;d0140b4ef95d34e0;bcc08aca42b9cf21;f250e6e29d8a91c1;a832a290f7a370e0;52957b1e14045b1f;8d56319dbb6d20c5;b7b10eba6ea18499;303f546607ad86b0;db68faba4b484f39;73b752c1352af86b;ad11a439326e2cca;6b884ee62c4bf7a7;70d3a5124b86fd37;91494dfd35254a17;a681733a2fd7083d;947215203e0bf16f;9ce9bf208e434ce1;aa7cd64d68e0ff1b;bc4cdda39e863c77;2b0ffe599f284af7;2bf52dd1e3ffbb52;187c090572ea30bc;567f8d6567dbfded;8e4465e08d1f54a1;aeec90653c559c5e
conservative_lag,decision,SocialGood:h3:f1:o473,473,1,0,32,32,,3652cd8163a56b07;519cef5ff8116135;32f20079d8cb5579;81fc856f69d313c1;881bde041a46f1ae;dfac5dfdc7bae515;38e6faa73f9b55c7;e214f48ea8d150ef;15bb57efcd42e754;f1c790bff84aa7b7;1faf4eaf2849f4ab;c7814ad49ed446fb;30101a93370503c6;bc68ac445d31b785;17d48c021b3d8561;d0140b4ef95d34e0;bcc08aca42b9cf21;f250e6e29d8a91c1;a832a290f7a370e0;52957b1e14045b1f;8d56319dbb6d20c5;b7b10eba6ea18499;303f546607ad86b0;db68faba4b484f39;73b752c1352af86b;ad11a439326e2cca;6b884ee62c4bf7a7;70d3a5124b86fd37;91494dfd35254a17;a681733a2fd7083d;947215203e0bf16f;9ce9bf208e434ce1
conservative_lag,decision,SocialGood:h3:f1:o474,474,1,0,32,32,,81967919a1695bcf;d3774a4f522ac764;f2da78c5b93a2fc2;61fcbc1510cfa300;c0a8310725b3c67f;10c3357e96212b3c;f0227890ba49ff01;3652cd8163a56b07;519cef5ff8116135;32f20079d8cb5579;81fc856f69d313c1;881bde041a46f1ae;dfac5dfdc7bae515;38e6faa73f9b55c7;e214f48ea8d150ef;15bb57efcd42e754;f1c790bff84aa7b7;1faf4eaf2849f4ab;c7814ad49ed446fb;30101a93370503c6;bc68ac445d31b785;17d48c021b3d8561;d0140b4ef95d34e0;bcc08aca42b9cf21;f250e6e29d8a91c1;a832a290f7a370e0;52957b1e14045b1f;8d56319dbb6d20c5;b7b10eba6ea18499;303f546607ad86b0;db68faba4b484f39;73b752c1352af86b
conservative_lag,decision,SocialGood:h3:f1:o475,475,1,0,32,32,,8b1f00833a7c217d;1093127f2e758322;7539fec2673b5ef0;477b4a8c320bf0ed;a6f6625655639488;020eba3fb2615802;c8947a0c84388323;04e6f7c6236035ee;dc005d273a85c1ba;81967919a1695bcf;d3774a4f522ac764;f2da78c5b93a2fc2;61fcbc1510cfa300;c0a8310725b3c67f;10c3357e96212b3c;f0227890ba49ff01;3652cd8163a56b07;519cef5ff8116135;32f20079d8cb5579;81fc856f69d313c1;881bde041a46f1ae;dfac5dfdc7bae515;38e6faa73f9b55c7;e214f48ea8d150ef;15bb57efcd42e754;f1c790bff84aa7b7;1faf4eaf2849f4ab;c7814ad49ed446fb;30101a93370503c6;bc68ac445d31b785;17d48c021b3d8561;d0140b4ef95d34e0
conservative_lag,decision,SocialGood:h3:f1:o476,476,1,0,32,32,,60c7e3aeeab8e6a7;a662bcccabc03209;002adfdd61303426;ec35190396f1b20c;101d1f76dc19956a;3bb06af750b647ec;207166ec0eaaf576;ffa5fcd7adef5195;8b1f00833a7c217d;1093127f2e758322;7539fec2673b5ef0;477b4a8c320bf0ed;a6f6625655639488;020eba3fb2615802;c8947a0c84388323;04e6f7c6236035ee;dc005d273a85c1ba;81967919a1695bcf;d3774a4f522ac764;f2da78c5b93a2fc2;61fcbc1510cfa300;c0a8310725b3c67f;10c3357e96212b3c;f0227890ba49ff01;3652cd8163a56b07;519cef5ff8116135;32f20079d8cb5579;81fc856f69d313c1;881bde041a46f1ae;dfac5dfdc7bae515;38e6faa73f9b55c7;e214f48ea8d150ef
conservative_lag,decision,SocialGood:h3:f1:o477,477,1,0,32,32,,4ac7953ad1e05416;500488014cad380e;d3546fb4c6142ac9;edd7ffb42c8ced73;97c000e22be35698;37862809ee3d0272;9f511d8b2ceab2f5;60c7e3aeeab8e6a7;a662bcccabc03209;002adfdd61303426;ec35190396f1b20c;101d1f76dc19956a;3bb06af750b647ec;207166ec0eaaf576;ffa5fcd7adef5195;8b1f00833a7c217d;1093127f2e758322;7539fec2673b5ef0;477b4a8c320bf0ed;a6f6625655639488;020eba3fb2615802;c8947a0c84388323;04e6f7c6236035ee;dc005d273a85c1ba;81967919a1695bcf;d3774a4f522ac764;f2da78c5b93a2fc2;61fcbc1510cfa300;c0a8310725b3c67f;10c3357e96212b3c;f0227890ba49ff01;3652cd8163a56b07
conservative_lag,decision,SocialGood:h3:f1:o478,478,1,0,32,32,,63ab10bca69f4c4d;93b7b71c7550754b;dd40767edf689c21;f2112de5ec2e2433;0593c7877f6c641a;6938e7d2e9db6cca;4f35d8b30f939682;c6fd7ba4c2623218;4ac7953ad1e05416;500488014cad380e;d3546fb4c6142ac9;edd7ffb42c8ced73;97c000e22be35698;37862809ee3d0272;9f511d8b2ceab2f5;60c7e3aeeab8e6a7;a662bcccabc03209;002adfdd61303426;ec35190396f1b20c;101d1f76dc19956a;3bb06af750b647ec;207166ec0eaaf576;ffa5fcd7adef5195;8b1f00833a7c217d;1093127f2e758322;7539fec2673b5ef0;477b4a8c320bf0ed;a6f6625655639488;020eba3fb2615802;c8947a0c84388323;04e6f7c6236035ee;dc005d273a85c1ba
conservative_lag,decision,SocialGood:h3:f1:o479,479,1,0,32,32,,07dcab0f4096b4bf;a3440be6543231a3;d7cfb39461907e64;49efdea9592087d6;d434c9e0d67f0b3a;b85cb1503e65c57b;c973b12f7e9d5841;63ab10bca69f4c4d;93b7b71c7550754b;dd40767edf689c21;f2112de5ec2e2433;0593c7877f6c641a;6938e7d2e9db6cca;4f35d8b30f939682;c6fd7ba4c2623218;4ac7953ad1e05416;500488014cad380e;d3546fb4c6142ac9;edd7ffb42c8ced73;97c000e22be35698;37862809ee3d0272;9f511d8b2ceab2f5;60c7e3aeeab8e6a7;a662bcccabc03209;002adfdd61303426;ec35190396f1b20c;101d1f76dc19956a;3bb06af750b647ec;207166ec0eaaf576;ffa5fcd7adef5195;8b1f00833a7c217d;1093127f2e758322
conservative_lag,decision,SocialGood:h3:f1:o480,480,1,0,32,32,,18a91b3cc6971edb;9aef15404e7a0217;af47699a808febfd;5ff6fdad9012c040;6d67efad1cfc3396;32fec5182d6c1b21;abe09424e4a44989;634d57f40461bd08;69e8b2e02fdba060;07dcab0f4096b4bf;a3440be6543231a3;d7cfb39461907e64;49efdea9592087d6;d434c9e0d67f0b3a;b85cb1503e65c57b;c973b12f7e9d5841;63ab10bca69f4c4d;93b7b71c7550754b;dd40767edf689c21;f2112de5ec2e2433;0593c7877f6c641a;6938e7d2e9db6cca;4f35d8b30f939682;c6fd7ba4c2623218;4ac7953ad1e05416;500488014cad380e;d3546fb4c6142ac9;edd7ffb42c8ced73;97c000e22be35698;37862809ee3d0272;9f511d8b2ceab2f5;60c7e3aeeab8e6a7
conservative_lag,decision,SocialGood:h3:f1:o481,481,1,0,32,32,,4f9454149d1fb56b;9523aa29e1700ed2;55a816df4b70c924;f9fba3b0682a1d92;54a5c96d620adf40;92035bd910b57d9c;2e9f390d5f103fe8;8de7d98f10caf43e;18a91b3cc6971edb;9aef15404e7a0217;af47699a808febfd;5ff6fdad9012c040;6d67efad1cfc3396;32fec5182d6c1b21;abe09424e4a44989;634d57f40461bd08;69e8b2e02fdba060;07dcab0f4096b4bf;a3440be6543231a3;d7cfb39461907e64;49efdea9592087d6;d434c9e0d67f0b3a;b85cb1503e65c57b;c973b12f7e9d5841;63ab10bca69f4c4d;93b7b71c7550754b;dd40767edf689c21;f2112de5ec2e2433;0593c7877f6c641a;6938e7d2e9db6cca;4f35d8b30f939682;c6fd7ba4c2623218
conservative_lag,decision,SocialGood:h3:f1:o482,482,1,0,32,32,,091fdd64386bf0a8;ac5a6d208c5e60a6;41bc0a1a81665be5;95d36779853409ec;ceb8f0ea17e981ec;7ec7b59d2ff22eb4;b248f4eaa0e35791;4f9454149d1fb56b;9523aa29e1700ed2;55a816df4b70c924;f9fba3b0682a1d92;54a5c96d620adf40;92035bd910b57d9c;2e9f390d5f103fe8;8de7d98f10caf43e;18a91b3cc6971edb;9aef15404e7a0217;af47699a808febfd;5ff6fdad9012c040;6d67efad1cfc3396;32fec5182d6c1b21;abe09424e4a44989;634d57f40461bd08;69e8b2e02fdba060;07dcab0f4096b4bf;a3440be6543231a3;d7cfb39461907e64;49efdea9592087d6;d434c9e0d67f0b3a;b85cb1503e65c57b;c973b12f7e9d5841;63ab10bca69f4c4d
conservative_lag,decision,SocialGood:h3:f1:o483,483,1,0,32,32,,007ac932d678ec2e;660c33d5ccb1844b;00d45642cf74b6a4;4afe4b7e0cfc6806;39ed014abda63ad0;e57fd85b78249d9b;231e9da8bc435d74;a030bebefd37840a;f078040aad8004ee;091fdd64386bf0a8;ac5a6d208c5e60a6;41bc0a1a81665be5;95d36779853409ec;ceb8f0ea17e981ec;7ec7b59d2ff22eb4;b248f4eaa0e35791;4f9454149d1fb56b;9523aa29e1700ed2;55a816df4b70c924;f9fba3b0682a1d92;54a5c96d620adf40;92035bd910b57d9c;2e9f390d5f103fe8;8de7d98f10caf43e;18a91b3cc6971edb;9aef15404e7a0217;af47699a808febfd;5ff6fdad9012c040;6d67efad1cfc3396;32fec5182d6c1b21;abe09424e4a44989;634d57f40461bd08
conservative_lag,decision,SocialGood:h3:f1:o484,484,1,0,32,32,,633ab6699720dcb7;b68fd0846bb2b6e2;3d80569f2fd3ab91;8e5867e576e74863;af5c3e7dee416d95;d6e406e05007f18b;007ac932d678ec2e;660c33d5ccb1844b;00d45642cf74b6a4;4afe4b7e0cfc6806;39ed014abda63ad0;e57fd85b78249d9b;231e9da8bc435d74;a030bebefd37840a;f078040aad8004ee;091fdd64386bf0a8;ac5a6d208c5e60a6;41bc0a1a81665be5;95d36779853409ec;ceb8f0ea17e981ec;7ec7b59d2ff22eb4;b248f4eaa0e35791;4f9454149d1fb56b;9523aa29e1700ed2;55a816df4b70c924;f9fba3b0682a1d92;54a5c96d620adf40;92035bd910b57d9c;2e9f390d5f103fe8;8de7d98f10caf43e;18a91b3cc6971edb;9aef15404e7a0217
conservative_lag,decision,SocialGood:h3:f1:o485,485,1,0,32,32,,c7190ce55777fe0b;53bf432872958e34;7661d781dcf23ced;0a26cc3f7239d2bc;512be08c98f8f8b8;0eda6bf201ce3f41;d94665f3514d6f51;633ab6699720dcb7;b68fd0846bb2b6e2;3d80569f2fd3ab91;8e5867e576e74863;af5c3e7dee416d95;d6e406e05007f18b;007ac932d678ec2e;660c33d5ccb1844b;00d45642cf74b6a4;4afe4b7e0cfc6806;39ed014abda63ad0;e57fd85b78249d9b;231e9da8bc435d74;a030bebefd37840a;f078040aad8004ee;091fdd64386bf0a8;ac5a6d208c5e60a6;41bc0a1a81665be5;95d36779853409ec;ceb8f0ea17e981ec;7ec7b59d2ff22eb4;b248f4eaa0e35791;4f9454149d1fb56b;9523aa29e1700ed2;55a816df4b70c924
conservative_lag,decision,SocialGood:h3:f1:o486,486,1,0,32,32,,2b376a5787033309;80b94cc837084f79;481ad4fdb5fd0b33;d738d53dc27e240b;247b75b738dd357e;6d0a85ee6442c83b;51c4338f7b453015;c9b7559e44103ff0;63501d37e9a9394b;c4483d53ccc6656e;c7190ce55777fe0b;53bf432872958e34;7661d781dcf23ced;0a26cc3f7239d2bc;512be08c98f8f8b8;0eda6bf201ce3f41;d94665f3514d6f51;633ab6699720dcb7;b68fd0846bb2b6e2;3d80569f2fd3ab91;8e5867e576e74863;af5c3e7dee416d95;d6e406e05007f18b;007ac932d678ec2e;660c33d5ccb1844b;00d45642cf74b6a4;4afe4b7e0cfc6806;39ed014abda63ad0;e57fd85b78249d9b;231e9da8bc435d74;a030bebefd37840a;f078040aad8004ee
conservative_lag,decision,SocialGood:h3:f1:o487,487,1,0,32,32,,bd1101359022b46c;155ac1e04aff35c0;27120be6b81bbba1;a0d16ccffc148d7d;e55001f75ea34edc;1855881d0a81138a;b96d7d60175a6004;2b376a5787033309;80b94cc837084f79;481ad4fdb5fd0b33;d738d53dc27e240b;247b75b738dd357e;6d0a85ee6442c83b;51c4338f7b453015;c9b7559e44103ff0;63501d37e9a9394b;c4483d53ccc6656e;c7190ce55777fe0b;53bf432872958e34;7661d781dcf23ced;0a26cc3f7239d2bc;512be08c98f8f8b8;0eda6bf201ce3f41;d94665f3514d6f51;633ab6699720dcb7;b68fd0846bb2b6e2;3d80569f2fd3ab91;8e5867e576e74863;af5c3e7dee416d95;d6e406e05007f18b;007ac932d678ec2e;660c33d5ccb1844b
conservative_lag,decision,SocialGood:h3:f1:o488,488,1,0,32,32,,2890fc388f0b380a;a0431956b5bbcddf;d53fe07f3ff86f4b;f4a69511a460062e;63f77fae9d7cdfd0;9cadb71003071160;ac32a73173984cf5;f11af701ebf595aa;4f8cbf72e033b671;7e58174783853d50;bd1101359022b46c;155ac1e04aff35c0;27120be6b81bbba1;a0d16ccffc148d7d;e55001f75ea34edc;1855881d0a81138a;b96d7d60175a6004;2b376a5787033309;80b94cc837084f79;481ad4fdb5fd0b33;d738d53dc27e240b;247b75b738dd357e;6d0a85ee6442c83b;51c4338f7b453015;c9b7559e44103ff0;63501d37e9a9394b;c4483d53ccc6656e;c7190ce55777fe0b;53bf432872958e34;7661d781dcf23ced;0a26cc3f7239d2bc;512be08c98f8f8b8
conservative_lag,decision,SocialGood:h3:f1:o489,489,1,0,32,32,,c6fb85f9842baeb5;f1144d20c8ff1bbf;a8f7cff06272758e;d9dba2f8c2727985;93ab7fa5dd63107b;82feb9113ee35440;a3726c852cf34517;2890fc388f0b380a;a0431956b5bbcddf;d53fe07f3ff86f4b;f4a69511a460062e;63f77fae9d7cdfd0;9cadb71003071160;ac32a73173984cf5;f11af701ebf595aa;4f8cbf72e033b671;7e58174783853d50;bd1101359022b46c;155ac1e04aff35c0;27120be6b81bbba1;a0d16ccffc148d7d;e55001f75ea34edc;1855881d0a81138a;b96d7d60175a6004;2b376a5787033309;80b94cc837084f79;481ad4fdb5fd0b33;d738d53dc27e240b;247b75b738dd357e;6d0a85ee6442c83b;51c4338f7b453015;c9b7559e44103ff0
conservative_lag,decision,SocialGood:h3:f1:o490,490,1,0,32,32,,0126e8bb4225b080;2d350c93737982ab;72529b0451f10c84;ad011e8643d49a34;0da73315b5764dcb;1011414d69efa105;ad256c2711e2feb3;c3a5979c2d9ae8f5;c6fb85f9842baeb5;f1144d20c8ff1bbf;a8f7cff06272758e;d9dba2f8c2727985;93ab7fa5dd63107b;82feb9113ee35440;a3726c852cf34517;2890fc388f0b380a;a0431956b5bbcddf;d53fe07f3ff86f4b;f4a69511a460062e;63f77fae9d7cdfd0;9cadb71003071160;ac32a73173984cf5;f11af701ebf595aa;4f8cbf72e033b671;7e58174783853d50;bd1101359022b46c;155ac1e04aff35c0;27120be6b81bbba1;a0d16ccffc148d7d;e55001f75ea34edc;1855881d0a81138a;b96d7d60175a6004
conservative_lag,decision,SocialGood:h3:f1:o491,491,1,0,32,32,,3b0ae911f933c63a;5ec1e37d6d81b42d;85b3e943b1920eb5;a3203ec4ca8dedce;5c2c6e5ed746e776;9bb293d2a62d4be3;97a1b85b09df9ae5;19777435a37712be;3ba7d42d8274b930;0126e8bb4225b080;2d350c93737982ab;72529b0451f10c84;ad011e8643d49a34;0da73315b5764dcb;1011414d69efa105;ad256c2711e2feb3;c3a5979c2d9ae8f5;c6fb85f9842baeb5;f1144d20c8ff1bbf;a8f7cff06272758e;d9dba2f8c2727985;93ab7fa5dd63107b;82feb9113ee35440;a3726c852cf34517;2890fc388f0b380a;a0431956b5bbcddf;d53fe07f3ff86f4b;f4a69511a460062e;63f77fae9d7cdfd0;9cadb71003071160;ac32a73173984cf5;f11af701ebf595aa
conservative_lag,decision,SocialGood:h3:f1:o492,492,1,0,32,32,,408c85a7c40d54e3;bf874f46f11f2ac9;a1b617844bd308d1;ee0df510f5249625;1bb5d596935473ac;47aff0798f65ade2;c34b50419d793fe4;dc062900da3de1ab;3b0ae911f933c63a;5ec1e37d6d81b42d;85b3e943b1920eb5;a3203ec4ca8dedce;5c2c6e5ed746e776;9bb293d2a62d4be3;97a1b85b09df9ae5;19777435a37712be;3ba7d42d8274b930;0126e8bb4225b080;2d350c93737982ab;72529b0451f10c84;ad011e8643d49a34;0da73315b5764dcb;1011414d69efa105;ad256c2711e2feb3;c3a5979c2d9ae8f5;c6fb85f9842baeb5;f1144d20c8ff1bbf;a8f7cff06272758e;d9dba2f8c2727985;93ab7fa5dd63107b;82feb9113ee35440;a3726c852cf34517
conservative_lag,decision,SocialGood:h3:f1:o493,493,1,0,32,32,,8603a48c39a57ef6;a384d543cf6f6701;30e32ee192e94536;61a4617cafc365fb;f9d3afe1fc482182;362db749083c7e6d;8ddfcbaf346ede64;408c85a7c40d54e3;bf874f46f11f2ac9;a1b617844bd308d1;ee0df510f5249625;1bb5d596935473ac;47aff0798f65ade2;c34b50419d793fe4;dc062900da3de1ab;3b0ae911f933c63a;5ec1e37d6d81b42d;85b3e943b1920eb5;a3203ec4ca8dedce;5c2c6e5ed746e776;9bb293d2a62d4be3;97a1b85b09df9ae5;19777435a37712be;3ba7d42d8274b930;0126e8bb4225b080;2d350c93737982ab;72529b0451f10c84;ad011e8643d49a34;0da73315b5764dcb;1011414d69efa105;ad256c2711e2feb3;c3a5979c2d9ae8f5
conservative_lag,decision,SocialGood:h3:f1:o494,494,1,0,32,32,,994221545a63fe52;c1711f848cb47013;e326419b0abb0777;1b471887c71504db;3daa421cb2e7f2d5;5ea19d82f533c73a;8603a48c39a57ef6;a384d543cf6f6701;30e32ee192e94536;61a4617cafc365fb;f9d3afe1fc482182;362db749083c7e6d;8ddfcbaf346ede64;408c85a7c40d54e3;bf874f46f11f2ac9;a1b617844bd308d1;ee0df510f5249625;1bb5d596935473ac;47aff0798f65ade2;c34b50419d793fe4;dc062900da3de1ab;3b0ae911f933c63a;5ec1e37d6d81b42d;85b3e943b1920eb5;a3203ec4ca8dedce;5c2c6e5ed746e776;9bb293d2a62d4be3;97a1b85b09df9ae5;19777435a37712be;3ba7d42d8274b930;0126e8bb4225b080;2d350c93737982ab
conservative_lag,decision,SocialGood:h3:f1:o495,495,1,0,32,32,,9fd49d8915c374dd;694da9247d76d32f;95f8985702b10358;1740b041f9bbf24f;7258a56d3bbaeb46;c710a34c1ca670aa;b57c89dceda5094b;994221545a63fe52;c1711f848cb47013;e326419b0abb0777;1b471887c71504db;3daa421cb2e7f2d5;5ea19d82f533c73a;8603a48c39a57ef6;a384d543cf6f6701;30e32ee192e94536;61a4617cafc365fb;f9d3afe1fc482182;362db749083c7e6d;8ddfcbaf346ede64;408c85a7c40d54e3;bf874f46f11f2ac9;a1b617844bd308d1;ee0df510f5249625;1bb5d596935473ac;47aff0798f65ade2;c34b50419d793fe4;dc062900da3de1ab;3b0ae911f933c63a;5ec1e37d6d81b42d;85b3e943b1920eb5;a3203ec4ca8dedce
conservative_lag,decision,SocialGood:h3:f1:o496,496,1,0,32,32,,0ca1630c9f32ff53;85583835f449cd9a;8c6fc6256c5e7938;e89e1372305ad862;1a81f0f969aa5a4c;eaa8091a06807dc6;9fd49d8915c374dd;694da9247d76d32f;95f8985702b10358;1740b041f9bbf24f;7258a56d3bbaeb46;c710a34c1ca670aa;b57c89dceda5094b;994221545a63fe52;c1711f848cb47013;e326419b0abb0777;1b471887c71504db;3daa421cb2e7f2d5;5ea19d82f533c73a;8603a48c39a57ef6;a384d543cf6f6701;30e32ee192e94536;61a4617cafc365fb;f9d3afe1fc482182;362db749083c7e6d;8ddfcbaf346ede64;408c85a7c40d54e3;bf874f46f11f2ac9;a1b617844bd308d1;ee0df510f5249625;1bb5d596935473ac;47aff0798f65ade2
conservative_lag,decision,SocialGood:h3:f1:o497,497,1,0,32,32,,f49a47f9f4e01343;9b06677ff7f60d0f;b4741ced4e6f6ada;f45a0442c51385a3;73fd69cdc4829b45;d18d9c8905e660e3;0ca1630c9f32ff53;85583835f449cd9a;8c6fc6256c5e7938;e89e1372305ad862;1a81f0f969aa5a4c;eaa8091a06807dc6;9fd49d8915c374dd;694da9247d76d32f;95f8985702b10358;1740b041f9bbf24f;7258a56d3bbaeb46;c710a34c1ca670aa;b57c89dceda5094b;994221545a63fe52;c1711f848cb47013;e326419b0abb0777;1b471887c71504db;3daa421cb2e7f2d5;5ea19d82f533c73a;8603a48c39a57ef6;a384d543cf6f6701;30e32ee192e94536;61a4617cafc365fb;f9d3afe1fc482182;362db749083c7e6d;8ddfcbaf346ede64
conservative_lag,decision,SocialGood:h3:f1:o498,498,1,0,32,32,,7fdea7c924ca1ff8;9370e071869660f2;712c04e952bbca07;9b6b0f528b749352;d347a428d53804fd;f9a4060fa8cd343b;0e13e170063f8060;4da7b82f5dc822cf;f49a47f9f4e01343;9b06677ff7f60d0f;b4741ced4e6f6ada;f45a0442c51385a3;73fd69cdc4829b45;d18d9c8905e660e3;0ca1630c9f32ff53;85583835f449cd9a;8c6fc6256c5e7938;e89e1372305ad862;1a81f0f969aa5a4c;eaa8091a06807dc6;9fd49d8915c374dd;694da9247d76d32f;95f8985702b10358;1740b041f9bbf24f;7258a56d3bbaeb46;c710a34c1ca670aa;b57c89dceda5094b;994221545a63fe52;c1711f848cb47013;e326419b0abb0777;1b471887c71504db;3daa421cb2e7f2d5
conservative_lag,decision,SocialGood:h3:f1:o499,499,1,0,32,32,,e3e2a6f8bf312db1;226b0ea51f91d766;893bf080c23670c6;a604f0eb9e9d7a69;e9a4e8f73e88c1de;aaf74db1baeebd6f;b7fc45510690b8d4;7fdea7c924ca1ff8;9370e071869660f2;712c04e952bbca07;9b6b0f528b749352;d347a428d53804fd;f9a4060fa8cd343b;0e13e170063f8060;4da7b82f5dc822cf;f49a47f9f4e01343;9b06677ff7f60d0f;b4741ced4e6f6ada;f45a0442c51385a3;73fd69cdc4829b45;d18d9c8905e660e3;0ca1630c9f32ff53;85583835f449cd9a;8c6fc6256c5e7938;e89e1372305ad862;1a81f0f969aa5a4c;eaa8091a06807dc6;9fd49d8915c374dd;694da9247d76d32f;95f8985702b10358;1740b041f9bbf24f;7258a56d3bbaeb46
conservative_lag,decision,SocialGood:h3:f1:o500,500,1,0,32,32,,3e832330916c8097;7e8e0c018e6268e2;658c8a69b106e111;bcc7f7611434ffaa;1528be86f24b1131;e4233bafcfa945c5;6aa3732e3b6682d5;860bd110b90556d9;e3e2a6f8bf312db1;226b0ea51f91d766;893bf080c23670c6;a604f0eb9e9d7a69;e9a4e8f73e88c1de;aaf74db1baeebd6f;b7fc45510690b8d4;7fdea7c924ca1ff8;9370e071869660f2;712c04e952bbca07;9b6b0f528b749352;d347a428d53804fd;f9a4060fa8cd343b;0e13e170063f8060;4da7b82f5dc822cf;f49a47f9f4e01343;9b06677ff7f60d0f;b4741ced4e6f6ada;f45a0442c51385a3;73fd69cdc4829b45;d18d9c8905e660e3;0ca1630c9f32ff53;85583835f449cd9a;8c6fc6256c5e7938
conservative_lag,decision,SocialGood:h3:f1:o501,501,1,0,32,32,,647e000981cfbb6b;570715cd4e3a1641;adf072c265129d35;0becc70c16a90b9b;f71db09a713e5086;d4d1a13f9da56301;fa7f025869c2cf4c;3e832330916c8097;7e8e0c018e6268e2;658c8a69b106e111;bcc7f7611434ffaa;1528be86f24b1131;e4233bafcfa945c5;6aa3732e3b6682d5;860bd110b90556d9;e3e2a6f8bf312db1;226b0ea51f91d766;893bf080c23670c6;a604f0eb9e9d7a69;e9a4e8f73e88c1de;aaf74db1baeebd6f;b7fc45510690b8d4;7fdea7c924ca1ff8;9370e071869660f2;712c04e952bbca07;9b6b0f528b749352;d347a428d53804fd;f9a4060fa8cd343b;0e13e170063f8060;4da7b82f5dc822cf;f49a47f9f4e01343;9b06677ff7f60d0f
conservative_lag,decision,SocialGood:h3:f1:o502,502,1,0,32,32,,9cc5228a551d1e0e;c1ad14a03b30361d;f2208149c31de780;3e01eaa046e214ef;64e1921cd58ad06c;fd156e79b8e00e9e;647e000981cfbb6b;570715cd4e3a1641;adf072c265129d35;0becc70c16a90b9b;f71db09a713e5086;d4d1a13f9da56301;fa7f025869c2cf4c;3e832330916c8097;7e8e0c018e6268e2;658c8a69b106e111;bcc7f7611434ffaa;1528be86f24b1131;e4233bafcfa945c5;6aa3732e3b6682d5;860bd110b90556d9;e3e2a6f8bf312db1;226b0ea51f91d766;893bf080c23670c6;a604f0eb9e9d7a69;e9a4e8f73e88c1de;aaf74db1baeebd6f;b7fc45510690b8d4;7fdea7c924ca1ff8;9370e071869660f2;712c04e952bbca07;9b6b0f528b749352
conservative_lag,decision,SocialGood:h3:f1:o503,503,1,0,32,32,,0bb208c5072cae0c;5ef1a867d8beaf68;80fd695c5d73fda8;35a3f6fc7f81279b;693ef4de28925a9f;280b1bb6f558b13f;e875dc1adab0c395;4fc04c3c7ad0d0ab;d27f45174bdd573e;9cc5228a551d1e0e;c1ad14a03b30361d;f2208149c31de780;3e01eaa046e214ef;64e1921cd58ad06c;fd156e79b8e00e9e;647e000981cfbb6b;570715cd4e3a1641;adf072c265129d35;0becc70c16a90b9b;f71db09a713e5086;d4d1a13f9da56301;fa7f025869c2cf4c;3e832330916c8097;7e8e0c018e6268e2;658c8a69b106e111;bcc7f7611434ffaa;1528be86f24b1131;e4233bafcfa945c5;6aa3732e3b6682d5;860bd110b90556d9;e3e2a6f8bf312db1;226b0ea51f91d766
conservative_lag,decision,SocialGood:h3:f1:o504,504,1,0,32,32,,48e677aa8ff74968;d373580edec1a667;7a3f185b4e3f5646;d8e39c844e76b15a;1fc97ca428dc8be5;d0638e4b99e39532;512f22d85cb3c566;def040fed9c67757;0bb208c5072cae0c;5ef1a867d8beaf68;80fd695c5d73fda8;35a3f6fc7f81279b;693ef4de28925a9f;280b1bb6f558b13f;e875dc1adab0c395;4fc04c3c7ad0d0ab;d27f45174bdd573e;9cc5228a551d1e0e;c1ad14a03b30361d;f2208149c31de780;3e01eaa046e214ef;64e1921cd58ad06c;fd156e79b8e00e9e;647e000981cfbb6b;570715cd4e3a1641;adf072c265129d35;0becc70c16a90b9b;f71db09a713e5086;d4d1a13f9da56301;fa7f025869c2cf4c;3e832330916c8097;7e8e0c018e6268e2
conservative_lag,decision,SocialGood:h3:f1:o505,505,1,0,32,32,,d4b6468b05da6097;7ce6854d5386a1c4;76d9119d63f20028;9140af5c3d538a49;7ab6b7793102b1bc;b44c40a4a55aed8b;a53f4093d2529d1e;48e677aa8ff74968;d373580edec1a667;7a3f185b4e3f5646;d8e39c844e76b15a;1fc97ca428dc8be5;d0638e4b99e39532;512f22d85cb3c566;def040fed9c67757;0bb208c5072cae0c;5ef1a867d8beaf68;80fd695c5d73fda8;35a3f6fc7f81279b;693ef4de28925a9f;280b1bb6f558b13f;e875dc1adab0c395;4fc04c3c7ad0d0ab;d27f45174bdd573e;9cc5228a551d1e0e;c1ad14a03b30361d;f2208149c31de780;3e01eaa046e214ef;64e1921cd58ad06c;fd156e79b8e00e9e;647e000981cfbb6b;570715cd4e3a1641
conservative_lag,decision,SocialGood:h3:f1:o506,506,1,0,32,32,,7002365fea092e25;9ac4e0b8eff72818;d66a8360723ff474;b6e58e0e3f52f180;2d32bbe25a96f4cf;e35362fb5766416d;d4b6468b05da6097;7ce6854d5386a1c4;76d9119d63f20028;9140af5c3d538a49;7ab6b7793102b1bc;b44c40a4a55aed8b;a53f4093d2529d1e;48e677aa8ff74968;d373580edec1a667;7a3f185b4e3f5646;d8e39c844e76b15a;1fc97ca428dc8be5;d0638e4b99e39532;512f22d85cb3c566;def040fed9c67757;0bb208c5072cae0c;5ef1a867d8beaf68;80fd695c5d73fda8;35a3f6fc7f81279b;693ef4de28925a9f;280b1bb6f558b13f;e875dc1adab0c395;4fc04c3c7ad0d0ab;d27f45174bdd573e;9cc5228a551d1e0e;c1ad14a03b30361d
conservative_lag,decision,SocialGood:h3:f1:o507,507,1,0,32,32,,2992c0fdf68757f1;4961f6d2835d34bc;24d43c3b338350d6;900ee54ee9d97dd1;21f2886295340990;b3739c81c0a11d3d;0bec08ea9e1bef6a;e504d9e500a9edaf;7002365fea092e25;9ac4e0b8eff72818;d66a8360723ff474;b6e58e0e3f52f180;2d32bbe25a96f4cf;e35362fb5766416d;d4b6468b05da6097;7ce6854d5386a1c4;76d9119d63f20028;9140af5c3d538a49;7ab6b7793102b1bc;b44c40a4a55aed8b;a53f4093d2529d1e;48e677aa8ff74968;d373580edec1a667;7a3f185b4e3f5646;d8e39c844e76b15a;1fc97ca428dc8be5;d0638e4b99e39532;512f22d85cb3c566;def040fed9c67757;0bb208c5072cae0c;5ef1a867d8beaf68;80fd695c5d73fda8
conservative_lag,decision,SocialGood:h3:f1:o508,508,1,0,32,32,,05e370c2698d1543;499b5419e392145c;1cd7b23f6fa070c6;462c0de30812e317;01d610c8f19d5dc4;3678cff35f36ec36;4ba888610e3ced9c;bc813370a7f1abb1;2992c0fdf68757f1;4961f6d2835d34bc;24d43c3b338350d6;900ee54ee9d97dd1;21f2886295340990;b3739c81c0a11d3d;0bec08ea9e1bef6a;e504d9e500a9edaf;7002365fea092e25;9ac4e0b8eff72818;d66a8360723ff474;b6e58e0e3f52f180;2d32bbe25a96f4cf;e35362fb5766416d;d4b6468b05da6097;7ce6854d5386a1c4;76d9119d63f20028;9140af5c3d538a49;7ab6b7793102b1bc;b44c40a4a55aed8b;a53f4093d2529d1e;48e677aa8ff74968;d373580edec1a667;7a3f185b4e3f5646
conservative_lag,decision,SocialGood:h3:f1:o509,509,1,0,32,32,,b4c42ba81fc707b1;f5cb05414dc6aa74;7ee730a4143c0fe2;9647456a0b63dab4;86dd070c595b8a88;d0078f98030c2136;214f8bdd7c07a4fc;472052b22211b78f;2de70f0412501726;30cb65bbb2105387;05e370c2698d1543;499b5419e392145c;1cd7b23f6fa070c6;462c0de30812e317;01d610c8f19d5dc4;3678cff35f36ec36;4ba888610e3ced9c;bc813370a7f1abb1;2992c0fdf68757f1;4961f6d2835d34bc;24d43c3b338350d6;900ee54ee9d97dd1;21f2886295340990;b3739c81c0a11d3d;0bec08ea9e1bef6a;e504d9e500a9edaf;7002365fea092e25;9ac4e0b8eff72818;d66a8360723ff474;b6e58e0e3f52f180;2d32bbe25a96f4cf;e35362fb5766416d
conservative_lag,decision,SocialGood:h3:f1:o510,510,1,0,32,32,,79e787c01b47ece5;efcd4826cc60805c;0370d0498fe0457a;8d41a3e67c97fb55;4c29d6e028dc4985;fa67d91cf93a9f90;8c6f5924fc398292;c9a99ddc47cc7d3e;b4c42ba81fc707b1;f5cb05414dc6aa74;7ee730a4143c0fe2;9647456a0b63dab4;86dd070c595b8a88;d0078f98030c2136;214f8bdd7c07a4fc;472052b22211b78f;2de70f0412501726;30cb65bbb2105387;05e370c2698d1543;499b5419e392145c;1cd7b23f6fa070c6;462c0de30812e317;01d610c8f19d5dc4;3678cff35f36ec36;4ba888610e3ced9c;bc813370a7f1abb1;2992c0fdf68757f1;4961f6d2835d34bc;24d43c3b338350d6;900ee54ee9d97dd1;21f2886295340990;b3739c81c0a11d3d
conservative_lag,decision,SocialGood:h3:f1:o511,511,1,0,32,32,,e4eaa61e909c99fd;222cf550004abff9;aa9cea599c851980;8cf274cc614d24a8;cbd28867abb0c2fa;f30c767f36b2a8fb;79e787c01b47ece5;efcd4826cc60805c;0370d0498fe0457a;8d41a3e67c97fb55;4c29d6e028dc4985;fa67d91cf93a9f90;8c6f5924fc398292;c9a99ddc47cc7d3e;b4c42ba81fc707b1;f5cb05414dc6aa74;7ee730a4143c0fe2;9647456a0b63dab4;86dd070c595b8a88;d0078f98030c2136;214f8bdd7c07a4fc;472052b22211b78f;2de70f0412501726;30cb65bbb2105387;05e370c2698d1543;499b5419e392145c;1cd7b23f6fa070c6;462c0de30812e317;01d610c8f19d5dc4;3678cff35f36ec36;4ba888610e3ced9c;bc813370a7f1abb1
conservative_lag,decision,SocialGood:h3:f1:o512,512,1,0,32,32,,45330367fe4a7968;da36687bce34e7cf;3c4d89f11abea0f3;a2c728c5a160b01d;5b1bb7ba27cb3cdf;73e86ad788b7e64a;110e5409bd6800e1;4d4f9af261c1b770;c3e1c686513905ac;dd54165067fe8ab2;e4eaa61e909c99fd;222cf550004abff9;aa9cea599c851980;8cf274cc614d24a8;cbd28867abb0c2fa;f30c767f36b2a8fb;79e787c01b47ece5;efcd4826cc60805c;0370d0498fe0457a;8d41a3e67c97fb55;4c29d6e028dc4985;fa67d91cf93a9f90;8c6f5924fc398292;c9a99ddc47cc7d3e;b4c42ba81fc707b1;f5cb05414dc6aa74;7ee730a4143c0fe2;9647456a0b63dab4;86dd070c595b8a88;d0078f98030c2136;214f8bdd7c07a4fc;472052b22211b78f
conservative_lag,decision,SocialGood:h3:f1:o513,513,1,0,32,32,,0b79813495d41905;d105020335359144;0ca6ce5067a02229;888d950fb4053546;839071f3d5f4bd7b;455a32ccf216d625;bf4a4b6bceb6039b;45330367fe4a7968;da36687bce34e7cf;3c4d89f11abea0f3;a2c728c5a160b01d;5b1bb7ba27cb3cdf;73e86ad788b7e64a;110e5409bd6800e1;4d4f9af261c1b770;c3e1c686513905ac;dd54165067fe8ab2;e4eaa61e909c99fd;222cf550004abff9;aa9cea599c851980;8cf274cc614d24a8;cbd28867abb0c2fa;f30c767f36b2a8fb;79e787c01b47ece5;efcd4826cc60805c;0370d0498fe0457a;8d41a3e67c97fb55;4c29d6e028dc4985;fa67d91cf93a9f90;8c6f5924fc398292;c9a99ddc47cc7d3e;b4c42ba81fc707b1
conservative_lag,decision,SocialGood:h3:f1:o514,514,1,0,32,32,,aa01926c37c950f6;c99b241fdf7e7cd0;edb37cf43d0a9f3f;9e81873ccd96cb78;b99ed3f0967cba50;814e986516781714;e3134d11419b7298;1e22163942f58c80;ecd3d59804aaf13a;0b79813495d41905;d105020335359144;0ca6ce5067a02229;888d950fb4053546;839071f3d5f4bd7b;455a32ccf216d625;bf4a4b6bceb6039b;45330367fe4a7968;da36687bce34e7cf;3c4d89f11abea0f3;a2c728c5a160b01d;5b1bb7ba27cb3cdf;73e86ad788b7e64a;110e5409bd6800e1;4d4f9af261c1b770;c3e1c686513905ac;dd54165067fe8ab2;e4eaa61e909c99fd;222cf550004abff9;aa9cea599c851980;8cf274cc614d24a8;cbd28867abb0c2fa;f30c767f36b2a8fb
conservative_lag,decision,SocialGood:h3:f1:o515,515,1,0,32,32,,075c8a1907eca89f;f2ad73c842f6bc5e;4c7a708da1b1326a;7f91e3b11bafda42;0aeef7ce09728d58;65c667f94413b4cb;c2cba6afd9b4231b;aa01926c37c950f6;c99b241fdf7e7cd0;edb37cf43d0a9f3f;9e81873ccd96cb78;b99ed3f0967cba50;814e986516781714;e3134d11419b7298;1e22163942f58c80;ecd3d59804aaf13a;0b79813495d41905;d105020335359144;0ca6ce5067a02229;888d950fb4053546;839071f3d5f4bd7b;455a32ccf216d625;bf4a4b6bceb6039b;45330367fe4a7968;da36687bce34e7cf;3c4d89f11abea0f3;a2c728c5a160b01d;5b1bb7ba27cb3cdf;73e86ad788b7e64a;110e5409bd6800e1;4d4f9af261c1b770;c3e1c686513905ac
conservative_lag,decision,SocialGood:h3:f1:o516,516,1,0,32,32,,5befc267511162ca;cde2a2cfd0c8d91b;73301779be9e9b0e;fd6155e29405d450;1f9841b9afc16a26;cd89c3a1ced35e02;e91893ff711127e5;edfa3f94874842f3;075c8a1907eca89f;f2ad73c842f6bc5e;4c7a708da1b1326a;7f91e3b11bafda42;0aeef7ce09728d58;65c667f94413b4cb;c2cba6afd9b4231b;aa01926c37c950f6;c99b241fdf7e7cd0;edb37cf43d0a9f3f;9e81873ccd96cb78;b99ed3f0967cba50;814e986516781714;e3134d11419b7298;1e22163942f58c80;ecd3d59804aaf13a;0b79813495d41905;d105020335359144;0ca6ce5067a02229;888d950fb4053546;839071f3d5f4bd7b;455a32ccf216d625;bf4a4b6bceb6039b;45330367fe4a7968
conservative_lag,decision,SocialGood:h3:f1:o517,517,1,0,32,32,,2f3123ab6f09d741;5e44c94b914a8965;b43179d8d98d3827;a39f842076b27277;c6773660c45f4b1e;6730f2bf604f8284;9866ba7de53493f8;5cc1601dbdd78097;6d84a48ff3d3dd2a;5befc267511162ca;cde2a2cfd0c8d91b;73301779be9e9b0e;fd6155e29405d450;1f9841b9afc16a26;cd89c3a1ced35e02;e91893ff711127e5;edfa3f94874842f3;075c8a1907eca89f;f2ad73c842f6bc5e;4c7a708da1b1326a;7f91e3b11bafda42;0aeef7ce09728d58;65c667f94413b4cb;c2cba6afd9b4231b;aa01926c37c950f6;c99b241fdf7e7cd0;edb37cf43d0a9f3f;9e81873ccd96cb78;b99ed3f0967cba50;814e986516781714;e3134d11419b7298;1e22163942f58c80
conservative_lag,decision,SocialGood:h3:f1:o518,518,1,0,32,32,,926d9f9262edcc14;8786752179823358;f37d8798baa3d092;5e1d7f597c7e75f7;584a32126c9ef671;e15439a624cfc490;2f3123ab6f09d741;5e44c94b914a8965;b43179d8d98d3827;a39f842076b27277;c6773660c45f4b1e;6730f2bf604f8284;9866ba7de53493f8;5cc1601dbdd78097;6d84a48ff3d3dd2a;5befc267511162ca;cde2a2cfd0c8d91b;73301779be9e9b0e;fd6155e29405d450;1f9841b9afc16a26;cd89c3a1ced35e02;e91893ff711127e5;edfa3f94874842f3;075c8a1907eca89f;f2ad73c842f6bc5e;4c7a708da1b1326a;7f91e3b11bafda42;0aeef7ce09728d58;65c667f94413b4cb;c2cba6afd9b4231b;aa01926c37c950f6;c99b241fdf7e7cd0
conservative_lag,decision,SocialGood:h3:f1:o519,519,1,0,32,32,,6cfd39e746af9417;fbfb34fd98cc4de6;4028ea85f7edc31f;4d0a6fb02f2d11db;2d8739938b84471d;b75f5090ca96e25f;233a1898e63d65f6;683bd0f8656efed5;926d9f9262edcc14;8786752179823358;f37d8798baa3d092;5e1d7f597c7e75f7;584a32126c9ef671;e15439a624cfc490;2f3123ab6f09d741;5e44c94b914a8965;b43179d8d98d3827;a39f842076b27277;c6773660c45f4b1e;6730f2bf604f8284;9866ba7de53493f8;5cc1601dbdd78097;6d84a48ff3d3dd2a;5befc267511162ca;cde2a2cfd0c8d91b;73301779be9e9b0e;fd6155e29405d450;1f9841b9afc16a26;cd89c3a1ced35e02;e91893ff711127e5;edfa3f94874842f3;075c8a1907eca89f
conservative_lag,decision,SocialGood:h3:f1:o520,520,1,0,32,32,,4aa0f6fe9216d754;4e1320ef4598681f;fdd59dabaeb74e49;13018406b7e41c46;529d88500e2d578e;01a57aa6c4634b0d;7bc3a5036aa0c5fc;6cfd39e746af9417;fbfb34fd98cc4de6;4028ea85f7edc31f;4d0a6fb02f2d11db;2d8739938b84471d;b75f5090ca96e25f;233a1898e63d65f6;683bd0f8656efed5;926d9f9262edcc14;8786752179823358;f37d8798baa3d092;5e1d7f597c7e75f7;584a32126c9ef671;e15439a624cfc490;2f3123ab6f09d741;5e44c94b914a8965;b43179d8d98d3827;a39f842076b27277;c6773660c45f4b1e;6730f2bf604f8284;9866ba7de53493f8;5cc1601dbdd78097;6d84a48ff3d3dd2a;5befc267511162ca;cde2a2cfd0c8d91b
conservative_lag,decision,SocialGood:h3:f1:o521,521,1,0,32,32,,f7b10173d2f15d43;131e0ec091c1e7c4;533ab8df50b82b76;2c17eaf5a191e665;ace38633e499e626;ea2aa8b47a2b32f1;3be9c9fe27accc60;8e1dbb116012256f;4aa0f6fe9216d754;4e1320ef4598681f;fdd59dabaeb74e49;13018406b7e41c46;529d88500e2d578e;01a57aa6c4634b0d;7bc3a5036aa0c5fc;6cfd39e746af9417;fbfb34fd98cc4de6;4028ea85f7edc31f;4d0a6fb02f2d11db;2d8739938b84471d;b75f5090ca96e25f;233a1898e63d65f6;683bd0f8656efed5;926d9f9262edcc14;8786752179823358;f37d8798baa3d092;5e1d7f597c7e75f7;584a32126c9ef671;e15439a624cfc490;2f3123ab6f09d741;5e44c94b914a8965;b43179d8d98d3827
conservative_lag,decision,SocialGood:h3:f1:o522,522,1,0,32,32,,558bcd7adb89e1c7;8a79eecb90720d98;0dfa4d43ddbbc280;d0bfe6ccceb80e31;83982e69a7e79798;b022d84c3b61ba80;2de76dfa0905ed73;8e11bdf9aed644f2;f7b10173d2f15d43;131e0ec091c1e7c4;533ab8df50b82b76;2c17eaf5a191e665;ace38633e499e626;ea2aa8b47a2b32f1;3be9c9fe27accc60;8e1dbb116012256f;4aa0f6fe9216d754;4e1320ef4598681f;fdd59dabaeb74e49;13018406b7e41c46;529d88500e2d578e;01a57aa6c4634b0d;7bc3a5036aa0c5fc;6cfd39e746af9417;fbfb34fd98cc4de6;4028ea85f7edc31f;4d0a6fb02f2d11db;2d8739938b84471d;b75f5090ca96e25f;233a1898e63d65f6;683bd0f8656efed5;926d9f9262edcc14
conservative_lag,decision,SocialGood:h3:f1:o523,523,1,0,32,32,,df6fb13e03448aca;dbabd2f68a161cad;867afcb4de4d3a24;e7edccb24f880db3;1e9e708af7cfc88d;a506c6b294760b6b;558bcd7adb89e1c7;8a79eecb90720d98;0dfa4d43ddbbc280;d0bfe6ccceb80e31;83982e69a7e79798;b022d84c3b61ba80;2de76dfa0905ed73;8e11bdf9aed644f2;f7b10173d2f15d43;131e0ec091c1e7c4;533ab8df50b82b76;2c17eaf5a191e665;ace38633e499e626;ea2aa8b47a2b32f1;3be9c9fe27accc60;8e1dbb116012256f;4aa0f6fe9216d754;4e1320ef4598681f;fdd59dabaeb74e49;13018406b7e41c46;529d88500e2d578e;01a57aa6c4634b0d;7bc3a5036aa0c5fc;6cfd39e746af9417;fbfb34fd98cc4de6;4028ea85f7edc31f
conservative_lag,decision,SocialGood:h3:f1:o524,524,1,0,32,32,,83c992293e654b0d;d928ca4fd43f1fce;6cec38badd5e9814;7b91f7d37b32a88a;3cf09db7f5ccc4f7;bdafa5af48aea8a1;12e4a3674a3998c0;a05c5255f8a75ef9;df6fb13e03448aca;dbabd2f68a161cad;867afcb4de4d3a24;e7edccb24f880db3;1e9e708af7cfc88d;a506c6b294760b6b;558bcd7adb89e1c7;8a79eecb90720d98;0dfa4d43ddbbc280;d0bfe6ccceb80e31;83982e69a7e79798;b022d84c3b61ba80;2de76dfa0905ed73;8e11bdf9aed644f2;f7b10173d2f15d43;131e0ec091c1e7c4;533ab8df50b82b76;2c17eaf5a191e665;ace38633e499e626;ea2aa8b47a2b32f1;3be9c9fe27accc60;8e1dbb116012256f;4aa0f6fe9216d754;4e1320ef4598681f
conservative_lag,decision,SocialGood:h3:f1:o525,525,1,0,32,32,,2218167e6621a2f4;59a7ebd101f12e04;076675c396d81113;26a8951bc2f2de57;98db983f04c9eb77;b7c6bce0070ae6fa;5c65860791837857;648fb7471807d72e;83c992293e654b0d;d928ca4fd43f1fce;6cec38badd5e9814;7b91f7d37b32a88a;3cf09db7f5ccc4f7;bdafa5af48aea8a1;12e4a3674a3998c0;a05c5255f8a75ef9;df6fb13e03448aca;dbabd2f68a161cad;867afcb4de4d3a24;e7edccb24f880db3;1e9e708af7cfc88d;a506c6b294760b6b;558bcd7adb89e1c7;8a79eecb90720d98;0dfa4d43ddbbc280;d0bfe6ccceb80e31;83982e69a7e79798;b022d84c3b61ba80;2de76dfa0905ed73;8e11bdf9aed644f2;f7b10173d2f15d43;131e0ec091c1e7c4
conservative_lag,decision,SocialGood:h3:f1:o526,526,1,0,32,32,,8386dc3db5f5d421;d63887d37c76765c;94d470db7e3f29f1;f610749d74906a97;2e2609667c3d9bb9;669ed6396c152b4a;a88aeea75f7f434a;adbfb53e945cf5ae;0fd9c52155231e37;a1c664114dd90a28;2218167e6621a2f4;59a7ebd101f12e04;076675c396d81113;26a8951bc2f2de57;98db983f04c9eb77;b7c6bce0070ae6fa;5c65860791837857;648fb7471807d72e;83c992293e654b0d;d928ca4fd43f1fce;6cec38badd5e9814;7b91f7d37b32a88a;3cf09db7f5ccc4f7;bdafa5af48aea8a1;12e4a3674a3998c0;a05c5255f8a75ef9;df6fb13e03448aca;dbabd2f68a161cad;867afcb4de4d3a24;e7edccb24f880db3;1e9e708af7cfc88d;a506c6b294760b6b
conservative_lag,decision,SocialGood:h3:f1:o527,527,1,0,32,32,,9ffdd90e5cc6d99b;d2a425777d140065;a178c4f4ea3e9b4a;e69cdfaff0c5079a;d2f473e7980c9b94;7d35042381b4b2b1;d2982c6835bba0b4;8386dc3db5f5d421;d63887d37c76765c;94d470db7e3f29f1;f610749d74906a97;2e2609667c3d9bb9;669ed6396c152b4a;a88aeea75f7f434a;adbfb53e945cf5ae;0fd9c52155231e37;a1c664114dd90a28;2218167e6621a2f4;59a7ebd101f12e04;076675c396d81113;26a8951bc2f2de57;98db983f04c9eb77;b7c6bce0070ae6fa;5c65860791837857;648fb7471807d72e;83c992293e654b0d;d928ca4fd43f1fce;6cec38badd5e9814;7b91f7d37b32a88a;3cf09db7f5ccc4f7;bdafa5af48aea8a1;12e4a3674a3998c0
conservative_lag,decision,SocialGood:h3:f1:o528,528,1,0,32,32,,84bbbfea1f4f7059;dd5a809f21c4dba1;4ddbe5b32e4d2a63;77927afe0f59668a;1cb11dfaee32a7c6;521251550a684b7b;4cacb68e7f29a00c;e9a07209908f174c;9ffdd90e5cc6d99b;d2a425777d140065;a178c4f4ea3e9b4a;e69cdfaff0c5079a;d2f473e7980c9b94;7d35042381b4b2b1;d2982c6835bba0b4;8386dc3db5f5d421;d63887d37c76765c;94d470db7e3f29f1;f610749d74906a97;2e2609667c3d9bb9;669ed6396c152b4a;a88aeea75f7f434a;adbfb53e945cf5ae;0fd9c52155231e37;a1c664114dd90a28;2218167e6621a2f4;59a7ebd101f12e04;076675c396d81113;26a8951bc2f2de57;98db983f04c9eb77;b7c6bce0070ae6fa;5c65860791837857
conservative_lag,decision,SocialGood:h3:f1:o529,529,1,0,32,32,,e761bcb5865cfba8;fe2926c3ef6e11ac;0f317a47f230b805;fc34e1ab035a4d89;17e2b86f497a844a;fbea47d700490637;924210a7c23367ad;c50ff09a86c3f60c;065768a04d349ce3;9006101d0c0718da;84bbbfea1f4f7059;dd5a809f21c4dba1;4ddbe5b32e4d2a63;77927afe0f59668a;1cb11dfaee32a7c6;521251550a684b7b;4cacb68e7f29a00c;e9a07209908f174c;9ffdd90e5cc6d99b;d2a425777d140065;a178c4f4ea3e9b4a;e69cdfaff0c5079a;d2f473e7980c9b94;7d35042381b4b2b1;d2982c6835bba0b4;8386dc3db5f5d421;d63887d37c76765c;94d470db7e3f29f1;f610749d74906a97;2e2609667c3d9bb9;669ed6396c152b4a;a88aeea75f7f434a
conservative_lag,decision,SocialGood:h3:f1:o530,530,1,0,32,32,,515bca8d10199534;d78f4c471d0b3cb1;34f533ffd2dd2564;afca634e1819b90d;8932c27727da52b4;ab0997d089a45628;82a1f567d107daba;e4f7eb18ccbc6bb2;e761bcb5865cfba8;fe2926c3ef6e11ac;0f317a47f230b805;fc34e1ab035a4d89;17e2b86f497a844a;fbea47d700490637;924210a7c23367ad;c50ff09a86c3f60c;065768a04d349ce3;9006101d0c0718da;84bbbfea1f4f7059;dd5a809f21c4dba1;4ddbe5b32e4d2a63;77927afe0f59668a;1cb11dfaee32a7c6;521251550a684b7b;4cacb68e7f29a00c;e9a07209908f174c;9ffdd90e5cc6d99b;d2a425777d140065;a178c4f4ea3e9b4a;e69cdfaff0c5079a;d2f473e7980c9b94;7d35042381b4b2b1
conservative_lag,decision,SocialGood:h3:f1:o531,531,1,0,32,32,,156d74fb9bfda581;2024254bbeb9bc4a;ac05886cdafa3374;ebdda7e82cfcb807;1d6b28271b533e1e;9564184de6d001a8;847d44f96311b833;95914aa636e754a9;515bca8d10199534;d78f4c471d0b3cb1;34f533ffd2dd2564;afca634e1819b90d;8932c27727da52b4;ab0997d089a45628;82a1f567d107daba;e4f7eb18ccbc6bb2;e761bcb5865cfba8;fe2926c3ef6e11ac;0f317a47f230b805;fc34e1ab035a4d89;17e2b86f497a844a;fbea47d700490637;924210a7c23367ad;c50ff09a86c3f60c;065768a04d349ce3;9006101d0c0718da;84bbbfea1f4f7059;dd5a809f21c4dba1;4ddbe5b32e4d2a63;77927afe0f59668a;1cb11dfaee32a7c6;521251550a684b7b
conservative_lag,decision,SocialGood:h3:f1:o532,532,1,0,32,32,,9605bf457900c4cd;c37a2171a78806ab;145e9359c3f86798;89fa7efd48b7acff;0f982a034f047e2a;fcc89620fb604d0b;a70c8ff18d58b178;188fcd811ecd2e09;371779140cca0c7c;156d74fb9bfda581;2024254bbeb9bc4a;ac05886cdafa3374;ebdda7e82cfcb807;1d6b28271b533e1e;9564184de6d001a8;847d44f96311b833;95914aa636e754a9;515bca8d10199534;d78f4c471d0b3cb1;34f533ffd2dd2564;afca634e1819b90d;8932c27727da52b4;ab0997d089a45628;82a1f567d107daba;e4f7eb18ccbc6bb2;e761bcb5865cfba8;fe2926c3ef6e11ac;0f317a47f230b805;fc34e1ab035a4d89;17e2b86f497a844a;fbea47d700490637;924210a7c23367ad
conservative_lag,decision,SocialGood:h3:f1:o533,533,1,0,32,32,,d6aae7b043496033;f4f59af8a7c850ef;55c1d6bdbb59fe9a;dc9251973e3f5dda;120281d4048e6bd6;9ef24d483f1525cb;08b5cf6ae3e77a00;2d90f628c0f46283;9605bf457900c4cd;c37a2171a78806ab;145e9359c3f86798;89fa7efd48b7acff;0f982a034f047e2a;fcc89620fb604d0b;a70c8ff18d58b178;188fcd811ecd2e09;371779140cca0c7c;156d74fb9bfda581;2024254bbeb9bc4a;ac05886cdafa3374;ebdda7e82cfcb807;1d6b28271b533e1e;9564184de6d001a8;847d44f96311b833;95914aa636e754a9;515bca8d10199534;d78f4c471d0b3cb1;34f533ffd2dd2564;afca634e1819b90d;8932c27727da52b4;ab0997d089a45628;82a1f567d107daba
conservative_lag,decision,SocialGood:h3:f1:o534,534,1,0,32,32,,d128dabe077bbcd7;f7ee5f98a2deb381;3ac1fd16c4c4595b;ba8df0783820b645;07273df11d79fe0d;481140738b30a730;330a0b5791a5f3e9;636a658d1226a2f4;d6aae7b043496033;f4f59af8a7c850ef;55c1d6bdbb59fe9a;dc9251973e3f5dda;120281d4048e6bd6;9ef24d483f1525cb;08b5cf6ae3e77a00;2d90f628c0f46283;9605bf457900c4cd;c37a2171a78806ab;145e9359c3f86798;89fa7efd48b7acff;0f982a034f047e2a;fcc89620fb604d0b;a70c8ff18d58b178;188fcd811ecd2e09;371779140cca0c7c;156d74fb9bfda581;2024254bbeb9bc4a;ac05886cdafa3374;ebdda7e82cfcb807;1d6b28271b533e1e;9564184de6d001a8;847d44f96311b833
conservative_lag,decision,SocialGood:h3:f1:o535,535,1,0,32,32,,b7e39f24eb95d55d;2d2d31a4c18159dc;31c24e2db5f42a30;da3b8b47b002fde6;eaf22b8b45cd17c6;2c92f17b93e5b3d5;b17e746cdee8a9d4;19951bcb63f4a516;a865031c0cd8d823;d128dabe077bbcd7;f7ee5f98a2deb381;3ac1fd16c4c4595b;ba8df0783820b645;07273df11d79fe0d;481140738b30a730;330a0b5791a5f3e9;636a658d1226a2f4;d6aae7b043496033;f4f59af8a7c850ef;55c1d6bdbb59fe9a;dc9251973e3f5dda;120281d4048e6bd6;9ef24d483f1525cb;08b5cf6ae3e77a00;2d90f628c0f46283;9605bf457900c4cd;c37a2171a78806ab;145e9359c3f86798;89fa7efd48b7acff;0f982a034f047e2a;fcc89620fb604d0b;a70c8ff18d58b178
conservative_lag,decision,SocialGood:h3:f1:o536,536,1,0,32,32,,772112934659731d;d7edc4708e7294f7;66a509fb923f6f30;9922763fa2ff02be;2b1b41b3c11286b2;5cff3da1cac704b3;37df0cd7ec0eb6dc;8cbf6473f5620826;b7e39f24eb95d55d;2d2d31a4c18159dc;31c24e2db5f42a30;da3b8b47b002fde6;eaf22b8b45cd17c6;2c92f17b93e5b3d5;b17e746cdee8a9d4;19951bcb63f4a516;a865031c0cd8d823;d128dabe077bbcd7;f7ee5f98a2deb381;3ac1fd16c4c4595b;ba8df0783820b645;07273df11d79fe0d;481140738b30a730;330a0b5791a5f3e9;636a658d1226a2f4;d6aae7b043496033;f4f59af8a7c850ef;55c1d6bdbb59fe9a;dc9251973e3f5dda;120281d4048e6bd6;9ef24d483f1525cb;08b5cf6ae3e77a00
conservative_lag,decision,SocialGood:h3:f1:o537,537,1,0,32,32,,b1bf6fbb07e7d463;bf93f8f537a1816c;b532751f3d6fce2b;c79334f25b1a925b;d36435fda553cda2;e8d11a5867cc77fd;b93a4a2abf964bde;deb79fed49e0beeb;864d5c19758847e8;f6771e078215e05f;772112934659731d;d7edc4708e7294f7;66a509fb923f6f30;9922763fa2ff02be;2b1b41b3c11286b2;5cff3da1cac704b3;37df0cd7ec0eb6dc;8cbf6473f5620826;b7e39f24eb95d55d;2d2d31a4c18159dc;31c24e2db5f42a30;da3b8b47b002fde6;eaf22b8b45cd17c6;2c92f17b93e5b3d5;b17e746cdee8a9d4;19951bcb63f4a516;a865031c0cd8d823;d128dabe077bbcd7;f7ee5f98a2deb381;3ac1fd16c4c4595b;ba8df0783820b645;07273df11d79fe0d
conservative_lag,decision,SocialGood:h3:f1:o538,538,1,0,32,32,,21beac559faa391b;39499c02f7910cd1;2f644b41bf43a219;d22a1a4ccb0e18c5;eb10c6242e497890;3c4250c66dd59a8f;a5abd7dc072e9c90;b1bf6fbb07e7d463;bf93f8f537a1816c;b532751f3d6fce2b;c79334f25b1a925b;d36435fda553cda2;e8d11a5867cc77fd;b93a4a2abf964bde;deb79fed49e0beeb;864d5c19758847e8;f6771e078215e05f;772112934659731d;d7edc4708e7294f7;66a509fb923f6f30;9922763fa2ff02be;2b1b41b3c11286b2;5cff3da1cac704b3;37df0cd7ec0eb6dc;8cbf6473f5620826;b7e39f24eb95d55d;2d2d31a4c18159dc;31c24e2db5f42a30;da3b8b47b002fde6;eaf22b8b45cd17c6;2c92f17b93e5b3d5;b17e746cdee8a9d4
conservative_lag,decision,SocialGood:h3:f1:o539,539,1,0,32,32,,11d5d3d36c2c91af;e3ef1850ffb6a17f;3303a24531093352;beb739a38d433646;0156511579648be9;4a71af54e7a3824b;163cfc16c4292d60;e42c5d79c64d8785;21beac559faa391b;39499c02f7910cd1;2f644b41bf43a219;d22a1a4ccb0e18c5;eb10c6242e497890;3c4250c66dd59a8f;a5abd7dc072e9c90;b1bf6fbb07e7d463;bf93f8f537a1816c;b532751f3d6fce2b;c79334f25b1a925b;d36435fda553cda2;e8d11a5867cc77fd;b93a4a2abf964bde;deb79fed49e0beeb;864d5c19758847e8;f6771e078215e05f;772112934659731d;d7edc4708e7294f7;66a509fb923f6f30;9922763fa2ff02be;2b1b41b3c11286b2;5cff3da1cac704b3;37df0cd7ec0eb6dc
conservative_lag,decision,SocialGood:h3:f1:o540,540,1,0,32,32,,c83a59487277e2a8;e1a4aa01b5c89524;1f2e07767e8b2f9e;fb39af49e3a698cf;0a95580fa6c491a9;8b6a51e7de8d6d98;0f4b136d0bf6a1ad;fdb40aee07f105ae;26e0ec1c537e141b;89c8985b3a127583;11d5d3d36c2c91af;e3ef1850ffb6a17f;3303a24531093352;beb739a38d433646;0156511579648be9;4a71af54e7a3824b;163cfc16c4292d60;e42c5d79c64d8785;21beac559faa391b;39499c02f7910cd1;2f644b41bf43a219;d22a1a4ccb0e18c5;eb10c6242e497890;3c4250c66dd59a8f;a5abd7dc072e9c90;b1bf6fbb07e7d463;bf93f8f537a1816c;b532751f3d6fce2b;c79334f25b1a925b;d36435fda553cda2;e8d11a5867cc77fd;b93a4a2abf964bde
conservative_lag,decision,SocialGood:h3:f1:o541,541,1,0,32,32,,46f962641ee16e56;ef1fda886c2ba245;286059ca7bcd3892;a7a33980140b3b98;59d4b344cbb97458;dc41e0bdd4f3b90d;f857c8955e983840;f9899bb7cc0cedde;c83a59487277e2a8;e1a4aa01b5c89524;1f2e07767e8b2f9e;fb39af49e3a698cf;0a95580fa6c491a9;8b6a51e7de8d6d98;0f4b136d0bf6a1ad;fdb40aee07f105ae;26e0ec1c537e141b;89c8985b3a127583;11d5d3d36c2c91af;e3ef1850ffb6a17f;3303a24531093352;beb739a38d433646;0156511579648be9;4a71af54e7a3824b;163cfc16c4292d60;e42c5d79c64d8785;21beac559faa391b;39499c02f7910cd1;2f644b41bf43a219;d22a1a4ccb0e18c5;eb10c6242e497890;3c4250c66dd59a8f
conservative_lag,decision,SocialGood:h3:f1:o542,542,1,0,32,32,,692e6b3c8c9b468f;995b1f826fc0b407;c9a4c8bc3c989b7c;daef6ee834bb2579;43413bca4e118e62;4e6b827527a94870;325d7a71719ac32d;bd756c191c7c8136;46f962641ee16e56;ef1fda886c2ba245;286059ca7bcd3892;a7a33980140b3b98;59d4b344cbb97458;dc41e0bdd4f3b90d;f857c8955e983840;f9899bb7cc0cedde;c83a59487277e2a8;e1a4aa01b5c89524;1f2e07767e8b2f9e;fb39af49e3a698cf;0a95580fa6c491a9;8b6a51e7de8d6d98;0f4b136d0bf6a1ad;fdb40aee07f105ae;26e0ec1c537e141b;89c8985b3a127583;11d5d3d36c2c91af;e3ef1850ffb6a17f;3303a24531093352;beb739a38d433646;0156511579648be9;4a71af54e7a3824b
conservative_lag,decision,SocialGood:h3:f1:o543,543,1,0,32,32,,43900d0ddb202a70;afdd20115c98cf1e;7706731c5f96d211;c068138564405bfc;034d91bcdd2fe2d5;5905aea8da9585b6;109ad6ec7f797d3e;e9ccf5e8b8f1ce5f;692e6b3c8c9b468f;995b1f826fc0b407;c9a4c8bc3c989b7c;daef6ee834bb2579;43413bca4e118e62;4e6b827527a94870;325d7a71719ac32d;bd756c191c7c8136;46f962641ee16e56;ef1fda886c2ba245;286059ca7bcd3892;a7a33980140b3b98;59d4b344cbb97458;dc41e0bdd4f3b90d;f857c8955e983840;f9899bb7cc0cedde;c83a59487277e2a8;e1a4aa01b5c89524;1f2e07767e8b2f9e;fb39af49e3a698cf;0a95580fa6c491a9;8b6a51e7de8d6d98;0f4b136d0bf6a1ad;fdb40aee07f105ae
conservative_lag,decision,SocialGood:h3:f1:o544,544,1,0,32,32,,0b906af39563ba01;58fa32ab35f133a7;6061775a3fa79583;c26df373e3c84ab3;a9a949768f7efb04;ddeaaba21a7d29c5;c73f6f19e473661b;43900d0ddb202a70;afdd20115c98cf1e;7706731c5f96d211;c068138564405bfc;034d91bcdd2fe2d5;5905aea8da9585b6;109ad6ec7f797d3e;e9ccf5e8b8f1ce5f;692e6b3c8c9b468f;995b1f826fc0b407;c9a4c8bc3c989b7c;daef6ee834bb2579;43413bca4e118e62;4e6b827527a94870;325d7a71719ac32d;bd756c191c7c8136;46f962641ee16e56;ef1fda886c2ba245;286059ca7bcd3892;a7a33980140b3b98;59d4b344cbb97458;dc41e0bdd4f3b90d;f857c8955e983840;f9899bb7cc0cedde;c83a59487277e2a8
conservative_lag,decision,SocialGood:h3:f1:o545,545,1,0,32,32,,673213f0a20d8640;992066672903390a;2f6951b77d00711b;7388062008ba3e81;c46cb5cdddb78fae;19b7877b0121b472;77ca52c2c7777c3f;0b906af39563ba01;58fa32ab35f133a7;6061775a3fa79583;c26df373e3c84ab3;a9a949768f7efb04;ddeaaba21a7d29c5;c73f6f19e473661b;43900d0ddb202a70;afdd20115c98cf1e;7706731c5f96d211;c068138564405bfc;034d91bcdd2fe2d5;5905aea8da9585b6;109ad6ec7f797d3e;e9ccf5e8b8f1ce5f;692e6b3c8c9b468f;995b1f826fc0b407;c9a4c8bc3c989b7c;daef6ee834bb2579;43413bca4e118e62;4e6b827527a94870;325d7a71719ac32d;bd756c191c7c8136;46f962641ee16e56;ef1fda886c2ba245
conservative_lag,decision,SocialGood:h3:f1:o546,546,1,0,32,32,,5661b10520aed108;b881123bc67dab6f;43d9d4c7d55a526f;9a81f7d262fc4a0b;a81c69c7f5c6879b;ad217704af869a6a;57f06574ffb71236;604573f190be2829;18da9d88ddf9bd93;98e951087bf2e6f0;673213f0a20d8640;992066672903390a;2f6951b77d00711b;7388062008ba3e81;c46cb5cdddb78fae;19b7877b0121b472;77ca52c2c7777c3f;0b906af39563ba01;58fa32ab35f133a7;6061775a3fa79583;c26df373e3c84ab3;a9a949768f7efb04;ddeaaba21a7d29c5;c73f6f19e473661b;43900d0ddb202a70;afdd20115c98cf1e;7706731c5f96d211;c068138564405bfc;034d91bcdd2fe2d5;5905aea8da9585b6;109ad6ec7f797d3e;e9ccf5e8b8f1ce5f
conservative_lag,decision,SocialGood:h3:f1:o547,547,1,0,32,32,,6545eb27cdb23703;9f3774e88dd1c4fc;94da605269a1e547;aec567565bb0d293;7ea9abbf6dbd9ac9;9db388605b68608e;8ea971b6d6fb38ce;bac9d40415581122;5661b10520aed108;b881123bc67dab6f;43d9d4c7d55a526f;9a81f7d262fc4a0b;a81c69c7f5c6879b;ad217704af869a6a;57f06574ffb71236;604573f190be2829;18da9d88ddf9bd93;98e951087bf2e6f0;673213f0a20d8640;992066672903390a;2f6951b77d00711b;7388062008ba3e81;c46cb5cdddb78fae;19b7877b0121b472;77ca52c2c7777c3f;0b906af39563ba01;58fa32ab35f133a7;6061775a3fa79583;c26df373e3c84ab3;a9a949768f7efb04;ddeaaba21a7d29c5;c73f6f19e473661b
conservative_lag,decision,SocialGood:h3:f1:o548,548,1,0,32,32,,3ff6a401e1f71ac8;85a1f3c9c03de871;60b4f2f665c46e21;b1fbf7c5f878941a;ba29be6712dcaf7a;bfb6068b964cacd4;1074a79d7bad7d3a;26943f830f2d4800;6545eb27cdb23703;9f3774e88dd1c4fc;94da605269a1e547;aec567565bb0d293;7ea9abbf6dbd9ac9;9db388605b68608e;8ea971b6d6fb38ce;bac9d40415581122;5661b10520aed108;b881123bc67dab6f;43d9d4c7d55a526f;9a81f7d262fc4a0b;a81c69c7f5c6879b;ad217704af869a6a;57f06574ffb71236;604573f190be2829;18da9d88ddf9bd93;98e951087bf2e6f0;673213f0a20d8640;992066672903390a;2f6951b77d00711b;7388062008ba3e81;c46cb5cdddb78fae;19b7877b0121b472
conservative_lag,decision,SocialGood:h3:f1:o549,549,1,0,32,32,,16dbae5a62e9c3fb;adf13216c8faa78e;12b07608fcc6c228;6d3cc04e9408ab8d;06535c7d4ecdaa3f;cf1a23ad235dda66;ca935697f3d9b8f0;cf9f1a71f7b5412c;a393675e9c6c56af;c266f515cf3aed5d;3ff6a401e1f71ac8;85a1f3c9c03de871;60b4f2f665c46e21;b1fbf7c5f878941a;ba29be6712dcaf7a;bfb6068b964cacd4;1074a79d7bad7d3a;26943f830f2d4800;6545eb27cdb23703;9f3774e88dd1c4fc;94da605269a1e547;aec567565bb0d293;7ea9abbf6dbd9ac9;9db388605b68608e;8ea971b6d6fb38ce;bac9d40415581122;5661b10520aed108;b881123bc67dab6f;43d9d4c7d55a526f;9a81f7d262fc4a0b;a81c69c7f5c6879b;ad217704af869a6a
conservative_lag,decision,SocialGood:h3:f1:o550,550,1,0,32,32,,817e3015a687310d;fc242f0f54a6817f;18ad55a87005e655;c79d6b63165bb886;2d0e08afb11df692;c743dfb615565216;7c43723e7a707110;16dbae5a62e9c3fb;adf13216c8faa78e;12b07608fcc6c228;6d3cc04e9408ab8d;06535c7d4ecdaa3f;cf1a23ad235dda66;ca935697f3d9b8f0;cf9f1a71f7b5412c;a393675e9c6c56af;c266f515cf3aed5d;3ff6a401e1f71ac8;85a1f3c9c03de871;60b4f2f665c46e21;b1fbf7c5f878941a;ba29be6712dcaf7a;bfb6068b964cacd4;1074a79d7bad7d3a;26943f830f2d4800;6545eb27cdb23703;9f3774e88dd1c4fc;94da605269a1e547;aec567565bb0d293;7ea9abbf6dbd9ac9;9db388605b68608e;8ea971b6d6fb38ce
conservative_lag,decision,SocialGood:h3:f1:o551,551,1,0,32,32,,1bd5fa37c0c93502;636160b5c4761399;8b89cfa4fcc6b180;b1d2f7d04b380345;c034756e1feca29e;f99bb2241a440dcd;034ae6c08e967fb2;b3e5109b7347d892;817e3015a687310d;fc242f0f54a6817f;18ad55a87005e655;c79d6b63165bb886;2d0e08afb11df692;c743dfb615565216;7c43723e7a707110;16dbae5a62e9c3fb;adf13216c8faa78e;12b07608fcc6c228;6d3cc04e9408ab8d;06535c7d4ecdaa3f;cf1a23ad235dda66;ca935697f3d9b8f0;cf9f1a71f7b5412c;a393675e9c6c56af;c266f515cf3aed5d;3ff6a401e1f71ac8;85a1f3c9c03de871;60b4f2f665c46e21;b1fbf7c5f878941a;ba29be6712dcaf7a;bfb6068b964cacd4;1074a79d7bad7d3a
conservative_lag,decision,SocialGood:h3:f1:o552,552,1,0,32,32,,935cd9bb7a2ae127;237cdac4ee7a0de9;efd150e4c611b5e4;347e3f4530c3b68f;e7b3506b0cc87b87;2d52dad225ae8e64;a8d2eb7cf3e8cd16;4dc705807ef8361a;aae9c1f993ea7797;1bd5fa37c0c93502;636160b5c4761399;8b89cfa4fcc6b180;b1d2f7d04b380345;c034756e1feca29e;f99bb2241a440dcd;034ae6c08e967fb2;b3e5109b7347d892;817e3015a687310d;fc242f0f54a6817f;18ad55a87005e655;c79d6b63165bb886;2d0e08afb11df692;c743dfb615565216;7c43723e7a707110;16dbae5a62e9c3fb;adf13216c8faa78e;12b07608fcc6c228;6d3cc04e9408ab8d;06535c7d4ecdaa3f;cf1a23ad235dda66;ca935697f3d9b8f0;cf9f1a71f7b5412c
conservative_lag,decision,SocialGood:h3:f1:o553,553,1,0,32,32,,37ff6954abef4371;3b0bcd882646315f;3fb2c5528ca28def;454571e47759343b;4acbacd1e88da02f;80b0af2f1256e5fe;b2e8a35de6673f0e;f4e42d619b6af6a0;935cd9bb7a2ae127;237cdac4ee7a0de9;efd150e4c611b5e4;347e3f4530c3b68f;e7b3506b0cc87b87;2d52dad225ae8e64;a8d2eb7cf3e8cd16;4dc705807ef8361a;aae9c1f993ea7797;1bd5fa37c0c93502;636160b5c4761399;8b89cfa4fcc6b180;b1d2f7d04b380345;c034756e1feca29e;f99bb2241a440dcd;034ae6c08e967fb2;b3e5109b7347d892;817e3015a687310d;fc242f0f54a6817f;18ad55a87005e655;c79d6b63165bb886;2d0e08afb11df692;c743dfb615565216;7c43723e7a707110
conservative_lag,decision,SocialGood:h3:f1:o554,554,1,0,32,32,,3c7e981650d66d53;a6bddcf24b7da1aa;71cc1e40cd5445d0;a56110669ee6409b;035b082453809a7d;973b9c4cd2b94ffb;5cbcd2389eedc7d9;65572d49662d0b16;37ff6954abef4371;3b0bcd882646315f;3fb2c5528ca28def;454571e47759343b;4acbacd1e88da02f;80b0af2f1256e5fe;b2e8a35de6673f0e;f4e42d619b6af6a0;935cd9bb7a2ae127;237cdac4ee7a0de9;efd150e4c611b5e4;347e3f4530c3b68f;e7b3506b0cc87b87;2d52dad225ae8e64;a8d2eb7cf3e8cd16;4dc705807ef8361a;aae9c1f993ea7797;1bd5fa37c0c93502;636160b5c4761399;8b89cfa4fcc6b180;b1d2f7d04b380345;c034756e1feca29e;f99bb2241a440dcd;034ae6c08e967fb2
conservative_lag,decision,SocialGood:h3:f1:o555,555,1,2,32,34,b19d22d971969441;0d4bb1db45b579d4,81b5e84a7bb9ee26;9a01f0cd4784bc27;50bb979ec2b5580f;d12cbe0d817c69a4;084d112ba49e16ef;3fb72ccbaecd8fd5;71296d3fc9f56ed9;ee34c34f4b3eedf2;7a0984191db2865c;fdffa356e2a4562b;3c7e981650d66d53;a6bddcf24b7da1aa;71cc1e40cd5445d0;a56110669ee6409b;035b082453809a7d;973b9c4cd2b94ffb;5cbcd2389eedc7d9;65572d49662d0b16;37ff6954abef4371;3b0bcd882646315f;3fb2c5528ca28def;454571e47759343b;4acbacd1e88da02f;80b0af2f1256e5fe;b2e8a35de6673f0e;f4e42d619b6af6a0;935cd9bb7a2ae127;237cdac4ee7a0de9;efd150e4c611b5e4;347e3f4530c3b68f;e7b3506b0cc87b87;2d52dad225ae8e64
conservative_lag,decision,SocialGood:h3:f1:o556,556,1,2,32,34,b19d22d971969441;0d4bb1db45b579d4,65a1a089b68a39e5;7306eb7419e73289;419c0556b403aa14;925ae368703f7a63;ac8ceb50ed8c471b;cf76970a488faac2;d8b84aadca5ad16a;81b5e84a7bb9ee26;9a01f0cd4784bc27;50bb979ec2b5580f;d12cbe0d817c69a4;084d112ba49e16ef;3fb72ccbaecd8fd5;71296d3fc9f56ed9;ee34c34f4b3eedf2;7a0984191db2865c;fdffa356e2a4562b;3c7e981650d66d53;a6bddcf24b7da1aa;71cc1e40cd5445d0;a56110669ee6409b;035b082453809a7d;973b9c4cd2b94ffb;5cbcd2389eedc7d9;65572d49662d0b16;37ff6954abef4371;3b0bcd882646315f;3fb2c5528ca28def;454571e47759343b;4acbacd1e88da02f;80b0af2f1256e5fe;b2e8a35de6673f0e
conservative_lag,decision,SocialGood:h3:f1:o557,557,1,4,32,36,7b2ec1e76861364e;b7d053c857f0c034;b19d22d971969441;0d4bb1db45b579d4,d5b7902f3172e5dd;0cf6a2066f8aba6c;a50692fa4cbf6304;87784e7877ab3874;e49e25b12ddacf2e;7cfde356bd517b47;aa3b946c98e2c3b3;65a1a089b68a39e5;7306eb7419e73289;419c0556b403aa14;925ae368703f7a63;ac8ceb50ed8c471b;cf76970a488faac2;d8b84aadca5ad16a;81b5e84a7bb9ee26;9a01f0cd4784bc27;50bb979ec2b5580f;d12cbe0d817c69a4;084d112ba49e16ef;3fb72ccbaecd8fd5;71296d3fc9f56ed9;ee34c34f4b3eedf2;7a0984191db2865c;fdffa356e2a4562b;3c7e981650d66d53;a6bddcf24b7da1aa;71cc1e40cd5445d0;a56110669ee6409b;035b082453809a7d;973b9c4cd2b94ffb;5cbcd2389eedc7d9;65572d49662d0b16
conservative_lag,decision,SocialGood:h3:f1:o558,558,1,4,32,36,7b2ec1e76861364e;b7d053c857f0c034;b19d22d971969441;0d4bb1db45b579d4,e392597c902cc7ad;1c878f3f5ea6f97e;932c73e4840ab0b1;604d94a9d8a87aac;b7919eedf69112fe;5e723ecb83e39d62;f4bc15e40b988dce;277f6ca4e935b96f;72f2844dad1236da;d5b7902f3172e5dd;0cf6a2066f8aba6c;a50692fa4cbf6304;87784e7877ab3874;e49e25b12ddacf2e;7cfde356bd517b47;aa3b946c98e2c3b3;65a1a089b68a39e5;7306eb7419e73289;419c0556b403aa14;925ae368703f7a63;ac8ceb50ed8c471b;cf76970a488faac2;d8b84aadca5ad16a;81b5e84a7bb9ee26;9a01f0cd4784bc27;50bb979ec2b5580f;d12cbe0d817c69a4;084d112ba49e16ef;3fb72ccbaecd8fd5;71296d3fc9f56ed9;ee34c34f4b3eedf2;7a0984191db2865c
conservative_lag,decision,SocialGood:h3:f1:o559,559,1,6,32,38,6443b4a7cf37bb3b;90f10e4d41a48dfa;7b2ec1e76861364e;b7d053c857f0c034;b19d22d971969441;0d4bb1db45b579d4,5cced971d460eb14;b51c3a4542f4d20f;537437bfddec0a2c;33b7cb7f45f88002;6da2983e44db2de5;225f7dd8a62cb216;d53646ca94baf12c;e392597c902cc7ad;1c878f3f5ea6f97e;932c73e4840ab0b1;604d94a9d8a87aac;b7919eedf69112fe;5e723ecb83e39d62;f4bc15e40b988dce;277f6ca4e935b96f;72f2844dad1236da;d5b7902f3172e5dd;0cf6a2066f8aba6c;a50692fa4cbf6304;87784e7877ab3874;e49e25b12ddacf2e;7cfde356bd517b47;aa3b946c98e2c3b3;65a1a089b68a39e5;7306eb7419e73289;419c0556b403aa14;925ae368703f7a63;ac8ceb50ed8c471b;cf76970a488faac2;d8b84aadca5ad16a;81b5e84a7bb9ee26;9a01f0cd4784bc27
conservative_lag,decision,SocialGood:h3:f1:o560,560,1,7,32,39,1efbbed0d4254111;6443b4a7cf37bb3b;90f10e4d41a48dfa;7b2ec1e76861364e;b7d053c857f0c034;b19d22d971969441;0d4bb1db45b579d4,35bef0b202cd1e85;b922580bf14738e4;a6eadcee61730178;d71f68a3589fc5f2;1f6df3e742e5af41;46ddf9084bd371b0;01ca9b86b9227567;db318c8d8a60afab;7452934d36ed662a;e9e2401ddacdd7b7;5cced971d460eb14;b51c3a4542f4d20f;537437bfddec0a2c;33b7cb7f45f88002;6da2983e44db2de5;225f7dd8a62cb216;d53646ca94baf12c;e392597c902cc7ad;1c878f3f5ea6f97e;932c73e4840ab0b1;604d94a9d8a87aac;b7919eedf69112fe;5e723ecb83e39d62;f4bc15e40b988dce;277f6ca4e935b96f;72f2844dad1236da;d5b7902f3172e5dd;0cf6a2066f8aba6c;a50692fa4cbf6304;87784e7877ab3874;e49e25b12ddacf2e;7cfde356bd517b47
conservative_lag,decision,SocialGood:h3:f1:o561,561,1,7,32,39,1efbbed0d4254111;6443b4a7cf37bb3b;90f10e4d41a48dfa;7b2ec1e76861364e;b7d053c857f0c034;b19d22d971969441;0d4bb1db45b579d4,66c846345862a74d;f7d289ec138687bc;49af422aca60b75c;55a56abc4870f8f3;62665b18aec108f0;afe65823e0120aa4;024a5a49dffdd418;ff71eb4d180b90d8;35bef0b202cd1e85;b922580bf14738e4;a6eadcee61730178;d71f68a3589fc5f2;1f6df3e742e5af41;46ddf9084bd371b0;01ca9b86b9227567;db318c8d8a60afab;7452934d36ed662a;e9e2401ddacdd7b7;5cced971d460eb14;b51c3a4542f4d20f;537437bfddec0a2c;33b7cb7f45f88002;6da2983e44db2de5;225f7dd8a62cb216;d53646ca94baf12c;e392597c902cc7ad;1c878f3f5ea6f97e;932c73e4840ab0b1;604d94a9d8a87aac;b7919eedf69112fe;5e723ecb83e39d62;f4bc15e40b988dce
conservative_lag,decision,SocialGood:h3:f1:o562,562,1,9,32,41,0a5efc6bb33b63cf;4244400ce3882015;1efbbed0d4254111;6443b4a7cf37bb3b;90f10e4d41a48dfa;7b2ec1e76861364e;b7d053c857f0c034;b19d22d971969441;0d4bb1db45b579d4,60979f23472a0e22;909e69582efb5ab6;648a5df4915e0ba9;9f2b854ebfd76537;7dc5e4b158d010c9;a1ab38cbb728ae2d;ab3913d60a400728;66c846345862a74d;f7d289ec138687bc;49af422aca60b75c;55a56abc4870f8f3;62665b18aec108f0;afe65823e0120aa4;024a5a49dffdd418;ff71eb4d180b90d8;35bef0b202cd1e85;b922580bf14738e4;a6eadcee61730178;d71f68a3589fc5f2;1f6df3e742e5af41;46ddf9084bd371b0;01ca9b86b9227567;db318c8d8a60afab;7452934d36ed662a;e9e2401ddacdd7b7;5cced971d460eb14;b51c3a4542f4d20f;537437bfddec0a2c;33b7cb7f45f88002;6da2983e44db2de5;225f7dd8a62cb216;d53646ca94baf12c
conservative_lag,decision,SocialGood:h3:f1:o563,563,1,9,32,41,0a5efc6bb33b63cf;4244400ce3882015;1efbbed0d4254111;6443b4a7cf37bb3b;90f10e4d41a48dfa;7b2ec1e76861364e;b7d053c857f0c034;b19d22d971969441;0d4bb1db45b579d4,275da7984de04c14;aa00466332e6db3d;4675f8460a397554;06d234b16fff1f4b;d9dc74a7579cdebc;4307e53392cae047;bba1184e686b60c2;c86d4daf310690f5;60979f23472a0e22;909e69582efb5ab6;648a5df4915e0ba9;9f2b854ebfd76537;7dc5e4b158d010c9;a1ab38cbb728ae2d;ab3913d60a400728;66c846345862a74d;f7d289ec138687bc;49af422aca60b75c;55a56abc4870f8f3;62665b18aec108f0;afe65823e0120aa4;024a5a49dffdd418;ff71eb4d180b90d8;35bef0b202cd1e85;b922580bf14738e4;a6eadcee61730178;d71f68a3589fc5f2;1f6df3e742e5af41;46ddf9084bd371b0;01ca9b86b9227567;db318c8d8a60afab;7452934d36ed662a
conservative_lag,decision,SocialGood:h3:f1:o564,564,1,11,32,43,86bf0f45d6f37114;29521ac2ae573962;0a5efc6bb33b63cf;4244400ce3882015;1efbbed0d4254111;6443b4a7cf37bb3b;90f10e4d41a48dfa;7b2ec1e76861364e;b7d053c857f0c034;b19d22d971969441;0d4bb1db45b579d4,2abbce79de622968;af51905d822231f9;01928844ea2df4b2;1fbff39c32edffe4;32643e71af200c54;a98b5113786dd77f;08acb80ddb91b578;f1a0d60872035415;275da7984de04c14;aa00466332e6db3d;4675f8460a397554;06d234b16fff1f4b;d9dc74a7579cdebc;4307e53392cae047;bba1184e686b60c2;c86d4daf310690f5;60979f23472a0e22;909e69582efb5ab6;648a5df4915e0ba9;9f2b854ebfd76537;7dc5e4b158d010c9;a1ab38cbb728ae2d;ab3913d60a400728;66c846345862a74d;f7d289ec138687bc;49af422aca60b75c;55a56abc4870f8f3;62665b18aec108f0;afe65823e0120aa4;024a5a49dffdd418;ff71eb4d180b90d8;35bef0b202cd1e85
conservative_lag,decision,SocialGood:h3:f1:o565,565,1,12,32,44,21c1d5ca9fdb7329;86bf0f45d6f37114;29521ac2ae573962;0a5efc6bb33b63cf;4244400ce3882015;1efbbed0d4254111;6443b4a7cf37bb3b;90f10e4d41a48dfa;7b2ec1e76861364e;b7d053c857f0c034;b19d22d971969441;0d4bb1db45b579d4,d9e5c2c0e3e50ca5;03dc3364fbc740e3;1879fc8753a75ef6;d8e873286ea89781;dc5780d3b7fa0a4d;5eec9096e72cb72b;748ca3ac2f514bf3;2abbce79de622968;af51905d822231f9;01928844ea2df4b2;1fbff39c32edffe4;32643e71af200c54;a98b5113786dd77f;08acb80ddb91b578;f1a0d60872035415;275da7984de04c14;aa00466332e6db3d;4675f8460a397554;06d234b16fff1f4b;d9dc74a7579cdebc;4307e53392cae047;bba1184e686b60c2;c86d4daf310690f5;60979f23472a0e22;909e69582efb5ab6;648a5df4915e0ba9;9f2b854ebfd76537;7dc5e4b158d010c9;a1ab38cbb728ae2d;ab3913d60a400728;66c846345862a74d;f7d289ec138687bc
conservative_lag,decision,SocialGood:h3:f1:o566,566,1,12,32,44,21c1d5ca9fdb7329;86bf0f45d6f37114;29521ac2ae573962;0a5efc6bb33b63cf;4244400ce3882015;1efbbed0d4254111;6443b4a7cf37bb3b;90f10e4d41a48dfa;7b2ec1e76861364e;b7d053c857f0c034;b19d22d971969441;0d4bb1db45b579d4,1354c33bf3a5fa07;8dd89a035f8c2ac0;5fbc4694551aa7ab;9ab694bed81f92d2;1461547c9117b690;613735d3f75df053;7dd696992e061797;d9e5c2c0e3e50ca5;03dc3364fbc740e3;1879fc8753a75ef6;d8e873286ea89781;dc5780d3b7fa0a4d;5eec9096e72cb72b;748ca3ac2f514bf3;2abbce79de622968;af51905d822231f9;01928844ea2df4b2;1fbff39c32edffe4;32643e71af200c54;a98b5113786dd77f;08acb80ddb91b578;f1a0d60872035415;275da7984de04c14;aa00466332e6db3d;4675f8460a397554;06d234b16fff1f4b;d9dc74a7579cdebc;4307e53392cae047;bba1184e686b60c2;c86d4daf310690f5;60979f23472a0e22;909e69582efb5ab6
conservative_lag,decision,SocialGood:h3:f1:o567,567,1,13,32,45,e06e84b468fd1f6a;21c1d5ca9fdb7329;86bf0f45d6f37114;29521ac2ae573962;0a5efc6bb33b63cf;4244400ce3882015;1efbbed0d4254111;6443b4a7cf37bb3b;90f10e4d41a48dfa;7b2ec1e76861364e;b7d053c857f0c034;b19d22d971969441;0d4bb1db45b579d4,0d9f399dad3aa858;d9581f5ee708e270;2c07a9dbefb9aa8c;e6b1dfe294d7d1c8;3fbf3da338b103a3;17b779b61214432e;90c52054679139c5;2422afc32438910f;51e9cf25bbbaf629;1354c33bf3a5fa07;8dd89a035f8c2ac0;5fbc4694551aa7ab;9ab694bed81f92d2;1461547c9117b690;613735d3f75df053;7dd696992e061797;d9e5c2c0e3e50ca5;03dc3364fbc740e3;1879fc8753a75ef6;d8e873286ea89781;dc5780d3b7fa0a4d;5eec9096e72cb72b;748ca3ac2f514bf3;2abbce79de622968;af51905d822231f9;01928844ea2df4b2;1fbff39c32edffe4;32643e71af200c54;a98b5113786dd77f;08acb80ddb91b578;f1a0d60872035415;275da7984de04c14
conservative_lag,decision,SocialGood:h3:f1:o568,568,1,13,32,45,e06e84b468fd1f6a;21c1d5ca9fdb7329;86bf0f45d6f37114;29521ac2ae573962;0a5efc6bb33b63cf;4244400ce3882015;1efbbed0d4254111;6443b4a7cf37bb3b;90f10e4d41a48dfa;7b2ec1e76861364e;b7d053c857f0c034;b19d22d971969441;0d4bb1db45b579d4,a2fb26261ed8a093;f2c3d8738f82e089;18b6328180f6a0d7;728e9882be9c9026;0938611b5f64ca75;fb9cccd2fb84d8b3;610d348aaf19f51a;f28eaa525ea69f59;0d9f399dad3aa858;d9581f5ee708e270;2c07a9dbefb9aa8c;e6b1dfe294d7d1c8;3fbf3da338b103a3;17b779b61214432e;90c52054679139c5;2422afc32438910f;51e9cf25bbbaf629;1354c33bf3a5fa07;8dd89a035f8c2ac0;5fbc4694551aa7ab;9ab694bed81f92d2;1461547c9117b690;613735d3f75df053;7dd696992e061797;d9e5c2c0e3e50ca5;03dc3364fbc740e3;1879fc8753a75ef6;d8e873286ea89781;dc5780d3b7fa0a4d;5eec9096e72cb72b;748ca3ac2f514bf3;2abbce79de622968
conservative_lag,decision,SocialGood:h3:f1:o569,569,1,15,32,47,c5caa33c5e6f079f;d82ec5180d6c2d54;e06e84b468fd1f6a;21c1d5ca9fdb7329;86bf0f45d6f37114;29521ac2ae573962;0a5efc6bb33b63cf;4244400ce3882015;1efbbed0d4254111;6443b4a7cf37bb3b;90f10e4d41a48dfa;7b2ec1e76861364e;b7d053c857f0c034;b19d22d971969441;0d4bb1db45b579d4,13d2ad745fb86519;c16042efe4c80ac0;120f9004154a317b;8d8dc744720f8a9e;9432620720991cba;5f9c53da6b12edcc;b6460c3b7aa37447;76eb28af468f159d;f1f5748d3db23a8f;a2fb26261ed8a093;f2c3d8738f82e089;18b6328180f6a0d7;728e9882be9c9026;0938611b5f64ca75;fb9cccd2fb84d8b3;610d348aaf19f51a;f28eaa525ea69f59;0d9f399dad3aa858;d9581f5ee708e270;2c07a9dbefb9aa8c;e6b1dfe294d7d1c8;3fbf3da338b103a3;17b779b61214432e;90c52054679139c5;2422afc32438910f;51e9cf25bbbaf629;1354c33bf3a5fa07;8dd89a035f8c2ac0;5fbc4694551aa7ab;9ab694bed81f92d2;1461547c9117b690;613735d3f75df053
conservative_lag,decision,SocialGood:h3:f1:o570,570,1,15,32,47,c5caa33c5e6f079f;d82ec5180d6c2d54;e06e84b468fd1f6a;21c1d5ca9fdb7329;86bf0f45d6f37114;29521ac2ae573962;0a5efc6bb33b63cf;4244400ce3882015;1efbbed0d4254111;6443b4a7cf37bb3b;90f10e4d41a48dfa;7b2ec1e76861364e;b7d053c857f0c034;b19d22d971969441;0d4bb1db45b579d4,5116a863e999b86b;74493f01e0729b01;4523099c2ccaf1c6;f1ca922a70a26517;3adcdbba786bbfc1;41588c5f2dbdb523;2fd9a70c9eca188e;6d6555a7c94b75dd;13d2ad745fb86519;c16042efe4c80ac0;120f9004154a317b;8d8dc744720f8a9e;9432620720991cba;5f9c53da6b12edcc;b6460c3b7aa37447;76eb28af468f159d;f1f5748d3db23a8f;a2fb26261ed8a093;f2c3d8738f82e089;18b6328180f6a0d7;728e9882be9c9026;0938611b5f64ca75;fb9cccd2fb84d8b3;610d348aaf19f51a;f28eaa525ea69f59;0d9f399dad3aa858;d9581f5ee708e270;2c07a9dbefb9aa8c;e6b1dfe294d7d1c8;3fbf3da338b103a3;17b779b61214432e;90c52054679139c5
conservative_lag,decision,SocialGood:h3:f1:o571,571,1,16,32,48,ce1b9509e1dc5f29;c5caa33c5e6f079f;d82ec5180d6c2d54;e06e84b468fd1f6a;21c1d5ca9fdb7329;86bf0f45d6f37114;29521ac2ae573962;0a5efc6bb33b63cf;4244400ce3882015;1efbbed0d4254111;6443b4a7cf37bb3b;90f10e4d41a48dfa;7b2ec1e76861364e;b7d053c857f0c034;b19d22d971969441;0d4bb1db45b579d4,791759fe059bac54;d2bc4149de4c5564;46a530381fd40c14;6a838ef40da27e91;1f165c1a9d4b5ddb;2f5345440e4d8727;4362a829b877c7e6;5116a863e999b86b;74493f01e0729b01;4523099c2ccaf1c6;f1ca922a70a26517;3adcdbba786bbfc1;41588c5f2dbdb523;2fd9a70c9eca188e;6d6555a7c94b75dd;13d2ad745fb86519;c16042efe4c80ac0;120f9004154a317b;8d8dc744720f8a9e;9432620720991cba;5f9c53da6b12edcc;b6460c3b7aa37447;76eb28af468f159d;f1f5748d3db23a8f;a2fb26261ed8a093;f2c3d8738f82e089;18b6328180f6a0d7;728e9882be9c9026;0938611b5f64ca75;fb9cccd2fb84d8b3;610d348aaf19f51a;f28eaa525ea69f59
conservative_lag,decision,SocialGood:h3:f1:o572,572,1,17,32,49,7eb8e8da959abf4f;ce1b9509e1dc5f29;c5caa33c5e6f079f;d82ec5180d6c2d54;e06e84b468fd1f6a;21c1d5ca9fdb7329;86bf0f45d6f37114;29521ac2ae573962;0a5efc6bb33b63cf;4244400ce3882015;1efbbed0d4254111;6443b4a7cf37bb3b;90f10e4d41a48dfa;7b2ec1e76861364e;b7d053c857f0c034;b19d22d971969441;0d4bb1db45b579d4,07e8cbb59e83de53;bb653fac3df9a067;67a2379095545146;e2488b24afb32bab;9022aae6bc37c2c5;a23e983611fa45d5;06718773b0343e73;4b782f34d6e99ac6;2f4106d904009bc6;c87dd441df005362;791759fe059bac54;d2bc4149de4c5564;46a530381fd40c14;6a838ef40da27e91;1f165c1a9d4b5ddb;2f5345440e4d8727;4362a829b877c7e6;5116a863e999b86b;74493f01e0729b01;4523099c2ccaf1c6;f1ca922a70a26517;3adcdbba786bbfc1;41588c5f2dbdb523;2fd9a70c9eca188e;6d6555a7c94b75dd;13d2ad745fb86519;c16042efe4c80ac0;120f9004154a317b;8d8dc744720f8a9e;9432620720991cba;5f9c53da6b12edcc;b6460c3b7aa37447
conservative_lag,decision,SocialGood:h3:f1:o573,573,1,17,32,49,7eb8e8da959abf4f;ce1b9509e1dc5f29;c5caa33c5e6f079f;d82ec5180d6c2d54;e06e84b468fd1f6a;21c1d5ca9fdb7329;86bf0f45d6f37114;29521ac2ae573962;0a5efc6bb33b63cf;4244400ce3882015;1efbbed0d4254111;6443b4a7cf37bb3b;90f10e4d41a48dfa;7b2ec1e76861364e;b7d053c857f0c034;b19d22d971969441;0d4bb1db45b579d4,8b6412f96955dde1;baacd8854320bb8e;060088fdfa7c0093;6ffbe0b5871fe5ef;da28dbb4d408f899;07e8cbb59e83de53;bb653fac3df9a067;67a2379095545146;e2488b24afb32bab;9022aae6bc37c2c5;a23e983611fa45d5;06718773b0343e73;4b782f34d6e99ac6;2f4106d904009bc6;c87dd441df005362;791759fe059bac54;d2bc4149de4c5564;46a530381fd40c14;6a838ef40da27e91;1f165c1a9d4b5ddb;2f5345440e4d8727;4362a829b877c7e6;5116a863e999b86b;74493f01e0729b01;4523099c2ccaf1c6;f1ca922a70a26517;3adcdbba786bbfc1;41588c5f2dbdb523;2fd9a70c9eca188e;6d6555a7c94b75dd;13d2ad745fb86519;c16042efe4c80ac0
conservative_lag,decision,SocialGood:h3:f1:o574,574,1,19,32,51,c437717d8175a90b;0733d1ddbca2c6d6;7eb8e8da959abf4f;ce1b9509e1dc5f29;c5caa33c5e6f079f;d82ec5180d6c2d54;e06e84b468fd1f6a;21c1d5ca9fdb7329;86bf0f45d6f37114;29521ac2ae573962;0a5efc6bb33b63cf;4244400ce3882015;1efbbed0d4254111;6443b4a7cf37bb3b;90f10e4d41a48dfa;7b2ec1e76861364e;b7d053c857f0c034;b19d22d971969441;0d4bb1db45b579d4,77a4994b107eb53d;6601220f69badb9c;e1c0a0d8f00908a8;3342d4432a981492;4b5d68a6e62ace10;397fd00aa9cb1919;f36c5b6205902ffc;8b6412f96955dde1;baacd8854320bb8e;060088fdfa7c0093;6ffbe0b5871fe5ef;da28dbb4d408f899;07e8cbb59e83de53;bb653fac3df9a067;67a2379095545146;e2488b24afb32bab;9022aae6bc37c2c5;a23e983611fa45d5;06718773b0343e73;4b782f34d6e99ac6;2f4106d904009bc6;c87dd441df005362;791759fe059bac54;d2bc4149de4c5564;46a530381fd40c14;6a838ef40da27e91;1f165c1a9d4b5ddb;2f5345440e4d8727;4362a829b877c7e6;5116a863e999b86b;74493f01e0729b01;4523099c2ccaf1c6
conservative_lag,decision,SocialGood:h3:f1:o575,575,1,19,32,51,c437717d8175a90b;0733d1ddbca2c6d6;7eb8e8da959abf4f;ce1b9509e1dc5f29;c5caa33c5e6f079f;d82ec5180d6c2d54;e06e84b468fd1f6a;21c1d5ca9fdb7329;86bf0f45d6f37114;29521ac2ae573962;0a5efc6bb33b63cf;4244400ce3882015;1efbbed0d4254111;6443b4a7cf37bb3b;90f10e4d41a48dfa;7b2ec1e76861364e;b7d053c857f0c034;b19d22d971969441;0d4bb1db45b579d4,88f4e580a9a10f48;f658cc71d5675e68;a68eaf80b0ab96ab;f144c704f03070f5;f6291dac1c926f2a;3f456d7578e8ee92;c2d35e5a3a253814;5eee1732d45eb22a;af68ef587547b759;77a4994b107eb53d;6601220f69badb9c;e1c0a0d8f00908a8;3342d4432a981492;4b5d68a6e62ace10;397fd00aa9cb1919;f36c5b6205902ffc;8b6412f96955dde1;baacd8854320bb8e;060088fdfa7c0093;6ffbe0b5871fe5ef;da28dbb4d408f899;07e8cbb59e83de53;bb653fac3df9a067;67a2379095545146;e2488b24afb32bab;9022aae6bc37c2c5;a23e983611fa45d5;06718773b0343e73;4b782f34d6e99ac6;2f4106d904009bc6;c87dd441df005362;791759fe059bac54
conservative_lag,decision,SocialGood:h3:f1:o576,576,1,20,32,52,f7fef8af63e51d7c;c437717d8175a90b;0733d1ddbca2c6d6;7eb8e8da959abf4f;ce1b9509e1dc5f29;c5caa33c5e6f079f;d82ec5180d6c2d54;e06e84b468fd1f6a;21c1d5ca9fdb7329;86bf0f45d6f37114;29521ac2ae573962;0a5efc6bb33b63cf;4244400ce3882015;1efbbed0d4254111;6443b4a7cf37bb3b;90f10e4d41a48dfa;7b2ec1e76861364e;b7d053c857f0c034;b19d22d971969441;0d4bb1db45b579d4,dd2d145e38a13d3a;315f7f4e4941707d;aa1479e14ce9e02e;e2bd230ff4b2f227;f24f39139108de23;3011f525d0f116a4;d0895c50245da02c;88f4e580a9a10f48;f658cc71d5675e68;a68eaf80b0ab96ab;f144c704f03070f5;f6291dac1c926f2a;3f456d7578e8ee92;c2d35e5a3a253814;5eee1732d45eb22a;af68ef587547b759;77a4994b107eb53d;6601220f69badb9c;e1c0a0d8f00908a8;3342d4432a981492;4b5d68a6e62ace10;397fd00aa9cb1919;f36c5b6205902ffc;8b6412f96955dde1;baacd8854320bb8e;060088fdfa7c0093;6ffbe0b5871fe5ef;da28dbb4d408f899;07e8cbb59e83de53;bb653fac3df9a067;67a2379095545146;e2488b24afb32bab
conservative_lag,decision,SocialGood:h3:f1:o577,577,1,20,32,52,a8b98c9bfdb78bf5;f7fef8af63e51d7c;c437717d8175a90b;0733d1ddbca2c6d6;7eb8e8da959abf4f;ce1b9509e1dc5f29;c5caa33c5e6f079f;d82ec5180d6c2d54;e06e84b468fd1f6a;21c1d5ca9fdb7329;86bf0f45d6f37114;29521ac2ae573962;0a5efc6bb33b63cf;4244400ce3882015;1efbbed0d4254111;6443b4a7cf37bb3b;90f10e4d41a48dfa;7b2ec1e76861364e;b7d053c857f0c034;b19d22d971969441,1005f485ffe06a6e;f69aacd8cdfacc99;80dac974789b88f4;f36dda4209c0fbee;889840a1ab2d7f37;e250033da5cc6d0d;84f392ef207cf37a;a36d11500a6ad519;74d2a20f13fef368;c6316ead7c4d8c3b;dd2d145e38a13d3a;315f7f4e4941707d;aa1479e14ce9e02e;e2bd230ff4b2f227;f24f39139108de23;3011f525d0f116a4;d0895c50245da02c;88f4e580a9a10f48;f658cc71d5675e68;a68eaf80b0ab96ab;f144c704f03070f5;f6291dac1c926f2a;3f456d7578e8ee92;c2d35e5a3a253814;5eee1732d45eb22a;af68ef587547b759;77a4994b107eb53d;6601220f69badb9c;e1c0a0d8f00908a8;3342d4432a981492;4b5d68a6e62ace10;397fd00aa9cb1919
conservative_lag,decision,SocialGood:h3:f1:o578,578,1,19,32,51,a8b98c9bfdb78bf5;f7fef8af63e51d7c;c437717d8175a90b;0733d1ddbca2c6d6;7eb8e8da959abf4f;ce1b9509e1dc5f29;c5caa33c5e6f079f;d82ec5180d6c2d54;e06e84b468fd1f6a;21c1d5ca9fdb7329;86bf0f45d6f37114;29521ac2ae573962;0a5efc6bb33b63cf;4244400ce3882015;1efbbed0d4254111;6443b4a7cf37bb3b;90f10e4d41a48dfa;7b2ec1e76861364e;b7d053c857f0c034,0e3fd6805a92cb17;2923899604420d0d;53e9db2e90f28ec8;8203a680fea55b1f;2ef956fff277cc27;4dbd811ffce729dc;0426609b379f6ee8;fd1823e19d21965d;1005f485ffe06a6e;f69aacd8cdfacc99;80dac974789b88f4;f36dda4209c0fbee;889840a1ab2d7f37;e250033da5cc6d0d;84f392ef207cf37a;a36d11500a6ad519;74d2a20f13fef368;c6316ead7c4d8c3b;dd2d145e38a13d3a;315f7f4e4941707d;aa1479e14ce9e02e;e2bd230ff4b2f227;f24f39139108de23;3011f525d0f116a4;d0895c50245da02c;88f4e580a9a10f48;f658cc71d5675e68;a68eaf80b0ab96ab;f144c704f03070f5;f6291dac1c926f2a;3f456d7578e8ee92;c2d35e5a3a253814
conservative_lag,decision,SocialGood:h3:f1:o579,579,1,20,32,52,0fe133c2b1358346;60852337109e1518;a8b98c9bfdb78bf5;f7fef8af63e51d7c;c437717d8175a90b;0733d1ddbca2c6d6;7eb8e8da959abf4f;ce1b9509e1dc5f29;c5caa33c5e6f079f;d82ec5180d6c2d54;e06e84b468fd1f6a;21c1d5ca9fdb7329;86bf0f45d6f37114;29521ac2ae573962;0a5efc6bb33b63cf;4244400ce3882015;1efbbed0d4254111;6443b4a7cf37bb3b;90f10e4d41a48dfa;7b2ec1e76861364e,715424303fc91c14;99cc241b06d87882;29b42a102eba8de2;da5ab5d60f11b4cd;3ac6ed3afe1fccae;3b0a97c7f14f2345;0ad90710b8080ce0;f0e62af2c44e8e43;0e3fd6805a92cb17;2923899604420d0d;53e9db2e90f28ec8;8203a680fea55b1f;2ef956fff277cc27;4dbd811ffce729dc;0426609b379f6ee8;fd1823e19d21965d;1005f485ffe06a6e;f69aacd8cdfacc99;80dac974789b88f4;f36dda4209c0fbee;889840a1ab2d7f37;e250033da5cc6d0d;84f392ef207cf37a;a36d11500a6ad519;74d2a20f13fef368;c6316ead7c4d8c3b;dd2d145e38a13d3a;315f7f4e4941707d;aa1479e14ce9e02e;e2bd230ff4b2f227;f24f39139108de23;3011f525d0f116a4
conservative_lag,decision,SocialGood:h3:f1:o580,580,1,19,32,51,0fe133c2b1358346;60852337109e1518;a8b98c9bfdb78bf5;f7fef8af63e51d7c;c437717d8175a90b;0733d1ddbca2c6d6;7eb8e8da959abf4f;ce1b9509e1dc5f29;c5caa33c5e6f079f;d82ec5180d6c2d54;e06e84b468fd1f6a;21c1d5ca9fdb7329;86bf0f45d6f37114;29521ac2ae573962;0a5efc6bb33b63cf;4244400ce3882015;1efbbed0d4254111;6443b4a7cf37bb3b;90f10e4d41a48dfa,c4b07c7aef610dfb;fe5fd625eb38af54;329b63fcf3811203;c7ad5bd65d3a60f5;23f8497924308e88;d370fa4ae422e33d;2eaf9fb67acb5e17;b82d1ab0e73fb8c9;715424303fc91c14;99cc241b06d87882;29b42a102eba8de2;da5ab5d60f11b4cd;3ac6ed3afe1fccae;3b0a97c7f14f2345;0ad90710b8080ce0;f0e62af2c44e8e43;0e3fd6805a92cb17;2923899604420d0d;53e9db2e90f28ec8;8203a680fea55b1f;2ef956fff277cc27;4dbd811ffce729dc;0426609b379f6ee8;fd1823e19d21965d;1005f485ffe06a6e;f69aacd8cdfacc99;80dac974789b88f4;f36dda4209c0fbee;889840a1ab2d7f37;e250033da5cc6d0d;84f392ef207cf37a;a36d11500a6ad519
conservative_lag,decision,SocialGood:h3:f1:o581,581,1,20,32,52,dc15768a901b6047;ff704b3646033d42;0fe133c2b1358346;60852337109e1518;a8b98c9bfdb78bf5;f7fef8af63e51d7c;c437717d8175a90b;0733d1ddbca2c6d6;7eb8e8da959abf4f;ce1b9509e1dc5f29;c5caa33c5e6f079f;d82ec5180d6c2d54;e06e84b468fd1f6a;21c1d5ca9fdb7329;86bf0f45d6f37114;29521ac2ae573962;0a5efc6bb33b63cf;4244400ce3882015;1efbbed0d4254111;6443b4a7cf37bb3b,017ab36d99e8d05a;ecacb79e2212c39b;6e59dfc75ab389df;e4085cf80e85b964;8f8fdf0ececce0b6;d997f03fde030121;25789ba4fe3dc5d4;974c26904897dacc;849f269ff512d4d1;b18b404c53c7eaa3;c4b07c7aef610dfb;fe5fd625eb38af54;329b63fcf3811203;c7ad5bd65d3a60f5;23f8497924308e88;d370fa4ae422e33d;2eaf9fb67acb5e17;b82d1ab0e73fb8c9;715424303fc91c14;99cc241b06d87882;29b42a102eba8de2;da5ab5d60f11b4cd;3ac6ed3afe1fccae;3b0a97c7f14f2345;0ad90710b8080ce0;f0e62af2c44e8e43;0e3fd6805a92cb17;2923899604420d0d;53e9db2e90f28ec8;8203a680fea55b1f;2ef956fff277cc27;4dbd811ffce729dc
conservative_lag,decision,SocialGood:h3:f1:o582,582,1,19,32,51,dc15768a901b6047;ff704b3646033d42;0fe133c2b1358346;60852337109e1518;a8b98c9bfdb78bf5;f7fef8af63e51d7c;c437717d8175a90b;0733d1ddbca2c6d6;7eb8e8da959abf4f;ce1b9509e1dc5f29;c5caa33c5e6f079f;d82ec5180d6c2d54;e06e84b468fd1f6a;21c1d5ca9fdb7329;86bf0f45d6f37114;29521ac2ae573962;0a5efc6bb33b63cf;4244400ce3882015;1efbbed0d4254111,e213b9ea814d5f77;b8f1ee0d2152d5b4;dfb17944c5bdbba5;5567a56b1d276dd9;60f177dcdb4939b7;85cbb64d5ee1e2ea;b1aafc1d0986eec3;017ab36d99e8d05a;ecacb79e2212c39b;6e59dfc75ab389df;e4085cf80e85b964;8f8fdf0ececce0b6;d997f03fde030121;25789ba4fe3dc5d4;974c26904897dacc;849f269ff512d4d1;b18b404c53c7eaa3;c4b07c7aef610dfb;fe5fd625eb38af54;329b63fcf3811203;c7ad5bd65d3a60f5;23f8497924308e88;d370fa4ae422e33d;2eaf9fb67acb5e17;b82d1ab0e73fb8c9;715424303fc91c14;99cc241b06d87882;29b42a102eba8de2;da5ab5d60f11b4cd;3ac6ed3afe1fccae;3b0a97c7f14f2345;0ad90710b8080ce0
conservative_lag,decision,SocialGood:h3:f1:o583,583,1,20,32,52,9fd146d19f991344;834708e0f5547418;dc15768a901b6047;ff704b3646033d42;0fe133c2b1358346;60852337109e1518;a8b98c9bfdb78bf5;f7fef8af63e51d7c;c437717d8175a90b;0733d1ddbca2c6d6;7eb8e8da959abf4f;ce1b9509e1dc5f29;c5caa33c5e6f079f;d82ec5180d6c2d54;e06e84b468fd1f6a;21c1d5ca9fdb7329;86bf0f45d6f37114;29521ac2ae573962;0a5efc6bb33b63cf;4244400ce3882015,e2faf4eccf064572;fb66c8694677ae80;a9a5aab95dee3f98;b702826ddfe5f857;fff5d65c16a6f7ea;833d9c3c2558c43f;fd999e20110e4eb4;06c68aabf10ad7cb;a86ad159e450b5fd;e213b9ea814d5f77;b8f1ee0d2152d5b4;dfb17944c5bdbba5;5567a56b1d276dd9;60f177dcdb4939b7;85cbb64d5ee1e2ea;b1aafc1d0986eec3;017ab36d99e8d05a;ecacb79e2212c39b;6e59dfc75ab389df;e4085cf80e85b964;8f8fdf0ececce0b6;d997f03fde030121;25789ba4fe3dc5d4;974c26904897dacc;849f269ff512d4d1;b18b404c53c7eaa3;c4b07c7aef610dfb;fe5fd625eb38af54;329b63fcf3811203;c7ad5bd65d3a60f5;23f8497924308e88;d370fa4ae422e33d
conservative_lag,decision,SocialGood:h3:f1:o584,584,1,20,32,52,3a95c8b0aa6b7a6c;9fd146d19f991344;834708e0f5547418;dc15768a901b6047;ff704b3646033d42;0fe133c2b1358346;60852337109e1518;a8b98c9bfdb78bf5;f7fef8af63e51d7c;c437717d8175a90b;0733d1ddbca2c6d6;7eb8e8da959abf4f;ce1b9509e1dc5f29;c5caa33c5e6f079f;d82ec5180d6c2d54;e06e84b468fd1f6a;21c1d5ca9fdb7329;86bf0f45d6f37114;29521ac2ae573962;0a5efc6bb33b63cf,1191d2635651a139;988a8010294f5626;079a13a91cb4e5bc;f4453a7a0e75ade8;2c8e1da019d70308;591b64c8302a6250;b5f685cd2f1c0cfd;edb289d97031e752;e2faf4eccf064572;fb66c8694677ae80;a9a5aab95dee3f98;b702826ddfe5f857;fff5d65c16a6f7ea;833d9c3c2558c43f;fd999e20110e4eb4;06c68aabf10ad7cb;a86ad159e450b5fd;e213b9ea814d5f77;b8f1ee0d2152d5b4;dfb17944c5bdbba5;5567a56b1d276dd9;60f177dcdb4939b7;85cbb64d5ee1e2ea;b1aafc1d0986eec3;017ab36d99e8d05a;ecacb79e2212c39b;6e59dfc75ab389df;e4085cf80e85b964;8f8fdf0ececce0b6;d997f03fde030121;25789ba4fe3dc5d4;974c26904897dacc
conservative_lag,decision,SocialGood:h3:f1:o585,585,1,19,32,51,3a95c8b0aa6b7a6c;9fd146d19f991344;834708e0f5547418;dc15768a901b6047;ff704b3646033d42;0fe133c2b1358346;60852337109e1518;a8b98c9bfdb78bf5;f7fef8af63e51d7c;c437717d8175a90b;0733d1ddbca2c6d6;7eb8e8da959abf4f;ce1b9509e1dc5f29;c5caa33c5e6f079f;d82ec5180d6c2d54;e06e84b468fd1f6a;21c1d5ca9fdb7329;86bf0f45d6f37114;29521ac2ae573962,26601fb033b9e8a1;2c158a4b8f6ec3b9;09bd0ef4aefbd6f6;98f33c7fd62ed460;03e69ecdfbf062cb;f4a45f3506d76dc8;25a93a51751b0f7c;7d33fbc26e289c75;1191d2635651a139;988a8010294f5626;079a13a91cb4e5bc;f4453a7a0e75ade8;2c8e1da019d70308;591b64c8302a6250;b5f685cd2f1c0cfd;edb289d97031e752;e2faf4eccf064572;fb66c8694677ae80;a9a5aab95dee3f98;b702826ddfe5f857;fff5d65c16a6f7ea;833d9c3c2558c43f;fd999e20110e4eb4;06c68aabf10ad7cb;a86ad159e450b5fd;e213b9ea814d5f77;b8f1ee0d2152d5b4;dfb17944c5bdbba5;5567a56b1d276dd9;60f177dcdb4939b7;85cbb64d5ee1e2ea;b1aafc1d0986eec3
conservative_lag,decision,SocialGood:h3:f1:o586,586,1,20,32,52,9b66b6d45894f749;c5ea24e876a90e1a;3a95c8b0aa6b7a6c;9fd146d19f991344;834708e0f5547418;dc15768a901b6047;ff704b3646033d42;0fe133c2b1358346;60852337109e1518;a8b98c9bfdb78bf5;f7fef8af63e51d7c;c437717d8175a90b;0733d1ddbca2c6d6;7eb8e8da959abf4f;ce1b9509e1dc5f29;c5caa33c5e6f079f;d82ec5180d6c2d54;e06e84b468fd1f6a;21c1d5ca9fdb7329;86bf0f45d6f37114,03f1ce2a340705a3;abb7b78910ca3a82;2e92dbb0101a0e96;b87e2f375b715116;1ac88b612682d2f2;adc2b5db9ef85b6f;2e28b1d1e67c34c2;f50a9fb1cf20adc2;a4985c1459501eff;c0971b4be00c720a;26601fb033b9e8a1;2c158a4b8f6ec3b9;09bd0ef4aefbd6f6;98f33c7fd62ed460;03e69ecdfbf062cb;f4a45f3506d76dc8;25a93a51751b0f7c;7d33fbc26e289c75;1191d2635651a139;988a8010294f5626;079a13a91cb4e5bc;f4453a7a0e75ade8;2c8e1da019d70308;591b64c8302a6250;b5f685cd2f1c0cfd;edb289d97031e752;e2faf4eccf064572;fb66c8694677ae80;a9a5aab95dee3f98;b702826ddfe5f857;fff5d65c16a6f7ea;833d9c3c2558c43f
conservative_lag,decision,SocialGood:h3:f1:o587,587,1,19,32,51,9b66b6d45894f749;c5ea24e876a90e1a;3a95c8b0aa6b7a6c;9fd146d19f991344;834708e0f5547418;dc15768a901b6047;ff704b3646033d42;0fe133c2b1358346;60852337109e1518;a8b98c9bfdb78bf5;f7fef8af63e51d7c;c437717d8175a90b;0733d1ddbca2c6d6;7eb8e8da959abf4f;ce1b9509e1dc5f29;c5caa33c5e6f079f;d82ec5180d6c2d54;e06e84b468fd1f6a;21c1d5ca9fdb7329,cb31806d45d99f47;e685efaa56bd8fe4;3544046005d23dc2;4790a6dc24ebd31e;3725a3be164310f7;a1b58651040df8c0;983d245432739354;b5c3857a01175b82;03f1ce2a340705a3;abb7b78910ca3a82;2e92dbb0101a0e96;b87e2f375b715116;1ac88b612682d2f2;adc2b5db9ef85b6f;2e28b1d1e67c34c2;f50a9fb1cf20adc2;a4985c1459501eff;c0971b4be00c720a;26601fb033b9e8a1;2c158a4b8f6ec3b9;09bd0ef4aefbd6f6;98f33c7fd62ed460;03e69ecdfbf062cb;f4a45f3506d76dc8;25a93a51751b0f7c;7d33fbc26e289c75;1191d2635651a139;988a8010294f5626;079a13a91cb4e5bc;f4453a7a0e75ade8;2c8e1da019d70308;591b64c8302a6250
conservative_lag,decision,SocialGood:h3:f1:o588,588,1,20,32,52,b2395090f3cf663c;1b77eda194ab91b2;9b66b6d45894f749;c5ea24e876a90e1a;3a95c8b0aa6b7a6c;9fd146d19f991344;834708e0f5547418;dc15768a901b6047;ff704b3646033d42;0fe133c2b1358346;60852337109e1518;a8b98c9bfdb78bf5;f7fef8af63e51d7c;c437717d8175a90b;0733d1ddbca2c6d6;7eb8e8da959abf4f;ce1b9509e1dc5f29;c5caa33c5e6f079f;d82ec5180d6c2d54;e06e84b468fd1f6a,c93bbe85fd0deb9a;d521764d30391725;edb9c433ded1ccb1;fd08ce2ca0010406;04d77d8060d8e74f;e5c6a217add1d33f;724d65382a606995;c24fc611421fbec5;cb31806d45d99f47;e685efaa56bd8fe4;3544046005d23dc2;4790a6dc24ebd31e;3725a3be164310f7;a1b58651040df8c0;983d245432739354;b5c3857a01175b82;03f1ce2a340705a3;abb7b78910ca3a82;2e92dbb0101a0e96;b87e2f375b715116;1ac88b612682d2f2;adc2b5db9ef85b6f;2e28b1d1e67c34c2;f50a9fb1cf20adc2;a4985c1459501eff;c0971b4be00c720a;26601fb033b9e8a1;2c158a4b8f6ec3b9;09bd0ef4aefbd6f6;98f33c7fd62ed460;03e69ecdfbf062cb;f4a45f3506d76dc8
conservative_lag,decision,SocialGood:h3:f1:o589,589,1,21,32,53,a73da7451bff7091;b2395090f3cf663c;1b77eda194ab91b2;9b66b6d45894f749;c5ea24e876a90e1a;3a95c8b0aa6b7a6c;9fd146d19f991344;834708e0f5547418;dc15768a901b6047;ff704b3646033d42;0fe133c2b1358346;60852337109e1518;a8b98c9bfdb78bf5;f7fef8af63e51d7c;c437717d8175a90b;0733d1ddbca2c6d6;7eb8e8da959abf4f;ce1b9509e1dc5f29;c5caa33c5e6f079f;d82ec5180d6c2d54;e06e84b468fd1f6a,09bc0d5d62b09f4a;873086cab2286e3f;9aca63801152d3cb;eb839fa13774be42;0e9e4ad76bcdc00a;4e90cf2cf2541d63;a4bc013f2ac3059b;3148cc550b1ed633;77154b5ef038adc0;c93bbe85fd0deb9a;d521764d30391725;edb9c433ded1ccb1;fd08ce2ca0010406;04d77d8060d8e74f;e5c6a217add1d33f;724d65382a606995;c24fc611421fbec5;cb31806d45d99f47;e685efaa56bd8fe4;3544046005d23dc2;4790a6dc24ebd31e;3725a3be164310f7;a1b58651040df8c0;983d245432739354;b5c3857a01175b82;03f1ce2a340705a3;abb7b78910ca3a82;2e92dbb0101a0e96;b87e2f375b715116;1ac88b612682d2f2;adc2b5db9ef85b6f;2e28b1d1e67c34c2
conservative_lag,decision,SocialGood:h3:f1:o590,590,1,20,32,52,a73da7451bff7091;b2395090f3cf663c;1b77eda194ab91b2;9b66b6d45894f749;c5ea24e876a90e1a;3a95c8b0aa6b7a6c;9fd146d19f991344;834708e0f5547418;dc15768a901b6047;ff704b3646033d42;0fe133c2b1358346;60852337109e1518;a8b98c9bfdb78bf5;f7fef8af63e51d7c;c437717d8175a90b;0733d1ddbca2c6d6;7eb8e8da959abf4f;ce1b9509e1dc5f29;c5caa33c5e6f079f;d82ec5180d6c2d54,14273bb855bb244e;cd635dd4c9ee600e;1b0937ef1093ae23;30238907a174bad4;25a9de7a7b94a2f7;b8b4ffd7ced3d2e1;32eb9b392a52fa5d;de75c59596553258;09bc0d5d62b09f4a;873086cab2286e3f;9aca63801152d3cb;eb839fa13774be42;0e9e4ad76bcdc00a;4e90cf2cf2541d63;a4bc013f2ac3059b;3148cc550b1ed633;77154b5ef038adc0;c93bbe85fd0deb9a;d521764d30391725;edb9c433ded1ccb1;fd08ce2ca0010406;04d77d8060d8e74f;e5c6a217add1d33f;724d65382a606995;c24fc611421fbec5;cb31806d45d99f47;e685efaa56bd8fe4;3544046005d23dc2;4790a6dc24ebd31e;3725a3be164310f7;a1b58651040df8c0;983d245432739354
conservative_lag,decision,SocialGood:h3:f1:o591,591,1,21,32,53,1ae86d2a3fe96bdf;cd75d84771814516;a73da7451bff7091;b2395090f3cf663c;1b77eda194ab91b2;9b66b6d45894f749;c5ea24e876a90e1a;3a95c8b0aa6b7a6c;9fd146d19f991344;834708e0f5547418;dc15768a901b6047;ff704b3646033d42;0fe133c2b1358346;60852337109e1518;a8b98c9bfdb78bf5;f7fef8af63e51d7c;c437717d8175a90b;0733d1ddbca2c6d6;7eb8e8da959abf4f;ce1b9509e1dc5f29;c5caa33c5e6f079f,d3896245863509ab;7c8ae48fff1edc77;7c93d6f7d8be608b;1493d6aa247f136f;175e35bd097ab037;a15cb43008de1b78;c71de999cf842dd9;14273bb855bb244e;cd635dd4c9ee600e;1b0937ef1093ae23;30238907a174bad4;25a9de7a7b94a2f7;b8b4ffd7ced3d2e1;32eb9b392a52fa5d;de75c59596553258;09bc0d5d62b09f4a;873086cab2286e3f;9aca63801152d3cb;eb839fa13774be42;0e9e4ad76bcdc00a;4e90cf2cf2541d63;a4bc013f2ac3059b;3148cc550b1ed633;77154b5ef038adc0;c93bbe85fd0deb9a;d521764d30391725;edb9c433ded1ccb1;fd08ce2ca0010406;04d77d8060d8e74f;e5c6a217add1d33f;724d65382a606995;c24fc611421fbec5
conservative_lag,decision,SocialGood:h3:f1:o592,592,1,20,32,52,1ae86d2a3fe96bdf;cd75d84771814516;a73da7451bff7091;b2395090f3cf663c;1b77eda194ab91b2;9b66b6d45894f749;c5ea24e876a90e1a;3a95c8b0aa6b7a6c;9fd146d19f991344;834708e0f5547418;dc15768a901b6047;ff704b3646033d42;0fe133c2b1358346;60852337109e1518;a8b98c9bfdb78bf5;f7fef8af63e51d7c;c437717d8175a90b;0733d1ddbca2c6d6;7eb8e8da959abf4f;ce1b9509e1dc5f29,3ed80526b4edc776;904fbf16cdce1f04;67975c4c969ad2b7;a469bb1a0b842721;b9e90db57ba139c2;faa8ec2e5effb869;48a16deafc349388;d0e57c748db35e7d;80ec35db7693f234;e1823f7f8c566617;d3896245863509ab;7c8ae48fff1edc77;7c93d6f7d8be608b;1493d6aa247f136f;175e35bd097ab037;a15cb43008de1b78;c71de999cf842dd9;14273bb855bb244e;cd635dd4c9ee600e;1b0937ef1093ae23;30238907a174bad4;25a9de7a7b94a2f7;b8b4ffd7ced3d2e1;32eb9b392a52fa5d;de75c59596553258;09bc0d5d62b09f4a;873086cab2286e3f;9aca63801152d3cb;eb839fa13774be42;0e9e4ad76bcdc00a;4e90cf2cf2541d63;a4bc013f2ac3059b
conservative_lag,decision,SocialGood:h3:f1:o593,593,1,21,32,53,83fbdb573165f571;1ae86d2a3fe96bdf;cd75d84771814516;a73da7451bff7091;b2395090f3cf663c;1b77eda194ab91b2;9b66b6d45894f749;c5ea24e876a90e1a;3a95c8b0aa6b7a6c;9fd146d19f991344;834708e0f5547418;dc15768a901b6047;ff704b3646033d42;0fe133c2b1358346;60852337109e1518;a8b98c9bfdb78bf5;f7fef8af63e51d7c;c437717d8175a90b;0733d1ddbca2c6d6;7eb8e8da959abf4f;ce1b9509e1dc5f29,b5bdf679ed73de14;f63b19490e083108;cf6a01880c3619b8;db8753557c582804;b19e4a623b60cb46;cbd2771b2e295222;ccc6954e698ac52d;dda45e4fc378fec9;3ed80526b4edc776;904fbf16cdce1f04;67975c4c969ad2b7;a469bb1a0b842721;b9e90db57ba139c2;faa8ec2e5effb869;48a16deafc349388;d0e57c748db35e7d;80ec35db7693f234;e1823f7f8c566617;d3896245863509ab;7c8ae48fff1edc77;7c93d6f7d8be608b;1493d6aa247f136f;175e35bd097ab037;a15cb43008de1b78;c71de999cf842dd9;14273bb855bb244e;cd635dd4c9ee600e;1b0937ef1093ae23;30238907a174bad4;25a9de7a7b94a2f7;b8b4ffd7ced3d2e1;32eb9b392a52fa5d
conservative_lag,decision,SocialGood:h3:f1:o594,594,1,20,32,52,83fbdb573165f571;1ae86d2a3fe96bdf;cd75d84771814516;a73da7451bff7091;b2395090f3cf663c;1b77eda194ab91b2;9b66b6d45894f749;c5ea24e876a90e1a;3a95c8b0aa6b7a6c;9fd146d19f991344;834708e0f5547418;dc15768a901b6047;ff704b3646033d42;0fe133c2b1358346;60852337109e1518;a8b98c9bfdb78bf5;f7fef8af63e51d7c;c437717d8175a90b;0733d1ddbca2c6d6;7eb8e8da959abf4f,1edc406e08d86862;ec13ad5f3d7dc51c;3bc75ed8c51c2034;f5037f7a31376b65;5da5c79e6c9f0353;a42763252b002f52;2f8c4ebb161e7227;54a1ea4eb49ab511;b5bdf679ed73de14;f63b19490e083108;cf6a01880c3619b8;db8753557c582804;b19e4a623b60cb46;cbd2771b2e295222;ccc6954e698ac52d;dda45e4fc378fec9;3ed80526b4edc776;904fbf16cdce1f04;67975c4c969ad2b7;a469bb1a0b842721;b9e90db57ba139c2;faa8ec2e5effb869;48a16deafc349388;d0e57c748db35e7d;80ec35db7693f234;e1823f7f8c566617;d3896245863509ab;7c8ae48fff1edc77;7c93d6f7d8be608b;1493d6aa247f136f;175e35bd097ab037;a15cb43008de1b78
conservative_lag,decision,SocialGood:h3:f1:o595,595,1,20,32,52,9a17cd500b006e5a;83fbdb573165f571;1ae86d2a3fe96bdf;cd75d84771814516;a73da7451bff7091;b2395090f3cf663c;1b77eda194ab91b2;9b66b6d45894f749;c5ea24e876a90e1a;3a95c8b0aa6b7a6c;9fd146d19f991344;834708e0f5547418;dc15768a901b6047;ff704b3646033d42;0fe133c2b1358346;60852337109e1518;a8b98c9bfdb78bf5;f7fef8af63e51d7c;c437717d8175a90b;0733d1ddbca2c6d6,24c793794b07d9ab;9029b1ed408d7b46;49397c70d16fbbe9;5ce780aca1d1bc01;2f43e83e4f94c020;f4e0ae208214a49e;96ab68e28043ecf3;a749bf0a04a0b460;6e6b41d35927984c;9f689279a9936ecf;1edc406e08d86862;ec13ad5f3d7dc51c;3bc75ed8c51c2034;f5037f7a31376b65;5da5c79e6c9f0353;a42763252b002f52;2f8c4ebb161e7227;54a1ea4eb49ab511;b5bdf679ed73de14;f63b19490e083108;cf6a01880c3619b8;db8753557c582804;b19e4a623b60cb46;cbd2771b2e295222;ccc6954e698ac52d;dda45e4fc378fec9;3ed80526b4edc776;904fbf16cdce1f04;67975c4c969ad2b7;a469bb1a0b842721;b9e90db57ba139c2;faa8ec2e5effb869
conservative_lag,decision,SocialGood:h3:f1:o596,596,1,19,32,51,9a17cd500b006e5a;83fbdb573165f571;1ae86d2a3fe96bdf;cd75d84771814516;a73da7451bff7091;b2395090f3cf663c;1b77eda194ab91b2;9b66b6d45894f749;c5ea24e876a90e1a;3a95c8b0aa6b7a6c;9fd146d19f991344;834708e0f5547418;dc15768a901b6047;ff704b3646033d42;0fe133c2b1358346;60852337109e1518;a8b98c9bfdb78bf5;f7fef8af63e51d7c;c437717d8175a90b,ded980a207565324;dfbe327d741d47a2;25eb5675c9be36a3;f065db67072853a8;2ae7ce5aa2c549a7;5856a37e4a1c1e92;3894cce3878bb99b;df29895b0b1973f0;24c793794b07d9ab;9029b1ed408d7b46;49397c70d16fbbe9;5ce780aca1d1bc01;2f43e83e4f94c020;f4e0ae208214a49e;96ab68e28043ecf3;a749bf0a04a0b460;6e6b41d35927984c;9f689279a9936ecf;1edc406e08d86862;ec13ad5f3d7dc51c;3bc75ed8c51c2034;f5037f7a31376b65;5da5c79e6c9f0353;a42763252b002f52;2f8c4ebb161e7227;54a1ea4eb49ab511;b5bdf679ed73de14;f63b19490e083108;cf6a01880c3619b8;db8753557c582804;b19e4a623b60cb46;cbd2771b2e295222
conservative_lag,decision,SocialGood:h3:f1:o597,597,1,18,32,50,9a17cd500b006e5a;83fbdb573165f571;1ae86d2a3fe96bdf;cd75d84771814516;a73da7451bff7091;b2395090f3cf663c;1b77eda194ab91b2;9b66b6d45894f749;c5ea24e876a90e1a;3a95c8b0aa6b7a6c;9fd146d19f991344;834708e0f5547418;dc15768a901b6047;ff704b3646033d42;0fe133c2b1358346;60852337109e1518;a8b98c9bfdb78bf5;f7fef8af63e51d7c,2a6b7bc00587fe07;872094cf768316da;124f343714030a81;8122dfa5900c0c77;0772d7d586f5fa9c;fb5cd7f9c65dda77;995ed75c99450c7f;fe0b6e545b2a0796;ded980a207565324;dfbe327d741d47a2;25eb5675c9be36a3;f065db67072853a8;2ae7ce5aa2c549a7;5856a37e4a1c1e92;3894cce3878bb99b;df29895b0b1973f0;24c793794b07d9ab;9029b1ed408d7b46;49397c70d16fbbe9;5ce780aca1d1bc01;2f43e83e4f94c020;f4e0ae208214a49e;96ab68e28043ecf3;a749bf0a04a0b460;6e6b41d35927984c;9f689279a9936ecf;1edc406e08d86862;ec13ad5f3d7dc51c;3bc75ed8c51c2034;f5037f7a31376b65;5da5c79e6c9f0353;a42763252b002f52
conservative_lag,decision,SocialGood:h3:f1:o598,598,1,19,32,51,0fa0eca227540c37;7ecd923c85e1ec1c;9a17cd500b006e5a;83fbdb573165f571;1ae86d2a3fe96bdf;cd75d84771814516;a73da7451bff7091;b2395090f3cf663c;1b77eda194ab91b2;9b66b6d45894f749;c5ea24e876a90e1a;3a95c8b0aa6b7a6c;9fd146d19f991344;834708e0f5547418;dc15768a901b6047;ff704b3646033d42;0fe133c2b1358346;60852337109e1518;a8b98c9bfdb78bf5,a9099a5ba22a010d;f8bab088a19d6a84;1075dc7814830296;445dcf0996e7b763;91d5e83932fb85ce;b886759299bc7fee;230e924404df9dae;2ec45d29680484b4;87c9124f77408a27;89a84827c97a2c97;2a6b7bc00587fe07;872094cf768316da;124f343714030a81;8122dfa5900c0c77;0772d7d586f5fa9c;fb5cd7f9c65dda77;995ed75c99450c7f;fe0b6e545b2a0796;ded980a207565324;dfbe327d741d47a2;25eb5675c9be36a3;f065db67072853a8;2ae7ce5aa2c549a7;5856a37e4a1c1e92;3894cce3878bb99b;df29895b0b1973f0;24c793794b07d9ab;9029b1ed408d7b46;49397c70d16fbbe9;5ce780aca1d1bc01;2f43e83e4f94c020;f4e0ae208214a49e
conservative_lag,decision,SocialGood:h3:f1:o599,599,1,19,32,51,0fa0eca227540c37;7ecd923c85e1ec1c;9a17cd500b006e5a;83fbdb573165f571;1ae86d2a3fe96bdf;cd75d84771814516;a73da7451bff7091;b2395090f3cf663c;1b77eda194ab91b2;9b66b6d45894f749;c5ea24e876a90e1a;3a95c8b0aa6b7a6c;9fd146d19f991344;834708e0f5547418;dc15768a901b6047;ff704b3646033d42;0fe133c2b1358346;60852337109e1518;a8b98c9bfdb78bf5,822759baa6c6ae87;d0b33a3ec27eefb8;a49123752d5f98f0;d03310c75a181f6c;456693e11e09a855;a46237f2b415668b;0757f780b1e1c68d;a24744088a9074be;a9099a5ba22a010d;f8bab088a19d6a84;1075dc7814830296;445dcf0996e7b763;91d5e83932fb85ce;b886759299bc7fee;230e924404df9dae;2ec45d29680484b4;87c9124f77408a27;89a84827c97a2c97;2a6b7bc00587fe07;872094cf768316da;124f343714030a81;8122dfa5900c0c77;0772d7d586f5fa9c;fb5cd7f9c65dda77;995ed75c99450c7f;fe0b6e545b2a0796;ded980a207565324;dfbe327d741d47a2;25eb5675c9be36a3;f065db67072853a8;2ae7ce5aa2c549a7;5856a37e4a1c1e92
conservative_lag,decision,SocialGood:h3:f1:o600,600,1,19,32,51,c334f36707c58306;0fa0eca227540c37;7ecd923c85e1ec1c;9a17cd500b006e5a;83fbdb573165f571;1ae86d2a3fe96bdf;cd75d84771814516;a73da7451bff7091;b2395090f3cf663c;1b77eda194ab91b2;9b66b6d45894f749;c5ea24e876a90e1a;3a95c8b0aa6b7a6c;9fd146d19f991344;834708e0f5547418;dc15768a901b6047;ff704b3646033d42;0fe133c2b1358346;60852337109e1518,1ea9127151dc3942;20b1a944cb00a42d;16289640b4dfce9c;8c7c54eb45412847;77dcfbbb2d877033;b16d528706e54f4c;60bbc88ce84596ee;d994a1d739f26729;2119f1b9bf50f2c3;7f7309ccacf42424;822759baa6c6ae87;d0b33a3ec27eefb8;a49123752d5f98f0;d03310c75a181f6c;456693e11e09a855;a46237f2b415668b;0757f780b1e1c68d;a24744088a9074be;a9099a5ba22a010d;f8bab088a19d6a84;1075dc7814830296;445dcf0996e7b763;91d5e83932fb85ce;b886759299bc7fee;230e924404df9dae;2ec45d29680484b4;87c9124f77408a27;89a84827c97a2c97;2a6b7bc00587fe07;872094cf768316da;124f343714030a81;8122dfa5900c0c77
conservative_lag,decision,SocialGood:h3:f1:o601,601,1,19,32,51,44bd780faeb88a4a;c334f36707c58306;0fa0eca227540c37;7ecd923c85e1ec1c;9a17cd500b006e5a;83fbdb573165f571;1ae86d2a3fe96bdf;cd75d84771814516;a73da7451bff7091;b2395090f3cf663c;1b77eda194ab91b2;9b66b6d45894f749;c5ea24e876a90e1a;3a95c8b0aa6b7a6c;9fd146d19f991344;834708e0f5547418;dc15768a901b6047;ff704b3646033d42;0fe133c2b1358346,2a987669c966d0c3;59cc1fe0accc5645;9cfdc8fecb92e495;ff9d2fc6d5e3449c;6e5013cdb3478044;942a3cea95efaa43;5b5c7aa7568ef560;a9f89413c164c229;1ea9127151dc3942;20b1a944cb00a42d;16289640b4dfce9c;8c7c54eb45412847;77dcfbbb2d877033;b16d528706e54f4c;60bbc88ce84596ee;d994a1d739f26729;2119f1b9bf50f2c3;7f7309ccacf42424;822759baa6c6ae87;d0b33a3ec27eefb8;a49123752d5f98f0;d03310c75a181f6c;456693e11e09a855;a46237f2b415668b;0757f780b1e1c68d;a24744088a9074be;a9099a5ba22a010d;f8bab088a19d6a84;1075dc7814830296;445dcf0996e7b763;91d5e83932fb85ce;b886759299bc7fee
conservative_lag,decision,SocialGood:h3:f1:o602,602,1,18,32,50,44bd780faeb88a4a;c334f36707c58306;0fa0eca227540c37;7ecd923c85e1ec1c;9a17cd500b006e5a;83fbdb573165f571;1ae86d2a3fe96bdf;cd75d84771814516;a73da7451bff7091;b2395090f3cf663c;1b77eda194ab91b2;9b66b6d45894f749;c5ea24e876a90e1a;3a95c8b0aa6b7a6c;9fd146d19f991344;834708e0f5547418;dc15768a901b6047;ff704b3646033d42,d1216990e38838a8;e6d7be0f891b444c;9316c693d1106480;bd9f53b3fb1d621c;38eba7a2886e301d;7feccff8de232acc;cd9de11dcc6a022f;ce02102a06330152;2a987669c966d0c3;59cc1fe0accc5645;9cfdc8fecb92e495;ff9d2fc6d5e3449c;6e5013cdb3478044;942a3cea95efaa43;5b5c7aa7568ef560;a9f89413c164c229;1ea9127151dc3942;20b1a944cb00a42d;16289640b4dfce9c;8c7c54eb45412847;77dcfbbb2d877033;b16d528706e54f4c;60bbc88ce84596ee;d994a1d739f26729;2119f1b9bf50f2c3;7f7309ccacf42424;822759baa6c6ae87;d0b33a3ec27eefb8;a49123752d5f98f0;d03310c75a181f6c;456693e11e09a855;a46237f2b415668b
conservative_lag,decision,SocialGood:h3:f1:o603,603,1,19,32,51,d2851fbd148e326c;682d486379dec26a;44bd780faeb88a4a;c334f36707c58306;0fa0eca227540c37;7ecd923c85e1ec1c;9a17cd500b006e5a;83fbdb573165f571;1ae86d2a3fe96bdf;cd75d84771814516;a73da7451bff7091;b2395090f3cf663c;1b77eda194ab91b2;9b66b6d45894f749;c5ea24e876a90e1a;3a95c8b0aa6b7a6c;9fd146d19f991344;834708e0f5547418;dc15768a901b6047,257664d2e4f03211;e82a61d3e0958ce5;43abfdf0f2ae568f;7e87f4b5f796128c;79116e3653afb16d;911bde5d9c9339ef;590f4a5c6ba90d1d;5ca835d90b2ed3e7;d1216990e38838a8;e6d7be0f891b444c;9316c693d1106480;bd9f53b3fb1d621c;38eba7a2886e301d;7feccff8de232acc;cd9de11dcc6a022f;ce02102a06330152;2a987669c966d0c3;59cc1fe0accc5645;9cfdc8fecb92e495;ff9d2fc6d5e3449c;6e5013cdb3478044;942a3cea95efaa43;5b5c7aa7568ef560;a9f89413c164c229;1ea9127151dc3942;20b1a944cb00a42d;16289640b4dfce9c;8c7c54eb45412847;77dcfbbb2d877033;b16d528706e54f4c;60bbc88ce84596ee;d994a1d739f26729
conservative_lag,decision,SocialGood:h3:f1:o604,604,1,18,32,50,d2851fbd148e326c;682d486379dec26a;44bd780faeb88a4a;c334f36707c58306;0fa0eca227540c37;7ecd923c85e1ec1c;9a17cd500b006e5a;83fbdb573165f571;1ae86d2a3fe96bdf;cd75d84771814516;a73da7451bff7091;b2395090f3cf663c;1b77eda194ab91b2;9b66b6d45894f749;c5ea24e876a90e1a;3a95c8b0aa6b7a6c;9fd146d19f991344;834708e0f5547418,c28d93b1de7dc141;eeb70296f2ca822c;37304305b2f7e9a7;d2f8ae88a60b282f;124b012424f41bb3;d91cc85ade1499bd;4db37513af4bcb7a;5e2e5812559078ae;39a0c5534c255dd7;78f216381e456d5d;257664d2e4f03211;e82a61d3e0958ce5;43abfdf0f2ae568f;7e87f4b5f796128c;79116e3653afb16d;911bde5d9c9339ef;590f4a5c6ba90d1d;5ca835d90b2ed3e7;d1216990e38838a8;e6d7be0f891b444c;9316c693d1106480;bd9f53b3fb1d621c;38eba7a2886e301d;7feccff8de232acc;cd9de11dcc6a022f;ce02102a06330152;2a987669c966d0c3;59cc1fe0accc5645;9cfdc8fecb92e495;ff9d2fc6d5e3449c;6e5013cdb3478044;942a3cea95efaa43
conservative_lag,decision,SocialGood:h3:f1:o605,605,1,18,32,50,804378626bde344d;d2851fbd148e326c;682d486379dec26a;44bd780faeb88a4a;c334f36707c58306;0fa0eca227540c37;7ecd923c85e1ec1c;9a17cd500b006e5a;83fbdb573165f571;1ae86d2a3fe96bdf;cd75d84771814516;a73da7451bff7091;b2395090f3cf663c;1b77eda194ab91b2;9b66b6d45894f749;c5ea24e876a90e1a;3a95c8b0aa6b7a6c;9fd146d19f991344,8615d780fb457a7d;a8c04a1d14ce0fa4;20a7d2a3d95b9fac;61bed2e22382ffcc;fd805c53a9f8852c;4f7f8da305195480;a029237d08572d24;c28d93b1de7dc141;eeb70296f2ca822c;37304305b2f7e9a7;d2f8ae88a60b282f;124b012424f41bb3;d91cc85ade1499bd;4db37513af4bcb7a;5e2e5812559078ae;39a0c5534c255dd7;78f216381e456d5d;257664d2e4f03211;e82a61d3e0958ce5;43abfdf0f2ae568f;7e87f4b5f796128c;79116e3653afb16d;911bde5d9c9339ef;590f4a5c6ba90d1d;5ca835d90b2ed3e7;d1216990e38838a8;e6d7be0f891b444c;9316c693d1106480;bd9f53b3fb1d621c;38eba7a2886e301d;7feccff8de232acc;cd9de11dcc6a022f
conservative_lag,decision,SocialGood:h3:f1:o606,606,1,17,32,49,804378626bde344d;d2851fbd148e326c;682d486379dec26a;44bd780faeb88a4a;c334f36707c58306;0fa0eca227540c37;7ecd923c85e1ec1c;9a17cd500b006e5a;83fbdb573165f571;1ae86d2a3fe96bdf;cd75d84771814516;a73da7451bff7091;b2395090f3cf663c;1b77eda194ab91b2;9b66b6d45894f749;c5ea24e876a90e1a;3a95c8b0aa6b7a6c,7451566fb6ea6c65;aca350e629ddb304;615cf8bb0e3e54e9;56b2fff3419acd92;b3b4393c995941cc;2e732aa285fa32e8;9a43e39b0bc36978;8615d780fb457a7d;a8c04a1d14ce0fa4;20a7d2a3d95b9fac;61bed2e22382ffcc;fd805c53a9f8852c;4f7f8da305195480;a029237d08572d24;c28d93b1de7dc141;eeb70296f2ca822c;37304305b2f7e9a7;d2f8ae88a60b282f;124b012424f41bb3;d91cc85ade1499bd;4db37513af4bcb7a;5e2e5812559078ae;39a0c5534c255dd7;78f216381e456d5d;257664d2e4f03211;e82a61d3e0958ce5;43abfdf0f2ae568f;7e87f4b5f796128c;79116e3653afb16d;911bde5d9c9339ef;590f4a5c6ba90d1d;5ca835d90b2ed3e7
conservative_lag,decision,SocialGood:h3:f1:o607,607,1,18,32,50,17901c744c5d06af;67d036c1102c9f1e;804378626bde344d;d2851fbd148e326c;682d486379dec26a;44bd780faeb88a4a;c334f36707c58306;0fa0eca227540c37;7ecd923c85e1ec1c;9a17cd500b006e5a;83fbdb573165f571;1ae86d2a3fe96bdf;cd75d84771814516;a73da7451bff7091;b2395090f3cf663c;1b77eda194ab91b2;9b66b6d45894f749;c5ea24e876a90e1a,0f050eacd25f77e0;2b1048c0e3c969aa;135c1be5857cba66;682c7e726f934d93;928fb39bf8db3199;bf6b58a1c2839f03;313d860bd73396ea;7c61716133bd2c29;325e50e9380f0801;92957866edc354f4;7451566fb6ea6c65;aca350e629ddb304;615cf8bb0e3e54e9;56b2fff3419acd92;b3b4393c995941cc;2e732aa285fa32e8;9a43e39b0bc36978;8615d780fb457a7d;a8c04a1d14ce0fa4;20a7d2a3d95b9fac;61bed2e22382ffcc;fd805c53a9f8852c;4f7f8da305195480;a029237d08572d24;c28d93b1de7dc141;eeb70296f2ca822c;37304305b2f7e9a7;d2f8ae88a60b282f;124b012424f41bb3;d91cc85ade1499bd;4db37513af4bcb7a;5e2e5812559078ae
conservative_lag,decision,SocialGood:h3:f1:o608,608,1,18,32,50,49e3bb2220f906a5;17901c744c5d06af;67d036c1102c9f1e;804378626bde344d;d2851fbd148e326c;682d486379dec26a;44bd780faeb88a4a;c334f36707c58306;0fa0eca227540c37;7ecd923c85e1ec1c;9a17cd500b006e5a;83fbdb573165f571;1ae86d2a3fe96bdf;cd75d84771814516;a73da7451bff7091;b2395090f3cf663c;1b77eda194ab91b2;9b66b6d45894f749,dc00c0f9d7a5753a;ed15b645bb8b8532;47d9b5e0be536c8c;610d32a7a0c381d7;a3d9789ef58a442a;f156b1c1c43a5785;4b9ebf1a4176a92e;b6cf053f4a504d21;0f050eacd25f77e0;2b1048c0e3c969aa;135c1be5857cba66;682c7e726f934d93;928fb39bf8db3199;bf6b58a1c2839f03;313d860bd73396ea;7c61716133bd2c29;325e50e9380f0801;92957866edc354f4;7451566fb6ea6c65;aca350e629ddb304;615cf8bb0e3e54e9;56b2fff3419acd92;b3b4393c995941cc;2e732aa285fa32e8;9a43e39b0bc36978;8615d780fb457a7d;a8c04a1d14ce0fa4;20a7d2a3d95b9fac;61bed2e22382ffcc;fd805c53a9f8852c;4f7f8da305195480;a029237d08572d24
conservative_lag,decision,SocialGood:h3:f1:o609,609,1,17,32,49,49e3bb2220f906a5;17901c744c5d06af;67d036c1102c9f1e;804378626bde344d;d2851fbd148e326c;682d486379dec26a;44bd780faeb88a4a;c334f36707c58306;0fa0eca227540c37;7ecd923c85e1ec1c;9a17cd500b006e5a;83fbdb573165f571;1ae86d2a3fe96bdf;cd75d84771814516;a73da7451bff7091;b2395090f3cf663c;1b77eda194ab91b2,157a8e32523b0205;5fbd602fc33a14df;4afb26af1c3ca7d0;a2175208b672c7f3;950012bdc2930dda;fafa06b713dcac48;1facad5a25fd2907;7d854dd344f1c5a0;3f5524dfd58c58e6;5895f2bb83cb0306;dc00c0f9d7a5753a;ed15b645bb8b8532;47d9b5e0be536c8c;610d32a7a0c381d7;a3d9789ef58a442a;f156b1c1c43a5785;4b9ebf1a4176a92e;b6cf053f4a504d21;0f050eacd25f77e0;2b1048c0e3c969aa;135c1be5857cba66;682c7e726f934d93;928fb39bf8db3199;bf6b58a1c2839f03;313d860bd73396ea;7c61716133bd2c29;325e50e9380f0801;92957866edc354f4;7451566fb6ea6c65;aca350e629ddb304;615cf8bb0e3e54e9;56b2fff3419acd92
conservative_lag,decision,SocialGood:h3:f1:o610,610,1,18,32,50,2f813f81ba14b758;f1ab90e94e1d1b68;49e3bb2220f906a5;17901c744c5d06af;67d036c1102c9f1e;804378626bde344d;d2851fbd148e326c;682d486379dec26a;44bd780faeb88a4a;c334f36707c58306;0fa0eca227540c37;7ecd923c85e1ec1c;9a17cd500b006e5a;83fbdb573165f571;1ae86d2a3fe96bdf;cd75d84771814516;a73da7451bff7091;b2395090f3cf663c,a2a555fe55f7e8df;a631b13f07a68932;8f34fd5d8b9505bb;b4f807b0ccb29922;067e6deed3e85755;119945b6b382f633;247265adc2f5c0d3;bba4af887a922535;157a8e32523b0205;5fbd602fc33a14df;4afb26af1c3ca7d0;a2175208b672c7f3;950012bdc2930dda;fafa06b713dcac48;1facad5a25fd2907;7d854dd344f1c5a0;3f5524dfd58c58e6;5895f2bb83cb0306;dc00c0f9d7a5753a;ed15b645bb8b8532;47d9b5e0be536c8c;610d32a7a0c381d7;a3d9789ef58a442a;f156b1c1c43a5785;4b9ebf1a4176a92e;b6cf053f4a504d21;0f050eacd25f77e0;2b1048c0e3c969aa;135c1be5857cba66;682c7e726f934d93;928fb39bf8db3199;bf6b58a1c2839f03
conservative_lag,decision,SocialGood:h3:f1:o611,611,1,17,32,49,2f813f81ba14b758;f1ab90e94e1d1b68;49e3bb2220f906a5;17901c744c5d06af;67d036c1102c9f1e;804378626bde344d;d2851fbd148e326c;682d486379dec26a;44bd780faeb88a4a;c334f36707c58306;0fa0eca227540c37;7ecd923c85e1ec1c;9a17cd500b006e5a;83fbdb573165f571;1ae86d2a3fe96bdf;cd75d84771814516;a73da7451bff7091,22cff705b2e4b4ef;dce87ec87c2907ea;841bc53b7e2bcd06;8a9adaca3b8f9ecb;5ca4341cbd41cc7a;e798650a2bc7b87c;10ad67d9a1c90f59;8a01ab1dd17df253;a2a555fe55f7e8df;a631b13f07a68932;8f34fd5d8b9505bb;b4f807b0ccb29922;067e6deed3e85755;119945b6b382f633;247265adc2f5c0d3;bba4af887a922535;157a8e32523b0205;5fbd602fc33a14df;4afb26af1c3ca7d0;a2175208b672c7f3;950012bdc2930dda;fafa06b713dcac48;1facad5a25fd2907;7d854dd344f1c5a0;3f5524dfd58c58e6;5895f2bb83cb0306;dc00c0f9d7a5753a;ed15b645bb8b8532;47d9b5e0be536c8c;610d32a7a0c381d7;a3d9789ef58a442a;f156b1c1c43a5785
conservative_lag,decision,SocialGood:h3:f1:o612,612,1,18,32,50,22249c4f3ba055b2;fd693c42fb88ae0d;2f813f81ba14b758;f1ab90e94e1d1b68;49e3bb2220f906a5;17901c744c5d06af;67d036c1102c9f1e;804378626bde344d;d2851fbd148e326c;682d486379dec26a;44bd780faeb88a4a;c334f36707c58306;0fa0eca227540c37;7ecd923c85e1ec1c;9a17cd500b006e5a;83fbdb573165f571;1ae86d2a3fe96bdf;cd75d84771814516,0560c950dcc5cc51;0951793f541c3873;ae84e3d55985be09;0527bbcedf00a753;a7d06d60c31ed827;1214a6c8682e10dc;b540b192ad24e492;3079eba58a963171;5433b04305b3eb8a;22cff705b2e4b4ef;dce87ec87c2907ea;841bc53b7e2bcd06;8a9adaca3b8f9ecb;5ca4341cbd41cc7a;e798650a2bc7b87c;10ad67d9a1c90f59;8a01ab1dd17df253;a2a555fe55f7e8df;a631b13f07a68932;8f34fd5d8b9505bb;b4f807b0ccb29922;067e6deed3e85755;119945b6b382f633;247265adc2f5c0d3;bba4af887a922535;157a8e32523b0205;5fbd602fc33a14df;4afb26af1c3ca7d0;a2175208b672c7f3;950012bdc2930dda;fafa06b713dcac48;1facad5a25fd2907
conservative_lag,decision,SocialGood:h3:f1:o613,613,1,18,32,50,d2ee9c55577d6862;22249c4f3ba055b2;fd693c42fb88ae0d;2f813f81ba14b758;f1ab90e94e1d1b68;49e3bb2220f906a5;17901c744c5d06af;67d036c1102c9f1e;804378626bde344d;d2851fbd148e326c;682d486379dec26a;44bd780faeb88a4a;c334f36707c58306;0fa0eca227540c37;7ecd923c85e1ec1c;9a17cd500b006e5a;83fbdb573165f571;1ae86d2a3fe96bdf,5541c827b9ad020d;e20440c6833fa0c5;058b32ab8c87cdfe;bef371b2066f4efb;54820e787ce6c890;eff0c638fcb0c605;b1562de44d8a190b;d2fcca1cfb7b6734;0560c950dcc5cc51;0951793f541c3873;ae84e3d55985be09;0527bbcedf00a753;a7d06d60c31ed827;1214a6c8682e10dc;b540b192ad24e492;3079eba58a963171;5433b04305b3eb8a;22cff705b2e4b4ef;dce87ec87c2907ea;841bc53b7e2bcd06;8a9adaca3b8f9ecb;5ca4341cbd41cc7a;e798650a2bc7b87c;10ad67d9a1c90f59;8a01ab1dd17df253;a2a555fe55f7e8df;a631b13f07a68932;8f34fd5d8b9505bb;b4f807b0ccb29922;067e6deed3e85755;119945b6b382f633;247265adc2f5c0d3
conservative_lag,decision,SocialGood:h3:f1:o614,614,1,17,32,49,d2ee9c55577d6862;22249c4f3ba055b2;fd693c42fb88ae0d;2f813f81ba14b758;f1ab90e94e1d1b68;49e3bb2220f906a5;17901c744c5d06af;67d036c1102c9f1e;804378626bde344d;d2851fbd148e326c;682d486379dec26a;44bd780faeb88a4a;c334f36707c58306;0fa0eca227540c37;7ecd923c85e1ec1c;9a17cd500b006e5a;83fbdb573165f571,037587995b1265b5;8030377ab448dc93;5b1028c0bd575b42;87a07a2cb8f119a2;4384967ebc10ac28;8b5604c73b4f1236;29f8be004049d272;db92869eeb49325d;5541c827b9ad020d;e20440c6833fa0c5;058b32ab8c87cdfe;bef371b2066f4efb;54820e787ce6c890;eff0c638fcb0c605;b1562de44d8a190b;d2fcca1cfb7b6734;0560c950dcc5cc51;0951793f541c3873;ae84e3d55985be09;0527bbcedf00a753;a7d06d60c31ed827;1214a6c8682e10dc;b540b192ad24e492;3079eba58a963171;5433b04305b3eb8a;22cff705b2e4b4ef;dce87ec87c2907ea;841bc53b7e2bcd06;8a9adaca3b8f9ecb;5ca4341cbd41cc7a;e798650a2bc7b87c;10ad67d9a1c90f59
conservative_lag,decision,SocialGood:h3:f1:o615,615,1,17,32,49,201045f162e244ce;d2ee9c55577d6862;22249c4f3ba055b2;fd693c42fb88ae0d;2f813f81ba14b758;f1ab90e94e1d1b68;49e3bb2220f906a5;17901c744c5d06af;67d036c1102c9f1e;804378626bde344d;d2851fbd148e326c;682d486379dec26a;44bd780faeb88a4a;c334f36707c58306;0fa0eca227540c37;7ecd923c85e1ec1c;9a17cd500b006e5a,58d1153cb2b3efed;5a01fc1db712187d;0c9d3f2d818baa6a;b17adc2b73ad6bfc;61d6c641cdad0b64;8488b71d66828ac9;07e435826763509d;5428cd5387d4ae89;34f8004da08fae1f;51f4f80a8631aa6b;037587995b1265b5;8030377ab448dc93;5b1028c0bd575b42;87a07a2cb8f119a2;4384967ebc10ac28;8b5604c73b4f1236;29f8be004049d272;db92869eeb49325d;5541c827b9ad020d;e20440c6833fa0c5;058b32ab8c87cdfe;bef371b2066f4efb;54820e787ce6c890;eff0c638fcb0c605;b1562de44d8a190b;d2fcca1cfb7b6734;0560c950dcc5cc51;0951793f541c3873;ae84e3d55985be09;0527bbcedf00a753;a7d06d60c31ed827;1214a6c8682e10dc
conservative_lag,decision,SocialGood:h3:f1:o616,616,1,17,32,49,201045f162e244ce;d2ee9c55577d6862;22249c4f3ba055b2;fd693c42fb88ae0d;2f813f81ba14b758;f1ab90e94e1d1b68;49e3bb2220f906a5;17901c744c5d06af;67d036c1102c9f1e;804378626bde344d;d2851fbd148e326c;682d486379dec26a;44bd780faeb88a4a;c334f36707c58306;0fa0eca227540c37;7ecd923c85e1ec1c;9a17cd500b006e5a,52ae7acefd904738;90a0c0af63133872;134ced470bb0dee8;13939703ec2a2078;837e48996f28bc94;bf44f553f5f7e5e5;09c886b3f55f2765;8f402b844d8cca09;58d1153cb2b3efed;5a01fc1db712187d;0c9d3f2d818baa6a;b17adc2b73ad6bfc;61d6c641cdad0b64;8488b71d66828ac9;07e435826763509d;5428cd5387d4ae89;34f8004da08fae1f;51f4f80a8631aa6b;037587995b1265b5;8030377ab448dc93;5b1028c0bd575b42;87a07a2cb8f119a2;4384967ebc10ac28;8b5604c73b4f1236;29f8be004049d272;db92869eeb49325d;5541c827b9ad020d;e20440c6833fa0c5;058b32ab8c87cdfe;bef371b2066f4efb;54820e787ce6c890;eff0c638fcb0c605
conservative_lag,decision,SocialGood:h3:f1:o617,617,1,18,32,50,7d490d89ae833b04;201045f162e244ce;d2ee9c55577d6862;22249c4f3ba055b2;fd693c42fb88ae0d;2f813f81ba14b758;f1ab90e94e1d1b68;49e3bb2220f906a5;17901c744c5d06af;67d036c1102c9f1e;804378626bde344d;d2851fbd148e326c;682d486379dec26a;44bd780faeb88a4a;c334f36707c58306;0fa0eca227540c37;7ecd923c85e1ec1c;9a17cd500b006e5a,b0d089ab9b907850;f0de85c5768ce50b;a52cea76361a95cb;e6f3ed02bec41cea;46022e8d7ac999bb;a9f8920297e89ef4;0ae2d2124f183323;129c03bbbb7bc781;52ae7acefd904738;90a0c0af63133872;134ced470bb0dee8;13939703ec2a2078;837e48996f28bc94;bf44f553f5f7e5e5;09c886b3f55f2765;8f402b844d8cca09;58d1153cb2b3efed;5a01fc1db712187d;0c9d3f2d818baa6a;b17adc2b73ad6bfc;61d6c641cdad0b64;8488b71d66828ac9;07e435826763509d;5428cd5387d4ae89;34f8004da08fae1f;51f4f80a8631aa6b;037587995b1265b5;8030377ab448dc93;5b1028c0bd575b42;87a07a2cb8f119a2;4384967ebc10ac28;8b5604c73b4f1236
conservative_lag,decision,SocialGood:h3:f1:o618,618,1,17,32,49,7d490d89ae833b04;201045f162e244ce;d2ee9c55577d6862;22249c4f3ba055b2;fd693c42fb88ae0d;2f813f81ba14b758;f1ab90e94e1d1b68;49e3bb2220f906a5;17901c744c5d06af;67d036c1102c9f1e;804378626bde344d;d2851fbd148e326c;682d486379dec26a;44bd780faeb88a4a;c334f36707c58306;0fa0eca227540c37;7ecd923c85e1ec1c,66539b1c2c9945a8;ae6b23c413d8c2eb;241accc851e2d225;a0b94b9b6cecc731;17df220388cc5415;374eacf6153005a9;2508664b4d9abacf;78efd5c72da3641b;c21315b232ce4160;cc98d5282837bf41;b0d089ab9b907850;f0de85c5768ce50b;a52cea76361a95cb;e6f3ed02bec41cea;46022e8d7ac999bb;a9f8920297e89ef4;0ae2d2124f183323;129c03bbbb7bc781;52ae7acefd904738;90a0c0af63133872;134ced470bb0dee8;13939703ec2a2078;837e48996f28bc94;bf44f553f5f7e5e5;09c886b3f55f2765;8f402b844d8cca09;58d1153cb2b3efed;5a01fc1db712187d;0c9d3f2d818baa6a;b17adc2b73ad6bfc;61d6c641cdad0b64;8488b71d66828ac9
conservative_lag,decision,SocialGood:h3:f1:o619,619,1,18,32,50,52c4262a57807a22;7d490d89ae833b04;201045f162e244ce;d2ee9c55577d6862;22249c4f3ba055b2;fd693c42fb88ae0d;2f813f81ba14b758;f1ab90e94e1d1b68;49e3bb2220f906a5;17901c744c5d06af;67d036c1102c9f1e;804378626bde344d;d2851fbd148e326c;682d486379dec26a;44bd780faeb88a4a;c334f36707c58306;0fa0eca227540c37;7ecd923c85e1ec1c,4996675f045b1d5d;94cfb5d76606d07a;707ba741e8960804;c810a92f4a04c170;498bb67ac2132e2d;d5c72a6d527f6e9e;1623a51e9d656854;398d08a2525e78ca;66539b1c2c9945a8;ae6b23c413d8c2eb;241accc851e2d225;a0b94b9b6cecc731;17df220388cc5415;374eacf6153005a9;2508664b4d9abacf;78efd5c72da3641b;c21315b232ce4160;cc98d5282837bf41;b0d089ab9b907850;f0de85c5768ce50b;a52cea76361a95cb;e6f3ed02bec41cea;46022e8d7ac999bb;a9f8920297e89ef4;0ae2d2124f183323;129c03bbbb7bc781;52ae7acefd904738;90a0c0af63133872;134ced470bb0dee8;13939703ec2a2078;837e48996f28bc94;bf44f553f5f7e5e5
conservative_lag,decision,SocialGood:h3:f1:o620,620,1,18,32,50,3b2f27448415f0c6;52c4262a57807a22;7d490d89ae833b04;201045f162e244ce;d2ee9c55577d6862;22249c4f3ba055b2;fd693c42fb88ae0d;2f813f81ba14b758;f1ab90e94e1d1b68;49e3bb2220f906a5;17901c744c5d06af;67d036c1102c9f1e;804378626bde344d;d2851fbd148e326c;682d486379dec26a;44bd780faeb88a4a;c334f36707c58306;0fa0eca227540c37,162fe1c8a928efd5;49648ec69e503add;3f53be5ed9e985f1;74bd8e92123ce598;161f8e7a4af751f1;c17db6bc86c4541c;8ee4098cc5cc7186;d797f388e68d8d62;4996675f045b1d5d;94cfb5d76606d07a;707ba741e8960804;c810a92f4a04c170;498bb67ac2132e2d;d5c72a6d527f6e9e;1623a51e9d656854;398d08a2525e78ca;66539b1c2c9945a8;ae6b23c413d8c2eb;241accc851e2d225;a0b94b9b6cecc731;17df220388cc5415;374eacf6153005a9;2508664b4d9abacf;78efd5c72da3641b;c21315b232ce4160;cc98d5282837bf41;b0d089ab9b907850;f0de85c5768ce50b;a52cea76361a95cb;e6f3ed02bec41cea;46022e8d7ac999bb;a9f8920297e89ef4
conservative_lag,decision,SocialGood:h3:f1:o621,621,1,17,32,49,3b2f27448415f0c6;52c4262a57807a22;7d490d89ae833b04;201045f162e244ce;d2ee9c55577d6862;22249c4f3ba055b2;fd693c42fb88ae0d;2f813f81ba14b758;f1ab90e94e1d1b68;49e3bb2220f906a5;17901c744c5d06af;67d036c1102c9f1e;804378626bde344d;d2851fbd148e326c;682d486379dec26a;44bd780faeb88a4a;c334f36707c58306,26e9491c2d9758b8;3890529770e6e7ee;138e6a97c05ee958;50ed47bd53f791f4;b3015ee2613ebcf5;eb3642f581af7425;331e35683d75eba3;488bfe4898a0aeae;1207e2e4425238f3;8666e7df3a12e794;162fe1c8a928efd5;49648ec69e503add;3f53be5ed9e985f1;74bd8e92123ce598;161f8e7a4af751f1;c17db6bc86c4541c;8ee4098cc5cc7186;d797f388e68d8d62;4996675f045b1d5d;94cfb5d76606d07a;707ba741e8960804;c810a92f4a04c170;498bb67ac2132e2d;d5c72a6d527f6e9e;1623a51e9d656854;398d08a2525e78ca;66539b1c2c9945a8;ae6b23c413d8c2eb;241accc851e2d225;a0b94b9b6cecc731;17df220388cc5415;374eacf6153005a9
conservative_lag,decision,SocialGood:h3:f1:o622,622,1,17,32,49,3b2f27448415f0c6;52c4262a57807a22;7d490d89ae833b04;201045f162e244ce;d2ee9c55577d6862;22249c4f3ba055b2;fd693c42fb88ae0d;2f813f81ba14b758;f1ab90e94e1d1b68;49e3bb2220f906a5;17901c744c5d06af;67d036c1102c9f1e;804378626bde344d;d2851fbd148e326c;682d486379dec26a;44bd780faeb88a4a;c334f36707c58306,726dc134c62e910c;975a0a85b8129366;627c34de22e59e9f;909067af33567db1;94004ea308f2cdf7;f2f0bf4e093a65fa;356983bd1be7d590;cacbbfa343435c27;26e9491c2d9758b8;3890529770e6e7ee;138e6a97c05ee958;50ed47bd53f791f4;b3015ee2613ebcf5;eb3642f581af7425;331e35683d75eba3;488bfe4898a0aeae;1207e2e4425238f3;8666e7df3a12e794;162fe1c8a928efd5;49648ec69e503add;3f53be5ed9e985f1;74bd8e92123ce598;161f8e7a4af751f1;c17db6bc86c4541c;8ee4098cc5cc7186;d797f388e68d8d62;4996675f045b1d5d;94cfb5d76606d07a;707ba741e8960804;c810a92f4a04c170;498bb67ac2132e2d;d5c72a6d527f6e9e
conservative_lag,decision,SocialGood:h3:f1:o623,623,1,16,32,48,3b2f27448415f0c6;52c4262a57807a22;7d490d89ae833b04;201045f162e244ce;d2ee9c55577d6862;22249c4f3ba055b2;fd693c42fb88ae0d;2f813f81ba14b758;f1ab90e94e1d1b68;49e3bb2220f906a5;17901c744c5d06af;67d036c1102c9f1e;804378626bde344d;d2851fbd148e326c;682d486379dec26a;44bd780faeb88a4a,169bbe33c88d91ab;c7c94491f109f218;5370a3568491ab1f;a3f1571861061713;436cf76e887537ab;b6ec708b20edb654;462c1b40c397bbbc;f32875556120a2f0;726dc134c62e910c;975a0a85b8129366;627c34de22e59e9f;909067af33567db1;94004ea308f2cdf7;f2f0bf4e093a65fa;356983bd1be7d590;cacbbfa343435c27;26e9491c2d9758b8;3890529770e6e7ee;138e6a97c05ee958;50ed47bd53f791f4;b3015ee2613ebcf5;eb3642f581af7425;331e35683d75eba3;488bfe4898a0aeae;1207e2e4425238f3;8666e7df3a12e794;162fe1c8a928efd5;49648ec69e503add;3f53be5ed9e985f1;74bd8e92123ce598;161f8e7a4af751f1;c17db6bc86c4541c
conservative_lag,decision,SocialGood:h3:f1:o624,624,1,17,32,49,8cfdeead2e370dba;f8d43624da07d836;3b2f27448415f0c6;52c4262a57807a22;7d490d89ae833b04;201045f162e244ce;d2ee9c55577d6862;22249c4f3ba055b2;fd693c42fb88ae0d;2f813f81ba14b758;f1ab90e94e1d1b68;49e3bb2220f906a5;17901c744c5d06af;67d036c1102c9f1e;804378626bde344d;d2851fbd148e326c;682d486379dec26a,5c9877f85d6f143d;8bf2ff723e2b53d9;1cb831c082126816;4fd24919e1fb8582;aa4c9b2c96c5c84e;4e96571074b395c1;8e8819384b310940;ecbc2a62d002d265;169bbe33c88d91ab;c7c94491f109f218;5370a3568491ab1f;a3f1571861061713;436cf76e887537ab;b6ec708b20edb654;462c1b40c397bbbc;f32875556120a2f0;726dc134c62e910c;975a0a85b8129366;627c34de22e59e9f;909067af33567db1;94004ea308f2cdf7;f2f0bf4e093a65fa;356983bd1be7d590;cacbbfa343435c27;26e9491c2d9758b8;3890529770e6e7ee;138e6a97c05ee958;50ed47bd53f791f4;b3015ee2613ebcf5;eb3642f581af7425;331e35683d75eba3;488bfe4898a0aeae
conservative_lag,decision,SocialGood:h3:f1:o625,625,1,16,32,48,8cfdeead2e370dba;f8d43624da07d836;3b2f27448415f0c6;52c4262a57807a22;7d490d89ae833b04;201045f162e244ce;d2ee9c55577d6862;22249c4f3ba055b2;fd693c42fb88ae0d;2f813f81ba14b758;f1ab90e94e1d1b68;49e3bb2220f906a5;17901c744c5d06af;67d036c1102c9f1e;804378626bde344d;d2851fbd148e326c,ced90b63f73b7877;e39ed50dfb3a769a;3a8c452ab00ce099;fb0e8cee48abe157;0b6d2a0e371d82fd;c4de313e2d424573;4d198e097d5cf38e;75e0099b48a131b2;5c9877f85d6f143d;8bf2ff723e2b53d9;1cb831c082126816;4fd24919e1fb8582;aa4c9b2c96c5c84e;4e96571074b395c1;8e8819384b310940;ecbc2a62d002d265;169bbe33c88d91ab;c7c94491f109f218;5370a3568491ab1f;a3f1571861061713;436cf76e887537ab;b6ec708b20edb654;462c1b40c397bbbc;f32875556120a2f0;726dc134c62e910c;975a0a85b8129366;627c34de22e59e9f;909067af33567db1;94004ea308f2cdf7;f2f0bf4e093a65fa;356983bd1be7d590;cacbbfa343435c27
conservative_lag,decision,SocialGood:h3:f1:o626,626,1,15,32,47,8cfdeead2e370dba;f8d43624da07d836;3b2f27448415f0c6;52c4262a57807a22;7d490d89ae833b04;201045f162e244ce;d2ee9c55577d6862;22249c4f3ba055b2;fd693c42fb88ae0d;2f813f81ba14b758;f1ab90e94e1d1b68;49e3bb2220f906a5;17901c744c5d06af;67d036c1102c9f1e;804378626bde344d,a840339cfbac7429;c9db20e4a46a9edb;16320de2113c8a4d;b7f616ef899d766f;099a5b03acb43d57;a4c747582329c27d;16e23a192ad330a5;561d6ac1773d6d8f;ced90b63f73b7877;e39ed50dfb3a769a;3a8c452ab00ce099;fb0e8cee48abe157;0b6d2a0e371d82fd;c4de313e2d424573;4d198e097d5cf38e;75e0099b48a131b2;5c9877f85d6f143d;8bf2ff723e2b53d9;1cb831c082126816;4fd24919e1fb8582;aa4c9b2c96c5c84e;4e96571074b395c1;8e8819384b310940;ecbc2a62d002d265;169bbe33c88d91ab;c7c94491f109f218;5370a3568491ab1f;a3f1571861061713;436cf76e887537ab;b6ec708b20edb654;462c1b40c397bbbc;f32875556120a2f0
conservative_lag,decision,SocialGood:h3:f1:o627,627,1,17,32,49,5534d5637143c0de;193d680ce081c90a;8cfdeead2e370dba;f8d43624da07d836;3b2f27448415f0c6;52c4262a57807a22;7d490d89ae833b04;201045f162e244ce;d2ee9c55577d6862;22249c4f3ba055b2;fd693c42fb88ae0d;2f813f81ba14b758;f1ab90e94e1d1b68;49e3bb2220f906a5;17901c744c5d06af;67d036c1102c9f1e;804378626bde344d,54275e31ec180dc6;7cb0cd842fc42e67;33bd256ad93524bc;5d8bc4b873b6e184;27ec6087a8b666f9;d2d57d6394abfad5;71ae802d8a3f5ca4;74e57efb405750dd;919aae4e601aa64a;d106e3238b7b6f32;a840339cfbac7429;c9db20e4a46a9edb;16320de2113c8a4d;b7f616ef899d766f;099a5b03acb43d57;a4c747582329c27d;16e23a192ad330a5;561d6ac1773d6d8f;ced90b63f73b7877;e39ed50dfb3a769a;3a8c452ab00ce099;fb0e8cee48abe157;0b6d2a0e371d82fd;c4de313e2d424573;4d198e097d5cf38e;75e0099b48a131b2;5c9877f85d6f143d;8bf2ff723e2b53d9;1cb831c082126816;4fd24919e1fb8582;aa4c9b2c96c5c84e;4e96571074b395c1
conservative_lag,decision,SocialGood:h3:f1:o628,628,1,16,32,48,5534d5637143c0de;193d680ce081c90a;8cfdeead2e370dba;f8d43624da07d836;3b2f27448415f0c6;52c4262a57807a22;7d490d89ae833b04;201045f162e244ce;d2ee9c55577d6862;22249c4f3ba055b2;fd693c42fb88ae0d;2f813f81ba14b758;f1ab90e94e1d1b68;49e3bb2220f906a5;17901c744c5d06af;67d036c1102c9f1e,435e43175b02e466;f2b43854de14c436;2f5859f02480ca51;859605a74c83b632;02b9318f003b6218;de566b07b992b33f;5dca248d0468c808;d9dc485aa6e4e392;54275e31ec180dc6;7cb0cd842fc42e67;33bd256ad93524bc;5d8bc4b873b6e184;27ec6087a8b666f9;d2d57d6394abfad5;71ae802d8a3f5ca4;74e57efb405750dd;919aae4e601aa64a;d106e3238b7b6f32;a840339cfbac7429;c9db20e4a46a9edb;16320de2113c8a4d;b7f616ef899d766f;099a5b03acb43d57;a4c747582329c27d;16e23a192ad330a5;561d6ac1773d6d8f;ced90b63f73b7877;e39ed50dfb3a769a;3a8c452ab00ce099;fb0e8cee48abe157;0b6d2a0e371d82fd;c4de313e2d424573
conservative_lag,decision,SocialGood:h3:f1:o629,629,1,16,32,48,f799c5198c84ad66;5534d5637143c0de;193d680ce081c90a;8cfdeead2e370dba;f8d43624da07d836;3b2f27448415f0c6;52c4262a57807a22;7d490d89ae833b04;201045f162e244ce;d2ee9c55577d6862;22249c4f3ba055b2;fd693c42fb88ae0d;2f813f81ba14b758;f1ab90e94e1d1b68;49e3bb2220f906a5;17901c744c5d06af,54d388c5baf6718c;db98b8bb86461e21;0da6f6f17edee5d5;d6d8a6168fde886f;74371aebe12569e4;8b8a646335d1f4c8;438ccbe72d85cab6;ce90eceafb7cf473;82d2ec09e1d7907e;435e43175b02e466;f2b43854de14c436;2f5859f02480ca51;859605a74c83b632;02b9318f003b6218;de566b07b992b33f;5dca248d0468c808;d9dc485aa6e4e392;54275e31ec180dc6;7cb0cd842fc42e67;33bd256ad93524bc;5d8bc4b873b6e184;27ec6087a8b666f9;d2d57d6394abfad5;71ae802d8a3f5ca4;74e57efb405750dd;919aae4e601aa64a;d106e3238b7b6f32;a840339cfbac7429;c9db20e4a46a9edb;16320de2113c8a4d;b7f616ef899d766f;099a5b03acb43d57
conservative_lag,decision,SocialGood:h3:f1:o630,630,1,15,32,47,f799c5198c84ad66;5534d5637143c0de;193d680ce081c90a;8cfdeead2e370dba;f8d43624da07d836;3b2f27448415f0c6;52c4262a57807a22;7d490d89ae833b04;201045f162e244ce;d2ee9c55577d6862;22249c4f3ba055b2;fd693c42fb88ae0d;2f813f81ba14b758;f1ab90e94e1d1b68;49e3bb2220f906a5,577ac49411ebfb79;7222191b7bef5f29;9fe56bdcd1fd8e9e;e83ed912808b3dea;079aaafe2a8a62ce;c6cf9f3cf33c6996;4eeb9b7493d7c910;808b2f784d33cfe7;54d388c5baf6718c;db98b8bb86461e21;0da6f6f17edee5d5;d6d8a6168fde886f;74371aebe12569e4;8b8a646335d1f4c8;438ccbe72d85cab6;ce90eceafb7cf473;82d2ec09e1d7907e;435e43175b02e466;f2b43854de14c436;2f5859f02480ca51;859605a74c83b632;02b9318f003b6218;de566b07b992b33f;5dca248d0468c808;d9dc485aa6e4e392;54275e31ec180dc6;7cb0cd842fc42e67;33bd256ad93524bc;5d8bc4b873b6e184;27ec6087a8b666f9;d2d57d6394abfad5;71ae802d8a3f5ca4
conservative_lag,decision,SocialGood:h3:f1:o631,631,1,15,32,47,98cad9527949d7d9;f799c5198c84ad66;5534d5637143c0de;193d680ce081c90a;8cfdeead2e370dba;f8d43624da07d836;3b2f27448415f0c6;52c4262a57807a22;7d490d89ae833b04;201045f162e244ce;d2ee9c55577d6862;22249c4f3ba055b2;fd693c42fb88ae0d;2f813f81ba14b758;f1ab90e94e1d1b68,8dc3b24523ce072b;b315f62193dde1c7;160df892ff74ce1d;ebce1f4a1b466e99;2d122c9d9ce849d4;6bc454048c58e32b;03e8da33cc26231d;a8d51c69cbdd3d7f;577ac49411ebfb79;7222191b7bef5f29;9fe56bdcd1fd8e9e;e83ed912808b3dea;079aaafe2a8a62ce;c6cf9f3cf33c6996;4eeb9b7493d7c910;808b2f784d33cfe7;54d388c5baf6718c;db98b8bb86461e21;0da6f6f17edee5d5;d6d8a6168fde886f;74371aebe12569e4;8b8a646335d1f4c8;438ccbe72d85cab6;ce90eceafb7cf473;82d2ec09e1d7907e;435e43175b02e466;f2b43854de14c436;2f5859f02480ca51;859605a74c83b632;02b9318f003b6218;de566b07b992b33f;5dca248d0468c808
conservative_lag,decision,SocialGood:h3:f1:o632,632,1,15,32,47,223e4dc6231224f6;98cad9527949d7d9;f799c5198c84ad66;5534d5637143c0de;193d680ce081c90a;8cfdeead2e370dba;f8d43624da07d836;3b2f27448415f0c6;52c4262a57807a22;7d490d89ae833b04;201045f162e244ce;d2ee9c55577d6862;22249c4f3ba055b2;fd693c42fb88ae0d;2f813f81ba14b758,2983e8f326144a0b;a15be7cf0a42e853;7390922e80261acb;ee1ff0f87147b1e2;379fc9b24f9e75e1;5ca76cf50985ed76;a2c2414bd630f064;df61f46c75360716;73332407aaff824d;a8325fa3cc9de60c;8dc3b24523ce072b;b315f62193dde1c7;160df892ff74ce1d;ebce1f4a1b466e99;2d122c9d9ce849d4;6bc454048c58e32b;03e8da33cc26231d;a8d51c69cbdd3d7f;577ac49411ebfb79;7222191b7bef5f29;9fe56bdcd1fd8e9e;e83ed912808b3dea;079aaafe2a8a62ce;c6cf9f3cf33c6996;4eeb9b7493d7c910;808b2f784d33cfe7;54d388c5baf6718c;db98b8bb86461e21;0da6f6f17edee5d5;d6d8a6168fde886f;74371aebe12569e4;8b8a646335d1f4c8
conservative_lag,decision,SocialGood:h3:f1:o633,633,1,14,32,46,223e4dc6231224f6;98cad9527949d7d9;f799c5198c84ad66;5534d5637143c0de;193d680ce081c90a;8cfdeead2e370dba;f8d43624da07d836;3b2f27448415f0c6;52c4262a57807a22;7d490d89ae833b04;201045f162e244ce;d2ee9c55577d6862;22249c4f3ba055b2;fd693c42fb88ae0d,277ca096f56c8cbc;d1612d66819f217c;05aa345bf9928713;2cf8bbcbf73b300a;34446490a8f899aa;f749abe1271518c3;41d93d722fd7a1dd;5abbf4f9017a8287;2983e8f326144a0b;a15be7cf0a42e853;7390922e80261acb;ee1ff0f87147b1e2;379fc9b24f9e75e1;5ca76cf50985ed76;a2c2414bd630f064;df61f46c75360716;73332407aaff824d;a8325fa3cc9de60c;8dc3b24523ce072b;b315f62193dde1c7;160df892ff74ce1d;ebce1f4a1b466e99;2d122c9d9ce849d4;6bc454048c58e32b;03e8da33cc26231d;a8d51c69cbdd3d7f;577ac49411ebfb79;7222191b7bef5f29;9fe56bdcd1fd8e9e;e83ed912808b3dea;079aaafe2a8a62ce;c6cf9f3cf33c6996
conservative_lag,decision,SocialGood:h3:f1:o634,634,1,14,32,46,e128c91322f01d52;223e4dc6231224f6;98cad9527949d7d9;f799c5198c84ad66;5534d5637143c0de;193d680ce081c90a;8cfdeead2e370dba;f8d43624da07d836;3b2f27448415f0c6;52c4262a57807a22;7d490d89ae833b04;201045f162e244ce;d2ee9c55577d6862;22249c4f3ba055b2,7d2108db7a8a89d7;b99759cbc80f67b8;69ab692ac781ba4b;9e1098c560453c49;656f815d9448823e;6e8a7707b11114c5;425bce624788c6af;fbeb1baac64ebfa6;277ca096f56c8cbc;d1612d66819f217c;05aa345bf9928713;2cf8bbcbf73b300a;34446490a8f899aa;f749abe1271518c3;41d93d722fd7a1dd;5abbf4f9017a8287;2983e8f326144a0b;a15be7cf0a42e853;7390922e80261acb;ee1ff0f87147b1e2;379fc9b24f9e75e1;5ca76cf50985ed76;a2c2414bd630f064;df61f46c75360716;73332407aaff824d;a8325fa3cc9de60c;8dc3b24523ce072b;b315f62193dde1c7;160df892ff74ce1d;ebce1f4a1b466e99;2d122c9d9ce849d4;6bc454048c58e32b
conservative_lag,decision,SocialGood:h3:f1:o635,635,1,13,32,45,e128c91322f01d52;223e4dc6231224f6;98cad9527949d7d9;f799c5198c84ad66;5534d5637143c0de;193d680ce081c90a;8cfdeead2e370dba;f8d43624da07d836;3b2f27448415f0c6;52c4262a57807a22;7d490d89ae833b04;201045f162e244ce;d2ee9c55577d6862,a9e5fdaecb800a4d;efaba49b8f070280;024bc6f494408eef;b0e661883f3c428f;2cbb12e3e005ae91;56e7f208e5d90bda;28ef26a5e9290dc6;30ff539693398f2e;88d447ce267ee546;e656cf290fec74d2;7d2108db7a8a89d7;b99759cbc80f67b8;69ab692ac781ba4b;9e1098c560453c49;656f815d9448823e;6e8a7707b11114c5;425bce624788c6af;fbeb1baac64ebfa6;277ca096f56c8cbc;d1612d66819f217c;05aa345bf9928713;2cf8bbcbf73b300a;34446490a8f899aa;f749abe1271518c3;41d93d722fd7a1dd;5abbf4f9017a8287;2983e8f326144a0b;a15be7cf0a42e853;7390922e80261acb;ee1ff0f87147b1e2;379fc9b24f9e75e1;5ca76cf50985ed76
conservative_lag,decision,SocialGood:h3:f1:o636,636,1,14,32,46,ae5e6d8dc5a7d3c8;f70e3e661d463d81;e128c91322f01d52;223e4dc6231224f6;98cad9527949d7d9;f799c5198c84ad66;5534d5637143c0de;193d680ce081c90a;8cfdeead2e370dba;f8d43624da07d836;3b2f27448415f0c6;52c4262a57807a22;7d490d89ae833b04;201045f162e244ce,cf5815001c153efe;dbf7c8a9c9cf996a;58fd891760f0491c;832637a6904141bc;534562106faf0e81;776cb646fe9aabbb;9868689f6763a54e;b45b488c9f5eb1eb;a9e5fdaecb800a4d;efaba49b8f070280;024bc6f494408eef;b0e661883f3c428f;2cbb12e3e005ae91;56e7f208e5d90bda;28ef26a5e9290dc6;30ff539693398f2e;88d447ce267ee546;e656cf290fec74d2;7d2108db7a8a89d7;b99759cbc80f67b8;69ab692ac781ba4b;9e1098c560453c49;656f815d9448823e;6e8a7707b11114c5;425bce624788c6af;fbeb1baac64ebfa6;277ca096f56c8cbc;d1612d66819f217c;05aa345bf9928713;2cf8bbcbf73b300a;34446490a8f899aa;f749abe1271518c3
conservative_lag,decision,SocialGood:h3:f1:o637,637,1,14,32,46,ae5e6d8dc5a7d3c8;f70e3e661d463d81;e128c91322f01d52;223e4dc6231224f6;98cad9527949d7d9;f799c5198c84ad66;5534d5637143c0de;193d680ce081c90a;8cfdeead2e370dba;f8d43624da07d836;3b2f27448415f0c6;52c4262a57807a22;7d490d89ae833b04;201045f162e244ce,3ec48c4b6352c4cb;6fc0e4c97851d5b1;3f0c6f9e4703c309;80cf62a6ca7d6a75;90c5943bbd44ca12;dc0eb3ed9c5efe88;a12069606f00addd;822a6e5145a5d89f;dd9fc33d223edd6d;cf5815001c153efe;dbf7c8a9c9cf996a;58fd891760f0491c;832637a6904141bc;534562106faf0e81;776cb646fe9aabbb;9868689f6763a54e;b45b488c9f5eb1eb;a9e5fdaecb800a4d;efaba49b8f070280;024bc6f494408eef;b0e661883f3c428f;2cbb12e3e005ae91;56e7f208e5d90bda;28ef26a5e9290dc6;30ff539693398f2e;88d447ce267ee546;e656cf290fec74d2;7d2108db7a8a89d7;b99759cbc80f67b8;69ab692ac781ba4b;9e1098c560453c49;656f815d9448823e
conservative_lag,decision,SocialGood:h3:f1:o638,638,1,13,32,45,ae5e6d8dc5a7d3c8;f70e3e661d463d81;e128c91322f01d52;223e4dc6231224f6;98cad9527949d7d9;f799c5198c84ad66;5534d5637143c0de;193d680ce081c90a;8cfdeead2e370dba;f8d43624da07d836;3b2f27448415f0c6;52c4262a57807a22;7d490d89ae833b04,7e23e95a8ad3cd06;cba317fbf83898c2;6727f82e0c235383;c7016c791a51e872;160ba0ace77bf861;45d68bef034a1458;4847bbd2b1b356e1;fa398c9540aa94df;3ec48c4b6352c4cb;6fc0e4c97851d5b1;3f0c6f9e4703c309;80cf62a6ca7d6a75;90c5943bbd44ca12;dc0eb3ed9c5efe88;a12069606f00addd;822a6e5145a5d89f;dd9fc33d223edd6d;cf5815001c153efe;dbf7c8a9c9cf996a;58fd891760f0491c;832637a6904141bc;534562106faf0e81;776cb646fe9aabbb;9868689f6763a54e;b45b488c9f5eb1eb;a9e5fdaecb800a4d;efaba49b8f070280;024bc6f494408eef;b0e661883f3c428f;2cbb12e3e005ae91;56e7f208e5d90bda;28ef26a5e9290dc6
conservative_lag,test,SocialGood:h3:f1:o641,641,1,16,32,48,d3c589850fd9eee5;66c97b31b576256e;a0d7126681a69ccd;28c3cceb4798c000;ae5e6d8dc5a7d3c8;f70e3e661d463d81;e128c91322f01d52;223e4dc6231224f6;98cad9527949d7d9;f799c5198c84ad66;5534d5637143c0de;193d680ce081c90a;8cfdeead2e370dba;f8d43624da07d836;3b2f27448415f0c6;52c4262a57807a22,09e2fcdcb85fa646;c8e52c38d15407aa;61cf99e1a4725214;6a2c123d956a4a75;141c71a14f0fa52d;9801c9d412e5b29e;43f6a67de45fb36f;f6531bd78d835231;1fb0c4a5826ae548;d8b02f7f584d0e04;a93003fb75e6c068;b3d3a6d8b9cf6edd;b5cd0b9ab9e735b8;b9bf56c3b22ec4cf;77c30a9ba1149e11;874f265c0c617ae9;6131f89e241e18c1;888ebfb07fdcc055;060a947948827085;318af6c63fcad2c6;b1be482e6994af08;f314caef0cd17dd0;39eae8688070b92e;c433c272c31eed47;088cebedaecb421b;12b48d12ae4a40c6;7e23e95a8ad3cd06;cba317fbf83898c2;6727f82e0c235383;c7016c791a51e872;160ba0ace77bf861;45d68bef034a1458
conservative_lag,test,SocialGood:h3:f1:o642,642,1,15,32,47,d3c589850fd9eee5;66c97b31b576256e;a0d7126681a69ccd;28c3cceb4798c000;ae5e6d8dc5a7d3c8;f70e3e661d463d81;e128c91322f01d52;223e4dc6231224f6;98cad9527949d7d9;f799c5198c84ad66;5534d5637143c0de;193d680ce081c90a;8cfdeead2e370dba;f8d43624da07d836;3b2f27448415f0c6,7d15d0a70b542ec6;a18c7f596f275323;6c0816344ffca57a;9729e51a3a71c65d;603b9ce00f6d6c91;94d33cd53eededc6;4ebabeb7ed776f79;955a3449fe37a374;09e2fcdcb85fa646;c8e52c38d15407aa;61cf99e1a4725214;6a2c123d956a4a75;141c71a14f0fa52d;9801c9d412e5b29e;43f6a67de45fb36f;f6531bd78d835231;1fb0c4a5826ae548;d8b02f7f584d0e04;a93003fb75e6c068;b3d3a6d8b9cf6edd;b5cd0b9ab9e735b8;b9bf56c3b22ec4cf;77c30a9ba1149e11;874f265c0c617ae9;6131f89e241e18c1;888ebfb07fdcc055;060a947948827085;318af6c63fcad2c6;b1be482e6994af08;f314caef0cd17dd0;39eae8688070b92e;c433c272c31eed47
conservative_lag,test,SocialGood:h3:f1:o643,643,1,16,32,48,86cadf3bab2a288d;2ba2942d971cd3a6;d3c589850fd9eee5;66c97b31b576256e;a0d7126681a69ccd;28c3cceb4798c000;ae5e6d8dc5a7d3c8;f70e3e661d463d81;e128c91322f01d52;223e4dc6231224f6;98cad9527949d7d9;f799c5198c84ad66;5534d5637143c0de;193d680ce081c90a;8cfdeead2e370dba;f8d43624da07d836,1a5d2d62cb39f6ec;d9e4fb4b34ad6061;416afbc6bf42f068;45580fb43caa2d12;ef0fd40400671918;3067c81aab9f1f77;572efddc8cffa8a2;7d15d0a70b542ec6;a18c7f596f275323;6c0816344ffca57a;9729e51a3a71c65d;603b9ce00f6d6c91;94d33cd53eededc6;4ebabeb7ed776f79;955a3449fe37a374;09e2fcdcb85fa646;c8e52c38d15407aa;61cf99e1a4725214;6a2c123d956a4a75;141c71a14f0fa52d;9801c9d412e5b29e;43f6a67de45fb36f;f6531bd78d835231;1fb0c4a5826ae548;d8b02f7f584d0e04;a93003fb75e6c068;b3d3a6d8b9cf6edd;b5cd0b9ab9e735b8;b9bf56c3b22ec4cf;77c30a9ba1149e11;874f265c0c617ae9;6131f89e241e18c1
conservative_lag,test,SocialGood:h3:f1:o644,644,1,17,32,49,5c77e8a18ebfc419;86cadf3bab2a288d;2ba2942d971cd3a6;d3c589850fd9eee5;66c97b31b576256e;a0d7126681a69ccd;28c3cceb4798c000;ae5e6d8dc5a7d3c8;f70e3e661d463d81;e128c91322f01d52;223e4dc6231224f6;98cad9527949d7d9;f799c5198c84ad66;5534d5637143c0de;193d680ce081c90a;8cfdeead2e370dba;f8d43624da07d836,561a45f5a601dc12;ce851568da404182;04168881f4eb1995;0464002b53192116;8aa98f10f28ffc09;d378f43ce96bb905;b63cee10ec4f47e1;d6f637e73ccf159a;1bcc6dcf7e43330e;6d25732987887407;1a5d2d62cb39f6ec;d9e4fb4b34ad6061;416afbc6bf42f068;45580fb43caa2d12;ef0fd40400671918;3067c81aab9f1f77;572efddc8cffa8a2;7d15d0a70b542ec6;a18c7f596f275323;6c0816344ffca57a;9729e51a3a71c65d;603b9ce00f6d6c91;94d33cd53eededc6;4ebabeb7ed776f79;955a3449fe37a374;09e2fcdcb85fa646;c8e52c38d15407aa;61cf99e1a4725214;6a2c123d956a4a75;141c71a14f0fa52d;9801c9d412e5b29e;43f6a67de45fb36f
conservative_lag,test,SocialGood:h3:f1:o645,645,1,17,32,49,5c77e8a18ebfc419;86cadf3bab2a288d;2ba2942d971cd3a6;d3c589850fd9eee5;66c97b31b576256e;a0d7126681a69ccd;28c3cceb4798c000;ae5e6d8dc5a7d3c8;f70e3e661d463d81;e128c91322f01d52;223e4dc6231224f6;98cad9527949d7d9;f799c5198c84ad66;5534d5637143c0de;193d680ce081c90a;8cfdeead2e370dba;f8d43624da07d836,62a736e8e6f24496;e1f6366a43bc24c5;10d4fa9afbe5033e;9e0a4d096352e603;943f47d019512171;d96b937f6cd0a36e;3fc5dc29f2f854a5;b958e7b333858f51;561a45f5a601dc12;ce851568da404182;04168881f4eb1995;0464002b53192116;8aa98f10f28ffc09;d378f43ce96bb905;b63cee10ec4f47e1;d6f637e73ccf159a;1bcc6dcf7e43330e;6d25732987887407;1a5d2d62cb39f6ec;d9e4fb4b34ad6061;416afbc6bf42f068;45580fb43caa2d12;ef0fd40400671918;3067c81aab9f1f77;572efddc8cffa8a2;7d15d0a70b542ec6;a18c7f596f275323;6c0816344ffca57a;9729e51a3a71c65d;603b9ce00f6d6c91;94d33cd53eededc6;4ebabeb7ed776f79
conservative_lag,test,SocialGood:h3:f1:o646,646,1,18,32,50,ff9ccfe89a127b19;245195c3694914a7;5c77e8a18ebfc419;86cadf3bab2a288d;2ba2942d971cd3a6;d3c589850fd9eee5;66c97b31b576256e;a0d7126681a69ccd;28c3cceb4798c000;ae5e6d8dc5a7d3c8;f70e3e661d463d81;e128c91322f01d52;223e4dc6231224f6;98cad9527949d7d9;f799c5198c84ad66;5534d5637143c0de;193d680ce081c90a;8cfdeead2e370dba,62ab574706a6e2f7;a3fb2331e21f5e82;b3d70ea1f90b1443;d2be6f2e1f530e64;2b2a0146feed53e0;b977ea5adafb156a;e519923138a50f0f;ea1acfdab497b872;263e5610c833d1b5;62a736e8e6f24496;e1f6366a43bc24c5;10d4fa9afbe5033e;9e0a4d096352e603;943f47d019512171;d96b937f6cd0a36e;3fc5dc29f2f854a5;b958e7b333858f51;561a45f5a601dc12;ce851568da404182;04168881f4eb1995;0464002b53192116;8aa98f10f28ffc09;d378f43ce96bb905;b63cee10ec4f47e1;d6f637e73ccf159a;1bcc6dcf7e43330e;6d25732987887407;1a5d2d62cb39f6ec;d9e4fb4b34ad6061;416afbc6bf42f068;45580fb43caa2d12;ef0fd40400671918
conservative_lag,test,SocialGood:h3:f1:o647,647,1,17,32,49,ff9ccfe89a127b19;245195c3694914a7;5c77e8a18ebfc419;86cadf3bab2a288d;2ba2942d971cd3a6;d3c589850fd9eee5;66c97b31b576256e;a0d7126681a69ccd;28c3cceb4798c000;ae5e6d8dc5a7d3c8;f70e3e661d463d81;e128c91322f01d52;223e4dc6231224f6;98cad9527949d7d9;f799c5198c84ad66;5534d5637143c0de;193d680ce081c90a,105d6d2556b58a2f;e79183807fc0af02;0f7a0641c74a9771;5cb2530e5e69421d;5c0a54dca2e79b4d;a09c4334e0d0316e;64a171042c4969e5;f36aba3f6516d34e;62ab574706a6e2f7;a3fb2331e21f5e82;b3d70ea1f90b1443;d2be6f2e1f530e64;2b2a0146feed53e0;b977ea5adafb156a;e519923138a50f0f;ea1acfdab497b872;263e5610c833d1b5;62a736e8e6f24496;e1f6366a43bc24c5;10d4fa9afbe5033e;9e0a4d096352e603;943f47d019512171;d96b937f6cd0a36e;3fc5dc29f2f854a5;b958e7b333858f51;561a45f5a601dc12;ce851568da404182;04168881f4eb1995;0464002b53192116;8aa98f10f28ffc09;d378f43ce96bb905;b63cee10ec4f47e1
conservative_lag,test,SocialGood:h3:f1:o648,648,1,19,32,51,f1557ea22e962a11;f934b44d28ed7177;ff9ccfe89a127b19;245195c3694914a7;5c77e8a18ebfc419;86cadf3bab2a288d;2ba2942d971cd3a6;d3c589850fd9eee5;66c97b31b576256e;a0d7126681a69ccd;28c3cceb4798c000;ae5e6d8dc5a7d3c8;f70e3e661d463d81;e128c91322f01d52;223e4dc6231224f6;98cad9527949d7d9;f799c5198c84ad66;5534d5637143c0de;193d680ce081c90a,b7b4c7dbfe672f1d;e91b65b80da90fa6;10214a34b2b7a26f;34792d0971ee69b4;4e84a26ba8c090b2;9395771b4f20b2b6;c945cfeb70fba3c9;f3b574a09f29cc05;105d6d2556b58a2f;e79183807fc0af02;0f7a0641c74a9771;5cb2530e5e69421d;5c0a54dca2e79b4d;a09c4334e0d0316e;64a171042c4969e5;f36aba3f6516d34e;62ab574706a6e2f7;a3fb2331e21f5e82;b3d70ea1f90b1443;d2be6f2e1f530e64;2b2a0146feed53e0;b977ea5adafb156a;e519923138a50f0f;ea1acfdab497b872;263e5610c833d1b5;62a736e8e6f24496;e1f6366a43bc24c5;10d4fa9afbe5033e;9e0a4d096352e603;943f47d019512171;d96b937f6cd0a36e;3fc5dc29f2f854a5
conservative_lag,test,SocialGood:h3:f1:o649,649,1,19,32,51,075a7ebce02cdab3;f1557ea22e962a11;f934b44d28ed7177;ff9ccfe89a127b19;245195c3694914a7;5c77e8a18ebfc419;86cadf3bab2a288d;2ba2942d971cd3a6;d3c589850fd9eee5;66c97b31b576256e;a0d7126681a69ccd;28c3cceb4798c000;ae5e6d8dc5a7d3c8;f70e3e661d463d81;e128c91322f01d52;223e4dc6231224f6;98cad9527949d7d9;f799c5198c84ad66;5534d5637143c0de,014d4f0f34966d0a;9994d0be65444233;9ef276e20bc740eb;ad827169ebacd152;17348ddd2864d203;3a777954d8d03c96;ad12d0786d465148;face292913dad8b3;15ff18a47474920e;e4ffbad20ad16119;b7b4c7dbfe672f1d;e91b65b80da90fa6;10214a34b2b7a26f;34792d0971ee69b4;4e84a26ba8c090b2;9395771b4f20b2b6;c945cfeb70fba3c9;f3b574a09f29cc05;105d6d2556b58a2f;e79183807fc0af02;0f7a0641c74a9771;5cb2530e5e69421d;5c0a54dca2e79b4d;a09c4334e0d0316e;64a171042c4969e5;f36aba3f6516d34e;62ab574706a6e2f7;a3fb2331e21f5e82;b3d70ea1f90b1443;d2be6f2e1f530e64;2b2a0146feed53e0;b977ea5adafb156a
conservative_lag,test,SocialGood:h3:f1:o650,650,1,18,32,50,075a7ebce02cdab3;f1557ea22e962a11;f934b44d28ed7177;ff9ccfe89a127b19;245195c3694914a7;5c77e8a18ebfc419;86cadf3bab2a288d;2ba2942d971cd3a6;d3c589850fd9eee5;66c97b31b576256e;a0d7126681a69ccd;28c3cceb4798c000;ae5e6d8dc5a7d3c8;f70e3e661d463d81;e128c91322f01d52;223e4dc6231224f6;98cad9527949d7d9;f799c5198c84ad66,355404d1750f7045;79d806611ff61a31;a0c2ac8dae38c968;e04a8a56ef075757;0b685f2fa7a1150a;b2b526e2b0ac4ae6;ac51c13ab4f704ad;b91df8febe050d24;014d4f0f34966d0a;9994d0be65444233;9ef276e20bc740eb;ad827169ebacd152;17348ddd2864d203;3a777954d8d03c96;ad12d0786d465148;face292913dad8b3;15ff18a47474920e;e4ffbad20ad16119;b7b4c7dbfe672f1d;e91b65b80da90fa6;10214a34b2b7a26f;34792d0971ee69b4;4e84a26ba8c090b2;9395771b4f20b2b6;c945cfeb70fba3c9;f3b574a09f29cc05;105d6d2556b58a2f;e79183807fc0af02;0f7a0641c74a9771;5cb2530e5e69421d;5c0a54dca2e79b4d;a09c4334e0d0316e
conservative_lag,test,SocialGood:h3:f1:o651,651,1,19,32,51,9b83a69dcef038d7;075a7ebce02cdab3;f1557ea22e962a11;f934b44d28ed7177;ff9ccfe89a127b19;245195c3694914a7;5c77e8a18ebfc419;86cadf3bab2a288d;2ba2942d971cd3a6;d3c589850fd9eee5;66c97b31b576256e;a0d7126681a69ccd;28c3cceb4798c000;ae5e6d8dc5a7d3c8;f70e3e661d463d81;e128c91322f01d52;223e4dc6231224f6;98cad9527949d7d9;f799c5198c84ad66,1cb673e35a97f24c;fe73accc59bcf63a;cd64b975d6c7709a;fa03ff9d5396eb12;703e9b37331722c3;981ac509a0ed6658;9e57c7c3db60c38b;b29d9b1e27a382b1;355404d1750f7045;79d806611ff61a31;a0c2ac8dae38c968;e04a8a56ef075757;0b685f2fa7a1150a;b2b526e2b0ac4ae6;ac51c13ab4f704ad;b91df8febe050d24;014d4f0f34966d0a;9994d0be65444233;9ef276e20bc740eb;ad827169ebacd152;17348ddd2864d203;3a777954d8d03c96;ad12d0786d465148;face292913dad8b3;15ff18a47474920e;e4ffbad20ad16119;b7b4c7dbfe672f1d;e91b65b80da90fa6;10214a34b2b7a26f;34792d0971ee69b4;4e84a26ba8c090b2;9395771b4f20b2b6
conservative_lag,test,SocialGood:h3:f1:o652,652,1,18,32,50,9b83a69dcef038d7;075a7ebce02cdab3;f1557ea22e962a11;f934b44d28ed7177;ff9ccfe89a127b19;245195c3694914a7;5c77e8a18ebfc419;86cadf3bab2a288d;2ba2942d971cd3a6;d3c589850fd9eee5;66c97b31b576256e;a0d7126681a69ccd;28c3cceb4798c000;ae5e6d8dc5a7d3c8;f70e3e661d463d81;e128c91322f01d52;223e4dc6231224f6;98cad9527949d7d9,313bc7fbfcc191df;e4f9446112c67f17;0973069d20b009d3;78d2997e22155fe2;7f37e4969b46e5c6;aa5d3944cf094eda;91910510e0ceb896;cb3bf2c3987c96da;1cb673e35a97f24c;fe73accc59bcf63a;cd64b975d6c7709a;fa03ff9d5396eb12;703e9b37331722c3;981ac509a0ed6658;9e57c7c3db60c38b;b29d9b1e27a382b1;355404d1750f7045;79d806611ff61a31;a0c2ac8dae38c968;e04a8a56ef075757;0b685f2fa7a1150a;b2b526e2b0ac4ae6;ac51c13ab4f704ad;b91df8febe050d24;014d4f0f34966d0a;9994d0be65444233;9ef276e20bc740eb;ad827169ebacd152;17348ddd2864d203;3a777954d8d03c96;ad12d0786d465148;face292913dad8b3
conservative_lag,test,SocialGood:h3:f1:o653,653,1,19,32,51,206479b0ec63e39d;9b83a69dcef038d7;075a7ebce02cdab3;f1557ea22e962a11;f934b44d28ed7177;ff9ccfe89a127b19;245195c3694914a7;5c77e8a18ebfc419;86cadf3bab2a288d;2ba2942d971cd3a6;d3c589850fd9eee5;66c97b31b576256e;a0d7126681a69ccd;28c3cceb4798c000;ae5e6d8dc5a7d3c8;f70e3e661d463d81;e128c91322f01d52;223e4dc6231224f6;98cad9527949d7d9,020ca96e7fb7c1ac;24f6531c0b90227b;9d8ed5d7b14838a7;e7e8cd43958f39ab;bdaffd64b8a97aba;cdf7bc550878e176;00695d5eef7330c3;69a85dfd09b1d692;0639c6b5c836f470;313bc7fbfcc191df;e4f9446112c67f17;0973069d20b009d3;78d2997e22155fe2;7f37e4969b46e5c6;aa5d3944cf094eda;91910510e0ceb896;cb3bf2c3987c96da;1cb673e35a97f24c;fe73accc59bcf63a;cd64b975d6c7709a;fa03ff9d5396eb12;703e9b37331722c3;981ac509a0ed6658;9e57c7c3db60c38b;b29d9b1e27a382b1;355404d1750f7045;79d806611ff61a31;a0c2ac8dae38c968;e04a8a56ef075757;0b685f2fa7a1150a;b2b526e2b0ac4ae6;ac51c13ab4f704ad
conservative_lag,test,SocialGood:h3:f1:o654,654,1,18,32,50,206479b0ec63e39d;9b83a69dcef038d7;075a7ebce02cdab3;f1557ea22e962a11;f934b44d28ed7177;ff9ccfe89a127b19;245195c3694914a7;5c77e8a18ebfc419;86cadf3bab2a288d;2ba2942d971cd3a6;d3c589850fd9eee5;66c97b31b576256e;a0d7126681a69ccd;28c3cceb4798c000;ae5e6d8dc5a7d3c8;f70e3e661d463d81;e128c91322f01d52;223e4dc6231224f6,863577a348a19867;94714633eb0ae303;01bfb5c085fadc08;f11fedd63ad979bf;0297f7e42ef0ede9;c5686b5e5d54068a;40c91b031f30d4bf;62fd800e4de5e813;020ca96e7fb7c1ac;24f6531c0b90227b;9d8ed5d7b14838a7;e7e8cd43958f39ab;bdaffd64b8a97aba;cdf7bc550878e176;00695d5eef7330c3;69a85dfd09b1d692;0639c6b5c836f470;313bc7fbfcc191df;e4f9446112c67f17;0973069d20b009d3;78d2997e22155fe2;7f37e4969b46e5c6;aa5d3944cf094eda;91910510e0ceb896;cb3bf2c3987c96da;1cb673e35a97f24c;fe73accc59bcf63a;cd64b975d6c7709a;fa03ff9d5396eb12;703e9b37331722c3;981ac509a0ed6658;9e57c7c3db60c38b
conservative_lag,test,SocialGood:h3:f1:o655,655,1,19,32,51,ced281ba5a0d667a;e382ac7abfd6b816;206479b0ec63e39d;9b83a69dcef038d7;075a7ebce02cdab3;f1557ea22e962a11;f934b44d28ed7177;ff9ccfe89a127b19;245195c3694914a7;5c77e8a18ebfc419;86cadf3bab2a288d;2ba2942d971cd3a6;d3c589850fd9eee5;66c97b31b576256e;a0d7126681a69ccd;28c3cceb4798c000;ae5e6d8dc5a7d3c8;f70e3e661d463d81;e128c91322f01d52,1dc418b9617b14f5;2339d521b2017c8c;31745822c4c5be28;f5146d099169da20;2fff6c11be1c5799;ab569b462daaa8b9;a06823da03d34b04;f050e467f4dfb6ac;1aa1bd80f38cb6b6;6dd7599709664617;863577a348a19867;94714633eb0ae303;01bfb5c085fadc08;f11fedd63ad979bf;0297f7e42ef0ede9;c5686b5e5d54068a;40c91b031f30d4bf;62fd800e4de5e813;020ca96e7fb7c1ac;24f6531c0b90227b;9d8ed5d7b14838a7;e7e8cd43958f39ab;bdaffd64b8a97aba;cdf7bc550878e176;00695d5eef7330c3;69a85dfd09b1d692;0639c6b5c836f470;313bc7fbfcc191df;e4f9446112c67f17;0973069d20b009d3;78d2997e22155fe2;7f37e4969b46e5c6
conservative_lag,test,SocialGood:h3:f1:o656,656,1,20,32,52,7268f4afb23cbc2a;ced281ba5a0d667a;e382ac7abfd6b816;206479b0ec63e39d;9b83a69dcef038d7;075a7ebce02cdab3;f1557ea22e962a11;f934b44d28ed7177;ff9ccfe89a127b19;245195c3694914a7;5c77e8a18ebfc419;86cadf3bab2a288d;2ba2942d971cd3a6;d3c589850fd9eee5;66c97b31b576256e;a0d7126681a69ccd;28c3cceb4798c000;ae5e6d8dc5a7d3c8;f70e3e661d463d81;e128c91322f01d52,5f036badd032f5fb;d94ade695046edd7;29f76837c4053b63;9ed491b1a84b1a3c;566ec551016c75ea;cb4dacd765664943;92f4c8f1bc7a0a82;b808c6459972aefd;1dc418b9617b14f5;2339d521b2017c8c;31745822c4c5be28;f5146d099169da20;2fff6c11be1c5799;ab569b462daaa8b9;a06823da03d34b04;f050e467f4dfb6ac;1aa1bd80f38cb6b6;6dd7599709664617;863577a348a19867;94714633eb0ae303;01bfb5c085fadc08;f11fedd63ad979bf;0297f7e42ef0ede9;c5686b5e5d54068a;40c91b031f30d4bf;62fd800e4de5e813;020ca96e7fb7c1ac;24f6531c0b90227b;9d8ed5d7b14838a7;e7e8cd43958f39ab;bdaffd64b8a97aba;cdf7bc550878e176
conservative_lag,test,SocialGood:h3:f1:o657,657,1,19,32,51,7268f4afb23cbc2a;ced281ba5a0d667a;e382ac7abfd6b816;206479b0ec63e39d;9b83a69dcef038d7;075a7ebce02cdab3;f1557ea22e962a11;f934b44d28ed7177;ff9ccfe89a127b19;245195c3694914a7;5c77e8a18ebfc419;86cadf3bab2a288d;2ba2942d971cd3a6;d3c589850fd9eee5;66c97b31b576256e;a0d7126681a69ccd;28c3cceb4798c000;ae5e6d8dc5a7d3c8;f70e3e661d463d81,2084859855eec034;4b767b156bc6f6fc;739e5f8f1a21b505;f53f8adddfac1db6;a0e47e7bc1aeb661;e7c920828c2838c6;00f829b35646bafe;3b3662de905cc94c;5f036badd032f5fb;d94ade695046edd7;29f76837c4053b63;9ed491b1a84b1a3c;566ec551016c75ea;cb4dacd765664943;92f4c8f1bc7a0a82;b808c6459972aefd;1dc418b9617b14f5;2339d521b2017c8c;31745822c4c5be28;f5146d099169da20;2fff6c11be1c5799;ab569b462daaa8b9;a06823da03d34b04;f050e467f4dfb6ac;1aa1bd80f38cb6b6;6dd7599709664617;863577a348a19867;94714633eb0ae303;01bfb5c085fadc08;f11fedd63ad979bf;0297f7e42ef0ede9;c5686b5e5d54068a
conservative_lag,test,SocialGood:h3:f1:o658,658,1,20,32,52,e0422c57fe3c5a8e;ec59c5ff9f9b0286;7268f4afb23cbc2a;ced281ba5a0d667a;e382ac7abfd6b816;206479b0ec63e39d;9b83a69dcef038d7;075a7ebce02cdab3;f1557ea22e962a11;f934b44d28ed7177;ff9ccfe89a127b19;245195c3694914a7;5c77e8a18ebfc419;86cadf3bab2a288d;2ba2942d971cd3a6;d3c589850fd9eee5;66c97b31b576256e;a0d7126681a69ccd;28c3cceb4798c000;ae5e6d8dc5a7d3c8,031018b817830084;438a3fc6534a6d11;82fb007ecab2d7fd;d2e37500c993be85;49706371a2f2ecb7;d716a6739f0db923;5335b272222449ca;802bc0c439da637c;1e075341bb1be689;bd3494bce9e557c6;2084859855eec034;4b767b156bc6f6fc;739e5f8f1a21b505;f53f8adddfac1db6;a0e47e7bc1aeb661;e7c920828c2838c6;00f829b35646bafe;3b3662de905cc94c;5f036badd032f5fb;d94ade695046edd7;29f76837c4053b63;9ed491b1a84b1a3c;566ec551016c75ea;cb4dacd765664943;92f4c8f1bc7a0a82;b808c6459972aefd;1dc418b9617b14f5;2339d521b2017c8c;31745822c4c5be28;f5146d099169da20;2fff6c11be1c5799;ab569b462daaa8b9
conservative_lag,test,SocialGood:h3:f1:o659,659,1,19,32,51,e0422c57fe3c5a8e;ec59c5ff9f9b0286;7268f4afb23cbc2a;ced281ba5a0d667a;e382ac7abfd6b816;206479b0ec63e39d;9b83a69dcef038d7;075a7ebce02cdab3;f1557ea22e962a11;f934b44d28ed7177;ff9ccfe89a127b19;245195c3694914a7;5c77e8a18ebfc419;86cadf3bab2a288d;2ba2942d971cd3a6;d3c589850fd9eee5;66c97b31b576256e;a0d7126681a69ccd;28c3cceb4798c000,08a262296c278c4e;577854079c59a09a;116c7a2fe2b21ec3;d6aa45fa8e812812;48f7458e19e75586;cc819884c36c3986;18d2674c3fc50e1f;54d7e993f91f49b6;031018b817830084;438a3fc6534a6d11;82fb007ecab2d7fd;d2e37500c993be85;49706371a2f2ecb7;d716a6739f0db923;5335b272222449ca;802bc0c439da637c;1e075341bb1be689;bd3494bce9e557c6;2084859855eec034;4b767b156bc6f6fc;739e5f8f1a21b505;f53f8adddfac1db6;a0e47e7bc1aeb661;e7c920828c2838c6;00f829b35646bafe;3b3662de905cc94c;5f036badd032f5fb;d94ade695046edd7;29f76837c4053b63;9ed491b1a84b1a3c;566ec551016c75ea;cb4dacd765664943
conservative_lag,test,SocialGood:h3:f1:o660,660,1,20,32,52,3591a0f53cdd3fdc;e0422c57fe3c5a8e;ec59c5ff9f9b0286;7268f4afb23cbc2a;ced281ba5a0d667a;e382ac7abfd6b816;206479b0ec63e39d;9b83a69dcef038d7;075a7ebce02cdab3;f1557ea22e962a11;f934b44d28ed7177;ff9ccfe89a127b19;245195c3694914a7;5c77e8a18ebfc419;86cadf3bab2a288d;2ba2942d971cd3a6;d3c589850fd9eee5;66c97b31b576256e;a0d7126681a69ccd;28c3cceb4798c000,46fd02f9a1ce77dc;93645c6142ec64f9;4826f10e60311a53;e7248fe214e975f4;022b5aec94e82c87;2ce1f1d627e6576d;954dff25f6595c61;08a262296c278c4e;577854079c59a09a;116c7a2fe2b21ec3;d6aa45fa8e812812;48f7458e19e75586;cc819884c36c3986;18d2674c3fc50e1f;54d7e993f91f49b6;031018b817830084;438a3fc6534a6d11;82fb007ecab2d7fd;d2e37500c993be85;49706371a2f2ecb7;d716a6739f0db923;5335b272222449ca;802bc0c439da637c;1e075341bb1be689;bd3494bce9e557c6;2084859855eec034;4b767b156bc6f6fc;739e5f8f1a21b505;f53f8adddfac1db6;a0e47e7bc1aeb661;e7c920828c2838c6;00f829b35646bafe
conservative_lag,test,SocialGood:h3:f1:o661,661,1,20,32,52,3b6f2d08b71cc806;3591a0f53cdd3fdc;e0422c57fe3c5a8e;ec59c5ff9f9b0286;7268f4afb23cbc2a;ced281ba5a0d667a;e382ac7abfd6b816;206479b0ec63e39d;9b83a69dcef038d7;075a7ebce02cdab3;f1557ea22e962a11;f934b44d28ed7177;ff9ccfe89a127b19;245195c3694914a7;5c77e8a18ebfc419;86cadf3bab2a288d;2ba2942d971cd3a6;d3c589850fd9eee5;66c97b31b576256e;a0d7126681a69ccd,12fbb41a303f99f1;f0b5f2a25cc1d097;b0f490fdfd2f90e8;f46d34fff4418dba;bec566e19bd35c20;dddb24d2384fa606;575d223271515de2;f44848a2120d5eea;61c33854020b93e1;6dbcfc5d84c86219;46fd02f9a1ce77dc;93645c6142ec64f9;4826f10e60311a53;e7248fe214e975f4;022b5aec94e82c87;2ce1f1d627e6576d;954dff25f6595c61;08a262296c278c4e;577854079c59a09a;116c7a2fe2b21ec3;d6aa45fa8e812812;48f7458e19e75586;cc819884c36c3986;18d2674c3fc50e1f;54d7e993f91f49b6;031018b817830084;438a3fc6534a6d11;82fb007ecab2d7fd;d2e37500c993be85;49706371a2f2ecb7;d716a6739f0db923;5335b272222449ca
conservative_lag,test,SocialGood:h3:f1:o662,662,1,19,32,51,3b6f2d08b71cc806;3591a0f53cdd3fdc;e0422c57fe3c5a8e;ec59c5ff9f9b0286;7268f4afb23cbc2a;ced281ba5a0d667a;e382ac7abfd6b816;206479b0ec63e39d;9b83a69dcef038d7;075a7ebce02cdab3;f1557ea22e962a11;f934b44d28ed7177;ff9ccfe89a127b19;245195c3694914a7;5c77e8a18ebfc419;86cadf3bab2a288d;2ba2942d971cd3a6;d3c589850fd9eee5;66c97b31b576256e,b4e21bd4259aef67;cf6de672d332fa7b;65d4f9b0199b627d;9add10eaf6fc44f3;1c7ea6d89e4968be;bac28e2ba6a4be63;57132a7aa1fb0622;74b3436e8cd6feae;12fbb41a303f99f1;f0b5f2a25cc1d097;b0f490fdfd2f90e8;f46d34fff4418dba;bec566e19bd35c20;dddb24d2384fa606;575d223271515de2;f44848a2120d5eea;61c33854020b93e1;6dbcfc5d84c86219;46fd02f9a1ce77dc;93645c6142ec64f9;4826f10e60311a53;e7248fe214e975f4;022b5aec94e82c87;2ce1f1d627e6576d;954dff25f6595c61;08a262296c278c4e;577854079c59a09a;116c7a2fe2b21ec3;d6aa45fa8e812812;48f7458e19e75586;cc819884c36c3986;18d2674c3fc50e1f
conservative_lag,test,SocialGood:h3:f1:o663,663,1,20,32,52,4f1957ed817b0ec0;fcfcc7bfe677b6bf;3b6f2d08b71cc806;3591a0f53cdd3fdc;e0422c57fe3c5a8e;ec59c5ff9f9b0286;7268f4afb23cbc2a;ced281ba5a0d667a;e382ac7abfd6b816;206479b0ec63e39d;9b83a69dcef038d7;075a7ebce02cdab3;f1557ea22e962a11;f934b44d28ed7177;ff9ccfe89a127b19;245195c3694914a7;5c77e8a18ebfc419;86cadf3bab2a288d;2ba2942d971cd3a6;d3c589850fd9eee5,066cfaa53a99b908;52478f22a4535d23;a7799f84ad903f65;d654d0ab4a82f84a;2a09edbd9c6ec05a;fef41e9113a22812;191baebc375679f0;833159fcff3d42ca;b4e21bd4259aef67;cf6de672d332fa7b;65d4f9b0199b627d;9add10eaf6fc44f3;1c7ea6d89e4968be;bac28e2ba6a4be63;57132a7aa1fb0622;74b3436e8cd6feae;12fbb41a303f99f1;f0b5f2a25cc1d097;b0f490fdfd2f90e8;f46d34fff4418dba;bec566e19bd35c20;dddb24d2384fa606;575d223271515de2;f44848a2120d5eea;61c33854020b93e1;6dbcfc5d84c86219;46fd02f9a1ce77dc;93645c6142ec64f9;4826f10e60311a53;e7248fe214e975f4;022b5aec94e82c87;2ce1f1d627e6576d
conservative_lag,test,SocialGood:h3:f1:o664,664,1,19,32,51,4f1957ed817b0ec0;fcfcc7bfe677b6bf;3b6f2d08b71cc806;3591a0f53cdd3fdc;e0422c57fe3c5a8e;ec59c5ff9f9b0286;7268f4afb23cbc2a;ced281ba5a0d667a;e382ac7abfd6b816;206479b0ec63e39d;9b83a69dcef038d7;075a7ebce02cdab3;f1557ea22e962a11;f934b44d28ed7177;ff9ccfe89a127b19;245195c3694914a7;5c77e8a18ebfc419;86cadf3bab2a288d;2ba2942d971cd3a6,969a4bcf1e86d48f;c5d3c57461f66c7e;4a406fc1c618e415;f9495b7c83889ef5;ba2bd047960f4afa;ce346adbdb19aa57;6e967cfd4f4703ae;f08b33d89a39d742;467c499db844ab02;a4f99e6fd02d8e25;066cfaa53a99b908;52478f22a4535d23;a7799f84ad903f65;d654d0ab4a82f84a;2a09edbd9c6ec05a;fef41e9113a22812;191baebc375679f0;833159fcff3d42ca;b4e21bd4259aef67;cf6de672d332fa7b;65d4f9b0199b627d;9add10eaf6fc44f3;1c7ea6d89e4968be;bac28e2ba6a4be63;57132a7aa1fb0622;74b3436e8cd6feae;12fbb41a303f99f1;f0b5f2a25cc1d097;b0f490fdfd2f90e8;f46d34fff4418dba;bec566e19bd35c20;dddb24d2384fa606
conservative_lag,test,SocialGood:h3:f1:o665,665,1,20,32,52,8df10e31082b3e10;7fd17d7492a455f0;4f1957ed817b0ec0;fcfcc7bfe677b6bf;3b6f2d08b71cc806;3591a0f53cdd3fdc;e0422c57fe3c5a8e;ec59c5ff9f9b0286;7268f4afb23cbc2a;ced281ba5a0d667a;e382ac7abfd6b816;206479b0ec63e39d;9b83a69dcef038d7;075a7ebce02cdab3;f1557ea22e962a11;f934b44d28ed7177;ff9ccfe89a127b19;245195c3694914a7;5c77e8a18ebfc419;86cadf3bab2a288d,a3271974abb1d408;e149ac09a36913dd;343ad4c88fff343c;e10df117b329571c;004fd15a5b1dceed;8a349210e1f26776;dcfeab80f99862f0;fd4ca1f88b7e304a;969a4bcf1e86d48f;c5d3c57461f66c7e;4a406fc1c618e415;f9495b7c83889ef5;ba2bd047960f4afa;ce346adbdb19aa57;6e967cfd4f4703ae;f08b33d89a39d742;467c499db844ab02;a4f99e6fd02d8e25;066cfaa53a99b908;52478f22a4535d23;a7799f84ad903f65;d654d0ab4a82f84a;2a09edbd9c6ec05a;fef41e9113a22812;191baebc375679f0;833159fcff3d42ca;b4e21bd4259aef67;cf6de672d332fa7b;65d4f9b0199b627d;9add10eaf6fc44f3;1c7ea6d89e4968be;bac28e2ba6a4be63
conservative_lag,test,SocialGood:h3:f1:o666,666,1,19,32,51,8df10e31082b3e10;7fd17d7492a455f0;4f1957ed817b0ec0;fcfcc7bfe677b6bf;3b6f2d08b71cc806;3591a0f53cdd3fdc;e0422c57fe3c5a8e;ec59c5ff9f9b0286;7268f4afb23cbc2a;ced281ba5a0d667a;e382ac7abfd6b816;206479b0ec63e39d;9b83a69dcef038d7;075a7ebce02cdab3;f1557ea22e962a11;f934b44d28ed7177;ff9ccfe89a127b19;245195c3694914a7;5c77e8a18ebfc419,523e05902954766e;7d538a7657176f68;ad3d3960c293e4e4;c4fad558479ec976;89405544a0c0c751;fa33cdcfe2712f41;31419a280a6f4a7e;703c0c8edac925e9;a3271974abb1d408;e149ac09a36913dd;343ad4c88fff343c;e10df117b329571c;004fd15a5b1dceed;8a349210e1f26776;dcfeab80f99862f0;fd4ca1f88b7e304a;969a4bcf1e86d48f;c5d3c57461f66c7e;4a406fc1c618e415;f9495b7c83889ef5;ba2bd047960f4afa;ce346adbdb19aa57;6e967cfd4f4703ae;f08b33d89a39d742;467c499db844ab02;a4f99e6fd02d8e25;066cfaa53a99b908;52478f22a4535d23;a7799f84ad903f65;d654d0ab4a82f84a;2a09edbd9c6ec05a;fef41e9113a22812
conservative_lag,test,SocialGood:h3:f1:o667,667,1,19,32,51,168ece56a436bed2;8df10e31082b3e10;7fd17d7492a455f0;4f1957ed817b0ec0;fcfcc7bfe677b6bf;3b6f2d08b71cc806;3591a0f53cdd3fdc;e0422c57fe3c5a8e;ec59c5ff9f9b0286;7268f4afb23cbc2a;ced281ba5a0d667a;e382ac7abfd6b816;206479b0ec63e39d;9b83a69dcef038d7;075a7ebce02cdab3;f1557ea22e962a11;f934b44d28ed7177;ff9ccfe89a127b19;245195c3694914a7,04d2647bf87405c2;443e6b09dfdf7b05;1b73b7675668b602;dd7b898c70e30fea;6802b1a1961a9c46;9e43294e4c38a58e;37dfcd60b5ec6319;53ca9ddafda83205;7844be759f52d4ed;be70c989edd149b0;523e05902954766e;7d538a7657176f68;ad3d3960c293e4e4;c4fad558479ec976;89405544a0c0c751;fa33cdcfe2712f41;31419a280a6f4a7e;703c0c8edac925e9;a3271974abb1d408;e149ac09a36913dd;343ad4c88fff343c;e10df117b329571c;004fd15a5b1dceed;8a349210e1f26776;dcfeab80f99862f0;fd4ca1f88b7e304a;969a4bcf1e86d48f;c5d3c57461f66c7e;4a406fc1c618e415;f9495b7c83889ef5;ba2bd047960f4afa;ce346adbdb19aa57
conservative_lag,test,SocialGood:h3:f1:o668,668,1,19,32,51,b3ab3bb4c4c56025;168ece56a436bed2;8df10e31082b3e10;7fd17d7492a455f0;4f1957ed817b0ec0;fcfcc7bfe677b6bf;3b6f2d08b71cc806;3591a0f53cdd3fdc;e0422c57fe3c5a8e;ec59c5ff9f9b0286;7268f4afb23cbc2a;ced281ba5a0d667a;e382ac7abfd6b816;206479b0ec63e39d;9b83a69dcef038d7;075a7ebce02cdab3;f1557ea22e962a11;f934b44d28ed7177;ff9ccfe89a127b19,314ac5b7f6e2f506;b639f855970d0a3a;07602e9b01eca6d1;0d21d48abaa8b4b7;6f709b98b5c70a8c;f101cc999cb091eb;4d86ea13f4def352;a91174d7d9faee42;04d2647bf87405c2;443e6b09dfdf7b05;1b73b7675668b602;dd7b898c70e30fea;6802b1a1961a9c46;9e43294e4c38a58e;37dfcd60b5ec6319;53ca9ddafda83205;7844be759f52d4ed;be70c989edd149b0;523e05902954766e;7d538a7657176f68;ad3d3960c293e4e4;c4fad558479ec976;89405544a0c0c751;fa33cdcfe2712f41;31419a280a6f4a7e;703c0c8edac925e9;a3271974abb1d408;e149ac09a36913dd;343ad4c88fff343c;e10df117b329571c;004fd15a5b1dceed;8a349210e1f26776
conservative_lag,test,SocialGood:h3:f1:o669,669,1,18,32,50,b3ab3bb4c4c56025;168ece56a436bed2;8df10e31082b3e10;7fd17d7492a455f0;4f1957ed817b0ec0;fcfcc7bfe677b6bf;3b6f2d08b71cc806;3591a0f53cdd3fdc;e0422c57fe3c5a8e;ec59c5ff9f9b0286;7268f4afb23cbc2a;ced281ba5a0d667a;e382ac7abfd6b816;206479b0ec63e39d;9b83a69dcef038d7;075a7ebce02cdab3;f1557ea22e962a11;f934b44d28ed7177,334f9e53a3a38d33;c7674f454b844046;6a11f60b8a296e8b;c10996511dfe7f43;410e4d253152c6e5;bdb8bcd7d3cd38f3;0dbcb8ff9c2e0fd5;ba75327acd4c8011;314ac5b7f6e2f506;b639f855970d0a3a;07602e9b01eca6d1;0d21d48abaa8b4b7;6f709b98b5c70a8c;f101cc999cb091eb;4d86ea13f4def352;a91174d7d9faee42;04d2647bf87405c2;443e6b09dfdf7b05;1b73b7675668b602;dd7b898c70e30fea;6802b1a1961a9c46;9e43294e4c38a58e;37dfcd60b5ec6319;53ca9ddafda83205;7844be759f52d4ed;be70c989edd149b0;523e05902954766e;7d538a7657176f68;ad3d3960c293e4e4;c4fad558479ec976;89405544a0c0c751;fa33cdcfe2712f41
conservative_lag,test,SocialGood:h3:f1:o670,670,1,19,32,51,2b0df616b98b8466;a90fd65de5e334e9;b3ab3bb4c4c56025;168ece56a436bed2;8df10e31082b3e10;7fd17d7492a455f0;4f1957ed817b0ec0;fcfcc7bfe677b6bf;3b6f2d08b71cc806;3591a0f53cdd3fdc;e0422c57fe3c5a8e;ec59c5ff9f9b0286;7268f4afb23cbc2a;ced281ba5a0d667a;e382ac7abfd6b816;206479b0ec63e39d;9b83a69dcef038d7;075a7ebce02cdab3;f1557ea22e962a11,0ec7135261940805;4f55bab52ccd68ea;d103769f432e5363;45217128b9a8ea4e;f092d184ff68b2ee;03a575d86ec1c621;c9c204720e275437;f7aab2056425f771;334f9e53a3a38d33;c7674f454b844046;6a11f60b8a296e8b;c10996511dfe7f43;410e4d253152c6e5;bdb8bcd7d3cd38f3;0dbcb8ff9c2e0fd5;ba75327acd4c8011;314ac5b7f6e2f506;b639f855970d0a3a;07602e9b01eca6d1;0d21d48abaa8b4b7;6f709b98b5c70a8c;f101cc999cb091eb;4d86ea13f4def352;a91174d7d9faee42;04d2647bf87405c2;443e6b09dfdf7b05;1b73b7675668b602;dd7b898c70e30fea;6802b1a1961a9c46;9e43294e4c38a58e;37dfcd60b5ec6319;53ca9ddafda83205
conservative_lag,test,SocialGood:h3:f1:o671,671,1,18,32,50,2b0df616b98b8466;a90fd65de5e334e9;b3ab3bb4c4c56025;168ece56a436bed2;8df10e31082b3e10;7fd17d7492a455f0;4f1957ed817b0ec0;fcfcc7bfe677b6bf;3b6f2d08b71cc806;3591a0f53cdd3fdc;e0422c57fe3c5a8e;ec59c5ff9f9b0286;7268f4afb23cbc2a;ced281ba5a0d667a;e382ac7abfd6b816;206479b0ec63e39d;9b83a69dcef038d7;075a7ebce02cdab3,02848e3a5d300e66;1bc7b013abbab842;38eefd3dc3d1f63c;55b5295961ed7fa0;bf088efa63bd70d1;2dd4377cdff97be5;a8c1af6d5a282c09;0ec7135261940805;4f55bab52ccd68ea;d103769f432e5363;45217128b9a8ea4e;f092d184ff68b2ee;03a575d86ec1c621;c9c204720e275437;f7aab2056425f771;334f9e53a3a38d33;c7674f454b844046;6a11f60b8a296e8b;c10996511dfe7f43;410e4d253152c6e5;bdb8bcd7d3cd38f3;0dbcb8ff9c2e0fd5;ba75327acd4c8011;314ac5b7f6e2f506;b639f855970d0a3a;07602e9b01eca6d1;0d21d48abaa8b4b7;6f709b98b5c70a8c;f101cc999cb091eb;4d86ea13f4def352;a91174d7d9faee42;04d2647bf87405c2
conservative_lag,test,SocialGood:h3:f1:o672,672,1,17,32,49,2b0df616b98b8466;a90fd65de5e334e9;b3ab3bb4c4c56025;168ece56a436bed2;8df10e31082b3e10;7fd17d7492a455f0;4f1957ed817b0ec0;fcfcc7bfe677b6bf;3b6f2d08b71cc806;3591a0f53cdd3fdc;e0422c57fe3c5a8e;ec59c5ff9f9b0286;7268f4afb23cbc2a;ced281ba5a0d667a;e382ac7abfd6b816;206479b0ec63e39d;9b83a69dcef038d7,32577e6b00eceb9c;f9f6df999978342c;195d2084a1b7545e;38044bcf663dae63;b1a7865f754556be;d48d1d34f8331f41;810263e66bfbe03a;9c5fda1bef76eb04;555d845ed0676afd;acabda3aee4c5936;02848e3a5d300e66;1bc7b013abbab842;38eefd3dc3d1f63c;55b5295961ed7fa0;bf088efa63bd70d1;2dd4377cdff97be5;a8c1af6d5a282c09;0ec7135261940805;4f55bab52ccd68ea;d103769f432e5363;45217128b9a8ea4e;f092d184ff68b2ee;03a575d86ec1c621;c9c204720e275437;f7aab2056425f771;334f9e53a3a38d33;c7674f454b844046;6a11f60b8a296e8b;c10996511dfe7f43;410e4d253152c6e5;bdb8bcd7d3cd38f3;0dbcb8ff9c2e0fd5
conservative_lag,test,SocialGood:h3:f1:o673,673,1,16,32,48,2b0df616b98b8466;a90fd65de5e334e9;b3ab3bb4c4c56025;168ece56a436bed2;8df10e31082b3e10;7fd17d7492a455f0;4f1957ed817b0ec0;fcfcc7bfe677b6bf;3b6f2d08b71cc806;3591a0f53cdd3fdc;e0422c57fe3c5a8e;ec59c5ff9f9b0286;7268f4afb23cbc2a;ced281ba5a0d667a;e382ac7abfd6b816;206479b0ec63e39d,d91cdc7fad595d15;cc63df2b119364eb;f763960bdc5e5d5b;268645e0bc28c541;432fa8d4e44ceea5;9f5507f20d942040;ea02982614a1215d;32577e6b00eceb9c;f9f6df999978342c;195d2084a1b7545e;38044bcf663dae63;b1a7865f754556be;d48d1d34f8331f41;810263e66bfbe03a;9c5fda1bef76eb04;555d845ed0676afd;acabda3aee4c5936;02848e3a5d300e66;1bc7b013abbab842;38eefd3dc3d1f63c;55b5295961ed7fa0;bf088efa63bd70d1;2dd4377cdff97be5;a8c1af6d5a282c09;0ec7135261940805;4f55bab52ccd68ea;d103769f432e5363;45217128b9a8ea4e;f092d184ff68b2ee;03a575d86ec1c621;c9c204720e275437;f7aab2056425f771
conservative_lag,test,SocialGood:h3:f1:o674,674,1,16,32,48,2b0df616b98b8466;a90fd65de5e334e9;b3ab3bb4c4c56025;168ece56a436bed2;8df10e31082b3e10;7fd17d7492a455f0;4f1957ed817b0ec0;fcfcc7bfe677b6bf;3b6f2d08b71cc806;3591a0f53cdd3fdc;e0422c57fe3c5a8e;ec59c5ff9f9b0286;7268f4afb23cbc2a;ced281ba5a0d667a;e382ac7abfd6b816;206479b0ec63e39d,b0acd1e0c14bb9ce;d472424cf174b5b5;a9dc481c2e6fc8f1;c2781692b0c23228;0f892db60e49b089;f601503b02ec20b5;0a7e81bef08ea763;3179ebf9485e56b8;d91cdc7fad595d15;cc63df2b119364eb;f763960bdc5e5d5b;268645e0bc28c541;432fa8d4e44ceea5;9f5507f20d942040;ea02982614a1215d;32577e6b00eceb9c;f9f6df999978342c;195d2084a1b7545e;38044bcf663dae63;b1a7865f754556be;d48d1d34f8331f41;810263e66bfbe03a;9c5fda1bef76eb04;555d845ed0676afd;acabda3aee4c5936;02848e3a5d300e66;1bc7b013abbab842;38eefd3dc3d1f63c;55b5295961ed7fa0;bf088efa63bd70d1;2dd4377cdff97be5;a8c1af6d5a282c09
conservative_lag,test,SocialGood:h3:f1:o675,675,1,18,32,50,b65ce801890d76a4;fb7bc33e7e6bce6f;2b0df616b98b8466;a90fd65de5e334e9;b3ab3bb4c4c56025;168ece56a436bed2;8df10e31082b3e10;7fd17d7492a455f0;4f1957ed817b0ec0;fcfcc7bfe677b6bf;3b6f2d08b71cc806;3591a0f53cdd3fdc;e0422c57fe3c5a8e;ec59c5ff9f9b0286;7268f4afb23cbc2a;ced281ba5a0d667a;e382ac7abfd6b816;206479b0ec63e39d,3eef7f6e826d79a1;c0c9e9c1ac919055;23e04e8e3fabd418;fe682b9fe16d50c9;7b0ca6c3f23d4b14;c973c90c55c353c8;3471961227190e3d;e7ad227fccf712d3;4e2f35e02b4a10dd;a69ec8a54d8a0e3b;b0acd1e0c14bb9ce;d472424cf174b5b5;a9dc481c2e6fc8f1;c2781692b0c23228;0f892db60e49b089;f601503b02ec20b5;0a7e81bef08ea763;3179ebf9485e56b8;d91cdc7fad595d15;cc63df2b119364eb;f763960bdc5e5d5b;268645e0bc28c541;432fa8d4e44ceea5;9f5507f20d942040;ea02982614a1215d;32577e6b00eceb9c;f9f6df999978342c;195d2084a1b7545e;38044bcf663dae63;b1a7865f754556be;d48d1d34f8331f41;810263e66bfbe03a
conservative_lag,test,SocialGood:h3:f1:o676,676,1,17,32,49,b65ce801890d76a4;fb7bc33e7e6bce6f;2b0df616b98b8466;a90fd65de5e334e9;b3ab3bb4c4c56025;168ece56a436bed2;8df10e31082b3e10;7fd17d7492a455f0;4f1957ed817b0ec0;fcfcc7bfe677b6bf;3b6f2d08b71cc806;3591a0f53cdd3fdc;e0422c57fe3c5a8e;ec59c5ff9f9b0286;7268f4afb23cbc2a;ced281ba5a0d667a;e382ac7abfd6b816,28f17b77c5e4a861;f3df87ed1ea1fc9a;b350efdcdd79c5c6;fbba0d761601f16c;9872d599134e19bf;caa2f22d836139e0;bed3361a192db67b;c795ea0d3755e6f1;3eef7f6e826d79a1;c0c9e9c1ac919055;23e04e8e3fabd418;fe682b9fe16d50c9;7b0ca6c3f23d4b14;c973c90c55c353c8;3471961227190e3d;e7ad227fccf712d3;4e2f35e02b4a10dd;a69ec8a54d8a0e3b;b0acd1e0c14bb9ce;d472424cf174b5b5;a9dc481c2e6fc8f1;c2781692b0c23228;0f892db60e49b089;f601503b02ec20b5;0a7e81bef08ea763;3179ebf9485e56b8;d91cdc7fad595d15;cc63df2b119364eb;f763960bdc5e5d5b;268645e0bc28c541;432fa8d4e44ceea5;9f5507f20d942040
conservative_lag,test,SocialGood:h3:f1:o677,677,1,18,32,50,fe3128186724bd7e;b1e693623570b160;b65ce801890d76a4;fb7bc33e7e6bce6f;2b0df616b98b8466;a90fd65de5e334e9;b3ab3bb4c4c56025;168ece56a436bed2;8df10e31082b3e10;7fd17d7492a455f0;4f1957ed817b0ec0;fcfcc7bfe677b6bf;3b6f2d08b71cc806;3591a0f53cdd3fdc;e0422c57fe3c5a8e;ec59c5ff9f9b0286;7268f4afb23cbc2a;ced281ba5a0d667a,bdc662357c742c2a;f1d90f243b264509;6537b7e4f90aff9b;fcee7ceb60662f71;45ab9e2e1f33d786;5c854ecc41465f5e;0e1386ce9c0f5aa1;688e1a220ae0c237;28f17b77c5e4a861;f3df87ed1ea1fc9a;b350efdcdd79c5c6;fbba0d761601f16c;9872d599134e19bf;caa2f22d836139e0;bed3361a192db67b;c795ea0d3755e6f1;3eef7f6e826d79a1;c0c9e9c1ac919055;23e04e8e3fabd418;fe682b9fe16d50c9;7b0ca6c3f23d4b14;c973c90c55c353c8;3471961227190e3d;e7ad227fccf712d3;4e2f35e02b4a10dd;a69ec8a54d8a0e3b;b0acd1e0c14bb9ce;d472424cf174b5b5;a9dc481c2e6fc8f1;c2781692b0c23228;0f892db60e49b089;f601503b02ec20b5
conservative_lag,test,SocialGood:h3:f1:o678,678,1,17,32,49,fe3128186724bd7e;b1e693623570b160;b65ce801890d76a4;fb7bc33e7e6bce6f;2b0df616b98b8466;a90fd65de5e334e9;b3ab3bb4c4c56025;168ece56a436bed2;8df10e31082b3e10;7fd17d7492a455f0;4f1957ed817b0ec0;fcfcc7bfe677b6bf;3b6f2d08b71cc806;3591a0f53cdd3fdc;e0422c57fe3c5a8e;ec59c5ff9f9b0286;7268f4afb23cbc2a,44ca53db2b379c48;98fbee38b1b8ac7f;5420e6b05d48e336;7288c373fd7386bf;a45fcded81fbfb82;ae9a31fc04d2b8b0;88cb4818d591a551;e2bd65bca15993bd;72faefee10eb1be3;9115f65957ee49d9;bdc662357c742c2a;f1d90f243b264509;6537b7e4f90aff9b;fcee7ceb60662f71;45ab9e2e1f33d786;5c854ecc41465f5e;0e1386ce9c0f5aa1;688e1a220ae0c237;28f17b77c5e4a861;f3df87ed1ea1fc9a;b350efdcdd79c5c6;fbba0d761601f16c;9872d599134e19bf;caa2f22d836139e0;bed3361a192db67b;c795ea0d3755e6f1;3eef7f6e826d79a1;c0c9e9c1ac919055;23e04e8e3fabd418;fe682b9fe16d50c9;7b0ca6c3f23d4b14;c973c90c55c353c8
conservative_lag,test,SocialGood:h3:f1:o679,679,1,17,32,49,1f3636d567ff1431;fe3128186724bd7e;b1e693623570b160;b65ce801890d76a4;fb7bc33e7e6bce6f;2b0df616b98b8466;a90fd65de5e334e9;b3ab3bb4c4c56025;168ece56a436bed2;8df10e31082b3e10;7fd17d7492a455f0;4f1957ed817b0ec0;fcfcc7bfe677b6bf;3b6f2d08b71cc806;3591a0f53cdd3fdc;e0422c57fe3c5a8e;ec59c5ff9f9b0286,9c797030ed02ba38;a002a5abf1fcebe4;4dfe5c9efd84d438;743193199526e344;3688dde76c3d4657;65e3e1f799999d7d;0a5a6decf18d8424;9c24639f71687627;44ca53db2b379c48;98fbee38b1b8ac7f;5420e6b05d48e336;7288c373fd7386bf;a45fcded81fbfb82;ae9a31fc04d2b8b0;88cb4818d591a551;e2bd65bca15993bd;72faefee10eb1be3;9115f65957ee49d9;bdc662357c742c2a;f1d90f243b264509;6537b7e4f90aff9b;fcee7ceb60662f71;45ab9e2e1f33d786;5c854ecc41465f5e;0e1386ce9c0f5aa1;688e1a220ae0c237;28f17b77c5e4a861;f3df87ed1ea1fc9a;b350efdcdd79c5c6;fbba0d761601f16c;9872d599134e19bf;caa2f22d836139e0
conservative_lag,test,SocialGood:h3:f1:o680,680,1,17,32,49,a234cbd92e5ffdbb;1f3636d567ff1431;fe3128186724bd7e;b1e693623570b160;b65ce801890d76a4;fb7bc33e7e6bce6f;2b0df616b98b8466;a90fd65de5e334e9;b3ab3bb4c4c56025;168ece56a436bed2;8df10e31082b3e10;7fd17d7492a455f0;4f1957ed817b0ec0;fcfcc7bfe677b6bf;3b6f2d08b71cc806;3591a0f53cdd3fdc;e0422c57fe3c5a8e,0fd938a70d7c6012;162e52890644c453;1eb8d9060c861991;4858f69d79f5e842;50689945cb902d11;ee718b33d07c9225;2ebf995e0dfba2e3;f734ebae94fea8ab;9c797030ed02ba38;a002a5abf1fcebe4;4dfe5c9efd84d438;743193199526e344;3688dde76c3d4657;65e3e1f799999d7d;0a5a6decf18d8424;9c24639f71687627;44ca53db2b379c48;98fbee38b1b8ac7f;5420e6b05d48e336;7288c373fd7386bf;a45fcded81fbfb82;ae9a31fc04d2b8b0;88cb4818d591a551;e2bd65bca15993bd;72faefee10eb1be3;9115f65957ee49d9;bdc662357c742c2a;f1d90f243b264509;6537b7e4f90aff9b;fcee7ceb60662f71;45ab9e2e1f33d786;5c854ecc41465f5e
conservative_lag,test,SocialGood:h3:f1:o681,681,1,16,32,48,a234cbd92e5ffdbb;1f3636d567ff1431;fe3128186724bd7e;b1e693623570b160;b65ce801890d76a4;fb7bc33e7e6bce6f;2b0df616b98b8466;a90fd65de5e334e9;b3ab3bb4c4c56025;168ece56a436bed2;8df10e31082b3e10;7fd17d7492a455f0;4f1957ed817b0ec0;fcfcc7bfe677b6bf;3b6f2d08b71cc806;3591a0f53cdd3fdc,5db1ec324636343e;b911291f4b81a7d5;47d407fe9c5b2187;ee53aea7f96c3de1;732a07955760ce26;865c1e915bb62f80;00ba9fac330996ff;1e6929fdad56bf3d;bc3c680c7df38347;0fd938a70d7c6012;162e52890644c453;1eb8d9060c861991;4858f69d79f5e842;50689945cb902d11;ee718b33d07c9225;2ebf995e0dfba2e3;f734ebae94fea8ab;9c797030ed02ba38;a002a5abf1fcebe4;4dfe5c9efd84d438;743193199526e344;3688dde76c3d4657;65e3e1f799999d7d;0a5a6decf18d8424;9c24639f71687627;44ca53db2b379c48;98fbee38b1b8ac7f;5420e6b05d48e336;7288c373fd7386bf;a45fcded81fbfb82;ae9a31fc04d2b8b0;88cb4818d591a551
conservative_lag,test,SocialGood:h3:f1:o682,682,1,16,32,48,07ac004ba8b5af77;a234cbd92e5ffdbb;1f3636d567ff1431;fe3128186724bd7e;b1e693623570b160;b65ce801890d76a4;fb7bc33e7e6bce6f;2b0df616b98b8466;a90fd65de5e334e9;b3ab3bb4c4c56025;168ece56a436bed2;8df10e31082b3e10;7fd17d7492a455f0;4f1957ed817b0ec0;fcfcc7bfe677b6bf;3b6f2d08b71cc806,8aaa85f850843872;b796d3775895ee21;237c68c77a18a8f4;819fa765e4409a63;31da46ca3e51f55f;ff20e381d65142d3;054d3fa58ed6f2a1;875162ad8fa2756e;5db1ec324636343e;b911291f4b81a7d5;47d407fe9c5b2187;ee53aea7f96c3de1;732a07955760ce26;865c1e915bb62f80;00ba9fac330996ff;1e6929fdad56bf3d;bc3c680c7df38347;0fd938a70d7c6012;162e52890644c453;1eb8d9060c861991;4858f69d79f5e842;50689945cb902d11;ee718b33d07c9225;2ebf995e0dfba2e3;f734ebae94fea8ab;9c797030ed02ba38;a002a5abf1fcebe4;4dfe5c9efd84d438;743193199526e344;3688dde76c3d4657;65e3e1f799999d7d;0a5a6decf18d8424
conservative_lag,test,SocialGood:h3:f1:o683,683,1,16,32,48,07ac004ba8b5af77;a234cbd92e5ffdbb;1f3636d567ff1431;fe3128186724bd7e;b1e693623570b160;b65ce801890d76a4;fb7bc33e7e6bce6f;2b0df616b98b8466;a90fd65de5e334e9;b3ab3bb4c4c56025;168ece56a436bed2;8df10e31082b3e10;7fd17d7492a455f0;4f1957ed817b0ec0;fcfcc7bfe677b6bf;3b6f2d08b71cc806,224da0fe343b2501;6f519c09610c7d0c;70b2244920be5a46;dbc2e974931bcd9b;6afa2d8696fd5568;a68fcc177eb73e02;991698771a52ba4a;bdd2cfe4a50bb386;8aaa85f850843872;b796d3775895ee21;237c68c77a18a8f4;819fa765e4409a63;31da46ca3e51f55f;ff20e381d65142d3;054d3fa58ed6f2a1;875162ad8fa2756e;5db1ec324636343e;b911291f4b81a7d5;47d407fe9c5b2187;ee53aea7f96c3de1;732a07955760ce26;865c1e915bb62f80;00ba9fac330996ff;1e6929fdad56bf3d;bc3c680c7df38347;0fd938a70d7c6012;162e52890644c453;1eb8d9060c861991;4858f69d79f5e842;50689945cb902d11;ee718b33d07c9225;2ebf995e0dfba2e3
conservative_lag,test,SocialGood:h3:f1:o684,684,1,16,32,48,3e4f188668f5dc37;07ac004ba8b5af77;a234cbd92e5ffdbb;1f3636d567ff1431;fe3128186724bd7e;b1e693623570b160;b65ce801890d76a4;fb7bc33e7e6bce6f;2b0df616b98b8466;a90fd65de5e334e9;b3ab3bb4c4c56025;168ece56a436bed2;8df10e31082b3e10;7fd17d7492a455f0;4f1957ed817b0ec0;fcfcc7bfe677b6bf,3c10d587a5cd5c88;50360e3559767a2d;6a4b75750765b3ef;c79056792e9116dc;713b6bf476cb2a5a;0ff0938fbe58e47e;da32d24bd00d5775;1ddd05b27ccda041;eae0fe86cc920f95;224da0fe343b2501;6f519c09610c7d0c;70b2244920be5a46;dbc2e974931bcd9b;6afa2d8696fd5568;a68fcc177eb73e02;991698771a52ba4a;bdd2cfe4a50bb386;8aaa85f850843872;b796d3775895ee21;237c68c77a18a8f4;819fa765e4409a63;31da46ca3e51f55f;ff20e381d65142d3;054d3fa58ed6f2a1;875162ad8fa2756e;5db1ec324636343e;b911291f4b81a7d5;47d407fe9c5b2187;ee53aea7f96c3de1;732a07955760ce26;865c1e915bb62f80;00ba9fac330996ff
conservative_lag,test,SocialGood:h3:f1:o685,685,1,15,32,47,3e4f188668f5dc37;07ac004ba8b5af77;a234cbd92e5ffdbb;1f3636d567ff1431;fe3128186724bd7e;b1e693623570b160;b65ce801890d76a4;fb7bc33e7e6bce6f;2b0df616b98b8466;a90fd65de5e334e9;b3ab3bb4c4c56025;168ece56a436bed2;8df10e31082b3e10;7fd17d7492a455f0;4f1957ed817b0ec0,45eb02fc3388e1c3;55d5930c3a6e346d;20af9d0bb7bb8521;4639ab6e8d827d9e;8fbb8f168e8e8f7d;b4b04b4b417a186c;5915c9cd50722f40;b3c03af0e7d26f5c;3c10d587a5cd5c88;50360e3559767a2d;6a4b75750765b3ef;c79056792e9116dc;713b6bf476cb2a5a;0ff0938fbe58e47e;da32d24bd00d5775;1ddd05b27ccda041;eae0fe86cc920f95;224da0fe343b2501;6f519c09610c7d0c;70b2244920be5a46;dbc2e974931bcd9b;6afa2d8696fd5568;a68fcc177eb73e02;991698771a52ba4a;bdd2cfe4a50bb386;8aaa85f850843872;b796d3775895ee21;237c68c77a18a8f4;819fa765e4409a63;31da46ca3e51f55f;ff20e381d65142d3;054d3fa58ed6f2a1
conservative_lag,test,SocialGood:h3:f1:o686,686,1,14,32,46,3e4f188668f5dc37;07ac004ba8b5af77;a234cbd92e5ffdbb;1f3636d567ff1431;fe3128186724bd7e;b1e693623570b160;b65ce801890d76a4;fb7bc33e7e6bce6f;2b0df616b98b8466;a90fd65de5e334e9;b3ab3bb4c4c56025;168ece56a436bed2;8df10e31082b3e10;7fd17d7492a455f0,2bf0a7241de180ef;4f603ffb2b2a59a6;3614e48715cc43a0;f1b4a5bfae19ad03;cd135b6754ac2d52;cef692f3f9b1fc69;0b6284eea55499a6;c69a1e25e00061e7;45eb02fc3388e1c3;55d5930c3a6e346d;20af9d0bb7bb8521;4639ab6e8d827d9e;8fbb8f168e8e8f7d;b4b04b4b417a186c;5915c9cd50722f40;b3c03af0e7d26f5c;3c10d587a5cd5c88;50360e3559767a2d;6a4b75750765b3ef;c79056792e9116dc;713b6bf476cb2a5a;0ff0938fbe58e47e;da32d24bd00d5775;1ddd05b27ccda041;eae0fe86cc920f95;224da0fe343b2501;6f519c09610c7d0c;70b2244920be5a46;dbc2e974931bcd9b;6afa2d8696fd5568;a68fcc177eb73e02;991698771a52ba4a
conservative_lag,test,SocialGood:h3:f1:o687,687,1,15,32,47,fb670705ab83eaa8;0bcdde97049e9444;3e4f188668f5dc37;07ac004ba8b5af77;a234cbd92e5ffdbb;1f3636d567ff1431;fe3128186724bd7e;b1e693623570b160;b65ce801890d76a4;fb7bc33e7e6bce6f;2b0df616b98b8466;a90fd65de5e334e9;b3ab3bb4c4c56025;168ece56a436bed2;8df10e31082b3e10,2b6d6e6ea1cc147e;ada1dab5665568aa;490415255afda46b;db4e0528d450bbc9;40efc7bf960731d1;56d7a7fb43a091b6;3278b3d0f0dc1a41;860be4a03e233dcf;95dc62f6570a1792;feef73e5afdf977a;2bf0a7241de180ef;4f603ffb2b2a59a6;3614e48715cc43a0;f1b4a5bfae19ad03;cd135b6754ac2d52;cef692f3f9b1fc69;0b6284eea55499a6;c69a1e25e00061e7;45eb02fc3388e1c3;55d5930c3a6e346d;20af9d0bb7bb8521;4639ab6e8d827d9e;8fbb8f168e8e8f7d;b4b04b4b417a186c;5915c9cd50722f40;b3c03af0e7d26f5c;3c10d587a5cd5c88;50360e3559767a2d;6a4b75750765b3ef;c79056792e9116dc;713b6bf476cb2a5a;0ff0938fbe58e47e
conservative_lag,test,SocialGood:h3:f1:o688,688,1,14,32,46,fb670705ab83eaa8;0bcdde97049e9444;3e4f188668f5dc37;07ac004ba8b5af77;a234cbd92e5ffdbb;1f3636d567ff1431;fe3128186724bd7e;b1e693623570b160;b65ce801890d76a4;fb7bc33e7e6bce6f;2b0df616b98b8466;a90fd65de5e334e9;b3ab3bb4c4c56025;168ece56a436bed2,8c1b478966d3a78f;ac55ce2ded3d6da5;12c253f68de542e4;40723b89ffe67cb2;54e2970654c41232;7793c1b321ada082;7780e4d23bd97ce7;9194b3f7ef2c4179;2b6d6e6ea1cc147e;ada1dab5665568aa;490415255afda46b;db4e0528d450bbc9;40efc7bf960731d1;56d7a7fb43a091b6;3278b3d0f0dc1a41;860be4a03e233dcf;95dc62f6570a1792;feef73e5afdf977a;2bf0a7241de180ef;4f603ffb2b2a59a6;3614e48715cc43a0;f1b4a5bfae19ad03;cd135b6754ac2d52;cef692f3f9b1fc69;0b6284eea55499a6;c69a1e25e00061e7;45eb02fc3388e1c3;55d5930c3a6e346d;20af9d0bb7bb8521;4639ab6e8d827d9e;8fbb8f168e8e8f7d;b4b04b4b417a186c
conservative_lag,test,SocialGood:h3:f1:o689,689,1,16,32,48,8780ffac2727e417;b9f5ed7dcf8736bf;fb670705ab83eaa8;0bcdde97049e9444;3e4f188668f5dc37;07ac004ba8b5af77;a234cbd92e5ffdbb;1f3636d567ff1431;fe3128186724bd7e;b1e693623570b160;b65ce801890d76a4;fb7bc33e7e6bce6f;2b0df616b98b8466;a90fd65de5e334e9;b3ab3bb4c4c56025;168ece56a436bed2,5a89ab1ed512acdf;a338c9d8340be3bc;3ffde52c4ba4faa0;4ebb7829682e2c33;8d75e2f20a15b6c1;a6c913a89bb7a359;8a20c42721eb3842;ac7d0ce0c79819cc;8c1b478966d3a78f;ac55ce2ded3d6da5;12c253f68de542e4;40723b89ffe67cb2;54e2970654c41232;7793c1b321ada082;7780e4d23bd97ce7;9194b3f7ef2c4179;2b6d6e6ea1cc147e;ada1dab5665568aa;490415255afda46b;db4e0528d450bbc9;40efc7bf960731d1;56d7a7fb43a091b6;3278b3d0f0dc1a41;860be4a03e233dcf;95dc62f6570a1792;feef73e5afdf977a;2bf0a7241de180ef;4f603ffb2b2a59a6;3614e48715cc43a0;f1b4a5bfae19ad03;cd135b6754ac2d52;cef692f3f9b1fc69
conservative_lag,test,SocialGood:h3:f1:o690,690,1,15,32,47,8780ffac2727e417;b9f5ed7dcf8736bf;fb670705ab83eaa8;0bcdde97049e9444;3e4f188668f5dc37;07ac004ba8b5af77;a234cbd92e5ffdbb;1f3636d567ff1431;fe3128186724bd7e;b1e693623570b160;b65ce801890d76a4;fb7bc33e7e6bce6f;2b0df616b98b8466;a90fd65de5e334e9;b3ab3bb4c4c56025,0d3b0346ff3a4df4;a1c163cdde1c4b6f;893d229b5a6f7f6e;d22cb79463b388a0;27a56daed4c8f888;d23510d800816918;5fa9e12ad7aef136;9d1d28dfcae877fa;edc80bd325e8aa89;fab00075b3cdaac3;5a89ab1ed512acdf;a338c9d8340be3bc;3ffde52c4ba4faa0;4ebb7829682e2c33;8d75e2f20a15b6c1;a6c913a89bb7a359;8a20c42721eb3842;ac7d0ce0c79819cc;8c1b478966d3a78f;ac55ce2ded3d6da5;12c253f68de542e4;40723b89ffe67cb2;54e2970654c41232;7793c1b321ada082;7780e4d23bd97ce7;9194b3f7ef2c4179;2b6d6e6ea1cc147e;ada1dab5665568aa;490415255afda46b;db4e0528d450bbc9;40efc7bf960731d1;56d7a7fb43a091b6
conservative_lag,test,SocialGood:h3:f1:o691,691,1,16,32,48,e88e99d81055edb1;ede11bafe0806043;8780ffac2727e417;b9f5ed7dcf8736bf;fb670705ab83eaa8;0bcdde97049e9444;3e4f188668f5dc37;07ac004ba8b5af77;a234cbd92e5ffdbb;1f3636d567ff1431;fe3128186724bd7e;b1e693623570b160;b65ce801890d76a4;fb7bc33e7e6bce6f;2b0df616b98b8466;a90fd65de5e334e9,01d46698358e5b9e;63adfa35db30773d;4419a3c3665eade8;d90512bdf096c0c6;30308a7aaabf57a9;ba7e47d3ba03a999;b46257876f485a38;0d3b0346ff3a4df4;a1c163cdde1c4b6f;893d229b5a6f7f6e;d22cb79463b388a0;27a56daed4c8f888;d23510d800816918;5fa9e12ad7aef136;9d1d28dfcae877fa;edc80bd325e8aa89;fab00075b3cdaac3;5a89ab1ed512acdf;a338c9d8340be3bc;3ffde52c4ba4faa0;4ebb7829682e2c33;8d75e2f20a15b6c1;a6c913a89bb7a359;8a20c42721eb3842;ac7d0ce0c79819cc;8c1b478966d3a78f;ac55ce2ded3d6da5;12c253f68de542e4;40723b89ffe67cb2;54e2970654c41232;7793c1b321ada082;7780e4d23bd97ce7
conservative_lag,test,SocialGood:h3:f1:o692,692,1,16,32,48,e74e55e1873132cc;e88e99d81055edb1;ede11bafe0806043;8780ffac2727e417;b9f5ed7dcf8736bf;fb670705ab83eaa8;0bcdde97049e9444;3e4f188668f5dc37;07ac004ba8b5af77;a234cbd92e5ffdbb;1f3636d567ff1431;fe3128186724bd7e;b1e693623570b160;b65ce801890d76a4;fb7bc33e7e6bce6f;2b0df616b98b8466,21654cc1cfe8dd38;24e59c61972a8075;0138b493eba81a45;3b0f8709e33d6ed3;5be0825c9c8d7a6d;80fbf2fda06550c2;1b108697f0803192;b24e2b0714b7ef41;6a9eb123cca7fa4e;9273f26234eacf86;01d46698358e5b9e;63adfa35db30773d;4419a3c3665eade8;d90512bdf096c0c6;30308a7aaabf57a9;ba7e47d3ba03a999;b46257876f485a38;0d3b0346ff3a4df4;a1c163cdde1c4b6f;893d229b5a6f7f6e;d22cb79463b388a0;27a56daed4c8f888;d23510d800816918;5fa9e12ad7aef136;9d1d28dfcae877fa;edc80bd325e8aa89;fab00075b3cdaac3;5a89ab1ed512acdf;a338c9d8340be3bc;3ffde52c4ba4faa0;4ebb7829682e2c33;8d75e2f20a15b6c1
conservative_lag,test,SocialGood:h3:f1:o693,693,1,15,32,47,e74e55e1873132cc;e88e99d81055edb1;ede11bafe0806043;8780ffac2727e417;b9f5ed7dcf8736bf;fb670705ab83eaa8;0bcdde97049e9444;3e4f188668f5dc37;07ac004ba8b5af77;a234cbd92e5ffdbb;1f3636d567ff1431;fe3128186724bd7e;b1e693623570b160;b65ce801890d76a4;fb7bc33e7e6bce6f,3d54fd29b3f4cb19;a22f98701911f4d6;5b5e97072c1214e2;d63d3f6ed6096bf6;915ecd4ec861b230;e621ee51632fc2f5;173c08b46271518b;5e25a786dedad80c;21654cc1cfe8dd38;24e59c61972a8075;0138b493eba81a45;3b0f8709e33d6ed3;5be0825c9c8d7a6d;80fbf2fda06550c2;1b108697f0803192;b24e2b0714b7ef41;6a9eb123cca7fa4e;9273f26234eacf86;01d46698358e5b9e;63adfa35db30773d;4419a3c3665eade8;d90512bdf096c0c6;30308a7aaabf57a9;ba7e47d3ba03a999;b46257876f485a38;0d3b0346ff3a4df4;a1c163cdde1c4b6f;893d229b5a6f7f6e;d22cb79463b388a0;27a56daed4c8f888;d23510d800816918;5fa9e12ad7aef136
conservative_lag,test,SocialGood:h3:f1:o694,694,1,16,32,48,b8a4ea6f046b698a;e74e55e1873132cc;e88e99d81055edb1;ede11bafe0806043;8780ffac2727e417;b9f5ed7dcf8736bf;fb670705ab83eaa8;0bcdde97049e9444;3e4f188668f5dc37;07ac004ba8b5af77;a234cbd92e5ffdbb;1f3636d567ff1431;fe3128186724bd7e;b1e693623570b160;b65ce801890d76a4;fb7bc33e7e6bce6f,491505fd6a018058;8450884c622e537e;6ed3b5d715a0e7d1;c238c53dda488291;a1bceaf58936090a;c0e1a32fa2b28f12;047f1082a8df3e29;4318bc6ad7c5b2fd;3d54fd29b3f4cb19;a22f98701911f4d6;5b5e97072c1214e2;d63d3f6ed6096bf6;915ecd4ec861b230;e621ee51632fc2f5;173c08b46271518b;5e25a786dedad80c;21654cc1cfe8dd38;24e59c61972a8075;0138b493eba81a45;3b0f8709e33d6ed3;5be0825c9c8d7a6d;80fbf2fda06550c2;1b108697f0803192;b24e2b0714b7ef41;6a9eb123cca7fa4e;9273f26234eacf86;01d46698358e5b9e;63adfa35db30773d;4419a3c3665eade8;d90512bdf096c0c6;30308a7aaabf57a9;ba7e47d3ba03a999
conservative_lag,test,SocialGood:h3:f1:o695,695,1,16,32,48,b8a4ea6f046b698a;e74e55e1873132cc;e88e99d81055edb1;ede11bafe0806043;8780ffac2727e417;b9f5ed7dcf8736bf;fb670705ab83eaa8;0bcdde97049e9444;3e4f188668f5dc37;07ac004ba8b5af77;a234cbd92e5ffdbb;1f3636d567ff1431;fe3128186724bd7e;b1e693623570b160;b65ce801890d76a4;fb7bc33e7e6bce6f,4899b8449639fa44;ea4ef27b2e5b3b80;960d81e22023ffe0;e534532d809e1e98;ebd7999fafbfe9bf;f2e66951548bb2bb;475ea52ba64bd77a;58dec9b5f3e94cd7;34c766fc4bbd197b;9ecb49a012e090e1;491505fd6a018058;8450884c622e537e;6ed3b5d715a0e7d1;c238c53dda488291;a1bceaf58936090a;c0e1a32fa2b28f12;047f1082a8df3e29;4318bc6ad7c5b2fd;3d54fd29b3f4cb19;a22f98701911f4d6;5b5e97072c1214e2;d63d3f6ed6096bf6;915ecd4ec861b230;e621ee51632fc2f5;173c08b46271518b;5e25a786dedad80c;21654cc1cfe8dd38;24e59c61972a8075;0138b493eba81a45;3b0f8709e33d6ed3;5be0825c9c8d7a6d;80fbf2fda06550c2
conservative_lag,test,SocialGood:h3:f1:o696,696,1,16,32,48,b8a4ea6f046b698a;e74e55e1873132cc;e88e99d81055edb1;ede11bafe0806043;8780ffac2727e417;b9f5ed7dcf8736bf;fb670705ab83eaa8;0bcdde97049e9444;3e4f188668f5dc37;07ac004ba8b5af77;a234cbd92e5ffdbb;1f3636d567ff1431;fe3128186724bd7e;b1e693623570b160;b65ce801890d76a4;fb7bc33e7e6bce6f,08f999e6f8381950;6af53c6e81052f61;22640eb145ae5e3c;e0665934527ff98e;b97f19a72fe008d9;eb325d633d046c72;20c2eee1a13fef33;d622ba2cbd5c568b;4899b8449639fa44;ea4ef27b2e5b3b80;960d81e22023ffe0;e534532d809e1e98;ebd7999fafbfe9bf;f2e66951548bb2bb;475ea52ba64bd77a;58dec9b5f3e94cd7;34c766fc4bbd197b;9ecb49a012e090e1;491505fd6a018058;8450884c622e537e;6ed3b5d715a0e7d1;c238c53dda488291;a1bceaf58936090a;c0e1a32fa2b28f12;047f1082a8df3e29;4318bc6ad7c5b2fd;3d54fd29b3f4cb19;a22f98701911f4d6;5b5e97072c1214e2;d63d3f6ed6096bf6;915ecd4ec861b230;e621ee51632fc2f5
conservative_lag,test,SocialGood:h3:f1:o697,697,1,16,32,48,716b9f50bd4f3af5;b8a4ea6f046b698a;e74e55e1873132cc;e88e99d81055edb1;ede11bafe0806043;8780ffac2727e417;b9f5ed7dcf8736bf;fb670705ab83eaa8;0bcdde97049e9444;3e4f188668f5dc37;07ac004ba8b5af77;a234cbd92e5ffdbb;1f3636d567ff1431;fe3128186724bd7e;b1e693623570b160;b65ce801890d76a4,5120090196ac1b60;7b677806ebc4b4c8;299924c9b43de6e0;fcbec173edef187a;3a1226f891b245e2;9a2d0fc5f857de5f;49a0cd160524be3d;cf7f02998de11a2e;08f999e6f8381950;6af53c6e81052f61;22640eb145ae5e3c;e0665934527ff98e;b97f19a72fe008d9;eb325d633d046c72;20c2eee1a13fef33;d622ba2cbd5c568b;4899b8449639fa44;ea4ef27b2e5b3b80;960d81e22023ffe0;e534532d809e1e98;ebd7999fafbfe9bf;f2e66951548bb2bb;475ea52ba64bd77a;58dec9b5f3e94cd7;34c766fc4bbd197b;9ecb49a012e090e1;491505fd6a018058;8450884c622e537e;6ed3b5d715a0e7d1;c238c53dda488291;a1bceaf58936090a;c0e1a32fa2b28f12
conservative_lag,test,SocialGood:h3:f1:o698,698,1,15,32,47,716b9f50bd4f3af5;b8a4ea6f046b698a;e74e55e1873132cc;e88e99d81055edb1;ede11bafe0806043;8780ffac2727e417;b9f5ed7dcf8736bf;fb670705ab83eaa8;0bcdde97049e9444;3e4f188668f5dc37;07ac004ba8b5af77;a234cbd92e5ffdbb;1f3636d567ff1431;fe3128186724bd7e;b1e693623570b160,121d0f08a327e8f0;716996322e2a37d0;8cfb5002a7aa8a24;ca3518d620e2433c;378f3f7de1f45fe0;82ea288e52c1cdeb;41c9068754471356;b4a48f272ca20871;5120090196ac1b60;7b677806ebc4b4c8;299924c9b43de6e0;fcbec173edef187a;3a1226f891b245e2;9a2d0fc5f857de5f;49a0cd160524be3d;cf7f02998de11a2e;08f999e6f8381950;6af53c6e81052f61;22640eb145ae5e3c;e0665934527ff98e;b97f19a72fe008d9;eb325d633d046c72;20c2eee1a13fef33;d622ba2cbd5c568b;4899b8449639fa44;ea4ef27b2e5b3b80;960d81e22023ffe0;e534532d809e1e98;ebd7999fafbfe9bf;f2e66951548bb2bb;475ea52ba64bd77a;58dec9b5f3e94cd7
conservative_lag,test,SocialGood:h3:f1:o699,699,1,15,32,47,dd9d231b0436eec0;716b9f50bd4f3af5;b8a4ea6f046b698a;e74e55e1873132cc;e88e99d81055edb1;ede11bafe0806043;8780ffac2727e417;b9f5ed7dcf8736bf;fb670705ab83eaa8;0bcdde97049e9444;3e4f188668f5dc37;07ac004ba8b5af77;a234cbd92e5ffdbb;1f3636d567ff1431;fe3128186724bd7e,118a723d897b050f;330b56befe1bc1b6;334ea09e1e7ca102;7eb66f0d108f04bc;c633cb3694c18948;e50abe157af25365;ce2ee7f95f1773d8;ed2e46d390a83767;0a84ebb4c3e49fa5;8ff93d4b60472992;121d0f08a327e8f0;716996322e2a37d0;8cfb5002a7aa8a24;ca3518d620e2433c;378f3f7de1f45fe0;82ea288e52c1cdeb;41c9068754471356;b4a48f272ca20871;5120090196ac1b60;7b677806ebc4b4c8;299924c9b43de6e0;fcbec173edef187a;3a1226f891b245e2;9a2d0fc5f857de5f;49a0cd160524be3d;cf7f02998de11a2e;08f999e6f8381950;6af53c6e81052f61;22640eb145ae5e3c;e0665934527ff98e;b97f19a72fe008d9;eb325d633d046c72
conservative_lag,test,SocialGood:h3:f1:o700,700,1,14,32,46,dd9d231b0436eec0;716b9f50bd4f3af5;b8a4ea6f046b698a;e74e55e1873132cc;e88e99d81055edb1;ede11bafe0806043;8780ffac2727e417;b9f5ed7dcf8736bf;fb670705ab83eaa8;0bcdde97049e9444;3e4f188668f5dc37;07ac004ba8b5af77;a234cbd92e5ffdbb;1f3636d567ff1431,adc4400cdf40aa7a;f3c487d58068705a;ab818e209e417505;fb29e7d67956a164;9e17b8f95d016e50;df8ea4560e5389d2;3d2b6e8d54061885;fe32bc998a71d546;118a723d897b050f;330b56befe1bc1b6;334ea09e1e7ca102;7eb66f0d108f04bc;c633cb3694c18948;e50abe157af25365;ce2ee7f95f1773d8;ed2e46d390a83767;0a84ebb4c3e49fa5;8ff93d4b60472992;121d0f08a327e8f0;716996322e2a37d0;8cfb5002a7aa8a24;ca3518d620e2433c;378f3f7de1f45fe0;82ea288e52c1cdeb;41c9068754471356;b4a48f272ca20871;5120090196ac1b60;7b677806ebc4b4c8;299924c9b43de6e0;fcbec173edef187a;3a1226f891b245e2;9a2d0fc5f857de5f
conservative_lag,test,SocialGood:h3:f1:o701,701,1,15,32,47,96808830141bb162;c4e429c3212755fc;dd9d231b0436eec0;716b9f50bd4f3af5;b8a4ea6f046b698a;e74e55e1873132cc;e88e99d81055edb1;ede11bafe0806043;8780ffac2727e417;b9f5ed7dcf8736bf;fb670705ab83eaa8;0bcdde97049e9444;3e4f188668f5dc37;07ac004ba8b5af77;a234cbd92e5ffdbb,6c75464d37b149d6;b150ec2ba31b3d61;3386c4a6d1f3f03c;6161b38d03922727;73ea678dddde5e5b;8a5b0c009f45932c;469eb7107a480bef;608d99136f9a3431;36ceb750de4fe528;46f647fb3a13424b;adc4400cdf40aa7a;f3c487d58068705a;ab818e209e417505;fb29e7d67956a164;9e17b8f95d016e50;df8ea4560e5389d2;3d2b6e8d54061885;fe32bc998a71d546;118a723d897b050f;330b56befe1bc1b6;334ea09e1e7ca102;7eb66f0d108f04bc;c633cb3694c18948;e50abe157af25365;ce2ee7f95f1773d8;ed2e46d390a83767;0a84ebb4c3e49fa5;8ff93d4b60472992;121d0f08a327e8f0;716996322e2a37d0;8cfb5002a7aa8a24;ca3518d620e2433c
conservative_lag,test,SocialGood:h3:f1:o702,702,1,15,32,47,96808830141bb162;c4e429c3212755fc;dd9d231b0436eec0;716b9f50bd4f3af5;b8a4ea6f046b698a;e74e55e1873132cc;e88e99d81055edb1;ede11bafe0806043;8780ffac2727e417;b9f5ed7dcf8736bf;fb670705ab83eaa8;0bcdde97049e9444;3e4f188668f5dc37;07ac004ba8b5af77;a234cbd92e5ffdbb,9b583bb591c79bc0;b25a326255c207c7;79bf621426752bc1;e25772dde7c66492;1e6d443a9c92f3b9;479f39f5b239188f;a5e1381f1de632ac;bafc423bf320c4eb;6c75464d37b149d6;b150ec2ba31b3d61;3386c4a6d1f3f03c;6161b38d03922727;73ea678dddde5e5b;8a5b0c009f45932c;469eb7107a480bef;608d99136f9a3431;36ceb750de4fe528;46f647fb3a13424b;adc4400cdf40aa7a;f3c487d58068705a;ab818e209e417505;fb29e7d67956a164;9e17b8f95d016e50;df8ea4560e5389d2;3d2b6e8d54061885;fe32bc998a71d546;118a723d897b050f;330b56befe1bc1b6;334ea09e1e7ca102;7eb66f0d108f04bc;c633cb3694c18948;e50abe157af25365
conservative_lag,test,SocialGood:h3:f1:o703,703,1,15,32,47,3b50f32ae33ac6fe;96808830141bb162;c4e429c3212755fc;dd9d231b0436eec0;716b9f50bd4f3af5;b8a4ea6f046b698a;e74e55e1873132cc;e88e99d81055edb1;ede11bafe0806043;8780ffac2727e417;b9f5ed7dcf8736bf;fb670705ab83eaa8;0bcdde97049e9444;3e4f188668f5dc37;07ac004ba8b5af77,bb5f5d0466befc4f;db20093f2b4df18f;144aa57c3b05a309;966c161dbf03fb57;568168ed15567c4f;b5498179e5fc315f;17c1379d0810f2d2;db48a462589e3ccb;9b583bb591c79bc0;b25a326255c207c7;79bf621426752bc1;e25772dde7c66492;1e6d443a9c92f3b9;479f39f5b239188f;a5e1381f1de632ac;bafc423bf320c4eb;6c75464d37b149d6;b150ec2ba31b3d61;3386c4a6d1f3f03c;6161b38d03922727;73ea678dddde5e5b;8a5b0c009f45932c;469eb7107a480bef;608d99136f9a3431;36ceb750de4fe528;46f647fb3a13424b;adc4400cdf40aa7a;f3c487d58068705a;ab818e209e417505;fb29e7d67956a164;9e17b8f95d016e50;df8ea4560e5389d2
conservative_lag,test,SocialGood:h3:f1:o704,704,1,16,32,48,cead67a7d3555e75;3b50f32ae33ac6fe;96808830141bb162;c4e429c3212755fc;dd9d231b0436eec0;716b9f50bd4f3af5;b8a4ea6f046b698a;e74e55e1873132cc;e88e99d81055edb1;ede11bafe0806043;8780ffac2727e417;b9f5ed7dcf8736bf;fb670705ab83eaa8;0bcdde97049e9444;3e4f188668f5dc37;07ac004ba8b5af77,1aed927efedeca7e;38361adc69974951;c4844798d7bbca73;d205b3688df4ed95;4ce3a9c1b112e3ad;5a5f1dd8ed65c557;3a477ead9acc5a24;60a07c8a9b886ff8;3aedeff02f908655;ec4409081f762d81;bb5f5d0466befc4f;db20093f2b4df18f;144aa57c3b05a309;966c161dbf03fb57;568168ed15567c4f;b5498179e5fc315f;17c1379d0810f2d2;db48a462589e3ccb;9b583bb591c79bc0;b25a326255c207c7;79bf621426752bc1;e25772dde7c66492;1e6d443a9c92f3b9;479f39f5b239188f;a5e1381f1de632ac;bafc423bf320c4eb;6c75464d37b149d6;b150ec2ba31b3d61;3386c4a6d1f3f03c;6161b38d03922727;73ea678dddde5e5b;8a5b0c009f45932c
conservative_lag,test,SocialGood:h3:f1:o705,705,1,15,32,47,cead67a7d3555e75;3b50f32ae33ac6fe;96808830141bb162;c4e429c3212755fc;dd9d231b0436eec0;716b9f50bd4f3af5;b8a4ea6f046b698a;e74e55e1873132cc;e88e99d81055edb1;ede11bafe0806043;8780ffac2727e417;b9f5ed7dcf8736bf;fb670705ab83eaa8;0bcdde97049e9444;3e4f188668f5dc37,23fd13a02f601543;bb3db4ce1e2a89d9;33db879559b0c40f;b1e7e884fed655a5;7cf07430f467e64f;a6792f9fd26f0e4a;ae24f3699638b579;db57d4f9f0c0c36e;1aed927efedeca7e;38361adc69974951;c4844798d7bbca73;d205b3688df4ed95;4ce3a9c1b112e3ad;5a5f1dd8ed65c557;3a477ead9acc5a24;60a07c8a9b886ff8;3aedeff02f908655;ec4409081f762d81;bb5f5d0466befc4f;db20093f2b4df18f;144aa57c3b05a309;966c161dbf03fb57;568168ed15567c4f;b5498179e5fc315f;17c1379d0810f2d2;db48a462589e3ccb;9b583bb591c79bc0;b25a326255c207c7;79bf621426752bc1;e25772dde7c66492;1e6d443a9c92f3b9;479f39f5b239188f
conservative_lag,test,SocialGood:h3:f1:o706,706,1,15,32,47,c26d4dd24c466708;cead67a7d3555e75;3b50f32ae33ac6fe;96808830141bb162;c4e429c3212755fc;dd9d231b0436eec0;716b9f50bd4f3af5;b8a4ea6f046b698a;e74e55e1873132cc;e88e99d81055edb1;ede11bafe0806043;8780ffac2727e417;b9f5ed7dcf8736bf;fb670705ab83eaa8;0bcdde97049e9444,a0d7551c7b53f2a8;c6877f8d30097f05;e7c8cc5f47321756;fede6a1ecb95ffc1;3645fa5807e22844;e2a8c8da0d441a44;24af5c0fbf0fed9d;5ea345fb7a7c7e70;23fd13a02f601543;bb3db4ce1e2a89d9;33db879559b0c40f;b1e7e884fed655a5;7cf07430f467e64f;a6792f9fd26f0e4a;ae24f3699638b579;db57d4f9f0c0c36e;1aed927efedeca7e;38361adc69974951;c4844798d7bbca73;d205b3688df4ed95;4ce3a9c1b112e3ad;5a5f1dd8ed65c557;3a477ead9acc5a24;60a07c8a9b886ff8;3aedeff02f908655;ec4409081f762d81;bb5f5d0466befc4f;db20093f2b4df18f;144aa57c3b05a309;966c161dbf03fb57;568168ed15567c4f;b5498179e5fc315f
conservative_lag,test,SocialGood:h3:f1:o707,707,1,15,32,47,c26d4dd24c466708;cead67a7d3555e75;3b50f32ae33ac6fe;96808830141bb162;c4e429c3212755fc;dd9d231b0436eec0;716b9f50bd4f3af5;b8a4ea6f046b698a;e74e55e1873132cc;e88e99d81055edb1;ede11bafe0806043;8780ffac2727e417;b9f5ed7dcf8736bf;fb670705ab83eaa8;0bcdde97049e9444,2eee476014188cb8;4bc2ed9e9e0d0b5b;3be836e17c151edf;41048a0c97951859;42d3bcc13361d7ef;bf3730f40acc6f58;6401241e76589f24;c3c0ab3adafa296d;8b9c8f429baa4b5d;ee529a779802b017;a0d7551c7b53f2a8;c6877f8d30097f05;e7c8cc5f47321756;fede6a1ecb95ffc1;3645fa5807e22844;e2a8c8da0d441a44;24af5c0fbf0fed9d;5ea345fb7a7c7e70;23fd13a02f601543;bb3db4ce1e2a89d9;33db879559b0c40f;b1e7e884fed655a5;7cf07430f467e64f;a6792f9fd26f0e4a;ae24f3699638b579;db57d4f9f0c0c36e;1aed927efedeca7e;38361adc69974951;c4844798d7bbca73;d205b3688df4ed95;4ce3a9c1b112e3ad;5a5f1dd8ed65c557
conservative_lag,test,SocialGood:h3:f1:o708,708,1,17,32,49,5b5b39c600f44eea;8361f3cc3bf5bee5;c26d4dd24c466708;cead67a7d3555e75;3b50f32ae33ac6fe;96808830141bb162;c4e429c3212755fc;dd9d231b0436eec0;716b9f50bd4f3af5;b8a4ea6f046b698a;e74e55e1873132cc;e88e99d81055edb1;ede11bafe0806043;8780ffac2727e417;b9f5ed7dcf8736bf;fb670705ab83eaa8;0bcdde97049e9444,85d2b62525cdc387;9c4582bfbcb48ca4;577778906438f45d;600140c585bc74ca;15e402c6db671e57;709ac715ff45c952;d230731506d777d6;d88057eaaf4625d5;2eee476014188cb8;4bc2ed9e9e0d0b5b;3be836e17c151edf;41048a0c97951859;42d3bcc13361d7ef;bf3730f40acc6f58;6401241e76589f24;c3c0ab3adafa296d;8b9c8f429baa4b5d;ee529a779802b017;a0d7551c7b53f2a8;c6877f8d30097f05;e7c8cc5f47321756;fede6a1ecb95ffc1;3645fa5807e22844;e2a8c8da0d441a44;24af5c0fbf0fed9d;5ea345fb7a7c7e70;23fd13a02f601543;bb3db4ce1e2a89d9;33db879559b0c40f;b1e7e884fed655a5;7cf07430f467e64f;a6792f9fd26f0e4a
conservative_lag,test,SocialGood:h3:f1:o709,709,1,16,32,48,5b5b39c600f44eea;8361f3cc3bf5bee5;c26d4dd24c466708;cead67a7d3555e75;3b50f32ae33ac6fe;96808830141bb162;c4e429c3212755fc;dd9d231b0436eec0;716b9f50bd4f3af5;b8a4ea6f046b698a;e74e55e1873132cc;e88e99d81055edb1;ede11bafe0806043;8780ffac2727e417;b9f5ed7dcf8736bf;fb670705ab83eaa8,656a7fc3845d5c51;980df139b6572db2;30cec6c6d9a4ab7c;da14bb23c40512ba;86bc2076d0da3492;8776a4f0bf44b79e;243cb08cd886ee1b;5743ff405f2a2e1d;254859703f61c3b6;409084802ff10012;85d2b62525cdc387;9c4582bfbcb48ca4;577778906438f45d;600140c585bc74ca;15e402c6db671e57;709ac715ff45c952;d230731506d777d6;d88057eaaf4625d5;2eee476014188cb8;4bc2ed9e9e0d0b5b;3be836e17c151edf;41048a0c97951859;42d3bcc13361d7ef;bf3730f40acc6f58;6401241e76589f24;c3c0ab3adafa296d;8b9c8f429baa4b5d;ee529a779802b017;a0d7551c7b53f2a8;c6877f8d30097f05;e7c8cc5f47321756;fede6a1ecb95ffc1
conservative_lag,test,SocialGood:h3:f1:o710,710,1,15,32,47,5b5b39c600f44eea;8361f3cc3bf5bee5;c26d4dd24c466708;cead67a7d3555e75;3b50f32ae33ac6fe;96808830141bb162;c4e429c3212755fc;dd9d231b0436eec0;716b9f50bd4f3af5;b8a4ea6f046b698a;e74e55e1873132cc;e88e99d81055edb1;ede11bafe0806043;8780ffac2727e417;b9f5ed7dcf8736bf,a3254d5f1e76afc2;e3d2a62994f9d357;574035d8cf1ec37e;b54f59a65a9cd837;2e700b29f2b3c270;4fcb92fa5d998df1;717264d7d1049e1e;cc8a6ff7ea00dced;656a7fc3845d5c51;980df139b6572db2;30cec6c6d9a4ab7c;da14bb23c40512ba;86bc2076d0da3492;8776a4f0bf44b79e;243cb08cd886ee1b;5743ff405f2a2e1d;254859703f61c3b6;409084802ff10012;85d2b62525cdc387;9c4582bfbcb48ca4;577778906438f45d;600140c585bc74ca;15e402c6db671e57;709ac715ff45c952;d230731506d777d6;d88057eaaf4625d5;2eee476014188cb8;4bc2ed9e9e0d0b5b;3be836e17c151edf;41048a0c97951859;42d3bcc13361d7ef;bf3730f40acc6f58
conservative_lag,test,SocialGood:h3:f1:o711,711,1,16,32,48,510ce5b25b525c28;026d00be65cd571c;5b5b39c600f44eea;8361f3cc3bf5bee5;c26d4dd24c466708;cead67a7d3555e75;3b50f32ae33ac6fe;96808830141bb162;c4e429c3212755fc;dd9d231b0436eec0;716b9f50bd4f3af5;b8a4ea6f046b698a;e74e55e1873132cc;e88e99d81055edb1;ede11bafe0806043;8780ffac2727e417,17420a3f7fd8dd09;3c93beedd39c5dba;249bea1261e46142;fd4d1b42bfe29981;d715c1c7327617eb;de74bbccfabafd12;98fad6d59f4909bb;ea2f7a6174f834ec;a3254d5f1e76afc2;e3d2a62994f9d357;574035d8cf1ec37e;b54f59a65a9cd837;2e700b29f2b3c270;4fcb92fa5d998df1;717264d7d1049e1e;cc8a6ff7ea00dced;656a7fc3845d5c51;980df139b6572db2;30cec6c6d9a4ab7c;da14bb23c40512ba;86bc2076d0da3492;8776a4f0bf44b79e;243cb08cd886ee1b;5743ff405f2a2e1d;254859703f61c3b6;409084802ff10012;85d2b62525cdc387;9c4582bfbcb48ca4;577778906438f45d;600140c585bc74ca;15e402c6db671e57;709ac715ff45c952
conservative_lag,test,SocialGood:h3:f1:o712,712,1,15,32,47,510ce5b25b525c28;026d00be65cd571c;5b5b39c600f44eea;8361f3cc3bf5bee5;c26d4dd24c466708;cead67a7d3555e75;3b50f32ae33ac6fe;96808830141bb162;c4e429c3212755fc;dd9d231b0436eec0;716b9f50bd4f3af5;b8a4ea6f046b698a;e74e55e1873132cc;e88e99d81055edb1;ede11bafe0806043,4155d371b7301779;e14391d30f3aa92e;2b2c109b76be7221;8e6c78303012e91e;b34c65e9642cc6d8;c5c0280677ffd2bc;10c05c7e295c6856;bcce53535f89a402;17420a3f7fd8dd09;3c93beedd39c5dba;249bea1261e46142;fd4d1b42bfe29981;d715c1c7327617eb;de74bbccfabafd12;98fad6d59f4909bb;ea2f7a6174f834ec;a3254d5f1e76afc2;e3d2a62994f9d357;574035d8cf1ec37e;b54f59a65a9cd837;2e700b29f2b3c270;4fcb92fa5d998df1;717264d7d1049e1e;cc8a6ff7ea00dced;656a7fc3845d5c51;980df139b6572db2;30cec6c6d9a4ab7c;da14bb23c40512ba;86bc2076d0da3492;8776a4f0bf44b79e;243cb08cd886ee1b;5743ff405f2a2e1d
conservative_lag,test,SocialGood:h3:f1:o713,713,1,16,32,48,c6c347bc06ce7916;e9f688ff395eed9c;510ce5b25b525c28;026d00be65cd571c;5b5b39c600f44eea;8361f3cc3bf5bee5;c26d4dd24c466708;cead67a7d3555e75;3b50f32ae33ac6fe;96808830141bb162;c4e429c3212755fc;dd9d231b0436eec0;716b9f50bd4f3af5;b8a4ea6f046b698a;e74e55e1873132cc;e88e99d81055edb1,ba3cd58166427a02;363d579aa15da84a;4557864233c16213;59e8fcae21dbf1c9;96fb5100bdc1c35d;9c959b4f8e0ee258;d33e8c881ae1b568;72bed823a002ff02;cec2278b72a13346;4155d371b7301779;e14391d30f3aa92e;2b2c109b76be7221;8e6c78303012e91e;b34c65e9642cc6d8;c5c0280677ffd2bc;10c05c7e295c6856;bcce53535f89a402;17420a3f7fd8dd09;3c93beedd39c5dba;249bea1261e46142;fd4d1b42bfe29981;d715c1c7327617eb;de74bbccfabafd12;98fad6d59f4909bb;ea2f7a6174f834ec;a3254d5f1e76afc2;e3d2a62994f9d357;574035d8cf1ec37e;b54f59a65a9cd837;2e700b29f2b3c270;4fcb92fa5d998df1;717264d7d1049e1e
conservative_lag,test,SocialGood:h3:f1:o714,714,1,15,32,47,c6c347bc06ce7916;e9f688ff395eed9c;510ce5b25b525c28;026d00be65cd571c;5b5b39c600f44eea;8361f3cc3bf5bee5;c26d4dd24c466708;cead67a7d3555e75;3b50f32ae33ac6fe;96808830141bb162;c4e429c3212755fc;dd9d231b0436eec0;716b9f50bd4f3af5;b8a4ea6f046b698a;e74e55e1873132cc,98dbd89c23ece5b0;a9e662a8f7e7a8fe;bcbe458121837532;4be19e8774219584;ce84a3fd056d0c57;34dd5e42a9437cc0;a2161badb1bdb8b5;ba3cd58166427a02;363d579aa15da84a;4557864233c16213;59e8fcae21dbf1c9;96fb5100bdc1c35d;9c959b4f8e0ee258;d33e8c881ae1b568;72bed823a002ff02;cec2278b72a13346;4155d371b7301779;e14391d30f3aa92e;2b2c109b76be7221;8e6c78303012e91e;b34c65e9642cc6d8;c5c0280677ffd2bc;10c05c7e295c6856;bcce53535f89a402;17420a3f7fd8dd09;3c93beedd39c5dba;249bea1261e46142;fd4d1b42bfe29981;d715c1c7327617eb;de74bbccfabafd12;98fad6d59f4909bb;ea2f7a6174f834ec
conservative_lag,test,SocialGood:h3:f1:o715,715,1,15,32,47,3b3755967775f8bf;c6c347bc06ce7916;e9f688ff395eed9c;510ce5b25b525c28;026d00be65cd571c;5b5b39c600f44eea;8361f3cc3bf5bee5;c26d4dd24c466708;cead67a7d3555e75;3b50f32ae33ac6fe;96808830141bb162;c4e429c3212755fc;dd9d231b0436eec0;716b9f50bd4f3af5;b8a4ea6f046b698a,9b39eb8a31a1570d;b32f64ab2d42d251;d776194e90ca2ac4;f4e042d6b3e83380;263572b55d46370b;4774cf2d4032ee2e;169492edc28d2689;fcbfb9af7cbe1fc3;98dbd89c23ece5b0;a9e662a8f7e7a8fe;bcbe458121837532;4be19e8774219584;ce84a3fd056d0c57;34dd5e42a9437cc0;a2161badb1bdb8b5;ba3cd58166427a02;363d579aa15da84a;4557864233c16213;59e8fcae21dbf1c9;96fb5100bdc1c35d;9c959b4f8e0ee258;d33e8c881ae1b568;72bed823a002ff02;cec2278b72a13346;4155d371b7301779;e14391d30f3aa92e;2b2c109b76be7221;8e6c78303012e91e;b34c65e9642cc6d8;c5c0280677ffd2bc;10c05c7e295c6856;bcce53535f89a402
conservative_lag,test,SocialGood:h3:f1:o716,716,1,15,32,47,aa0334d345efd9be;3b3755967775f8bf;c6c347bc06ce7916;e9f688ff395eed9c;510ce5b25b525c28;026d00be65cd571c;5b5b39c600f44eea;8361f3cc3bf5bee5;c26d4dd24c466708;cead67a7d3555e75;3b50f32ae33ac6fe;96808830141bb162;c4e429c3212755fc;dd9d231b0436eec0;716b9f50bd4f3af5,937872691773da1f;bf6fcbe361854af8;3d944128c3197e5c;cfebc2ddb50ec6ab;22266e2233c1d486;ff61883b0f23b82f;04a013e406d81df4;5630393e53fc066b;12258ea1a8af52f3;ea1cba9c2bdde99b;9b39eb8a31a1570d;b32f64ab2d42d251;d776194e90ca2ac4;f4e042d6b3e83380;263572b55d46370b;4774cf2d4032ee2e;169492edc28d2689;fcbfb9af7cbe1fc3;98dbd89c23ece5b0;a9e662a8f7e7a8fe;bcbe458121837532;4be19e8774219584;ce84a3fd056d0c57;34dd5e42a9437cc0;a2161badb1bdb8b5;ba3cd58166427a02;363d579aa15da84a;4557864233c16213;59e8fcae21dbf1c9;96fb5100bdc1c35d;9c959b4f8e0ee258;d33e8c881ae1b568
conservative_lag,test,SocialGood:h3:f1:o717,717,1,15,32,47,aa0334d345efd9be;3b3755967775f8bf;c6c347bc06ce7916;e9f688ff395eed9c;510ce5b25b525c28;026d00be65cd571c;5b5b39c600f44eea;8361f3cc3bf5bee5;c26d4dd24c466708;cead67a7d3555e75;3b50f32ae33ac6fe;96808830141bb162;c4e429c3212755fc;dd9d231b0436eec0;716b9f50bd4f3af5,50bc24aeda6849dc;8612662178fddd72;7914d556d35e926c;c59e0aebff77c634;682d901a202ee2a1;8d827d8dbaf2ad7a;cf1c8be4ca78fe09;f41e7f85f2a7662e;937872691773da1f;bf6fcbe361854af8;3d944128c3197e5c;cfebc2ddb50ec6ab;22266e2233c1d486;ff61883b0f23b82f;04a013e406d81df4;5630393e53fc066b;12258ea1a8af52f3;ea1cba9c2bdde99b;9b39eb8a31a1570d;b32f64ab2d42d251;d776194e90ca2ac4;f4e042d6b3e83380;263572b55d46370b;4774cf2d4032ee2e;169492edc28d2689;fcbfb9af7cbe1fc3;98dbd89c23ece5b0;a9e662a8f7e7a8fe;bcbe458121837532;4be19e8774219584;ce84a3fd056d0c57;34dd5e42a9437cc0
conservative_lag,test,SocialGood:h3:f1:o718,718,1,17,32,49,608545a923e632a0;e5d1ab72e14700bb;aa0334d345efd9be;3b3755967775f8bf;c6c347bc06ce7916;e9f688ff395eed9c;510ce5b25b525c28;026d00be65cd571c;5b5b39c600f44eea;8361f3cc3bf5bee5;c26d4dd24c466708;cead67a7d3555e75;3b50f32ae33ac6fe;96808830141bb162;c4e429c3212755fc;dd9d231b0436eec0;716b9f50bd4f3af5,594cf7de3ec99d75;a1b62d4d40be91b3;33a600e9241862a4;bb27ae03b1b45501;2f8703b518ce4c78;70d362f97e612a2f;9bb0afd35323361e;becabb2824195d1e;17dce110fc9a6614;90122f5443430984;50bc24aeda6849dc;8612662178fddd72;7914d556d35e926c;c59e0aebff77c634;682d901a202ee2a1;8d827d8dbaf2ad7a;cf1c8be4ca78fe09;f41e7f85f2a7662e;937872691773da1f;bf6fcbe361854af8;3d944128c3197e5c;cfebc2ddb50ec6ab;22266e2233c1d486;ff61883b0f23b82f;04a013e406d81df4;5630393e53fc066b;12258ea1a8af52f3;ea1cba9c2bdde99b;9b39eb8a31a1570d;b32f64ab2d42d251;d776194e90ca2ac4;f4e042d6b3e83380
conservative_lag,test,SocialGood:h3:f1:o719,719,1,17,32,49,608545a923e632a0;e5d1ab72e14700bb;aa0334d345efd9be;3b3755967775f8bf;c6c347bc06ce7916;e9f688ff395eed9c;510ce5b25b525c28;026d00be65cd571c;5b5b39c600f44eea;8361f3cc3bf5bee5;c26d4dd24c466708;cead67a7d3555e75;3b50f32ae33ac6fe;96808830141bb162;c4e429c3212755fc;dd9d231b0436eec0;716b9f50bd4f3af5,5458149232151cbf;69fee309f6438ae3;dadaacf69bf339fb;7f2155281612bdf7;b11428909d662b57;2466d7989e5fd611;38a545e34f72f965;594cf7de3ec99d75;a1b62d4d40be91b3;33a600e9241862a4;bb27ae03b1b45501;2f8703b518ce4c78;70d362f97e612a2f;9bb0afd35323361e;becabb2824195d1e;17dce110fc9a6614;90122f5443430984;50bc24aeda6849dc;8612662178fddd72;7914d556d35e926c;c59e0aebff77c634;682d901a202ee2a1;8d827d8dbaf2ad7a;cf1c8be4ca78fe09;f41e7f85f2a7662e;937872691773da1f;bf6fcbe361854af8;3d944128c3197e5c;cfebc2ddb50ec6ab;22266e2233c1d486;ff61883b0f23b82f;04a013e406d81df4
conservative_lag,test,SocialGood:h3:f1:o720,720,1,17,32,49,50532ecf0cda0013;608545a923e632a0;e5d1ab72e14700bb;aa0334d345efd9be;3b3755967775f8bf;c6c347bc06ce7916;e9f688ff395eed9c;510ce5b25b525c28;026d00be65cd571c;5b5b39c600f44eea;8361f3cc3bf5bee5;c26d4dd24c466708;cead67a7d3555e75;3b50f32ae33ac6fe;96808830141bb162;c4e429c3212755fc;dd9d231b0436eec0,054dbebb6ab7c965;1d4064aeb61b300a;4fdd344b5278c6ad;ea95ef904757ab75;910112a814f8663e;c1497ae75ed37e07;551ba7a27ef69659;645d99d9dec8eb5c;5458149232151cbf;69fee309f6438ae3;dadaacf69bf339fb;7f2155281612bdf7;b11428909d662b57;2466d7989e5fd611;38a545e34f72f965;594cf7de3ec99d75;a1b62d4d40be91b3;33a600e9241862a4;bb27ae03b1b45501;2f8703b518ce4c78;70d362f97e612a2f;9bb0afd35323361e;becabb2824195d1e;17dce110fc9a6614;90122f5443430984;50bc24aeda6849dc;8612662178fddd72;7914d556d35e926c;c59e0aebff77c634;682d901a202ee2a1;8d827d8dbaf2ad7a;cf1c8be4ca78fe09
conservative_lag,test,SocialGood:h3:f1:o721,721,1,17,32,49,50532ecf0cda0013;608545a923e632a0;e5d1ab72e14700bb;aa0334d345efd9be;3b3755967775f8bf;c6c347bc06ce7916;e9f688ff395eed9c;510ce5b25b525c28;026d00be65cd571c;5b5b39c600f44eea;8361f3cc3bf5bee5;c26d4dd24c466708;cead67a7d3555e75;3b50f32ae33ac6fe;96808830141bb162;c4e429c3212755fc;dd9d231b0436eec0,7bb8ce2d1dd5eab2;c372102a7922d0a0;9ac9ddd45386dd77;dd036b407412e0ce;4256da4c2f6c4e7c;bca3ede24559b8fd;b93425b8851cd86d;1bcf3c61f7500b2f;ef4671a8b9ed4c2e;054dbebb6ab7c965;1d4064aeb61b300a;4fdd344b5278c6ad;ea95ef904757ab75;910112a814f8663e;c1497ae75ed37e07;551ba7a27ef69659;645d99d9dec8eb5c;5458149232151cbf;69fee309f6438ae3;dadaacf69bf339fb;7f2155281612bdf7;b11428909d662b57;2466d7989e5fd611;38a545e34f72f965;594cf7de3ec99d75;a1b62d4d40be91b3;33a600e9241862a4;bb27ae03b1b45501;2f8703b518ce4c78;70d362f97e612a2f;9bb0afd35323361e;becabb2824195d1e
conservative_lag,test,SocialGood:h3:f1:o722,722,1,16,32,48,50532ecf0cda0013;608545a923e632a0;e5d1ab72e14700bb;aa0334d345efd9be;3b3755967775f8bf;c6c347bc06ce7916;e9f688ff395eed9c;510ce5b25b525c28;026d00be65cd571c;5b5b39c600f44eea;8361f3cc3bf5bee5;c26d4dd24c466708;cead67a7d3555e75;3b50f32ae33ac6fe;96808830141bb162;c4e429c3212755fc,6f01483600bd78e6;8be294e08830712a;ab50e3073200aef7;bfb319b8ab078a17;1f8dc02edc8512b1;ed55c64ec0418a59;51e88f6fe6544bf5;d59a02e321b0233d;7bb8ce2d1dd5eab2;c372102a7922d0a0;9ac9ddd45386dd77;dd036b407412e0ce;4256da4c2f6c4e7c;bca3ede24559b8fd;b93425b8851cd86d;1bcf3c61f7500b2f;ef4671a8b9ed4c2e;054dbebb6ab7c965;1d4064aeb61b300a;4fdd344b5278c6ad;ea95ef904757ab75;910112a814f8663e;c1497ae75ed37e07;551ba7a27ef69659;645d99d9dec8eb5c;5458149232151cbf;69fee309f6438ae3;dadaacf69bf339fb;7f2155281612bdf7;b11428909d662b57;2466d7989e5fd611;38a545e34f72f965
conservative_lag,test,SocialGood:h3:f1:o723,723,1,17,32,49,ff711936fc7c682e;8de8d72e96bd0336;50532ecf0cda0013;608545a923e632a0;e5d1ab72e14700bb;aa0334d345efd9be;3b3755967775f8bf;c6c347bc06ce7916;e9f688ff395eed9c;510ce5b25b525c28;026d00be65cd571c;5b5b39c600f44eea;8361f3cc3bf5bee5;c26d4dd24c466708;cead67a7d3555e75;3b50f32ae33ac6fe;96808830141bb162,1171624bc650a70d;9c14ba8f2ca08dfa;0c94be7a5df88eb9;933ebeb334291ce9;93f53965cc237c66;c093105d241b3f37;1c18b611a03f67c3;e0e4035d28a26260;6f01483600bd78e6;8be294e08830712a;ab50e3073200aef7;bfb319b8ab078a17;1f8dc02edc8512b1;ed55c64ec0418a59;51e88f6fe6544bf5;d59a02e321b0233d;7bb8ce2d1dd5eab2;c372102a7922d0a0;9ac9ddd45386dd77;dd036b407412e0ce;4256da4c2f6c4e7c;bca3ede24559b8fd;b93425b8851cd86d;1bcf3c61f7500b2f;ef4671a8b9ed4c2e;054dbebb6ab7c965;1d4064aeb61b300a;4fdd344b5278c6ad;ea95ef904757ab75;910112a814f8663e;c1497ae75ed37e07;551ba7a27ef69659
conservative_lag,test,SocialGood:h3:f1:o724,724,1,16,32,48,ff711936fc7c682e;8de8d72e96bd0336;50532ecf0cda0013;608545a923e632a0;e5d1ab72e14700bb;aa0334d345efd9be;3b3755967775f8bf;c6c347bc06ce7916;e9f688ff395eed9c;510ce5b25b525c28;026d00be65cd571c;5b5b39c600f44eea;8361f3cc3bf5bee5;c26d4dd24c466708;cead67a7d3555e75;3b50f32ae33ac6fe,342007d27c4eede5;e36a2a06cafc462f;eedd3fc9feb61a70;fea1ce98ea3b6892;0626df3681913d10;19c03f83332766fe;2197794d17d6f10b;752a0e3cfacb2d97;4dbdc990b75348d3;9115100609453f80;1171624bc650a70d;9c14ba8f2ca08dfa;0c94be7a5df88eb9;933ebeb334291ce9;93f53965cc237c66;c093105d241b3f37;1c18b611a03f67c3;e0e4035d28a26260;6f01483600bd78e6;8be294e08830712a;ab50e3073200aef7;bfb319b8ab078a17;1f8dc02edc8512b1;ed55c64ec0418a59;51e88f6fe6544bf5;d59a02e321b0233d;7bb8ce2d1dd5eab2;c372102a7922d0a0;9ac9ddd45386dd77;dd036b407412e0ce;4256da4c2f6c4e7c;bca3ede24559b8fd
conservative_lag,test,SocialGood:h3:f1:o725,725,1,18,32,50,2289dfe833749d01;9091b409ace0639d;ff711936fc7c682e;8de8d72e96bd0336;50532ecf0cda0013;608545a923e632a0;e5d1ab72e14700bb;aa0334d345efd9be;3b3755967775f8bf;c6c347bc06ce7916;e9f688ff395eed9c;510ce5b25b525c28;026d00be65cd571c;5b5b39c600f44eea;8361f3cc3bf5bee5;c26d4dd24c466708;cead67a7d3555e75;3b50f32ae33ac6fe,498fe5e2abae30ee;d13fca0a0bfbe1f9;4fc722ec64843f8f;6f4a097b08de2cde;58353ca7df0df55a;804e91f2759dc592;a1c9070dcddbbb59;dac69ec757d1e4b6;342007d27c4eede5;e36a2a06cafc462f;eedd3fc9feb61a70;fea1ce98ea3b6892;0626df3681913d10;19c03f83332766fe;2197794d17d6f10b;752a0e3cfacb2d97;4dbdc990b75348d3;9115100609453f80;1171624bc650a70d;9c14ba8f2ca08dfa;0c94be7a5df88eb9;933ebeb334291ce9;93f53965cc237c66;c093105d241b3f37;1c18b611a03f67c3;e0e4035d28a26260;6f01483600bd78e6;8be294e08830712a;ab50e3073200aef7;bfb319b8ab078a17;1f8dc02edc8512b1;ed55c64ec0418a59
conservative_lag,test,SocialGood:h3:f1:o726,726,1,17,32,49,2289dfe833749d01;9091b409ace0639d;ff711936fc7c682e;8de8d72e96bd0336;50532ecf0cda0013;608545a923e632a0;e5d1ab72e14700bb;aa0334d345efd9be;3b3755967775f8bf;c6c347bc06ce7916;e9f688ff395eed9c;510ce5b25b525c28;026d00be65cd571c;5b5b39c600f44eea;8361f3cc3bf5bee5;c26d4dd24c466708;cead67a7d3555e75,79b2ef425cf18511;92b8103906d2e3e8;dce6d423a21d98ef;e85e7ffaaa788741;9af1256ce1da2e84;fedeaf66a07a1d96;3869389021b42192;4e8360273d3b1342;498fe5e2abae30ee;d13fca0a0bfbe1f9;4fc722ec64843f8f;6f4a097b08de2cde;58353ca7df0df55a;804e91f2759dc592;a1c9070dcddbbb59;dac69ec757d1e4b6;342007d27c4eede5;e36a2a06cafc462f;eedd3fc9feb61a70;fea1ce98ea3b6892;0626df3681913d10;19c03f83332766fe;2197794d17d6f10b;752a0e3cfacb2d97;4dbdc990b75348d3;9115100609453f80;1171624bc650a70d;9c14ba8f2ca08dfa;0c94be7a5df88eb9;933ebeb334291ce9;93f53965cc237c66;c093105d241b3f37
conservative_lag,test,SocialGood:h3:f1:o727,727,1,18,32,50,cda1044668d4b568;48be0471783822f0;2289dfe833749d01;9091b409ace0639d;ff711936fc7c682e;8de8d72e96bd0336;50532ecf0cda0013;608545a923e632a0;e5d1ab72e14700bb;aa0334d345efd9be;3b3755967775f8bf;c6c347bc06ce7916;e9f688ff395eed9c;510ce5b25b525c28;026d00be65cd571c;5b5b39c600f44eea;8361f3cc3bf5bee5;c26d4dd24c466708,d21f9252a4d94796;d3f13d9840d5d4b0;8f0411eb83fafd27;de48c84a96b31c2f;465b66b3c27b24f6;4ed7583f7cc8d926;9d7a0c31f2f18865;20e54c167e9e1777;79b2ef425cf18511;92b8103906d2e3e8;dce6d423a21d98ef;e85e7ffaaa788741;9af1256ce1da2e84;fedeaf66a07a1d96;3869389021b42192;4e8360273d3b1342;498fe5e2abae30ee;d13fca0a0bfbe1f9;4fc722ec64843f8f;6f4a097b08de2cde;58353ca7df0df55a;804e91f2759dc592;a1c9070dcddbbb59;dac69ec757d1e4b6;342007d27c4eede5;e36a2a06cafc462f;eedd3fc9feb61a70;fea1ce98ea3b6892;0626df3681913d10;19c03f83332766fe;2197794d17d6f10b;752a0e3cfacb2d97
conservative_lag,test,SocialGood:h3:f1:o728,728,1,18,32,50,5ca24efd2a2f3c8a;cda1044668d4b568;48be0471783822f0;2289dfe833749d01;9091b409ace0639d;ff711936fc7c682e;8de8d72e96bd0336;50532ecf0cda0013;608545a923e632a0;e5d1ab72e14700bb;aa0334d345efd9be;3b3755967775f8bf;c6c347bc06ce7916;e9f688ff395eed9c;510ce5b25b525c28;026d00be65cd571c;5b5b39c600f44eea;8361f3cc3bf5bee5,5edd3e079b9d3865;652b1828e97d5d7e;08ad68f787a3a347;a24ab9ef2b728117;e93797c4e865931d;f35ca6f6d40fcff5;a2c391c9a7c05ef7;ec8edd0693b0109b;d21f9252a4d94796;d3f13d9840d5d4b0;8f0411eb83fafd27;de48c84a96b31c2f;465b66b3c27b24f6;4ed7583f7cc8d926;9d7a0c31f2f18865;20e54c167e9e1777;79b2ef425cf18511;92b8103906d2e3e8;dce6d423a21d98ef;e85e7ffaaa788741;9af1256ce1da2e84;fedeaf66a07a1d96;3869389021b42192;4e8360273d3b1342;498fe5e2abae30ee;d13fca0a0bfbe1f9;4fc722ec64843f8f;6f4a097b08de2cde;58353ca7df0df55a;804e91f2759dc592;a1c9070dcddbbb59;dac69ec757d1e4b6
conservative_lag,test,SocialGood:h3:f1:o729,729,1,18,32,50,5ca24efd2a2f3c8a;cda1044668d4b568;48be0471783822f0;2289dfe833749d01;9091b409ace0639d;ff711936fc7c682e;8de8d72e96bd0336;50532ecf0cda0013;608545a923e632a0;e5d1ab72e14700bb;aa0334d345efd9be;3b3755967775f8bf;c6c347bc06ce7916;e9f688ff395eed9c;510ce5b25b525c28;026d00be65cd571c;5b5b39c600f44eea;8361f3cc3bf5bee5,49e2101031e92d49;ab20a506e84b3a7d;d3cc08aab1bd8715;2fcde318c4be8dee;9975a0d2533dc0ea;54b456c5c4d5a0d8;75596d688d83a632;5edd3e079b9d3865;652b1828e97d5d7e;08ad68f787a3a347;a24ab9ef2b728117;e93797c4e865931d;f35ca6f6d40fcff5;a2c391c9a7c05ef7;ec8edd0693b0109b;d21f9252a4d94796;d3f13d9840d5d4b0;8f0411eb83fafd27;de48c84a96b31c2f;465b66b3c27b24f6;4ed7583f7cc8d926;9d7a0c31f2f18865;20e54c167e9e1777;79b2ef425cf18511;92b8103906d2e3e8;dce6d423a21d98ef;e85e7ffaaa788741;9af1256ce1da2e84;fedeaf66a07a1d96;3869389021b42192;4e8360273d3b1342;498fe5e2abae30ee
