task_id,fold_id,origin_id,candidate_id,seed,horizon,y_pred,config_hash,feature_hash,code_commit
Climate_h4,0,1017,N+S,2026,1,88.63895757634799,0ae181583e9738d212efe51f6485ea774be8c91ae2ab387649294b88cfa4b2a5,cd9df2ade1ca21431041edcb14d5f17dd4911475861cec41755502771901127f,481e8c12964102690dfb236b9333146fae9e98ba
Climate_h4,0,1017,N+S,2026,2,87.93150316002028,0ae181583e9738d212efe51f6485ea774be8c91ae2ab387649294b88cfa4b2a5,cd9df2ade1ca21431041edcb14d5f17dd4911475861cec41755502771901127f,481e8c12964102690dfb236b9333146fae9e98ba
Climate_h4,0,1017,N+S,2026,3,87.24439191916878,0ae181583e9738d212efe51f6485ea774be8c91ae2ab387649294b88cfa4b2a5,cd9df2ade1ca21431041edcb14d5f17dd4911475861cec41755502771901127f,481e8c12964102690dfb236b9333146fae9e98ba
Climate_h4,0,1017,N+S,2026,4,86.59354280059647,0ae181583e9738d212efe51f6485ea774be8c91ae2ab387649294b88cfa4b2a5,cd9df2ade1ca21431041edcb14d5f17dd4911475861cec41755502771901127f,481e8c12964102690dfb236b9333146fae9e98ba
Climate_h4,0,1018,N+S,2026,1,88.75866343025506,0ae181583e9738d212efe51f6485ea774be8c91ae2ab387649294b88cfa4b2a5,cd9df2ade1ca21431041edcb14d5f17dd4911475861cec41755502771901127f,481e8c12964102690dfb236b9333146fae9e98ba
Climate_h4,0,1018,N+S,2026,2,88.04681081721692,0ae181583e9738d212efe51f6485ea774be8c91ae2ab387649294b88cfa4b2a5,cd9df2ade1ca21431041edcb14d5f17dd4911475861cec41755502771901127f,481e8c12964102690dfb236b9333146fae9e98ba
Climate_h4,0,1018,N+S,2026,3,87.36379363286176,0ae181583e9738d212efe51f6485ea774be8c91ae2ab387649294b88cfa4b2a5,cd9df2ade1ca21431041edcb14d5f17dd4911475861cec41755502771901127f,481e8c12964102690dfb236b9333146fae9e98ba
Climate_h4,0,1018,N+S,2026,4,86.71956832671562,0ae181583e9738d212efe51f6485ea774be8c91ae2ab387649294b88cfa4b2a5,cd9df2ade1ca21431041edcb14d5f17dd4911475861cec41755502771901127f,481e8c12964102690dfb236b9333146fae9e98ba
Climate_h4,0,1019,N+S,2026,1,79.9143454204658,0ae181583e9738d212efe51f6485ea774be8c91ae2ab387649294b88cfa4b2a5,cd9df2ade1ca21431041edcb14d5f17dd4911475861cec41755502771901127f,481e8c12964102690dfb236b9333146fae9e98ba
Climate_h4,0,1019,N+S,2026,2,79.25015199163221,0ae181583e9738d212efe51f6485ea774be8c91ae2ab387649294b88cfa4b2a5,cd9df2ade1ca21431041edcb14d5f17dd4911475861cec41755502771901127f,481e8c12964102690dfb236b9333146fae9e98ba
Climate_h4,0,1019,N+S,2026,3,78.62012623751842,0ae181583e9738d212efe51f6485ea774be8c91ae2ab387649294b88cfa4b2a5,cd9df2ade1ca21431041edcb14d5f17dd4911475861cec41755502771901127f,481e8c12964102690dfb236b9333146fae9e98ba
Climate_h4,0,1019,N+S,2026,4,78.03787297922598,0ae181583e9738d212efe51f6485ea774be8c91ae2ab387649294b88cfa4b2a5,cd9df2ade1ca21431041edcb14d5f17dd4911475861cec41755502771901127f,481e8c12964102690dfb236b9333146fae9e98ba
Climate_h4,0,1020,N+S,2026,1,79.72300336707534,0ae181583e9738d212efe51f6485ea774be8c91ae2ab387649294b88cfa4b2a5,cd9df2ade1ca21431041edcb14d5f17dd4911475861cec41755502771901127f,481e8c12964102690dfb236b9333146fae9e98ba
Climate_h4,0,1020,N+S,2026,2,79.10611475456638,0ae181583e9738d212efe51f6485ea774be8c91ae2ab387649294b88cfa4b2a5,cd9df2ade1ca21431041edcb14d5f17dd4911475861cec41755502771901127f,481e8c12964102690dfb236b9333146fae9e98ba
Climate_h4,0,1020,N+S,2026,3,78.52932594293611,0ae181583e9738d212efe51f6485ea774be8c91ae2ab387649294b88cfa4b2a5,cd9df2ade1ca21431041edcb14d5f17dd4911475861cec41755502771901127f,481e8c12964102690dfb236b9333146fae9e98ba
Climate_h4,0,1020,N+S,2026,4,77.99766320009489,0ae181583e9738d212efe51f6485ea774be8c91ae2ab387649294b88cfa4b2a5,cd9df2ade1ca21431041edcb14d5f17dd4911475861cec41755502771901127f,481e8c12964102690dfb236b9333146fae9e98ba
Climate_h4,0,1021,N+S,2026,1,78.85126814778718,0ae181583e9738d212efe51f6485ea774be8c91ae2ab387649294b88cfa4b2a5,cd9df2ade1ca21431041edcb14d5f17dd4911475861cec41755502771901127f,481e8c12964102690dfb236b9333146fae9e98ba
Climate_h4,0,1021,N+S,2026,2,78.29755513706351,0ae181583e9738d212efe51f6485ea774be8c91ae2ab387649294b88cfa4b2a5,cd9df2ade1ca21431041edcb14d5f17dd4911475861cec41755502771901127f,481e8c12964102690dfb236b9333146fae9e98ba
Climate_h4,0,1021,N+S,2026,3,77.77900814001833,0ae181583e9738d212efe51f6485ea774be8c91ae2ab387649294b88cfa4b2a5,cd9df2ade1ca21431041edcb14d5f17dd4911475861cec41755502771901127f,481e8c12964102690dfb236b9333146fae9e98ba
Climate_h4,0,1021,N+S,2026,4,77.31630342010773,0ae181583e9738d212efe51f6485ea774be8c91ae2ab387649294b88cfa4b2a5,cd9df2ade1ca21431041edcb14d5f17dd4911475861cec41755502771901127f,481e8c12964102690dfb236b9333146fae9e98ba
Climate_h4,0,1022,N+S,2026,1,76.57811038831042,0ae181583e9738d212efe51f6485ea774be8c91ae2ab387649294b88cfa4b2a5,cd9df2ade1ca21431041edcb14d5f17dd4911475861cec41755502771901127f,481e8c12964102690dfb236b9333146fae9e98ba
Climate_h4,0,1022,N+S,2026,2,76.08024147858956,0ae181583e9738d212efe51f6485ea774be8c91ae2ab387649294b88cfa4b2a5,cd9df2ade1ca21431041edcb14d5f17dd4911475861cec41755502771901127f,481e8c12964102690dfb236b9333146fae9e98ba
Climate_h4,0,1022,N+S,2026,3,75.62650213536764,0ae181583e9738d212efe51f6485ea774be8c91ae2ab387649294b88cfa4b2a5,cd9df2ade1ca21431041edcb14d5f17dd4911475861cec41755502771901127f,481e8c12964102690dfb236b9333146fae9e98ba
Climate_h4,0,1022,N+S,2026,4,75.22818285213424,0ae181583e9738d212efe51f6485ea774be8c91ae2ab387649294b88cfa4b2a5,cd9df2ade1ca21431041edcb14d5f17dd4911475861cec41755502771901127f,481e8c12964102690dfb236b9333146fae9e98ba
Climate_h4,0,1023,N+S,2026,1,75.52686335220855,0ae181583e9738d212efe51f6485ea774be8c91ae2ab387649294b88cfa4b2a5,cd9df2ade1ca21431041edcb14d5f17dd4911475861cec41755502771901127f,481e8c12964102690dfb236b9333146fae9e98ba
Climate_h4,0,1023,N+S,2026,2,75.09337806533696,0ae181583e9738d212efe51f6485ea774be8c91ae2ab387649294b88cfa4b2a5,cd9df2ade1ca21431041edcb14d5f17dd4911475861cec41755502771901127f,481e8c12964102690dfb236b9333146fae9e98ba
Climate_h4,0,1023,N+S,2026,3,74.7007999359726,0ae181583e9738d212efe51f6485ea774be8c91ae2ab387649294b88cfa4b2a5,cd9df2ade1ca21431041edcb14d5f17dd4911475861cec41755502771901127f,481e8c12964102690dfb236b9333146fae9e98ba
Climate_h4,0,1023,N+S,2026,4,74.3796825095311,0ae181583e9738d212efe51f6485ea774be8c91ae2ab387649294b88cfa4b2a5,cd9df2ade1ca21431041edcb14d5f17dd4911475861cec41755502771901127f,481e8c12964102690dfb236b9333146fae9e98ba
Climate_h4,0,1024,N+S,2026,1,74.25369071813869,0ae181583e9738d212efe51f6485ea774be8c91ae2ab387649294b88cfa4b2a5,cd9df2ade1ca21431041edcb14d5f17dd4911475861cec41755502771901127f,481e8c12964102690dfb236b9333146fae9e98ba
Climate_h4,0,1024,N+S,2026,2,73.89683168606318,0ae181583e9738d212efe51f6485ea774be8c91ae2ab387649294b88cfa4b2a5,cd9df2ade1ca21431041edcb14d5f17dd4911475861cec41755502771901127f,481e8c12964102690dfb236b9333146fae9e98ba
Climate_h4,0,1024,N+S,2026,3,73.59014793284365,0ae181583e9738d212efe51f6485ea774be8c91ae2ab387649294b88cfa4b2a5,cd9df2ade1ca21431041edcb14d5f17dd4911475861cec41755502771901127f,481e8c12964102690dfb236b9333146fae9e98ba
Climate_h4,0,1024,N+S,2026,4,73.33835014968008,0ae181583e9738d212efe51f6485ea774be8c91ae2ab387649294b88cfa4b2a5,cd9df2ade1ca21431041edcb14d5f17dd4911475861cec41755502771901127f,481e8c12964102690dfb236b9333146fae9e98ba
Climate_h4,0,1025,N+S,2026,1,72.03730457533558,0ae181583e9738d212efe51f6485ea774be8c91ae2ab387649294b88cfa4b2a5,cd9df2ade1ca21431041edcb14d5f17dd4911475861cec41755502771901127f,481e8c12964102690dfb236b9333146fae9e98ba
Climate_h4,0,1025,N+S,2026,2,71.76683605352413,0ae181583e9738d212efe51f6485ea774be8c91ae2ab387649294b88cfa4b2a5,cd9df2ade1ca21431041edcb14d5f17dd4911475861cec41755502771901127f,481e8c12964102690dfb236b9333146fae9e98ba
Climate_h4,0,1025,N+S,2026,3,71.52880232725775,0ae181583e9738d212efe51f6485ea774be8c91ae2ab387649294b88cfa4b2a5,cd9df2ade1ca21431041edcb14d5f17dd4911475861cec41755502771901127f,481e8c12964102690dfb236b9333146fae9e98ba
Climate_h4,0,1025,N+S,2026,4,71.31962285191143,0ae181583e9738d212efe51f6485ea774be8c91ae2ab387649294b88cfa4b2a5,cd9df2ade1ca21431041edcb14d5f17dd4911475861cec41755502771901127f,481e8c12964102690dfb236b9333146fae9e98ba
Climate_h4,0,1026,N+S,2026,1,70.9222226475284,0ae181583e9738d212efe51f6485ea774be8c91ae2ab387649294b88cfa4b2a5,cd9df2ade1ca21431041edcb14d5f17dd4911475861cec41755502771901127f,481e8c12964102690dfb236b9333146fae9e98ba
Climate_h4,0,1026,N+S,2026,2,70.72653980905649,0ae181583e9738d212efe51f6485ea774be8c91ae2ab387649294b88cfa4b2a5,cd9df2ade1ca21431041edcb14d5f17dd4911475861cec41755502771901127f,481e8c12964102690dfb236b9333146fae9e98ba
Climate_h4,0,1026,N+S,2026,3,70.5392586343502,0ae181583e9738d212efe51f6485ea774be8c91ae2ab387649294b88cfa4b2a5,cd9df2ade1ca21431041edcb14d5f17dd4911475861cec41755502771901127f,481e8c12964102690dfb236b9333146fae9e98ba
Climate_h4,0,1026,N+S,2026,4,70.3787443806054,0ae181583e9738d212efe51f6485ea774be8c91ae2ab387649294b88cfa4b2a5,cd9df2ade1ca21431041edcb14d5f17dd4911475861cec41755502771901127f,481e8c12964102690dfb236b9333146fae9e98ba
Climate_h4,0,1027,N+S,2026,1,69.98034126152872,0ae181583e9738d212efe51f6485ea774be8c91ae2ab387649294b88cfa4b2a5,cd9df2ade1ca21431041edcb14d5f17dd4911475861cec41755502771901127f,481e8c12964102690dfb236b9333146fae9e98ba
Climate_h4,0,1027,N+S,2026,2,69.82057254217275,0ae181583e9738d212efe51f6485ea774be8c91ae2ab387649294b88cfa4b2a5,cd9df2ade1ca21431041edcb14d5f17dd4911475861cec41755502771901127f,481e8c12964102690dfb236b9333146fae9e98ba
Climate_h4,0,1027,N+S,2026,3,69.66432574565115,0ae181583e9738d212efe51f6485ea774be8c91ae2ab387649294b88cfa4b2a5,cd9df2ade1ca21431041edcb14d5f17dd4911475861cec41755502771901127f,481e8c12964102690dfb236b9333146fae9e98ba
Climate_h4,0,1027,N+S,2026,4,69.52717972906288,0ae181583e9738d212efe51f6485ea774be8c91ae2ab387649294b88cfa4b2a5,cd9df2ade1ca21431041edcb14d5f17dd4911475861cec41755502771901127f,481e8c12964102690dfb236b9333146fae9e98ba
Climate_h4,0,1028,N+S,2026,1,69.10808944347434,0ae181583e9738d212efe51f6485ea774be8c91ae2ab387649294b88cfa4b2a5,cd9df2ade1ca21431041edcb14d5f17dd4911475861cec41755502771901127f,481e8c12964102690dfb236b9333146fae9e98ba
Climate_h4,0,1028,N+S,2026,2,68.98662874243972,0ae181583e9738d212efe51f6485ea774be8c91ae2ab387649294b88cfa4b2a5,cd9df2ade1ca21431041edcb14d5f17dd4911475861cec41755502771901127f,481e8c12964102690dfb236b9333146fae9e98ba
Climate_h4,0,1028,N+S,2026,3,68.86400957599547,0ae181583e9738d212efe51f6485ea774be8c91ae2ab387649294b88cfa4b2a5,cd9df2ade1ca21431041edcb14d5f17dd4911475861cec41755502771901127f,481e8c12964102690dfb236b9333146fae9e98ba
Climate_h4,0,1028,N+S,2026,4,68.74019851471284,0ae181583e9738d212efe51f6485ea774be8c91ae2ab387649294b88cfa4b2a5,cd9df2ade1ca21431041edcb14d5f17dd4911475861cec41755502771901127f,481e8c12964102690dfb236b9333146fae9e98ba
Climate_h4,0,1029,N+S,2026,1,67.34462812164027,0ae181583e9738d212efe51f6485ea774be8c91ae2ab387649294b88cfa4b2a5,cd9df2ade1ca21431041edcb14d5f17dd4911475861cec41755502771901127f,481e8c12964102690dfb236b9333146fae9e98ba
Climate_h4,0,1029,N+S,2026,2,67.25641660456715,0ae181583e9738d212efe51f6485ea774be8c91ae2ab387649294b88cfa4b2a5,cd9df2ade1ca21431041edcb14d5f17dd4911475861cec41755502771901127f,481e8c12964102690dfb236b9333146fae9e98ba
Climate_h4,0,1029,N+S,2026,3,67.1477294348026,0ae181583e9738d212efe51f6485ea774be8c91ae2ab387649294b88cfa4b2a5,cd9df2ade1ca21431041edcb14d5f17dd4911475861cec41755502771901127f,481e8c12964102690dfb236b9333146fae9e98ba
Climate_h4,0,1029,N+S,2026,4,67.02531812718009,0ae181583e9738d212efe51f6485ea774be8c91ae2ab387649294b88cfa4b2a5,cd9df2ade1ca21431041edcb14d5f17dd4911475861cec41755502771901127f,481e8c12964102690dfb236b9333146fae9e98ba
Climate_h4,0,1030,N+S,2026,1,64.33812731753672,0ae181583e9738d212efe51f6485ea774be8c91ae2ab387649294b88cfa4b2a5,cd9df2ade1ca21431041edcb14d5f17dd4911475861cec41755502771901127f,481e8c12964102690dfb236b9333146fae9e98ba
Climate_h4,0,1030,N+S,2026,2,64.26902792730338,0ae181583e9738d212efe51f6485ea774be8c91ae2ab387649294b88cfa4b2a5,cd9df2ade1ca21431041edcb14d5f17dd4911475861cec41755502771901127f,481e8c12964102690dfb236b9333146fae9e98ba
Climate_h4,0,1030,N+S,2026,3,64.16466413750854,0ae181583e9738d212efe51f6485ea774be8c91ae2ab387649294b88cfa4b2a5,cd9df2ade1ca21431041edcb14d5f17dd4911475861cec41755502771901127f,481e8c12964102690dfb236b9333146fae9e98ba
Climate_h4,0,1030,N+S,2026,4,64.05105195981933,0ae181583e9738d212efe51f6485ea774be8c91ae2ab387649294b88cfa4b2a5,cd9df2ade1ca21431041edcb14d5f17dd4911475861cec41755502771901127f,481e8c12964102690dfb236b9333146fae9e98ba
Climate_h4,0,1031,N+S,2026,1,65.07712265265506,0ae181583e9738d212efe51f6485ea774be8c91ae2ab387649294b88cfa4b2a5,cd9df2ade1ca21431041edcb14d5f17dd4911475861cec41755502771901127f,481e8c12964102690dfb236b9333146fae9e98ba
Climate_h4,0,1031,N+S,2026,2,65.00535082802791,0ae181583e9738d212efe51f6485ea774be8c91ae2ab387649294b88cfa4b2a5,cd9df2ade1ca21431041edcb14d5f17dd4911475861cec41755502771901127f,481e8c12964102690dfb236b9333146fae9e98ba
Climate_h4,0,1031,N+S,2026,3,64.90729328700036,0ae181583e9738d212efe51f6485ea774be8c91ae2ab387649294b88cfa4b2a5,cd9df2ade1ca21431041edcb14d5f17dd4911475861cec41755502771901127f,481e8c12964102690dfb236b9333146fae9e98ba
Climate_h4,0,1031,N+S,2026,4,64.75645301411178,0ae181583e9738d212efe51f6485ea774be8c91ae2ab387649294b88cfa4b2a5,cd9df2ade1ca21431041edcb14d5f17dd4911475861cec41755502771901127f,481e8c12964102690dfb236b9333146fae9e98ba
Climate_h4,0,1032,N+S,2026,1,67.28228500551826,0ae181583e9738d212efe51f6485ea774be8c91ae2ab387649294b88cfa4b2a5,cd9df2ade1ca21431041edcb14d5f17dd4911475861cec41755502771901127f,481e8c12964102690dfb236b9333146fae9e98ba
Climate_h4,0,1032,N+S,2026,2,67.20541722701655,0ae181583e9738d212efe51f6485ea774be8c91ae2ab387649294b88cfa4b2a5,cd9df2ade1ca21431041edcb14d5f17dd4911475861cec41755502771901127f,481e8c12964102690dfb236b9333146fae9e98ba
Climate_h4,0,1032,N+S,2026,3,67.06329748122315,0ae181583e9738d212efe51f6485ea774be8c91ae2ab387649294b88cfa4b2a5,cd9df2ade1ca21431041edcb14d5f17dd4911475861cec41755502771901127f,481e8c12964102690dfb236b9333146fae9e98ba
Climate_h4,0,1032,N+S,2026,4,66.85728539878696,0ae181583e9738d212efe51f6485ea774be8c91ae2ab387649294b88cfa4b2a5,cd9df2ade1ca21431041edcb14d5f17dd4911475861cec41755502771901127f,481e8c12964102690dfb236b9333146fae9e98ba
Climate_h4,0,1033,N+S,2026,1,64.87562969394561,0ae181583e9738d212efe51f6485ea774be8c91ae2ab387649294b88cfa4b2a5,cd9df2ade1ca21431041edcb14d5f17dd4911475861cec41755502771901127f,481e8c12964102690dfb236b9333146fae9e98ba
Climate_h4,0,1033,N+S,2026,2,64.74723497488034,0ae181583e9738d212efe51f6485ea774be8c91ae2ab387649294b88cfa4b2a5,cd9df2ade1ca21431041edcb14d5f17dd4911475861cec41755502771901127f,481e8c12964102690dfb236b9333146fae9e98ba
Climate_h4,0,1033,N+S,2026,3,64.54879814608587,0ae181583e9738d212efe51f6485ea774be8c91ae2ab387649294b88cfa4b2a5,cd9df2ade1ca21431041edcb14d5f17dd4911475861cec41755502771901127f,481e8c12964102690dfb236b9333146fae9e98ba
Climate_h4,0,1033,N+S,2026,4,64.31503647653837,0ae181583e9738d212efe51f6485ea774be8c91ae2ab387649294b88cfa4b2a5,cd9df2ade1ca21431041edcb14d5f17dd4911475861cec41755502771901127f,481e8c12964102690dfb236b9333146fae9e98ba
Climate_h4,0,1034,N+S,2026,1,66.87259704707023,0ae181583e9738d212efe51f6485ea774be8c91ae2ab387649294b88cfa4b2a5,cd9df2ade1ca21431041edcb14d5f17dd4911475861cec41755502771901127f,481e8c12964102690dfb236b9333146fae9e98ba
Climate_h4,0,1034,N+S,2026,2,66.67331944564896,0ae181583e9738d212efe51f6485ea774be8c91ae2ab387649294b88cfa4b2a5,cd9df2ade1ca21431041edcb14d5f17dd4911475861cec41755502771901127f,481e8c12964102690dfb236b9333146fae9e98ba
Climate_h4,0,1034,N+S,2026,3,66.4335841627639,0ae181583e9738d212efe51f6485ea774be8c91ae2ab387649294b88cfa4b2a5,cd9df2ade1ca21431041edcb14d5f17dd4911475861cec41755502771901127f,481e8c12964102690dfb236b9333146fae9e98ba
Climate_h4,0,1034,N+S,2026,4,66.14609473666472,0ae181583e9738d212efe51f6485ea774be8c91ae2ab387649294b88cfa4b2a5,cd9df2ade1ca21431041edcb14d5f17dd4911475861cec41755502771901127f,481e8c12964102690dfb236b9333146fae9e98ba
Climate_h4,0,1035,N+S,2026,1,69.93875625980166,0ae181583e9738d212efe51f6485ea774be8c91ae2ab387649294b88cfa4b2a5,cd9df2ade1ca21431041edcb14d5f17dd4911475861cec41755502771901127f,481e8c12964102690dfb236b9333146fae9e98ba
Climate_h4,0,1035,N+S,2026,2,69.67207934959546,0ae181583e9738d212efe51f6485ea774be8c91ae2ab387649294b88cfa4b2a5,cd9df2ade1ca21431041edcb14d5f17dd4911475861cec41755502771901127f,481e8c12964102690dfb236b9333146fae9e98ba
Climate_h4,0,1035,N+S,2026,3,69.35489088491757,0ae181583e9738d212efe51f6485ea774be8c91ae2ab387649294b88cfa4b2a5,cd9df2ade1ca21431041edcb14d5f17dd4911475861cec41755502771901127f,481e8c12964102690dfb236b9333146fae9e98ba
Climate_h4,0,1035,N+S,2026,4,68.96996724105948,0ae181583e9738d212efe51f6485ea774be8c91ae2ab387649294b88cfa4b2a5,cd9df2ade1ca21431041edcb14d5f17dd4911475861cec41755502771901127f,481e8c12964102690dfb236b9333146fae9e98ba
Climate_h4,0,1036,N+S,2026,1,74.73733405676842,0ae181583e9738d212efe51f6485ea774be8c91ae2ab387649294b88cfa4b2a5,cd9df2ade1ca21431041edcb14d5f17dd4911475861cec41755502771901127f,481e8c12964102690dfb236b9333146fae9e98ba
Climate_h4,0,1036,N+S,2026,2,74.37161430244488,0ae181583e9738d212efe51f6485ea774be8c91ae2ab387649294b88cfa4b2a5,cd9df2ade1ca21431041edcb14d5f17dd4911475861cec41755502771901127f,481e8c12964102690dfb236b9333146fae9e98ba
Climate_h4,0,1036,N+S,2026,3,73.93897753907858,0ae181583e9738d212efe51f6485ea774be8c91ae2ab387649294b88cfa4b2a5,cd9df2ade1ca21431041edcb14d5f17dd4911475861cec41755502771901127f,481e8c12964102690dfb236b9333146fae9e98ba
Climate_h4,0,1036,N+S,2026,4,73.44046379389002,0ae181583e9738d212efe51f6485ea774be8c91ae2ab387649294b88cfa4b2a5,cd9df2ade1ca21431041edcb14d5f17dd4911475861cec41755502771901127f,481e8c12964102690dfb236b9333146fae9e98ba
Climate_h4,0,1037,N+S,2026,1,73.01308995473192,0ae181583e9738d212efe51f6485ea774be8c91ae2ab387649294b88cfa4b2a5,cd9df2ade1ca21431041edcb14d5f17dd4911475861cec41755502771901127f,481e8c12964102690dfb236b9333146fae9e98ba
Climate_h4,0,1037,N+S,2026,2,72.55731341428996,0ae181583e9738d212efe51f6485ea774be8c91ae2ab387649294b88cfa4b2a5,cd9df2ade1ca21431041edcb14d5f17dd4911475861cec41755502771901127f,481e8c12964102690dfb236b9333146fae9e98ba
Climate_h4,0,1037,N+S,2026,3,72.0393048567474,0ae181583e9738d212efe51f6485ea774be8c91ae2ab387649294b88cfa4b2a5,cd9df2ade1ca21431041edcb14d5f17dd4911475861cec41755502771901127f,481e8c12964102690dfb236b9333146fae9e98ba
Climate_h4,0,1037,N+S,2026,4,71.47887575957402,0ae181583e9738d212efe51f6485ea774be8c91ae2ab387649294b88cfa4b2a5,cd9df2ade1ca21431041edcb14d5f17dd4911475861cec41755502771901127f,481e8c12964102690dfb236b9333146fae9e98ba
Climate_h4,0,1038,N+S,2026,1,73.11901203448441,0ae181583e9738d212efe51f6485ea774be8c91ae2ab387649294b88cfa4b2a5,cd9df2ade1ca21431041edcb14d5f17dd4911475861cec41755502771901127f,481e8c12964102690dfb236b9333146fae9e98ba
Climate_h4,0,1038,N+S,2026,2,72.5655016274644,0ae181583e9738d212efe51f6485ea774be8c91ae2ab387649294b88cfa4b2a5,cd9df2ade1ca21431041edcb14d5f17dd4911475861cec41755502771901127f,481e8c12964102690dfb236b9333146fae9e98ba
Climate_h4,0,1038,N+S,2026,3,71.97753346436183,0ae181583e9738d212efe51f6485ea774be8c91ae2ab387649294b88cfa4b2a5,cd9df2ade1ca21431041edcb14d5f17dd4911475861cec41755502771901127f,481e8c12964102690dfb236b9333146fae9e98ba
Climate_h4,0,1038,N+S,2026,4,71.33713780971794,0ae181583e9738d212efe51f6485ea774be8c91ae2ab387649294b88cfa4b2a5,cd9df2ade1ca21431041edcb14d5f17dd4911475861cec41755502771901127f,481e8c12964102690dfb236b9333146fae9e98ba
Climate_h4,0,1039,N+S,2026,1,70.34256446815097,0ae181583e9738d212efe51f6485ea774be8c91ae2ab387649294b88cfa4b2a5,cd9df2ade1ca21431041edcb14d5f17dd4911475861cec41755502771901127f,481e8c12964102690dfb236b9333146fae9e98ba
Climate_h4,0,1039,N+S,2026,2,69.74950652390751,0ae181583e9738d212efe51f6485ea774be8c91ae2ab387649294b88cfa4b2a5,cd9df2ade1ca21431041edcb14d5f17dd4911475861cec41755502771901127f,481e8c12964102690dfb236b9333146fae9e98ba
Climate_h4,0,1039,N+S,2026,3,69.1186909565963,0ae181583e9738d212efe51f6485ea774be8c91ae2ab387649294b88cfa4b2a5,cd9df2ade1ca21431041edcb14d5f17dd4911475861cec41755502771901127f,481e8c12964102690dfb236b9333146fae9e98ba
Climate_h4,0,1039,N+S,2026,4,68.41956385220058,0ae181583e9738d212efe51f6485ea774be8c91ae2ab387649294b88cfa4b2a5,cd9df2ade1ca21431041edcb14d5f17dd4911475861cec41755502771901127f,481e8c12964102690dfb236b9333146fae9e98ba
Climate_h4,0,1040,N+S,2026,1,71.43260752793921,0ae181583e9738d212efe51f6485ea774be8c91ae2ab387649294b88cfa4b2a5,cd9df2ade1ca21431041edcb14d5f17dd4911475861cec41755502771901127f,481e8c12964102690dfb236b9333146fae9e98ba
Climate_h4,0,1040,N+S,2026,2,70.77826287406849,0ae181583e9738d212efe51f6485ea774be8c91ae2ab387649294b88cfa4b2a5,cd9df2ade1ca21431041edcb14d5f17dd4911475861cec41755502771901127f,481e8c12964102690dfb236b9333146fae9e98ba
Climate_h4,0,1040,N+S,2026,3,70.071653790333,0ae181583e9738d212efe51f6485ea774be8c91ae2ab387649294b88cfa4b2a5,cd9df2ade1ca21431041edcb14d5f17dd4911475861cec41755502771901127f,481e8c12964102690dfb236b9333146fae9e98ba
Climate_h4,0,1040,N+S,2026,4,69.29816681092689,0ae181583e9738d212efe51f6485ea774be8c91ae2ab387649294b88cfa4b2a5,cd9df2ade1ca21431041edcb14d5f17dd4911475861cec41755502771901127f,481e8c12964102690dfb236b9333146fae9e98ba
Climate_h4,0,1041,N+S,2026,1,74.61062701386804,0ae181583e9738d212efe51f6485ea774be8c91ae2ab387649294b88cfa4b2a5,cd9df2ade1ca21431041edcb14d5f17dd4911475861cec41755502771901127f,481e8c12964102690dfb236b9333146fae9e98ba
Climate_h4,0,1041,N+S,2026,2,73.86329122138584,0ae181583e9738d212efe51f6485ea774be8c91ae2ab387649294b88cfa4b2a5,cd9df2ade1ca21431041edcb14d5f17dd4911475861cec41755502771901127f,481e8c12964102690dfb236b9333146fae9e98ba
Climate_h4,0,1041,N+S,2026,3,73.0672336104707,0ae181583e9738d212efe51f6485ea774be8c91ae2ab387649294b88cfa4b2a5,cd9df2ade1ca21431041edcb14d5f17dd4911475861cec41755502771901127f,481e8c12964102690dfb236b9333146fae9e98ba
Climate_h4,0,1041,N+S,2026,4,72.24121687968497,0ae181583e9738d212efe51f6485ea774be8c91ae2ab387649294b88cfa4b2a5,cd9df2ade1ca21431041edcb14d5f17dd4911475861cec41755502771901127f,481e8c12964102690dfb236b9333146fae9e98ba
Climate_h4,0,1042,N+S,2026,1,75.3802714987529,0ae181583e9738d212efe51f6485ea774be8c91ae2ab387649294b88cfa4b2a5,cd9df2ade1ca21431041edcb14d5f17dd4911475861cec41755502771901127f,481e8c12964102690dfb236b9333146fae9e98ba
Climate_h4,0,1042,N+S,2026,2,74.53340364502863,0ae181583e9738d212efe51f6485ea774be8c91ae2ab387649294b88cfa4b2a5,cd9df2ade1ca21431041edcb14d5f17dd4911475861cec41755502771901127f,481e8c12964102690dfb236b9333146fae9e98ba
Climate_h4,0,1042,N+S,2026,3,73.67802721793436,0ae181583e9738d212efe51f6485ea774be8c91ae2ab387649294b88cfa4b2a5,cd9df2ade1ca21431041edcb14d5f17dd4911475861cec41755502771901127f,481e8c12964102690dfb236b9333146fae9e98ba
Climate_h4,0,1042,N+S,2026,4,72.81713762253864,0ae181583e9738d212efe51f6485ea774be8c91ae2ab387649294b88cfa4b2a5,cd9df2ade1ca21431041edcb14d5f17dd4911475861cec41755502771901127f,481e8c12964102690dfb236b9333146fae9e98ba
Climate_h4,0,1043,N+S,2026,1,76.48924762376686,0ae181583e9738d212efe51f6485ea774be8c91ae2ab387649294b88cfa4b2a5,cd9df2ade1ca21431041edcb14d5f17dd4911475861cec41755502771901127f,481e8c12964102690dfb236b9333146fae9e98ba
Climate_h4,0,1043,N+S,2026,2,75.58585415777797,0ae181583e9738d212efe51f6485ea774be8c91ae2ab387649294b88cfa4b2a5,cd9df2ade1ca21431041edcb14d5f17dd4911475861cec41755502771901127f,481e8c12964102690dfb236b9333146fae9e98ba
Climate_h4,0,1043,N+S,2026,3,74.69859186309021,0ae181583e9738d212efe51f6485ea774be8c91ae2ab387649294b88cfa4b2a5,cd9df2ade1ca21431041edcb14d5f17dd4911475861cec41755502771901127f,481e8c12964102690dfb236b9333146fae9e98ba
Climate_h4,0,1043,N+S,2026,4,73.83621743081399,0ae181583e9738d212efe51f6485ea774be8c91ae2ab387649294b88cfa4b2a5,cd9df2ade1ca21431041edcb14d5f17dd4911475861cec41755502771901127f,481e8c12964102690dfb236b9333146fae9e98ba
Climate_h4,0,1044,N+S,2026,1,77.6172910025085,0ae181583e9738d212efe51f6485ea774be8c91ae2ab387649294b88cfa4b2a5,cd9df2ade1ca21431041edcb14d5f17dd4911475861cec41755502771901127f,481e8c12964102690dfb236b9333146fae9e98ba
Climate_h4,0,1044,N+S,2026,2,76.66868307210915,0ae181583e9738d212efe51f6485ea774be8c91ae2ab387649294b88cfa4b2a5,cd9df2ade1ca21431041edcb14d5f17dd4911475861cec41755502771901127f,481e8c12964102690dfb236b9333146fae9e98ba
Climate_h4,0,1044,N+S,2026,3,75.77090631482078,0ae181583e9738d212efe51f6485ea774be8c91ae2ab387649294b88cfa4b2a5,cd9df2ade1ca21431041edcb14d5f17dd4911475861cec41755502771901127f,481e8c12964102690dfb236b9333146fae9e98ba
Climate_h4,0,1044,N+S,2026,4,74.92734564412167,0ae181583e9738d212efe51f6485ea774be8c91ae2ab387649294b88cfa4b2a5,cd9df2ade1ca21431041edcb14d5f17dd4911475861cec41755502771901127f,481e8c12964102690dfb236b9333146fae9e98ba
Climate_h4,0,1045,N+S,2026,1,77.82524832536143,0ae181583e9738d212efe51f6485ea774be8c91ae2ab387649294b88cfa4b2a5,cd9df2ade1ca21431041edcb14d5f17dd4911475861cec41755502771901127f,481e8c12964102690dfb236b9333146fae9e98ba
Climate_h4,0,1045,N+S,2026,2,76.86863847058999,0ae181583e9738d212efe51f6485ea774be8c91ae2ab387649294b88cfa4b2a5,cd9df2ade1ca21431041edcb14d5f17dd4911475861cec41755502771901127f,481e8c12964102690dfb236b9333146fae9e98ba
Climate_h4,0,1045,N+S,2026,3,75.99333910071309,0ae181583e9738d212efe51f6485ea774be8c91ae2ab387649294b88cfa4b2a5,cd9df2ade1ca21431041edcb14d5f17dd4911475861cec41755502771901127f,481e8c12964102690dfb236b9333146fae9e98ba
Climate_h4,0,1045,N+S,2026,4,75.16028916335672,0ae181583e9738d212efe51f6485ea774be8c91ae2ab387649294b88cfa4b2a5,cd9df2ade1ca21431041edcb14d5f17dd4911475861cec41755502771901127f,481e8c12964102690dfb236b9333146fae9e98ba
Climate_h4,0,1046,N+S,2026,1,78.5224078855093,0ae181583e9738d212efe51f6485ea774be8c91ae2ab387649294b88cfa4b2a5,cd9df2ade1ca21431041edcb14d5f17dd4911475861cec41755502771901127f,481e8c12964102690dfb236b9333146fae9e98ba
Climate_h4,0,1046,N+S,2026,2,77.58194849196843,0ae181583e9738d212efe51f6485ea774be8c91ae2ab387649294b88cfa4b2a5,cd9df2ade1ca21431041edcb14d5f17dd4911475861cec41755502771901127f,481e8c12964102690dfb236b9333146fae9e98ba
Climate_h4,0,1046,N+S,2026,3,76.71019115734151,0ae181583e9738d212efe51f6485ea774be8c91ae2ab387649294b88cfa4b2a5,cd9df2ade1ca21431041edcb14d5f17dd4911475861cec41755502771901127f,481e8c12964102690dfb236b9333146fae9e98ba
Climate_h4,0,1046,N+S,2026,4,75.8891927672485,0ae181583e9738d212efe51f6485ea774be8c91ae2ab387649294b88cfa4b2a5,cd9df2ade1ca21431041edcb14d5f17dd4911475861cec41755502771901127f,481e8c12964102690dfb236b9333146fae9e98ba
Climate_h4,0,1047,N+S,2026,1,77.23314291644562,0ae181583e9738d212efe51f6485ea774be8c91ae2ab387649294b88cfa4b2a5,cd9df2ade1ca21431041edcb14d5f17dd4911475861cec41755502771901127f,481e8c12964102690dfb236b9333146fae9e98ba
Climate_h4,0,1047,N+S,2026,2,76.30815171847044,0ae181583e9738d212efe51f6485ea774be8c91ae2ab387649294b88cfa4b2a5,cd9df2ade1ca21431041edcb14d5f17dd4911475861cec41755502771901127f,481e8c12964102690dfb236b9333146fae9e98ba
Climate_h4,0,1047,N+S,2026,3,75.46317991513092,0ae181583e9738d212efe51f6485ea774be8c91ae2ab387649294b88cfa4b2a5,cd9df2ade1ca21431041edcb14d5f17dd4911475861cec41755502771901127f,481e8c12964102690dfb236b9333146fae9e98ba
Climate_h4,0,1047,N+S,2026,4,74.67992619490924,0ae181583e9738d212efe51f6485ea774be8c91ae2ab387649294b88cfa4b2a5,cd9df2ade1ca21431041edcb14d5f17dd4911475861cec41755502771901127f,481e8c12964102690dfb236b9333146fae9e98ba
Climate_h4,0,1048,N+S,2026,1,75.17346045697431,0ae181583e9738d212efe51f6485ea774be8c91ae2ab387649294b88cfa4b2a5,cd9df2ade1ca21431041edcb14d5f17dd4911475861cec41755502771901127f,481e8c12964102690dfb236b9333146fae9e98ba
Climate_h4,0,1048,N+S,2026,2,74.2817752412114,0ae181583e9738d212efe51f6485ea774be8c91ae2ab387649294b88cfa4b2a5,cd9df2ade1ca21431041edcb14d5f17dd4911475861cec41755502771901127f,481e8c12964102690dfb236b9333146fae9e98ba
Climate_h4,0,1048,N+S,2026,3,73.48034832981216,0ae181583e9738d212efe51f6485ea774be8c91ae2ab387649294b88cfa4b2a5,cd9df2ade1ca21431041edcb14d5f17dd4911475861cec41755502771901127f,481e8c12964102690dfb236b9333146fae9e98ba
Climate_h4,0,1048,N+S,2026,4,72.7661793601211,0ae181583e9738d212efe51f6485ea774be8c91ae2ab387649294b88cfa4b2a5,cd9df2ade1ca21431041edcb14d5f17dd4911475861cec41755502771901127f,481e8c12964102690dfb236b9333146fae9e98ba
Climate_h4,0,1049,N+S,2026,1,76.03186448768298,0ae181583e9738d212efe51f6485ea774be8c91ae2ab387649294b88cfa4b2a5,cd9df2ade1ca21431041edcb14d5f17dd4911475861cec41755502771901127f,481e8c12964102690dfb236b9333146fae9e98ba
Climate_h4,0,1049,N+S,2026,2,75.18403869127393,0ae181583e9738d212efe51f6485ea774be8c91ae2ab387649294b88cfa4b2a5,cd9df2ade1ca21431041edcb14d5f17dd4911475861cec41755502771901127f,481e8c12964102690dfb236b9333146fae9e98ba
Climate_h4,0,1049,N+S,2026,3,74.44528342312684,0ae181583e9738d212efe51f6485ea774be8c91ae2ab387649294b88cfa4b2a5,cd9df2ade1ca21431041edcb14d5f17dd4911475861cec41755502771901127f,481e8c12964102690dfb236b9333146fae9e98ba
Climate_h4,0,1049,N+S,2026,4,73.7936549744366,0ae181583e9738d212efe51f6485ea774be8c91ae2ab387649294b88cfa4b2a5,cd9df2ade1ca21431041edcb14d5f17dd4911475861cec41755502771901127f,481e8c12964102690dfb236b9333146fae9e98ba
Climate_h4,0,1050,N+S,2026,1,77.37773574479151,0ae181583e9738d212efe51f6485ea774be8c91ae2ab387649294b88cfa4b2a5,cd9df2ade1ca21431041edcb14d5f17dd4911475861cec41755502771901127f,481e8c12964102690dfb236b9333146fae9e98ba
Climate_h4,0,1050,N+S,2026,2,76.59907946104698,0ae181583e9738d212efe51f6485ea774be8c91ae2ab387649294b88cfa4b2a5,cd9df2ade1ca21431041edcb14d5f17dd4911475861cec41755502771901127f,481e8c12964102690dfb236b9333146fae9e98ba
Climate_h4,0,1050,N+S,2026,3,75.92520806530443,0ae181583e9738d212efe51f6485ea774be8c91ae2ab387649294b88cfa4b2a5,cd9df2ade1ca21431041edcb14d5f17dd4911475861cec41755502771901127f,481e8c12964102690dfb236b9333146fae9e98ba
Climate_h4,0,1050,N+S,2026,4,75.33605765384569,0ae181583e9738d212efe51f6485ea774be8c91ae2ab387649294b88cfa4b2a5,cd9df2ade1ca21431041edcb14d5f17dd4911475861cec41755502771901127f,481e8c12964102690dfb236b9333146fae9e98ba
Climate_h4,0,1051,N+S,2026,1,78.26898454927456,0ae181583e9738d212efe51f6485ea774be8c91ae2ab387649294b88cfa4b2a5,cd9df2ade1ca21431041edcb14d5f17dd4911475861cec41755502771901127f,481e8c12964102690dfb236b9333146fae9e98ba
Climate_h4,0,1051,N+S,2026,2,77.53970886270886,0ae181583e9738d212efe51f6485ea774be8c91ae2ab387649294b88cfa4b2a5,cd9df2ade1ca21431041edcb14d5f17dd4911475861cec41755502771901127f,481e8c12964102690dfb236b9333146fae9e98ba
Climate_h4,0,1051,N+S,2026,3,76.91265158004462,0ae181583e9738d212efe51f6485ea774be8c91ae2ab387649294b88cfa4b2a5,cd9df2ade1ca21431041edcb14d5f17dd4911475861cec41755502771901127f,481e8c12964102690dfb236b9333146fae9e98ba
Climate_h4,0,1051,N+S,2026,4,76.39097444891235,0ae181583e9738d212efe51f6485ea774be8c91ae2ab387649294b88cfa4b2a5,cd9df2ade1ca21431041edcb14d5f17dd4911475861cec41755502771901127f,481e8c12964102690dfb236b9333146fae9e98ba
Climate_h4,0,1052,N+S,2026,1,79.01556880880447,0ae181583e9738d212efe51f6485ea774be8c91ae2ab387649294b88cfa4b2a5,cd9df2ade1ca21431041edcb14d5f17dd4911475861cec41755502771901127f,481e8c12964102690dfb236b9333146fae9e98ba
Climate_h4,0,1052,N+S,2026,2,78.33618359013327,0ae181583e9738d212efe51f6485ea774be8c91ae2ab387649294b88cfa4b2a5,cd9df2ade1ca21431041edcb14d5f17dd4911475861cec41755502771901127f,481e8c12964102690dfb236b9333146fae9e98ba
Climate_h4,0,1052,N+S,2026,3,77.77537768039126,0ae181583e9738d212efe51f6485ea774be8c91ae2ab387649294b88cfa4b2a5,cd9df2ade1ca21431041edcb14d5f17dd4911475861cec41755502771901127f,481e8c12964102690dfb236b9333146fae9e98ba
Climate_h4,0,1052,N+S,2026,4,77.32654438125904,0ae181583e9738d212efe51f6485ea774be8c91ae2ab387649294b88cfa4b2a5,cd9df2ade1ca21431041edcb14d5f17dd4911475861cec41755502771901127f,481e8c12964102690dfb236b9333146fae9e98ba
Climate_h4,0,1053,N+S,2026,1,78.42101844526982,0ae181583e9738d212efe51f6485ea774be8c91ae2ab387649294b88cfa4b2a5,cd9df2ade1ca21431041edcb14d5f17dd4911475861cec41755502771901127f,481e8c12964102690dfb236b9333146fae9e98ba
Climate_h4,0,1053,N+S,2026,2,77.81114544707938,0ae181583e9738d212efe51f6485ea774be8c91ae2ab387649294b88cfa4b2a5,cd9df2ade1ca21431041edcb14d5f17dd4911475861cec41755502771901127f,481e8c12964102690dfb236b9333146fae9e98ba
Climate_h4,0,1053,N+S,2026,3,77.32398187203292,0ae181583e9738d212efe51f6485ea774be8c91ae2ab387649294b88cfa4b2a5,cd9df2ade1ca21431041edcb14d5f17dd4911475861cec41755502771901127f,481e8c12964102690dfb236b9333146fae9e98ba
Climate_h4,0,1053,N+S,2026,4,76.94181427869343,0ae181583e9738d212efe51f6485ea774be8c91ae2ab387649294b88cfa4b2a5,cd9df2ade1ca21431041edcb14d5f17dd4911475861cec41755502771901127f,481e8c12964102690dfb236b9333146fae9e98ba
Climate_h4,0,1054,N+S,2026,1,79.08839944292528,0ae181583e9738d212efe51f6485ea774be8c91ae2ab387649294b88cfa4b2a5,cd9df2ade1ca21431041edcb14d5f17dd4911475861cec41755502771901127f,481e8c12964102690dfb236b9333146fae9e98ba
Climate_h4,0,1054,N+S,2026,2,78.5577005724435,0ae181583e9738d212efe51f6485ea774be8c91ae2ab387649294b88cfa4b2a5,cd9df2ade1ca21431041edcb14d5f17dd4911475861cec41755502771901127f,481e8c12964102690dfb236b9333146fae9e98ba
Climate_h4,0,1054,N+S,2026,3,78.14358205638581,0ae181583e9738d212efe51f6485ea774be8c91ae2ab387649294b88cfa4b2a5,cd9df2ade1ca21431041edcb14d5f17dd4911475861cec41755502771901127f,481e8c12964102690dfb236b9333146fae9e98ba
Climate_h4,0,1054,N+S,2026,4,77.82406212703526,0ae181583e9738d212efe51f6485ea774be8c91ae2ab387649294b88cfa4b2a5,cd9df2ade1ca21431041edcb14d5f17dd4911475861cec41755502771901127f,481e8c12964102690dfb236b9333146fae9e98ba
Climate_h4,0,1055,N+S,2026,1,78.64786889858009,0ae181583e9738d212efe51f6485ea774be8c91ae2ab387649294b88cfa4b2a5,cd9df2ade1ca21431041edcb14d5f17dd4911475861cec41755502771901127f,481e8c12964102690dfb236b9333146fae9e98ba
Climate_h4,0,1055,N+S,2026,2,78.19228726216856,0ae181583e9738d212efe51f6485ea774be8c91ae2ab387649294b88cfa4b2a5,cd9df2ade1ca21431041edcb14d5f17dd4911475861cec41755502771901127f,481e8c12964102690dfb236b9333146fae9e98ba
Climate_h4,0,1055,N+S,2026,3,77.84219183227155,0ae181583e9738d212efe51f6485ea774be8c91ae2ab387649294b88cfa4b2a5,cd9df2ade1ca21431041edcb14d5f17dd4911475861cec41755502771901127f,481e8c12964102690dfb236b9333146fae9e98ba
Climate_h4,0,1055,N+S,2026,4,77.5921311404649,0ae181583e9738d212efe51f6485ea774be8c91ae2ab387649294b88cfa4b2a5,cd9df2ade1ca21431041edcb14d5f17dd4911475861cec41755502771901127f,481e8c12964102690dfb236b9333146fae9e98ba
Climate_h4,0,1056,N+S,2026,1,78.60493872291349,0ae181583e9738d212efe51f6485ea774be8c91ae2ab387649294b88cfa4b2a5,cd9df2ade1ca21431041edcb14d5f17dd4911475861cec41755502771901127f,481e8c12964102690dfb236b9333146fae9e98ba
Climate_h4,0,1056,N+S,2026,2,78.21863249942072,0ae181583e9738d212efe51f6485ea774be8c91ae2ab387649294b88cfa4b2a5,cd9df2ade1ca21431041edcb14d5f17dd4911475861cec41755502771901127f,481e8c12964102690dfb236b9333146fae9e98ba
Climate_h4,0,1056,N+S,2026,3,77.93937621283654,0ae181583e9738d212efe51f6485ea774be8c91ae2ab387649294b88cfa4b2a5,cd9df2ade1ca21431041edcb14d5f17dd4911475861cec41755502771901127f,481e8c12964102690dfb236b9333146fae9e98ba
Climate_h4,0,1056,N+S,2026,4,77.752701348156,0ae181583e9738d212efe51f6485ea774be8c91ae2ab387649294b88cfa4b2a5,cd9df2ade1ca21431041edcb14d5f17dd4911475861cec41755502771901127f,481e8c12964102690dfb236b9333146fae9e98ba
Climate_h4,0,1057,N+S,2026,1,78.5402354117162,0ae181583e9738d212efe51f6485ea774be8c91ae2ab387649294b88cfa4b2a5,cd9df2ade1ca21431041edcb14d5f17dd4911475861cec41755502771901127f,481e8c12964102690dfb236b9333146fae9e98ba
Climate_h4,0,1057,N+S,2026,2,78.2281838856928,0ae181583e9738d212efe51f6485ea774be8c91ae2ab387649294b88cfa4b2a5,cd9df2ade1ca21431041edcb14d5f17dd4911475861cec41755502771901127f,481e8c12964102690dfb236b9333146fae9e98ba
Climate_h4,0,1057,N+S,2026,3,78.00737635156126,0ae181583e9738d212efe51f6485ea774be8c91ae2ab387649294b88cfa4b2a5,cd9df2ade1ca21431041edcb14d5f17dd4911475861cec41755502771901127f,481e8c12964102690dfb236b9333146fae9e98ba
Climate_h4,0,1057,N+S,2026,4,77.87716952754533,0ae181583e9738d212efe51f6485ea774be8c91ae2ab387649294b88cfa4b2a5,cd9df2ade1ca21431041edcb14d5f17dd4911475861cec41755502771901127f,481e8c12964102690dfb236b9333146fae9e98ba
Climate_h4,0,1058,N+S,2026,1,78.3592576718765,0ae181583e9738d212efe51f6485ea774be8c91ae2ab387649294b88cfa4b2a5,cd9df2ade1ca21431041edcb14d5f17dd4911475861cec41755502771901127f,481e8c12964102690dfb236b9333146fae9e98ba
Climate_h4,0,1058,N+S,2026,2,78.1048856986802,0ae181583e9738d212efe51f6485ea774be8c91ae2ab387649294b88cfa4b2a5,cd9df2ade1ca21431041edcb14d5f17dd4911475861cec41755502771901127f,481e8c12964102690dfb236b9333146fae9e98ba
Climate_h4,0,1058,N+S,2026,3,77.93922621449047,0ae181583e9738d212efe51f6485ea774be8c91ae2ab387649294b88cfa4b2a5,cd9df2ade1ca21431041edcb14d5f17dd4911475861cec41755502771901127f,481e8c12964102690dfb236b9333146fae9e98ba
Climate_h4,0,1058,N+S,2026,4,77.85131442259546,0ae181583e9738d212efe51f6485ea774be8c91ae2ab387649294b88cfa4b2a5,cd9df2ade1ca21431041edcb14d5f17dd4911475861cec41755502771901127f,481e8c12964102690dfb236b9333146fae9e98ba
Climate_h4,0,1059,N+S,2026,1,78.36809944631197,0ae181583e9738d212efe51f6485ea774be8c91ae2ab387649294b88cfa4b2a5,cd9df2ade1ca21431041edcb14d5f17dd4911475861cec41755502771901127f,481e8c12964102690dfb236b9333146fae9e98ba
Climate_h4,0,1059,N+S,2026,2,78.16970152076898,0ae181583e9738d212efe51f6485ea774be8c91ae2ab387649294b88cfa4b2a5,cd9df2ade1ca21431041edcb14d5f17dd4911475861cec41755502771901127f,481e8c12964102690dfb236b9333146fae9e98ba
Climate_h4,0,1059,N+S,2026,3,78.04712258949125,0ae181583e9738d212efe51f6485ea774be8c91ae2ab387649294b88cfa4b2a5,cd9df2ade1ca21431041edcb14d5f17dd4911475861cec41755502771901127f,481e8c12964102690dfb236b9333146fae9e98ba
Climate_h4,0,1059,N+S,2026,4,77.97284761869139,0ae181583e9738d212efe51f6485ea774be8c91ae2ab387649294b88cfa4b2a5,cd9df2ade1ca21431041edcb14d5f17dd4911475861cec41755502771901127f,481e8c12964102690dfb236b9333146fae9e98ba
Climate_h4,0,1060,N+S,2026,1,77.30489529133041,0ae181583e9738d212efe51f6485ea774be8c91ae2ab387649294b88cfa4b2a5,cd9df2ade1ca21431041edcb14d5f17dd4911475861cec41755502771901127f,481e8c12964102690dfb236b9333146fae9e98ba
Climate_h4,0,1060,N+S,2026,2,77.15937013790202,0ae181583e9738d212efe51f6485ea774be8c91ae2ab387649294b88cfa4b2a5,cd9df2ade1ca21431041edcb14d5f17dd4911475861cec41755502771901127f,481e8c12964102690dfb236b9333146fae9e98ba
Climate_h4,0,1060,N+S,2026,3,77.0567759206315,0ae181583e9738d212efe51f6485ea774be8c91ae2ab387649294b88cfa4b2a5,cd9df2ade1ca21431041edcb14d5f17dd4911475861cec41755502771901127f,481e8c12964102690dfb236b9333146fae9e98ba
Climate_h4,0,1060,N+S,2026,4,76.97306585155593,0ae181583e9738d212efe51f6485ea774be8c91ae2ab387649294b88cfa4b2a5,cd9df2ade1ca21431041edcb14d5f17dd4911475861cec41755502771901127f,481e8c12964102690dfb236b9333146fae9e98ba
Climate_h4,0,1061,N+S,2026,1,75.85373447793073,0ae181583e9738d212efe51f6485ea774be8c91ae2ab387649294b88cfa4b2a5,cd9df2ade1ca21431041edcb14d5f17dd4911475861cec41755502771901127f,481e8c12964102690dfb236b9333146fae9e98ba
Climate_h4,0,1061,N+S,2026,2,75.73399544504385,0ae181583e9738d212efe51f6485ea774be8c91ae2ab387649294b88cfa4b2a5,cd9df2ade1ca21431041edcb14d5f17dd4911475861cec41755502771901127f,481e8c12964102690dfb236b9333146fae9e98ba
Climate_h4,0,1061,N+S,2026,3,75.62484760096204,0ae181583e9738d212efe51f6485ea774be8c91ae2ab387649294b88cfa4b2a5,cd9df2ade1ca21431041edcb14d5f17dd4911475861cec41755502771901127f,481e8c12964102690dfb236b9333146fae9e98ba
Climate_h4,0,1061,N+S,2026,4,75.54322048521507,0ae181583e9738d212efe51f6485ea774be8c91ae2ab387649294b88cfa4b2a5,cd9df2ade1ca21431041edcb14d5f17dd4911475861cec41755502771901127f,481e8c12964102690dfb236b9333146fae9e98ba
Climate_h4,0,1062,N+S,2026,1,74.123661169124,0ae181583e9738d212efe51f6485ea774be8c91ae2ab387649294b88cfa4b2a5,cd9df2ade1ca21431041edcb14d5f17dd4911475861cec41755502771901127f,481e8c12964102690dfb236b9333146fae9e98ba
Climate_h4,0,1062,N+S,2026,2,74.00270740935026,0ae181583e9738d212efe51f6485ea774be8c91ae2ab387649294b88cfa4b2a5,cd9df2ade1ca21431041edcb14d5f17dd4911475861cec41755502771901127f,481e8c12964102690dfb236b9333146fae9e98ba
Climate_h4,0,1062,N+S,2026,3,73.90538998387291,0ae181583e9738d212efe51f6485ea774be8c91ae2ab387649294b88cfa4b2a5,cd9df2ade1ca21431041edcb14d5f17dd4911475861cec41755502771901127f,481e8c12964102690dfb236b9333146fae9e98ba
Climate_h4,0,1062,N+S,2026,4,73.84961816069222,0ae181583e9738d212efe51f6485ea774be8c91ae2ab387649294b88cfa4b2a5,cd9df2ade1ca21431041edcb14d5f17dd4911475861cec41755502771901127f,481e8c12964102690dfb236b9333146fae9e98ba
Climate_h4,0,1063,N+S,2026,1,71.1539276025027,0ae181583e9738d212efe51f6485ea774be8c91ae2ab387649294b88cfa4b2a5,cd9df2ade1ca21431041edcb14d5f17dd4911475861cec41755502771901127f,481e8c12964102690dfb236b9333146fae9e98ba
Climate_h4,0,1063,N+S,2026,2,71.06039628704566,0ae181583e9738d212efe51f6485ea774be8c91ae2ab387649294b88cfa4b2a5,cd9df2ade1ca21431041edcb14d5f17dd4911475861cec41755502771901127f,481e8c12964102690dfb236b9333146fae9e98ba
Climate_h4,0,1063,N+S,2026,3,71.00247243471047,0ae181583e9738d212efe51f6485ea774be8c91ae2ab387649294b88cfa4b2a5,cd9df2ade1ca21431041edcb14d5f17dd4911475861cec41755502771901127f,481e8c12964102690dfb236b9333146fae9e98ba
Climate_h4,0,1063,N+S,2026,4,70.96662419750864,0ae181583e9738d212efe51f6485ea774be8c91ae2ab387649294b88cfa4b2a5,cd9df2ade1ca21431041edcb14d5f17dd4911475861cec41755502771901127f,481e8c12964102690dfb236b9333146fae9e98ba
Climate_h4,0,1064,N+S,2026,1,69.99965002988861,0ae181583e9738d212efe51f6485ea774be8c91ae2ab387649294b88cfa4b2a5,cd9df2ade1ca21431041edcb14d5f17dd4911475861cec41755502771901127f,481e8c12964102690dfb236b9333146fae9e98ba
Climate_h4,0,1064,N+S,2026,2,69.94769918315988,0ae181583e9738d212efe51f6485ea774be8c91ae2ab387649294b88cfa4b2a5,cd9df2ade1ca21431041edcb14d5f17dd4911475861cec41755502771901127f,481e8c12964102690dfb236b9333146fae9e98ba
Climate_h4,0,1064,N+S,2026,3,69.91028982262598,0ae181583e9738d212efe51f6485ea774be8c91ae2ab387649294b88cfa4b2a5,cd9df2ade1ca21431041edcb14d5f17dd4911475861cec41755502771901127f,481e8c12964102690dfb236b9333146fae9e98ba
Climate_h4,0,1064,N+S,2026,4,69.89056409725144,0ae181583e9738d212efe51f6485ea774be8c91ae2ab387649294b88cfa4b2a5,cd9df2ade1ca21431041edcb14d5f17dd4911475861cec41755502771901127f,481e8c12964102690dfb236b9333146fae9e98ba
Climate_h4,0,1065,N+S,2026,1,71.03556552919173,0ae181583e9738d212efe51f6485ea774be8c91ae2ab387649294b88cfa4b2a5,cd9df2ade1ca21431041edcb14d5f17dd4911475861cec41755502771901127f,481e8c12964102690dfb236b9333146fae9e98ba
Climate_h4,0,1065,N+S,2026,2,70.99158216701905,0ae181583e9738d212efe51f6485ea774be8c91ae2ab387649294b88cfa4b2a5,cd9df2ade1ca21431041edcb14d5f17dd4911475861cec41755502771901127f,481e8c12964102690dfb236b9333146fae9e98ba
Climate_h4,0,1065,N+S,2026,3,70.95529541960326,0ae181583e9738d212efe51f6485ea774be8c91ae2ab387649294b88cfa4b2a5,cd9df2ade1ca21431041edcb14d5f17dd4911475861cec41755502771901127f,481e8c12964102690dfb236b9333146fae9e98ba
Climate_h4,0,1065,N+S,2026,4,70.92937092661474,0ae181583e9738d212efe51f6485ea774be8c91ae2ab387649294b88cfa4b2a5,cd9df2ade1ca21431041edcb14d5f17dd4911475861cec41755502771901127f,481e8c12964102690dfb236b9333146fae9e98ba
Climate_h4,0,1066,N+S,2026,1,69.7847271059017,0ae181583e9738d212efe51f6485ea774be8c91ae2ab387649294b88cfa4b2a5,cd9df2ade1ca21431041edcb14d5f17dd4911475861cec41755502771901127f,481e8c12964102690dfb236b9333146fae9e98ba
Climate_h4,0,1066,N+S,2026,2,69.74924879999065,0ae181583e9738d212efe51f6485ea774be8c91ae2ab387649294b88cfa4b2a5,cd9df2ade1ca21431041edcb14d5f17dd4911475861cec41755502771901127f,481e8c12964102690dfb236b9333146fae9e98ba
Climate_h4,0,1066,N+S,2026,3,69.71510705003654,0ae181583e9738d212efe51f6485ea774be8c91ae2ab387649294b88cfa4b2a5,cd9df2ade1ca21431041edcb14d5f17dd4911475861cec41755502771901127f,481e8c12964102690dfb236b9333146fae9e98ba
Climate_h4,0,1066,N+S,2026,4,69.68625013259025,0ae181583e9738d212efe51f6485ea774be8c91ae2ab387649294b88cfa4b2a5,cd9df2ade1ca21431041edcb14d5f17dd4911475861cec41755502771901127f,481e8c12964102690dfb236b9333146fae9e98ba
Climate_h4,0,1067,N+S,2026,1,67.4798855096961,0ae181583e9738d212efe51f6485ea774be8c91ae2ab387649294b88cfa4b2a5,cd9df2ade1ca21431041edcb14d5f17dd4911475861cec41755502771901127f,481e8c12964102690dfb236b9333146fae9e98ba
Climate_h4,0,1067,N+S,2026,2,67.44692719157895,0ae181583e9738d212efe51f6485ea774be8c91ae2ab387649294b88cfa4b2a5,cd9df2ade1ca21431041edcb14d5f17dd4911475861cec41755502771901127f,481e8c12964102690dfb236b9333146fae9e98ba
Climate_h4,0,1067,N+S,2026,3,67.41533052232688,0ae181583e9738d212efe51f6485ea774be8c91ae2ab387649294b88cfa4b2a5,cd9df2ade1ca21431041edcb14d5f17dd4911475861cec41755502771901127f,481e8c12964102690dfb236b9333146fae9e98ba
Climate_h4,0,1067,N+S,2026,4,67.37569654019909,0ae181583e9738d212efe51f6485ea774be8c91ae2ab387649294b88cfa4b2a5,cd9df2ade1ca21431041edcb14d5f17dd4911475861cec41755502771901127f,481e8c12964102690dfb236b9333146fae9e98ba
Climate_h4,0,1068,N+S,2026,1,63.221335378095695,0ae181583e9738d212efe51f6485ea774be8c91ae2ab387649294b88cfa4b2a5,cd9df2ade1ca21431041edcb14d5f17dd4911475861cec41755502771901127f,481e8c12964102690dfb236b9333146fae9e98ba
Climate_h4,0,1068,N+S,2026,2,63.20392721559811,0ae181583e9738d212efe51f6485ea774be8c91ae2ab387649294b88cfa4b2a5,cd9df2ade1ca21431041edcb14d5f17dd4911475861cec41755502771901127f,481e8c12964102690dfb236b9333146fae9e98ba
Climate_h4,0,1068,N+S,2026,3,63.17663703620334,0ae181583e9738d212efe51f6485ea774be8c91ae2ab387649294b88cfa4b2a5,cd9df2ade1ca21431041edcb14d5f17dd4911475861cec41755502771901127f,481e8c12964102690dfb236b9333146fae9e98ba
Climate_h4,0,1068,N+S,2026,4,63.133384435038046,0ae181583e9738d212efe51f6485ea774be8c91ae2ab387649294b88cfa4b2a5,cd9df2ade1ca21431041edcb14d5f17dd4911475861cec41755502771901127f,481e8c12964102690dfb236b9333146fae9e98ba
Climate_h4,0,1069,N+S,2026,1,62.39874108735046,0ae181583e9738d212efe51f6485ea774be8c91ae2ab387649294b88cfa4b2a5,cd9df2ade1ca21431041edcb14d5f17dd4911475861cec41755502771901127f,481e8c12964102690dfb236b9333146fae9e98ba
Climate_h4,0,1069,N+S,2026,2,62.38049701220511,0ae181583e9738d212efe51f6485ea774be8c91ae2ab387649294b88cfa4b2a5,cd9df2ade1ca21431041edcb14d5f17dd4911475861cec41755502771901127f,481e8c12964102690dfb236b9333146fae9e98ba
Climate_h4,0,1069,N+S,2026,3,62.34684044073949,0ae181583e9738d212efe51f6485ea774be8c91ae2ab387649294b88cfa4b2a5,cd9df2ade1ca21431041edcb14d5f17dd4911475861cec41755502771901127f,481e8c12964102690dfb236b9333146fae9e98ba
Climate_h4,0,1069,N+S,2026,4,62.280380890552344,0ae181583e9738d212efe51f6485ea774be8c91ae2ab387649294b88cfa4b2a5,cd9df2ade1ca21431041edcb14d5f17dd4911475861cec41755502771901127f,481e8c12964102690dfb236b9333146fae9e98ba
Climate_h4,0,1070,N+S,2026,1,61.8249382272698,0ae181583e9738d212efe51f6485ea774be8c91ae2ab387649294b88cfa4b2a5,cd9df2ade1ca21431041edcb14d5f17dd4911475861cec41755502771901127f,481e8c12964102690dfb236b9333146fae9e98ba
Climate_h4,0,1070,N+S,2026,2,61.80199569901231,0ae181583e9738d212efe51f6485ea774be8c91ae2ab387649294b88cfa4b2a5,cd9df2ade1ca21431041edcb14d5f17dd4911475861cec41755502771901127f,481e8c12964102690dfb236b9333146fae9e98ba
Climate_h4,0,1070,N+S,2026,3,61.75108731544848,0ae181583e9738d212efe51f6485ea774be8c91ae2ab387649294b88cfa4b2a5,cd9df2ade1ca21431041edcb14d5f17dd4911475861cec41755502771901127f,481e8c12964102690dfb236b9333146fae9e98ba
Climate_h4,0,1070,N+S,2026,4,61.672217426270215,0ae181583e9738d212efe51f6485ea774be8c91ae2ab387649294b88cfa4b2a5,cd9df2ade1ca21431041edcb14d5f17dd4911475861cec41755502771901127f,481e8c12964102690dfb236b9333146fae9e98ba
Climate_h4,0,1071,N+S,2026,1,58.33968568588589,0ae181583e9738d212efe51f6485ea774be8c91ae2ab387649294b88cfa4b2a5,cd9df2ade1ca21431041edcb14d5f17dd4911475861cec41755502771901127f,481e8c12964102690dfb236b9333146fae9e98ba
Climate_h4,0,1071,N+S,2026,2,58.31429031701115,0ae181583e9738d212efe51f6485ea774be8c91ae2ab387649294b88cfa4b2a5,cd9df2ade1ca21431041edcb14d5f17dd4911475861cec41755502771901127f,481e8c12964102690dfb236b9333146fae9e98ba
Climate_h4,0,1071,N+S,2026,3,58.25646161126124,0ae181583e9738d212efe51f6485ea774be8c91ae2ab387649294b88cfa4b2a5,cd9df2ade1ca21431041edcb14d5f17dd4911475861cec41755502771901127f,481e8c12964102690dfb236b9333146fae9e98ba
Climate_h4,0,1071,N+S,2026,4,58.17379664462054,0ae181583e9738d212efe51f6485ea774be8c91ae2ab387649294b88cfa4b2a5,cd9df2ade1ca21431041edcb14d5f17dd4911475861cec41755502771901127f,481e8c12964102690dfb236b9333146fae9e98ba
Climate_h4,0,1072,N+S,2026,1,55.97381092783277,0ae181583e9738d212efe51f6485ea774be8c91ae2ab387649294b88cfa4b2a5,cd9df2ade1ca21431041edcb14d5f17dd4911475861cec41755502771901127f,481e8c12964102690dfb236b9333146fae9e98ba
Climate_h4,0,1072,N+S,2026,2,55.93995921424882,0ae181583e9738d212efe51f6485ea774be8c91ae2ab387649294b88cfa4b2a5,cd9df2ade1ca21431041edcb14d5f17dd4911475861cec41755502771901127f,481e8c12964102690dfb236b9333146fae9e98ba
Climate_h4,0,1072,N+S,2026,3,55.87921773929885,0ae181583e9738d212efe51f6485ea774be8c91ae2ab387649294b88cfa4b2a5,cd9df2ade1ca21431041edcb14d5f17dd4911475861cec41755502771901127f,481e8c12964102690dfb236b9333146fae9e98ba
Climate_h4,0,1072,N+S,2026,4,55.79961902189084,0ae181583e9738d212efe51f6485ea774be8c91ae2ab387649294b88cfa4b2a5,cd9df2ade1ca21431041edcb14d5f17dd4911475861cec41755502771901127f,481e8c12964102690dfb236b9333146fae9e98ba
Climate_h4,0,1073,N+S,2026,1,52.42884021917161,0ae181583e9738d212efe51f6485ea774be8c91ae2ab387649294b88cfa4b2a5,cd9df2ade1ca21431041edcb14d5f17dd4911475861cec41755502771901127f,481e8c12964102690dfb236b9333146fae9e98ba
Climate_h4,0,1073,N+S,2026,2,52.40276643104737,0ae181583e9738d212efe51f6485ea774be8c91ae2ab387649294b88cfa4b2a5,cd9df2ade1ca21431041edcb14d5f17dd4911475861cec41755502771901127f,481e8c12964102690dfb236b9333146fae9e98ba
Climate_h4,0,1073,N+S,2026,3,52.358219057928984,0ae181583e9738d212efe51f6485ea774be8c91ae2ab387649294b88cfa4b2a5,cd9df2ade1ca21431041edcb14d5f17dd4911475861cec41755502771901127f,481e8c12964102690dfb236b9333146fae9e98ba
Climate_h4,0,1073,N+S,2026,4,52.28442309745845,0ae181583e9738d212efe51f6485ea774be8c91ae2ab387649294b88cfa4b2a5,cd9df2ade1ca21431041edcb14d5f17dd4911475861cec41755502771901127f,481e8c12964102690dfb236b9333146fae9e98ba
Climate_h4,0,1074,N+S,2026,1,52.12447054815746,0ae181583e9738d212efe51f6485ea774be8c91ae2ab387649294b88cfa4b2a5,cd9df2ade1ca21431041edcb14d5f17dd4911475861cec41755502771901127f,481e8c12964102690dfb236b9333146fae9e98ba
Climate_h4,0,1074,N+S,2026,2,52.10568212141225,0ae181583e9738d212efe51f6485ea774be8c91ae2ab387649294b88cfa4b2a5,cd9df2ade1ca21431041edcb14d5f17dd4911475861cec41755502771901127f,481e8c12964102690dfb236b9333146fae9e98ba
Climate_h4,0,1074,N+S,2026,3,52.05842796183109,0ae181583e9738d212efe51f6485ea774be8c91ae2ab387649294b88cfa4b2a5,cd9df2ade1ca21431041edcb14d5f17dd4911475861cec41755502771901127f,481e8c12964102690dfb236b9333146fae9e98ba
Climate_h4,0,1074,N+S,2026,4,51.96967747009777,0ae181583e9738d212efe51f6485ea774be8c91ae2ab387649294b88cfa4b2a5,cd9df2ade1ca21431041edcb14d5f17dd4911475861cec41755502771901127f,481e8c12964102690dfb236b9333146fae9e98ba
Climate_h4,0,1075,N+S,2026,1,53.4843472132279,0ae181583e9738d212efe51f6485ea774be8c91ae2ab387649294b88cfa4b2a5,cd9df2ade1ca21431041edcb14d5f17dd4911475861cec41755502771901127f,481e8c12964102690dfb236b9333146fae9e98ba
Climate_h4,0,1075,N+S,2026,2,53.44726215756336,0ae181583e9738d212efe51f6485ea774be8c91ae2ab387649294b88cfa4b2a5,cd9df2ade1ca21431041edcb14d5f17dd4911475861cec41755502771901127f,481e8c12964102690dfb236b9333146fae9e98ba
Climate_h4,0,1075,N+S,2026,3,53.3740262376841,0ae181583e9738d212efe51f6485ea774be8c91ae2ab387649294b88cfa4b2a5,cd9df2ade1ca21431041edcb14d5f17dd4911475861cec41755502771901127f,481e8c12964102690dfb236b9333146fae9e98ba
Climate_h4,0,1075,N+S,2026,4,53.27591725314865,0ae181583e9738d212efe51f6485ea774be8c91ae2ab387649294b88cfa4b2a5,cd9df2ade1ca21431041edcb14d5f17dd4911475861cec41755502771901127f,481e8c12964102690dfb236b9333146fae9e98ba
Climate_h4,0,1076,N+S,2026,1,54.38995840908538,0ae181583e9738d212efe51f6485ea774be8c91ae2ab387649294b88cfa4b2a5,cd9df2ade1ca21431041edcb14d5f17dd4911475861cec41755502771901127f,481e8c12964102690dfb236b9333146fae9e98ba
Climate_h4,0,1076,N+S,2026,2,54.316527466938226,0ae181583e9738d212efe51f6485ea774be8c91ae2ab387649294b88cfa4b2a5,cd9df2ade1ca21431041edcb14d5f17dd4911475861cec41755502771901127f,481e8c12964102690dfb236b9333146fae9e98ba
Climate_h4,0,1076,N+S,2026,3,54.22547982580106,0ae181583e9738d212efe51f6485ea774be8c91ae2ab387649294b88cfa4b2a5,cd9df2ade1ca21431041edcb14d5f17dd4911475861cec41755502771901127f,481e8c12964102690dfb236b9333146fae9e98ba
Climate_h4,0,1076,N+S,2026,4,54.11713802611399,0ae181583e9738d212efe51f6485ea774be8c91ae2ab387649294b88cfa4b2a5,cd9df2ade1ca21431041edcb14d5f17dd4911475861cec41755502771901127f,481e8c12964102690dfb236b9333146fae9e98ba
Climate_h4,0,1077,N+S,2026,1,53.44502954346821,0ae181583e9738d212efe51f6485ea774be8c91ae2ab387649294b88cfa4b2a5,cd9df2ade1ca21431041edcb14d5f17dd4911475861cec41755502771901127f,481e8c12964102690dfb236b9333146fae9e98ba
Climate_h4,0,1077,N+S,2026,2,53.363690064951356,0ae181583e9738d212efe51f6485ea774be8c91ae2ab387649294b88cfa4b2a5,cd9df2ade1ca21431041edcb14d5f17dd4911475861cec41755502771901127f,481e8c12964102690dfb236b9333146fae9e98ba
Climate_h4,0,1077,N+S,2026,3,53.273275440809975,0ae181583e9738d212efe51f6485ea774be8c91ae2ab387649294b88cfa4b2a5,cd9df2ade1ca21431041edcb14d5f17dd4911475861cec41755502771901127f,481e8c12964102690dfb236b9333146fae9e98ba
Climate_h4,0,1077,N+S,2026,4,53.16891157484919,0ae181583e9738d212efe51f6485ea774be8c91ae2ab387649294b88cfa4b2a5,cd9df2ade1ca21431041edcb14d5f17dd4911475861cec41755502771901127f,481e8c12964102690dfb236b9333146fae9e98ba
Climate_h4,0,1078,N+S,2026,1,49.93381346320612,0ae181583e9738d212efe51f6485ea774be8c91ae2ab387649294b88cfa4b2a5,cd9df2ade1ca21431041edcb14d5f17dd4911475861cec41755502771901127f,481e8c12964102690dfb236b9333146fae9e98ba
Climate_h4,0,1078,N+S,2026,2,49.86126566880123,0ae181583e9738d212efe51f6485ea774be8c91ae2ab387649294b88cfa4b2a5,cd9df2ade1ca21431041edcb14d5f17dd4911475861cec41755502771901127f,481e8c12964102690dfb236b9333146fae9e98ba
Climate_h4,0,1078,N+S,2026,3,49.78300253179139,0ae181583e9738d212efe51f6485ea774be8c91ae2ab387649294b88cfa4b2a5,cd9df2ade1ca21431041edcb14d5f17dd4911475861cec41755502771901127f,481e8c12964102690dfb236b9333146fae9e98ba
Climate_h4,0,1078,N+S,2026,4,49.67548101452521,0ae181583e9738d212efe51f6485ea774be8c91ae2ab387649294b88cfa4b2a5,cd9df2ade1ca21431041edcb14d5f17dd4911475861cec41755502771901127f,481e8c12964102690dfb236b9333146fae9e98ba
Climate_h4,0,1079,N+S,2026,1,46.21073440414043,0ae181583e9738d212efe51f6485ea774be8c91ae2ab387649294b88cfa4b2a5,cd9df2ade1ca21431041edcb14d5f17dd4911475861cec41755502771901127f,481e8c12964102690dfb236b9333146fae9e98ba
Climate_h4,0,1079,N+S,2026,2,46.170281520782225,0ae181583e9738d212efe51f6485ea774be8c91ae2ab387649294b88cfa4b2a5,cd9df2ade1ca21431041edcb14d5f17dd4911475861cec41755502771901127f,481e8c12964102690dfb236b9333146fae9e98ba
Climate_h4,0,1079,N+S,2026,3,46.107856669472426,0ae181583e9738d212efe51f6485ea774be8c91ae2ab387649294b88cfa4b2a5,cd9df2ade1ca21431041edcb14d5f17dd4911475861cec41755502771901127f,481e8c12964102690dfb236b9333146fae9e98ba
Climate_h4,0,1079,N+S,2026,4,45.993216468573344,0ae181583e9738d212efe51f6485ea774be8c91ae2ab387649294b88cfa4b2a5,cd9df2ade1ca21431041edcb14d5f17dd4911475861cec41755502771901127f,481e8c12964102690dfb236b9333146fae9e98ba
Climate_h4,0,1080,N+S,2026,1,47.02985966178183,0ae181583e9738d212efe51f6485ea774be8c91ae2ab387649294b88cfa4b2a5,cd9df2ade1ca21431041edcb14d5f17dd4911475861cec41755502771901127f,481e8c12964102690dfb236b9333146fae9e98ba
Climate_h4,0,1080,N+S,2026,2,46.99188358346722,0ae181583e9738d212efe51f6485ea774be8c91ae2ab387649294b88cfa4b2a5,cd9df2ade1ca21431041edcb14d5f17dd4911475861cec41755502771901127f,481e8c12964102690dfb236b9333146fae9e98ba
Climate_h4,0,1080,N+S,2026,3,46.909400116160725,0ae181583e9738d212efe51f6485ea774be8c91ae2ab387649294b88cfa4b2a5,cd9df2ade1ca21431041edcb14d5f17dd4911475861cec41755502771901127f,481e8c12964102690dfb236b9333146fae9e98ba
Climate_h4,0,1080,N+S,2026,4,46.762024242384435,0ae181583e9738d212efe51f6485ea774be8c91ae2ab387649294b88cfa4b2a5,cd9df2ade1ca21431041edcb14d5f17dd4911475861cec41755502771901127f,481e8c12964102690dfb236b9333146fae9e98ba
Climate_h4,0,1081,N+S,2026,1,46.98048434247578,0ae181583e9738d212efe51f6485ea774be8c91ae2ab387649294b88cfa4b2a5,cd9df2ade1ca21431041edcb14d5f17dd4911475861cec41755502771901127f,481e8c12964102690dfb236b9333146fae9e98ba
Climate_h4,0,1081,N+S,2026,2,46.92634457389675,0ae181583e9738d212efe51f6485ea774be8c91ae2ab387649294b88cfa4b2a5,cd9df2ade1ca21431041edcb14d5f17dd4911475861cec41755502771901127f,481e8c12964102690dfb236b9333146fae9e98ba
Climate_h4,0,1081,N+S,2026,3,46.81420160701719,0ae181583e9738d212efe51f6485ea774be8c91ae2ab387649294b88cfa4b2a5,cd9df2ade1ca21431041edcb14d5f17dd4911475861cec41755502771901127f,481e8c12964102690dfb236b9333146fae9e98ba
Climate_h4,0,1081,N+S,2026,4,46.64968558935187,0ae181583e9738d212efe51f6485ea774be8c91ae2ab387649294b88cfa4b2a5,cd9df2ade1ca21431041edcb14d5f17dd4911475861cec41755502771901127f,481e8c12964102690dfb236b9333146fae9e98ba
Climate_h4,0,1082,N+S,2026,1,46.09525227162766,0ae181583e9738d212efe51f6485ea774be8c91ae2ab387649294b88cfa4b2a5,cd9df2ade1ca21431041edcb14d5f17dd4911475861cec41755502771901127f,481e8c12964102690dfb236b9333146fae9e98ba
Climate_h4,0,1082,N+S,2026,2,46.01666988000832,0ae181583e9738d212efe51f6485ea774be8c91ae2ab387649294b88cfa4b2a5,cd9df2ade1ca21431041edcb14d5f17dd4911475861cec41755502771901127f,481e8c12964102690dfb236b9333146fae9e98ba
Climate_h4,0,1082,N+S,2026,3,45.89081353825398,0ae181583e9738d212efe51f6485ea774be8c91ae2ab387649294b88cfa4b2a5,cd9df2ade1ca21431041edcb14d5f17dd4911475861cec41755502771901127f,481e8c12964102690dfb236b9333146fae9e98ba
Climate_h4,0,1082,N+S,2026,4,45.743359179502455,0ae181583e9738d212efe51f6485ea774be8c91ae2ab387649294b88cfa4b2a5,cd9df2ade1ca21431041edcb14d5f17dd4911475861cec41755502771901127f,481e8c12964102690dfb236b9333146fae9e98ba
Climate_h4,0,1083,N+S,2026,1,44.42823628258507,0ae181583e9738d212efe51f6485ea774be8c91ae2ab387649294b88cfa4b2a5,cd9df2ade1ca21431041edcb14d5f17dd4911475861cec41755502771901127f,481e8c12964102690dfb236b9333146fae9e98ba
Climate_h4,0,1083,N+S,2026,2,44.32606675843703,0ae181583e9738d212efe51f6485ea774be8c91ae2ab387649294b88cfa4b2a5,cd9df2ade1ca21431041edcb14d5f17dd4911475861cec41755502771901127f,481e8c12964102690dfb236b9333146fae9e98ba
Climate_h4,0,1083,N+S,2026,3,44.207541440910894,0ae181583e9738d212efe51f6485ea774be8c91ae2ab387649294b88cfa4b2a5,cd9df2ade1ca21431041edcb14d5f17dd4911475861cec41755502771901127f,481e8c12964102690dfb236b9333146fae9e98ba
Climate_h4,0,1083,N+S,2026,4,44.062715217534475,0ae181583e9738d212efe51f6485ea774be8c91ae2ab387649294b88cfa4b2a5,cd9df2ade1ca21431041edcb14d5f17dd4911475861cec41755502771901127f,481e8c12964102690dfb236b9333146fae9e98ba
Climate_h4,0,1084,N+S,2026,1,44.86543324457258,0ae181583e9738d212efe51f6485ea774be8c91ae2ab387649294b88cfa4b2a5,cd9df2ade1ca21431041edcb14d5f17dd4911475861cec41755502771901127f,481e8c12964102690dfb236b9333146fae9e98ba
Climate_h4,0,1084,N+S,2026,2,44.76108471445921,0ae181583e9738d212efe51f6485ea774be8c91ae2ab387649294b88cfa4b2a5,cd9df2ade1ca21431041edcb14d5f17dd4911475861cec41755502771901127f,481e8c12964102690dfb236b9333146fae9e98ba
Climate_h4,0,1084,N+S,2026,3,44.637331325851896,0ae181583e9738d212efe51f6485ea774be8c91ae2ab387649294b88cfa4b2a5,cd9df2ade1ca21431041edcb14d5f17dd4911475861cec41755502771901127f,481e8c12964102690dfb236b9333146fae9e98ba
Climate_h4,0,1084,N+S,2026,4,44.48821479838865,0ae181583e9738d212efe51f6485ea774be8c91ae2ab387649294b88cfa4b2a5,cd9df2ade1ca21431041edcb14d5f17dd4911475861cec41755502771901127f,481e8c12964102690dfb236b9333146fae9e98ba
Climate_h4,0,1085,N+S,2026,1,43.25179619209757,0ae181583e9738d212efe51f6485ea774be8c91ae2ab387649294b88cfa4b2a5,cd9df2ade1ca21431041edcb14d5f17dd4911475861cec41755502771901127f,481e8c12964102690dfb236b9333146fae9e98ba
Climate_h4,0,1085,N+S,2026,2,43.155495545484186,0ae181583e9738d212efe51f6485ea774be8c91ae2ab387649294b88cfa4b2a5,cd9df2ade1ca21431041edcb14d5f17dd4911475861cec41755502771901127f,481e8c12964102690dfb236b9333146fae9e98ba
Climate_h4,0,1085,N+S,2026,3,43.03899141748635,0ae181583e9738d212efe51f6485ea774be8c91ae2ab387649294b88cfa4b2a5,cd9df2ade1ca21431041edcb14d5f17dd4911475861cec41755502771901127f,481e8c12964102690dfb236b9333146fae9e98ba
Climate_h4,0,1085,N+S,2026,4,42.89279318940351,0ae181583e9738d212efe51f6485ea774be8c91ae2ab387649294b88cfa4b2a5,cd9df2ade1ca21431041edcb14d5f17dd4911475861cec41755502771901127f,481e8c12964102690dfb236b9333146fae9e98ba
Climate_h4,0,1086,N+S,2026,1,42.3064441601098,0ae181583e9738d212efe51f6485ea774be8c91ae2ab387649294b88cfa4b2a5,cd9df2ade1ca21431041edcb14d5f17dd4911475861cec41755502771901127f,481e8c12964102690dfb236b9333146fae9e98ba
Climate_h4,0,1086,N+S,2026,2,42.20759750825221,0ae181583e9738d212efe51f6485ea774be8c91ae2ab387649294b88cfa4b2a5,cd9df2ade1ca21431041edcb14d5f17dd4911475861cec41755502771901127f,481e8c12964102690dfb236b9333146fae9e98ba
Climate_h4,0,1086,N+S,2026,3,42.090060532788115,0ae181583e9738d212efe51f6485ea774be8c91ae2ab387649294b88cfa4b2a5,cd9df2ade1ca21431041edcb14d5f17dd4911475861cec41755502771901127f,481e8c12964102690dfb236b9333146fae9e98ba
Climate_h4,0,1086,N+S,2026,4,41.95921769488089,0ae181583e9738d212efe51f6485ea774be8c91ae2ab387649294b88cfa4b2a5,cd9df2ade1ca21431041edcb14d5f17dd4911475861cec41755502771901127f,481e8c12964102690dfb236b9333146fae9e98ba
Climate_h4,0,1087,N+S,2026,1,43.96492412037698,0ae181583e9738d212efe51f6485ea774be8c91ae2ab387649294b88cfa4b2a5,cd9df2ade1ca21431041edcb14d5f17dd4911475861cec41755502771901127f,481e8c12964102690dfb236b9333146fae9e98ba
Climate_h4,0,1087,N+S,2026,2,43.855870316913,0ae181583e9738d212efe51f6485ea774be8c91ae2ab387649294b88cfa4b2a5,cd9df2ade1ca21431041edcb14d5f17dd4911475861cec41755502771901127f,481e8c12964102690dfb236b9333146fae9e98ba
Climate_h4,0,1087,N+S,2026,3,43.750301696692695,0ae181583e9738d212efe51f6485ea774be8c91ae2ab387649294b88cfa4b2a5,cd9df2ade1ca21431041edcb14d5f17dd4911475861cec41755502771901127f,481e8c12964102690dfb236b9333146fae9e98ba
Climate_h4,0,1087,N+S,2026,4,43.63322628063857,0ae181583e9738d212efe51f6485ea774be8c91ae2ab387649294b88cfa4b2a5,cd9df2ade1ca21431041edcb14d5f17dd4911475861cec41755502771901127f,481e8c12964102690dfb236b9333146fae9e98ba
Climate_h4,0,1088,N+S,2026,1,45.832911143868785,0ae181583e9738d212efe51f6485ea774be8c91ae2ab387649294b88cfa4b2a5,cd9df2ade1ca21431041edcb14d5f17dd4911475861cec41755502771901127f,481e8c12964102690dfb236b9333146fae9e98ba
Climate_h4,0,1088,N+S,2026,2,45.70385628120694,0ae181583e9738d212efe51f6485ea774be8c91ae2ab387649294b88cfa4b2a5,cd9df2ade1ca21431041edcb14d5f17dd4911475861cec41755502771901127f,481e8c12964102690dfb236b9333146fae9e98ba
Climate_h4,0,1088,N+S,2026,3,45.58865960915719,0ae181583e9738d212efe51f6485ea774be8c91ae2ab387649294b88cfa4b2a5,cd9df2ade1ca21431041edcb14d5f17dd4911475861cec41755502771901127f,481e8c12964102690dfb236b9333146fae9e98ba
Climate_h4,0,1088,N+S,2026,4,45.45689128092733,0ae181583e9738d212efe51f6485ea774be8c91ae2ab387649294b88cfa4b2a5,cd9df2ade1ca21431041edcb14d5f17dd4911475861cec41755502771901127f,481e8c12964102690dfb236b9333146fae9e98ba
Climate_h4,0,1089,N+S,2026,1,44.094568209212014,0ae181583e9738d212efe51f6485ea774be8c91ae2ab387649294b88cfa4b2a5,cd9df2ade1ca21431041edcb14d5f17dd4911475861cec41755502771901127f,481e8c12964102690dfb236b9333146fae9e98ba
Climate_h4,0,1089,N+S,2026,2,43.97592702233798,0ae181583e9738d212efe51f6485ea774be8c91ae2ab387649294b88cfa4b2a5,cd9df2ade1ca21431041edcb14d5f17dd4911475861cec41755502771901127f,481e8c12964102690dfb236b9333146fae9e98ba
Climate_h4,0,1089,N+S,2026,3,43.86360099943923,0ae181583e9738d212efe51f6485ea774be8c91ae2ab387649294b88cfa4b2a5,cd9df2ade1ca21431041edcb14d5f17dd4911475861cec41755502771901127f,481e8c12964102690dfb236b9333146fae9e98ba
Climate_h4,0,1089,N+S,2026,4,43.7242477832214,0ae181583e9738d212efe51f6485ea774be8c91ae2ab387649294b88cfa4b2a5,cd9df2ade1ca21431041edcb14d5f17dd4911475861cec41755502771901127f,481e8c12964102690dfb236b9333146fae9e98ba
Climate_h4,0,1090,N+S,2026,1,43.95358988885545,0ae181583e9738d212efe51f6485ea774be8c91ae2ab387649294b88cfa4b2a5,cd9df2ade1ca21431041edcb14d5f17dd4911475861cec41755502771901127f,481e8c12964102690dfb236b9333146fae9e98ba
Climate_h4,0,1090,N+S,2026,2,43.83552525093005,0ae181583e9738d212efe51f6485ea774be8c91ae2ab387649294b88cfa4b2a5,cd9df2ade1ca21431041edcb14d5f17dd4911475861cec41755502771901127f,481e8c12964102690dfb236b9333146fae9e98ba
Climate_h4,0,1090,N+S,2026,3,43.715387460081914,0ae181583e9738d212efe51f6485ea774be8c91ae2ab387649294b88cfa4b2a5,cd9df2ade1ca21431041edcb14d5f17dd4911475861cec41755502771901127f,481e8c12964102690dfb236b9333146fae9e98ba
Climate_h4,0,1090,N+S,2026,4,43.578830932013865,0ae181583e9738d212efe51f6485ea774be8c91ae2ab387649294b88cfa4b2a5,cd9df2ade1ca21431041edcb14d5f17dd4911475861cec41755502771901127f,481e8c12964102690dfb236b9333146fae9e98ba
Climate_h4,0,1091,N+S,2026,1,41.659224227254356,0ae181583e9738d212efe51f6485ea774be8c91ae2ab387649294b88cfa4b2a5,cd9df2ade1ca21431041edcb14d5f17dd4911475861cec41755502771901127f,481e8c12964102690dfb236b9333146fae9e98ba
Climate_h4,0,1091,N+S,2026,2,41.550985588529855,0ae181583e9738d212efe51f6485ea774be8c91ae2ab387649294b88cfa4b2a5,cd9df2ade1ca21431041edcb14d5f17dd4911475861cec41755502771901127f,481e8c12964102690dfb236b9333146fae9e98ba
Climate_h4,0,1091,N+S,2026,3,41.451095883224724,0ae181583e9738d212efe51f6485ea774be8c91ae2ab387649294b88cfa4b2a5,cd9df2ade1ca21431041edcb14d5f17dd4911475861cec41755502771901127f,481e8c12964102690dfb236b9333146fae9e98ba
Climate_h4,0,1091,N+S,2026,4,41.34127286459307,0ae181583e9738d212efe51f6485ea774be8c91ae2ab387649294b88cfa4b2a5,cd9df2ade1ca21431041edcb14d5f17dd4911475861cec41755502771901127f,481e8c12964102690dfb236b9333146fae9e98ba
Climate_h4,0,1092,N+S,2026,1,42.20152134138218,0ae181583e9738d212efe51f6485ea774be8c91ae2ab387649294b88cfa4b2a5,cd9df2ade1ca21431041edcb14d5f17dd4911475861cec41755502771901127f,481e8c12964102690dfb236b9333146fae9e98ba
Climate_h4,0,1092,N+S,2026,2,42.10542870569522,0ae181583e9738d212efe51f6485ea774be8c91ae2ab387649294b88cfa4b2a5,cd9df2ade1ca21431041edcb14d5f17dd4911475861cec41755502771901127f,481e8c12964102690dfb236b9333146fae9e98ba
Climate_h4,0,1092,N+S,2026,3,42.02390488689187,0ae181583e9738d212efe51f6485ea774be8c91ae2ab387649294b88cfa4b2a5,cd9df2ade1ca21431041edcb14d5f17dd4911475861cec41755502771901127f,481e8c12964102690dfb236b9333146fae9e98ba
Climate_h4,0,1092,N+S,2026,4,41.93611855053569,0ae181583e9738d212efe51f6485ea774be8c91ae2ab387649294b88cfa4b2a5,cd9df2ade1ca21431041edcb14d5f17dd4911475861cec41755502771901127f,481e8c12964102690dfb236b9333146fae9e98ba
Climate_h4,0,1093,N+S,2026,1,41.73022491194201,0ae181583e9738d212efe51f6485ea774be8c91ae2ab387649294b88cfa4b2a5,cd9df2ade1ca21431041edcb14d5f17dd4911475861cec41755502771901127f,481e8c12964102690dfb236b9333146fae9e98ba
Climate_h4,0,1093,N+S,2026,2,41.642948583292224,0ae181583e9738d212efe51f6485ea774be8c91ae2ab387649294b88cfa4b2a5,cd9df2ade1ca21431041edcb14d5f17dd4911475861cec41755502771901127f,481e8c12964102690dfb236b9333146fae9e98ba
Climate_h4,0,1093,N+S,2026,3,41.57775915757406,0ae181583e9738d212efe51f6485ea774be8c91ae2ab387649294b88cfa4b2a5,cd9df2ade1ca21431041edcb14d5f17dd4911475861cec41755502771901127f,481e8c12964102690dfb236b9333146fae9e98ba
Climate_h4,0,1093,N+S,2026,4,41.52430100034939,0ae181583e9738d212efe51f6485ea774be8c91ae2ab387649294b88cfa4b2a5,cd9df2ade1ca21431041edcb14d5f17dd4911475861cec41755502771901127f,481e8c12964102690dfb236b9333146fae9e98ba
Climate_h4,0,1094,N+S,2026,1,42.10949357236134,0ae181583e9738d212efe51f6485ea774be8c91ae2ab387649294b88cfa4b2a5,cd9df2ade1ca21431041edcb14d5f17dd4911475861cec41755502771901127f,481e8c12964102690dfb236b9333146fae9e98ba
Climate_h4,0,1094,N+S,2026,2,42.033491955947994,0ae181583e9738d212efe51f6485ea774be8c91ae2ab387649294b88cfa4b2a5,cd9df2ade1ca21431041edcb14d5f17dd4911475861cec41755502771901127f,481e8c12964102690dfb236b9333146fae9e98ba
Climate_h4,0,1094,N+S,2026,3,42.000784521505494,0ae181583e9738d212efe51f6485ea774be8c91ae2ab387649294b88cfa4b2a5,cd9df2ade1ca21431041edcb14d5f17dd4911475861cec41755502771901127f,481e8c12964102690dfb236b9333146fae9e98ba
Climate_h4,0,1094,N+S,2026,4,41.982096423578994,0ae181583e9738d212efe51f6485ea774be8c91ae2ab387649294b88cfa4b2a5,cd9df2ade1ca21431041edcb14d5f17dd4911475861cec41755502771901127f,481e8c12964102690dfb236b9333146fae9e98ba
Climate_h4,0,1095,N+S,2026,1,42.47651371233636,0ae181583e9738d212efe51f6485ea774be8c91ae2ab387649294b88cfa4b2a5,cd9df2ade1ca21431041edcb14d5f17dd4911475861cec41755502771901127f,481e8c12964102690dfb236b9333146fae9e98ba
Climate_h4,0,1095,N+S,2026,2,42.42316017066712,0ae181583e9738d212efe51f6485ea774be8c91ae2ab387649294b88cfa4b2a5,cd9df2ade1ca21431041edcb14d5f17dd4911475861cec41755502771901127f,481e8c12964102690dfb236b9333146fae9e98ba
Climate_h4,0,1095,N+S,2026,3,42.41693825368752,0ae181583e9738d212efe51f6485ea774be8c91ae2ab387649294b88cfa4b2a5,cd9df2ade1ca21431041edcb14d5f17dd4911475861cec41755502771901127f,481e8c12964102690dfb236b9333146fae9e98ba
Climate_h4,0,1095,N+S,2026,4,42.43366794561252,0ae181583e9738d212efe51f6485ea774be8c91ae2ab387649294b88cfa4b2a5,cd9df2ade1ca21431041edcb14d5f17dd4911475861cec41755502771901127f,481e8c12964102690dfb236b9333146fae9e98ba
Climate_h4,0,1096,N+S,2026,1,43.02729115312671,0ae181583e9738d212efe51f6485ea774be8c91ae2ab387649294b88cfa4b2a5,cd9df2ade1ca21431041edcb14d5f17dd4911475861cec41755502771901127f,481e8c12964102690dfb236b9333146fae9e98ba
Climate_h4,0,1096,N+S,2026,2,43.00215912847136,0ae181583e9738d212efe51f6485ea774be8c91ae2ab387649294b88cfa4b2a5,cd9df2ade1ca21431041edcb14d5f17dd4911475861cec41755502771901127f,481e8c12964102690dfb236b9333146fae9e98ba
Climate_h4,0,1096,N+S,2026,3,43.03670992865775,0ae181583e9738d212efe51f6485ea774be8c91ae2ab387649294b88cfa4b2a5,cd9df2ade1ca21431041edcb14d5f17dd4911475861cec41755502771901127f,481e8c12964102690dfb236b9333146fae9e98ba
Climate_h4,0,1096,N+S,2026,4,43.10568254097389,0ae181583e9738d212efe51f6485ea774be8c91ae2ab387649294b88cfa4b2a5,cd9df2ade1ca21431041edcb14d5f17dd4911475861cec41755502771901127f,481e8c12964102690dfb236b9333146fae9e98ba
Climate_h4,0,1097,N+S,2026,1,47.05829434610648,0ae181583e9738d212efe51f6485ea774be8c91ae2ab387649294b88cfa4b2a5,cd9df2ade1ca21431041edcb14d5f17dd4911475861cec41755502771901127f,481e8c12964102690dfb236b9333146fae9e98ba
Climate_h4,0,1097,N+S,2026,2,47.04250546762083,0ae181583e9738d212efe51f6485ea774be8c91ae2ab387649294b88cfa4b2a5,cd9df2ade1ca21431041edcb14d5f17dd4911475861cec41755502771901127f,481e8c12964102690dfb236b9333146fae9e98ba
Climate_h4,0,1097,N+S,2026,3,47.0943851955037,0ae181583e9738d212efe51f6485ea774be8c91ae2ab387649294b88cfa4b2a5,cd9df2ade1ca21431041edcb14d5f17dd4911475861cec41755502771901127f,481e8c12964102690dfb236b9333146fae9e98ba
Climate_h4,0,1097,N+S,2026,4,47.179426342287044,0ae181583e9738d212efe51f6485ea774be8c91ae2ab387649294b88cfa4b2a5,cd9df2ade1ca21431041edcb14d5f17dd4911475861cec41755502771901127f,481e8c12964102690dfb236b9333146fae9e98ba
Climate_h4,0,1098,N+S,2026,1,45.72926256049713,0ae181583e9738d212efe51f6485ea774be8c91ae2ab387649294b88cfa4b2a5,cd9df2ade1ca21431041edcb14d5f17dd4911475861cec41755502771901127f,481e8c12964102690dfb236b9333146fae9e98ba
Climate_h4,0,1098,N+S,2026,2,45.741695639849524,0ae181583e9738d212efe51f6485ea774be8c91ae2ab387649294b88cfa4b2a5,cd9df2ade1ca21431041edcb14d5f17dd4911475861cec41755502771901127f,481e8c12964102690dfb236b9333146fae9e98ba
Climate_h4,0,1098,N+S,2026,3,45.81950120858257,0ae181583e9738d212efe51f6485ea774be8c91ae2ab387649294b88cfa4b2a5,cd9df2ade1ca21431041edcb14d5f17dd4911475861cec41755502771901127f,481e8c12964102690dfb236b9333146fae9e98ba
Climate_h4,0,1098,N+S,2026,4,45.93956572219004,0ae181583e9738d212efe51f6485ea774be8c91ae2ab387649294b88cfa4b2a5,cd9df2ade1ca21431041edcb14d5f17dd4911475861cec41755502771901127f,481e8c12964102690dfb236b9333146fae9e98ba
Climate_h4,0,1099,N+S,2026,1,44.336268684640565,0ae181583e9738d212efe51f6485ea774be8c91ae2ab387649294b88cfa4b2a5,cd9df2ade1ca21431041edcb14d5f17dd4911475861cec41755502771901127f,481e8c12964102690dfb236b9333146fae9e98ba
Climate_h4,0,1099,N+S,2026,2,44.385650600651026,0ae181583e9738d212efe51f6485ea774be8c91ae2ab387649294b88cfa4b2a5,cd9df2ade1ca21431041edcb14d5f17dd4911475861cec41755502771901127f,481e8c12964102690dfb236b9333146fae9e98ba
Climate_h4,0,1099,N+S,2026,3,44.505042770309515,0ae181583e9738d212efe51f6485ea774be8c91ae2ab387649294b88cfa4b2a5,cd9df2ade1ca21431041edcb14d5f17dd4911475861cec41755502771901127f,481e8c12964102690dfb236b9333146fae9e98ba
Climate_h4,0,1099,N+S,2026,4,44.66752738879534,0ae181583e9738d212efe51f6485ea774be8c91ae2ab387649294b88cfa4b2a5,cd9df2ade1ca21431041edcb14d5f17dd4911475861cec41755502771901127f,481e8c12964102690dfb236b9333146fae9e98ba
Climate_h4,0,1100,N+S,2026,1,45.33205324583433,0ae181583e9738d212efe51f6485ea774be8c91ae2ab387649294b88cfa4b2a5,cd9df2ade1ca21431041edcb14d5f17dd4911475861cec41755502771901127f,481e8c12964102690dfb236b9333146fae9e98ba
Climate_h4,0,1100,N+S,2026,2,45.43320155419024,0ae181583e9738d212efe51f6485ea774be8c91ae2ab387649294b88cfa4b2a5,cd9df2ade1ca21431041edcb14d5f17dd4911475861cec41755502771901127f,481e8c12964102690dfb236b9333146fae9e98ba
Climate_h4,0,1100,N+S,2026,3,45.60194753654841,0ae181583e9738d212efe51f6485ea774be8c91ae2ab387649294b88cfa4b2a5,cd9df2ade1ca21431041edcb14d5f17dd4911475861cec41755502771901127f,481e8c12964102690dfb236b9333146fae9e98ba
Climate_h4,0,1100,N+S,2026,4,45.80544872725274,0ae181583e9738d212efe51f6485ea774be8c91ae2ab387649294b88cfa4b2a5,cd9df2ade1ca21431041edcb14d5f17dd4911475861cec41755502771901127f,481e8c12964102690dfb236b9333146fae9e98ba
Climate_h4,0,1101,N+S,2026,1,43.13957049263257,0ae181583e9738d212efe51f6485ea774be8c91ae2ab387649294b88cfa4b2a5,cd9df2ade1ca21431041edcb14d5f17dd4911475861cec41755502771901127f,481e8c12964102690dfb236b9333146fae9e98ba
Climate_h4,0,1101,N+S,2026,2,43.28637029340337,0ae181583e9738d212efe51f6485ea774be8c91ae2ab387649294b88cfa4b2a5,cd9df2ade1ca21431041edcb14d5f17dd4911475861cec41755502771901127f,481e8c12964102690dfb236b9333146fae9e98ba
Climate_h4,0,1101,N+S,2026,3,43.48993261374629,0ae181583e9738d212efe51f6485ea774be8c91ae2ab387649294b88cfa4b2a5,cd9df2ade1ca21431041edcb14d5f17dd4911475861cec41755502771901127f,481e8c12964102690dfb236b9333146fae9e98ba
Climate_h4,0,1101,N+S,2026,4,43.7045994746942,0ae181583e9738d212efe51f6485ea774be8c91ae2ab387649294b88cfa4b2a5,cd9df2ade1ca21431041edcb14d5f17dd4911475861cec41755502771901127f,481e8c12964102690dfb236b9333146fae9e98ba
Climate_h4,0,1102,N+S,2026,1,43.071632945578806,0ae181583e9738d212efe51f6485ea774be8c91ae2ab387649294b88cfa4b2a5,cd9df2ade1ca21431041edcb14d5f17dd4911475861cec41755502771901127f,481e8c12964102690dfb236b9333146fae9e98ba
Climate_h4,0,1102,N+S,2026,2,43.26000449865096,0ae181583e9738d212efe51f6485ea774be8c91ae2ab387649294b88cfa4b2a5,cd9df2ade1ca21431041edcb14d5f17dd4911475861cec41755502771901127f,481e8c12964102690dfb236b9333146fae9e98ba
Climate_h4,0,1102,N+S,2026,3,43.4798805987954,0ae181583e9738d212efe51f6485ea774be8c91ae2ab387649294b88cfa4b2a5,cd9df2ade1ca21431041edcb14d5f17dd4911475861cec41755502771901127f,481e8c12964102690dfb236b9333146fae9e98ba
Climate_h4,0,1102,N+S,2026,4,43.71315217373659,0ae181583e9738d212efe51f6485ea774be8c91ae2ab387649294b88cfa4b2a5,cd9df2ade1ca21431041edcb14d5f17dd4911475861cec41755502771901127f,481e8c12964102690dfb236b9333146fae9e98ba
Climate_h4,0,1103,N+S,2026,1,43.3053761271481,0ae181583e9738d212efe51f6485ea774be8c91ae2ab387649294b88cfa4b2a5,cd9df2ade1ca21431041edcb14d5f17dd4911475861cec41755502771901127f,481e8c12964102690dfb236b9333146fae9e98ba
Climate_h4,0,1103,N+S,2026,2,43.51206501077302,0ae181583e9738d212efe51f6485ea774be8c91ae2ab387649294b88cfa4b2a5,cd9df2ade1ca21431041edcb14d5f17dd4911475861cec41755502771901127f,481e8c12964102690dfb236b9333146fae9e98ba
Climate_h4,0,1103,N+S,2026,3,43.7519002323026,0ae181583e9738d212efe51f6485ea774be8c91ae2ab387649294b88cfa4b2a5,cd9df2ade1ca21431041edcb14d5f17dd4911475861cec41755502771901127f,481e8c12964102690dfb236b9333146fae9e98ba
Climate_h4,0,1103,N+S,2026,4,44.027290664205864,0ae181583e9738d212efe51f6485ea774be8c91ae2ab387649294b88cfa4b2a5,cd9df2ade1ca21431041edcb14d5f17dd4911475861cec41755502771901127f,481e8c12964102690dfb236b9333146fae9e98ba
Climate_h4,0,1104,N+S,2026,1,43.79043245647676,0ae181583e9738d212efe51f6485ea774be8c91ae2ab387649294b88cfa4b2a5,cd9df2ade1ca21431041edcb14d5f17dd4911475861cec41755502771901127f,481e8c12964102690dfb236b9333146fae9e98ba
Climate_h4,0,1104,N+S,2026,2,44.01235146142151,0ae181583e9738d212efe51f6485ea774be8c91ae2ab387649294b88cfa4b2a5,cd9df2ade1ca21431041edcb14d5f17dd4911475861cec41755502771901127f,481e8c12964102690dfb236b9333146fae9e98ba
Climate_h4,0,1104,N+S,2026,3,44.2870535899984,0ae181583e9738d212efe51f6485ea774be8c91ae2ab387649294b88cfa4b2a5,cd9df2ade1ca21431041edcb14d5f17dd4911475861cec41755502771901127f,481e8c12964102690dfb236b9333146fae9e98ba
Climate_h4,0,1104,N+S,2026,4,44.60192215777476,0ae181583e9738d212efe51f6485ea774be8c91ae2ab387649294b88cfa4b2a5,cd9df2ade1ca21431041edcb14d5f17dd4911475861cec41755502771901127f,481e8c12964102690dfb236b9333146fae9e98ba
Climate_h4,0,1105,N+S,2026,1,45.21846593875654,0ae181583e9738d212efe51f6485ea774be8c91ae2ab387649294b88cfa4b2a5,cd9df2ade1ca21431041edcb14d5f17dd4911475861cec41755502771901127f,481e8c12964102690dfb236b9333146fae9e98ba
Climate_h4,0,1105,N+S,2026,2,45.464798268630894,0ae181583e9738d212efe51f6485ea774be8c91ae2ab387649294b88cfa4b2a5,cd9df2ade1ca21431041edcb14d5f17dd4911475861cec41755502771901127f,481e8c12964102690dfb236b9333146fae9e98ba
Climate_h4,0,1105,N+S,2026,3,45.76715992562673,0ae181583e9738d212efe51f6485ea774be8c91ae2ab387649294b88cfa4b2a5,cd9df2ade1ca21431041edcb14d5f17dd4911475861cec41755502771901127f,481e8c12964102690dfb236b9333146fae9e98ba
Climate_h4,0,1105,N+S,2026,4,46.112560850718744,0ae181583e9738d212efe51f6485ea774be8c91ae2ab387649294b88cfa4b2a5,cd9df2ade1ca21431041edcb14d5f17dd4911475861cec41755502771901127f,481e8c12964102690dfb236b9333146fae9e98ba
Climate_h4,0,1106,N+S,2026,1,38.98418572100535,0ae181583e9738d212efe51f6485ea774be8c91ae2ab387649294b88cfa4b2a5,cd9df2ade1ca21431041edcb14d5f17dd4911475861cec41755502771901127f,481e8c12964102690dfb236b9333146fae9e98ba
Climate_h4,0,1106,N+S,2026,2,39.291624234476544,0ae181583e9738d212efe51f6485ea774be8c91ae2ab387649294b88cfa4b2a5,cd9df2ade1ca21431041edcb14d5f17dd4911475861cec41755502771901127f,481e8c12964102690dfb236b9333146fae9e98ba
Climate_h4,0,1106,N+S,2026,3,39.657495411467444,0ae181583e9738d212efe51f6485ea774be8c91ae2ab387649294b88cfa4b2a5,cd9df2ade1ca21431041edcb14d5f17dd4911475861cec41755502771901127f,481e8c12964102690dfb236b9333146fae9e98ba
Climate_h4,0,1106,N+S,2026,4,40.07278664403402,0ae181583e9738d212efe51f6485ea774be8c91ae2ab387649294b88cfa4b2a5,cd9df2ade1ca21431041edcb14d5f17dd4911475861cec41755502771901127f,481e8c12964102690dfb236b9333146fae9e98ba
Climate_h4,0,1107,N+S,2026,1,39.629781398357004,0ae181583e9738d212efe51f6485ea774be8c91ae2ab387649294b88cfa4b2a5,cd9df2ade1ca21431041edcb14d5f17dd4911475861cec41755502771901127f,481e8c12964102690dfb236b9333146fae9e98ba
Climate_h4,0,1107,N+S,2026,2,39.991842141252405,0ae181583e9738d212efe51f6485ea774be8c91ae2ab387649294b88cfa4b2a5,cd9df2ade1ca21431041edcb14d5f17dd4911475861cec41755502771901127f,481e8c12964102690dfb236b9333146fae9e98ba
Climate_h4,0,1107,N+S,2026,3,40.41426981120101,0ae181583e9738d212efe51f6485ea774be8c91ae2ab387649294b88cfa4b2a5,cd9df2ade1ca21431041edcb14d5f17dd4911475861cec41755502771901127f,481e8c12964102690dfb236b9333146fae9e98ba
Climate_h4,0,1107,N+S,2026,4,40.8683267919257,0ae181583e9738d212efe51f6485ea774be8c91ae2ab387649294b88cfa4b2a5,cd9df2ade1ca21431041edcb14d5f17dd4911475861cec41755502771901127f,481e8c12964102690dfb236b9333146fae9e98ba
Climate_h4,0,1108,N+S,2026,1,41.072876024413354,0ae181583e9738d212efe51f6485ea774be8c91ae2ab387649294b88cfa4b2a5,cd9df2ade1ca21431041edcb14d5f17dd4911475861cec41755502771901127f,481e8c12964102690dfb236b9333146fae9e98ba
Climate_h4,0,1108,N+S,2026,2,41.490762492723235,0ae181583e9738d212efe51f6485ea774be8c91ae2ab387649294b88cfa4b2a5,cd9df2ade1ca21431041edcb14d5f17dd4911475861cec41755502771901127f,481e8c12964102690dfb236b9333146fae9e98ba
Climate_h4,0,1108,N+S,2026,3,41.950771558588556,0ae181583e9738d212efe51f6485ea774be8c91ae2ab387649294b88cfa4b2a5,cd9df2ade1ca21431041edcb14d5f17dd4911475861cec41755502771901127f,481e8c12964102690dfb236b9333146fae9e98ba
Climate_h4,0,1108,N+S,2026,4,42.424098446217386,0ae181583e9738d212efe51f6485ea774be8c91ae2ab387649294b88cfa4b2a5,cd9df2ade1ca21431041edcb14d5f17dd4911475861cec41755502771901127f,481e8c12964102690dfb236b9333146fae9e98ba
Climate_h4,0,1109,N+S,2026,1,41.817740450036304,0ae181583e9738d212efe51f6485ea774be8c91ae2ab387649294b88cfa4b2a5,cd9df2ade1ca21431041edcb14d5f17dd4911475861cec41755502771901127f,481e8c12964102690dfb236b9333146fae9e98ba
Climate_h4,0,1109,N+S,2026,2,42.26510621154868,0ae181583e9738d212efe51f6485ea774be8c91ae2ab387649294b88cfa4b2a5,cd9df2ade1ca21431041edcb14d5f17dd4911475861cec41755502771901127f,481e8c12964102690dfb236b9333146fae9e98ba
Climate_h4,0,1109,N+S,2026,3,42.73428076453578,0ae181583e9738d212efe51f6485ea774be8c91ae2ab387649294b88cfa4b2a5,cd9df2ade1ca21431041edcb14d5f17dd4911475861cec41755502771901127f,481e8c12964102690dfb236b9333146fae9e98ba
Climate_h4,0,1109,N+S,2026,4,43.224610744957424,0ae181583e9738d212efe51f6485ea774be8c91ae2ab387649294b88cfa4b2a5,cd9df2ade1ca21431041edcb14d5f17dd4911475861cec41755502771901127f,481e8c12964102690dfb236b9333146fae9e98ba
Climate_h4,0,1110,N+S,2026,1,41.96064677797334,0ae181583e9738d212efe51f6485ea774be8c91ae2ab387649294b88cfa4b2a5,cd9df2ade1ca21431041edcb14d5f17dd4911475861cec41755502771901127f,481e8c12964102690dfb236b9333146fae9e98ba
Climate_h4,0,1110,N+S,2026,2,42.411100589976265,0ae181583e9738d212efe51f6485ea774be8c91ae2ab387649294b88cfa4b2a5,cd9df2ade1ca21431041edcb14d5f17dd4911475861cec41755502771901127f,481e8c12964102690dfb236b9333146fae9e98ba
Climate_h4,0,1110,N+S,2026,3,42.893085048751075,0ae181583e9738d212efe51f6485ea774be8c91ae2ab387649294b88cfa4b2a5,cd9df2ade1ca21431041edcb14d5f17dd4911475861cec41755502771901127f,481e8c12964102690dfb236b9333146fae9e98ba
Climate_h4,0,1110,N+S,2026,4,43.41221695524342,0ae181583e9738d212efe51f6485ea774be8c91ae2ab387649294b88cfa4b2a5,cd9df2ade1ca21431041edcb14d5f17dd4911475861cec41755502771901127f,481e8c12964102690dfb236b9333146fae9e98ba
Climate_h4,0,1111,N+S,2026,1,44.84367891631709,0ae181583e9738d212efe51f6485ea774be8c91ae2ab387649294b88cfa4b2a5,cd9df2ade1ca21431041edcb14d5f17dd4911475861cec41755502771901127f,481e8c12964102690dfb236b9333146fae9e98ba
Climate_h4,0,1111,N+S,2026,2,45.30142924446527,0ae181583e9738d212efe51f6485ea774be8c91ae2ab387649294b88cfa4b2a5,cd9df2ade1ca21431041edcb14d5f17dd4911475861cec41755502771901127f,481e8c12964102690dfb236b9333146fae9e98ba
Climate_h4,0,1111,N+S,2026,3,45.807266645344015,0ae181583e9738d212efe51f6485ea774be8c91ae2ab387649294b88cfa4b2a5,cd9df2ade1ca21431041edcb14d5f17dd4911475861cec41755502771901127f,481e8c12964102690dfb236b9333146fae9e98ba
Climate_h4,0,1111,N+S,2026,4,46.32729654820191,0ae181583e9738d212efe51f6485ea774be8c91ae2ab387649294b88cfa4b2a5,cd9df2ade1ca21431041edcb14d5f17dd4911475861cec41755502771901127f,481e8c12964102690dfb236b9333146fae9e98ba
Climate_h4,0,1112,N+S,2026,1,43.06339297021126,0ae181583e9738d212efe51f6485ea774be8c91ae2ab387649294b88cfa4b2a5,cd9df2ade1ca21431041edcb14d5f17dd4911475861cec41755502771901127f,481e8c12964102690dfb236b9333146fae9e98ba
Climate_h4,0,1112,N+S,2026,2,43.55899116971206,0ae181583e9738d212efe51f6485ea774be8c91ae2ab387649294b88cfa4b2a5,cd9df2ade1ca21431041edcb14d5f17dd4911475861cec41755502771901127f,481e8c12964102690dfb236b9333146fae9e98ba
Climate_h4,0,1112,N+S,2026,3,44.07796370572697,0ae181583e9738d212efe51f6485ea774be8c91ae2ab387649294b88cfa4b2a5,cd9df2ade1ca21431041edcb14d5f17dd4911475861cec41755502771901127f,481e8c12964102690dfb236b9333146fae9e98ba
Climate_h4,0,1112,N+S,2026,4,44.57656399477652,0ae181583e9738d212efe51f6485ea774be8c91ae2ab387649294b88cfa4b2a5,cd9df2ade1ca21431041edcb14d5f17dd4911475861cec41755502771901127f,481e8c12964102690dfb236b9333146fae9e98ba
Climate_h4,0,1113,N+S,2026,1,39.904190739856375,0ae181583e9738d212efe51f6485ea774be8c91ae2ab387649294b88cfa4b2a5,cd9df2ade1ca21431041edcb14d5f17dd4911475861cec41755502771901127f,481e8c12964102690dfb236b9333146fae9e98ba
Climate_h4,0,1113,N+S,2026,2,40.42700701963699,0ae181583e9738d212efe51f6485ea774be8c91ae2ab387649294b88cfa4b2a5,cd9df2ade1ca21431041edcb14d5f17dd4911475861cec41755502771901127f,481e8c12964102690dfb236b9333146fae9e98ba
Climate_h4,0,1113,N+S,2026,3,40.936012145536154,0ae181583e9738d212efe51f6485ea774be8c91ae2ab387649294b88cfa4b2a5,cd9df2ade1ca21431041edcb14d5f17dd4911475861cec41755502771901127f,481e8c12964102690dfb236b9333146fae9e98ba
Climate_h4,0,1113,N+S,2026,4,41.410906607183044,0ae181583e9738d212efe51f6485ea774be8c91ae2ab387649294b88cfa4b2a5,cd9df2ade1ca21431041edcb14d5f17dd4911475861cec41755502771901127f,481e8c12964102690dfb236b9333146fae9e98ba
Climate_h4,0,1114,N+S,2026,1,42.135203723064315,0ae181583e9738d212efe51f6485ea774be8c91ae2ab387649294b88cfa4b2a5,cd9df2ade1ca21431041edcb14d5f17dd4911475861cec41755502771901127f,481e8c12964102690dfb236b9333146fae9e98ba
Climate_h4,0,1114,N+S,2026,2,42.64388313184521,0ae181583e9738d212efe51f6485ea774be8c91ae2ab387649294b88cfa4b2a5,cd9df2ade1ca21431041edcb14d5f17dd4911475861cec41755502771901127f,481e8c12964102690dfb236b9333146fae9e98ba
Climate_h4,0,1114,N+S,2026,3,43.124641251737145,0ae181583e9738d212efe51f6485ea774be8c91ae2ab387649294b88cfa4b2a5,cd9df2ade1ca21431041edcb14d5f17dd4911475861cec41755502771901127f,481e8c12964102690dfb236b9333146fae9e98ba
Climate_h4,0,1114,N+S,2026,4,43.58134419113083,0ae181583e9738d212efe51f6485ea774be8c91ae2ab387649294b88cfa4b2a5,cd9df2ade1ca21431041edcb14d5f17dd4911475861cec41755502771901127f,481e8c12964102690dfb236b9333146fae9e98ba
Climate_h4,0,1115,N+S,2026,1,45.9087255810346,0ae181583e9738d212efe51f6485ea774be8c91ae2ab387649294b88cfa4b2a5,cd9df2ade1ca21431041edcb14d5f17dd4911475861cec41755502771901127f,481e8c12964102690dfb236b9333146fae9e98ba
Climate_h4,0,1115,N+S,2026,2,46.37371204000217,0ae181583e9738d212efe51f6485ea774be8c91ae2ab387649294b88cfa4b2a5,cd9df2ade1ca21431041edcb14d5f17dd4911475861cec41755502771901127f,481e8c12964102690dfb236b9333146fae9e98ba
Climate_h4,0,1115,N+S,2026,3,46.821040002607425,0ae181583e9738d212efe51f6485ea774be8c91ae2ab387649294b88cfa4b2a5,cd9df2ade1ca21431041edcb14d5f17dd4911475861cec41755502771901127f,481e8c12964102690dfb236b9333146fae9e98ba
Climate_h4,0,1115,N+S,2026,4,47.25376966861482,0ae181583e9738d212efe51f6485ea774be8c91ae2ab387649294b88cfa4b2a5,cd9df2ade1ca21431041edcb14d5f17dd4911475861cec41755502771901127f,481e8c12964102690dfb236b9333146fae9e98ba
Climate_h4,0,1116,N+S,2026,1,47.07401903181625,0ae181583e9738d212efe51f6485ea774be8c91ae2ab387649294b88cfa4b2a5,cd9df2ade1ca21431041edcb14d5f17dd4911475861cec41755502771901127f,481e8c12964102690dfb236b9333146fae9e98ba
Climate_h4,0,1116,N+S,2026,2,47.50096902885252,0ae181583e9738d212efe51f6485ea774be8c91ae2ab387649294b88cfa4b2a5,cd9df2ade1ca21431041edcb14d5f17dd4911475861cec41755502771901127f,481e8c12964102690dfb236b9333146fae9e98ba
Climate_h4,0,1116,N+S,2026,3,47.922870936058736,0ae181583e9738d212efe51f6485ea774be8c91ae2ab387649294b88cfa4b2a5,cd9df2ade1ca21431041edcb14d5f17dd4911475861cec41755502771901127f,481e8c12964102690dfb236b9333146fae9e98ba
Climate_h4,0,1116,N+S,2026,4,48.33091985203686,0ae181583e9738d212efe51f6485ea774be8c91ae2ab387649294b88cfa4b2a5,cd9df2ade1ca21431041edcb14d5f17dd4911475861cec41755502771901127f,481e8c12964102690dfb236b9333146fae9e98ba
Climate_h4,0,1117,N+S,2026,1,45.63790855216991,0ae181583e9738d212efe51f6485ea774be8c91ae2ab387649294b88cfa4b2a5,cd9df2ade1ca21431041edcb14d5f17dd4911475861cec41755502771901127f,481e8c12964102690dfb236b9333146fae9e98ba
Climate_h4,0,1117,N+S,2026,2,46.03906048315907,0ae181583e9738d212efe51f6485ea774be8c91ae2ab387649294b88cfa4b2a5,cd9df2ade1ca21431041edcb14d5f17dd4911475861cec41755502771901127f,481e8c12964102690dfb236b9333146fae9e98ba
Climate_h4,0,1117,N+S,2026,3,46.4413568848336,0ae181583e9738d212efe51f6485ea774be8c91ae2ab387649294b88cfa4b2a5,cd9df2ade1ca21431041edcb14d5f17dd4911475861cec41755502771901127f,481e8c12964102690dfb236b9333146fae9e98ba
Climate_h4,0,1117,N+S,2026,4,46.84938381226404,0ae181583e9738d212efe51f6485ea774be8c91ae2ab387649294b88cfa4b2a5,cd9df2ade1ca21431041edcb14d5f17dd4911475861cec41755502771901127f,481e8c12964102690dfb236b9333146fae9e98ba
Climate_h4,0,1118,N+S,2026,1,47.59133746122974,0ae181583e9738d212efe51f6485ea774be8c91ae2ab387649294b88cfa4b2a5,cd9df2ade1ca21431041edcb14d5f17dd4911475861cec41755502771901127f,481e8c12964102690dfb236b9333146fae9e98ba
Climate_h4,0,1118,N+S,2026,2,47.968746215322554,0ae181583e9738d212efe51f6485ea774be8c91ae2ab387649294b88cfa4b2a5,cd9df2ade1ca21431041edcb14d5f17dd4911475861cec41755502771901127f,481e8c12964102690dfb236b9333146fae9e98ba
Climate_h4,0,1118,N+S,2026,3,48.367574617361406,0ae181583e9738d212efe51f6485ea774be8c91ae2ab387649294b88cfa4b2a5,cd9df2ade1ca21431041edcb14d5f17dd4911475861cec41755502771901127f,481e8c12964102690dfb236b9333146fae9e98ba
Climate_h4,0,1118,N+S,2026,4,48.747317088963406,0ae181583e9738d212efe51f6485ea774be8c91ae2ab387649294b88cfa4b2a5,cd9df2ade1ca21431041edcb14d5f17dd4911475861cec41755502771901127f,481e8c12964102690dfb236b9333146fae9e98ba
Climate_h4,0,1119,N+S,2026,1,46.78630024990917,0ae181583e9738d212efe51f6485ea774be8c91ae2ab387649294b88cfa4b2a5,cd9df2ade1ca21431041edcb14d5f17dd4911475861cec41755502771901127f,481e8c12964102690dfb236b9333146fae9e98ba
Climate_h4,0,1119,N+S,2026,2,47.17171543105278,0ae181583e9738d212efe51f6485ea774be8c91ae2ab387649294b88cfa4b2a5,cd9df2ade1ca21431041edcb14d5f17dd4911475861cec41755502771901127f,481e8c12964102690dfb236b9333146fae9e98ba
Climate_h4,0,1119,N+S,2026,3,47.5501172007162,0ae181583e9738d212efe51f6485ea774be8c91ae2ab387649294b88cfa4b2a5,cd9df2ade1ca21431041edcb14d5f17dd4911475861cec41755502771901127f,481e8c12964102690dfb236b9333146fae9e98ba
Climate_h4,0,1119,N+S,2026,4,47.87863226661468,0ae181583e9738d212efe51f6485ea774be8c91ae2ab387649294b88cfa4b2a5,cd9df2ade1ca21431041edcb14d5f17dd4911475861cec41755502771901127f,481e8c12964102690dfb236b9333146fae9e98ba
Climate_h4,0,1120,N+S,2026,1,47.71376821635961,0ae181583e9738d212efe51f6485ea774be8c91ae2ab387649294b88cfa4b2a5,cd9df2ade1ca21431041edcb14d5f17dd4911475861cec41755502771901127f,481e8c12964102690dfb236b9333146fae9e98ba
Climate_h4,0,1120,N+S,2026,2,48.0926021516658,0ae181583e9738d212efe51f6485ea774be8c91ae2ab387649294b88cfa4b2a5,cd9df2ade1ca21431041edcb14d5f17dd4911475861cec41755502771901127f,481e8c12964102690dfb236b9333146fae9e98ba
Climate_h4,0,1120,N+S,2026,3,48.428631957655185,0ae181583e9738d212efe51f6485ea774be8c91ae2ab387649294b88cfa4b2a5,cd9df2ade1ca21431041edcb14d5f17dd4911475861cec41755502771901127f,481e8c12964102690dfb236b9333146fae9e98ba
Climate_h4,0,1120,N+S,2026,4,48.722691612037636,0ae181583e9738d212efe51f6485ea774be8c91ae2ab387649294b88cfa4b2a5,cd9df2ade1ca21431041edcb14d5f17dd4911475861cec41755502771901127f,481e8c12964102690dfb236b9333146fae9e98ba
Climate_h4,0,1121,N+S,2026,1,47.213093271839924,0ae181583e9738d212efe51f6485ea774be8c91ae2ab387649294b88cfa4b2a5,cd9df2ade1ca21431041edcb14d5f17dd4911475861cec41755502771901127f,481e8c12964102690dfb236b9333146fae9e98ba
Climate_h4,0,1121,N+S,2026,2,47.552597312989384,0ae181583e9738d212efe51f6485ea774be8c91ae2ab387649294b88cfa4b2a5,cd9df2ade1ca21431041edcb14d5f17dd4911475861cec41755502771901127f,481e8c12964102690dfb236b9333146fae9e98ba
Climate_h4,0,1121,N+S,2026,3,47.85963806589065,0ae181583e9738d212efe51f6485ea774be8c91ae2ab387649294b88cfa4b2a5,cd9df2ade1ca21431041edcb14d5f17dd4911475861cec41755502771901127f,481e8c12964102690dfb236b9333146fae9e98ba
Climate_h4,0,1121,N+S,2026,4,48.15268617310285,0ae181583e9738d212efe51f6485ea774be8c91ae2ab387649294b88cfa4b2a5,cd9df2ade1ca21431041edcb14d5f17dd4911475861cec41755502771901127f,481e8c12964102690dfb236b9333146fae9e98ba
Climate_h4,0,1122,N+S,2026,1,48.99061562316668,0ae181583e9738d212efe51f6485ea774be8c91ae2ab387649294b88cfa4b2a5,cd9df2ade1ca21431041edcb14d5f17dd4911475861cec41755502771901127f,481e8c12964102690dfb236b9333146fae9e98ba
Climate_h4,0,1122,N+S,2026,2,49.28357085943788,0ae181583e9738d212efe51f6485ea774be8c91ae2ab387649294b88cfa4b2a5,cd9df2ade1ca21431041edcb14d5f17dd4911475861cec41755502771901127f,481e8c12964102690dfb236b9333146fae9e98ba
Climate_h4,0,1122,N+S,2026,3,49.57209198126497,0ae181583e9738d212efe51f6485ea774be8c91ae2ab387649294b88cfa4b2a5,cd9df2ade1ca21431041edcb14d5f17dd4911475861cec41755502771901127f,481e8c12964102690dfb236b9333146fae9e98ba
Climate_h4,0,1122,N+S,2026,4,49.83996846868757,0ae181583e9738d212efe51f6485ea774be8c91ae2ab387649294b88cfa4b2a5,cd9df2ade1ca21431041edcb14d5f17dd4911475861cec41755502771901127f,481e8c12964102690dfb236b9333146fae9e98ba
Climate_h4,0,1123,N+S,2026,1,47.92036713557306,0ae181583e9738d212efe51f6485ea774be8c91ae2ab387649294b88cfa4b2a5,cd9df2ade1ca21431041edcb14d5f17dd4911475861cec41755502771901127f,481e8c12964102690dfb236b9333146fae9e98ba
Climate_h4,0,1123,N+S,2026,2,48.21261276584365,0ae181583e9738d212efe51f6485ea774be8c91ae2ab387649294b88cfa4b2a5,cd9df2ade1ca21431041edcb14d5f17dd4911475861cec41755502771901127f,481e8c12964102690dfb236b9333146fae9e98ba
Climate_h4,0,1123,N+S,2026,3,48.48944186212605,0ae181583e9738d212efe51f6485ea774be8c91ae2ab387649294b88cfa4b2a5,cd9df2ade1ca21431041edcb14d5f17dd4911475861cec41755502771901127f,481e8c12964102690dfb236b9333146fae9e98ba
Climate_h4,0,1123,N+S,2026,4,48.74006428841109,0ae181583e9738d212efe51f6485ea774be8c91ae2ab387649294b88cfa4b2a5,cd9df2ade1ca21431041edcb14d5f17dd4911475861cec41755502771901127f,481e8c12964102690dfb236b9333146fae9e98ba
Climate_h4,0,1124,N+S,2026,1,49.374436132101934,0ae181583e9738d212efe51f6485ea774be8c91ae2ab387649294b88cfa4b2a5,cd9df2ade1ca21431041edcb14d5f17dd4911475861cec41755502771901127f,481e8c12964102690dfb236b9333146fae9e98ba
Climate_h4,0,1124,N+S,2026,2,49.645996997440655,0ae181583e9738d212efe51f6485ea774be8c91ae2ab387649294b88cfa4b2a5,cd9df2ade1ca21431041edcb14d5f17dd4911475861cec41755502771901127f,481e8c12964102690dfb236b9333146fae9e98ba
Climate_h4,0,1124,N+S,2026,3,49.89110641333264,0ae181583e9738d212efe51f6485ea774be8c91ae2ab387649294b88cfa4b2a5,cd9df2ade1ca21431041edcb14d5f17dd4911475861cec41755502771901127f,481e8c12964102690dfb236b9333146fae9e98ba
Climate_h4,0,1124,N+S,2026,4,50.11440583121366,0ae181583e9738d212efe51f6485ea774be8c91ae2ab387649294b88cfa4b2a5,cd9df2ade1ca21431041edcb14d5f17dd4911475861cec41755502771901127f,481e8c12964102690dfb236b9333146fae9e98ba
Climate_h4,0,1125,N+S,2026,1,50.21500888226579,0ae181583e9738d212efe51f6485ea774be8c91ae2ab387649294b88cfa4b2a5,cd9df2ade1ca21431041edcb14d5f17dd4911475861cec41755502771901127f,481e8c12964102690dfb236b9333146fae9e98ba
Climate_h4,0,1125,N+S,2026,2,50.461735867476854,0ae181583e9738d212efe51f6485ea774be8c91ae2ab387649294b88cfa4b2a5,cd9df2ade1ca21431041edcb14d5f17dd4911475861cec41755502771901127f,481e8c12964102690dfb236b9333146fae9e98ba
Climate_h4,0,1125,N+S,2026,3,50.68472216256201,0ae181583e9738d212efe51f6485ea774be8c91ae2ab387649294b88cfa4b2a5,cd9df2ade1ca21431041edcb14d5f17dd4911475861cec41755502771901127f,481e8c12964102690dfb236b9333146fae9e98ba
Climate_h4,0,1125,N+S,2026,4,50.88439485336257,0ae181583e9738d212efe51f6485ea774be8c91ae2ab387649294b88cfa4b2a5,cd9df2ade1ca21431041edcb14d5f17dd4911475861cec41755502771901127f,481e8c12964102690dfb236b9333146fae9e98ba
Climate_h4,0,1126,N+S,2026,1,50.81153229840549,0ae181583e9738d212efe51f6485ea774be8c91ae2ab387649294b88cfa4b2a5,cd9df2ade1ca21431041edcb14d5f17dd4911475861cec41755502771901127f,481e8c12964102690dfb236b9333146fae9e98ba
Climate_h4,0,1126,N+S,2026,2,51.028323326965165,0ae181583e9738d212efe51f6485ea774be8c91ae2ab387649294b88cfa4b2a5,cd9df2ade1ca21431041edcb14d5f17dd4911475861cec41755502771901127f,481e8c12964102690dfb236b9333146fae9e98ba
Climate_h4,0,1126,N+S,2026,3,51.22413086969723,0ae181583e9738d212efe51f6485ea774be8c91ae2ab387649294b88cfa4b2a5,cd9df2ade1ca21431041edcb14d5f17dd4911475861cec41755502771901127f,481e8c12964102690dfb236b9333146fae9e98ba
Climate_h4,0,1126,N+S,2026,4,51.41280814452228,0ae181583e9738d212efe51f6485ea774be8c91ae2ab387649294b88cfa4b2a5,cd9df2ade1ca21431041edcb14d5f17dd4911475861cec41755502771901127f,481e8c12964102690dfb236b9333146fae9e98ba
Climate_h4,0,1127,N+S,2026,1,50.9986849156187,0ae181583e9738d212efe51f6485ea774be8c91ae2ab387649294b88cfa4b2a5,cd9df2ade1ca21431041edcb14d5f17dd4911475861cec41755502771901127f,481e8c12964102690dfb236b9333146fae9e98ba
Climate_h4,0,1127,N+S,2026,2,51.18442149548544,0ae181583e9738d212efe51f6485ea774be8c91ae2ab387649294b88cfa4b2a5,cd9df2ade1ca21431041edcb14d5f17dd4911475861cec41755502771901127f,481e8c12964102690dfb236b9333146fae9e98ba
Climate_h4,0,1127,N+S,2026,3,51.36669084619899,0ae181583e9738d212efe51f6485ea774be8c91ae2ab387649294b88cfa4b2a5,cd9df2ade1ca21431041edcb14d5f17dd4911475861cec41755502771901127f,481e8c12964102690dfb236b9333146fae9e98ba
Climate_h4,0,1127,N+S,2026,4,51.545722936412275,0ae181583e9738d212efe51f6485ea774be8c91ae2ab387649294b88cfa4b2a5,cd9df2ade1ca21431041edcb14d5f17dd4911475861cec41755502771901127f,481e8c12964102690dfb236b9333146fae9e98ba
Climate_h4,0,1128,N+S,2026,1,49.87047787802467,0ae181583e9738d212efe51f6485ea774be8c91ae2ab387649294b88cfa4b2a5,cd9df2ade1ca21431041edcb14d5f17dd4911475861cec41755502771901127f,481e8c12964102690dfb236b9333146fae9e98ba
Climate_h4,0,1128,N+S,2026,2,50.05171488946405,0ae181583e9738d212efe51f6485ea774be8c91ae2ab387649294b88cfa4b2a5,cd9df2ade1ca21431041edcb14d5f17dd4911475861cec41755502771901127f,481e8c12964102690dfb236b9333146fae9e98ba
Climate_h4,0,1128,N+S,2026,3,50.236051343042995,0ae181583e9738d212efe51f6485ea774be8c91ae2ab387649294b88cfa4b2a5,cd9df2ade1ca21431041edcb14d5f17dd4911475861cec41755502771901127f,481e8c12964102690dfb236b9333146fae9e98ba
Climate_h4,0,1128,N+S,2026,4,50.429297611592744,0ae181583e9738d212efe51f6485ea774be8c91ae2ab387649294b88cfa4b2a5,cd9df2ade1ca21431041edcb14d5f17dd4911475861cec41755502771901127f,481e8c12964102690dfb236b9333146fae9e98ba
Climate_h4,0,1129,N+S,2026,1,49.82308854270606,0ae181583e9738d212efe51f6485ea774be8c91ae2ab387649294b88cfa4b2a5,cd9df2ade1ca21431041edcb14d5f17dd4911475861cec41755502771901127f,481e8c12964102690dfb236b9333146fae9e98ba
Climate_h4,0,1129,N+S,2026,2,50.00362156525976,0ae181583e9738d212efe51f6485ea774be8c91ae2ab387649294b88cfa4b2a5,cd9df2ade1ca21431041edcb14d5f17dd4911475861cec41755502771901127f,481e8c12964102690dfb236b9333146fae9e98ba
Climate_h4,0,1129,N+S,2026,3,50.20044314455182,0ae181583e9738d212efe51f6485ea774be8c91ae2ab387649294b88cfa4b2a5,cd9df2ade1ca21431041edcb14d5f17dd4911475861cec41755502771901127f,481e8c12964102690dfb236b9333146fae9e98ba
Climate_h4,0,1129,N+S,2026,4,50.378776137881275,0ae181583e9738d212efe51f6485ea774be8c91ae2ab387649294b88cfa4b2a5,cd9df2ade1ca21431041edcb14d5f17dd4911475861cec41755502771901127f,481e8c12964102690dfb236b9333146fae9e98ba
Climate_h4,0,1130,N+S,2026,1,51.51222839181324,0ae181583e9738d212efe51f6485ea774be8c91ae2ab387649294b88cfa4b2a5,cd9df2ade1ca21431041edcb14d5f17dd4911475861cec41755502771901127f,481e8c12964102690dfb236b9333146fae9e98ba
Climate_h4,0,1130,N+S,2026,2,51.69880327782126,0ae181583e9738d212efe51f6485ea774be8c91ae2ab387649294b88cfa4b2a5,cd9df2ade1ca21431041edcb14d5f17dd4911475861cec41755502771901127f,481e8c12964102690dfb236b9333146fae9e98ba
Climate_h4,0,1130,N+S,2026,3,51.87348854514339,0ae181583e9738d212efe51f6485ea774be8c91ae2ab387649294b88cfa4b2a5,cd9df2ade1ca21431041edcb14d5f17dd4911475861cec41755502771901127f,481e8c12964102690dfb236b9333146fae9e98ba
Climate_h4,0,1130,N+S,2026,4,52.04523778177869,0ae181583e9738d212efe51f6485ea774be8c91ae2ab387649294b88cfa4b2a5,cd9df2ade1ca21431041edcb14d5f17dd4911475861cec41755502771901127f,481e8c12964102690dfb236b9333146fae9e98ba
Climate_h4,0,1131,N+S,2026,1,53.65416779627801,0ae181583e9738d212efe51f6485ea774be8c91ae2ab387649294b88cfa4b2a5,cd9df2ade1ca21431041edcb14d5f17dd4911475861cec41755502771901127f,481e8c12964102690dfb236b9333146fae9e98ba
Climate_h4,0,1131,N+S,2026,2,53.81486839420707,0ae181583e9738d212efe51f6485ea774be8c91ae2ab387649294b88cfa4b2a5,cd9df2ade1ca21431041edcb14d5f17dd4911475861cec41755502771901127f,481e8c12964102690dfb236b9333146fae9e98ba
Climate_h4,0,1131,N+S,2026,3,53.976030808439276,0ae181583e9738d212efe51f6485ea774be8c91ae2ab387649294b88cfa4b2a5,cd9df2ade1ca21431041edcb14d5f17dd4911475861cec41755502771901127f,481e8c12964102690dfb236b9333146fae9e98ba
Climate_h4,0,1131,N+S,2026,4,54.14853592277859,0ae181583e9738d212efe51f6485ea774be8c91ae2ab387649294b88cfa4b2a5,cd9df2ade1ca21431041edcb14d5f17dd4911475861cec41755502771901127f,481e8c12964102690dfb236b9333146fae9e98ba
Climate_h4,0,1132,N+S,2026,1,54.18395509607465,0ae181583e9738d212efe51f6485ea774be8c91ae2ab387649294b88cfa4b2a5,cd9df2ade1ca21431041edcb14d5f17dd4911475861cec41755502771901127f,481e8c12964102690dfb236b9333146fae9e98ba
Climate_h4,0,1132,N+S,2026,2,54.336560894312896,0ae181583e9738d212efe51f6485ea774be8c91ae2ab387649294b88cfa4b2a5,cd9df2ade1ca21431041edcb14d5f17dd4911475861cec41755502771901127f,481e8c12964102690dfb236b9333146fae9e98ba
Climate_h4,0,1132,N+S,2026,3,54.50353511190365,0ae181583e9738d212efe51f6485ea774be8c91ae2ab387649294b88cfa4b2a5,cd9df2ade1ca21431041edcb14d5f17dd4911475861cec41755502771901127f,481e8c12964102690dfb236b9333146fae9e98ba
Climate_h4,0,1132,N+S,2026,4,54.67656738936514,0ae181583e9738d212efe51f6485ea774be8c91ae2ab387649294b88cfa4b2a5,cd9df2ade1ca21431041edcb14d5f17dd4911475861cec41755502771901127f,481e8c12964102690dfb236b9333146fae9e98ba
Climate_h4,0,1133,N+S,2026,1,51.1695384485509,0ae181583e9738d212efe51f6485ea774be8c91ae2ab387649294b88cfa4b2a5,cd9df2ade1ca21431041edcb14d5f17dd4911475861cec41755502771901127f,481e8c12964102690dfb236b9333146fae9e98ba
Climate_h4,0,1133,N+S,2026,2,51.350933950645704,0ae181583e9738d212efe51f6485ea774be8c91ae2ab387649294b88cfa4b2a5,cd9df2ade1ca21431041edcb14d5f17dd4911475861cec41755502771901127f,481e8c12964102690dfb236b9333146fae9e98ba
Climate_h4,0,1133,N+S,2026,3,51.540172039415204,0ae181583e9738d212efe51f6485ea774be8c91ae2ab387649294b88cfa4b2a5,cd9df2ade1ca21431041edcb14d5f17dd4911475861cec41755502771901127f,481e8c12964102690dfb236b9333146fae9e98ba
Climate_h4,0,1133,N+S,2026,4,51.734128826424886,0ae181583e9738d212efe51f6485ea774be8c91ae2ab387649294b88cfa4b2a5,cd9df2ade1ca21431041edcb14d5f17dd4911475861cec41755502771901127f,481e8c12964102690dfb236b9333146fae9e98ba
Climate_h4,0,1134,N+S,2026,1,49.191042068677,0ae181583e9738d212efe51f6485ea774be8c91ae2ab387649294b88cfa4b2a5,cd9df2ade1ca21431041edcb14d5f17dd4911475861cec41755502771901127f,481e8c12964102690dfb236b9333146fae9e98ba
Climate_h4,0,1134,N+S,2026,2,49.41114967509332,0ae181583e9738d212efe51f6485ea774be8c91ae2ab387649294b88cfa4b2a5,cd9df2ade1ca21431041edcb14d5f17dd4911475861cec41755502771901127f,481e8c12964102690dfb236b9333146fae9e98ba
Climate_h4,0,1134,N+S,2026,3,49.6360302277726,0ae181583e9738d212efe51f6485ea774be8c91ae2ab387649294b88cfa4b2a5,cd9df2ade1ca21431041edcb14d5f17dd4911475861cec41755502771901127f,481e8c12964102690dfb236b9333146fae9e98ba
Climate_h4,0,1134,N+S,2026,4,49.8638932983721,0ae181583e9738d212efe51f6485ea774be8c91ae2ab387649294b88cfa4b2a5,cd9df2ade1ca21431041edcb14d5f17dd4911475861cec41755502771901127f,481e8c12964102690dfb236b9333146fae9e98ba
Climate_h4,0,1135,N+S,2026,1,47.72236200380591,0ae181583e9738d212efe51f6485ea774be8c91ae2ab387649294b88cfa4b2a5,cd9df2ade1ca21431041edcb14d5f17dd4911475861cec41755502771901127f,481e8c12964102690dfb236b9333146fae9e98ba
Climate_h4,0,1135,N+S,2026,2,47.96828597078364,0ae181583e9738d212efe51f6485ea774be8c91ae2ab387649294b88cfa4b2a5,cd9df2ade1ca21431041edcb14d5f17dd4911475861cec41755502771901127f,481e8c12964102690dfb236b9333146fae9e98ba
Climate_h4,0,1135,N+S,2026,3,48.210863657975665,0ae181583e9738d212efe51f6485ea774be8c91ae2ab387649294b88cfa4b2a5,cd9df2ade1ca21431041edcb14d5f17dd4911475861cec41755502771901127f,481e8c12964102690dfb236b9333146fae9e98ba
Climate_h4,0,1135,N+S,2026,4,48.441524703986886,0ae181583e9738d212efe51f6485ea774be8c91ae2ab387649294b88cfa4b2a5,cd9df2ade1ca21431041edcb14d5f17dd4911475861cec41755502771901127f,481e8c12964102690dfb236b9333146fae9e98ba
Climate_h4,0,1136,N+S,2026,1,47.995875589841205,0ae181583e9738d212efe51f6485ea774be8c91ae2ab387649294b88cfa4b2a5,cd9df2ade1ca21431041edcb14d5f17dd4911475861cec41755502771901127f,481e8c12964102690dfb236b9333146fae9e98ba
Climate_h4,0,1136,N+S,2026,2,48.26513547896546,0ae181583e9738d212efe51f6485ea774be8c91ae2ab387649294b88cfa4b2a5,cd9df2ade1ca21431041edcb14d5f17dd4911475861cec41755502771901127f,481e8c12964102690dfb236b9333146fae9e98ba
Climate_h4,0,1136,N+S,2026,3,48.51710748727893,0ae181583e9738d212efe51f6485ea774be8c91ae2ab387649294b88cfa4b2a5,cd9df2ade1ca21431041edcb14d5f17dd4911475861cec41755502771901127f,481e8c12964102690dfb236b9333146fae9e98ba
Climate_h4,0,1136,N+S,2026,4,48.758502866801635,0ae181583e9738d212efe51f6485ea774be8c91ae2ab387649294b88cfa4b2a5,cd9df2ade1ca21431041edcb14d5f17dd4911475861cec41755502771901127f,481e8c12964102690dfb236b9333146fae9e98ba
Climate_h4,0,1137,N+S,2026,1,47.881972395163004,0ae181583e9738d212efe51f6485ea774be8c91ae2ab387649294b88cfa4b2a5,cd9df2ade1ca21431041edcb14d5f17dd4911475861cec41755502771901127f,481e8c12964102690dfb236b9333146fae9e98ba
Climate_h4,0,1137,N+S,2026,2,48.16438465305551,0ae181583e9738d212efe51f6485ea774be8c91ae2ab387649294b88cfa4b2a5,cd9df2ade1ca21431041edcb14d5f17dd4911475861cec41755502771901127f,481e8c12964102690dfb236b9333146fae9e98ba
Climate_h4,0,1137,N+S,2026,3,48.42880133031036,0ae181583e9738d212efe51f6485ea774be8c91ae2ab387649294b88cfa4b2a5,cd9df2ade1ca21431041edcb14d5f17dd4911475861cec41755502771901127f,481e8c12964102690dfb236b9333146fae9e98ba
Climate_h4,0,1137,N+S,2026,4,48.7150151080422,0ae181583e9738d212efe51f6485ea774be8c91ae2ab387649294b88cfa4b2a5,cd9df2ade1ca21431041edcb14d5f17dd4911475861cec41755502771901127f,481e8c12964102690dfb236b9333146fae9e98ba
Climate_h4,0,1138,N+S,2026,1,48.622158090057674,0ae181583e9738d212efe51f6485ea774be8c91ae2ab387649294b88cfa4b2a5,cd9df2ade1ca21431041edcb14d5f17dd4911475861cec41755502771901127f,481e8c12964102690dfb236b9333146fae9e98ba
Climate_h4,0,1138,N+S,2026,2,48.910500374492216,0ae181583e9738d212efe51f6485ea774be8c91ae2ab387649294b88cfa4b2a5,cd9df2ade1ca21431041edcb14d5f17dd4911475861cec41755502771901127f,481e8c12964102690dfb236b9333146fae9e98ba
Climate_h4,0,1138,N+S,2026,3,49.21297928718719,0ae181583e9738d212efe51f6485ea774be8c91ae2ab387649294b88cfa4b2a5,cd9df2ade1ca21431041edcb14d5f17dd4911475861cec41755502771901127f,481e8c12964102690dfb236b9333146fae9e98ba
Climate_h4,0,1138,N+S,2026,4,49.54949934207546,0ae181583e9738d212efe51f6485ea774be8c91ae2ab387649294b88cfa4b2a5,cd9df2ade1ca21431041edcb14d5f17dd4911475861cec41755502771901127f,481e8c12964102690dfb236b9333146fae9e98ba
Climate_h4,0,1139,N+S,2026,1,46.521720619667,0ae181583e9738d212efe51f6485ea774be8c91ae2ab387649294b88cfa4b2a5,cd9df2ade1ca21431041edcb14d5f17dd4911475861cec41755502771901127f,481e8c12964102690dfb236b9333146fae9e98ba
Climate_h4,0,1139,N+S,2026,2,46.85910111965737,0ae181583e9738d212efe51f6485ea774be8c91ae2ab387649294b88cfa4b2a5,cd9df2ade1ca21431041edcb14d5f17dd4911475861cec41755502771901127f,481e8c12964102690dfb236b9333146fae9e98ba
Climate_h4,0,1139,N+S,2026,3,47.225899910802575,0ae181583e9738d212efe51f6485ea774be8c91ae2ab387649294b88cfa4b2a5,cd9df2ade1ca21431041edcb14d5f17dd4911475861cec41755502771901127f,481e8c12964102690dfb236b9333146fae9e98ba
Climate_h4,0,1139,N+S,2026,4,47.6020404658052,0ae181583e9738d212efe51f6485ea774be8c91ae2ab387649294b88cfa4b2a5,cd9df2ade1ca21431041edcb14d5f17dd4911475861cec41755502771901127f,481e8c12964102690dfb236b9333146fae9e98ba
Climate_h4,0,1140,N+S,2026,1,47.740150705836626,0ae181583e9738d212efe51f6485ea774be8c91ae2ab387649294b88cfa4b2a5,cd9df2ade1ca21431041edcb14d5f17dd4911475861cec41755502771901127f,481e8c12964102690dfb236b9333146fae9e98ba
Climate_h4,0,1140,N+S,2026,2,48.120466009877504,0ae181583e9738d212efe51f6485ea774be8c91ae2ab387649294b88cfa4b2a5,cd9df2ade1ca21431041edcb14d5f17dd4911475861cec41755502771901127f,481e8c12964102690dfb236b9333146fae9e98ba
Climate_h4,0,1140,N+S,2026,3,48.50671689656617,0ae181583e9738d212efe51f6485ea774be8c91ae2ab387649294b88cfa4b2a5,cd9df2ade1ca21431041edcb14d5f17dd4911475861cec41755502771901127f,481e8c12964102690dfb236b9333146fae9e98ba
Climate_h4,0,1140,N+S,2026,4,48.86504395448264,0ae181583e9738d212efe51f6485ea774be8c91ae2ab387649294b88cfa4b2a5,cd9df2ade1ca21431041edcb14d5f17dd4911475861cec41755502771901127f,481e8c12964102690dfb236b9333146fae9e98ba
Climate_h4,0,1141,N+S,2026,1,47.620967258357645,0ae181583e9738d212efe51f6485ea774be8c91ae2ab387649294b88cfa4b2a5,cd9df2ade1ca21431041edcb14d5f17dd4911475861cec41755502771901127f,481e8c12964102690dfb236b9333146fae9e98ba
Climate_h4,0,1141,N+S,2026,2,48.03142194713502,0ae181583e9738d212efe51f6485ea774be8c91ae2ab387649294b88cfa4b2a5,cd9df2ade1ca21431041edcb14d5f17dd4911475861cec41755502771901127f,481e8c12964102690dfb236b9333146fae9e98ba
Climate_h4,0,1141,N+S,2026,3,48.40801557739522,0ae181583e9738d212efe51f6485ea774be8c91ae2ab387649294b88cfa4b2a5,cd9df2ade1ca21431041edcb14d5f17dd4911475861cec41755502771901127f,481e8c12964102690dfb236b9333146fae9e98ba
Climate_h4,0,1141,N+S,2026,4,48.76384885624052,0ae181583e9738d212efe51f6485ea774be8c91ae2ab387649294b88cfa4b2a5,cd9df2ade1ca21431041edcb14d5f17dd4911475861cec41755502771901127f,481e8c12964102690dfb236b9333146fae9e98ba
Climate_h4,0,1142,N+S,2026,1,47.17695019478124,0ae181583e9738d212efe51f6485ea774be8c91ae2ab387649294b88cfa4b2a5,cd9df2ade1ca21431041edcb14d5f17dd4911475861cec41755502771901127f,481e8c12964102690dfb236b9333146fae9e98ba
Climate_h4,0,1142,N+S,2026,2,47.57673427771854,0ae181583e9738d212efe51f6485ea774be8c91ae2ab387649294b88cfa4b2a5,cd9df2ade1ca21431041edcb14d5f17dd4911475861cec41755502771901127f,481e8c12964102690dfb236b9333146fae9e98ba
Climate_h4,0,1142,N+S,2026,3,47.949813687553586,0ae181583e9738d212efe51f6485ea774be8c91ae2ab387649294b88cfa4b2a5,cd9df2ade1ca21431041edcb14d5f17dd4911475861cec41755502771901127f,481e8c12964102690dfb236b9333146fae9e98ba
Climate_h4,0,1142,N+S,2026,4,48.306366582736935,0ae181583e9738d212efe51f6485ea774be8c91ae2ab387649294b88cfa4b2a5,cd9df2ade1ca21431041edcb14d5f17dd4911475861cec41755502771901127f,481e8c12964102690dfb236b9333146fae9e98ba
Climate_h4,0,1143,N+S,2026,1,45.42509201263705,0ae181583e9738d212efe51f6485ea774be8c91ae2ab387649294b88cfa4b2a5,cd9df2ade1ca21431041edcb14d5f17dd4911475861cec41755502771901127f,481e8c12964102690dfb236b9333146fae9e98ba
Climate_h4,0,1143,N+S,2026,2,45.829162805433036,0ae181583e9738d212efe51f6485ea774be8c91ae2ab387649294b88cfa4b2a5,cd9df2ade1ca21431041edcb14d5f17dd4911475861cec41755502771901127f,481e8c12964102690dfb236b9333146fae9e98ba
Climate_h4,0,1143,N+S,2026,3,46.20886965329892,0ae181583e9738d212efe51f6485ea774be8c91ae2ab387649294b88cfa4b2a5,cd9df2ade1ca21431041edcb14d5f17dd4911475861cec41755502771901127f,481e8c12964102690dfb236b9333146fae9e98ba
Climate_h4,0,1143,N+S,2026,4,46.56611115397381,0ae181583e9738d212efe51f6485ea774be8c91ae2ab387649294b88cfa4b2a5,cd9df2ade1ca21431041edcb14d5f17dd4911475861cec41755502771901127f,481e8c12964102690dfb236b9333146fae9e98ba
Climate_h4,0,1144,N+S,2026,1,42.48111319603919,0ae181583e9738d212efe51f6485ea774be8c91ae2ab387649294b88cfa4b2a5,cd9df2ade1ca21431041edcb14d5f17dd4911475861cec41755502771901127f,481e8c12964102690dfb236b9333146fae9e98ba
Climate_h4,0,1144,N+S,2026,2,42.91649112876396,0ae181583e9738d212efe51f6485ea774be8c91ae2ab387649294b88cfa4b2a5,cd9df2ade1ca21431041edcb14d5f17dd4911475861cec41755502771901127f,481e8c12964102690dfb236b9333146fae9e98ba
Climate_h4,0,1144,N+S,2026,3,43.32989870668671,0ae181583e9738d212efe51f6485ea774be8c91ae2ab387649294b88cfa4b2a5,cd9df2ade1ca21431041edcb14d5f17dd4911475861cec41755502771901127f,481e8c12964102690dfb236b9333146fae9e98ba
Climate_h4,0,1144,N+S,2026,4,43.721716673994614,0ae181583e9738d212efe51f6485ea774be8c91ae2ab387649294b88cfa4b2a5,cd9df2ade1ca21431041edcb14d5f17dd4911475861cec41755502771901127f,481e8c12964102690dfb236b9333146fae9e98ba
Climate_h4,0,1145,N+S,2026,1,40.025836791865146,0ae181583e9738d212efe51f6485ea774be8c91ae2ab387649294b88cfa4b2a5,cd9df2ade1ca21431041edcb14d5f17dd4911475861cec41755502771901127f,481e8c12964102690dfb236b9333146fae9e98ba
Climate_h4,0,1145,N+S,2026,2,40.492011641003025,0ae181583e9738d212efe51f6485ea774be8c91ae2ab387649294b88cfa4b2a5,cd9df2ade1ca21431041edcb14d5f17dd4911475861cec41755502771901127f,481e8c12964102690dfb236b9333146fae9e98ba
Climate_h4,0,1145,N+S,2026,3,40.933633098637756,0ae181583e9738d212efe51f6485ea774be8c91ae2ab387649294b88cfa4b2a5,cd9df2ade1ca21431041edcb14d5f17dd4911475861cec41755502771901127f,481e8c12964102690dfb236b9333146fae9e98ba
Climate_h4,0,1145,N+S,2026,4,41.347159804916714,0ae181583e9738d212efe51f6485ea774be8c91ae2ab387649294b88cfa4b2a5,cd9df2ade1ca21431041edcb14d5f17dd4911475861cec41755502771901127f,481e8c12964102690dfb236b9333146fae9e98ba
Climate_h4,0,1146,N+S,2026,1,38.503469308850434,0ae181583e9738d212efe51f6485ea774be8c91ae2ab387649294b88cfa4b2a5,cd9df2ade1ca21431041edcb14d5f17dd4911475861cec41755502771901127f,481e8c12964102690dfb236b9333146fae9e98ba
Climate_h4,0,1146,N+S,2026,2,38.995720821635494,0ae181583e9738d212efe51f6485ea774be8c91ae2ab387649294b88cfa4b2a5,cd9df2ade1ca21431041edcb14d5f17dd4911475861cec41755502771901127f,481e8c12964102690dfb236b9333146fae9e98ba
Climate_h4,0,1146,N+S,2026,3,39.45631896566067,0ae181583e9738d212efe51f6485ea774be8c91ae2ab387649294b88cfa4b2a5,cd9df2ade1ca21431041edcb14d5f17dd4911475861cec41755502771901127f,481e8c12964102690dfb236b9333146fae9e98ba
Climate_h4,0,1146,N+S,2026,4,39.86605568892539,0ae181583e9738d212efe51f6485ea774be8c91ae2ab387649294b88cfa4b2a5,cd9df2ade1ca21431041edcb14d5f17dd4911475861cec41755502771901127f,481e8c12964102690dfb236b9333146fae9e98ba
Climate_h4,0,1147,N+S,2026,1,39.85775291826502,0ae181583e9738d212efe51f6485ea774be8c91ae2ab387649294b88cfa4b2a5,cd9df2ade1ca21431041edcb14d5f17dd4911475861cec41755502771901127f,481e8c12964102690dfb236b9333146fae9e98ba
Climate_h4,0,1147,N+S,2026,2,40.355604596997566,0ae181583e9738d212efe51f6485ea774be8c91ae2ab387649294b88cfa4b2a5,cd9df2ade1ca21431041edcb14d5f17dd4911475861cec41755502771901127f,481e8c12964102690dfb236b9333146fae9e98ba
Climate_h4,0,1147,N+S,2026,3,40.80104328085791,0ae181583e9738d212efe51f6485ea774be8c91ae2ab387649294b88cfa4b2a5,cd9df2ade1ca21431041edcb14d5f17dd4911475861cec41755502771901127f,481e8c12964102690dfb236b9333146fae9e98ba
Climate_h4,0,1147,N+S,2026,4,41.17951361684474,0ae181583e9738d212efe51f6485ea774be8c91ae2ab387649294b88cfa4b2a5,cd9df2ade1ca21431041edcb14d5f17dd4911475861cec41755502771901127f,481e8c12964102690dfb236b9333146fae9e98ba
Climate_h4,0,1148,N+S,2026,1,38.995427746351886,0ae181583e9738d212efe51f6485ea774be8c91ae2ab387649294b88cfa4b2a5,cd9df2ade1ca21431041edcb14d5f17dd4911475861cec41755502771901127f,481e8c12964102690dfb236b9333146fae9e98ba
Climate_h4,0,1148,N+S,2026,2,39.479902478477165,0ae181583e9738d212efe51f6485ea774be8c91ae2ab387649294b88cfa4b2a5,cd9df2ade1ca21431041edcb14d5f17dd4911475861cec41755502771901127f,481e8c12964102690dfb236b9333146fae9e98ba
Climate_h4,0,1148,N+S,2026,3,39.902692722392125,0ae181583e9738d212efe51f6485ea774be8c91ae2ab387649294b88cfa4b2a5,cd9df2ade1ca21431041edcb14d5f17dd4911475861cec41755502771901127f,481e8c12964102690dfb236b9333146fae9e98ba
Climate_h4,0,1148,N+S,2026,4,40.29400821360148,0ae181583e9738d212efe51f6485ea774be8c91ae2ab387649294b88cfa4b2a5,cd9df2ade1ca21431041edcb14d5f17dd4911475861cec41755502771901127f,481e8c12964102690dfb236b9333146fae9e98ba
Climate_h4,0,1149,N+S,2026,1,40.38410838783735,0ae181583e9738d212efe51f6485ea774be8c91ae2ab387649294b88cfa4b2a5,cd9df2ade1ca21431041edcb14d5f17dd4911475861cec41755502771901127f,481e8c12964102690dfb236b9333146fae9e98ba
Climate_h4,0,1149,N+S,2026,2,40.81692349012769,0ae181583e9738d212efe51f6485ea774be8c91ae2ab387649294b88cfa4b2a5,cd9df2ade1ca21431041edcb14d5f17dd4911475861cec41755502771901127f,481e8c12964102690dfb236b9333146fae9e98ba
Climate_h4,0,1149,N+S,2026,3,41.22509579649882,0ae181583e9738d212efe51f6485ea774be8c91ae2ab387649294b88cfa4b2a5,cd9df2ade1ca21431041edcb14d5f17dd4911475861cec41755502771901127f,481e8c12964102690dfb236b9333146fae9e98ba
Climate_h4,0,1149,N+S,2026,4,41.615825833716535,0ae181583e9738d212efe51f6485ea774be8c91ae2ab387649294b88cfa4b2a5,cd9df2ade1ca21431041edcb14d5f17dd4911475861cec41755502771901127f,481e8c12964102690dfb236b9333146fae9e98ba
Climate_h4,0,1150,N+S,2026,1,40.34707156217887,0ae181583e9738d212efe51f6485ea774be8c91ae2ab387649294b88cfa4b2a5,cd9df2ade1ca21431041edcb14d5f17dd4911475861cec41755502771901127f,481e8c12964102690dfb236b9333146fae9e98ba
Climate_h4,0,1150,N+S,2026,2,40.76694803265183,0ae181583e9738d212efe51f6485ea774be8c91ae2ab387649294b88cfa4b2a5,cd9df2ade1ca21431041edcb14d5f17dd4911475861cec41755502771901127f,481e8c12964102690dfb236b9333146fae9e98ba
Climate_h4,0,1150,N+S,2026,3,41.173598085849875,0ae181583e9738d212efe51f6485ea774be8c91ae2ab387649294b88cfa4b2a5,cd9df2ade1ca21431041edcb14d5f17dd4911475861cec41755502771901127f,481e8c12964102690dfb236b9333146fae9e98ba
Climate_h4,0,1150,N+S,2026,4,41.55182592861944,0ae181583e9738d212efe51f6485ea774be8c91ae2ab387649294b88cfa4b2a5,cd9df2ade1ca21431041edcb14d5f17dd4911475861cec41755502771901127f,481e8c12964102690dfb236b9333146fae9e98ba
Climate_h4,0,1151,N+S,2026,1,41.07402853428583,0ae181583e9738d212efe51f6485ea774be8c91ae2ab387649294b88cfa4b2a5,cd9df2ade1ca21431041edcb14d5f17dd4911475861cec41755502771901127f,481e8c12964102690dfb236b9333146fae9e98ba
Climate_h4,0,1151,N+S,2026,2,41.49306345000494,0ae181583e9738d212efe51f6485ea774be8c91ae2ab387649294b88cfa4b2a5,cd9df2ade1ca21431041edcb14d5f17dd4911475861cec41755502771901127f,481e8c12964102690dfb236b9333146fae9e98ba
Climate_h4,0,1151,N+S,2026,3,41.885687590556884,0ae181583e9738d212efe51f6485ea774be8c91ae2ab387649294b88cfa4b2a5,cd9df2ade1ca21431041edcb14d5f17dd4911475861cec41755502771901127f,481e8c12964102690dfb236b9333146fae9e98ba
Climate_h4,0,1151,N+S,2026,4,42.22913217704497,0ae181583e9738d212efe51f6485ea774be8c91ae2ab387649294b88cfa4b2a5,cd9df2ade1ca21431041edcb14d5f17dd4911475861cec41755502771901127f,481e8c12964102690dfb236b9333146fae9e98ba
Climate_h4,0,1152,N+S,2026,1,41.015122382725316,0ae181583e9738d212efe51f6485ea774be8c91ae2ab387649294b88cfa4b2a5,cd9df2ade1ca21431041edcb14d5f17dd4911475861cec41755502771901127f,481e8c12964102690dfb236b9333146fae9e98ba
Climate_h4,0,1152,N+S,2026,2,41.420734807685754,0ae181583e9738d212efe51f6485ea774be8c91ae2ab387649294b88cfa4b2a5,cd9df2ade1ca21431041edcb14d5f17dd4911475861cec41755502771901127f,481e8c12964102690dfb236b9333146fae9e98ba
Climate_h4,0,1152,N+S,2026,3,41.781106885107064,0ae181583e9738d212efe51f6485ea774be8c91ae2ab387649294b88cfa4b2a5,cd9df2ade1ca21431041edcb14d5f17dd4911475861cec41755502771901127f,481e8c12964102690dfb236b9333146fae9e98ba
Climate_h4,0,1152,N+S,2026,4,42.095717281860566,0ae181583e9738d212efe51f6485ea774be8c91ae2ab387649294b88cfa4b2a5,cd9df2ade1ca21431041edcb14d5f17dd4911475861cec41755502771901127f,481e8c12964102690dfb236b9333146fae9e98ba
Climate_h4,0,1153,N+S,2026,1,39.82191529283116,0ae181583e9738d212efe51f6485ea774be8c91ae2ab387649294b88cfa4b2a5,cd9df2ade1ca21431041edcb14d5f17dd4911475861cec41755502771901127f,481e8c12964102690dfb236b9333146fae9e98ba
Climate_h4,0,1153,N+S,2026,2,40.20477431199133,0ae181583e9738d212efe51f6485ea774be8c91ae2ab387649294b88cfa4b2a5,cd9df2ade1ca21431041edcb14d5f17dd4911475861cec41755502771901127f,481e8c12964102690dfb236b9333146fae9e98ba
Climate_h4,0,1153,N+S,2026,3,40.54512022814164,0ae181583e9738d212efe51f6485ea774be8c91ae2ab387649294b88cfa4b2a5,cd9df2ade1ca21431041edcb14d5f17dd4911475861cec41755502771901127f,481e8c12964102690dfb236b9333146fae9e98ba
Climate_h4,0,1153,N+S,2026,4,40.82957684951195,0ae181583e9738d212efe51f6485ea774be8c91ae2ab387649294b88cfa4b2a5,cd9df2ade1ca21431041edcb14d5f17dd4911475861cec41755502771901127f,481e8c12964102690dfb236b9333146fae9e98ba
Climate_h4,0,1154,N+S,2026,1,40.723485294960035,0ae181583e9738d212efe51f6485ea774be8c91ae2ab387649294b88cfa4b2a5,cd9df2ade1ca21431041edcb14d5f17dd4911475861cec41755502771901127f,481e8c12964102690dfb236b9333146fae9e98ba
Climate_h4,0,1154,N+S,2026,2,41.07604935440447,0ae181583e9738d212efe51f6485ea774be8c91ae2ab387649294b88cfa4b2a5,cd9df2ade1ca21431041edcb14d5f17dd4911475861cec41755502771901127f,481e8c12964102690dfb236b9333146fae9e98ba
Climate_h4,0,1154,N+S,2026,3,41.379315806356516,0ae181583e9738d212efe51f6485ea774be8c91ae2ab387649294b88cfa4b2a5,cd9df2ade1ca21431041edcb14d5f17dd4911475861cec41755502771901127f,481e8c12964102690dfb236b9333146fae9e98ba
Climate_h4,0,1154,N+S,2026,4,41.606955888947496,0ae181583e9738d212efe51f6485ea774be8c91ae2ab387649294b88cfa4b2a5,cd9df2ade1ca21431041edcb14d5f17dd4911475861cec41755502771901127f,481e8c12964102690dfb236b9333146fae9e98ba
Climate_h4,0,1155,N+S,2026,1,39.536043343245304,0ae181583e9738d212efe51f6485ea774be8c91ae2ab387649294b88cfa4b2a5,cd9df2ade1ca21431041edcb14d5f17dd4911475861cec41755502771901127f,481e8c12964102690dfb236b9333146fae9e98ba
Climate_h4,0,1155,N+S,2026,2,39.85832860248806,0ae181583e9738d212efe51f6485ea774be8c91ae2ab387649294b88cfa4b2a5,cd9df2ade1ca21431041edcb14d5f17dd4911475861cec41755502771901127f,481e8c12964102690dfb236b9333146fae9e98ba
Climate_h4,0,1155,N+S,2026,3,40.11328951551857,0ae181583e9738d212efe51f6485ea774be8c91ae2ab387649294b88cfa4b2a5,cd9df2ade1ca21431041edcb14d5f17dd4911475861cec41755502771901127f,481e8c12964102690dfb236b9333146fae9e98ba
Climate_h4,0,1155,N+S,2026,4,40.310583603012965,0ae181583e9738d212efe51f6485ea774be8c91ae2ab387649294b88cfa4b2a5,cd9df2ade1ca21431041edcb14d5f17dd4911475861cec41755502771901127f,481e8c12964102690dfb236b9333146fae9e98ba
Climate_h4,0,1156,N+S,2026,1,38.842980409538406,0ae181583e9738d212efe51f6485ea774be8c91ae2ab387649294b88cfa4b2a5,cd9df2ade1ca21431041edcb14d5f17dd4911475861cec41755502771901127f,481e8c12964102690dfb236b9333146fae9e98ba
Climate_h4,0,1156,N+S,2026,2,39.11698471030057,0ae181583e9738d212efe51f6485ea774be8c91ae2ab387649294b88cfa4b2a5,cd9df2ade1ca21431041edcb14d5f17dd4911475861cec41755502771901127f,481e8c12964102690dfb236b9333146fae9e98ba
Climate_h4,0,1156,N+S,2026,3,39.34432934375967,0ae181583e9738d212efe51f6485ea774be8c91ae2ab387649294b88cfa4b2a5,cd9df2ade1ca21431041edcb14d5f17dd4911475861cec41755502771901127f,481e8c12964102690dfb236b9333146fae9e98ba
Climate_h4,0,1156,N+S,2026,4,39.50649832988391,0ae181583e9738d212efe51f6485ea774be8c91ae2ab387649294b88cfa4b2a5,cd9df2ade1ca21431041edcb14d5f17dd4911475861cec41755502771901127f,481e8c12964102690dfb236b9333146fae9e98ba
Climate_h4,0,1157,N+S,2026,1,38.64524722447922,0ae181583e9738d212efe51f6485ea774be8c91ae2ab387649294b88cfa4b2a5,cd9df2ade1ca21431041edcb14d5f17dd4911475861cec41755502771901127f,481e8c12964102690dfb236b9333146fae9e98ba
Climate_h4,0,1157,N+S,2026,2,38.88048647230382,0ae181583e9738d212efe51f6485ea774be8c91ae2ab387649294b88cfa4b2a5,cd9df2ade1ca21431041edcb14d5f17dd4911475861cec41755502771901127f,481e8c12964102690dfb236b9333146fae9e98ba
Climate_h4,0,1157,N+S,2026,3,39.06515301414347,0ae181583e9738d212efe51f6485ea774be8c91ae2ab387649294b88cfa4b2a5,cd9df2ade1ca21431041edcb14d5f17dd4911475861cec41755502771901127f,481e8c12964102690dfb236b9333146fae9e98ba
Climate_h4,0,1157,N+S,2026,4,39.20288371615339,0ae181583e9738d212efe51f6485ea774be8c91ae2ab387649294b88cfa4b2a5,cd9df2ade1ca21431041edcb14d5f17dd4911475861cec41755502771901127f,481e8c12964102690dfb236b9333146fae9e98ba
Climate_h4,0,1158,N+S,2026,1,37.27855258735065,0ae181583e9738d212efe51f6485ea774be8c91ae2ab387649294b88cfa4b2a5,cd9df2ade1ca21431041edcb14d5f17dd4911475861cec41755502771901127f,481e8c12964102690dfb236b9333146fae9e98ba
Climate_h4,0,1158,N+S,2026,2,37.48434059435744,0ae181583e9738d212efe51f6485ea774be8c91ae2ab387649294b88cfa4b2a5,cd9df2ade1ca21431041edcb14d5f17dd4911475861cec41755502771901127f,481e8c12964102690dfb236b9333146fae9e98ba
Climate_h4,0,1158,N+S,2026,3,37.649987885603565,0ae181583e9738d212efe51f6485ea774be8c91ae2ab387649294b88cfa4b2a5,cd9df2ade1ca21431041edcb14d5f17dd4911475861cec41755502771901127f,481e8c12964102690dfb236b9333146fae9e98ba
Climate_h4,0,1158,N+S,2026,4,37.77878459564914,0ae181583e9738d212efe51f6485ea774be8c91ae2ab387649294b88cfa4b2a5,cd9df2ade1ca21431041edcb14d5f17dd4911475861cec41755502771901127f,481e8c12964102690dfb236b9333146fae9e98ba
Climate_h4,0,1159,N+S,2026,1,37.97117510501931,0ae181583e9738d212efe51f6485ea774be8c91ae2ab387649294b88cfa4b2a5,cd9df2ade1ca21431041edcb14d5f17dd4911475861cec41755502771901127f,481e8c12964102690dfb236b9333146fae9e98ba
Climate_h4,0,1159,N+S,2026,2,38.163279873438185,0ae181583e9738d212efe51f6485ea774be8c91ae2ab387649294b88cfa4b2a5,cd9df2ade1ca21431041edcb14d5f17dd4911475861cec41755502771901127f,481e8c12964102690dfb236b9333146fae9e98ba
Climate_h4,0,1159,N+S,2026,3,38.3258220692909,0ae181583e9738d212efe51f6485ea774be8c91ae2ab387649294b88cfa4b2a5,cd9df2ade1ca21431041edcb14d5f17dd4911475861cec41755502771901127f,481e8c12964102690dfb236b9333146fae9e98ba
Climate_h4,0,1159,N+S,2026,4,38.469481155479436,0ae181583e9738d212efe51f6485ea774be8c91ae2ab387649294b88cfa4b2a5,cd9df2ade1ca21431041edcb14d5f17dd4911475861cec41755502771901127f,481e8c12964102690dfb236b9333146fae9e98ba
Climate_h4,0,1160,N+S,2026,1,39.933119761887205,0ae181583e9738d212efe51f6485ea774be8c91ae2ab387649294b88cfa4b2a5,cd9df2ade1ca21431041edcb14d5f17dd4911475861cec41755502771901127f,481e8c12964102690dfb236b9333146fae9e98ba
Climate_h4,0,1160,N+S,2026,2,40.104582743167455,0ae181583e9738d212efe51f6485ea774be8c91ae2ab387649294b88cfa4b2a5,cd9df2ade1ca21431041edcb14d5f17dd4911475861cec41755502771901127f,481e8c12964102690dfb236b9333146fae9e98ba
Climate_h4,0,1160,N+S,2026,3,40.26667050949832,0ae181583e9738d212efe51f6485ea774be8c91ae2ab387649294b88cfa4b2a5,cd9df2ade1ca21431041edcb14d5f17dd4911475861cec41755502771901127f,481e8c12964102690dfb236b9333146fae9e98ba
Climate_h4,0,1160,N+S,2026,4,40.41148343061301,0ae181583e9738d212efe51f6485ea774be8c91ae2ab387649294b88cfa4b2a5,cd9df2ade1ca21431041edcb14d5f17dd4911475861cec41755502771901127f,481e8c12964102690dfb236b9333146fae9e98ba
Climate_h4,0,1161,N+S,2026,1,41.86982181412081,0ae181583e9738d212efe51f6485ea774be8c91ae2ab387649294b88cfa4b2a5,cd9df2ade1ca21431041edcb14d5f17dd4911475861cec41755502771901127f,481e8c12964102690dfb236b9333146fae9e98ba
Climate_h4,0,1161,N+S,2026,2,42.02520632054486,0ae181583e9738d212efe51f6485ea774be8c91ae2ab387649294b88cfa4b2a5,cd9df2ade1ca21431041edcb14d5f17dd4911475861cec41755502771901127f,481e8c12964102690dfb236b9333146fae9e98ba
Climate_h4,0,1161,N+S,2026,3,42.17408643092329,0ae181583e9738d212efe51f6485ea774be8c91ae2ab387649294b88cfa4b2a5,cd9df2ade1ca21431041edcb14d5f17dd4911475861cec41755502771901127f,481e8c12964102690dfb236b9333146fae9e98ba
Climate_h4,0,1161,N+S,2026,4,42.31112112939709,0ae181583e9738d212efe51f6485ea774be8c91ae2ab387649294b88cfa4b2a5,cd9df2ade1ca21431041edcb14d5f17dd4911475861cec41755502771901127f,481e8c12964102690dfb236b9333146fae9e98ba
Climate_h4,0,1162,N+S,2026,1,42.078434352900516,0ae181583e9738d212efe51f6485ea774be8c91ae2ab387649294b88cfa4b2a5,cd9df2ade1ca21431041edcb14d5f17dd4911475861cec41755502771901127f,481e8c12964102690dfb236b9333146fae9e98ba
Climate_h4,0,1162,N+S,2026,2,42.22567044204023,0ae181583e9738d212efe51f6485ea774be8c91ae2ab387649294b88cfa4b2a5,cd9df2ade1ca21431041edcb14d5f17dd4911475861cec41755502771901127f,481e8c12964102690dfb236b9333146fae9e98ba
Climate_h4,0,1162,N+S,2026,3,42.37412022668483,0ae181583e9738d212efe51f6485ea774be8c91ae2ab387649294b88cfa4b2a5,cd9df2ade1ca21431041edcb14d5f17dd4911475861cec41755502771901127f,481e8c12964102690dfb236b9333146fae9e98ba
Climate_h4,0,1162,N+S,2026,4,42.505837405867865,0ae181583e9738d212efe51f6485ea774be8c91ae2ab387649294b88cfa4b2a5,cd9df2ade1ca21431041edcb14d5f17dd4911475861cec41755502771901127f,481e8c12964102690dfb236b9333146fae9e98ba
Climate_h4,0,1163,N+S,2026,1,43.6112429299268,0ae181583e9738d212efe51f6485ea774be8c91ae2ab387649294b88cfa4b2a5,cd9df2ade1ca21431041edcb14d5f17dd4911475861cec41755502771901127f,481e8c12964102690dfb236b9333146fae9e98ba
Climate_h4,0,1163,N+S,2026,2,43.73826110353852,0ae181583e9738d212efe51f6485ea774be8c91ae2ab387649294b88cfa4b2a5,cd9df2ade1ca21431041edcb14d5f17dd4911475861cec41755502771901127f,481e8c12964102690dfb236b9333146fae9e98ba
Climate_h4,0,1163,N+S,2026,3,43.86341100935671,0ae181583e9738d212efe51f6485ea774be8c91ae2ab387649294b88cfa4b2a5,cd9df2ade1ca21431041edcb14d5f17dd4911475861cec41755502771901127f,481e8c12964102690dfb236b9333146fae9e98ba
Climate_h4,0,1163,N+S,2026,4,43.96084063828804,0ae181583e9738d212efe51f6485ea774be8c91ae2ab387649294b88cfa4b2a5,cd9df2ade1ca21431041edcb14d5f17dd4911475861cec41755502771901127f,481e8c12964102690dfb236b9333146fae9e98ba
Climate_h4,0,1164,N+S,2026,1,44.977793266348,0ae181583e9738d212efe51f6485ea774be8c91ae2ab387649294b88cfa4b2a5,cd9df2ade1ca21431041edcb14d5f17dd4911475861cec41755502771901127f,481e8c12964102690dfb236b9333146fae9e98ba
Climate_h4,0,1164,N+S,2026,2,45.095231178932465,0ae181583e9738d212efe51f6485ea774be8c91ae2ab387649294b88cfa4b2a5,cd9df2ade1ca21431041edcb14d5f17dd4911475861cec41755502771901127f,481e8c12964102690dfb236b9333146fae9e98ba
Climate_h4,0,1164,N+S,2026,3,45.19398978652996,0ae181583e9738d212efe51f6485ea774be8c91ae2ab387649294b88cfa4b2a5,cd9df2ade1ca21431041edcb14d5f17dd4911475861cec41755502771901127f,481e8c12964102690dfb236b9333146fae9e98ba
Climate_h4,0,1164,N+S,2026,4,45.27208894441285,0ae181583e9738d212efe51f6485ea774be8c91ae2ab387649294b88cfa4b2a5,cd9df2ade1ca21431041edcb14d5f17dd4911475861cec41755502771901127f,481e8c12964102690dfb236b9333146fae9e98ba
Climate_h4,0,1165,N+S,2026,1,45.916249985055714,0ae181583e9738d212efe51f6485ea774be8c91ae2ab387649294b88cfa4b2a5,cd9df2ade1ca21431041edcb14d5f17dd4911475861cec41755502771901127f,481e8c12964102690dfb236b9333146fae9e98ba
Climate_h4,0,1165,N+S,2026,2,46.00691657396285,0ae181583e9738d212efe51f6485ea774be8c91ae2ab387649294b88cfa4b2a5,cd9df2ade1ca21431041edcb14d5f17dd4911475861cec41755502771901127f,481e8c12964102690dfb236b9333146fae9e98ba
Climate_h4,0,1165,N+S,2026,3,46.08086785408043,0ae181583e9738d212efe51f6485ea774be8c91ae2ab387649294b88cfa4b2a5,cd9df2ade1ca21431041edcb14d5f17dd4911475861cec41755502771901127f,481e8c12964102690dfb236b9333146fae9e98ba
Climate_h4,0,1165,N+S,2026,4,46.12986313319227,0ae181583e9738d212efe51f6485ea774be8c91ae2ab387649294b88cfa4b2a5,cd9df2ade1ca21431041edcb14d5f17dd4911475861cec41755502771901127f,481e8c12964102690dfb236b9333146fae9e98ba
Climate_h4,0,1166,N+S,2026,1,46.051786037921595,0ae181583e9738d212efe51f6485ea774be8c91ae2ab387649294b88cfa4b2a5,cd9df2ade1ca21431041edcb14d5f17dd4911475861cec41755502771901127f,481e8c12964102690dfb236b9333146fae9e98ba
Climate_h4,0,1166,N+S,2026,2,46.12238630059235,0ae181583e9738d212efe51f6485ea774be8c91ae2ab387649294b88cfa4b2a5,cd9df2ade1ca21431041edcb14d5f17dd4911475861cec41755502771901127f,481e8c12964102690dfb236b9333146fae9e98ba
Climate_h4,0,1166,N+S,2026,3,46.176906936896906,0ae181583e9738d212efe51f6485ea774be8c91ae2ab387649294b88cfa4b2a5,cd9df2ade1ca21431041edcb14d5f17dd4911475861cec41755502771901127f,481e8c12964102690dfb236b9333146fae9e98ba
Climate_h4,0,1166,N+S,2026,4,46.217433165046295,0ae181583e9738d212efe51f6485ea774be8c91ae2ab387649294b88cfa4b2a5,cd9df2ade1ca21431041edcb14d5f17dd4911475861cec41755502771901127f,481e8c12964102690dfb236b9333146fae9e98ba
Climate_h4,0,1167,N+S,2026,1,48.2714608032743,0ae181583e9738d212efe51f6485ea774be8c91ae2ab387649294b88cfa4b2a5,cd9df2ade1ca21431041edcb14d5f17dd4911475861cec41755502771901127f,481e8c12964102690dfb236b9333146fae9e98ba
Climate_h4,0,1167,N+S,2026,2,48.309937082669975,0ae181583e9738d212efe51f6485ea774be8c91ae2ab387649294b88cfa4b2a5,cd9df2ade1ca21431041edcb14d5f17dd4911475861cec41755502771901127f,481e8c12964102690dfb236b9333146fae9e98ba
Climate_h4,0,1167,N+S,2026,3,48.347309592604184,0ae181583e9738d212efe51f6485ea774be8c91ae2ab387649294b88cfa4b2a5,cd9df2ade1ca21431041edcb14d5f17dd4911475861cec41755502771901127f,481e8c12964102690dfb236b9333146fae9e98ba
Climate_h4,0,1167,N+S,2026,4,48.359835898486274,0ae181583e9738d212efe51f6485ea774be8c91ae2ab387649294b88cfa4b2a5,cd9df2ade1ca21431041edcb14d5f17dd4911475861cec41755502771901127f,481e8c12964102690dfb236b9333146fae9e98ba
Climate_h4,0,1168,N+S,2026,1,46.62108852629469,0ae181583e9738d212efe51f6485ea774be8c91ae2ab387649294b88cfa4b2a5,cd9df2ade1ca21431041edcb14d5f17dd4911475861cec41755502771901127f,481e8c12964102690dfb236b9333146fae9e98ba
Climate_h4,0,1168,N+S,2026,2,46.65624560742726,0ae181583e9738d212efe51f6485ea774be8c91ae2ab387649294b88cfa4b2a5,cd9df2ade1ca21431041edcb14d5f17dd4911475861cec41755502771901127f,481e8c12964102690dfb236b9333146fae9e98ba
Climate_h4,0,1168,N+S,2026,3,46.679876943062006,0ae181583e9738d212efe51f6485ea774be8c91ae2ab387649294b88cfa4b2a5,cd9df2ade1ca21431041edcb14d5f17dd4911475861cec41755502771901127f,481e8c12964102690dfb236b9333146fae9e98ba
Climate_h4,0,1168,N+S,2026,4,46.69549636177042,0ae181583e9738d212efe51f6485ea774be8c91ae2ab387649294b88cfa4b2a5,cd9df2ade1ca21431041edcb14d5f17dd4911475861cec41755502771901127f,481e8c12964102690dfb236b9333146fae9e98ba
Climate_h4,0,1169,N+S,2026,1,46.66504425816858,0ae181583e9738d212efe51f6485ea774be8c91ae2ab387649294b88cfa4b2a5,cd9df2ade1ca21431041edcb14d5f17dd4911475861cec41755502771901127f,481e8c12964102690dfb236b9333146fae9e98ba
Climate_h4,0,1169,N+S,2026,2,46.69037222971727,0ae181583e9738d212efe51f6485ea774be8c91ae2ab387649294b88cfa4b2a5,cd9df2ade1ca21431041edcb14d5f17dd4911475861cec41755502771901127f,481e8c12964102690dfb236b9333146fae9e98ba
Climate_h4,0,1169,N+S,2026,3,46.719562462387735,0ae181583e9738d212efe51f6485ea774be8c91ae2ab387649294b88cfa4b2a5,cd9df2ade1ca21431041edcb14d5f17dd4911475861cec41755502771901127f,481e8c12964102690dfb236b9333146fae9e98ba
Climate_h4,0,1169,N+S,2026,4,46.74794497670832,0ae181583e9738d212efe51f6485ea774be8c91ae2ab387649294b88cfa4b2a5,cd9df2ade1ca21431041edcb14d5f17dd4911475861cec41755502771901127f,481e8c12964102690dfb236b9333146fae9e98ba
Climate_h4,0,1170,N+S,2026,1,48.456152086249446,0ae181583e9738d212efe51f6485ea774be8c91ae2ab387649294b88cfa4b2a5,cd9df2ade1ca21431041edcb14d5f17dd4911475861cec41755502771901127f,481e8c12964102690dfb236b9333146fae9e98ba
Climate_h4,0,1170,N+S,2026,2,48.467560943222274,0ae181583e9738d212efe51f6485ea774be8c91ae2ab387649294b88cfa4b2a5,cd9df2ade1ca21431041edcb14d5f17dd4911475861cec41755502771901127f,481e8c12964102690dfb236b9333146fae9e98ba
Climate_h4,0,1170,N+S,2026,3,48.49163366926648,0ae181583e9738d212efe51f6485ea774be8c91ae2ab387649294b88cfa4b2a5,cd9df2ade1ca21431041edcb14d5f17dd4911475861cec41755502771901127f,481e8c12964102690dfb236b9333146fae9e98ba
Climate_h4,0,1170,N+S,2026,4,48.53511165122031,0ae181583e9738d212efe51f6485ea774be8c91ae2ab387649294b88cfa4b2a5,cd9df2ade1ca21431041edcb14d5f17dd4911475861cec41755502771901127f,481e8c12964102690dfb236b9333146fae9e98ba
Climate_h4,0,1171,N+S,2026,1,45.11923948378905,0ae181583e9738d212efe51f6485ea774be8c91ae2ab387649294b88cfa4b2a5,cd9df2ade1ca21431041edcb14d5f17dd4911475861cec41755502771901127f,481e8c12964102690dfb236b9333146fae9e98ba
Climate_h4,0,1171,N+S,2026,2,45.155268639964696,0ae181583e9738d212efe51f6485ea774be8c91ae2ab387649294b88cfa4b2a5,cd9df2ade1ca21431041edcb14d5f17dd4911475861cec41755502771901127f,481e8c12964102690dfb236b9333146fae9e98ba
Climate_h4,0,1171,N+S,2026,3,45.22137363314593,0ae181583e9738d212efe51f6485ea774be8c91ae2ab387649294b88cfa4b2a5,cd9df2ade1ca21431041edcb14d5f17dd4911475861cec41755502771901127f,481e8c12964102690dfb236b9333146fae9e98ba
Climate_h4,0,1171,N+S,2026,4,45.32418559362066,0ae181583e9738d212efe51f6485ea774be8c91ae2ab387649294b88cfa4b2a5,cd9df2ade1ca21431041edcb14d5f17dd4911475861cec41755502771901127f,481e8c12964102690dfb236b9333146fae9e98ba
Climate_h4,0,1172,N+S,2026,1,44.84287165114363,0ae181583e9738d212efe51f6485ea774be8c91ae2ab387649294b88cfa4b2a5,cd9df2ade1ca21431041edcb14d5f17dd4911475861cec41755502771901127f,481e8c12964102690dfb236b9333146fae9e98ba
Climate_h4,0,1172,N+S,2026,2,44.92252745721727,0ae181583e9738d212efe51f6485ea774be8c91ae2ab387649294b88cfa4b2a5,cd9df2ade1ca21431041edcb14d5f17dd4911475861cec41755502771901127f,481e8c12964102690dfb236b9333146fae9e98ba
Climate_h4,0,1172,N+S,2026,3,45.04711998424145,0ae181583e9738d212efe51f6485ea774be8c91ae2ab387649294b88cfa4b2a5,cd9df2ade1ca21431041edcb14d5f17dd4911475861cec41755502771901127f,481e8c12964102690dfb236b9333146fae9e98ba
Climate_h4,0,1172,N+S,2026,4,45.21379064098049,0ae181583e9738d212efe51f6485ea774be8c91ae2ab387649294b88cfa4b2a5,cd9df2ade1ca21431041edcb14d5f17dd4911475861cec41755502771901127f,481e8c12964102690dfb236b9333146fae9e98ba
Climate_h4,0,1173,N+S,2026,1,40.267525395113154,0ae181583e9738d212efe51f6485ea774be8c91ae2ab387649294b88cfa4b2a5,cd9df2ade1ca21431041edcb14d5f17dd4911475861cec41755502771901127f,481e8c12964102690dfb236b9333146fae9e98ba
Climate_h4,0,1173,N+S,2026,2,40.42952749334019,0ae181583e9738d212efe51f6485ea774be8c91ae2ab387649294b88cfa4b2a5,cd9df2ade1ca21431041edcb14d5f17dd4911475861cec41755502771901127f,481e8c12964102690dfb236b9333146fae9e98ba
Climate_h4,0,1173,N+S,2026,3,40.63822851034727,0ae181583e9738d212efe51f6485ea774be8c91ae2ab387649294b88cfa4b2a5,cd9df2ade1ca21431041edcb14d5f17dd4911475861cec41755502771901127f,481e8c12964102690dfb236b9333146fae9e98ba
Climate_h4,0,1173,N+S,2026,4,40.88390152399435,0ae181583e9738d212efe51f6485ea774be8c91ae2ab387649294b88cfa4b2a5,cd9df2ade1ca21431041edcb14d5f17dd4911475861cec41755502771901127f,481e8c12964102690dfb236b9333146fae9e98ba
Climate_h4,0,1174,N+S,2026,1,35.14405453014552,0ae181583e9738d212efe51f6485ea774be8c91ae2ab387649294b88cfa4b2a5,cd9df2ade1ca21431041edcb14d5f17dd4911475861cec41755502771901127f,481e8c12964102690dfb236b9333146fae9e98ba
Climate_h4,0,1174,N+S,2026,2,35.41719912607245,0ae181583e9738d212efe51f6485ea774be8c91ae2ab387649294b88cfa4b2a5,cd9df2ade1ca21431041edcb14d5f17dd4911475861cec41755502771901127f,481e8c12964102690dfb236b9333146fae9e98ba
Climate_h4,0,1174,N+S,2026,3,35.7304163749139,0ae181583e9738d212efe51f6485ea774be8c91ae2ab387649294b88cfa4b2a5,cd9df2ade1ca21431041edcb14d5f17dd4911475861cec41755502771901127f,481e8c12964102690dfb236b9333146fae9e98ba
Climate_h4,0,1174,N+S,2026,4,36.06468271695442,0ae181583e9738d212efe51f6485ea774be8c91ae2ab387649294b88cfa4b2a5,cd9df2ade1ca21431041edcb14d5f17dd4911475861cec41755502771901127f,481e8c12964102690dfb236b9333146fae9e98ba
Climate_h4,0,1175,N+S,2026,1,34.19733110947406,0ae181583e9738d212efe51f6485ea774be8c91ae2ab387649294b88cfa4b2a5,cd9df2ade1ca21431041edcb14d5f17dd4911475861cec41755502771901127f,481e8c12964102690dfb236b9333146fae9e98ba
Climate_h4,0,1175,N+S,2026,2,34.5647174550468,0ae181583e9738d212efe51f6485ea774be8c91ae2ab387649294b88cfa4b2a5,cd9df2ade1ca21431041edcb14d5f17dd4911475861cec41755502771901127f,481e8c12964102690dfb236b9333146fae9e98ba
Climate_h4,0,1175,N+S,2026,3,34.947558606064284,0ae181583e9738d212efe51f6485ea774be8c91ae2ab387649294b88cfa4b2a5,cd9df2ade1ca21431041edcb14d5f17dd4911475861cec41755502771901127f,481e8c12964102690dfb236b9333146fae9e98ba
Climate_h4,0,1175,N+S,2026,4,35.353988557007646,0ae181583e9738d212efe51f6485ea774be8c91ae2ab387649294b88cfa4b2a5,cd9df2ade1ca21431041edcb14d5f17dd4911475861cec41755502771901127f,481e8c12964102690dfb236b9333146fae9e98ba
Climate_h4,0,1176,N+S,2026,1,35.698678942173544,0ae181583e9738d212efe51f6485ea774be8c91ae2ab387649294b88cfa4b2a5,cd9df2ade1ca21431041edcb14d5f17dd4911475861cec41755502771901127f,481e8c12964102690dfb236b9333146fae9e98ba
Climate_h4,0,1176,N+S,2026,2,36.116420843878444,0ae181583e9738d212efe51f6485ea774be8c91ae2ab387649294b88cfa4b2a5,cd9df2ade1ca21431041edcb14d5f17dd4911475861cec41755502771901127f,481e8c12964102690dfb236b9333146fae9e98ba
Climate_h4,0,1176,N+S,2026,3,36.54919743110062,0ae181583e9738d212efe51f6485ea774be8c91ae2ab387649294b88cfa4b2a5,cd9df2ade1ca21431041edcb14d5f17dd4911475861cec41755502771901127f,481e8c12964102690dfb236b9333146fae9e98ba
Climate_h4,0,1176,N+S,2026,4,37.00891266807759,0ae181583e9738d212efe51f6485ea774be8c91ae2ab387649294b88cfa4b2a5,cd9df2ade1ca21431041edcb14d5f17dd4911475861cec41755502771901127f,481e8c12964102690dfb236b9333146fae9e98ba
Climate_h4,0,1177,N+S,2026,1,37.11183990464564,0ae181583e9738d212efe51f6485ea774be8c91ae2ab387649294b88cfa4b2a5,cd9df2ade1ca21431041edcb14d5f17dd4911475861cec41755502771901127f,481e8c12964102690dfb236b9333146fae9e98ba
Climate_h4,0,1177,N+S,2026,2,37.57900892083001,0ae181583e9738d212efe51f6485ea774be8c91ae2ab387649294b88cfa4b2a5,cd9df2ade1ca21431041edcb14d5f17dd4911475861cec41755502771901127f,481e8c12964102690dfb236b9333146fae9e98ba
Climate_h4,0,1177,N+S,2026,3,38.06340265304589,0ae181583e9738d212efe51f6485ea774be8c91ae2ab387649294b88cfa4b2a5,cd9df2ade1ca21431041edcb14d5f17dd4911475861cec41755502771901127f,481e8c12964102690dfb236b9333146fae9e98ba
Climate_h4,0,1177,N+S,2026,4,38.58407023450117,0ae181583e9738d212efe51f6485ea774be8c91ae2ab387649294b88cfa4b2a5,cd9df2ade1ca21431041edcb14d5f17dd4911475861cec41755502771901127f,481e8c12964102690dfb236b9333146fae9e98ba
Climate_h4,0,1178,N+S,2026,1,40.06873932171316,0ae181583e9738d212efe51f6485ea774be8c91ae2ab387649294b88cfa4b2a5,cd9df2ade1ca21431041edcb14d5f17dd4911475861cec41755502771901127f,481e8c12964102690dfb236b9333146fae9e98ba
Climate_h4,0,1178,N+S,2026,2,40.565221221125746,0ae181583e9738d212efe51f6485ea774be8c91ae2ab387649294b88cfa4b2a5,cd9df2ade1ca21431041edcb14d5f17dd4911475861cec41755502771901127f,481e8c12964102690dfb236b9333146fae9e98ba
Climate_h4,0,1178,N+S,2026,3,41.087642478706236,0ae181583e9738d212efe51f6485ea774be8c91ae2ab387649294b88cfa4b2a5,cd9df2ade1ca21431041edcb14d5f17dd4911475861cec41755502771901127f,481e8c12964102690dfb236b9333146fae9e98ba
Climate_h4,0,1178,N+S,2026,4,41.64520758693253,0ae181583e9738d212efe51f6485ea774be8c91ae2ab387649294b88cfa4b2a5,cd9df2ade1ca21431041edcb14d5f17dd4911475861cec41755502771901127f,481e8c12964102690dfb236b9333146fae9e98ba
Climate_h4,0,1179,N+S,2026,1,43.7618158784018,0ae181583e9738d212efe51f6485ea774be8c91ae2ab387649294b88cfa4b2a5,cd9df2ade1ca21431041edcb14d5f17dd4911475861cec41755502771901127f,481e8c12964102690dfb236b9333146fae9e98ba
Climate_h4,0,1179,N+S,2026,2,44.28137799333002,0ae181583e9738d212efe51f6485ea774be8c91ae2ab387649294b88cfa4b2a5,cd9df2ade1ca21431041edcb14d5f17dd4911475861cec41755502771901127f,481e8c12964102690dfb236b9333146fae9e98ba
Climate_h4,0,1179,N+S,2026,3,44.823962298778795,0ae181583e9738d212efe51f6485ea774be8c91ae2ab387649294b88cfa4b2a5,cd9df2ade1ca21431041edcb14d5f17dd4911475861cec41755502771901127f,481e8c12964102690dfb236b9333146fae9e98ba
Climate_h4,0,1179,N+S,2026,4,45.38339673897162,0ae181583e9738d212efe51f6485ea774be8c91ae2ab387649294b88cfa4b2a5,cd9df2ade1ca21431041edcb14d5f17dd4911475861cec41755502771901127f,481e8c12964102690dfb236b9333146fae9e98ba
Climate_h4,0,1180,N+S,2026,1,45.06901264026219,0ae181583e9738d212efe51f6485ea774be8c91ae2ab387649294b88cfa4b2a5,cd9df2ade1ca21431041edcb14d5f17dd4911475861cec41755502771901127f,481e8c12964102690dfb236b9333146fae9e98ba
Climate_h4,0,1180,N+S,2026,2,45.60980218183186,0ae181583e9738d212efe51f6485ea774be8c91ae2ab387649294b88cfa4b2a5,cd9df2ade1ca21431041edcb14d5f17dd4911475861cec41755502771901127f,481e8c12964102690dfb236b9333146fae9e98ba
Climate_h4,0,1180,N+S,2026,3,46.15481082151794,0ae181583e9738d212efe51f6485ea774be8c91ae2ab387649294b88cfa4b2a5,cd9df2ade1ca21431041edcb14d5f17dd4911475861cec41755502771901127f,481e8c12964102690dfb236b9333146fae9e98ba
Climate_h4,0,1180,N+S,2026,4,46.702952193910214,0ae181583e9738d212efe51f6485ea774be8c91ae2ab387649294b88cfa4b2a5,cd9df2ade1ca21431041edcb14d5f17dd4911475861cec41755502771901127f,481e8c12964102690dfb236b9333146fae9e98ba
Climate_h4,0,1181,N+S,2026,1,44.23625813341495,0ae181583e9738d212efe51f6485ea774be8c91ae2ab387649294b88cfa4b2a5,cd9df2ade1ca21431041edcb14d5f17dd4911475861cec41755502771901127f,481e8c12964102690dfb236b9333146fae9e98ba
Climate_h4,0,1181,N+S,2026,2,44.78114454684295,0ae181583e9738d212efe51f6485ea774be8c91ae2ab387649294b88cfa4b2a5,cd9df2ade1ca21431041edcb14d5f17dd4911475861cec41755502771901127f,481e8c12964102690dfb236b9333146fae9e98ba
Climate_h4,0,1181,N+S,2026,3,45.3194357589229,0ae181583e9738d212efe51f6485ea774be8c91ae2ab387649294b88cfa4b2a5,cd9df2ade1ca21431041edcb14d5f17dd4911475861cec41755502771901127f,481e8c12964102690dfb236b9333146fae9e98ba
Climate_h4,0,1181,N+S,2026,4,45.84690819896318,0ae181583e9738d212efe51f6485ea774be8c91ae2ab387649294b88cfa4b2a5,cd9df2ade1ca21431041edcb14d5f17dd4911475861cec41755502771901127f,481e8c12964102690dfb236b9333146fae9e98ba
Climate_h4,0,1182,N+S,2026,1,46.23552891377231,0ae181583e9738d212efe51f6485ea774be8c91ae2ab387649294b88cfa4b2a5,cd9df2ade1ca21431041edcb14d5f17dd4911475861cec41755502771901127f,481e8c12964102690dfb236b9333146fae9e98ba
Climate_h4,0,1182,N+S,2026,2,46.768239149972864,0ae181583e9738d212efe51f6485ea774be8c91ae2ab387649294b88cfa4b2a5,cd9df2ade1ca21431041edcb14d5f17dd4911475861cec41755502771901127f,481e8c12964102690dfb236b9333146fae9e98ba
Climate_h4,0,1182,N+S,2026,3,47.28739807226392,0ae181583e9738d212efe51f6485ea774be8c91ae2ab387649294b88cfa4b2a5,cd9df2ade1ca21431041edcb14d5f17dd4911475861cec41755502771901127f,481e8c12964102690dfb236b9333146fae9e98ba
Climate_h4,0,1182,N+S,2026,4,47.78959736153,0ae181583e9738d212efe51f6485ea774be8c91ae2ab387649294b88cfa4b2a5,cd9df2ade1ca21431041edcb14d5f17dd4911475861cec41755502771901127f,481e8c12964102690dfb236b9333146fae9e98ba
Climate_h4,0,1183,N+S,2026,1,46.181526591279145,0ae181583e9738d212efe51f6485ea774be8c91ae2ab387649294b88cfa4b2a5,cd9df2ade1ca21431041edcb14d5f17dd4911475861cec41755502771901127f,481e8c12964102690dfb236b9333146fae9e98ba
Climate_h4,0,1183,N+S,2026,2,46.692592345704995,0ae181583e9738d212efe51f6485ea774be8c91ae2ab387649294b88cfa4b2a5,cd9df2ade1ca21431041edcb14d5f17dd4911475861cec41755502771901127f,481e8c12964102690dfb236b9333146fae9e98ba
Climate_h4,0,1183,N+S,2026,3,47.18941140912399,0ae181583e9738d212efe51f6485ea774be8c91ae2ab387649294b88cfa4b2a5,cd9df2ade1ca21431041edcb14d5f17dd4911475861cec41755502771901127f,481e8c12964102690dfb236b9333146fae9e98ba
Climate_h4,0,1183,N+S,2026,4,47.6367848979611,0ae181583e9738d212efe51f6485ea774be8c91ae2ab387649294b88cfa4b2a5,cd9df2ade1ca21431041edcb14d5f17dd4911475861cec41755502771901127f,481e8c12964102690dfb236b9333146fae9e98ba
Climate_h4,0,1184,N+S,2026,1,46.98422545284294,0ae181583e9738d212efe51f6485ea774be8c91ae2ab387649294b88cfa4b2a5,cd9df2ade1ca21431041edcb14d5f17dd4911475861cec41755502771901127f,481e8c12964102690dfb236b9333146fae9e98ba
Climate_h4,0,1184,N+S,2026,2,47.467471040602625,0ae181583e9738d212efe51f6485ea774be8c91ae2ab387649294b88cfa4b2a5,cd9df2ade1ca21431041edcb14d5f17dd4911475861cec41755502771901127f,481e8c12964102690dfb236b9333146fae9e98ba
Climate_h4,0,1184,N+S,2026,3,47.90690019986795,0ae181583e9738d212efe51f6485ea774be8c91ae2ab387649294b88cfa4b2a5,cd9df2ade1ca21431041edcb14d5f17dd4911475861cec41755502771901127f,481e8c12964102690dfb236b9333146fae9e98ba
Climate_h4,0,1184,N+S,2026,4,48.291025372608026,0ae181583e9738d212efe51f6485ea774be8c91ae2ab387649294b88cfa4b2a5,cd9df2ade1ca21431041edcb14d5f17dd4911475861cec41755502771901127f,481e8c12964102690dfb236b9333146fae9e98ba
Climate_h4,0,1185,N+S,2026,1,44.85853665667937,0ae181583e9738d212efe51f6485ea774be8c91ae2ab387649294b88cfa4b2a5,cd9df2ade1ca21431041edcb14d5f17dd4911475861cec41755502771901127f,481e8c12964102690dfb236b9333146fae9e98ba
Climate_h4,0,1185,N+S,2026,2,45.30676003508191,0ae181583e9738d212efe51f6485ea774be8c91ae2ab387649294b88cfa4b2a5,cd9df2ade1ca21431041edcb14d5f17dd4911475861cec41755502771901127f,481e8c12964102690dfb236b9333146fae9e98ba
Climate_h4,0,1185,N+S,2026,3,45.70172869903348,0ae181583e9738d212efe51f6485ea774be8c91ae2ab387649294b88cfa4b2a5,cd9df2ade1ca21431041edcb14d5f17dd4911475861cec41755502771901127f,481e8c12964102690dfb236b9333146fae9e98ba
Climate_h4,0,1185,N+S,2026,4,46.045408448272454,0ae181583e9738d212efe51f6485ea774be8c91ae2ab387649294b88cfa4b2a5,cd9df2ade1ca21431041edcb14d5f17dd4911475861cec41755502771901127f,481e8c12964102690dfb236b9333146fae9e98ba
Climate_h4,0,1186,N+S,2026,1,42.544095313520465,0ae181583e9738d212efe51f6485ea774be8c91ae2ab387649294b88cfa4b2a5,cd9df2ade1ca21431041edcb14d5f17dd4911475861cec41755502771901127f,481e8c12964102690dfb236b9333146fae9e98ba
Climate_h4,0,1186,N+S,2026,2,42.96831425368141,0ae181583e9738d212efe51f6485ea774be8c91ae2ab387649294b88cfa4b2a5,cd9df2ade1ca21431041edcb14d5f17dd4911475861cec41755502771901127f,481e8c12964102690dfb236b9333146fae9e98ba
Climate_h4,0,1186,N+S,2026,3,43.33838795134247,0ae181583e9738d212efe51f6485ea774be8c91ae2ab387649294b88cfa4b2a5,cd9df2ade1ca21431041edcb14d5f17dd4911475861cec41755502771901127f,481e8c12964102690dfb236b9333146fae9e98ba
Climate_h4,0,1186,N+S,2026,4,43.65441181407639,0ae181583e9738d212efe51f6485ea774be8c91ae2ab387649294b88cfa4b2a5,cd9df2ade1ca21431041edcb14d5f17dd4911475861cec41755502771901127f,481e8c12964102690dfb236b9333146fae9e98ba
Climate_h4,0,1187,N+S,2026,1,37.35880894646228,0ae181583e9738d212efe51f6485ea774be8c91ae2ab387649294b88cfa4b2a5,cd9df2ade1ca21431041edcb14d5f17dd4911475861cec41755502771901127f,481e8c12964102690dfb236b9333146fae9e98ba
Climate_h4,0,1187,N+S,2026,2,37.78976784144925,0ae181583e9738d212efe51f6485ea774be8c91ae2ab387649294b88cfa4b2a5,cd9df2ade1ca21431041edcb14d5f17dd4911475861cec41755502771901127f,481e8c12964102690dfb236b9333146fae9e98ba
Climate_h4,0,1187,N+S,2026,3,38.15787772582827,0ae181583e9738d212efe51f6485ea774be8c91ae2ab387649294b88cfa4b2a5,cd9df2ade1ca21431041edcb14d5f17dd4911475861cec41755502771901127f,481e8c12964102690dfb236b9333146fae9e98ba
Climate_h4,0,1187,N+S,2026,4,38.48679308991942,0ae181583e9738d212efe51f6485ea774be8c91ae2ab387649294b88cfa4b2a5,cd9df2ade1ca21431041edcb14d5f17dd4911475861cec41755502771901127f,481e8c12964102690dfb236b9333146fae9e98ba
Climate_h4,0,1188,N+S,2026,1,35.60696223420918,0ae181583e9738d212efe51f6485ea774be8c91ae2ab387649294b88cfa4b2a5,cd9df2ade1ca21431041edcb14d5f17dd4911475861cec41755502771901127f,481e8c12964102690dfb236b9333146fae9e98ba
Climate_h4,0,1188,N+S,2026,2,36.03677285123709,0ae181583e9738d212efe51f6485ea774be8c91ae2ab387649294b88cfa4b2a5,cd9df2ade1ca21431041edcb14d5f17dd4911475861cec41755502771901127f,481e8c12964102690dfb236b9333146fae9e98ba
Climate_h4,0,1188,N+S,2026,3,36.41809607649095,0ae181583e9738d212efe51f6485ea774be8c91ae2ab387649294b88cfa4b2a5,cd9df2ade1ca21431041edcb14d5f17dd4911475861cec41755502771901127f,481e8c12964102690dfb236b9333146fae9e98ba
Climate_h4,0,1188,N+S,2026,4,36.77816813691406,0ae181583e9738d212efe51f6485ea774be8c91ae2ab387649294b88cfa4b2a5,cd9df2ade1ca21431041edcb14d5f17dd4911475861cec41755502771901127f,481e8c12964102690dfb236b9333146fae9e98ba
Climate_h4,0,1189,N+S,2026,1,31.947918722998523,0ae181583e9738d212efe51f6485ea774be8c91ae2ab387649294b88cfa4b2a5,cd9df2ade1ca21431041edcb14d5f17dd4911475861cec41755502771901127f,481e8c12964102690dfb236b9333146fae9e98ba
Climate_h4,0,1189,N+S,2026,2,32.3984764762962,0ae181583e9738d212efe51f6485ea774be8c91ae2ab387649294b88cfa4b2a5,cd9df2ade1ca21431041edcb14d5f17dd4911475861cec41755502771901127f,481e8c12964102690dfb236b9333146fae9e98ba
Climate_h4,0,1189,N+S,2026,3,32.817498230703485,0ae181583e9738d212efe51f6485ea774be8c91ae2ab387649294b88cfa4b2a5,cd9df2ade1ca21431041edcb14d5f17dd4911475861cec41755502771901127f,481e8c12964102690dfb236b9333146fae9e98ba
Climate_h4,0,1189,N+S,2026,4,33.2215026200756,0ae181583e9738d212efe51f6485ea774be8c91ae2ab387649294b88cfa4b2a5,cd9df2ade1ca21431041edcb14d5f17dd4911475861cec41755502771901127f,481e8c12964102690dfb236b9333146fae9e98ba
Climate_h4,0,1190,N+S,2026,1,31.58596332731908,0ae181583e9738d212efe51f6485ea774be8c91ae2ab387649294b88cfa4b2a5,cd9df2ade1ca21431041edcb14d5f17dd4911475861cec41755502771901127f,481e8c12964102690dfb236b9333146fae9e98ba
Climate_h4,0,1190,N+S,2026,2,32.06714048975261,0ae181583e9738d212efe51f6485ea774be8c91ae2ab387649294b88cfa4b2a5,cd9df2ade1ca21431041edcb14d5f17dd4911475861cec41755502771901127f,481e8c12964102690dfb236b9333146fae9e98ba
Climate_h4,0,1190,N+S,2026,3,32.52393497809098,0ae181583e9738d212efe51f6485ea774be8c91ae2ab387649294b88cfa4b2a5,cd9df2ade1ca21431041edcb14d5f17dd4911475861cec41755502771901127f,481e8c12964102690dfb236b9333146fae9e98ba
Climate_h4,0,1190,N+S,2026,4,32.969615808791666,0ae181583e9738d212efe51f6485ea774be8c91ae2ab387649294b88cfa4b2a5,cd9df2ade1ca21431041edcb14d5f17dd4911475861cec41755502771901127f,481e8c12964102690dfb236b9333146fae9e98ba
Climate_h4,0,1191,N+S,2026,1,29.754948231181334,0ae181583e9738d212efe51f6485ea774be8c91ae2ab387649294b88cfa4b2a5,cd9df2ade1ca21431041edcb14d5f17dd4911475861cec41755502771901127f,481e8c12964102690dfb236b9333146fae9e98ba
Climate_h4,0,1191,N+S,2026,2,30.277586142692957,0ae181583e9738d212efe51f6485ea774be8c91ae2ab387649294b88cfa4b2a5,cd9df2ade1ca21431041edcb14d5f17dd4911475861cec41755502771901127f,481e8c12964102690dfb236b9333146fae9e98ba
Climate_h4,0,1191,N+S,2026,3,30.78505090950186,0ae181583e9738d212efe51f6485ea774be8c91ae2ab387649294b88cfa4b2a5,cd9df2ade1ca21431041edcb14d5f17dd4911475861cec41755502771901127f,481e8c12964102690dfb236b9333146fae9e98ba
Climate_h4,0,1191,N+S,2026,4,31.292672753307983,0ae181583e9738d212efe51f6485ea774be8c91ae2ab387649294b88cfa4b2a5,cd9df2ade1ca21431041edcb14d5f17dd4911475861cec41755502771901127f,481e8c12964102690dfb236b9333146fae9e98ba
Climate_h4,0,1192,N+S,2026,1,29.124625765264835,0ae181583e9738d212efe51f6485ea774be8c91ae2ab387649294b88cfa4b2a5,cd9df2ade1ca21431041edcb14d5f17dd4911475861cec41755502771901127f,481e8c12964102690dfb236b9333146fae9e98ba
Climate_h4,0,1192,N+S,2026,2,29.684195317615682,0ae181583e9738d212efe51f6485ea774be8c91ae2ab387649294b88cfa4b2a5,cd9df2ade1ca21431041edcb14d5f17dd4911475861cec41755502771901127f,481e8c12964102690dfb236b9333146fae9e98ba
Climate_h4,0,1192,N+S,2026,3,30.237658847414504,0ae181583e9738d212efe51f6485ea774be8c91ae2ab387649294b88cfa4b2a5,cd9df2ade1ca21431041edcb14d5f17dd4911475861cec41755502771901127f,481e8c12964102690dfb236b9333146fae9e98ba
Climate_h4,0,1192,N+S,2026,4,30.777336729813182,0ae181583e9738d212efe51f6485ea774be8c91ae2ab387649294b88cfa4b2a5,cd9df2ade1ca21431041edcb14d5f17dd4911475861cec41755502771901127f,481e8c12964102690dfb236b9333146fae9e98ba
Climate_h4,0,1193,N+S,2026,1,29.398838101372345,0ae181583e9738d212efe51f6485ea774be8c91ae2ab387649294b88cfa4b2a5,cd9df2ade1ca21431041edcb14d5f17dd4911475861cec41755502771901127f,481e8c12964102690dfb236b9333146fae9e98ba
Climate_h4,0,1193,N+S,2026,2,29.990839051733246,0ae181583e9738d212efe51f6485ea774be8c91ae2ab387649294b88cfa4b2a5,cd9df2ade1ca21431041edcb14d5f17dd4911475861cec41755502771901127f,481e8c12964102690dfb236b9333146fae9e98ba
Climate_h4,0,1193,N+S,2026,3,30.56440224835118,0ae181583e9738d212efe51f6485ea774be8c91ae2ab387649294b88cfa4b2a5,cd9df2ade1ca21431041edcb14d5f17dd4911475861cec41755502771901127f,481e8c12964102690dfb236b9333146fae9e98ba
Climate_h4,0,1193,N+S,2026,4,31.116040682112665,0ae181583e9738d212efe51f6485ea774be8c91ae2ab387649294b88cfa4b2a5,cd9df2ade1ca21431041edcb14d5f17dd4911475861cec41755502771901127f,481e8c12964102690dfb236b9333146fae9e98ba
Climate_h4,0,1194,N+S,2026,1,32.05084547573129,0ae181583e9738d212efe51f6485ea774be8c91ae2ab387649294b88cfa4b2a5,cd9df2ade1ca21431041edcb14d5f17dd4911475861cec41755502771901127f,481e8c12964102690dfb236b9333146fae9e98ba
Climate_h4,0,1194,N+S,2026,2,32.638943450390656,0ae181583e9738d212efe51f6485ea774be8c91ae2ab387649294b88cfa4b2a5,cd9df2ade1ca21431041edcb14d5f17dd4911475861cec41755502771901127f,481e8c12964102690dfb236b9333146fae9e98ba
Climate_h4,0,1194,N+S,2026,3,33.20118629594655,0ae181583e9738d212efe51f6485ea774be8c91ae2ab387649294b88cfa4b2a5,cd9df2ade1ca21431041edcb14d5f17dd4911475861cec41755502771901127f,481e8c12964102690dfb236b9333146fae9e98ba
Climate_h4,0,1194,N+S,2026,4,33.73045144321358,0ae181583e9738d212efe51f6485ea774be8c91ae2ab387649294b88cfa4b2a5,cd9df2ade1ca21431041edcb14d5f17dd4911475861cec41755502771901127f,481e8c12964102690dfb236b9333146fae9e98ba
Climate_h4,0,1195,N+S,2026,1,32.155950099554914,0ae181583e9738d212efe51f6485ea774be8c91ae2ab387649294b88cfa4b2a5,cd9df2ade1ca21431041edcb14d5f17dd4911475861cec41755502771901127f,481e8c12964102690dfb236b9333146fae9e98ba
Climate_h4,0,1195,N+S,2026,2,32.72622364494788,0ae181583e9738d212efe51f6485ea774be8c91ae2ab387649294b88cfa4b2a5,cd9df2ade1ca21431041edcb14d5f17dd4911475861cec41755502771901127f,481e8c12964102690dfb236b9333146fae9e98ba
Climate_h4,0,1195,N+S,2026,3,33.26333354570018,0ae181583e9738d212efe51f6485ea774be8c91ae2ab387649294b88cfa4b2a5,cd9df2ade1ca21431041edcb14d5f17dd4911475861cec41755502771901127f,481e8c12964102690dfb236b9333146fae9e98ba
Climate_h4,0,1195,N+S,2026,4,33.762417836469105,0ae181583e9738d212efe51f6485ea774be8c91ae2ab387649294b88cfa4b2a5,cd9df2ade1ca21431041edcb14d5f17dd4911475861cec41755502771901127f,481e8c12964102690dfb236b9333146fae9e98ba
Climate_h4,0,1196,N+S,2026,1,33.83643070141848,0ae181583e9738d212efe51f6485ea774be8c91ae2ab387649294b88cfa4b2a5,cd9df2ade1ca21431041edcb14d5f17dd4911475861cec41755502771901127f,481e8c12964102690dfb236b9333146fae9e98ba
Climate_h4,0,1196,N+S,2026,2,34.37263933882305,0ae181583e9738d212efe51f6485ea774be8c91ae2ab387649294b88cfa4b2a5,cd9df2ade1ca21431041edcb14d5f17dd4911475861cec41755502771901127f,481e8c12964102690dfb236b9333146fae9e98ba
Climate_h4,0,1196,N+S,2026,3,34.87242600631386,0ae181583e9738d212efe51f6485ea774be8c91ae2ab387649294b88cfa4b2a5,cd9df2ade1ca21431041edcb14d5f17dd4911475861cec41755502771901127f,481e8c12964102690dfb236b9333146fae9e98ba
Climate_h4,0,1196,N+S,2026,4,35.32448697110834,0ae181583e9738d212efe51f6485ea774be8c91ae2ab387649294b88cfa4b2a5,cd9df2ade1ca21431041edcb14d5f17dd4911475861cec41755502771901127f,481e8c12964102690dfb236b9333146fae9e98ba
Climate_h4,0,1197,N+S,2026,1,34.805483358341256,0ae181583e9738d212efe51f6485ea774be8c91ae2ab387649294b88cfa4b2a5,cd9df2ade1ca21431041edcb14d5f17dd4911475861cec41755502771901127f,481e8c12964102690dfb236b9333146fae9e98ba
Climate_h4,0,1197,N+S,2026,2,35.306550799707225,0ae181583e9738d212efe51f6485ea774be8c91ae2ab387649294b88cfa4b2a5,cd9df2ade1ca21431041edcb14d5f17dd4911475861cec41755502771901127f,481e8c12964102690dfb236b9333146fae9e98ba
Climate_h4,0,1197,N+S,2026,3,35.76376486340986,0ae181583e9738d212efe51f6485ea774be8c91ae2ab387649294b88cfa4b2a5,cd9df2ade1ca21431041edcb14d5f17dd4911475861cec41755502771901127f,481e8c12964102690dfb236b9333146fae9e98ba
Climate_h4,0,1197,N+S,2026,4,36.17252347588285,0ae181583e9738d212efe51f6485ea774be8c91ae2ab387649294b88cfa4b2a5,cd9df2ade1ca21431041edcb14d5f17dd4911475861cec41755502771901127f,481e8c12964102690dfb236b9333146fae9e98ba
Climate_h4,0,1198,N+S,2026,1,35.55299239516794,0ae181583e9738d212efe51f6485ea774be8c91ae2ab387649294b88cfa4b2a5,cd9df2ade1ca21431041edcb14d5f17dd4911475861cec41755502771901127f,481e8c12964102690dfb236b9333146fae9e98ba
Climate_h4,0,1198,N+S,2026,2,36.01833775930591,0ae181583e9738d212efe51f6485ea774be8c91ae2ab387649294b88cfa4b2a5,cd9df2ade1ca21431041edcb14d5f17dd4911475861cec41755502771901127f,481e8c12964102690dfb236b9333146fae9e98ba
Climate_h4,0,1198,N+S,2026,3,36.43906235715968,0ae181583e9738d212efe51f6485ea774be8c91ae2ab387649294b88cfa4b2a5,cd9df2ade1ca21431041edcb14d5f17dd4911475861cec41755502771901127f,481e8c12964102690dfb236b9333146fae9e98ba
Climate_h4,0,1198,N+S,2026,4,36.81237161297783,0ae181583e9738d212efe51f6485ea774be8c91ae2ab387649294b88cfa4b2a5,cd9df2ade1ca21431041edcb14d5f17dd4911475861cec41755502771901127f,481e8c12964102690dfb236b9333146fae9e98ba
Climate_h4,0,1199,N+S,2026,1,38.65753823244917,0ae181583e9738d212efe51f6485ea774be8c91ae2ab387649294b88cfa4b2a5,cd9df2ade1ca21431041edcb14d5f17dd4911475861cec41755502771901127f,481e8c12964102690dfb236b9333146fae9e98ba
Climate_h4,0,1199,N+S,2026,2,39.06830416913929,0ae181583e9738d212efe51f6485ea774be8c91ae2ab387649294b88cfa4b2a5,cd9df2ade1ca21431041edcb14d5f17dd4911475861cec41755502771901127f,481e8c12964102690dfb236b9333146fae9e98ba
Climate_h4,0,1199,N+S,2026,3,39.439755202969174,0ae181583e9738d212efe51f6485ea774be8c91ae2ab387649294b88cfa4b2a5,cd9df2ade1ca21431041edcb14d5f17dd4911475861cec41755502771901127f,481e8c12964102690dfb236b9333146fae9e98ba
Climate_h4,0,1199,N+S,2026,4,39.75829217163166,0ae181583e9738d212efe51f6485ea774be8c91ae2ab387649294b88cfa4b2a5,cd9df2ade1ca21431041edcb14d5f17dd4911475861cec41755502771901127f,481e8c12964102690dfb236b9333146fae9e98ba
Climate_h4,0,1200,N+S,2026,1,38.486934295112576,0ae181583e9738d212efe51f6485ea774be8c91ae2ab387649294b88cfa4b2a5,cd9df2ade1ca21431041edcb14d5f17dd4911475861cec41755502771901127f,481e8c12964102690dfb236b9333146fae9e98ba
Climate_h4,0,1200,N+S,2026,2,38.856324690241195,0ae181583e9738d212efe51f6485ea774be8c91ae2ab387649294b88cfa4b2a5,cd9df2ade1ca21431041edcb14d5f17dd4911475861cec41755502771901127f,481e8c12964102690dfb236b9333146fae9e98ba
Climate_h4,0,1200,N+S,2026,3,39.185934875039756,0ae181583e9738d212efe51f6485ea774be8c91ae2ab387649294b88cfa4b2a5,cd9df2ade1ca21431041edcb14d5f17dd4911475861cec41755502771901127f,481e8c12964102690dfb236b9333146fae9e98ba
Climate_h4,0,1200,N+S,2026,4,39.48025259732131,0ae181583e9738d212efe51f6485ea774be8c91ae2ab387649294b88cfa4b2a5,cd9df2ade1ca21431041edcb14d5f17dd4911475861cec41755502771901127f,481e8c12964102690dfb236b9333146fae9e98ba
Climate_h4,0,1201,N+S,2026,1,42.24252115998732,0ae181583e9738d212efe51f6485ea774be8c91ae2ab387649294b88cfa4b2a5,cd9df2ade1ca21431041edcb14d5f17dd4911475861cec41755502771901127f,481e8c12964102690dfb236b9333146fae9e98ba
Climate_h4,0,1201,N+S,2026,2,42.54902826746013,0ae181583e9738d212efe51f6485ea774be8c91ae2ab387649294b88cfa4b2a5,cd9df2ade1ca21431041edcb14d5f17dd4911475861cec41755502771901127f,481e8c12964102690dfb236b9333146fae9e98ba
Climate_h4,0,1201,N+S,2026,3,42.83586125856763,0ae181583e9738d212efe51f6485ea774be8c91ae2ab387649294b88cfa4b2a5,cd9df2ade1ca21431041edcb14d5f17dd4911475861cec41755502771901127f,481e8c12964102690dfb236b9333146fae9e98ba
Climate_h4,0,1201,N+S,2026,4,43.08901333282847,0ae181583e9738d212efe51f6485ea774be8c91ae2ab387649294b88cfa4b2a5,cd9df2ade1ca21431041edcb14d5f17dd4911475861cec41755502771901127f,481e8c12964102690dfb236b9333146fae9e98ba
Climate_h4,0,1202,N+S,2026,1,44.646736009211594,0ae181583e9738d212efe51f6485ea774be8c91ae2ab387649294b88cfa4b2a5,cd9df2ade1ca21431041edcb14d5f17dd4911475861cec41755502771901127f,481e8c12964102690dfb236b9333146fae9e98ba
Climate_h4,0,1202,N+S,2026,2,44.90421742822761,0ae181583e9738d212efe51f6485ea774be8c91ae2ab387649294b88cfa4b2a5,cd9df2ade1ca21431041edcb14d5f17dd4911475861cec41755502771901127f,481e8c12964102690dfb236b9333146fae9e98ba
Climate_h4,0,1202,N+S,2026,3,45.143521866003915,0ae181583e9738d212efe51f6485ea774be8c91ae2ab387649294b88cfa4b2a5,cd9df2ade1ca21431041edcb14d5f17dd4911475861cec41755502771901127f,481e8c12964102690dfb236b9333146fae9e98ba
Climate_h4,0,1202,N+S,2026,4,45.33967725208567,0ae181583e9738d212efe51f6485ea774be8c91ae2ab387649294b88cfa4b2a5,cd9df2ade1ca21431041edcb14d5f17dd4911475861cec41755502771901127f,481e8c12964102690dfb236b9333146fae9e98ba
Climate_h4,0,1203,N+S,2026,1,45.921671796752186,0ae181583e9738d212efe51f6485ea774be8c91ae2ab387649294b88cfa4b2a5,cd9df2ade1ca21431041edcb14d5f17dd4911475861cec41755502771901127f,481e8c12964102690dfb236b9333146fae9e98ba
Climate_h4,0,1203,N+S,2026,2,46.14786492356772,0ae181583e9738d212efe51f6485ea774be8c91ae2ab387649294b88cfa4b2a5,cd9df2ade1ca21431041edcb14d5f17dd4911475861cec41755502771901127f,481e8c12964102690dfb236b9333146fae9e98ba
Climate_h4,0,1203,N+S,2026,3,46.3444541009918,0ae181583e9738d212efe51f6485ea774be8c91ae2ab387649294b88cfa4b2a5,cd9df2ade1ca21431041edcb14d5f17dd4911475861cec41755502771901127f,481e8c12964102690dfb236b9333146fae9e98ba
Climate_h4,0,1203,N+S,2026,4,46.50111558039081,0ae181583e9738d212efe51f6485ea774be8c91ae2ab387649294b88cfa4b2a5,cd9df2ade1ca21431041edcb14d5f17dd4911475861cec41755502771901127f,481e8c12964102690dfb236b9333146fae9e98ba
Climate_h4,0,1204,N+S,2026,1,47.503553093787524,0ae181583e9738d212efe51f6485ea774be8c91ae2ab387649294b88cfa4b2a5,cd9df2ade1ca21431041edcb14d5f17dd4911475861cec41755502771901127f,481e8c12964102690dfb236b9333146fae9e98ba
Climate_h4,0,1204,N+S,2026,2,47.6842679846191,0ae181583e9738d212efe51f6485ea774be8c91ae2ab387649294b88cfa4b2a5,cd9df2ade1ca21431041edcb14d5f17dd4911475861cec41755502771901127f,481e8c12964102690dfb236b9333146fae9e98ba
Climate_h4,0,1204,N+S,2026,3,47.836250859238675,0ae181583e9738d212efe51f6485ea774be8c91ae2ab387649294b88cfa4b2a5,cd9df2ade1ca21431041edcb14d5f17dd4911475861cec41755502771901127f,481e8c12964102690dfb236b9333146fae9e98ba
Climate_h4,0,1204,N+S,2026,4,47.955323662798364,0ae181583e9738d212efe51f6485ea774be8c91ae2ab387649294b88cfa4b2a5,cd9df2ade1ca21431041edcb14d5f17dd4911475861cec41755502771901127f,481e8c12964102690dfb236b9333146fae9e98ba
Climate_h4,0,1205,N+S,2026,1,48.58788389283533,0ae181583e9738d212efe51f6485ea774be8c91ae2ab387649294b88cfa4b2a5,cd9df2ade1ca21431041edcb14d5f17dd4911475861cec41755502771901127f,481e8c12964102690dfb236b9333146fae9e98ba
Climate_h4,0,1205,N+S,2026,2,48.72281143943786,0ae181583e9738d212efe51f6485ea774be8c91ae2ab387649294b88cfa4b2a5,cd9df2ade1ca21431041edcb14d5f17dd4911475861cec41755502771901127f,481e8c12964102690dfb236b9333146fae9e98ba
Climate_h4,0,1205,N+S,2026,3,48.83407412134022,0ae181583e9738d212efe51f6485ea774be8c91ae2ab387649294b88cfa4b2a5,cd9df2ade1ca21431041edcb14d5f17dd4911475861cec41755502771901127f,481e8c12964102690dfb236b9333146fae9e98ba
Climate_h4,0,1205,N+S,2026,4,48.91709523991147,0ae181583e9738d212efe51f6485ea774be8c91ae2ab387649294b88cfa4b2a5,cd9df2ade1ca21431041edcb14d5f17dd4911475861cec41755502771901127f,481e8c12964102690dfb236b9333146fae9e98ba
Climate_h4,0,1206,N+S,2026,1,49.644257419937055,0ae181583e9738d212efe51f6485ea774be8c91ae2ab387649294b88cfa4b2a5,cd9df2ade1ca21431041edcb14d5f17dd4911475861cec41755502771901127f,481e8c12964102690dfb236b9333146fae9e98ba
Climate_h4,0,1206,N+S,2026,2,49.73682831513428,0ae181583e9738d212efe51f6485ea774be8c91ae2ab387649294b88cfa4b2a5,cd9df2ade1ca21431041edcb14d5f17dd4911475861cec41755502771901127f,481e8c12964102690dfb236b9333146fae9e98ba
Climate_h4,0,1206,N+S,2026,3,49.81155968212487,0ae181583e9738d212efe51f6485ea774be8c91ae2ab387649294b88cfa4b2a5,cd9df2ade1ca21431041edcb14d5f17dd4911475861cec41755502771901127f,481e8c12964102690dfb236b9333146fae9e98ba
Climate_h4,0,1206,N+S,2026,4,49.864785138863525,0ae181583e9738d212efe51f6485ea774be8c91ae2ab387649294b88cfa4b2a5,cd9df2ade1ca21431041edcb14d5f17dd4911475861cec41755502771901127f,481e8c12964102690dfb236b9333146fae9e98ba
Climate_h4,0,1207,N+S,2026,1,52.116891791374066,0ae181583e9738d212efe51f6485ea774be8c91ae2ab387649294b88cfa4b2a5,cd9df2ade1ca21431041edcb14d5f17dd4911475861cec41755502771901127f,481e8c12964102690dfb236b9333146fae9e98ba
Climate_h4,0,1207,N+S,2026,2,52.17084379494724,0ae181583e9738d212efe51f6485ea774be8c91ae2ab387649294b88cfa4b2a5,cd9df2ade1ca21431041edcb14d5f17dd4911475861cec41755502771901127f,481e8c12964102690dfb236b9333146fae9e98ba
Climate_h4,0,1207,N+S,2026,3,52.21233705764856,0ae181583e9738d212efe51f6485ea774be8c91ae2ab387649294b88cfa4b2a5,cd9df2ade1ca21431041edcb14d5f17dd4911475861cec41755502771901127f,481e8c12964102690dfb236b9333146fae9e98ba
Climate_h4,0,1207,N+S,2026,4,52.23238109954362,0ae181583e9738d212efe51f6485ea774be8c91ae2ab387649294b88cfa4b2a5,cd9df2ade1ca21431041edcb14d5f17dd4911475861cec41755502771901127f,481e8c12964102690dfb236b9333146fae9e98ba
Climate_h4,0,1208,N+S,2026,1,52.02376583643953,0ae181583e9738d212efe51f6485ea774be8c91ae2ab387649294b88cfa4b2a5,cd9df2ade1ca21431041edcb14d5f17dd4911475861cec41755502771901127f,481e8c12964102690dfb236b9333146fae9e98ba
Climate_h4,0,1208,N+S,2026,2,52.04323944700932,0ae181583e9738d212efe51f6485ea774be8c91ae2ab387649294b88cfa4b2a5,cd9df2ade1ca21431041edcb14d5f17dd4911475861cec41755502771901127f,481e8c12964102690dfb236b9333146fae9e98ba
Climate_h4,0,1208,N+S,2026,3,52.052016755413966,0ae181583e9738d212efe51f6485ea774be8c91ae2ab387649294b88cfa4b2a5,cd9df2ade1ca21431041edcb14d5f17dd4911475861cec41755502771901127f,481e8c12964102690dfb236b9333146fae9e98ba
Climate_h4,0,1208,N+S,2026,4,52.033588154493614,0ae181583e9738d212efe51f6485ea774be8c91ae2ab387649294b88cfa4b2a5,cd9df2ade1ca21431041edcb14d5f17dd4911475861cec41755502771901127f,481e8c12964102690dfb236b9333146fae9e98ba
Climate_h4,0,1209,N+S,2026,1,54.0362850983627,0ae181583e9738d212efe51f6485ea774be8c91ae2ab387649294b88cfa4b2a5,cd9df2ade1ca21431041edcb14d5f17dd4911475861cec41755502771901127f,481e8c12964102690dfb236b9333146fae9e98ba
Climate_h4,0,1209,N+S,2026,2,54.01989380385307,0ae181583e9738d212efe51f6485ea774be8c91ae2ab387649294b88cfa4b2a5,cd9df2ade1ca21431041edcb14d5f17dd4911475861cec41755502771901127f,481e8c12964102690dfb236b9333146fae9e98ba
Climate_h4,0,1209,N+S,2026,3,53.985268630913865,0ae181583e9738d212efe51f6485ea774be8c91ae2ab387649294b88cfa4b2a5,cd9df2ade1ca21431041edcb14d5f17dd4911475861cec41755502771901127f,481e8c12964102690dfb236b9333146fae9e98ba
Climate_h4,0,1209,N+S,2026,4,53.94278642432763,0ae181583e9738d212efe51f6485ea774be8c91ae2ab387649294b88cfa4b2a5,cd9df2ade1ca21431041edcb14d5f17dd4911475861cec41755502771901127f,481e8c12964102690dfb236b9333146fae9e98ba
Climate_h4,0,1210,N+S,2026,1,54.08926506258607,0ae181583e9738d212efe51f6485ea774be8c91ae2ab387649294b88cfa4b2a5,cd9df2ade1ca21431041edcb14d5f17dd4911475861cec41755502771901127f,481e8c12964102690dfb236b9333146fae9e98ba
Climate_h4,0,1210,N+S,2026,2,54.02939068876052,0ae181583e9738d212efe51f6485ea774be8c91ae2ab387649294b88cfa4b2a5,cd9df2ade1ca21431041edcb14d5f17dd4911475861cec41755502771901127f,481e8c12964102690dfb236b9333146fae9e98ba
Climate_h4,0,1210,N+S,2026,3,53.96743094565978,0ae181583e9738d212efe51f6485ea774be8c91ae2ab387649294b88cfa4b2a5,cd9df2ade1ca21431041edcb14d5f17dd4911475861cec41755502771901127f,481e8c12964102690dfb236b9333146fae9e98ba
Climate_h4,0,1210,N+S,2026,4,53.91882272193136,0ae181583e9738d212efe51f6485ea774be8c91ae2ab387649294b88cfa4b2a5,cd9df2ade1ca21431041edcb14d5f17dd4911475861cec41755502771901127f,481e8c12964102690dfb236b9333146fae9e98ba
Climate_h4,0,1211,N+S,2026,1,56.00790493839711,0ae181583e9738d212efe51f6485ea774be8c91ae2ab387649294b88cfa4b2a5,cd9df2ade1ca21431041edcb14d5f17dd4911475861cec41755502771901127f,481e8c12964102690dfb236b9333146fae9e98ba
Climate_h4,0,1211,N+S,2026,2,55.91594947753037,0ae181583e9738d212efe51f6485ea774be8c91ae2ab387649294b88cfa4b2a5,cd9df2ade1ca21431041edcb14d5f17dd4911475861cec41755502771901127f,481e8c12964102690dfb236b9333146fae9e98ba
Climate_h4,0,1211,N+S,2026,3,55.843090545996866,0ae181583e9738d212efe51f6485ea774be8c91ae2ab387649294b88cfa4b2a5,cd9df2ade1ca21431041edcb14d5f17dd4911475861cec41755502771901127f,481e8c12964102690dfb236b9333146fae9e98ba
Climate_h4,0,1211,N+S,2026,4,55.80178586760632,0ae181583e9738d212efe51f6485ea774be8c91ae2ab387649294b88cfa4b2a5,cd9df2ade1ca21431041edcb14d5f17dd4911475861cec41755502771901127f,481e8c12964102690dfb236b9333146fae9e98ba
Climate_h4,0,1212,N+S,2026,1,55.864460526289086,0ae181583e9738d212efe51f6485ea774be8c91ae2ab387649294b88cfa4b2a5,cd9df2ade1ca21431041edcb14d5f17dd4911475861cec41755502771901127f,481e8c12964102690dfb236b9333146fae9e98ba
Climate_h4,0,1212,N+S,2026,2,55.76942990602945,0ae181583e9738d212efe51f6485ea774be8c91ae2ab387649294b88cfa4b2a5,cd9df2ade1ca21431041edcb14d5f17dd4911475861cec41755502771901127f,481e8c12964102690dfb236b9333146fae9e98ba
Climate_h4,0,1212,N+S,2026,3,55.714024516337254,0ae181583e9738d212efe51f6485ea774be8c91ae2ab387649294b88cfa4b2a5,cd9df2ade1ca21431041edcb14d5f17dd4911475861cec41755502771901127f,481e8c12964102690dfb236b9333146fae9e98ba
Climate_h4,0,1212,N+S,2026,4,55.695387946818435,0ae181583e9738d212efe51f6485ea774be8c91ae2ab387649294b88cfa4b2a5,cd9df2ade1ca21431041edcb14d5f17dd4911475861cec41755502771901127f,481e8c12964102690dfb236b9333146fae9e98ba
Climate_h4,0,1213,N+S,2026,1,56.424529609348745,0ae181583e9738d212efe51f6485ea774be8c91ae2ab387649294b88cfa4b2a5,cd9df2ade1ca21431041edcb14d5f17dd4911475861cec41755502771901127f,481e8c12964102690dfb236b9333146fae9e98ba
Climate_h4,0,1213,N+S,2026,2,56.34456783471349,0ae181583e9738d212efe51f6485ea774be8c91ae2ab387649294b88cfa4b2a5,cd9df2ade1ca21431041edcb14d5f17dd4911475861cec41755502771901127f,481e8c12964102690dfb236b9333146fae9e98ba
Climate_h4,0,1213,N+S,2026,3,56.30831260885739,0ae181583e9738d212efe51f6485ea774be8c91ae2ab387649294b88cfa4b2a5,cd9df2ade1ca21431041edcb14d5f17dd4911475861cec41755502771901127f,481e8c12964102690dfb236b9333146fae9e98ba
Climate_h4,0,1213,N+S,2026,4,56.32194011404183,0ae181583e9738d212efe51f6485ea774be8c91ae2ab387649294b88cfa4b2a5,cd9df2ade1ca21431041edcb14d5f17dd4911475861cec41755502771901127f,481e8c12964102690dfb236b9333146fae9e98ba
Climate_h4,0,1214,N+S,2026,1,56.77660052255026,0ae181583e9738d212efe51f6485ea774be8c91ae2ab387649294b88cfa4b2a5,cd9df2ade1ca21431041edcb14d5f17dd4911475861cec41755502771901127f,481e8c12964102690dfb236b9333146fae9e98ba
Climate_h4,0,1214,N+S,2026,2,56.7226748860657,0ae181583e9738d212efe51f6485ea774be8c91ae2ab387649294b88cfa4b2a5,cd9df2ade1ca21431041edcb14d5f17dd4911475861cec41755502771901127f,481e8c12964102690dfb236b9333146fae9e98ba
Climate_h4,0,1214,N+S,2026,3,56.72495685459374,0ae181583e9738d212efe51f6485ea774be8c91ae2ab387649294b88cfa4b2a5,cd9df2ade1ca21431041edcb14d5f17dd4911475861cec41755502771901127f,481e8c12964102690dfb236b9333146fae9e98ba
Climate_h4,0,1214,N+S,2026,4,56.76630219342459,0ae181583e9738d212efe51f6485ea774be8c91ae2ab387649294b88cfa4b2a5,cd9df2ade1ca21431041edcb14d5f17dd4911475861cec41755502771901127f,481e8c12964102690dfb236b9333146fae9e98ba
Climate_h4,0,1215,N+S,2026,1,60.43537496038146,0ae181583e9738d212efe51f6485ea774be8c91ae2ab387649294b88cfa4b2a5,cd9df2ade1ca21431041edcb14d5f17dd4911475861cec41755502771901127f,481e8c12964102690dfb236b9333146fae9e98ba
Climate_h4,0,1215,N+S,2026,2,60.40297207207898,0ae181583e9738d212efe51f6485ea774be8c91ae2ab387649294b88cfa4b2a5,cd9df2ade1ca21431041edcb14d5f17dd4911475861cec41755502771901127f,481e8c12964102690dfb236b9333146fae9e98ba
Climate_h4,0,1215,N+S,2026,3,60.41610560482821,0ae181583e9738d212efe51f6485ea774be8c91ae2ab387649294b88cfa4b2a5,cd9df2ade1ca21431041edcb14d5f17dd4911475861cec41755502771901127f,481e8c12964102690dfb236b9333146fae9e98ba
Climate_h4,0,1215,N+S,2026,4,60.45143630892692,0ae181583e9738d212efe51f6485ea774be8c91ae2ab387649294b88cfa4b2a5,cd9df2ade1ca21431041edcb14d5f17dd4911475861cec41755502771901127f,481e8c12964102690dfb236b9333146fae9e98ba
Climate_h4,0,1216,N+S,2026,1,61.05198334529228,0ae181583e9738d212efe51f6485ea774be8c91ae2ab387649294b88cfa4b2a5,cd9df2ade1ca21431041edcb14d5f17dd4911475861cec41755502771901127f,481e8c12964102690dfb236b9333146fae9e98ba
Climate_h4,0,1216,N+S,2026,2,61.033553625706865,0ae181583e9738d212efe51f6485ea774be8c91ae2ab387649294b88cfa4b2a5,cd9df2ade1ca21431041edcb14d5f17dd4911475861cec41755502771901127f,481e8c12964102690dfb236b9333146fae9e98ba
Climate_h4,0,1216,N+S,2026,3,61.04444019078013,0ae181583e9738d212efe51f6485ea774be8c91ae2ab387649294b88cfa4b2a5,cd9df2ade1ca21431041edcb14d5f17dd4911475861cec41755502771901127f,481e8c12964102690dfb236b9333146fae9e98ba
Climate_h4,0,1216,N+S,2026,4,61.10080224207781,0ae181583e9738d212efe51f6485ea774be8c91ae2ab387649294b88cfa4b2a5,cd9df2ade1ca21431041edcb14d5f17dd4911475861cec41755502771901127f,481e8c12964102690dfb236b9333146fae9e98ba
Climate_h4,0,1217,N+S,2026,1,61.46900539206404,0ae181583e9738d212efe51f6485ea774be8c91ae2ab387649294b88cfa4b2a5,cd9df2ade1ca21431041edcb14d5f17dd4911475861cec41755502771901127f,481e8c12964102690dfb236b9333146fae9e98ba
Climate_h4,0,1217,N+S,2026,2,61.45215705296644,0ae181583e9738d212efe51f6485ea774be8c91ae2ab387649294b88cfa4b2a5,cd9df2ade1ca21431041edcb14d5f17dd4911475861cec41755502771901127f,481e8c12964102690dfb236b9333146fae9e98ba
Climate_h4,0,1217,N+S,2026,3,61.483857120765606,0ae181583e9738d212efe51f6485ea774be8c91ae2ab387649294b88cfa4b2a5,cd9df2ade1ca21431041edcb14d5f17dd4911475861cec41755502771901127f,481e8c12964102690dfb236b9333146fae9e98ba
Climate_h4,0,1217,N+S,2026,4,61.57012363124736,0ae181583e9738d212efe51f6485ea774be8c91ae2ab387649294b88cfa4b2a5,cd9df2ade1ca21431041edcb14d5f17dd4911475861cec41755502771901127f,481e8c12964102690dfb236b9333146fae9e98ba
Climate_h4,0,1218,N+S,2026,1,61.59343115250585,0ae181583e9738d212efe51f6485ea774be8c91ae2ab387649294b88cfa4b2a5,cd9df2ade1ca21431041edcb14d5f17dd4911475861cec41755502771901127f,481e8c12964102690dfb236b9333146fae9e98ba
Climate_h4,0,1218,N+S,2026,2,61.609347163312464,0ae181583e9738d212efe51f6485ea774be8c91ae2ab387649294b88cfa4b2a5,cd9df2ade1ca21431041edcb14d5f17dd4911475861cec41755502771901127f,481e8c12964102690dfb236b9333146fae9e98ba
Climate_h4,0,1218,N+S,2026,3,61.68537223976868,0ae181583e9738d212efe51f6485ea774be8c91ae2ab387649294b88cfa4b2a5,cd9df2ade1ca21431041edcb14d5f17dd4911475861cec41755502771901127f,481e8c12964102690dfb236b9333146fae9e98ba
Climate_h4,0,1218,N+S,2026,4,61.80870588414904,0ae181583e9738d212efe51f6485ea774be8c91ae2ab387649294b88cfa4b2a5,cd9df2ade1ca21431041edcb14d5f17dd4911475861cec41755502771901127f,481e8c12964102690dfb236b9333146fae9e98ba
Climate_h4,0,1219,N+S,2026,1,61.893363734429066,0ae181583e9738d212efe51f6485ea774be8c91ae2ab387649294b88cfa4b2a5,cd9df2ade1ca21431041edcb14d5f17dd4911475861cec41755502771901127f,481e8c12964102690dfb236b9333146fae9e98ba
Climate_h4,0,1219,N+S,2026,2,61.95126679171867,0ae181583e9738d212efe51f6485ea774be8c91ae2ab387649294b88cfa4b2a5,cd9df2ade1ca21431041edcb14d5f17dd4911475861cec41755502771901127f,481e8c12964102690dfb236b9333146fae9e98ba
Climate_h4,0,1219,N+S,2026,3,62.06682160081586,0ae181583e9738d212efe51f6485ea774be8c91ae2ab387649294b88cfa4b2a5,cd9df2ade1ca21431041edcb14d5f17dd4911475861cec41755502771901127f,481e8c12964102690dfb236b9333146fae9e98ba
Climate_h4,0,1219,N+S,2026,4,62.225565852791725,0ae181583e9738d212efe51f6485ea774be8c91ae2ab387649294b88cfa4b2a5,cd9df2ade1ca21431041edcb14d5f17dd4911475861cec41755502771901127f,481e8c12964102690dfb236b9333146fae9e98ba
Climate_h4,0,1220,N+S,2026,1,65.47330601547858,0ae181583e9738d212efe51f6485ea774be8c91ae2ab387649294b88cfa4b2a5,cd9df2ade1ca21431041edcb14d5f17dd4911475861cec41755502771901127f,481e8c12964102690dfb236b9333146fae9e98ba
Climate_h4,0,1220,N+S,2026,2,65.56032066312216,0ae181583e9738d212efe51f6485ea774be8c91ae2ab387649294b88cfa4b2a5,cd9df2ade1ca21431041edcb14d5f17dd4911475861cec41755502771901127f,481e8c12964102690dfb236b9333146fae9e98ba
Climate_h4,0,1220,N+S,2026,3,65.70016462314555,0ae181583e9738d212efe51f6485ea774be8c91ae2ab387649294b88cfa4b2a5,cd9df2ade1ca21431041edcb14d5f17dd4911475861cec41755502771901127f,481e8c12964102690dfb236b9333146fae9e98ba
Climate_h4,0,1220,N+S,2026,4,65.87457188269022,0ae181583e9738d212efe51f6485ea774be8c91ae2ab387649294b88cfa4b2a5,cd9df2ade1ca21431041edcb14d5f17dd4911475861cec41755502771901127f,481e8c12964102690dfb236b9333146fae9e98ba
Climate_h4,0,1221,N+S,2026,1,66.14897614314934,0ae181583e9738d212efe51f6485ea774be8c91ae2ab387649294b88cfa4b2a5,cd9df2ade1ca21431041edcb14d5f17dd4911475861cec41755502771901127f,481e8c12964102690dfb236b9333146fae9e98ba
Climate_h4,0,1221,N+S,2026,2,66.26162924493043,0ae181583e9738d212efe51f6485ea774be8c91ae2ab387649294b88cfa4b2a5,cd9df2ade1ca21431041edcb14d5f17dd4911475861cec41755502771901127f,481e8c12964102690dfb236b9333146fae9e98ba
Climate_h4,0,1221,N+S,2026,3,66.42310469795535,0ae181583e9738d212efe51f6485ea774be8c91ae2ab387649294b88cfa4b2a5,cd9df2ade1ca21431041edcb14d5f17dd4911475861cec41755502771901127f,481e8c12964102690dfb236b9333146fae9e98ba
Climate_h4,0,1221,N+S,2026,4,66.60828122964736,0ae181583e9738d212efe51f6485ea774be8c91ae2ab387649294b88cfa4b2a5,cd9df2ade1ca21431041edcb14d5f17dd4911475861cec41755502771901127f,481e8c12964102690dfb236b9333146fae9e98ba
Climate_h4,0,1222,N+S,2026,1,58.248058588233974,0ae181583e9738d212efe51f6485ea774be8c91ae2ab387649294b88cfa4b2a5,cd9df2ade1ca21431041edcb14d5f17dd4911475861cec41755502771901127f,481e8c12964102690dfb236b9333146fae9e98ba
Climate_h4,0,1222,N+S,2026,2,58.43422869679754,0ae181583e9738d212efe51f6485ea774be8c91ae2ab387649294b88cfa4b2a5,cd9df2ade1ca21431041edcb14d5f17dd4911475861cec41755502771901127f,481e8c12964102690dfb236b9333146fae9e98ba
Climate_h4,0,1222,N+S,2026,3,58.66296243619926,0ae181583e9738d212efe51f6485ea774be8c91ae2ab387649294b88cfa4b2a5,cd9df2ade1ca21431041edcb14d5f17dd4911475861cec41755502771901127f,481e8c12964102690dfb236b9333146fae9e98ba
Climate_h4,0,1222,N+S,2026,4,58.9316089451684,0ae181583e9738d212efe51f6485ea774be8c91ae2ab387649294b88cfa4b2a5,cd9df2ade1ca21431041edcb14d5f17dd4911475861cec41755502771901127f,481e8c12964102690dfb236b9333146fae9e98ba
Climate_h4,0,1223,N+S,2026,1,54.452325632604555,0ae181583e9738d212efe51f6485ea774be8c91ae2ab387649294b88cfa4b2a5,cd9df2ade1ca21431041edcb14d5f17dd4911475861cec41755502771901127f,481e8c12964102690dfb236b9333146fae9e98ba
Climate_h4,0,1223,N+S,2026,2,54.71584296388962,0ae181583e9738d212efe51f6485ea774be8c91ae2ab387649294b88cfa4b2a5,cd9df2ade1ca21431041edcb14d5f17dd4911475861cec41755502771901127f,481e8c12964102690dfb236b9333146fae9e98ba
Climate_h4,0,1223,N+S,2026,3,55.03305490572229,0ae181583e9738d212efe51f6485ea774be8c91ae2ab387649294b88cfa4b2a5,cd9df2ade1ca21431041edcb14d5f17dd4911475861cec41755502771901127f,481e8c12964102690dfb236b9333146fae9e98ba
Climate_h4,0,1223,N+S,2026,4,55.38029123533259,0ae181583e9738d212efe51f6485ea774be8c91ae2ab387649294b88cfa4b2a5,cd9df2ade1ca21431041edcb14d5f17dd4911475861cec41755502771901127f,481e8c12964102690dfb236b9333146fae9e98ba
Climate_h4,0,1224,N+S,2026,1,54.53086557027579,0ae181583e9738d212efe51f6485ea774be8c91ae2ab387649294b88cfa4b2a5,cd9df2ade1ca21431041edcb14d5f17dd4911475861cec41755502771901127f,481e8c12964102690dfb236b9333146fae9e98ba
Climate_h4,0,1224,N+S,2026,2,54.874749809530265,0ae181583e9738d212efe51f6485ea774be8c91ae2ab387649294b88cfa4b2a5,cd9df2ade1ca21431041edcb14d5f17dd4911475861cec41755502771901127f,481e8c12964102690dfb236b9333146fae9e98ba
Climate_h4,0,1224,N+S,2026,3,55.25600988345524,0ae181583e9738d212efe51f6485ea774be8c91ae2ab387649294b88cfa4b2a5,cd9df2ade1ca21431041edcb14d5f17dd4911475861cec41755502771901127f,481e8c12964102690dfb236b9333146fae9e98ba
Climate_h4,0,1224,N+S,2026,4,55.65190995545861,0ae181583e9738d212efe51f6485ea774be8c91ae2ab387649294b88cfa4b2a5,cd9df2ade1ca21431041edcb14d5f17dd4911475861cec41755502771901127f,481e8c12964102690dfb236b9333146fae9e98ba
Climate_h4,0,1225,N+S,2026,1,53.38160282721159,0ae181583e9738d212efe51f6485ea774be8c91ae2ab387649294b88cfa4b2a5,cd9df2ade1ca21431041edcb14d5f17dd4911475861cec41755502771901127f,481e8c12964102690dfb236b9333146fae9e98ba
Climate_h4,0,1225,N+S,2026,2,53.80178475569935,0ae181583e9738d212efe51f6485ea774be8c91ae2ab387649294b88cfa4b2a5,cd9df2ade1ca21431041edcb14d5f17dd4911475861cec41755502771901127f,481e8c12964102690dfb236b9333146fae9e98ba
Climate_h4,0,1225,N+S,2026,3,54.233491926685225,0ae181583e9738d212efe51f6485ea774be8c91ae2ab387649294b88cfa4b2a5,cd9df2ade1ca21431041edcb14d5f17dd4911475861cec41755502771901127f,481e8c12964102690dfb236b9333146fae9e98ba
Climate_h4,0,1225,N+S,2026,4,54.675570999981865,0ae181583e9738d212efe51f6485ea774be8c91ae2ab387649294b88cfa4b2a5,cd9df2ade1ca21431041edcb14d5f17dd4911475861cec41755502771901127f,481e8c12964102690dfb236b9333146fae9e98ba
Climate_h4,0,1226,N+S,2026,1,55.25002120924977,0ae181583e9738d212efe51f6485ea774be8c91ae2ab387649294b88cfa4b2a5,cd9df2ade1ca21431041edcb14d5f17dd4911475861cec41755502771901127f,481e8c12964102690dfb236b9333146fae9e98ba
Climate_h4,0,1226,N+S,2026,2,55.70726763896465,0ae181583e9738d212efe51f6485ea774be8c91ae2ab387649294b88cfa4b2a5,cd9df2ade1ca21431041edcb14d5f17dd4911475861cec41755502771901127f,481e8c12964102690dfb236b9333146fae9e98ba
Climate_h4,0,1226,N+S,2026,3,56.15863690986784,0ae181583e9738d212efe51f6485ea774be8c91ae2ab387649294b88cfa4b2a5,cd9df2ade1ca21431041edcb14d5f17dd4911475861cec41755502771901127f,481e8c12964102690dfb236b9333146fae9e98ba
Climate_h4,0,1226,N+S,2026,4,56.62562156017422,0ae181583e9738d212efe51f6485ea774be8c91ae2ab387649294b88cfa4b2a5,cd9df2ade1ca21431041edcb14d5f17dd4911475861cec41755502771901127f,481e8c12964102690dfb236b9333146fae9e98ba
Climate_h4,0,1227,N+S,2026,1,56.689971069848106,0ae181583e9738d212efe51f6485ea774be8c91ae2ab387649294b88cfa4b2a5,cd9df2ade1ca21431041edcb14d5f17dd4911475861cec41755502771901127f,481e8c12964102690dfb236b9333146fae9e98ba
Climate_h4,0,1227,N+S,2026,2,57.17568051181925,0ae181583e9738d212efe51f6485ea774be8c91ae2ab387649294b88cfa4b2a5,cd9df2ade1ca21431041edcb14d5f17dd4911475861cec41755502771901127f,481e8c12964102690dfb236b9333146fae9e98ba
Climate_h4,0,1227,N+S,2026,3,57.65412950152574,0ae181583e9738d212efe51f6485ea774be8c91ae2ab387649294b88cfa4b2a5,cd9df2ade1ca21431041edcb14d5f17dd4911475861cec41755502771901127f,481e8c12964102690dfb236b9333146fae9e98ba
Climate_h4,0,1227,N+S,2026,4,58.14797385426152,0ae181583e9738d212efe51f6485ea774be8c91ae2ab387649294b88cfa4b2a5,cd9df2ade1ca21431041edcb14d5f17dd4911475861cec41755502771901127f,481e8c12964102690dfb236b9333146fae9e98ba
Climate_h4,0,1228,N+S,2026,1,59.13540150995798,0ae181583e9738d212efe51f6485ea774be8c91ae2ab387649294b88cfa4b2a5,cd9df2ade1ca21431041edcb14d5f17dd4911475861cec41755502771901127f,481e8c12964102690dfb236b9333146fae9e98ba
Climate_h4,0,1228,N+S,2026,2,59.629826023776225,0ae181583e9738d212efe51f6485ea774be8c91ae2ab387649294b88cfa4b2a5,cd9df2ade1ca21431041edcb14d5f17dd4911475861cec41755502771901127f,481e8c12964102690dfb236b9333146fae9e98ba
Climate_h4,0,1228,N+S,2026,3,60.11101604453336,0ae181583e9738d212efe51f6485ea774be8c91ae2ab387649294b88cfa4b2a5,cd9df2ade1ca21431041edcb14d5f17dd4911475861cec41755502771901127f,481e8c12964102690dfb236b9333146fae9e98ba
Climate_h4,0,1228,N+S,2026,4,60.582727671655356,0ae181583e9738d212efe51f6485ea774be8c91ae2ab387649294b88cfa4b2a5,cd9df2ade1ca21431041edcb14d5f17dd4911475861cec41755502771901127f,481e8c12964102690dfb236b9333146fae9e98ba
Climate_h4,0,1229,N+S,2026,1,58.8609793498791,0ae181583e9738d212efe51f6485ea774be8c91ae2ab387649294b88cfa4b2a5,cd9df2ade1ca21431041edcb14d5f17dd4911475861cec41755502771901127f,481e8c12964102690dfb236b9333146fae9e98ba
Climate_h4,0,1229,N+S,2026,2,59.36553804264986,0ae181583e9738d212efe51f6485ea774be8c91ae2ab387649294b88cfa4b2a5,cd9df2ade1ca21431041edcb14d5f17dd4911475861cec41755502771901127f,481e8c12964102690dfb236b9333146fae9e98ba
Climate_h4,0,1229,N+S,2026,3,59.828097103605884,0ae181583e9738d212efe51f6485ea774be8c91ae2ab387649294b88cfa4b2a5,cd9df2ade1ca21431041edcb14d5f17dd4911475861cec41755502771901127f,481e8c12964102690dfb236b9333146fae9e98ba
Climate_h4,0,1229,N+S,2026,4,60.253328375173616,0ae181583e9738d212efe51f6485ea774be8c91ae2ab387649294b88cfa4b2a5,cd9df2ade1ca21431041edcb14d5f17dd4911475861cec41755502771901127f,481e8c12964102690dfb236b9333146fae9e98ba
Climate_h4,0,1230,N+S,2026,1,57.68300177774454,0ae181583e9738d212efe51f6485ea774be8c91ae2ab387649294b88cfa4b2a5,cd9df2ade1ca21431041edcb14d5f17dd4911475861cec41755502771901127f,481e8c12964102690dfb236b9333146fae9e98ba
Climate_h4,0,1230,N+S,2026,2,58.17513202913685,0ae181583e9738d212efe51f6485ea774be8c91ae2ab387649294b88cfa4b2a5,cd9df2ade1ca21431041edcb14d5f17dd4911475861cec41755502771901127f,481e8c12964102690dfb236b9333146fae9e98ba
Climate_h4,0,1230,N+S,2026,3,58.60255250164462,0ae181583e9738d212efe51f6485ea774be8c91ae2ab387649294b88cfa4b2a5,cd9df2ade1ca21431041edcb14d5f17dd4911475861cec41755502771901127f,481e8c12964102690dfb236b9333146fae9e98ba
Climate_h4,0,1230,N+S,2026,4,58.981575315720974,0ae181583e9738d212efe51f6485ea774be8c91ae2ab387649294b88cfa4b2a5,cd9df2ade1ca21431041edcb14d5f17dd4911475861cec41755502771901127f,481e8c12964102690dfb236b9333146fae9e98ba
Climate_h4,0,1231,N+S,2026,1,56.222912482412184,0ae181583e9738d212efe51f6485ea774be8c91ae2ab387649294b88cfa4b2a5,cd9df2ade1ca21431041edcb14d5f17dd4911475861cec41755502771901127f,481e8c12964102690dfb236b9333146fae9e98ba
Climate_h4,0,1231,N+S,2026,2,56.68518662265449,0ae181583e9738d212efe51f6485ea774be8c91ae2ab387649294b88cfa4b2a5,cd9df2ade1ca21431041edcb14d5f17dd4911475861cec41755502771901127f,481e8c12964102690dfb236b9333146fae9e98ba
Climate_h4,0,1231,N+S,2026,3,57.07844817655753,0ae181583e9738d212efe51f6485ea774be8c91ae2ab387649294b88cfa4b2a5,cd9df2ade1ca21431041edcb14d5f17dd4911475861cec41755502771901127f,481e8c12964102690dfb236b9333146fae9e98ba
Climate_h4,0,1231,N+S,2026,4,57.39104142508666,0ae181583e9738d212efe51f6485ea774be8c91ae2ab387649294b88cfa4b2a5,cd9df2ade1ca21431041edcb14d5f17dd4911475861cec41755502771901127f,481e8c12964102690dfb236b9333146fae9e98ba
Climate_h4,0,1232,N+S,2026,1,55.09655726018607,0ae181583e9738d212efe51f6485ea774be8c91ae2ab387649294b88cfa4b2a5,cd9df2ade1ca21431041edcb14d5f17dd4911475861cec41755502771901127f,481e8c12964102690dfb236b9333146fae9e98ba
Climate_h4,0,1232,N+S,2026,2,55.5208687479716,0ae181583e9738d212efe51f6485ea774be8c91ae2ab387649294b88cfa4b2a5,cd9df2ade1ca21431041edcb14d5f17dd4911475861cec41755502771901127f,481e8c12964102690dfb236b9333146fae9e98ba
Climate_h4,0,1232,N+S,2026,3,55.84934232174397,0ae181583e9738d212efe51f6485ea774be8c91ae2ab387649294b88cfa4b2a5,cd9df2ade1ca21431041edcb14d5f17dd4911475861cec41755502771901127f,481e8c12964102690dfb236b9333146fae9e98ba
Climate_h4,0,1232,N+S,2026,4,56.09222695712845,0ae181583e9738d212efe51f6485ea774be8c91ae2ab387649294b88cfa4b2a5,cd9df2ade1ca21431041edcb14d5f17dd4911475861cec41755502771901127f,481e8c12964102690dfb236b9333146fae9e98ba
Climate_h4,0,1233,N+S,2026,1,56.4194083372351,0ae181583e9738d212efe51f6485ea774be8c91ae2ab387649294b88cfa4b2a5,cd9df2ade1ca21431041edcb14d5f17dd4911475861cec41755502771901127f,481e8c12964102690dfb236b9333146fae9e98ba
Climate_h4,0,1233,N+S,2026,2,56.77062654512218,0ae181583e9738d212efe51f6485ea774be8c91ae2ab387649294b88cfa4b2a5,cd9df2ade1ca21431041edcb14d5f17dd4911475861cec41755502771901127f,481e8c12964102690dfb236b9333146fae9e98ba
Climate_h4,0,1233,N+S,2026,3,57.02342401237591,0ae181583e9738d212efe51f6485ea774be8c91ae2ab387649294b88cfa4b2a5,cd9df2ade1ca21431041edcb14d5f17dd4911475861cec41755502771901127f,481e8c12964102690dfb236b9333146fae9e98ba
Climate_h4,0,1233,N+S,2026,4,57.1819216202762,0ae181583e9738d212efe51f6485ea774be8c91ae2ab387649294b88cfa4b2a5,cd9df2ade1ca21431041edcb14d5f17dd4911475861cec41755502771901127f,481e8c12964102690dfb236b9333146fae9e98ba
Climate_h4,0,1234,N+S,2026,1,57.01819819750564,0ae181583e9738d212efe51f6485ea774be8c91ae2ab387649294b88cfa4b2a5,cd9df2ade1ca21431041edcb14d5f17dd4911475861cec41755502771901127f,481e8c12964102690dfb236b9333146fae9e98ba
Climate_h4,0,1234,N+S,2026,2,57.285696192556756,0ae181583e9738d212efe51f6485ea774be8c91ae2ab387649294b88cfa4b2a5,cd9df2ade1ca21431041edcb14d5f17dd4911475861cec41755502771901127f,481e8c12964102690dfb236b9333146fae9e98ba
Climate_h4,0,1234,N+S,2026,3,57.454477091789286,0ae181583e9738d212efe51f6485ea774be8c91ae2ab387649294b88cfa4b2a5,cd9df2ade1ca21431041edcb14d5f17dd4911475861cec41755502771901127f,481e8c12964102690dfb236b9333146fae9e98ba
Climate_h4,0,1234,N+S,2026,4,57.5288118574575,0ae181583e9738d212efe51f6485ea774be8c91ae2ab387649294b88cfa4b2a5,cd9df2ade1ca21431041edcb14d5f17dd4911475861cec41755502771901127f,481e8c12964102690dfb236b9333146fae9e98ba
Climate_h4,0,1235,N+S,2026,1,56.876488748970715,0ae181583e9738d212efe51f6485ea774be8c91ae2ab387649294b88cfa4b2a5,cd9df2ade1ca21431041edcb14d5f17dd4911475861cec41755502771901127f,481e8c12964102690dfb236b9333146fae9e98ba
Climate_h4,0,1235,N+S,2026,2,57.06024701224387,0ae181583e9738d212efe51f6485ea774be8c91ae2ab387649294b88cfa4b2a5,cd9df2ade1ca21431041edcb14d5f17dd4911475861cec41755502771901127f,481e8c12964102690dfb236b9333146fae9e98ba
Climate_h4,0,1235,N+S,2026,3,57.15017036535811,0ae181583e9738d212efe51f6485ea774be8c91ae2ab387649294b88cfa4b2a5,cd9df2ade1ca21431041edcb14d5f17dd4911475861cec41755502771901127f,481e8c12964102690dfb236b9333146fae9e98ba
Climate_h4,0,1235,N+S,2026,4,57.15629484884133,0ae181583e9738d212efe51f6485ea774be8c91ae2ab387649294b88cfa4b2a5,cd9df2ade1ca21431041edcb14d5f17dd4911475861cec41755502771901127f,481e8c12964102690dfb236b9333146fae9e98ba
Climate_h4,0,1236,N+S,2026,1,56.37641933541431,0ae181583e9738d212efe51f6485ea774be8c91ae2ab387649294b88cfa4b2a5,cd9df2ade1ca21431041edcb14d5f17dd4911475861cec41755502771901127f,481e8c12964102690dfb236b9333146fae9e98ba
Climate_h4,0,1236,N+S,2026,2,56.47524846674037,0ae181583e9738d212efe51f6485ea774be8c91ae2ab387649294b88cfa4b2a5,cd9df2ade1ca21431041edcb14d5f17dd4911475861cec41755502771901127f,481e8c12964102690dfb236b9333146fae9e98ba
Climate_h4,0,1236,N+S,2026,3,56.49625619407392,0ae181583e9738d212efe51f6485ea774be8c91ae2ab387649294b88cfa4b2a5,cd9df2ade1ca21431041edcb14d5f17dd4911475861cec41755502771901127f,481e8c12964102690dfb236b9333146fae9e98ba
Climate_h4,0,1236,N+S,2026,4,56.45863142935728,0ae181583e9738d212efe51f6485ea774be8c91ae2ab387649294b88cfa4b2a5,cd9df2ade1ca21431041edcb14d5f17dd4911475861cec41755502771901127f,481e8c12964102690dfb236b9333146fae9e98ba
Climate_h4,0,1237,N+S,2026,1,55.26408420169682,0ae181583e9738d212efe51f6485ea774be8c91ae2ab387649294b88cfa4b2a5,cd9df2ade1ca21431041edcb14d5f17dd4911475861cec41755502771901127f,481e8c12964102690dfb236b9333146fae9e98ba
Climate_h4,0,1237,N+S,2026,2,55.301631418188904,0ae181583e9738d212efe51f6485ea774be8c91ae2ab387649294b88cfa4b2a5,cd9df2ade1ca21431041edcb14d5f17dd4911475861cec41755502771901127f,481e8c12964102690dfb236b9333146fae9e98ba
Climate_h4,0,1237,N+S,2026,3,55.28822219868009,0ae181583e9738d212efe51f6485ea774be8c91ae2ab387649294b88cfa4b2a5,cd9df2ade1ca21431041edcb14d5f17dd4911475861cec41755502771901127f,481e8c12964102690dfb236b9333146fae9e98ba
Climate_h4,0,1237,N+S,2026,4,55.21390830869426,0ae181583e9738d212efe51f6485ea774be8c91ae2ab387649294b88cfa4b2a5,cd9df2ade1ca21431041edcb14d5f17dd4911475861cec41755502771901127f,481e8c12964102690dfb236b9333146fae9e98ba
Climate_h4,0,1238,N+S,2026,1,53.20590150359274,0ae181583e9738d212efe51f6485ea774be8c91ae2ab387649294b88cfa4b2a5,cd9df2ade1ca21431041edcb14d5f17dd4911475861cec41755502771901127f,481e8c12964102690dfb236b9333146fae9e98ba
Climate_h4,0,1238,N+S,2026,2,53.22247374834888,0ae181583e9738d212efe51f6485ea774be8c91ae2ab387649294b88cfa4b2a5,cd9df2ade1ca21431041edcb14d5f17dd4911475861cec41755502771901127f,481e8c12964102690dfb236b9333146fae9e98ba
Climate_h4,0,1238,N+S,2026,3,53.18483772389441,0ae181583e9738d212efe51f6485ea774be8c91ae2ab387649294b88cfa4b2a5,cd9df2ade1ca21431041edcb14d5f17dd4911475861cec41755502771901127f,481e8c12964102690dfb236b9333146fae9e98ba
Climate_h4,0,1238,N+S,2026,4,53.09187280616712,0ae181583e9738d212efe51f6485ea774be8c91ae2ab387649294b88cfa4b2a5,cd9df2ade1ca21431041edcb14d5f17dd4911475861cec41755502771901127f,481e8c12964102690dfb236b9333146fae9e98ba
Climate_h4,0,1239,N+S,2026,1,52.526487441013735,0ae181583e9738d212efe51f6485ea774be8c91ae2ab387649294b88cfa4b2a5,cd9df2ade1ca21431041edcb14d5f17dd4911475861cec41755502771901127f,481e8c12964102690dfb236b9333146fae9e98ba
Climate_h4,0,1239,N+S,2026,2,52.51756117769702,0ae181583e9738d212efe51f6485ea774be8c91ae2ab387649294b88cfa4b2a5,cd9df2ade1ca21431041edcb14d5f17dd4911475861cec41755502771901127f,481e8c12964102690dfb236b9333146fae9e98ba
Climate_h4,0,1239,N+S,2026,3,52.456156602946876,0ae181583e9738d212efe51f6485ea774be8c91ae2ab387649294b88cfa4b2a5,cd9df2ade1ca21431041edcb14d5f17dd4911475861cec41755502771901127f,481e8c12964102690dfb236b9333146fae9e98ba
Climate_h4,0,1239,N+S,2026,4,52.331976914058316,0ae181583e9738d212efe51f6485ea774be8c91ae2ab387649294b88cfa4b2a5,cd9df2ade1ca21431041edcb14d5f17dd4911475861cec41755502771901127f,481e8c12964102690dfb236b9333146fae9e98ba
Climate_h4,0,1240,N+S,2026,1,50.85865845648008,0ae181583e9738d212efe51f6485ea774be8c91ae2ab387649294b88cfa4b2a5,cd9df2ade1ca21431041edcb14d5f17dd4911475861cec41755502771901127f,481e8c12964102690dfb236b9333146fae9e98ba
Climate_h4,0,1240,N+S,2026,2,50.841451827543054,0ae181583e9738d212efe51f6485ea774be8c91ae2ab387649294b88cfa4b2a5,cd9df2ade1ca21431041edcb14d5f17dd4911475861cec41755502771901127f,481e8c12964102690dfb236b9333146fae9e98ba
Climate_h4,0,1240,N+S,2026,3,50.76436404862448,0ae181583e9738d212efe51f6485ea774be8c91ae2ab387649294b88cfa4b2a5,cd9df2ade1ca21431041edcb14d5f17dd4911475861cec41755502771901127f,481e8c12964102690dfb236b9333146fae9e98ba
Climate_h4,0,1240,N+S,2026,4,50.63543202361009,0ae181583e9738d212efe51f6485ea774be8c91ae2ab387649294b88cfa4b2a5,cd9df2ade1ca21431041edcb14d5f17dd4911475861cec41755502771901127f,481e8c12964102690dfb236b9333146fae9e98ba
Climate_h4,0,1241,N+S,2026,1,50.38206878933576,0ae181583e9738d212efe51f6485ea774be8c91ae2ab387649294b88cfa4b2a5,cd9df2ade1ca21431041edcb14d5f17dd4911475861cec41755502771901127f,481e8c12964102690dfb236b9333146fae9e98ba
Climate_h4,0,1241,N+S,2026,2,50.35255845889712,0ae181583e9738d212efe51f6485ea774be8c91ae2ab387649294b88cfa4b2a5,cd9df2ade1ca21431041edcb14d5f17dd4911475861cec41755502771901127f,481e8c12964102690dfb236b9333146fae9e98ba
Climate_h4,0,1241,N+S,2026,3,50.26980523639843,0ae181583e9738d212efe51f6485ea774be8c91ae2ab387649294b88cfa4b2a5,cd9df2ade1ca21431041edcb14d5f17dd4911475861cec41755502771901127f,481e8c12964102690dfb236b9333146fae9e98ba
Climate_h4,0,1241,N+S,2026,4,50.14006368677455,0ae181583e9738d212efe51f6485ea774be8c91ae2ab387649294b88cfa4b2a5,cd9df2ade1ca21431041edcb14d5f17dd4911475861cec41755502771901127f,481e8c12964102690dfb236b9333146fae9e98ba
Climate_h4,0,1242,N+S,2026,1,50.97782148285742,0ae181583e9738d212efe51f6485ea774be8c91ae2ab387649294b88cfa4b2a5,cd9df2ade1ca21431041edcb14d5f17dd4911475861cec41755502771901127f,481e8c12964102690dfb236b9333146fae9e98ba
Climate_h4,0,1242,N+S,2026,2,50.93399713879962,0ae181583e9738d212efe51f6485ea774be8c91ae2ab387649294b88cfa4b2a5,cd9df2ade1ca21431041edcb14d5f17dd4911475861cec41755502771901127f,481e8c12964102690dfb236b9333146fae9e98ba
Climate_h4,0,1242,N+S,2026,3,50.84053453218295,0ae181583e9738d212efe51f6485ea774be8c91ae2ab387649294b88cfa4b2a5,cd9df2ade1ca21431041edcb14d5f17dd4911475861cec41755502771901127f,481e8c12964102690dfb236b9333146fae9e98ba
Climate_h4,0,1242,N+S,2026,4,50.70505315975722,0ae181583e9738d212efe51f6485ea774be8c91ae2ab387649294b88cfa4b2a5,cd9df2ade1ca21431041edcb14d5f17dd4911475861cec41755502771901127f,481e8c12964102690dfb236b9333146fae9e98ba
Climate_h4,0,1243,N+S,2026,1,51.267844758855176,0ae181583e9738d212efe51f6485ea774be8c91ae2ab387649294b88cfa4b2a5,cd9df2ade1ca21431041edcb14d5f17dd4911475861cec41755502771901127f,481e8c12964102690dfb236b9333146fae9e98ba
Climate_h4,0,1243,N+S,2026,2,51.21587913815181,0ae181583e9738d212efe51f6485ea774be8c91ae2ab387649294b88cfa4b2a5,cd9df2ade1ca21431041edcb14d5f17dd4911475861cec41755502771901127f,481e8c12964102690dfb236b9333146fae9e98ba
Climate_h4,0,1243,N+S,2026,3,51.115419635948776,0ae181583e9738d212efe51f6485ea774be8c91ae2ab387649294b88cfa4b2a5,cd9df2ade1ca21431041edcb14d5f17dd4911475861cec41755502771901127f,481e8c12964102690dfb236b9333146fae9e98ba
Climate_h4,0,1243,N+S,2026,4,50.972733613854196,0ae181583e9738d212efe51f6485ea774be8c91ae2ab387649294b88cfa4b2a5,cd9df2ade1ca21431041edcb14d5f17dd4911475861cec41755502771901127f,481e8c12964102690dfb236b9333146fae9e98ba
Climate_h4,0,1244,N+S,2026,1,54.29966923902045,0ae181583e9738d212efe51f6485ea774be8c91ae2ab387649294b88cfa4b2a5,cd9df2ade1ca21431041edcb14d5f17dd4911475861cec41755502771901127f,481e8c12964102690dfb236b9333146fae9e98ba
Climate_h4,0,1244,N+S,2026,2,54.21280274955529,0ae181583e9738d212efe51f6485ea774be8c91ae2ab387649294b88cfa4b2a5,cd9df2ade1ca21431041edcb14d5f17dd4911475861cec41755502771901127f,481e8c12964102690dfb236b9333146fae9e98ba
Climate_h4,0,1244,N+S,2026,3,54.078165285960274,0ae181583e9738d212efe51f6485ea774be8c91ae2ab387649294b88cfa4b2a5,cd9df2ade1ca21431041edcb14d5f17dd4911475861cec41755502771901127f,481e8c12964102690dfb236b9333146fae9e98ba
Climate_h4,0,1244,N+S,2026,4,53.89580006466107,0ae181583e9738d212efe51f6485ea774be8c91ae2ab387649294b88cfa4b2a5,cd9df2ade1ca21431041edcb14d5f17dd4911475861cec41755502771901127f,481e8c12964102690dfb236b9333146fae9e98ba
Climate_h4,0,1245,N+S,2026,1,53.4762072556689,0ae181583e9738d212efe51f6485ea774be8c91ae2ab387649294b88cfa4b2a5,cd9df2ade1ca21431041edcb14d5f17dd4911475861cec41755502771901127f,481e8c12964102690dfb236b9333146fae9e98ba
Climate_h4,0,1245,N+S,2026,2,53.35571951881946,0ae181583e9738d212efe51f6485ea774be8c91ae2ab387649294b88cfa4b2a5,cd9df2ade1ca21431041edcb14d5f17dd4911475861cec41755502771901127f,481e8c12964102690dfb236b9333146fae9e98ba
Climate_h4,0,1245,N+S,2026,3,53.1856251501027,0ae181583e9738d212efe51f6485ea774be8c91ae2ab387649294b88cfa4b2a5,cd9df2ade1ca21431041edcb14d5f17dd4911475861cec41755502771901127f,481e8c12964102690dfb236b9333146fae9e98ba
Climate_h4,0,1245,N+S,2026,4,52.98221407660922,0ae181583e9738d212efe51f6485ea774be8c91ae2ab387649294b88cfa4b2a5,cd9df2ade1ca21431041edcb14d5f17dd4911475861cec41755502771901127f,481e8c12964102690dfb236b9333146fae9e98ba
Climate_h4,0,1246,N+S,2026,1,53.102379129480006,0ae181583e9738d212efe51f6485ea774be8c91ae2ab387649294b88cfa4b2a5,cd9df2ade1ca21431041edcb14d5f17dd4911475861cec41755502771901127f,481e8c12964102690dfb236b9333146fae9e98ba
Climate_h4,0,1246,N+S,2026,2,52.952130535439736,0ae181583e9738d212efe51f6485ea774be8c91ae2ab387649294b88cfa4b2a5,cd9df2ade1ca21431041edcb14d5f17dd4911475861cec41755502771901127f,481e8c12964102690dfb236b9333146fae9e98ba
Climate_h4,0,1246,N+S,2026,3,52.77226435905008,0ae181583e9738d212efe51f6485ea774be8c91ae2ab387649294b88cfa4b2a5,cd9df2ade1ca21431041edcb14d5f17dd4911475861cec41755502771901127f,481e8c12964102690dfb236b9333146fae9e98ba
Climate_h4,0,1246,N+S,2026,4,52.56441512800619,0ae181583e9738d212efe51f6485ea774be8c91ae2ab387649294b88cfa4b2a5,cd9df2ade1ca21431041edcb14d5f17dd4911475861cec41755502771901127f,481e8c12964102690dfb236b9333146fae9e98ba
Climate_h4,0,1247,N+S,2026,1,52.6865652551889,0ae181583e9738d212efe51f6485ea774be8c91ae2ab387649294b88cfa4b2a5,cd9df2ade1ca21431041edcb14d5f17dd4911475861cec41755502771901127f,481e8c12964102690dfb236b9333146fae9e98ba
Climate_h4,0,1247,N+S,2026,2,52.52760337325007,0ae181583e9738d212efe51f6485ea774be8c91ae2ab387649294b88cfa4b2a5,cd9df2ade1ca21431041edcb14d5f17dd4911475861cec41755502771901127f,481e8c12964102690dfb236b9333146fae9e98ba
Climate_h4,0,1247,N+S,2026,3,52.34803363605556,0ae181583e9738d212efe51f6485ea774be8c91ae2ab387649294b88cfa4b2a5,cd9df2ade1ca21431041edcb14d5f17dd4911475861cec41755502771901127f,481e8c12964102690dfb236b9333146fae9e98ba
Climate_h4,0,1247,N+S,2026,4,52.14736829584297,0ae181583e9738d212efe51f6485ea774be8c91ae2ab387649294b88cfa4b2a5,cd9df2ade1ca21431041edcb14d5f17dd4911475861cec41755502771901127f,481e8c12964102690dfb236b9333146fae9e98ba
Climate_h4,0,1248,N+S,2026,1,53.059488230945675,0ae181583e9738d212efe51f6485ea774be8c91ae2ab387649294b88cfa4b2a5,cd9df2ade1ca21431041edcb14d5f17dd4911475861cec41755502771901127f,481e8c12964102690dfb236b9333146fae9e98ba
Climate_h4,0,1248,N+S,2026,2,52.90499442667008,0ae181583e9738d212efe51f6485ea774be8c91ae2ab387649294b88cfa4b2a5,cd9df2ade1ca21431041edcb14d5f17dd4911475861cec41755502771901127f,481e8c12964102690dfb236b9333146fae9e98ba
Climate_h4,0,1248,N+S,2026,3,52.74384389533255,0ae181583e9738d212efe51f6485ea774be8c91ae2ab387649294b88cfa4b2a5,cd9df2ade1ca21431041edcb14d5f17dd4911475861cec41755502771901127f,481e8c12964102690dfb236b9333146fae9e98ba
Climate_h4,0,1248,N+S,2026,4,52.56339657657447,0ae181583e9738d212efe51f6485ea774be8c91ae2ab387649294b88cfa4b2a5,cd9df2ade1ca21431041edcb14d5f17dd4911475861cec41755502771901127f,481e8c12964102690dfb236b9333146fae9e98ba
Climate_h4,0,1249,N+S,2026,1,53.381750530009434,0ae181583e9738d212efe51f6485ea774be8c91ae2ab387649294b88cfa4b2a5,cd9df2ade1ca21431041edcb14d5f17dd4911475861cec41755502771901127f,481e8c12964102690dfb236b9333146fae9e98ba
Climate_h4,0,1249,N+S,2026,2,53.22638738399014,0ae181583e9738d212efe51f6485ea774be8c91ae2ab387649294b88cfa4b2a5,cd9df2ade1ca21431041edcb14d5f17dd4911475861cec41755502771901127f,481e8c12964102690dfb236b9333146fae9e98ba
Climate_h4,0,1249,N+S,2026,3,53.062855575057235,0ae181583e9738d212efe51f6485ea774be8c91ae2ab387649294b88cfa4b2a5,cd9df2ade1ca21431041edcb14d5f17dd4911475861cec41755502771901127f,481e8c12964102690dfb236b9333146fae9e98ba
Climate_h4,0,1249,N+S,2026,4,52.896976017634394,0ae181583e9738d212efe51f6485ea774be8c91ae2ab387649294b88cfa4b2a5,cd9df2ade1ca21431041edcb14d5f17dd4911475861cec41755502771901127f,481e8c12964102690dfb236b9333146fae9e98ba
Climate_h4,0,1250,N+S,2026,1,52.85887559024421,0ae181583e9738d212efe51f6485ea774be8c91ae2ab387649294b88cfa4b2a5,cd9df2ade1ca21431041edcb14d5f17dd4911475861cec41755502771901127f,481e8c12964102690dfb236b9333146fae9e98ba
Climate_h4,0,1250,N+S,2026,2,52.71088520748164,0ae181583e9738d212efe51f6485ea774be8c91ae2ab387649294b88cfa4b2a5,cd9df2ade1ca21431041edcb14d5f17dd4911475861cec41755502771901127f,481e8c12964102690dfb236b9333146fae9e98ba
Climate_h4,0,1250,N+S,2026,3,52.57088889230067,0ae181583e9738d212efe51f6485ea774be8c91ae2ab387649294b88cfa4b2a5,cd9df2ade1ca21431041edcb14d5f17dd4911475861cec41755502771901127f,481e8c12964102690dfb236b9333146fae9e98ba
Climate_h4,0,1250,N+S,2026,4,52.426786385961094,0ae181583e9738d212efe51f6485ea774be8c91ae2ab387649294b88cfa4b2a5,cd9df2ade1ca21431041edcb14d5f17dd4911475861cec41755502771901127f,481e8c12964102690dfb236b9333146fae9e98ba
Climate_h4,0,1251,N+S,2026,1,53.43754365657991,0ae181583e9738d212efe51f6485ea774be8c91ae2ab387649294b88cfa4b2a5,cd9df2ade1ca21431041edcb14d5f17dd4911475861cec41755502771901127f,481e8c12964102690dfb236b9333146fae9e98ba
Climate_h4,0,1251,N+S,2026,2,53.30824495683661,0ae181583e9738d212efe51f6485ea774be8c91ae2ab387649294b88cfa4b2a5,cd9df2ade1ca21431041edcb14d5f17dd4911475861cec41755502771901127f,481e8c12964102690dfb236b9333146fae9e98ba
Climate_h4,0,1251,N+S,2026,3,53.185060053354185,0ae181583e9738d212efe51f6485ea774be8c91ae2ab387649294b88cfa4b2a5,cd9df2ade1ca21431041edcb14d5f17dd4911475861cec41755502771901127f,481e8c12964102690dfb236b9333146fae9e98ba
Climate_h4,0,1251,N+S,2026,4,53.053231499213915,0ae181583e9738d212efe51f6485ea774be8c91ae2ab387649294b88cfa4b2a5,cd9df2ade1ca21431041edcb14d5f17dd4911475861cec41755502771901127f,481e8c12964102690dfb236b9333146fae9e98ba
Climate_h4,0,1252,N+S,2026,1,54.37935096977516,0ae181583e9738d212efe51f6485ea774be8c91ae2ab387649294b88cfa4b2a5,cd9df2ade1ca21431041edcb14d5f17dd4911475861cec41755502771901127f,481e8c12964102690dfb236b9333146fae9e98ba
Climate_h4,0,1252,N+S,2026,2,54.2640047786117,0ae181583e9738d212efe51f6485ea774be8c91ae2ab387649294b88cfa4b2a5,cd9df2ade1ca21431041edcb14d5f17dd4911475861cec41755502771901127f,481e8c12964102690dfb236b9333146fae9e98ba
Climate_h4,0,1252,N+S,2026,3,54.14864066537548,0ae181583e9738d212efe51f6485ea774be8c91ae2ab387649294b88cfa4b2a5,cd9df2ade1ca21431041edcb14d5f17dd4911475861cec41755502771901127f,481e8c12964102690dfb236b9333146fae9e98ba
Climate_h4,0,1252,N+S,2026,4,54.01348393167106,0ae181583e9738d212efe51f6485ea774be8c91ae2ab387649294b88cfa4b2a5,cd9df2ade1ca21431041edcb14d5f17dd4911475861cec41755502771901127f,481e8c12964102690dfb236b9333146fae9e98ba
Climate_h4,0,1253,N+S,2026,1,53.95192142120753,0ae181583e9738d212efe51f6485ea774be8c91ae2ab387649294b88cfa4b2a5,cd9df2ade1ca21431041edcb14d5f17dd4911475861cec41755502771901127f,481e8c12964102690dfb236b9333146fae9e98ba
Climate_h4,0,1253,N+S,2026,2,53.8404034977075,0ae181583e9738d212efe51f6485ea774be8c91ae2ab387649294b88cfa4b2a5,cd9df2ade1ca21431041edcb14d5f17dd4911475861cec41755502771901127f,481e8c12964102690dfb236b9333146fae9e98ba
Climate_h4,0,1253,N+S,2026,3,53.71767870048508,0ae181583e9738d212efe51f6485ea774be8c91ae2ab387649294b88cfa4b2a5,cd9df2ade1ca21431041edcb14d5f17dd4911475861cec41755502771901127f,481e8c12964102690dfb236b9333146fae9e98ba
Climate_h4,0,1253,N+S,2026,4,53.57885280391598,0ae181583e9738d212efe51f6485ea774be8c91ae2ab387649294b88cfa4b2a5,cd9df2ade1ca21431041edcb14d5f17dd4911475861cec41755502771901127f,481e8c12964102690dfb236b9333146fae9e98ba
Climate_h4,0,1254,N+S,2026,1,55.04483599150755,0ae181583e9738d212efe51f6485ea774be8c91ae2ab387649294b88cfa4b2a5,cd9df2ade1ca21431041edcb14d5f17dd4911475861cec41755502771901127f,481e8c12964102690dfb236b9333146fae9e98ba
Climate_h4,0,1254,N+S,2026,2,54.92789107259142,0ae181583e9738d212efe51f6485ea774be8c91ae2ab387649294b88cfa4b2a5,cd9df2ade1ca21431041edcb14d5f17dd4911475861cec41755502771901127f,481e8c12964102690dfb236b9333146fae9e98ba
Climate_h4,0,1254,N+S,2026,3,54.80289842350754,0ae181583e9738d212efe51f6485ea774be8c91ae2ab387649294b88cfa4b2a5,cd9df2ade1ca21431041edcb14d5f17dd4911475861cec41755502771901127f,481e8c12964102690dfb236b9333146fae9e98ba
Climate_h4,0,1254,N+S,2026,4,54.69612927269156,0ae181583e9738d212efe51f6485ea774be8c91ae2ab387649294b88cfa4b2a5,cd9df2ade1ca21431041edcb14d5f17dd4911475861cec41755502771901127f,481e8c12964102690dfb236b9333146fae9e98ba
Climate_h4,0,1255,N+S,2026,1,57.086512850863954,0ae181583e9738d212efe51f6485ea774be8c91ae2ab387649294b88cfa4b2a5,cd9df2ade1ca21431041edcb14d5f17dd4911475861cec41755502771901127f,481e8c12964102690dfb236b9333146fae9e98ba
Climate_h4,0,1255,N+S,2026,2,56.95524655108566,0ae181583e9738d212efe51f6485ea774be8c91ae2ab387649294b88cfa4b2a5,cd9df2ade1ca21431041edcb14d5f17dd4911475861cec41755502771901127f,481e8c12964102690dfb236b9333146fae9e98ba
Climate_h4,0,1255,N+S,2026,3,56.84950290132292,0ae181583e9738d212efe51f6485ea774be8c91ae2ab387649294b88cfa4b2a5,cd9df2ade1ca21431041edcb14d5f17dd4911475861cec41755502771901127f,481e8c12964102690dfb236b9333146fae9e98ba
Climate_h4,0,1255,N+S,2026,4,56.761253613600644,0ae181583e9738d212efe51f6485ea774be8c91ae2ab387649294b88cfa4b2a5,cd9df2ade1ca21431041edcb14d5f17dd4911475861cec41755502771901127f,481e8c12964102690dfb236b9333146fae9e98ba
Climate_h4,0,1256,N+S,2026,1,58.08108260326451,0ae181583e9738d212efe51f6485ea774be8c91ae2ab387649294b88cfa4b2a5,cd9df2ade1ca21431041edcb14d5f17dd4911475861cec41755502771901127f,481e8c12964102690dfb236b9333146fae9e98ba
Climate_h4,0,1256,N+S,2026,2,57.96575660328402,0ae181583e9738d212efe51f6485ea774be8c91ae2ab387649294b88cfa4b2a5,cd9df2ade1ca21431041edcb14d5f17dd4911475861cec41755502771901127f,481e8c12964102690dfb236b9333146fae9e98ba
Climate_h4,0,1256,N+S,2026,3,57.87486231670526,0ae181583e9738d212efe51f6485ea774be8c91ae2ab387649294b88cfa4b2a5,cd9df2ade1ca21431041edcb14d5f17dd4911475861cec41755502771901127f,481e8c12964102690dfb236b9333146fae9e98ba
Climate_h4,0,1256,N+S,2026,4,57.786352223851715,0ae181583e9738d212efe51f6485ea774be8c91ae2ab387649294b88cfa4b2a5,cd9df2ade1ca21431041edcb14d5f17dd4911475861cec41755502771901127f,481e8c12964102690dfb236b9333146fae9e98ba
Climate_h4,0,1257,N+S,2026,1,62.77100727131001,0ae181583e9738d212efe51f6485ea774be8c91ae2ab387649294b88cfa4b2a5,cd9df2ade1ca21431041edcb14d5f17dd4911475861cec41755502771901127f,481e8c12964102690dfb236b9333146fae9e98ba
Climate_h4,0,1257,N+S,2026,2,62.647018275827214,0ae181583e9738d212efe51f6485ea774be8c91ae2ab387649294b88cfa4b2a5,cd9df2ade1ca21431041edcb14d5f17dd4911475861cec41755502771901127f,481e8c12964102690dfb236b9333146fae9e98ba
Climate_h4,0,1257,N+S,2026,3,62.53422474050864,0ae181583e9738d212efe51f6485ea774be8c91ae2ab387649294b88cfa4b2a5,cd9df2ade1ca21431041edcb14d5f17dd4911475861cec41755502771901127f,481e8c12964102690dfb236b9333146fae9e98ba
Climate_h4,0,1257,N+S,2026,4,62.42149703183658,0ae181583e9738d212efe51f6485ea774be8c91ae2ab387649294b88cfa4b2a5,cd9df2ade1ca21431041edcb14d5f17dd4911475861cec41755502771901127f,481e8c12964102690dfb236b9333146fae9e98ba
Climate_h4,0,1258,N+S,2026,1,64.86052615123491,0ae181583e9738d212efe51f6485ea774be8c91ae2ab387649294b88cfa4b2a5,cd9df2ade1ca21431041edcb14d5f17dd4911475861cec41755502771901127f,481e8c12964102690dfb236b9333146fae9e98ba
Climate_h4,0,1258,N+S,2026,2,64.70990258648173,0ae181583e9738d212efe51f6485ea774be8c91ae2ab387649294b88cfa4b2a5,cd9df2ade1ca21431041edcb14d5f17dd4911475861cec41755502771901127f,481e8c12964102690dfb236b9333146fae9e98ba
Climate_h4,0,1258,N+S,2026,3,64.57006990177106,0ae181583e9738d212efe51f6485ea774be8c91ae2ab387649294b88cfa4b2a5,cd9df2ade1ca21431041edcb14d5f17dd4911475861cec41755502771901127f,481e8c12964102690dfb236b9333146fae9e98ba
Climate_h4,0,1258,N+S,2026,4,64.43162200814383,0ae181583e9738d212efe51f6485ea774be8c91ae2ab387649294b88cfa4b2a5,cd9df2ade1ca21431041edcb14d5f17dd4911475861cec41755502771901127f,481e8c12964102690dfb236b9333146fae9e98ba
Climate_h4,0,1259,N+S,2026,1,66.58803859588295,0ae181583e9738d212efe51f6485ea774be8c91ae2ab387649294b88cfa4b2a5,cd9df2ade1ca21431041edcb14d5f17dd4911475861cec41755502771901127f,481e8c12964102690dfb236b9333146fae9e98ba
Climate_h4,0,1259,N+S,2026,2,66.40414433955058,0ae181583e9738d212efe51f6485ea774be8c91ae2ab387649294b88cfa4b2a5,cd9df2ade1ca21431041edcb14d5f17dd4911475861cec41755502771901127f,481e8c12964102690dfb236b9333146fae9e98ba
Climate_h4,0,1259,N+S,2026,3,66.23579066381095,0ae181583e9738d212efe51f6485ea774be8c91ae2ab387649294b88cfa4b2a5,cd9df2ade1ca21431041edcb14d5f17dd4911475861cec41755502771901127f,481e8c12964102690dfb236b9333146fae9e98ba
Climate_h4,0,1259,N+S,2026,4,66.06495853375209,0ae181583e9738d212efe51f6485ea774be8c91ae2ab387649294b88cfa4b2a5,cd9df2ade1ca21431041edcb14d5f17dd4911475861cec41755502771901127f,481e8c12964102690dfb236b9333146fae9e98ba
Climate_h4,0,1260,N+S,2026,1,65.1086104761503,0ae181583e9738d212efe51f6485ea774be8c91ae2ab387649294b88cfa4b2a5,cd9df2ade1ca21431041edcb14d5f17dd4911475861cec41755502771901127f,481e8c12964102690dfb236b9333146fae9e98ba
Climate_h4,0,1260,N+S,2026,2,64.91348589729216,0ae181583e9738d212efe51f6485ea774be8c91ae2ab387649294b88cfa4b2a5,cd9df2ade1ca21431041edcb14d5f17dd4911475861cec41755502771901127f,481e8c12964102690dfb236b9333146fae9e98ba
Climate_h4,0,1260,N+S,2026,3,64.7326383375907,0ae181583e9738d212efe51f6485ea774be8c91ae2ab387649294b88cfa4b2a5,cd9df2ade1ca21431041edcb14d5f17dd4911475861cec41755502771901127f,481e8c12964102690dfb236b9333146fae9e98ba
Climate_h4,0,1260,N+S,2026,4,64.55416999309394,0ae181583e9738d212efe51f6485ea774be8c91ae2ab387649294b88cfa4b2a5,cd9df2ade1ca21431041edcb14d5f17dd4911475861cec41755502771901127f,481e8c12964102690dfb236b9333146fae9e98ba
Climate_h4,0,1261,N+S,2026,1,60.45759953563292,0ae181583e9738d212efe51f6485ea774be8c91ae2ab387649294b88cfa4b2a5,cd9df2ade1ca21431041edcb14d5f17dd4911475861cec41755502771901127f,481e8c12964102690dfb236b9333146fae9e98ba
Climate_h4,0,1261,N+S,2026,2,60.27681812947996,0ae181583e9738d212efe51f6485ea774be8c91ae2ab387649294b88cfa4b2a5,cd9df2ade1ca21431041edcb14d5f17dd4911475861cec41755502771901127f,481e8c12964102690dfb236b9333146fae9e98ba
Climate_h4,0,1261,N+S,2026,3,60.11619642278556,0ae181583e9738d212efe51f6485ea774be8c91ae2ab387649294b88cfa4b2a5,cd9df2ade1ca21431041edcb14d5f17dd4911475861cec41755502771901127f,481e8c12964102690dfb236b9333146fae9e98ba
Climate_h4,0,1261,N+S,2026,4,59.97758138371216,0ae181583e9738d212efe51f6485ea774be8c91ae2ab387649294b88cfa4b2a5,cd9df2ade1ca21431041edcb14d5f17dd4911475861cec41755502771901127f,481e8c12964102690dfb236b9333146fae9e98ba
Climate_h4,0,1262,N+S,2026,1,60.06313388239854,0ae181583e9738d212efe51f6485ea774be8c91ae2ab387649294b88cfa4b2a5,cd9df2ade1ca21431041edcb14d5f17dd4911475861cec41755502771901127f,481e8c12964102690dfb236b9333146fae9e98ba
Climate_h4,0,1262,N+S,2026,2,59.89576761463404,0ae181583e9738d212efe51f6485ea774be8c91ae2ab387649294b88cfa4b2a5,cd9df2ade1ca21431041edcb14d5f17dd4911475861cec41755502771901127f,481e8c12964102690dfb236b9333146fae9e98ba
Climate_h4,0,1262,N+S,2026,3,59.7640606532952,0ae181583e9738d212efe51f6485ea774be8c91ae2ab387649294b88cfa4b2a5,cd9df2ade1ca21431041edcb14d5f17dd4911475861cec41755502771901127f,481e8c12964102690dfb236b9333146fae9e98ba
Climate_h4,0,1262,N+S,2026,4,59.63734616911028,0ae181583e9738d212efe51f6485ea774be8c91ae2ab387649294b88cfa4b2a5,cd9df2ade1ca21431041edcb14d5f17dd4911475861cec41755502771901127f,481e8c12964102690dfb236b9333146fae9e98ba
Climate_h4,0,1263,N+S,2026,1,61.52609337079277,0ae181583e9738d212efe51f6485ea774be8c91ae2ab387649294b88cfa4b2a5,cd9df2ade1ca21431041edcb14d5f17dd4911475861cec41755502771901127f,481e8c12964102690dfb236b9333146fae9e98ba
Climate_h4,0,1263,N+S,2026,2,61.37848774223465,0ae181583e9738d212efe51f6485ea774be8c91ae2ab387649294b88cfa4b2a5,cd9df2ade1ca21431041edcb14d5f17dd4911475861cec41755502771901127f,481e8c12964102690dfb236b9333146fae9e98ba
Climate_h4,0,1263,N+S,2026,3,61.2472371642168,0ae181583e9738d212efe51f6485ea774be8c91ae2ab387649294b88cfa4b2a5,cd9df2ade1ca21431041edcb14d5f17dd4911475861cec41755502771901127f,481e8c12964102690dfb236b9333146fae9e98ba
Climate_h4,0,1263,N+S,2026,4,61.111038065973524,0ae181583e9738d212efe51f6485ea774be8c91ae2ab387649294b88cfa4b2a5,cd9df2ade1ca21431041edcb14d5f17dd4911475861cec41755502771901127f,481e8c12964102690dfb236b9333146fae9e98ba
Climate_h4,0,1264,N+S,2026,1,62.84732646502502,0ae181583e9738d212efe51f6485ea774be8c91ae2ab387649294b88cfa4b2a5,cd9df2ade1ca21431041edcb14d5f17dd4911475861cec41755502771901127f,481e8c12964102690dfb236b9333146fae9e98ba
Climate_h4,0,1264,N+S,2026,2,62.69577871614138,0ae181583e9738d212efe51f6485ea774be8c91ae2ab387649294b88cfa4b2a5,cd9df2ade1ca21431041edcb14d5f17dd4911475861cec41755502771901127f,481e8c12964102690dfb236b9333146fae9e98ba
Climate_h4,0,1264,N+S,2026,3,62.54564186684668,0ae181583e9738d212efe51f6485ea774be8c91ae2ab387649294b88cfa4b2a5,cd9df2ade1ca21431041edcb14d5f17dd4911475861cec41755502771901127f,481e8c12964102690dfb236b9333146fae9e98ba
Climate_h4,0,1264,N+S,2026,4,62.41011961761138,0ae181583e9738d212efe51f6485ea774be8c91ae2ab387649294b88cfa4b2a5,cd9df2ade1ca21431041edcb14d5f17dd4911475861cec41755502771901127f,481e8c12964102690dfb236b9333146fae9e98ba
Climate_h4,0,1265,N+S,2026,1,64.64891730737844,0ae181583e9738d212efe51f6485ea774be8c91ae2ab387649294b88cfa4b2a5,cd9df2ade1ca21431041edcb14d5f17dd4911475861cec41755502771901127f,481e8c12964102690dfb236b9333146fae9e98ba
Climate_h4,0,1265,N+S,2026,2,64.47670057495971,0ae181583e9738d212efe51f6485ea774be8c91ae2ab387649294b88cfa4b2a5,cd9df2ade1ca21431041edcb14d5f17dd4911475861cec41755502771901127f,481e8c12964102690dfb236b9333146fae9e98ba
Climate_h4,0,1265,N+S,2026,3,64.31857066352524,0ae181583e9738d212efe51f6485ea774be8c91ae2ab387649294b88cfa4b2a5,cd9df2ade1ca21431041edcb14d5f17dd4911475861cec41755502771901127f,481e8c12964102690dfb236b9333146fae9e98ba
Climate_h4,0,1265,N+S,2026,4,64.20981119393733,0ae181583e9738d212efe51f6485ea774be8c91ae2ab387649294b88cfa4b2a5,cd9df2ade1ca21431041edcb14d5f17dd4911475861cec41755502771901127f,481e8c12964102690dfb236b9333146fae9e98ba
Climate_h4,0,1266,N+S,2026,1,65.36535819780255,0ae181583e9738d212efe51f6485ea774be8c91ae2ab387649294b88cfa4b2a5,cd9df2ade1ca21431041edcb14d5f17dd4911475861cec41755502771901127f,481e8c12964102690dfb236b9333146fae9e98ba
Climate_h4,0,1266,N+S,2026,2,65.1968752574506,0ae181583e9738d212efe51f6485ea774be8c91ae2ab387649294b88cfa4b2a5,cd9df2ade1ca21431041edcb14d5f17dd4911475861cec41755502771901127f,481e8c12964102690dfb236b9333146fae9e98ba
Climate_h4,0,1266,N+S,2026,3,65.07179449723924,0ae181583e9738d212efe51f6485ea774be8c91ae2ab387649294b88cfa4b2a5,cd9df2ade1ca21431041edcb14d5f17dd4911475861cec41755502771901127f,481e8c12964102690dfb236b9333146fae9e98ba
Climate_h4,0,1266,N+S,2026,4,64.99734071043139,0ae181583e9738d212efe51f6485ea774be8c91ae2ab387649294b88cfa4b2a5,cd9df2ade1ca21431041edcb14d5f17dd4911475861cec41755502771901127f,481e8c12964102690dfb236b9333146fae9e98ba
Climate_h4,0,1267,N+S,2026,1,67.19668908154702,0ae181583e9738d212efe51f6485ea774be8c91ae2ab387649294b88cfa4b2a5,cd9df2ade1ca21431041edcb14d5f17dd4911475861cec41755502771901127f,481e8c12964102690dfb236b9333146fae9e98ba
Climate_h4,0,1267,N+S,2026,2,67.04067573849794,0ae181583e9738d212efe51f6485ea774be8c91ae2ab387649294b88cfa4b2a5,cd9df2ade1ca21431041edcb14d5f17dd4911475861cec41755502771901127f,481e8c12964102690dfb236b9333146fae9e98ba
Climate_h4,0,1267,N+S,2026,3,66.92973641224279,0ae181583e9738d212efe51f6485ea774be8c91ae2ab387649294b88cfa4b2a5,cd9df2ade1ca21431041edcb14d5f17dd4911475861cec41755502771901127f,481e8c12964102690dfb236b9333146fae9e98ba
Climate_h4,0,1267,N+S,2026,4,66.87204648739973,0ae181583e9738d212efe51f6485ea774be8c91ae2ab387649294b88cfa4b2a5,cd9df2ade1ca21431041edcb14d5f17dd4911475861cec41755502771901127f,481e8c12964102690dfb236b9333146fae9e98ba
Climate_h4,0,1268,N+S,2026,1,67.05571922335479,0ae181583e9738d212efe51f6485ea774be8c91ae2ab387649294b88cfa4b2a5,cd9df2ade1ca21431041edcb14d5f17dd4911475861cec41755502771901127f,481e8c12964102690dfb236b9333146fae9e98ba
Climate_h4,0,1268,N+S,2026,2,66.92430462527786,0ae181583e9738d212efe51f6485ea774be8c91ae2ab387649294b88cfa4b2a5,cd9df2ade1ca21431041edcb14d5f17dd4911475861cec41755502771901127f,481e8c12964102690dfb236b9333146fae9e98ba
Climate_h4,0,1268,N+S,2026,3,66.84045426083432,0ae181583e9738d212efe51f6485ea774be8c91ae2ab387649294b88cfa4b2a5,cd9df2ade1ca21431041edcb14d5f17dd4911475861cec41755502771901127f,481e8c12964102690dfb236b9333146fae9e98ba
Climate_h4,0,1268,N+S,2026,4,66.79375449241992,0ae181583e9738d212efe51f6485ea774be8c91ae2ab387649294b88cfa4b2a5,cd9df2ade1ca21431041edcb14d5f17dd4911475861cec41755502771901127f,481e8c12964102690dfb236b9333146fae9e98ba
