task_id,fold_id,origin_id,candidate_id,seed,horizon,y_pred,config_hash,feature_hash,code_commit
Climate_h4,0,1017,N+S+Q,2026,1,88.63841520703059,7da4c3e4b88a59766a74c16a58971d1c0ec5427b8c19b8122cb4edb1b68214db,cd9df2ade1ca21431041edcb14d5f17dd4911475861cec41755502771901127f,0eb4df990f6753bfc9e9029bf76f169c28456414
Climate_h4,0,1017,N+S+Q,2026,2,87.93115471327897,7da4c3e4b88a59766a74c16a58971d1c0ec5427b8c19b8122cb4edb1b68214db,cd9df2ade1ca21431041edcb14d5f17dd4911475861cec41755502771901127f,0eb4df990f6753bfc9e9029bf76f169c28456414
Climate_h4,0,1017,N+S+Q,2026,3,87.24594790878415,7da4c3e4b88a59766a74c16a58971d1c0ec5427b8c19b8122cb4edb1b68214db,cd9df2ade1ca21431041edcb14d5f17dd4911475861cec41755502771901127f,0eb4df990f6753bfc9e9029bf76f169c28456414
Climate_h4,0,1017,N+S+Q,2026,4,86.6040865029214,7da4c3e4b88a59766a74c16a58971d1c0ec5427b8c19b8122cb4edb1b68214db,cd9df2ade1ca21431041edcb14d5f17dd4911475861cec41755502771901127f,0eb4df990f6753bfc9e9029bf76f169c28456414
Climate_h4,0,1018,N+S+Q,2026,1,88.75954752919742,7da4c3e4b88a59766a74c16a58971d1c0ec5427b8c19b8122cb4edb1b68214db,cd9df2ade1ca21431041edcb14d5f17dd4911475861cec41755502771901127f,0eb4df990f6753bfc9e9029bf76f169c28456414
Climate_h4,0,1018,N+S+Q,2026,2,88.04987507976008,7da4c3e4b88a59766a74c16a58971d1c0ec5427b8c19b8122cb4edb1b68214db,cd9df2ade1ca21431041edcb14d5f17dd4911475861cec41755502771901127f,0eb4df990f6753bfc9e9029bf76f169c28456414
Climate_h4,0,1018,N+S+Q,2026,3,87.37027242243408,7da4c3e4b88a59766a74c16a58971d1c0ec5427b8c19b8122cb4edb1b68214db,cd9df2ade1ca21431041edcb14d5f17dd4911475861cec41755502771901127f,0eb4df990f6753bfc9e9029bf76f169c28456414
Climate_h4,0,1018,N+S+Q,2026,4,86.73722816155738,7da4c3e4b88a59766a74c16a58971d1c0ec5427b8c19b8122cb4edb1b68214db,cd9df2ade1ca21431041edcb14d5f17dd4911475861cec41755502771901127f,0eb4df990f6753bfc9e9029bf76f169c28456414
Climate_h4,0,1019,N+S+Q,2026,1,79.91668319074255,7da4c3e4b88a59766a74c16a58971d1c0ec5427b8c19b8122cb4edb1b68214db,cd9df2ade1ca21431041edcb14d5f17dd4911475861cec41755502771901127f,0eb4df990f6753bfc9e9029bf76f169c28456414
Climate_h4,0,1019,N+S+Q,2026,2,79.25664436229205,7da4c3e4b88a59766a74c16a58971d1c0ec5427b8c19b8122cb4edb1b68214db,cd9df2ade1ca21431041edcb14d5f17dd4911475861cec41755502771901127f,0eb4df990f6753bfc9e9029bf76f169c28456414
Climate_h4,0,1019,N+S+Q,2026,3,78.6315440163338,7da4c3e4b88a59766a74c16a58971d1c0ec5427b8c19b8122cb4edb1b68214db,cd9df2ade1ca21431041edcb14d5f17dd4911475861cec41755502771901127f,0eb4df990f6753bfc9e9029bf76f169c28456414
Climate_h4,0,1019,N+S+Q,2026,4,78.06259498879608,7da4c3e4b88a59766a74c16a58971d1c0ec5427b8c19b8122cb4edb1b68214db,cd9df2ade1ca21431041edcb14d5f17dd4911475861cec41755502771901127f,0eb4df990f6753bfc9e9029bf76f169c28456414
Climate_h4,0,1020,N+S+Q,2026,1,79.72683491714213,7da4c3e4b88a59766a74c16a58971d1c0ec5427b8c19b8122cb4edb1b68214db,cd9df2ade1ca21431041edcb14d5f17dd4911475861cec41755502771901127f,0eb4df990f6753bfc9e9029bf76f169c28456414
Climate_h4,0,1020,N+S+Q,2026,2,79.1160777543054,7da4c3e4b88a59766a74c16a58971d1c0ec5427b8c19b8122cb4edb1b68214db,cd9df2ade1ca21431041edcb14d5f17dd4911475861cec41755502771901127f,0eb4df990f6753bfc9e9029bf76f169c28456414
Climate_h4,0,1020,N+S+Q,2026,3,78.5457330525778,7da4c3e4b88a59766a74c16a58971d1c0ec5427b8c19b8122cb4edb1b68214db,cd9df2ade1ca21431041edcb14d5f17dd4911475861cec41755502771901127f,0eb4df990f6753bfc9e9029bf76f169c28456414
Climate_h4,0,1020,N+S+Q,2026,4,78.0294278369656,7da4c3e4b88a59766a74c16a58971d1c0ec5427b8c19b8122cb4edb1b68214db,cd9df2ade1ca21431041edcb14d5f17dd4911475861cec41755502771901127f,0eb4df990f6753bfc9e9029bf76f169c28456414
Climate_h4,0,1021,N+S+Q,2026,1,78.85646623900871,7da4c3e4b88a59766a74c16a58971d1c0ec5427b8c19b8122cb4edb1b68214db,cd9df2ade1ca21431041edcb14d5f17dd4911475861cec41755502771901127f,0eb4df990f6753bfc9e9029bf76f169c28456414
Climate_h4,0,1021,N+S+Q,2026,2,78.3107520094371,7da4c3e4b88a59766a74c16a58971d1c0ec5427b8c19b8122cb4edb1b68214db,cd9df2ade1ca21431041edcb14d5f17dd4911475861cec41755502771901127f,0eb4df990f6753bfc9e9029bf76f169c28456414
Climate_h4,0,1021,N+S+Q,2026,3,77.80007963970407,7da4c3e4b88a59766a74c16a58971d1c0ec5427b8c19b8122cb4edb1b68214db,cd9df2ade1ca21431041edcb14d5f17dd4911475861cec41755502771901127f,0eb4df990f6753bfc9e9029bf76f169c28456414
Climate_h4,0,1021,N+S+Q,2026,4,77.35464824655914,7da4c3e4b88a59766a74c16a58971d1c0ec5427b8c19b8122cb4edb1b68214db,cd9df2ade1ca21431041edcb14d5f17dd4911475861cec41755502771901127f,0eb4df990f6753bfc9e9029bf76f169c28456414
Climate_h4,0,1022,N+S+Q,2026,1,76.610044982699,7da4c3e4b88a59766a74c16a58971d1c0ec5427b8c19b8122cb4edb1b68214db,cd9df2ade1ca21431041edcb14d5f17dd4911475861cec41755502771901127f,0eb4df990f6753bfc9e9029bf76f169c28456414
Climate_h4,0,1022,N+S+Q,2026,2,76.12999086020037,7da4c3e4b88a59766a74c16a58971d1c0ec5427b8c19b8122cb4edb1b68214db,cd9df2ade1ca21431041edcb14d5f17dd4911475861cec41755502771901127f,0eb4df990f6753bfc9e9029bf76f169c28456414
Climate_h4,0,1022,N+S+Q,2026,3,75.67800243073106,7da4c3e4b88a59766a74c16a58971d1c0ec5427b8c19b8122cb4edb1b68214db,cd9df2ade1ca21431041edcb14d5f17dd4911475861cec41755502771901127f,0eb4df990f6753bfc9e9029bf76f169c28456414
Climate_h4,0,1022,N+S+Q,2026,4,75.27111061244801,7da4c3e4b88a59766a74c16a58971d1c0ec5427b8c19b8122cb4edb1b68214db,cd9df2ade1ca21431041edcb14d5f17dd4911475861cec41755502771901127f,0eb4df990f6753bfc9e9029bf76f169c28456414
Climate_h4,0,1023,N+S+Q,2026,1,75.53123138645034,7da4c3e4b88a59766a74c16a58971d1c0ec5427b8c19b8122cb4edb1b68214db,cd9df2ade1ca21431041edcb14d5f17dd4911475861cec41755502771901127f,0eb4df990f6753bfc9e9029bf76f169c28456414
Climate_h4,0,1023,N+S+Q,2026,2,75.10389301333763,7da4c3e4b88a59766a74c16a58971d1c0ec5427b8c19b8122cb4edb1b68214db,cd9df2ade1ca21431041edcb14d5f17dd4911475861cec41755502771901127f,0eb4df990f6753bfc9e9029bf76f169c28456414
Climate_h4,0,1023,N+S+Q,2026,3,74.71788345166563,7da4c3e4b88a59766a74c16a58971d1c0ec5427b8c19b8122cb4edb1b68214db,cd9df2ade1ca21431041edcb14d5f17dd4911475861cec41755502771901127f,0eb4df990f6753bfc9e9029bf76f169c28456414
Climate_h4,0,1023,N+S+Q,2026,4,74.41145853395116,7da4c3e4b88a59766a74c16a58971d1c0ec5427b8c19b8122cb4edb1b68214db,cd9df2ade1ca21431041edcb14d5f17dd4911475861cec41755502771901127f,0eb4df990f6753bfc9e9029bf76f169c28456414
Climate_h4,0,1024,N+S+Q,2026,1,74.25967849288637,7da4c3e4b88a59766a74c16a58971d1c0ec5427b8c19b8122cb4edb1b68214db,cd9df2ade1ca21431041edcb14d5f17dd4911475861cec41755502771901127f,0eb4df990f6753bfc9e9029bf76f169c28456414
Climate_h4,0,1024,N+S+Q,2026,2,73.91099442741454,7da4c3e4b88a59766a74c16a58971d1c0ec5427b8c19b8122cb4edb1b68214db,cd9df2ade1ca21431041edcb14d5f17dd4911475861cec41755502771901127f,0eb4df990f6753bfc9e9029bf76f169c28456414
Climate_h4,0,1024,N+S+Q,2026,3,73.61239516040153,7da4c3e4b88a59766a74c16a58971d1c0ec5427b8c19b8122cb4edb1b68214db,cd9df2ade1ca21431041edcb14d5f17dd4911475861cec41755502771901127f,0eb4df990f6753bfc9e9029bf76f169c28456414
Climate_h4,0,1024,N+S+Q,2026,4,73.37700172100786,7da4c3e4b88a59766a74c16a58971d1c0ec5427b8c19b8122cb4edb1b68214db,cd9df2ade1ca21431041edcb14d5f17dd4911475861cec41755502771901127f,0eb4df990f6753bfc9e9029bf76f169c28456414
Climate_h4,0,1025,N+S+Q,2026,1,72.04484888584807,7da4c3e4b88a59766a74c16a58971d1c0ec5427b8c19b8122cb4edb1b68214db,cd9df2ade1ca21431041edcb14d5f17dd4911475861cec41755502771901127f,0eb4df990f6753bfc9e9029bf76f169c28456414
Climate_h4,0,1025,N+S+Q,2026,2,71.78458189443673,7da4c3e4b88a59766a74c16a58971d1c0ec5427b8c19b8122cb4edb1b68214db,cd9df2ade1ca21431041edcb14d5f17dd4911475861cec41755502771901127f,0eb4df990f6753bfc9e9029bf76f169c28456414
Climate_h4,0,1025,N+S+Q,2026,3,71.55622122002714,7da4c3e4b88a59766a74c16a58971d1c0ec5427b8c19b8122cb4edb1b68214db,cd9df2ade1ca21431041edcb14d5f17dd4911475861cec41755502771901127f,0eb4df990f6753bfc9e9029bf76f169c28456414
Climate_h4,0,1025,N+S+Q,2026,4,71.36528233576352,7da4c3e4b88a59766a74c16a58971d1c0ec5427b8c19b8122cb4edb1b68214db,cd9df2ade1ca21431041edcb14d5f17dd4911475861cec41755502771901127f,0eb4df990f6753bfc9e9029bf76f169c28456414
Climate_h4,0,1026,N+S+Q,2026,1,70.92321259761164,7da4c3e4b88a59766a74c16a58971d1c0ec5427b8c19b8122cb4edb1b68214db,cd9df2ade1ca21431041edcb14d5f17dd4911475861cec41755502771901127f,0eb4df990f6753bfc9e9029bf76f169c28456414
Climate_h4,0,1026,N+S+Q,2026,2,70.72944881881118,7da4c3e4b88a59766a74c16a58971d1c0ec5427b8c19b8122cb4edb1b68214db,cd9df2ade1ca21431041edcb14d5f17dd4911475861cec41755502771901127f,0eb4df990f6753bfc9e9029bf76f169c28456414
Climate_h4,0,1026,N+S+Q,2026,3,70.5459871640017,7da4c3e4b88a59766a74c16a58971d1c0ec5427b8c19b8122cb4edb1b68214db,cd9df2ade1ca21431041edcb14d5f17dd4911475861cec41755502771901127f,0eb4df990f6753bfc9e9029bf76f169c28456414
Climate_h4,0,1026,N+S+Q,2026,4,70.39536785585139,7da4c3e4b88a59766a74c16a58971d1c0ec5427b8c19b8122cb4edb1b68214db,cd9df2ade1ca21431041edcb14d5f17dd4911475861cec41755502771901127f,0eb4df990f6753bfc9e9029bf76f169c28456414
Climate_h4,0,1027,N+S+Q,2026,1,69.98266096084564,7da4c3e4b88a59766a74c16a58971d1c0ec5427b8c19b8122cb4edb1b68214db,cd9df2ade1ca21431041edcb14d5f17dd4911475861cec41755502771901127f,0eb4df990f6753bfc9e9029bf76f169c28456414
Climate_h4,0,1027,N+S+Q,2026,2,69.82666109587876,7da4c3e4b88a59766a74c16a58971d1c0ec5427b8c19b8122cb4edb1b68214db,cd9df2ade1ca21431041edcb14d5f17dd4911475861cec41755502771901127f,0eb4df990f6753bfc9e9029bf76f169c28456414
Climate_h4,0,1027,N+S+Q,2026,3,69.6757393438236,7da4c3e4b88a59766a74c16a58971d1c0ec5427b8c19b8122cb4edb1b68214db,cd9df2ade1ca21431041edcb14d5f17dd4911475861cec41755502771901127f,0eb4df990f6753bfc9e9029bf76f169c28456414
Climate_h4,0,1027,N+S+Q,2026,4,69.55022810854538,7da4c3e4b88a59766a74c16a58971d1c0ec5427b8c19b8122cb4edb1b68214db,cd9df2ade1ca21431041edcb14d5f17dd4911475861cec41755502771901127f,0eb4df990f6753bfc9e9029bf76f169c28456414
Climate_h4,0,1028,N+S+Q,2026,1,69.1118200536755,7da4c3e4b88a59766a74c16a58971d1c0ec5427b8c19b8122cb4edb1b68214db,cd9df2ade1ca21431041edcb14d5f17dd4911475861cec41755502771901127f,0eb4df990f6753bfc9e9029bf76f169c28456414
Climate_h4,0,1028,N+S+Q,2026,2,68.99601480322669,7da4c3e4b88a59766a74c16a58971d1c0ec5427b8c19b8122cb4edb1b68214db,cd9df2ade1ca21431041edcb14d5f17dd4911475861cec41755502771901127f,0eb4df990f6753bfc9e9029bf76f169c28456414
Climate_h4,0,1028,N+S+Q,2026,3,68.88015157944518,7da4c3e4b88a59766a74c16a58971d1c0ec5427b8c19b8122cb4edb1b68214db,cd9df2ade1ca21431041edcb14d5f17dd4911475861cec41755502771901127f,0eb4df990f6753bfc9e9029bf76f169c28456414
Climate_h4,0,1028,N+S+Q,2026,4,68.76968817580659,7da4c3e4b88a59766a74c16a58971d1c0ec5427b8c19b8122cb4edb1b68214db,cd9df2ade1ca21431041edcb14d5f17dd4911475861cec41755502771901127f,0eb4df990f6753bfc9e9029bf76f169c28456414
Climate_h4,0,1029,N+S+Q,2026,1,67.3497543393421,7da4c3e4b88a59766a74c16a58971d1c0ec5427b8c19b8122cb4edb1b68214db,cd9df2ade1ca21431041edcb14d5f17dd4911475861cec41755502771901127f,0eb4df990f6753bfc9e9029bf76f169c28456414
Climate_h4,0,1029,N+S+Q,2026,2,67.26903997275343,7da4c3e4b88a59766a74c16a58971d1c0ec5427b8c19b8122cb4edb1b68214db,cd9df2ade1ca21431041edcb14d5f17dd4911475861cec41755502771901127f,0eb4df990f6753bfc9e9029bf76f169c28456414
Climate_h4,0,1029,N+S+Q,2026,3,67.1685206227905,7da4c3e4b88a59766a74c16a58971d1c0ec5427b8c19b8122cb4edb1b68214db,cd9df2ade1ca21431041edcb14d5f17dd4911475861cec41755502771901127f,0eb4df990f6753bfc9e9029bf76f169c28456414
Climate_h4,0,1029,N+S+Q,2026,4,67.06100893157854,7da4c3e4b88a59766a74c16a58971d1c0ec5427b8c19b8122cb4edb1b68214db,cd9df2ade1ca21431041edcb14d5f17dd4911475861cec41755502771901127f,0eb4df990f6753bfc9e9029bf76f169c28456414
Climate_h4,0,1030,N+S+Q,2026,1,64.33637412394003,7da4c3e4b88a59766a74c16a58971d1c0ec5427b8c19b8122cb4edb1b68214db,cd9df2ade1ca21431041edcb14d5f17dd4911475861cec41755502771901127f,0eb4df990f6753bfc9e9029bf76f169c28456414
Climate_h4,0,1030,N+S+Q,2026,2,64.26893156347883,7da4c3e4b88a59766a74c16a58971d1c0ec5427b8c19b8122cb4edb1b68214db,cd9df2ade1ca21431041edcb14d5f17dd4911475861cec41755502771901127f,0eb4df990f6753bfc9e9029bf76f169c28456414
Climate_h4,0,1030,N+S+Q,2026,3,64.17090592730781,7da4c3e4b88a59766a74c16a58971d1c0ec5427b8c19b8122cb4edb1b68214db,cd9df2ade1ca21431041edcb14d5f17dd4911475861cec41755502771901127f,0eb4df990f6753bfc9e9029bf76f169c28456414
Climate_h4,0,1030,N+S+Q,2026,4,64.07192908020792,7da4c3e4b88a59766a74c16a58971d1c0ec5427b8c19b8122cb4edb1b68214db,cd9df2ade1ca21431041edcb14d5f17dd4911475861cec41755502771901127f,0eb4df990f6753bfc9e9029bf76f169c28456414
Climate_h4,0,1031,N+S+Q,2026,1,65.08367079672523,7da4c3e4b88a59766a74c16a58971d1c0ec5427b8c19b8122cb4edb1b68214db,cd9df2ade1ca21431041edcb14d5f17dd4911475861cec41755502771901127f,0eb4df990f6753bfc9e9029bf76f169c28456414
Climate_h4,0,1031,N+S+Q,2026,2,65.01850244908353,7da4c3e4b88a59766a74c16a58971d1c0ec5427b8c19b8122cb4edb1b68214db,cd9df2ade1ca21431041edcb14d5f17dd4911475861cec41755502771901127f,0eb4df990f6753bfc9e9029bf76f169c28456414
Climate_h4,0,1031,N+S+Q,2026,3,64.92719137395713,7da4c3e4b88a59766a74c16a58971d1c0ec5427b8c19b8122cb4edb1b68214db,cd9df2ade1ca21431041edcb14d5f17dd4911475861cec41755502771901127f,0eb4df990f6753bfc9e9029bf76f169c28456414
Climate_h4,0,1031,N+S+Q,2026,4,64.78707028565042,7da4c3e4b88a59766a74c16a58971d1c0ec5427b8c19b8122cb4edb1b68214db,cd9df2ade1ca21431041edcb14d5f17dd4911475861cec41755502771901127f,0eb4df990f6753bfc9e9029bf76f169c28456414
Climate_h4,0,1032,N+S+Q,2026,1,67.28986959935352,7da4c3e4b88a59766a74c16a58971d1c0ec5427b8c19b8122cb4edb1b68214db,cd9df2ade1ca21431041edcb14d5f17dd4911475861cec41755502771901127f,0eb4df990f6753bfc9e9029bf76f169c28456414
Climate_h4,0,1032,N+S+Q,2026,2,67.22118446082025,7da4c3e4b88a59766a74c16a58971d1c0ec5427b8c19b8122cb4edb1b68214db,cd9df2ade1ca21431041edcb14d5f17dd4911475861cec41755502771901127f,0eb4df990f6753bfc9e9029bf76f169c28456414
Climate_h4,0,1032,N+S+Q,2026,3,67.087022146859,7da4c3e4b88a59766a74c16a58971d1c0ec5427b8c19b8122cb4edb1b68214db,cd9df2ade1ca21431041edcb14d5f17dd4911475861cec41755502771901127f,0eb4df990f6753bfc9e9029bf76f169c28456414
Climate_h4,0,1032,N+S+Q,2026,4,66.89322411551923,7da4c3e4b88a59766a74c16a58971d1c0ec5427b8c19b8122cb4edb1b68214db,cd9df2ade1ca21431041edcb14d5f17dd4911475861cec41755502771901127f,0eb4df990f6753bfc9e9029bf76f169c28456414
Climate_h4,0,1033,N+S+Q,2026,1,64.8842351461382,7da4c3e4b88a59766a74c16a58971d1c0ec5427b8c19b8122cb4edb1b68214db,cd9df2ade1ca21431041edcb14d5f17dd4911475861cec41755502771901127f,0eb4df990f6753bfc9e9029bf76f169c28456414
Climate_h4,0,1033,N+S+Q,2026,2,64.76562775682572,7da4c3e4b88a59766a74c16a58971d1c0ec5427b8c19b8122cb4edb1b68214db,cd9df2ade1ca21431041edcb14d5f17dd4911475861cec41755502771901127f,0eb4df990f6753bfc9e9029bf76f169c28456414
Climate_h4,0,1033,N+S+Q,2026,3,64.57642654410066,7da4c3e4b88a59766a74c16a58971d1c0ec5427b8c19b8122cb4edb1b68214db,cd9df2ade1ca21431041edcb14d5f17dd4911475861cec41755502771901127f,0eb4df990f6753bfc9e9029bf76f169c28456414
Climate_h4,0,1033,N+S+Q,2026,4,64.35660188629129,7da4c3e4b88a59766a74c16a58971d1c0ec5427b8c19b8122cb4edb1b68214db,cd9df2ade1ca21431041edcb14d5f17dd4911475861cec41755502771901127f,0eb4df990f6753bfc9e9029bf76f169c28456414
Climate_h4,0,1034,N+S+Q,2026,1,66.88226776164771,7da4c3e4b88a59766a74c16a58971d1c0ec5427b8c19b8122cb4edb1b68214db,cd9df2ade1ca21431041edcb14d5f17dd4911475861cec41755502771901127f,0eb4df990f6753bfc9e9029bf76f169c28456414
Climate_h4,0,1034,N+S+Q,2026,2,66.69439069944107,7da4c3e4b88a59766a74c16a58971d1c0ec5427b8c19b8122cb4edb1b68214db,cd9df2ade1ca21431041edcb14d5f17dd4911475861cec41755502771901127f,0eb4df990f6753bfc9e9029bf76f169c28456414
Climate_h4,0,1034,N+S+Q,2026,3,66.46513138360811,7da4c3e4b88a59766a74c16a58971d1c0ec5427b8c19b8122cb4edb1b68214db,cd9df2ade1ca21431041edcb14d5f17dd4911475861cec41755502771901127f,0eb4df990f6753bfc9e9029bf76f169c28456414
Climate_h4,0,1034,N+S+Q,2026,4,66.19324193559527,7da4c3e4b88a59766a74c16a58971d1c0ec5427b8c19b8122cb4edb1b68214db,cd9df2ade1ca21431041edcb14d5f17dd4911475861cec41755502771901127f,0eb4df990f6753bfc9e9029bf76f169c28456414
Climate_h4,0,1035,N+S+Q,2026,1,69.94443178018253,7da4c3e4b88a59766a74c16a58971d1c0ec5427b8c19b8122cb4edb1b68214db,cd9df2ade1ca21431041edcb14d5f17dd4911475861cec41755502771901127f,0eb4df990f6753bfc9e9029bf76f169c28456414
Climate_h4,0,1035,N+S+Q,2026,2,69.68244011007103,7da4c3e4b88a59766a74c16a58971d1c0ec5427b8c19b8122cb4edb1b68214db,cd9df2ade1ca21431041edcb14d5f17dd4911475861cec41755502771901127f,0eb4df990f6753bfc9e9029bf76f169c28456414
Climate_h4,0,1035,N+S+Q,2026,3,69.37068918465363,7da4c3e4b88a59766a74c16a58971d1c0ec5427b8c19b8122cb4edb1b68214db,cd9df2ade1ca21431041edcb14d5f17dd4911475861cec41755502771901127f,0eb4df990f6753bfc9e9029bf76f169c28456414
Climate_h4,0,1035,N+S+Q,2026,4,68.99012534806045,7da4c3e4b88a59766a74c16a58971d1c0ec5427b8c19b8122cb4edb1b68214db,cd9df2ade1ca21431041edcb14d5f17dd4911475861cec41755502771901127f,0eb4df990f6753bfc9e9029bf76f169c28456414
Climate_h4,0,1036,N+S+Q,2026,1,74.74400340229249,7da4c3e4b88a59766a74c16a58971d1c0ec5427b8c19b8122cb4edb1b68214db,cd9df2ade1ca21431041edcb14d5f17dd4911475861cec41755502771901127f,0eb4df990f6753bfc9e9029bf76f169c28456414
Climate_h4,0,1036,N+S+Q,2026,2,74.38452044869021,7da4c3e4b88a59766a74c16a58971d1c0ec5427b8c19b8122cb4edb1b68214db,cd9df2ade1ca21431041edcb14d5f17dd4911475861cec41755502771901127f,0eb4df990f6753bfc9e9029bf76f169c28456414
Climate_h4,0,1036,N+S+Q,2026,3,73.9584534839872,7da4c3e4b88a59766a74c16a58971d1c0ec5427b8c19b8122cb4edb1b68214db,cd9df2ade1ca21431041edcb14d5f17dd4911475861cec41755502771901127f,0eb4df990f6753bfc9e9029bf76f169c28456414
Climate_h4,0,1036,N+S+Q,2026,4,73.46595777108419,7da4c3e4b88a59766a74c16a58971d1c0ec5427b8c19b8122cb4edb1b68214db,cd9df2ade1ca21431041edcb14d5f17dd4911475861cec41755502771901127f,0eb4df990f6753bfc9e9029bf76f169c28456414
Climate_h4,0,1037,N+S+Q,2026,1,73.02069040777168,7da4c3e4b88a59766a74c16a58971d1c0ec5427b8c19b8122cb4edb1b68214db,cd9df2ade1ca21431041edcb14d5f17dd4911475861cec41755502771901127f,0eb4df990f6753bfc9e9029bf76f169c28456414
Climate_h4,0,1037,N+S+Q,2026,2,72.57268990497613,7da4c3e4b88a59766a74c16a58971d1c0ec5427b8c19b8122cb4edb1b68214db,cd9df2ade1ca21431041edcb14d5f17dd4911475861cec41755502771901127f,0eb4df990f6753bfc9e9029bf76f169c28456414
Climate_h4,0,1037,N+S+Q,2026,3,72.06243468959352,7da4c3e4b88a59766a74c16a58971d1c0ec5427b8c19b8122cb4edb1b68214db,cd9df2ade1ca21431041edcb14d5f17dd4911475861cec41755502771901127f,0eb4df990f6753bfc9e9029bf76f169c28456414
Climate_h4,0,1037,N+S+Q,2026,4,71.50978219280515,7da4c3e4b88a59766a74c16a58971d1c0ec5427b8c19b8122cb4edb1b68214db,cd9df2ade1ca21431041edcb14d5f17dd4911475861cec41755502771901127f,0eb4df990f6753bfc9e9029bf76f169c28456414
Climate_h4,0,1038,N+S+Q,2026,1,73.12275697586516,7da4c3e4b88a59766a74c16a58971d1c0ec5427b8c19b8122cb4edb1b68214db,cd9df2ade1ca21431041edcb14d5f17dd4911475861cec41755502771901127f,0eb4df990f6753bfc9e9029bf76f169c28456414
Climate_h4,0,1038,N+S+Q,2026,2,72.57574475806506,7da4c3e4b88a59766a74c16a58971d1c0ec5427b8c19b8122cb4edb1b68214db,cd9df2ade1ca21431041edcb14d5f17dd4911475861cec41755502771901127f,0eb4df990f6753bfc9e9029bf76f169c28456414
Climate_h4,0,1038,N+S+Q,2026,3,71.99567538822204,7da4c3e4b88a59766a74c16a58971d1c0ec5427b8c19b8122cb4edb1b68214db,cd9df2ade1ca21431041edcb14d5f17dd4911475861cec41755502771901127f,0eb4df990f6753bfc9e9029bf76f169c28456414
Climate_h4,0,1038,N+S+Q,2026,4,71.36511795391462,7da4c3e4b88a59766a74c16a58971d1c0ec5427b8c19b8122cb4edb1b68214db,cd9df2ade1ca21431041edcb14d5f17dd4911475861cec41755502771901127f,0eb4df990f6753bfc9e9029bf76f169c28456414
Climate_h4,0,1039,N+S+Q,2026,1,70.3537717938955,7da4c3e4b88a59766a74c16a58971d1c0ec5427b8c19b8122cb4edb1b68214db,cd9df2ade1ca21431041edcb14d5f17dd4911475861cec41755502771901127f,0eb4df990f6753bfc9e9029bf76f169c28456414
Climate_h4,0,1039,N+S+Q,2026,2,69.76815612687307,7da4c3e4b88a59766a74c16a58971d1c0ec5427b8c19b8122cb4edb1b68214db,cd9df2ade1ca21431041edcb14d5f17dd4911475861cec41755502771901127f,0eb4df990f6753bfc9e9029bf76f169c28456414
Climate_h4,0,1039,N+S+Q,2026,3,69.14173881069176,7da4c3e4b88a59766a74c16a58971d1c0ec5427b8c19b8122cb4edb1b68214db,cd9df2ade1ca21431041edcb14d5f17dd4911475861cec41755502771901127f,0eb4df990f6753bfc9e9029bf76f169c28456414
Climate_h4,0,1039,N+S+Q,2026,4,68.4420388616197,7da4c3e4b88a59766a74c16a58971d1c0ec5427b8c19b8122cb4edb1b68214db,cd9df2ade1ca21431041edcb14d5f17dd4911475861cec41755502771901127f,0eb4df990f6753bfc9e9029bf76f169c28456414
Climate_h4,0,1040,N+S+Q,2026,1,71.43485349795513,7da4c3e4b88a59766a74c16a58971d1c0ec5427b8c19b8122cb4edb1b68214db,cd9df2ade1ca21431041edcb14d5f17dd4911475861cec41755502771901127f,0eb4df990f6753bfc9e9029bf76f169c28456414
Climate_h4,0,1040,N+S+Q,2026,2,70.78463958976148,7da4c3e4b88a59766a74c16a58971d1c0ec5427b8c19b8122cb4edb1b68214db,cd9df2ade1ca21431041edcb14d5f17dd4911475861cec41755502771901127f,0eb4df990f6753bfc9e9029bf76f169c28456414
Climate_h4,0,1040,N+S+Q,2026,3,70.08413523044916,7da4c3e4b88a59766a74c16a58971d1c0ec5427b8c19b8122cb4edb1b68214db,cd9df2ade1ca21431041edcb14d5f17dd4911475861cec41755502771901127f,0eb4df990f6753bfc9e9029bf76f169c28456414
Climate_h4,0,1040,N+S+Q,2026,4,69.31780453696494,7da4c3e4b88a59766a74c16a58971d1c0ec5427b8c19b8122cb4edb1b68214db,cd9df2ade1ca21431041edcb14d5f17dd4911475861cec41755502771901127f,0eb4df990f6753bfc9e9029bf76f169c28456414
Climate_h4,0,1041,N+S+Q,2026,1,74.61399238670433,7da4c3e4b88a59766a74c16a58971d1c0ec5427b8c19b8122cb4edb1b68214db,cd9df2ade1ca21431041edcb14d5f17dd4911475861cec41755502771901127f,0eb4df990f6753bfc9e9029bf76f169c28456414
Climate_h4,0,1041,N+S+Q,2026,2,73.87255376637874,7da4c3e4b88a59766a74c16a58971d1c0ec5427b8c19b8122cb4edb1b68214db,cd9df2ade1ca21431041edcb14d5f17dd4911475861cec41755502771901127f,0eb4df990f6753bfc9e9029bf76f169c28456414
Climate_h4,0,1041,N+S+Q,2026,3,73.08398070568686,7da4c3e4b88a59766a74c16a58971d1c0ec5427b8c19b8122cb4edb1b68214db,cd9df2ade1ca21431041edcb14d5f17dd4911475861cec41755502771901127f,0eb4df990f6753bfc9e9029bf76f169c28456414
Climate_h4,0,1041,N+S+Q,2026,4,72.26725235151498,7da4c3e4b88a59766a74c16a58971d1c0ec5427b8c19b8122cb4edb1b68214db,cd9df2ade1ca21431041edcb14d5f17dd4911475861cec41755502771901127f,0eb4df990f6753bfc9e9029bf76f169c28456414
Climate_h4,0,1042,N+S+Q,2026,1,75.384579292154,7da4c3e4b88a59766a74c16a58971d1c0ec5427b8c19b8122cb4edb1b68214db,cd9df2ade1ca21431041edcb14d5f17dd4911475861cec41755502771901127f,0eb4df990f6753bfc9e9029bf76f169c28456414
Climate_h4,0,1042,N+S+Q,2026,2,74.54528271709515,7da4c3e4b88a59766a74c16a58971d1c0ec5427b8c19b8122cb4edb1b68214db,cd9df2ade1ca21431041edcb14d5f17dd4911475861cec41755502771901127f,0eb4df990f6753bfc9e9029bf76f169c28456414
Climate_h4,0,1042,N+S+Q,2026,3,73.69881784817213,7da4c3e4b88a59766a74c16a58971d1c0ec5427b8c19b8122cb4edb1b68214db,cd9df2ade1ca21431041edcb14d5f17dd4911475861cec41755502771901127f,0eb4df990f6753bfc9e9029bf76f169c28456414
Climate_h4,0,1042,N+S+Q,2026,4,72.84949543653157,7da4c3e4b88a59766a74c16a58971d1c0ec5427b8c19b8122cb4edb1b68214db,cd9df2ade1ca21431041edcb14d5f17dd4911475861cec41755502771901127f,0eb4df990f6753bfc9e9029bf76f169c28456414
Climate_h4,0,1043,N+S+Q,2026,1,76.49045138873568,7da4c3e4b88a59766a74c16a58971d1c0ec5427b8c19b8122cb4edb1b68214db,cd9df2ade1ca21431041edcb14d5f17dd4911475861cec41755502771901127f,0eb4df990f6753bfc9e9029bf76f169c28456414
Climate_h4,0,1043,N+S+Q,2026,2,75.58840463816317,7da4c3e4b88a59766a74c16a58971d1c0ec5427b8c19b8122cb4edb1b68214db,cd9df2ade1ca21431041edcb14d5f17dd4911475861cec41755502771901127f,0eb4df990f6753bfc9e9029bf76f169c28456414
Climate_h4,0,1043,N+S+Q,2026,3,74.7051699371138,7da4c3e4b88a59766a74c16a58971d1c0ec5427b8c19b8122cb4edb1b68214db,cd9df2ade1ca21431041edcb14d5f17dd4911475861cec41755502771901127f,0eb4df990f6753bfc9e9029bf76f169c28456414
Climate_h4,0,1043,N+S+Q,2026,4,73.83930151128868,7da4c3e4b88a59766a74c16a58971d1c0ec5427b8c19b8122cb4edb1b68214db,cd9df2ade1ca21431041edcb14d5f17dd4911475861cec41755502771901127f,0eb4df990f6753bfc9e9029bf76f169c28456414
Climate_h4,0,1044,N+S+Q,2026,1,77.65930026715776,7da4c3e4b88a59766a74c16a58971d1c0ec5427b8c19b8122cb4edb1b68214db,cd9df2ade1ca21431041edcb14d5f17dd4911475861cec41755502771901127f,0eb4df990f6753bfc9e9029bf76f169c28456414
Climate_h4,0,1044,N+S+Q,2026,2,76.7346817208855,7da4c3e4b88a59766a74c16a58971d1c0ec5427b8c19b8122cb4edb1b68214db,cd9df2ade1ca21431041edcb14d5f17dd4911475861cec41755502771901127f,0eb4df990f6753bfc9e9029bf76f169c28456414
Climate_h4,0,1044,N+S+Q,2026,3,75.84043567430831,7da4c3e4b88a59766a74c16a58971d1c0ec5427b8c19b8122cb4edb1b68214db,cd9df2ade1ca21431041edcb14d5f17dd4911475861cec41755502771901127f,0eb4df990f6753bfc9e9029bf76f169c28456414
Climate_h4,0,1044,N+S+Q,2026,4,74.9789604292425,7da4c3e4b88a59766a74c16a58971d1c0ec5427b8c19b8122cb4edb1b68214db,cd9df2ade1ca21431041edcb14d5f17dd4911475861cec41755502771901127f,0eb4df990f6753bfc9e9029bf76f169c28456414
Climate_h4,0,1045,N+S+Q,2026,1,77.83218170272907,7da4c3e4b88a59766a74c16a58971d1c0ec5427b8c19b8122cb4edb1b68214db,cd9df2ade1ca21431041edcb14d5f17dd4911475861cec41755502771901127f,0eb4df990f6753bfc9e9029bf76f169c28456414
Climate_h4,0,1045,N+S+Q,2026,2,76.88433194460134,7da4c3e4b88a59766a74c16a58971d1c0ec5427b8c19b8122cb4edb1b68214db,cd9df2ade1ca21431041edcb14d5f17dd4911475861cec41755502771901127f,0eb4df990f6753bfc9e9029bf76f169c28456414
Climate_h4,0,1045,N+S+Q,2026,3,76.01803919693344,7da4c3e4b88a59766a74c16a58971d1c0ec5427b8c19b8122cb4edb1b68214db,cd9df2ade1ca21431041edcb14d5f17dd4911475861cec41755502771901127f,0eb4df990f6753bfc9e9029bf76f169c28456414
Climate_h4,0,1045,N+S+Q,2026,4,75.19580056125716,7da4c3e4b88a59766a74c16a58971d1c0ec5427b8c19b8122cb4edb1b68214db,cd9df2ade1ca21431041edcb14d5f17dd4911475861cec41755502771901127f,0eb4df990f6753bfc9e9029bf76f169c28456414
Climate_h4,0,1046,N+S+Q,2026,1,78.5304296521194,7da4c3e4b88a59766a74c16a58971d1c0ec5427b8c19b8122cb4edb1b68214db,cd9df2ade1ca21431041edcb14d5f17dd4911475861cec41755502771901127f,0eb4df990f6753bfc9e9029bf76f169c28456414
Climate_h4,0,1046,N+S+Q,2026,2,77.6004768877419,7da4c3e4b88a59766a74c16a58971d1c0ec5427b8c19b8122cb4edb1b68214db,cd9df2ade1ca21431041edcb14d5f17dd4911475861cec41755502771901127f,0eb4df990f6753bfc9e9029bf76f169c28456414
Climate_h4,0,1046,N+S+Q,2026,3,76.73916491732187,7da4c3e4b88a59766a74c16a58971d1c0ec5427b8c19b8122cb4edb1b68214db,cd9df2ade1ca21431041edcb14d5f17dd4911475861cec41755502771901127f,0eb4df990f6753bfc9e9029bf76f169c28456414
Climate_h4,0,1046,N+S+Q,2026,4,75.93117170996284,7da4c3e4b88a59766a74c16a58971d1c0ec5427b8c19b8122cb4edb1b68214db,cd9df2ade1ca21431041edcb14d5f17dd4911475861cec41755502771901127f,0eb4df990f6753bfc9e9029bf76f169c28456414
Climate_h4,0,1047,N+S+Q,2026,1,77.24014110434386,7da4c3e4b88a59766a74c16a58971d1c0ec5427b8c19b8122cb4edb1b68214db,cd9df2ade1ca21431041edcb14d5f17dd4911475861cec41755502771901127f,0eb4df990f6753bfc9e9029bf76f169c28456414
Climate_h4,0,1047,N+S+Q,2026,2,76.32604218398562,7da4c3e4b88a59766a74c16a58971d1c0ec5427b8c19b8122cb4edb1b68214db,cd9df2ade1ca21431041edcb14d5f17dd4911475861cec41755502771901127f,0eb4df990f6753bfc9e9029bf76f169c28456414
Climate_h4,0,1047,N+S+Q,2026,3,75.49223705641379,7da4c3e4b88a59766a74c16a58971d1c0ec5427b8c19b8122cb4edb1b68214db,cd9df2ade1ca21431041edcb14d5f17dd4911475861cec41755502771901127f,0eb4df990f6753bfc9e9029bf76f169c28456414
Climate_h4,0,1047,N+S+Q,2026,4,74.72375901339372,7da4c3e4b88a59766a74c16a58971d1c0ec5427b8c19b8122cb4edb1b68214db,cd9df2ade1ca21431041edcb14d5f17dd4911475861cec41755502771901127f,0eb4df990f6753bfc9e9029bf76f169c28456414
Climate_h4,0,1048,N+S+Q,2026,1,75.17321962832047,7da4c3e4b88a59766a74c16a58971d1c0ec5427b8c19b8122cb4edb1b68214db,cd9df2ade1ca21431041edcb14d5f17dd4911475861cec41755502771901127f,0eb4df990f6753bfc9e9029bf76f169c28456414
Climate_h4,0,1048,N+S+Q,2026,2,74.28382864076882,7da4c3e4b88a59766a74c16a58971d1c0ec5427b8c19b8122cb4edb1b68214db,cd9df2ade1ca21431041edcb14d5f17dd4911475861cec41755502771901127f,0eb4df990f6753bfc9e9029bf76f169c28456414
Climate_h4,0,1048,N+S+Q,2026,3,73.48784104275671,7da4c3e4b88a59766a74c16a58971d1c0ec5427b8c19b8122cb4edb1b68214db,cd9df2ade1ca21431041edcb14d5f17dd4911475861cec41755502771901127f,0eb4df990f6753bfc9e9029bf76f169c28456414
Climate_h4,0,1048,N+S+Q,2026,4,72.78098161881044,7da4c3e4b88a59766a74c16a58971d1c0ec5427b8c19b8122cb4edb1b68214db,cd9df2ade1ca21431041edcb14d5f17dd4911475861cec41755502771901127f,0eb4df990f6753bfc9e9029bf76f169c28456414
Climate_h4,0,1049,N+S+Q,2026,1,76.03267231645201,7da4c3e4b88a59766a74c16a58971d1c0ec5427b8c19b8122cb4edb1b68214db,cd9df2ade1ca21431041edcb14d5f17dd4911475861cec41755502771901127f,0eb4df990f6753bfc9e9029bf76f169c28456414
Climate_h4,0,1049,N+S+Q,2026,2,75.18883130709666,7da4c3e4b88a59766a74c16a58971d1c0ec5427b8c19b8122cb4edb1b68214db,cd9df2ade1ca21431041edcb14d5f17dd4911475861cec41755502771901127f,0eb4df990f6753bfc9e9029bf76f169c28456414
Climate_h4,0,1049,N+S+Q,2026,3,74.45695094182147,7da4c3e4b88a59766a74c16a58971d1c0ec5427b8c19b8122cb4edb1b68214db,cd9df2ade1ca21431041edcb14d5f17dd4911475861cec41755502771901127f,0eb4df990f6753bfc9e9029bf76f169c28456414
Climate_h4,0,1049,N+S+Q,2026,4,73.8146872067611,7da4c3e4b88a59766a74c16a58971d1c0ec5427b8c19b8122cb4edb1b68214db,cd9df2ade1ca21431041edcb14d5f17dd4911475861cec41755502771901127f,0eb4df990f6753bfc9e9029bf76f169c28456414
Climate_h4,0,1050,N+S+Q,2026,1,77.37740274028586,7da4c3e4b88a59766a74c16a58971d1c0ec5427b8c19b8122cb4edb1b68214db,cd9df2ade1ca21431041edcb14d5f17dd4911475861cec41755502771901127f,0eb4df990f6753bfc9e9029bf76f169c28456414
Climate_h4,0,1050,N+S+Q,2026,2,76.60295471490718,7da4c3e4b88a59766a74c16a58971d1c0ec5427b8c19b8122cb4edb1b68214db,cd9df2ade1ca21431041edcb14d5f17dd4911475861cec41755502771901127f,0eb4df990f6753bfc9e9029bf76f169c28456414
Climate_h4,0,1050,N+S+Q,2026,3,75.9365892478911,7da4c3e4b88a59766a74c16a58971d1c0ec5427b8c19b8122cb4edb1b68214db,cd9df2ade1ca21431041edcb14d5f17dd4911475861cec41755502771901127f,0eb4df990f6753bfc9e9029bf76f169c28456414
Climate_h4,0,1050,N+S+Q,2026,4,75.35821790284854,7da4c3e4b88a59766a74c16a58971d1c0ec5427b8c19b8122cb4edb1b68214db,cd9df2ade1ca21431041edcb14d5f17dd4911475861cec41755502771901127f,0eb4df990f6753bfc9e9029bf76f169c28456414
Climate_h4,0,1051,N+S+Q,2026,1,78.26774189437594,7da4c3e4b88a59766a74c16a58971d1c0ec5427b8c19b8122cb4edb1b68214db,cd9df2ade1ca21431041edcb14d5f17dd4911475861cec41755502771901127f,0eb4df990f6753bfc9e9029bf76f169c28456414
Climate_h4,0,1051,N+S+Q,2026,2,77.54307918914685,7da4c3e4b88a59766a74c16a58971d1c0ec5427b8c19b8122cb4edb1b68214db,cd9df2ade1ca21431041edcb14d5f17dd4911475861cec41755502771901127f,0eb4df990f6753bfc9e9029bf76f169c28456414
Climate_h4,0,1051,N+S+Q,2026,3,76.92419040650523,7da4c3e4b88a59766a74c16a58971d1c0ec5427b8c19b8122cb4edb1b68214db,cd9df2ade1ca21431041edcb14d5f17dd4911475861cec41755502771901127f,0eb4df990f6753bfc9e9029bf76f169c28456414
Climate_h4,0,1051,N+S+Q,2026,4,76.41474268612266,7da4c3e4b88a59766a74c16a58971d1c0ec5427b8c19b8122cb4edb1b68214db,cd9df2ade1ca21431041edcb14d5f17dd4911475861cec41755502771901127f,0eb4df990f6753bfc9e9029bf76f169c28456414
Climate_h4,0,1052,N+S+Q,2026,1,79.00939447313795,7da4c3e4b88a59766a74c16a58971d1c0ec5427b8c19b8122cb4edb1b68214db,cd9df2ade1ca21431041edcb14d5f17dd4911475861cec41755502771901127f,0eb4df990f6753bfc9e9029bf76f169c28456414
Climate_h4,0,1052,N+S+Q,2026,2,78.32727609998034,7da4c3e4b88a59766a74c16a58971d1c0ec5427b8c19b8122cb4edb1b68214db,cd9df2ade1ca21431041edcb14d5f17dd4911475861cec41755502771901127f,0eb4df990f6753bfc9e9029bf76f169c28456414
Climate_h4,0,1052,N+S+Q,2026,3,77.76923831988842,7da4c3e4b88a59766a74c16a58971d1c0ec5427b8c19b8122cb4edb1b68214db,cd9df2ade1ca21431041edcb14d5f17dd4911475861cec41755502771901127f,0eb4df990f6753bfc9e9029bf76f169c28456414
Climate_h4,0,1052,N+S+Q,2026,4,77.32460680646273,7da4c3e4b88a59766a74c16a58971d1c0ec5427b8c19b8122cb4edb1b68214db,cd9df2ade1ca21431041edcb14d5f17dd4911475861cec41755502771901127f,0eb4df990f6753bfc9e9029bf76f169c28456414
Climate_h4,0,1053,N+S+Q,2026,1,78.41575108644237,7da4c3e4b88a59766a74c16a58971d1c0ec5427b8c19b8122cb4edb1b68214db,cd9df2ade1ca21431041edcb14d5f17dd4911475861cec41755502771901127f,0eb4df990f6753bfc9e9029bf76f169c28456414
Climate_h4,0,1053,N+S+Q,2026,2,77.80474163959074,7da4c3e4b88a59766a74c16a58971d1c0ec5427b8c19b8122cb4edb1b68214db,cd9df2ade1ca21431041edcb14d5f17dd4911475861cec41755502771901127f,0eb4df990f6753bfc9e9029bf76f169c28456414
Climate_h4,0,1053,N+S+Q,2026,3,77.3217458827734,7da4c3e4b88a59766a74c16a58971d1c0ec5427b8c19b8122cb4edb1b68214db,cd9df2ade1ca21431041edcb14d5f17dd4911475861cec41755502771901127f,0eb4df990f6753bfc9e9029bf76f169c28456414
Climate_h4,0,1053,N+S+Q,2026,4,76.94572605830663,7da4c3e4b88a59766a74c16a58971d1c0ec5427b8c19b8122cb4edb1b68214db,cd9df2ade1ca21431041edcb14d5f17dd4911475861cec41755502771901127f,0eb4df990f6753bfc9e9029bf76f169c28456414
Climate_h4,0,1054,N+S+Q,2026,1,79.08418880697661,7da4c3e4b88a59766a74c16a58971d1c0ec5427b8c19b8122cb4edb1b68214db,cd9df2ade1ca21431041edcb14d5f17dd4911475861cec41755502771901127f,0eb4df990f6753bfc9e9029bf76f169c28456414
Climate_h4,0,1054,N+S+Q,2026,2,78.5539935935413,7da4c3e4b88a59766a74c16a58971d1c0ec5427b8c19b8122cb4edb1b68214db,cd9df2ade1ca21431041edcb14d5f17dd4911475861cec41755502771901127f,0eb4df990f6753bfc9e9029bf76f169c28456414
Climate_h4,0,1054,N+S+Q,2026,3,78.14534010600737,7da4c3e4b88a59766a74c16a58971d1c0ec5427b8c19b8122cb4edb1b68214db,cd9df2ade1ca21431041edcb14d5f17dd4911475861cec41755502771901127f,0eb4df990f6753bfc9e9029bf76f169c28456414
Climate_h4,0,1054,N+S+Q,2026,4,77.83375507844049,7da4c3e4b88a59766a74c16a58971d1c0ec5427b8c19b8122cb4edb1b68214db,cd9df2ade1ca21431041edcb14d5f17dd4911475861cec41755502771901127f,0eb4df990f6753bfc9e9029bf76f169c28456414
Climate_h4,0,1055,N+S+Q,2026,1,78.64474494769847,7da4c3e4b88a59766a74c16a58971d1c0ec5427b8c19b8122cb4edb1b68214db,cd9df2ade1ca21431041edcb14d5f17dd4911475861cec41755502771901127f,0eb4df990f6753bfc9e9029bf76f169c28456414
Climate_h4,0,1055,N+S+Q,2026,2,78.19130825252284,7da4c3e4b88a59766a74c16a58971d1c0ec5427b8c19b8122cb4edb1b68214db,cd9df2ade1ca21431041edcb14d5f17dd4911475861cec41755502771901127f,0eb4df990f6753bfc9e9029bf76f169c28456414
Climate_h4,0,1055,N+S+Q,2026,3,77.84790493580425,7da4c3e4b88a59766a74c16a58971d1c0ec5427b8c19b8122cb4edb1b68214db,cd9df2ade1ca21431041edcb14d5f17dd4911475861cec41755502771901127f,0eb4df990f6753bfc9e9029bf76f169c28456414
Climate_h4,0,1055,N+S+Q,2026,4,77.60752573329171,7da4c3e4b88a59766a74c16a58971d1c0ec5427b8c19b8122cb4edb1b68214db,cd9df2ade1ca21431041edcb14d5f17dd4911475861cec41755502771901127f,0eb4df990f6753bfc9e9029bf76f169c28456414
Climate_h4,0,1056,N+S+Q,2026,1,78.59606713601988,7da4c3e4b88a59766a74c16a58971d1c0ec5427b8c19b8122cb4edb1b68214db,cd9df2ade1ca21431041edcb14d5f17dd4911475861cec41755502771901127f,0eb4df990f6753bfc9e9029bf76f169c28456414
Climate_h4,0,1056,N+S+Q,2026,2,78.20398739378875,7da4c3e4b88a59766a74c16a58971d1c0ec5427b8c19b8122cb4edb1b68214db,cd9df2ade1ca21431041edcb14d5f17dd4911475861cec41755502771901127f,0eb4df990f6753bfc9e9029bf76f169c28456414
Climate_h4,0,1056,N+S+Q,2026,3,77.92584332305067,7da4c3e4b88a59766a74c16a58971d1c0ec5427b8c19b8122cb4edb1b68214db,cd9df2ade1ca21431041edcb14d5f17dd4911475861cec41755502771901127f,0eb4df990f6753bfc9e9029bf76f169c28456414
Climate_h4,0,1056,N+S+Q,2026,4,77.73363567715164,7da4c3e4b88a59766a74c16a58971d1c0ec5427b8c19b8122cb4edb1b68214db,cd9df2ade1ca21431041edcb14d5f17dd4911475861cec41755502771901127f,0eb4df990f6753bfc9e9029bf76f169c28456414
Climate_h4,0,1057,N+S+Q,2026,1,78.53293152395324,7da4c3e4b88a59766a74c16a58971d1c0ec5427b8c19b8122cb4edb1b68214db,cd9df2ade1ca21431041edcb14d5f17dd4911475861cec41755502771901127f,0eb4df990f6753bfc9e9029bf76f169c28456414
Climate_h4,0,1057,N+S+Q,2026,2,78.21728384885593,7da4c3e4b88a59766a74c16a58971d1c0ec5427b8c19b8122cb4edb1b68214db,cd9df2ade1ca21431041edcb14d5f17dd4911475861cec41755502771901127f,0eb4df990f6753bfc9e9029bf76f169c28456414
Climate_h4,0,1057,N+S+Q,2026,3,77.99925385239027,7da4c3e4b88a59766a74c16a58971d1c0ec5427b8c19b8122cb4edb1b68214db,cd9df2ade1ca21431041edcb14d5f17dd4911475861cec41755502771901127f,0eb4df990f6753bfc9e9029bf76f169c28456414
Climate_h4,0,1057,N+S+Q,2026,4,77.87313921603588,7da4c3e4b88a59766a74c16a58971d1c0ec5427b8c19b8122cb4edb1b68214db,cd9df2ade1ca21431041edcb14d5f17dd4911475861cec41755502771901127f,0eb4df990f6753bfc9e9029bf76f169c28456414
Climate_h4,0,1058,N+S+Q,2026,1,78.35291051398066,7da4c3e4b88a59766a74c16a58971d1c0ec5427b8c19b8122cb4edb1b68214db,cd9df2ade1ca21431041edcb14d5f17dd4911475861cec41755502771901127f,0eb4df990f6753bfc9e9029bf76f169c28456414
Climate_h4,0,1058,N+S+Q,2026,2,78.09654886971342,7da4c3e4b88a59766a74c16a58971d1c0ec5427b8c19b8122cb4edb1b68214db,cd9df2ade1ca21431041edcb14d5f17dd4911475861cec41755502771901127f,0eb4df990f6753bfc9e9029bf76f169c28456414
Climate_h4,0,1058,N+S+Q,2026,3,77.93496648558886,7da4c3e4b88a59766a74c16a58971d1c0ec5427b8c19b8122cb4edb1b68214db,cd9df2ade1ca21431041edcb14d5f17dd4911475861cec41755502771901127f,0eb4df990f6753bfc9e9029bf76f169c28456414
Climate_h4,0,1058,N+S+Q,2026,4,77.85296577213116,7da4c3e4b88a59766a74c16a58971d1c0ec5427b8c19b8122cb4edb1b68214db,cd9df2ade1ca21431041edcb14d5f17dd4911475861cec41755502771901127f,0eb4df990f6753bfc9e9029bf76f169c28456414
Climate_h4,0,1059,N+S+Q,2026,1,78.362753598228,7da4c3e4b88a59766a74c16a58971d1c0ec5427b8c19b8122cb4edb1b68214db,cd9df2ade1ca21431041edcb14d5f17dd4911475861cec41755502771901127f,0eb4df990f6753bfc9e9029bf76f169c28456414
Climate_h4,0,1059,N+S+Q,2026,2,78.16395009960834,7da4c3e4b88a59766a74c16a58971d1c0ec5427b8c19b8122cb4edb1b68214db,cd9df2ade1ca21431041edcb14d5f17dd4911475861cec41755502771901127f,0eb4df990f6753bfc9e9029bf76f169c28456414
Climate_h4,0,1059,N+S+Q,2026,3,78.0466619139929,7da4c3e4b88a59766a74c16a58971d1c0ec5427b8c19b8122cb4edb1b68214db,cd9df2ade1ca21431041edcb14d5f17dd4911475861cec41755502771901127f,0eb4df990f6753bfc9e9029bf76f169c28456414
Climate_h4,0,1059,N+S+Q,2026,4,77.97996221141476,7da4c3e4b88a59766a74c16a58971d1c0ec5427b8c19b8122cb4edb1b68214db,cd9df2ade1ca21431041edcb14d5f17dd4911475861cec41755502771901127f,0eb4df990f6753bfc9e9029bf76f169c28456414
Climate_h4,0,1060,N+S+Q,2026,1,77.30048461551448,7da4c3e4b88a59766a74c16a58971d1c0ec5427b8c19b8122cb4edb1b68214db,cd9df2ade1ca21431041edcb14d5f17dd4911475861cec41755502771901127f,0eb4df990f6753bfc9e9029bf76f169c28456414
Climate_h4,0,1060,N+S+Q,2026,2,77.15609928905761,7da4c3e4b88a59766a74c16a58971d1c0ec5427b8c19b8122cb4edb1b68214db,cd9df2ade1ca21431041edcb14d5f17dd4911475861cec41755502771901127f,0eb4df990f6753bfc9e9029bf76f169c28456414
Climate_h4,0,1060,N+S+Q,2026,3,77.05995550073379,7da4c3e4b88a59766a74c16a58971d1c0ec5427b8c19b8122cb4edb1b68214db,cd9df2ade1ca21431041edcb14d5f17dd4911475861cec41755502771901127f,0eb4df990f6753bfc9e9029bf76f169c28456414
Climate_h4,0,1060,N+S+Q,2026,4,76.98550293364455,7da4c3e4b88a59766a74c16a58971d1c0ec5427b8c19b8122cb4edb1b68214db,cd9df2ade1ca21431041edcb14d5f17dd4911475861cec41755502771901127f,0eb4df990f6753bfc9e9029bf76f169c28456414
Climate_h4,0,1061,N+S+Q,2026,1,75.8465621060723,7da4c3e4b88a59766a74c16a58971d1c0ec5427b8c19b8122cb4edb1b68214db,cd9df2ade1ca21431041edcb14d5f17dd4911475861cec41755502771901127f,0eb4df990f6753bfc9e9029bf76f169c28456414
Climate_h4,0,1061,N+S+Q,2026,2,75.72201060372777,7da4c3e4b88a59766a74c16a58971d1c0ec5427b8c19b8122cb4edb1b68214db,cd9df2ade1ca21431041edcb14d5f17dd4911475861cec41755502771901127f,0eb4df990f6753bfc9e9029bf76f169c28456414
Climate_h4,0,1061,N+S+Q,2026,3,75.61450033496575,7da4c3e4b88a59766a74c16a58971d1c0ec5427b8c19b8122cb4edb1b68214db,cd9df2ade1ca21431041edcb14d5f17dd4911475861cec41755502771901127f,0eb4df990f6753bfc9e9029bf76f169c28456414
Climate_h4,0,1061,N+S+Q,2026,4,75.5344906828884,7da4c3e4b88a59766a74c16a58971d1c0ec5427b8c19b8122cb4edb1b68214db,cd9df2ade1ca21431041edcb14d5f17dd4911475861cec41755502771901127f,0eb4df990f6753bfc9e9029bf76f169c28456414
Climate_h4,0,1062,N+S+Q,2026,1,74.11950337600841,7da4c3e4b88a59766a74c16a58971d1c0ec5427b8c19b8122cb4edb1b68214db,cd9df2ade1ca21431041edcb14d5f17dd4911475861cec41755502771901127f,0eb4df990f6753bfc9e9029bf76f169c28456414
Climate_h4,0,1062,N+S+Q,2026,2,73.99660104535016,7da4c3e4b88a59766a74c16a58971d1c0ec5427b8c19b8122cb4edb1b68214db,cd9df2ade1ca21431041edcb14d5f17dd4911475861cec41755502771901127f,0eb4df990f6753bfc9e9029bf76f169c28456414
Climate_h4,0,1062,N+S+Q,2026,3,73.90279012980092,7da4c3e4b88a59766a74c16a58971d1c0ec5427b8c19b8122cb4edb1b68214db,cd9df2ade1ca21431041edcb14d5f17dd4911475861cec41755502771901127f,0eb4df990f6753bfc9e9029bf76f169c28456414
Climate_h4,0,1062,N+S+Q,2026,4,73.8507305574631,7da4c3e4b88a59766a74c16a58971d1c0ec5427b8c19b8122cb4edb1b68214db,cd9df2ade1ca21431041edcb14d5f17dd4911475861cec41755502771901127f,0eb4df990f6753bfc9e9029bf76f169c28456414
Climate_h4,0,1063,N+S+Q,2026,1,71.15062051283672,7da4c3e4b88a59766a74c16a58971d1c0ec5427b8c19b8122cb4edb1b68214db,cd9df2ade1ca21431041edcb14d5f17dd4911475861cec41755502771901127f,0eb4df990f6753bfc9e9029bf76f169c28456414
Climate_h4,0,1063,N+S+Q,2026,2,71.05659268043735,7da4c3e4b88a59766a74c16a58971d1c0ec5427b8c19b8122cb4edb1b68214db,cd9df2ade1ca21431041edcb14d5f17dd4911475861cec41755502771901127f,0eb4df990f6753bfc9e9029bf76f169c28456414
Climate_h4,0,1063,N+S+Q,2026,3,71.00325590143852,7da4c3e4b88a59766a74c16a58971d1c0ec5427b8c19b8122cb4edb1b68214db,cd9df2ade1ca21431041edcb14d5f17dd4911475861cec41755502771901127f,0eb4df990f6753bfc9e9029bf76f169c28456414
Climate_h4,0,1063,N+S+Q,2026,4,70.97279170017627,7da4c3e4b88a59766a74c16a58971d1c0ec5427b8c19b8122cb4edb1b68214db,cd9df2ade1ca21431041edcb14d5f17dd4911475861cec41755502771901127f,0eb4df990f6753bfc9e9029bf76f169c28456414
Climate_h4,0,1064,N+S+Q,2026,1,69.99951453228894,7da4c3e4b88a59766a74c16a58971d1c0ec5427b8c19b8122cb4edb1b68214db,cd9df2ade1ca21431041edcb14d5f17dd4911475861cec41755502771901127f,0eb4df990f6753bfc9e9029bf76f169c28456414
Climate_h4,0,1064,N+S+Q,2026,2,69.95000074769045,7da4c3e4b88a59766a74c16a58971d1c0ec5427b8c19b8122cb4edb1b68214db,cd9df2ade1ca21431041edcb14d5f17dd4911475861cec41755502771901127f,0eb4df990f6753bfc9e9029bf76f169c28456414
Climate_h4,0,1064,N+S+Q,2026,3,69.91902602598178,7da4c3e4b88a59766a74c16a58971d1c0ec5427b8c19b8122cb4edb1b68214db,cd9df2ade1ca21431041edcb14d5f17dd4911475861cec41755502771901127f,0eb4df990f6753bfc9e9029bf76f169c28456414
Climate_h4,0,1064,N+S+Q,2026,4,69.9066822892611,7da4c3e4b88a59766a74c16a58971d1c0ec5427b8c19b8122cb4edb1b68214db,cd9df2ade1ca21431041edcb14d5f17dd4911475861cec41755502771901127f,0eb4df990f6753bfc9e9029bf76f169c28456414
Climate_h4,0,1065,N+S+Q,2026,1,71.03103329355736,7da4c3e4b88a59766a74c16a58971d1c0ec5427b8c19b8122cb4edb1b68214db,cd9df2ade1ca21431041edcb14d5f17dd4911475861cec41755502771901127f,0eb4df990f6753bfc9e9029bf76f169c28456414
Climate_h4,0,1065,N+S+Q,2026,2,70.98247830769023,7da4c3e4b88a59766a74c16a58971d1c0ec5427b8c19b8122cb4edb1b68214db,cd9df2ade1ca21431041edcb14d5f17dd4911475861cec41755502771901127f,0eb4df990f6753bfc9e9029bf76f169c28456414
Climate_h4,0,1065,N+S+Q,2026,3,70.94716761766243,7da4c3e4b88a59766a74c16a58971d1c0ec5427b8c19b8122cb4edb1b68214db,cd9df2ade1ca21431041edcb14d5f17dd4911475861cec41755502771901127f,0eb4df990f6753bfc9e9029bf76f169c28456414
Climate_h4,0,1065,N+S+Q,2026,4,70.92044377785717,7da4c3e4b88a59766a74c16a58971d1c0ec5427b8c19b8122cb4edb1b68214db,cd9df2ade1ca21431041edcb14d5f17dd4911475861cec41755502771901127f,0eb4df990f6753bfc9e9029bf76f169c28456414
Climate_h4,0,1066,N+S+Q,2026,1,69.78112481491713,7da4c3e4b88a59766a74c16a58971d1c0ec5427b8c19b8122cb4edb1b68214db,cd9df2ade1ca21431041edcb14d5f17dd4911475861cec41755502771901127f,0eb4df990f6753bfc9e9029bf76f169c28456414
Climate_h4,0,1066,N+S+Q,2026,2,69.74257785848256,7da4c3e4b88a59766a74c16a58971d1c0ec5427b8c19b8122cb4edb1b68214db,cd9df2ade1ca21431041edcb14d5f17dd4911475861cec41755502771901127f,0eb4df990f6753bfc9e9029bf76f169c28456414
Climate_h4,0,1066,N+S+Q,2026,3,69.7104669925228,7da4c3e4b88a59766a74c16a58971d1c0ec5427b8c19b8122cb4edb1b68214db,cd9df2ade1ca21431041edcb14d5f17dd4911475861cec41755502771901127f,0eb4df990f6753bfc9e9029bf76f169c28456414
Climate_h4,0,1066,N+S+Q,2026,4,69.68240959433074,7da4c3e4b88a59766a74c16a58971d1c0ec5427b8c19b8122cb4edb1b68214db,cd9df2ade1ca21431041edcb14d5f17dd4911475861cec41755502771901127f,0eb4df990f6753bfc9e9029bf76f169c28456414
Climate_h4,0,1067,N+S+Q,2026,1,67.47716380878711,7da4c3e4b88a59766a74c16a58971d1c0ec5427b8c19b8122cb4edb1b68214db,cd9df2ade1ca21431041edcb14d5f17dd4911475861cec41755502771901127f,0eb4df990f6753bfc9e9029bf76f169c28456414
Climate_h4,0,1067,N+S+Q,2026,2,67.44263756069788,7da4c3e4b88a59766a74c16a58971d1c0ec5427b8c19b8122cb4edb1b68214db,cd9df2ade1ca21431041edcb14d5f17dd4911475861cec41755502771901127f,0eb4df990f6753bfc9e9029bf76f169c28456414
Climate_h4,0,1067,N+S+Q,2026,3,67.41417799436567,7da4c3e4b88a59766a74c16a58971d1c0ec5427b8c19b8122cb4edb1b68214db,cd9df2ade1ca21431041edcb14d5f17dd4911475861cec41755502771901127f,0eb4df990f6753bfc9e9029bf76f169c28456414
Climate_h4,0,1067,N+S+Q,2026,4,67.37711627348158,7da4c3e4b88a59766a74c16a58971d1c0ec5427b8c19b8122cb4edb1b68214db,cd9df2ade1ca21431041edcb14d5f17dd4911475861cec41755502771901127f,0eb4df990f6753bfc9e9029bf76f169c28456414
Climate_h4,0,1068,N+S+Q,2026,1,63.22171798595065,7da4c3e4b88a59766a74c16a58971d1c0ec5427b8c19b8122cb4edb1b68214db,cd9df2ade1ca21431041edcb14d5f17dd4911475861cec41755502771901127f,0eb4df990f6753bfc9e9029bf76f169c28456414
Climate_h4,0,1068,N+S+Q,2026,2,63.20569492629881,7da4c3e4b88a59766a74c16a58971d1c0ec5427b8c19b8122cb4edb1b68214db,cd9df2ade1ca21431041edcb14d5f17dd4911475861cec41755502771901127f,0eb4df990f6753bfc9e9029bf76f169c28456414
Climate_h4,0,1068,N+S+Q,2026,3,63.18349596059064,7da4c3e4b88a59766a74c16a58971d1c0ec5427b8c19b8122cb4edb1b68214db,cd9df2ade1ca21431041edcb14d5f17dd4911475861cec41755502771901127f,0eb4df990f6753bfc9e9029bf76f169c28456414
Climate_h4,0,1068,N+S+Q,2026,4,63.145043644685174,7da4c3e4b88a59766a74c16a58971d1c0ec5427b8c19b8122cb4edb1b68214db,cd9df2ade1ca21431041edcb14d5f17dd4911475861cec41755502771901127f,0eb4df990f6753bfc9e9029bf76f169c28456414
Climate_h4,0,1069,N+S+Q,2026,1,62.397861748565646,7da4c3e4b88a59766a74c16a58971d1c0ec5427b8c19b8122cb4edb1b68214db,cd9df2ade1ca21431041edcb14d5f17dd4911475861cec41755502771901127f,0eb4df990f6753bfc9e9029bf76f169c28456414
Climate_h4,0,1069,N+S+Q,2026,2,62.37567920546059,7da4c3e4b88a59766a74c16a58971d1c0ec5427b8c19b8122cb4edb1b68214db,cd9df2ade1ca21431041edcb14d5f17dd4911475861cec41755502771901127f,0eb4df990f6753bfc9e9029bf76f169c28456414
Climate_h4,0,1069,N+S+Q,2026,3,62.34247525006198,7da4c3e4b88a59766a74c16a58971d1c0ec5427b8c19b8122cb4edb1b68214db,cd9df2ade1ca21431041edcb14d5f17dd4911475861cec41755502771901127f,0eb4df990f6753bfc9e9029bf76f169c28456414
Climate_h4,0,1069,N+S+Q,2026,4,62.26546227388457,7da4c3e4b88a59766a74c16a58971d1c0ec5427b8c19b8122cb4edb1b68214db,cd9df2ade1ca21431041edcb14d5f17dd4911475861cec41755502771901127f,0eb4df990f6753bfc9e9029bf76f169c28456414
Climate_h4,0,1070,N+S+Q,2026,1,61.864626263841835,7da4c3e4b88a59766a74c16a58971d1c0ec5427b8c19b8122cb4edb1b68214db,cd9df2ade1ca21431041edcb14d5f17dd4911475861cec41755502771901127f,0eb4df990f6753bfc9e9029bf76f169c28456414
Climate_h4,0,1070,N+S+Q,2026,2,61.86019287600794,7da4c3e4b88a59766a74c16a58971d1c0ec5427b8c19b8122cb4edb1b68214db,cd9df2ade1ca21431041edcb14d5f17dd4911475861cec41755502771901127f,0eb4df990f6753bfc9e9029bf76f169c28456414
Climate_h4,0,1070,N+S+Q,2026,3,61.809093159625704,7da4c3e4b88a59766a74c16a58971d1c0ec5427b8c19b8122cb4edb1b68214db,cd9df2ade1ca21431041edcb14d5f17dd4911475861cec41755502771901127f,0eb4df990f6753bfc9e9029bf76f169c28456414
Climate_h4,0,1070,N+S+Q,2026,4,61.70506175596543,7da4c3e4b88a59766a74c16a58971d1c0ec5427b8c19b8122cb4edb1b68214db,cd9df2ade1ca21431041edcb14d5f17dd4911475861cec41755502771901127f,0eb4df990f6753bfc9e9029bf76f169c28456414
Climate_h4,0,1071,N+S+Q,2026,1,58.344064284330045,7da4c3e4b88a59766a74c16a58971d1c0ec5427b8c19b8122cb4edb1b68214db,cd9df2ade1ca21431041edcb14d5f17dd4911475861cec41755502771901127f,0eb4df990f6753bfc9e9029bf76f169c28456414
Climate_h4,0,1071,N+S+Q,2026,2,58.32167634940646,7da4c3e4b88a59766a74c16a58971d1c0ec5427b8c19b8122cb4edb1b68214db,cd9df2ade1ca21431041edcb14d5f17dd4911475861cec41755502771901127f,0eb4df990f6753bfc9e9029bf76f169c28456414
Climate_h4,0,1071,N+S+Q,2026,3,58.26888888840911,7da4c3e4b88a59766a74c16a58971d1c0ec5427b8c19b8122cb4edb1b68214db,cd9df2ade1ca21431041edcb14d5f17dd4911475861cec41755502771901127f,0eb4df990f6753bfc9e9029bf76f169c28456414
Climate_h4,0,1071,N+S+Q,2026,4,58.18938824941766,7da4c3e4b88a59766a74c16a58971d1c0ec5427b8c19b8122cb4edb1b68214db,cd9df2ade1ca21431041edcb14d5f17dd4911475861cec41755502771901127f,0eb4df990f6753bfc9e9029bf76f169c28456414
Climate_h4,0,1072,N+S+Q,2026,1,55.97924210040989,7da4c3e4b88a59766a74c16a58971d1c0ec5427b8c19b8122cb4edb1b68214db,cd9df2ade1ca21431041edcb14d5f17dd4911475861cec41755502771901127f,0eb4df990f6753bfc9e9029bf76f169c28456414
Climate_h4,0,1072,N+S+Q,2026,2,55.94995263717906,7da4c3e4b88a59766a74c16a58971d1c0ec5427b8c19b8122cb4edb1b68214db,cd9df2ade1ca21431041edcb14d5f17dd4911475861cec41755502771901127f,0eb4df990f6753bfc9e9029bf76f169c28456414
Climate_h4,0,1072,N+S+Q,2026,3,55.89541259604389,7da4c3e4b88a59766a74c16a58971d1c0ec5427b8c19b8122cb4edb1b68214db,cd9df2ade1ca21431041edcb14d5f17dd4911475861cec41755502771901127f,0eb4df990f6753bfc9e9029bf76f169c28456414
Climate_h4,0,1072,N+S+Q,2026,4,55.820621809103315,7da4c3e4b88a59766a74c16a58971d1c0ec5427b8c19b8122cb4edb1b68214db,cd9df2ade1ca21431041edcb14d5f17dd4911475861cec41755502771901127f,0eb4df990f6753bfc9e9029bf76f169c28456414
Climate_h4,0,1073,N+S+Q,2026,1,52.435417167140926,7da4c3e4b88a59766a74c16a58971d1c0ec5427b8c19b8122cb4edb1b68214db,cd9df2ade1ca21431041edcb14d5f17dd4911475861cec41755502771901127f,0eb4df990f6753bfc9e9029bf76f169c28456414
Climate_h4,0,1073,N+S+Q,2026,2,52.4155401309176,7da4c3e4b88a59766a74c16a58971d1c0ec5427b8c19b8122cb4edb1b68214db,cd9df2ade1ca21431041edcb14d5f17dd4911475861cec41755502771901127f,0eb4df990f6753bfc9e9029bf76f169c28456414
Climate_h4,0,1073,N+S+Q,2026,3,52.378385022994344,7da4c3e4b88a59766a74c16a58971d1c0ec5427b8c19b8122cb4edb1b68214db,cd9df2ade1ca21431041edcb14d5f17dd4911475861cec41755502771901127f,0eb4df990f6753bfc9e9029bf76f169c28456414
Climate_h4,0,1073,N+S+Q,2026,4,52.31107846852595,7da4c3e4b88a59766a74c16a58971d1c0ec5427b8c19b8122cb4edb1b68214db,cd9df2ade1ca21431041edcb14d5f17dd4911475861cec41755502771901127f,0eb4df990f6753bfc9e9029bf76f169c28456414
Climate_h4,0,1074,N+S+Q,2026,1,52.142679103234094,7da4c3e4b88a59766a74c16a58971d1c0ec5427b8c19b8122cb4edb1b68214db,cd9df2ade1ca21431041edcb14d5f17dd4911475861cec41755502771901127f,0eb4df990f6753bfc9e9029bf76f169c28456414
Climate_h4,0,1074,N+S+Q,2026,2,52.13250319921307,7da4c3e4b88a59766a74c16a58971d1c0ec5427b8c19b8122cb4edb1b68214db,cd9df2ade1ca21431041edcb14d5f17dd4911475861cec41755502771901127f,0eb4df990f6753bfc9e9029bf76f169c28456414
Climate_h4,0,1074,N+S+Q,2026,3,52.08770741614291,7da4c3e4b88a59766a74c16a58971d1c0ec5427b8c19b8122cb4edb1b68214db,cd9df2ade1ca21431041edcb14d5f17dd4911475861cec41755502771901127f,0eb4df990f6753bfc9e9029bf76f169c28456414
Climate_h4,0,1074,N+S+Q,2026,4,51.98993260926218,7da4c3e4b88a59766a74c16a58971d1c0ec5427b8c19b8122cb4edb1b68214db,cd9df2ade1ca21431041edcb14d5f17dd4911475861cec41755502771901127f,0eb4df990f6753bfc9e9029bf76f169c28456414
Climate_h4,0,1075,N+S+Q,2026,1,53.489130063244055,7da4c3e4b88a59766a74c16a58971d1c0ec5427b8c19b8122cb4edb1b68214db,cd9df2ade1ca21431041edcb14d5f17dd4911475861cec41755502771901127f,0eb4df990f6753bfc9e9029bf76f169c28456414
Climate_h4,0,1075,N+S+Q,2026,2,53.45540461552076,7da4c3e4b88a59766a74c16a58971d1c0ec5427b8c19b8122cb4edb1b68214db,cd9df2ade1ca21431041edcb14d5f17dd4911475861cec41755502771901127f,0eb4df990f6753bfc9e9029bf76f169c28456414
Climate_h4,0,1075,N+S+Q,2026,3,53.38737313801377,7da4c3e4b88a59766a74c16a58971d1c0ec5427b8c19b8122cb4edb1b68214db,cd9df2ade1ca21431041edcb14d5f17dd4911475861cec41755502771901127f,0eb4df990f6753bfc9e9029bf76f169c28456414
Climate_h4,0,1075,N+S+Q,2026,4,53.29245167808923,7da4c3e4b88a59766a74c16a58971d1c0ec5427b8c19b8122cb4edb1b68214db,cd9df2ade1ca21431041edcb14d5f17dd4911475861cec41755502771901127f,0eb4df990f6753bfc9e9029bf76f169c28456414
Climate_h4,0,1076,N+S+Q,2026,1,54.451181854065396,7da4c3e4b88a59766a74c16a58971d1c0ec5427b8c19b8122cb4edb1b68214db,cd9df2ade1ca21431041edcb14d5f17dd4911475861cec41755502771901127f,0eb4df990f6753bfc9e9029bf76f169c28456414
Climate_h4,0,1076,N+S+Q,2026,2,54.410910757902464,7da4c3e4b88a59766a74c16a58971d1c0ec5427b8c19b8122cb4edb1b68214db,cd9df2ade1ca21431041edcb14d5f17dd4911475861cec41755502771901127f,0eb4df990f6753bfc9e9029bf76f169c28456414
Climate_h4,0,1076,N+S+Q,2026,3,54.322978017859505,7da4c3e4b88a59766a74c16a58971d1c0ec5427b8c19b8122cb4edb1b68214db,cd9df2ade1ca21431041edcb14d5f17dd4911475861cec41755502771901127f,0eb4df990f6753bfc9e9029bf76f169c28456414
Climate_h4,0,1076,N+S+Q,2026,4,54.184801815213845,7da4c3e4b88a59766a74c16a58971d1c0ec5427b8c19b8122cb4edb1b68214db,cd9df2ade1ca21431041edcb14d5f17dd4911475861cec41755502771901127f,0eb4df990f6753bfc9e9029bf76f169c28456414
Climate_h4,0,1077,N+S+Q,2026,1,53.45657890761946,7da4c3e4b88a59766a74c16a58971d1c0ec5427b8c19b8122cb4edb1b68214db,cd9df2ade1ca21431041edcb14d5f17dd4911475861cec41755502771901127f,0eb4df990f6753bfc9e9029bf76f169c28456414
Climate_h4,0,1077,N+S+Q,2026,2,53.386178666943806,7da4c3e4b88a59766a74c16a58971d1c0ec5427b8c19b8122cb4edb1b68214db,cd9df2ade1ca21431041edcb14d5f17dd4911475861cec41755502771901127f,0eb4df990f6753bfc9e9029bf76f169c28456414
Climate_h4,0,1077,N+S+Q,2026,3,53.30575555014464,7da4c3e4b88a59766a74c16a58971d1c0ec5427b8c19b8122cb4edb1b68214db,cd9df2ade1ca21431041edcb14d5f17dd4911475861cec41755502771901127f,0eb4df990f6753bfc9e9029bf76f169c28456414
Climate_h4,0,1077,N+S+Q,2026,4,53.21052215433747,7da4c3e4b88a59766a74c16a58971d1c0ec5427b8c19b8122cb4edb1b68214db,cd9df2ade1ca21431041edcb14d5f17dd4911475861cec41755502771901127f,0eb4df990f6753bfc9e9029bf76f169c28456414
Climate_h4,0,1078,N+S+Q,2026,1,49.9332660709508,7da4c3e4b88a59766a74c16a58971d1c0ec5427b8c19b8122cb4edb1b68214db,cd9df2ade1ca21431041edcb14d5f17dd4911475861cec41755502771901127f,0eb4df990f6753bfc9e9029bf76f169c28456414
Climate_h4,0,1078,N+S+Q,2026,2,49.860892345549246,7da4c3e4b88a59766a74c16a58971d1c0ec5427b8c19b8122cb4edb1b68214db,cd9df2ade1ca21431041edcb14d5f17dd4911475861cec41755502771901127f,0eb4df990f6753bfc9e9029bf76f169c28456414
Climate_h4,0,1078,N+S+Q,2026,3,49.78793970826669,7da4c3e4b88a59766a74c16a58971d1c0ec5427b8c19b8122cb4edb1b68214db,cd9df2ade1ca21431041edcb14d5f17dd4911475861cec41755502771901127f,0eb4df990f6753bfc9e9029bf76f169c28456414
Climate_h4,0,1078,N+S+Q,2026,4,49.68675821690975,7da4c3e4b88a59766a74c16a58971d1c0ec5427b8c19b8122cb4edb1b68214db,cd9df2ade1ca21431041edcb14d5f17dd4911475861cec41755502771901127f,0eb4df990f6753bfc9e9029bf76f169c28456414
Climate_h4,0,1079,N+S+Q,2026,1,46.22062746200027,7da4c3e4b88a59766a74c16a58971d1c0ec5427b8c19b8122cb4edb1b68214db,cd9df2ade1ca21431041edcb14d5f17dd4911475861cec41755502771901127f,0eb4df990f6753bfc9e9029bf76f169c28456414
Climate_h4,0,1079,N+S+Q,2026,2,46.18666365791856,7da4c3e4b88a59766a74c16a58971d1c0ec5427b8c19b8122cb4edb1b68214db,cd9df2ade1ca21431041edcb14d5f17dd4911475861cec41755502771901127f,0eb4df990f6753bfc9e9029bf76f169c28456414
Climate_h4,0,1079,N+S+Q,2026,3,46.130640130202366,7da4c3e4b88a59766a74c16a58971d1c0ec5427b8c19b8122cb4edb1b68214db,cd9df2ade1ca21431041edcb14d5f17dd4911475861cec41755502771901127f,0eb4df990f6753bfc9e9029bf76f169c28456414
Climate_h4,0,1079,N+S+Q,2026,4,46.018983755762356,7da4c3e4b88a59766a74c16a58971d1c0ec5427b8c19b8122cb4edb1b68214db,cd9df2ade1ca21431041edcb14d5f17dd4911475861cec41755502771901127f,0eb4df990f6753bfc9e9029bf76f169c28456414
Climate_h4,0,1080,N+S+Q,2026,1,47.041006330590285,7da4c3e4b88a59766a74c16a58971d1c0ec5427b8c19b8122cb4edb1b68214db,cd9df2ade1ca21431041edcb14d5f17dd4911475861cec41755502771901127f,0eb4df990f6753bfc9e9029bf76f169c28456414
Climate_h4,0,1080,N+S+Q,2026,2,47.011249046436006,7da4c3e4b88a59766a74c16a58971d1c0ec5427b8c19b8122cb4edb1b68214db,cd9df2ade1ca21431041edcb14d5f17dd4911475861cec41755502771901127f,0eb4df990f6753bfc9e9029bf76f169c28456414
Climate_h4,0,1080,N+S+Q,2026,3,46.936429591838916,7da4c3e4b88a59766a74c16a58971d1c0ec5427b8c19b8122cb4edb1b68214db,cd9df2ade1ca21431041edcb14d5f17dd4911475861cec41755502771901127f,0eb4df990f6753bfc9e9029bf76f169c28456414
Climate_h4,0,1080,N+S+Q,2026,4,46.793758602950014,7da4c3e4b88a59766a74c16a58971d1c0ec5427b8c19b8122cb4edb1b68214db,cd9df2ade1ca21431041edcb14d5f17dd4911475861cec41755502771901127f,0eb4df990f6753bfc9e9029bf76f169c28456414
Climate_h4,0,1081,N+S+Q,2026,1,46.992619606905066,7da4c3e4b88a59766a74c16a58971d1c0ec5427b8c19b8122cb4edb1b68214db,cd9df2ade1ca21431041edcb14d5f17dd4911475861cec41755502771901127f,0eb4df990f6753bfc9e9029bf76f169c28456414
Climate_h4,0,1081,N+S+Q,2026,2,46.94822241185239,7da4c3e4b88a59766a74c16a58971d1c0ec5427b8c19b8122cb4edb1b68214db,cd9df2ade1ca21431041edcb14d5f17dd4911475861cec41755502771901127f,0eb4df990f6753bfc9e9029bf76f169c28456414
Climate_h4,0,1081,N+S+Q,2026,3,46.84487080032231,7da4c3e4b88a59766a74c16a58971d1c0ec5427b8c19b8122cb4edb1b68214db,cd9df2ade1ca21431041edcb14d5f17dd4911475861cec41755502771901127f,0eb4df990f6753bfc9e9029bf76f169c28456414
Climate_h4,0,1081,N+S+Q,2026,4,46.68662062410961,7da4c3e4b88a59766a74c16a58971d1c0ec5427b8c19b8122cb4edb1b68214db,cd9df2ade1ca21431041edcb14d5f17dd4911475861cec41755502771901127f,0eb4df990f6753bfc9e9029bf76f169c28456414
Climate_h4,0,1082,N+S+Q,2026,1,46.1012092871714,7da4c3e4b88a59766a74c16a58971d1c0ec5427b8c19b8122cb4edb1b68214db,cd9df2ade1ca21431041edcb14d5f17dd4911475861cec41755502771901127f,0eb4df990f6753bfc9e9029bf76f169c28456414
Climate_h4,0,1082,N+S+Q,2026,2,46.024201792894104,7da4c3e4b88a59766a74c16a58971d1c0ec5427b8c19b8122cb4edb1b68214db,cd9df2ade1ca21431041edcb14d5f17dd4911475861cec41755502771901127f,0eb4df990f6753bfc9e9029bf76f169c28456414
Climate_h4,0,1082,N+S+Q,2026,3,45.90161203647906,7da4c3e4b88a59766a74c16a58971d1c0ec5427b8c19b8122cb4edb1b68214db,cd9df2ade1ca21431041edcb14d5f17dd4911475861cec41755502771901127f,0eb4df990f6753bfc9e9029bf76f169c28456414
Climate_h4,0,1082,N+S+Q,2026,4,45.74532062902305,7da4c3e4b88a59766a74c16a58971d1c0ec5427b8c19b8122cb4edb1b68214db,cd9df2ade1ca21431041edcb14d5f17dd4911475861cec41755502771901127f,0eb4df990f6753bfc9e9029bf76f169c28456414
Climate_h4,0,1083,N+S+Q,2026,1,44.46733990728937,7da4c3e4b88a59766a74c16a58971d1c0ec5427b8c19b8122cb4edb1b68214db,cd9df2ade1ca21431041edcb14d5f17dd4911475861cec41755502771901127f,0eb4df990f6753bfc9e9029bf76f169c28456414
Climate_h4,0,1083,N+S+Q,2026,2,44.38563400288892,7da4c3e4b88a59766a74c16a58971d1c0ec5427b8c19b8122cb4edb1b68214db,cd9df2ade1ca21431041edcb14d5f17dd4911475861cec41755502771901127f,0eb4df990f6753bfc9e9029bf76f169c28456414
Climate_h4,0,1083,N+S+Q,2026,3,44.27068099994104,7da4c3e4b88a59766a74c16a58971d1c0ec5427b8c19b8122cb4edb1b68214db,cd9df2ade1ca21431041edcb14d5f17dd4911475861cec41755502771901127f,0eb4df990f6753bfc9e9029bf76f169c28456414
Climate_h4,0,1083,N+S+Q,2026,4,44.10759228936982,7da4c3e4b88a59766a74c16a58971d1c0ec5427b8c19b8122cb4edb1b68214db,cd9df2ade1ca21431041edcb14d5f17dd4911475861cec41755502771901127f,0eb4df990f6753bfc9e9029bf76f169c28456414
Climate_h4,0,1084,N+S+Q,2026,1,44.87659129957449,7da4c3e4b88a59766a74c16a58971d1c0ec5427b8c19b8122cb4edb1b68214db,cd9df2ade1ca21431041edcb14d5f17dd4911475861cec41755502771901127f,0eb4df990f6753bfc9e9029bf76f169c28456414
Climate_h4,0,1084,N+S+Q,2026,2,44.7806281326004,7da4c3e4b88a59766a74c16a58971d1c0ec5427b8c19b8122cb4edb1b68214db,cd9df2ade1ca21431041edcb14d5f17dd4911475861cec41755502771901127f,0eb4df990f6753bfc9e9029bf76f169c28456414
Climate_h4,0,1084,N+S+Q,2026,3,44.66491944379997,7da4c3e4b88a59766a74c16a58971d1c0ec5427b8c19b8122cb4edb1b68214db,cd9df2ade1ca21431041edcb14d5f17dd4911475861cec41755502771901127f,0eb4df990f6753bfc9e9029bf76f169c28456414
Climate_h4,0,1084,N+S+Q,2026,4,44.52032968125945,7da4c3e4b88a59766a74c16a58971d1c0ec5427b8c19b8122cb4edb1b68214db,cd9df2ade1ca21431041edcb14d5f17dd4911475861cec41755502771901127f,0eb4df990f6753bfc9e9029bf76f169c28456414
Climate_h4,0,1085,N+S+Q,2026,1,43.263953418806175,7da4c3e4b88a59766a74c16a58971d1c0ec5427b8c19b8122cb4edb1b68214db,cd9df2ade1ca21431041edcb14d5f17dd4911475861cec41755502771901127f,0eb4df990f6753bfc9e9029bf76f169c28456414
Climate_h4,0,1085,N+S+Q,2026,2,43.177542486276764,7da4c3e4b88a59766a74c16a58971d1c0ec5427b8c19b8122cb4edb1b68214db,cd9df2ade1ca21431041edcb14d5f17dd4911475861cec41755502771901127f,0eb4df990f6753bfc9e9029bf76f169c28456414
Climate_h4,0,1085,N+S+Q,2026,3,43.07029737389539,7da4c3e4b88a59766a74c16a58971d1c0ec5427b8c19b8122cb4edb1b68214db,cd9df2ade1ca21431041edcb14d5f17dd4911475861cec41755502771901127f,0eb4df990f6753bfc9e9029bf76f169c28456414
Climate_h4,0,1085,N+S+Q,2026,4,42.93012567815557,7da4c3e4b88a59766a74c16a58971d1c0ec5427b8c19b8122cb4edb1b68214db,cd9df2ade1ca21431041edcb14d5f17dd4911475861cec41755502771901127f,0eb4df990f6753bfc9e9029bf76f169c28456414
Climate_h4,0,1086,N+S+Q,2026,1,42.31940081976903,7da4c3e4b88a59766a74c16a58971d1c0ec5427b8c19b8122cb4edb1b68214db,cd9df2ade1ca21431041edcb14d5f17dd4911475861cec41755502771901127f,0eb4df990f6753bfc9e9029bf76f169c28456414
Climate_h4,0,1086,N+S+Q,2026,2,42.23183953197598,7da4c3e4b88a59766a74c16a58971d1c0ec5427b8c19b8122cb4edb1b68214db,cd9df2ade1ca21431041edcb14d5f17dd4911475861cec41755502771901127f,0eb4df990f6753bfc9e9029bf76f169c28456414
Climate_h4,0,1086,N+S+Q,2026,3,42.124763403513484,7da4c3e4b88a59766a74c16a58971d1c0ec5427b8c19b8122cb4edb1b68214db,cd9df2ade1ca21431041edcb14d5f17dd4911475861cec41755502771901127f,0eb4df990f6753bfc9e9029bf76f169c28456414
Climate_h4,0,1086,N+S+Q,2026,4,42.00154811979029,7da4c3e4b88a59766a74c16a58971d1c0ec5427b8c19b8122cb4edb1b68214db,cd9df2ade1ca21431041edcb14d5f17dd4911475861cec41755502771901127f,0eb4df990f6753bfc9e9029bf76f169c28456414
Climate_h4,0,1087,N+S+Q,2026,1,43.97519079578836,7da4c3e4b88a59766a74c16a58971d1c0ec5427b8c19b8122cb4edb1b68214db,cd9df2ade1ca21431041edcb14d5f17dd4911475861cec41755502771901127f,0eb4df990f6753bfc9e9029bf76f169c28456414
Climate_h4,0,1087,N+S+Q,2026,2,43.874016087610315,7da4c3e4b88a59766a74c16a58971d1c0ec5427b8c19b8122cb4edb1b68214db,cd9df2ade1ca21431041edcb14d5f17dd4911475861cec41755502771901127f,0eb4df990f6753bfc9e9029bf76f169c28456414
Climate_h4,0,1087,N+S+Q,2026,3,43.77636853754796,7da4c3e4b88a59766a74c16a58971d1c0ec5427b8c19b8122cb4edb1b68214db,cd9df2ade1ca21431041edcb14d5f17dd4911475861cec41755502771901127f,0eb4df990f6753bfc9e9029bf76f169c28456414
Climate_h4,0,1087,N+S+Q,2026,4,43.666818251404976,7da4c3e4b88a59766a74c16a58971d1c0ec5427b8c19b8122cb4edb1b68214db,cd9df2ade1ca21431041edcb14d5f17dd4911475861cec41755502771901127f,0eb4df990f6753bfc9e9029bf76f169c28456414
Climate_h4,0,1088,N+S+Q,2026,1,45.843891517047226,7da4c3e4b88a59766a74c16a58971d1c0ec5427b8c19b8122cb4edb1b68214db,cd9df2ade1ca21431041edcb14d5f17dd4911475861cec41755502771901127f,0eb4df990f6753bfc9e9029bf76f169c28456414
Climate_h4,0,1088,N+S+Q,2026,2,45.72407720060066,7da4c3e4b88a59766a74c16a58971d1c0ec5427b8c19b8122cb4edb1b68214db,cd9df2ade1ca21431041edcb14d5f17dd4911475861cec41755502771901127f,0eb4df990f6753bfc9e9029bf76f169c28456414
Climate_h4,0,1088,N+S+Q,2026,3,45.617907297912616,7da4c3e4b88a59766a74c16a58971d1c0ec5427b8c19b8122cb4edb1b68214db,cd9df2ade1ca21431041edcb14d5f17dd4911475861cec41755502771901127f,0eb4df990f6753bfc9e9029bf76f169c28456414
Climate_h4,0,1088,N+S+Q,2026,4,45.49541629543803,7da4c3e4b88a59766a74c16a58971d1c0ec5427b8c19b8122cb4edb1b68214db,cd9df2ade1ca21431041edcb14d5f17dd4911475861cec41755502771901127f,0eb4df990f6753bfc9e9029bf76f169c28456414
Climate_h4,0,1089,N+S+Q,2026,1,44.106455316167384,7da4c3e4b88a59766a74c16a58971d1c0ec5427b8c19b8122cb4edb1b68214db,cd9df2ade1ca21431041edcb14d5f17dd4911475861cec41755502771901127f,0eb4df990f6753bfc9e9029bf76f169c28456414
Climate_h4,0,1089,N+S+Q,2026,2,43.998548878838896,7da4c3e4b88a59766a74c16a58971d1c0ec5427b8c19b8122cb4edb1b68214db,cd9df2ade1ca21431041edcb14d5f17dd4911475861cec41755502771901127f,0eb4df990f6753bfc9e9029bf76f169c28456414
Climate_h4,0,1089,N+S+Q,2026,3,43.89642653652529,7da4c3e4b88a59766a74c16a58971d1c0ec5427b8c19b8122cb4edb1b68214db,cd9df2ade1ca21431041edcb14d5f17dd4911475861cec41755502771901127f,0eb4df990f6753bfc9e9029bf76f169c28456414
Climate_h4,0,1089,N+S+Q,2026,4,43.7680688522976,7da4c3e4b88a59766a74c16a58971d1c0ec5427b8c19b8122cb4edb1b68214db,cd9df2ade1ca21431041edcb14d5f17dd4911475861cec41755502771901127f,0eb4df990f6753bfc9e9029bf76f169c28456414
Climate_h4,0,1090,N+S+Q,2026,1,43.966511259072576,7da4c3e4b88a59766a74c16a58971d1c0ec5427b8c19b8122cb4edb1b68214db,cd9df2ade1ca21431041edcb14d5f17dd4911475861cec41755502771901127f,0eb4df990f6753bfc9e9029bf76f169c28456414
Climate_h4,0,1090,N+S+Q,2026,2,43.86070094682884,7da4c3e4b88a59766a74c16a58971d1c0ec5427b8c19b8122cb4edb1b68214db,cd9df2ade1ca21431041edcb14d5f17dd4911475861cec41755502771901127f,0eb4df990f6753bfc9e9029bf76f169c28456414
Climate_h4,0,1090,N+S+Q,2026,3,43.751857844490985,7da4c3e4b88a59766a74c16a58971d1c0ec5427b8c19b8122cb4edb1b68214db,cd9df2ade1ca21431041edcb14d5f17dd4911475861cec41755502771901127f,0eb4df990f6753bfc9e9029bf76f169c28456414
Climate_h4,0,1090,N+S+Q,2026,4,43.627770476128966,7da4c3e4b88a59766a74c16a58971d1c0ec5427b8c19b8122cb4edb1b68214db,cd9df2ade1ca21431041edcb14d5f17dd4911475861cec41755502771901127f,0eb4df990f6753bfc9e9029bf76f169c28456414
Climate_h4,0,1091,N+S+Q,2026,1,41.65771154252241,7da4c3e4b88a59766a74c16a58971d1c0ec5427b8c19b8122cb4edb1b68214db,cd9df2ade1ca21431041edcb14d5f17dd4911475861cec41755502771901127f,0eb4df990f6753bfc9e9029bf76f169c28456414
Climate_h4,0,1091,N+S+Q,2026,2,41.54983225314155,7da4c3e4b88a59766a74c16a58971d1c0ec5427b8c19b8122cb4edb1b68214db,cd9df2ade1ca21431041edcb14d5f17dd4911475861cec41755502771901127f,0eb4df990f6753bfc9e9029bf76f169c28456414
Climate_h4,0,1091,N+S+Q,2026,3,41.45643277837033,7da4c3e4b88a59766a74c16a58971d1c0ec5427b8c19b8122cb4edb1b68214db,cd9df2ade1ca21431041edcb14d5f17dd4911475861cec41755502771901127f,0eb4df990f6753bfc9e9029bf76f169c28456414
Climate_h4,0,1091,N+S+Q,2026,4,41.356951765040506,7da4c3e4b88a59766a74c16a58971d1c0ec5427b8c19b8122cb4edb1b68214db,cd9df2ade1ca21431041edcb14d5f17dd4911475861cec41755502771901127f,0eb4df990f6753bfc9e9029bf76f169c28456414
Climate_h4,0,1092,N+S+Q,2026,1,42.20805368559682,7da4c3e4b88a59766a74c16a58971d1c0ec5427b8c19b8122cb4edb1b68214db,cd9df2ade1ca21431041edcb14d5f17dd4911475861cec41755502771901127f,0eb4df990f6753bfc9e9029bf76f169c28456414
Climate_h4,0,1092,N+S+Q,2026,2,42.11716992506931,7da4c3e4b88a59766a74c16a58971d1c0ec5427b8c19b8122cb4edb1b68214db,cd9df2ade1ca21431041edcb14d5f17dd4911475861cec41755502771901127f,0eb4df990f6753bfc9e9029bf76f169c28456414
Climate_h4,0,1092,N+S+Q,2026,3,42.04255170476878,7da4c3e4b88a59766a74c16a58971d1c0ec5427b8c19b8122cb4edb1b68214db,cd9df2ade1ca21431041edcb14d5f17dd4911475861cec41755502771901127f,0eb4df990f6753bfc9e9029bf76f169c28456414
Climate_h4,0,1092,N+S+Q,2026,4,41.96150646369074,7da4c3e4b88a59766a74c16a58971d1c0ec5427b8c19b8122cb4edb1b68214db,cd9df2ade1ca21431041edcb14d5f17dd4911475861cec41755502771901127f,0eb4df990f6753bfc9e9029bf76f169c28456414
Climate_h4,0,1093,N+S+Q,2026,1,41.735455245893974,7da4c3e4b88a59766a74c16a58971d1c0ec5427b8c19b8122cb4edb1b68214db,cd9df2ade1ca21431041edcb14d5f17dd4911475861cec41755502771901127f,0eb4df990f6753bfc9e9029bf76f169c28456414
Climate_h4,0,1093,N+S+Q,2026,2,41.65349113178586,7da4c3e4b88a59766a74c16a58971d1c0ec5427b8c19b8122cb4edb1b68214db,cd9df2ade1ca21431041edcb14d5f17dd4911475861cec41755502771901127f,0eb4df990f6753bfc9e9029bf76f169c28456414
Climate_h4,0,1093,N+S+Q,2026,3,41.59569562263426,7da4c3e4b88a59766a74c16a58971d1c0ec5427b8c19b8122cb4edb1b68214db,cd9df2ade1ca21431041edcb14d5f17dd4911475861cec41755502771901127f,0eb4df990f6753bfc9e9029bf76f169c28456414
Climate_h4,0,1093,N+S+Q,2026,4,41.55038482895473,7da4c3e4b88a59766a74c16a58971d1c0ec5427b8c19b8122cb4edb1b68214db,cd9df2ade1ca21431041edcb14d5f17dd4911475861cec41755502771901127f,0eb4df990f6753bfc9e9029bf76f169c28456414
Climate_h4,0,1094,N+S+Q,2026,1,42.11554382114183,7da4c3e4b88a59766a74c16a58971d1c0ec5427b8c19b8122cb4edb1b68214db,cd9df2ade1ca21431041edcb14d5f17dd4911475861cec41755502771901127f,0eb4df990f6753bfc9e9029bf76f169c28456414
Climate_h4,0,1094,N+S+Q,2026,2,42.04632104714787,7da4c3e4b88a59766a74c16a58971d1c0ec5427b8c19b8122cb4edb1b68214db,cd9df2ade1ca21431041edcb14d5f17dd4911475861cec41755502771901127f,0eb4df990f6753bfc9e9029bf76f169c28456414
Climate_h4,0,1094,N+S+Q,2026,3,42.02218998959062,7da4c3e4b88a59766a74c16a58971d1c0ec5427b8c19b8122cb4edb1b68214db,cd9df2ade1ca21431041edcb14d5f17dd4911475861cec41755502771901127f,0eb4df990f6753bfc9e9029bf76f169c28456414
Climate_h4,0,1094,N+S+Q,2026,4,42.01342058723882,7da4c3e4b88a59766a74c16a58971d1c0ec5427b8c19b8122cb4edb1b68214db,cd9df2ade1ca21431041edcb14d5f17dd4911475861cec41755502771901127f,0eb4df990f6753bfc9e9029bf76f169c28456414
Climate_h4,0,1095,N+S+Q,2026,1,42.48331952091522,7da4c3e4b88a59766a74c16a58971d1c0ec5427b8c19b8122cb4edb1b68214db,cd9df2ade1ca21431041edcb14d5f17dd4911475861cec41755502771901127f,0eb4df990f6753bfc9e9029bf76f169c28456414
Climate_h4,0,1095,N+S+Q,2026,2,42.438173878209476,7da4c3e4b88a59766a74c16a58971d1c0ec5427b8c19b8122cb4edb1b68214db,cd9df2ade1ca21431041edcb14d5f17dd4911475861cec41755502771901127f,0eb4df990f6753bfc9e9029bf76f169c28456414
Climate_h4,0,1095,N+S+Q,2026,3,42.44169658045542,7da4c3e4b88a59766a74c16a58971d1c0ec5427b8c19b8122cb4edb1b68214db,cd9df2ade1ca21431041edcb14d5f17dd4911475861cec41755502771901127f,0eb4df990f6753bfc9e9029bf76f169c28456414
Climate_h4,0,1095,N+S+Q,2026,4,42.4701614558789,7da4c3e4b88a59766a74c16a58971d1c0ec5427b8c19b8122cb4edb1b68214db,cd9df2ade1ca21431041edcb14d5f17dd4911475861cec41755502771901127f,0eb4df990f6753bfc9e9029bf76f169c28456414
Climate_h4,0,1096,N+S+Q,2026,1,43.05302901370364,7da4c3e4b88a59766a74c16a58971d1c0ec5427b8c19b8122cb4edb1b68214db,cd9df2ade1ca21431041edcb14d5f17dd4911475861cec41755502771901127f,0eb4df990f6753bfc9e9029bf76f169c28456414
Climate_h4,0,1096,N+S+Q,2026,2,43.042136686823405,7da4c3e4b88a59766a74c16a58971d1c0ec5427b8c19b8122cb4edb1b68214db,cd9df2ade1ca21431041edcb14d5f17dd4911475861cec41755502771901127f,0eb4df990f6753bfc9e9029bf76f169c28456414
Climate_h4,0,1096,N+S+Q,2026,3,43.08080199244893,7da4c3e4b88a59766a74c16a58971d1c0ec5427b8c19b8122cb4edb1b68214db,cd9df2ade1ca21431041edcb14d5f17dd4911475861cec41755502771901127f,0eb4df990f6753bfc9e9029bf76f169c28456414
Climate_h4,0,1096,N+S+Q,2026,4,43.14100997676759,7da4c3e4b88a59766a74c16a58971d1c0ec5427b8c19b8122cb4edb1b68214db,cd9df2ade1ca21431041edcb14d5f17dd4911475861cec41755502771901127f,0eb4df990f6753bfc9e9029bf76f169c28456414
Climate_h4,0,1097,N+S+Q,2026,1,47.06307709858765,7da4c3e4b88a59766a74c16a58971d1c0ec5427b8c19b8122cb4edb1b68214db,cd9df2ade1ca21431041edcb14d5f17dd4911475861cec41755502771901127f,0eb4df990f6753bfc9e9029bf76f169c28456414
Climate_h4,0,1097,N+S+Q,2026,2,47.05271595425659,7da4c3e4b88a59766a74c16a58971d1c0ec5427b8c19b8122cb4edb1b68214db,cd9df2ade1ca21431041edcb14d5f17dd4911475861cec41755502771901127f,0eb4df990f6753bfc9e9029bf76f169c28456414
Climate_h4,0,1097,N+S+Q,2026,3,47.11224019565829,7da4c3e4b88a59766a74c16a58971d1c0ec5427b8c19b8122cb4edb1b68214db,cd9df2ade1ca21431041edcb14d5f17dd4911475861cec41755502771901127f,0eb4df990f6753bfc9e9029bf76f169c28456414
Climate_h4,0,1097,N+S+Q,2026,4,47.20617154461459,7da4c3e4b88a59766a74c16a58971d1c0ec5427b8c19b8122cb4edb1b68214db,cd9df2ade1ca21431041edcb14d5f17dd4911475861cec41755502771901127f,0eb4df990f6753bfc9e9029bf76f169c28456414
Climate_h4,0,1098,N+S+Q,2026,1,45.73276994828734,7da4c3e4b88a59766a74c16a58971d1c0ec5427b8c19b8122cb4edb1b68214db,cd9df2ade1ca21431041edcb14d5f17dd4911475861cec41755502771901127f,0eb4df990f6753bfc9e9029bf76f169c28456414
Climate_h4,0,1098,N+S+Q,2026,2,45.750674054150124,7da4c3e4b88a59766a74c16a58971d1c0ec5427b8c19b8122cb4edb1b68214db,cd9df2ade1ca21431041edcb14d5f17dd4911475861cec41755502771901127f,0eb4df990f6753bfc9e9029bf76f169c28456414
Climate_h4,0,1098,N+S+Q,2026,3,45.83640606033634,7da4c3e4b88a59766a74c16a58971d1c0ec5427b8c19b8122cb4edb1b68214db,cd9df2ade1ca21431041edcb14d5f17dd4911475861cec41755502771901127f,0eb4df990f6753bfc9e9029bf76f169c28456414
Climate_h4,0,1098,N+S+Q,2026,4,45.96656333507959,7da4c3e4b88a59766a74c16a58971d1c0ec5427b8c19b8122cb4edb1b68214db,cd9df2ade1ca21431041edcb14d5f17dd4911475861cec41755502771901127f,0eb4df990f6753bfc9e9029bf76f169c28456414
Climate_h4,0,1099,N+S+Q,2026,1,44.33849396696905,7da4c3e4b88a59766a74c16a58971d1c0ec5427b8c19b8122cb4edb1b68214db,cd9df2ade1ca21431041edcb14d5f17dd4911475861cec41755502771901127f,0eb4df990f6753bfc9e9029bf76f169c28456414
Climate_h4,0,1099,N+S+Q,2026,2,44.39341236507367,7da4c3e4b88a59766a74c16a58971d1c0ec5427b8c19b8122cb4edb1b68214db,cd9df2ade1ca21431041edcb14d5f17dd4911475861cec41755502771901127f,0eb4df990f6753bfc9e9029bf76f169c28456414
Climate_h4,0,1099,N+S+Q,2026,3,44.52106515629061,7da4c3e4b88a59766a74c16a58971d1c0ec5427b8c19b8122cb4edb1b68214db,cd9df2ade1ca21431041edcb14d5f17dd4911475861cec41755502771901127f,0eb4df990f6753bfc9e9029bf76f169c28456414
Climate_h4,0,1099,N+S+Q,2026,4,44.69492675930137,7da4c3e4b88a59766a74c16a58971d1c0ec5427b8c19b8122cb4edb1b68214db,cd9df2ade1ca21431041edcb14d5f17dd4911475861cec41755502771901127f,0eb4df990f6753bfc9e9029bf76f169c28456414
Climate_h4,0,1100,N+S+Q,2026,1,45.329431218635385,7da4c3e4b88a59766a74c16a58971d1c0ec5427b8c19b8122cb4edb1b68214db,cd9df2ade1ca21431041edcb14d5f17dd4911475861cec41755502771901127f,0eb4df990f6753bfc9e9029bf76f169c28456414
Climate_h4,0,1100,N+S+Q,2026,2,45.42883444383974,7da4c3e4b88a59766a74c16a58971d1c0ec5427b8c19b8122cb4edb1b68214db,cd9df2ade1ca21431041edcb14d5f17dd4911475861cec41755502771901127f,0eb4df990f6753bfc9e9029bf76f169c28456414
Climate_h4,0,1100,N+S+Q,2026,3,45.60027835895148,7da4c3e4b88a59766a74c16a58971d1c0ec5427b8c19b8122cb4edb1b68214db,cd9df2ade1ca21431041edcb14d5f17dd4911475861cec41755502771901127f,0eb4df990f6753bfc9e9029bf76f169c28456414
Climate_h4,0,1100,N+S+Q,2026,4,45.80709112729701,7da4c3e4b88a59766a74c16a58971d1c0ec5427b8c19b8122cb4edb1b68214db,cd9df2ade1ca21431041edcb14d5f17dd4911475861cec41755502771901127f,0eb4df990f6753bfc9e9029bf76f169c28456414
Climate_h4,0,1101,N+S+Q,2026,1,43.13547168834274,7da4c3e4b88a59766a74c16a58971d1c0ec5427b8c19b8122cb4edb1b68214db,cd9df2ade1ca21431041edcb14d5f17dd4911475861cec41755502771901127f,0eb4df990f6753bfc9e9029bf76f169c28456414
Climate_h4,0,1101,N+S+Q,2026,2,43.28045363372364,7da4c3e4b88a59766a74c16a58971d1c0ec5427b8c19b8122cb4edb1b68214db,cd9df2ade1ca21431041edcb14d5f17dd4911475861cec41755502771901127f,0eb4df990f6753bfc9e9029bf76f169c28456414
Climate_h4,0,1101,N+S+Q,2026,3,43.48703350207858,7da4c3e4b88a59766a74c16a58971d1c0ec5427b8c19b8122cb4edb1b68214db,cd9df2ade1ca21431041edcb14d5f17dd4911475861cec41755502771901127f,0eb4df990f6753bfc9e9029bf76f169c28456414
Climate_h4,0,1101,N+S+Q,2026,4,43.70626628914706,7da4c3e4b88a59766a74c16a58971d1c0ec5427b8c19b8122cb4edb1b68214db,cd9df2ade1ca21431041edcb14d5f17dd4911475861cec41755502771901127f,0eb4df990f6753bfc9e9029bf76f169c28456414
Climate_h4,0,1102,N+S+Q,2026,1,43.068312148914195,7da4c3e4b88a59766a74c16a58971d1c0ec5427b8c19b8122cb4edb1b68214db,cd9df2ade1ca21431041edcb14d5f17dd4911475861cec41755502771901127f,0eb4df990f6753bfc9e9029bf76f169c28456414
Climate_h4,0,1102,N+S+Q,2026,2,43.25623183007963,7da4c3e4b88a59766a74c16a58971d1c0ec5427b8c19b8122cb4edb1b68214db,cd9df2ade1ca21431041edcb14d5f17dd4911475861cec41755502771901127f,0eb4df990f6753bfc9e9029bf76f169c28456414
Climate_h4,0,1102,N+S+Q,2026,3,43.48018214408039,7da4c3e4b88a59766a74c16a58971d1c0ec5427b8c19b8122cb4edb1b68214db,cd9df2ade1ca21431041edcb14d5f17dd4911475861cec41755502771901127f,0eb4df990f6753bfc9e9029bf76f169c28456414
Climate_h4,0,1102,N+S+Q,2026,4,43.7196244612679,7da4c3e4b88a59766a74c16a58971d1c0ec5427b8c19b8122cb4edb1b68214db,cd9df2ade1ca21431041edcb14d5f17dd4911475861cec41755502771901127f,0eb4df990f6753bfc9e9029bf76f169c28456414
Climate_h4,0,1103,N+S+Q,2026,1,43.30293871868086,7da4c3e4b88a59766a74c16a58971d1c0ec5427b8c19b8122cb4edb1b68214db,cd9df2ade1ca21431041edcb14d5f17dd4911475861cec41755502771901127f,0eb4df990f6753bfc9e9029bf76f169c28456414
Climate_h4,0,1103,N+S+Q,2026,2,43.510607755364184,7da4c3e4b88a59766a74c16a58971d1c0ec5427b8c19b8122cb4edb1b68214db,cd9df2ade1ca21431041edcb14d5f17dd4911475861cec41755502771901127f,0eb4df990f6753bfc9e9029bf76f169c28456414
Climate_h4,0,1103,N+S+Q,2026,3,43.75555225217397,7da4c3e4b88a59766a74c16a58971d1c0ec5427b8c19b8122cb4edb1b68214db,cd9df2ade1ca21431041edcb14d5f17dd4911475861cec41755502771901127f,0eb4df990f6753bfc9e9029bf76f169c28456414
Climate_h4,0,1103,N+S+Q,2026,4,44.03867299698418,7da4c3e4b88a59766a74c16a58971d1c0ec5427b8c19b8122cb4edb1b68214db,cd9df2ade1ca21431041edcb14d5f17dd4911475861cec41755502771901127f,0eb4df990f6753bfc9e9029bf76f169c28456414
Climate_h4,0,1104,N+S+Q,2026,1,43.78775224887495,7da4c3e4b88a59766a74c16a58971d1c0ec5427b8c19b8122cb4edb1b68214db,cd9df2ade1ca21431041edcb14d5f17dd4911475861cec41755502771901127f,0eb4df990f6753bfc9e9029bf76f169c28456414
Climate_h4,0,1104,N+S+Q,2026,2,44.00788558908911,7da4c3e4b88a59766a74c16a58971d1c0ec5427b8c19b8122cb4edb1b68214db,cd9df2ade1ca21431041edcb14d5f17dd4911475861cec41755502771901127f,0eb4df990f6753bfc9e9029bf76f169c28456414
Climate_h4,0,1104,N+S+Q,2026,3,44.284846306410074,7da4c3e4b88a59766a74c16a58971d1c0ec5427b8c19b8122cb4edb1b68214db,cd9df2ade1ca21431041edcb14d5f17dd4911475861cec41755502771901127f,0eb4df990f6753bfc9e9029bf76f169c28456414
Climate_h4,0,1104,N+S+Q,2026,4,44.60226246767246,7da4c3e4b88a59766a74c16a58971d1c0ec5427b8c19b8122cb4edb1b68214db,cd9df2ade1ca21431041edcb14d5f17dd4911475861cec41755502771901127f,0eb4df990f6753bfc9e9029bf76f169c28456414
Climate_h4,0,1105,N+S+Q,2026,1,45.21639150018547,7da4c3e4b88a59766a74c16a58971d1c0ec5427b8c19b8122cb4edb1b68214db,cd9df2ade1ca21431041edcb14d5f17dd4911475861cec41755502771901127f,0eb4df990f6753bfc9e9029bf76f169c28456414
Climate_h4,0,1105,N+S+Q,2026,2,45.462160037085816,7da4c3e4b88a59766a74c16a58971d1c0ec5427b8c19b8122cb4edb1b68214db,cd9df2ade1ca21431041edcb14d5f17dd4911475861cec41755502771901127f,0eb4df990f6753bfc9e9029bf76f169c28456414
Climate_h4,0,1105,N+S+Q,2026,3,45.767740829994466,7da4c3e4b88a59766a74c16a58971d1c0ec5427b8c19b8122cb4edb1b68214db,cd9df2ade1ca21431041edcb14d5f17dd4911475861cec41755502771901127f,0eb4df990f6753bfc9e9029bf76f169c28456414
Climate_h4,0,1105,N+S+Q,2026,4,46.1172828125365,7da4c3e4b88a59766a74c16a58971d1c0ec5427b8c19b8122cb4edb1b68214db,cd9df2ade1ca21431041edcb14d5f17dd4911475861cec41755502771901127f,0eb4df990f6753bfc9e9029bf76f169c28456414
Climate_h4,0,1106,N+S+Q,2026,1,38.980640056950605,7da4c3e4b88a59766a74c16a58971d1c0ec5427b8c19b8122cb4edb1b68214db,cd9df2ade1ca21431041edcb14d5f17dd4911475861cec41755502771901127f,0eb4df990f6753bfc9e9029bf76f169c28456414
Climate_h4,0,1106,N+S+Q,2026,2,39.2873420475603,7da4c3e4b88a59766a74c16a58971d1c0ec5427b8c19b8122cb4edb1b68214db,cd9df2ade1ca21431041edcb14d5f17dd4911475861cec41755502771901127f,0eb4df990f6753bfc9e9029bf76f169c28456414
Climate_h4,0,1106,N+S+Q,2026,3,39.65655846381174,7da4c3e4b88a59766a74c16a58971d1c0ec5427b8c19b8122cb4edb1b68214db,cd9df2ade1ca21431041edcb14d5f17dd4911475861cec41755502771901127f,0eb4df990f6753bfc9e9029bf76f169c28456414
Climate_h4,0,1106,N+S+Q,2026,4,40.07697980538733,7da4c3e4b88a59766a74c16a58971d1c0ec5427b8c19b8122cb4edb1b68214db,cd9df2ade1ca21431041edcb14d5f17dd4911475861cec41755502771901127f,0eb4df990f6753bfc9e9029bf76f169c28456414
Climate_h4,0,1107,N+S+Q,2026,1,39.62472205388232,7da4c3e4b88a59766a74c16a58971d1c0ec5427b8c19b8122cb4edb1b68214db,cd9df2ade1ca21431041edcb14d5f17dd4911475861cec41755502771901127f,0eb4df990f6753bfc9e9029bf76f169c28456414
Climate_h4,0,1107,N+S+Q,2026,2,39.985837228468064,7da4c3e4b88a59766a74c16a58971d1c0ec5427b8c19b8122cb4edb1b68214db,cd9df2ade1ca21431041edcb14d5f17dd4911475861cec41755502771901127f,0eb4df990f6753bfc9e9029bf76f169c28456414
Climate_h4,0,1107,N+S+Q,2026,3,40.41175622385125,7da4c3e4b88a59766a74c16a58971d1c0ec5427b8c19b8122cb4edb1b68214db,cd9df2ade1ca21431041edcb14d5f17dd4911475861cec41755502771901127f,0eb4df990f6753bfc9e9029bf76f169c28456414
Climate_h4,0,1107,N+S+Q,2026,4,40.8719436211948,7da4c3e4b88a59766a74c16a58971d1c0ec5427b8c19b8122cb4edb1b68214db,cd9df2ade1ca21431041edcb14d5f17dd4911475861cec41755502771901127f,0eb4df990f6753bfc9e9029bf76f169c28456414
Climate_h4,0,1108,N+S+Q,2026,1,41.06862694103161,7da4c3e4b88a59766a74c16a58971d1c0ec5427b8c19b8122cb4edb1b68214db,cd9df2ade1ca21431041edcb14d5f17dd4911475861cec41755502771901127f,0eb4df990f6753bfc9e9029bf76f169c28456414
Climate_h4,0,1108,N+S+Q,2026,2,41.4869468396985,7da4c3e4b88a59766a74c16a58971d1c0ec5427b8c19b8122cb4edb1b68214db,cd9df2ade1ca21431041edcb14d5f17dd4911475861cec41755502771901127f,0eb4df990f6753bfc9e9029bf76f169c28456414
Climate_h4,0,1108,N+S+Q,2026,3,41.951439492541844,7da4c3e4b88a59766a74c16a58971d1c0ec5427b8c19b8122cb4edb1b68214db,cd9df2ade1ca21431041edcb14d5f17dd4911475861cec41755502771901127f,0eb4df990f6753bfc9e9029bf76f169c28456414
Climate_h4,0,1108,N+S+Q,2026,4,42.43250371857108,7da4c3e4b88a59766a74c16a58971d1c0ec5427b8c19b8122cb4edb1b68214db,cd9df2ade1ca21431041edcb14d5f17dd4911475861cec41755502771901127f,0eb4df990f6753bfc9e9029bf76f169c28456414
Climate_h4,0,1109,N+S+Q,2026,1,41.81079816027198,7da4c3e4b88a59766a74c16a58971d1c0ec5427b8c19b8122cb4edb1b68214db,cd9df2ade1ca21431041edcb14d5f17dd4911475861cec41755502771901127f,0eb4df990f6753bfc9e9029bf76f169c28456414
Climate_h4,0,1109,N+S+Q,2026,2,42.25264445300575,7da4c3e4b88a59766a74c16a58971d1c0ec5427b8c19b8122cb4edb1b68214db,cd9df2ade1ca21431041edcb14d5f17dd4911475861cec41755502771901127f,0eb4df990f6753bfc9e9029bf76f169c28456414
Climate_h4,0,1109,N+S+Q,2026,3,42.721359493292105,7da4c3e4b88a59766a74c16a58971d1c0ec5427b8c19b8122cb4edb1b68214db,cd9df2ade1ca21431041edcb14d5f17dd4911475861cec41755502771901127f,0eb4df990f6753bfc9e9029bf76f169c28456414
Climate_h4,0,1109,N+S+Q,2026,4,43.21161396160924,7da4c3e4b88a59766a74c16a58971d1c0ec5427b8c19b8122cb4edb1b68214db,cd9df2ade1ca21431041edcb14d5f17dd4911475861cec41755502771901127f,0eb4df990f6753bfc9e9029bf76f169c28456414
Climate_h4,0,1110,N+S+Q,2026,1,41.954386377166976,7da4c3e4b88a59766a74c16a58971d1c0ec5427b8c19b8122cb4edb1b68214db,cd9df2ade1ca21431041edcb14d5f17dd4911475861cec41755502771901127f,0eb4df990f6753bfc9e9029bf76f169c28456414
Climate_h4,0,1110,N+S+Q,2026,2,42.40059298713861,7da4c3e4b88a59766a74c16a58971d1c0ec5427b8c19b8122cb4edb1b68214db,cd9df2ade1ca21431041edcb14d5f17dd4911475861cec41755502771901127f,0eb4df990f6753bfc9e9029bf76f169c28456414
Climate_h4,0,1110,N+S+Q,2026,3,42.88304017164147,7da4c3e4b88a59766a74c16a58971d1c0ec5427b8c19b8122cb4edb1b68214db,cd9df2ade1ca21431041edcb14d5f17dd4911475861cec41755502771901127f,0eb4df990f6753bfc9e9029bf76f169c28456414
Climate_h4,0,1110,N+S+Q,2026,4,43.403662924688675,7da4c3e4b88a59766a74c16a58971d1c0ec5427b8c19b8122cb4edb1b68214db,cd9df2ade1ca21431041edcb14d5f17dd4911475861cec41755502771901127f,0eb4df990f6753bfc9e9029bf76f169c28456414
Climate_h4,0,1111,N+S+Q,2026,1,44.838047752431564,7da4c3e4b88a59766a74c16a58971d1c0ec5427b8c19b8122cb4edb1b68214db,cd9df2ade1ca21431041edcb14d5f17dd4911475861cec41755502771901127f,0eb4df990f6753bfc9e9029bf76f169c28456414
Climate_h4,0,1111,N+S+Q,2026,2,45.29281815415557,7da4c3e4b88a59766a74c16a58971d1c0ec5427b8c19b8122cb4edb1b68214db,cd9df2ade1ca21431041edcb14d5f17dd4911475861cec41755502771901127f,0eb4df990f6753bfc9e9029bf76f169c28456414
Climate_h4,0,1111,N+S+Q,2026,3,45.79999849388051,7da4c3e4b88a59766a74c16a58971d1c0ec5427b8c19b8122cb4edb1b68214db,cd9df2ade1ca21431041edcb14d5f17dd4911475861cec41755502771901127f,0eb4df990f6753bfc9e9029bf76f169c28456414
Climate_h4,0,1111,N+S+Q,2026,4,46.323146179451,7da4c3e4b88a59766a74c16a58971d1c0ec5427b8c19b8122cb4edb1b68214db,cd9df2ade1ca21431041edcb14d5f17dd4911475861cec41755502771901127f,0eb4df990f6753bfc9e9029bf76f169c28456414
Climate_h4,0,1112,N+S+Q,2026,1,43.05842148396156,7da4c3e4b88a59766a74c16a58971d1c0ec5427b8c19b8122cb4edb1b68214db,cd9df2ade1ca21431041edcb14d5f17dd4911475861cec41755502771901127f,0eb4df990f6753bfc9e9029bf76f169c28456414
Climate_h4,0,1112,N+S+Q,2026,2,43.55237916622954,7da4c3e4b88a59766a74c16a58971d1c0ec5427b8c19b8122cb4edb1b68214db,cd9df2ade1ca21431041edcb14d5f17dd4911475861cec41755502771901127f,0eb4df990f6753bfc9e9029bf76f169c28456414
Climate_h4,0,1112,N+S+Q,2026,3,44.073659772611144,7da4c3e4b88a59766a74c16a58971d1c0ec5427b8c19b8122cb4edb1b68214db,cd9df2ade1ca21431041edcb14d5f17dd4911475861cec41755502771901127f,0eb4df990f6753bfc9e9029bf76f169c28456414
Climate_h4,0,1112,N+S+Q,2026,4,44.577093165527174,7da4c3e4b88a59766a74c16a58971d1c0ec5427b8c19b8122cb4edb1b68214db,cd9df2ade1ca21431041edcb14d5f17dd4911475861cec41755502771901127f,0eb4df990f6753bfc9e9029bf76f169c28456414
Climate_h4,0,1113,N+S+Q,2026,1,39.913665966156756,7da4c3e4b88a59766a74c16a58971d1c0ec5427b8c19b8122cb4edb1b68214db,cd9df2ade1ca21431041edcb14d5f17dd4911475861cec41755502771901127f,0eb4df990f6753bfc9e9029bf76f169c28456414
Climate_h4,0,1113,N+S+Q,2026,2,40.438926320093756,7da4c3e4b88a59766a74c16a58971d1c0ec5427b8c19b8122cb4edb1b68214db,cd9df2ade1ca21431041edcb14d5f17dd4911475861cec41755502771901127f,0eb4df990f6753bfc9e9029bf76f169c28456414
Climate_h4,0,1113,N+S+Q,2026,3,40.94558394399728,7da4c3e4b88a59766a74c16a58971d1c0ec5427b8c19b8122cb4edb1b68214db,cd9df2ade1ca21431041edcb14d5f17dd4911475861cec41755502771901127f,0eb4df990f6753bfc9e9029bf76f169c28456414
Climate_h4,0,1113,N+S+Q,2026,4,41.40933750609858,7da4c3e4b88a59766a74c16a58971d1c0ec5427b8c19b8122cb4edb1b68214db,cd9df2ade1ca21431041edcb14d5f17dd4911475861cec41755502771901127f,0eb4df990f6753bfc9e9029bf76f169c28456414
Climate_h4,0,1114,N+S+Q,2026,1,42.13116188358766,7da4c3e4b88a59766a74c16a58971d1c0ec5427b8c19b8122cb4edb1b68214db,cd9df2ade1ca21431041edcb14d5f17dd4911475861cec41755502771901127f,0eb4df990f6753bfc9e9029bf76f169c28456414
Climate_h4,0,1114,N+S+Q,2026,2,42.63691738374707,7da4c3e4b88a59766a74c16a58971d1c0ec5427b8c19b8122cb4edb1b68214db,cd9df2ade1ca21431041edcb14d5f17dd4911475861cec41755502771901127f,0eb4df990f6753bfc9e9029bf76f169c28456414
Climate_h4,0,1114,N+S+Q,2026,3,43.11780654554355,7da4c3e4b88a59766a74c16a58971d1c0ec5427b8c19b8122cb4edb1b68214db,cd9df2ade1ca21431041edcb14d5f17dd4911475861cec41755502771901127f,0eb4df990f6753bfc9e9029bf76f169c28456414
Climate_h4,0,1114,N+S+Q,2026,4,43.575364806574115,7da4c3e4b88a59766a74c16a58971d1c0ec5427b8c19b8122cb4edb1b68214db,cd9df2ade1ca21431041edcb14d5f17dd4911475861cec41755502771901127f,0eb4df990f6753bfc9e9029bf76f169c28456414
Climate_h4,0,1115,N+S+Q,2026,1,45.90547243078923,7da4c3e4b88a59766a74c16a58971d1c0ec5427b8c19b8122cb4edb1b68214db,cd9df2ade1ca21431041edcb14d5f17dd4911475861cec41755502771901127f,0eb4df990f6753bfc9e9029bf76f169c28456414
Climate_h4,0,1115,N+S+Q,2026,2,46.36895276772418,7da4c3e4b88a59766a74c16a58971d1c0ec5427b8c19b8122cb4edb1b68214db,cd9df2ade1ca21431041edcb14d5f17dd4911475861cec41755502771901127f,0eb4df990f6753bfc9e9029bf76f169c28456414
Climate_h4,0,1115,N+S+Q,2026,3,46.81739383861542,7da4c3e4b88a59766a74c16a58971d1c0ec5427b8c19b8122cb4edb1b68214db,cd9df2ade1ca21431041edcb14d5f17dd4911475861cec41755502771901127f,0eb4df990f6753bfc9e9029bf76f169c28456414
Climate_h4,0,1115,N+S+Q,2026,4,47.25273014976912,7da4c3e4b88a59766a74c16a58971d1c0ec5427b8c19b8122cb4edb1b68214db,cd9df2ade1ca21431041edcb14d5f17dd4911475861cec41755502771901127f,0eb4df990f6753bfc9e9029bf76f169c28456414
Climate_h4,0,1116,N+S+Q,2026,1,47.071393883185785,7da4c3e4b88a59766a74c16a58971d1c0ec5427b8c19b8122cb4edb1b68214db,cd9df2ade1ca21431041edcb14d5f17dd4911475861cec41755502771901127f,0eb4df990f6753bfc9e9029bf76f169c28456414
Climate_h4,0,1116,N+S+Q,2026,2,47.49819909330656,7da4c3e4b88a59766a74c16a58971d1c0ec5427b8c19b8122cb4edb1b68214db,cd9df2ade1ca21431041edcb14d5f17dd4911475861cec41755502771901127f,0eb4df990f6753bfc9e9029bf76f169c28456414
Climate_h4,0,1116,N+S+Q,2026,3,47.92227845186671,7da4c3e4b88a59766a74c16a58971d1c0ec5427b8c19b8122cb4edb1b68214db,cd9df2ade1ca21431041edcb14d5f17dd4911475861cec41755502771901127f,0eb4df990f6753bfc9e9029bf76f169c28456414
Climate_h4,0,1116,N+S+Q,2026,4,48.33486516279057,7da4c3e4b88a59766a74c16a58971d1c0ec5427b8c19b8122cb4edb1b68214db,cd9df2ade1ca21431041edcb14d5f17dd4911475861cec41755502771901127f,0eb4df990f6753bfc9e9029bf76f169c28456414
Climate_h4,0,1117,N+S+Q,2026,1,45.62815445994747,7da4c3e4b88a59766a74c16a58971d1c0ec5427b8c19b8122cb4edb1b68214db,cd9df2ade1ca21431041edcb14d5f17dd4911475861cec41755502771901127f,0eb4df990f6753bfc9e9029bf76f169c28456414
Climate_h4,0,1117,N+S+Q,2026,2,46.023289004603505,7da4c3e4b88a59766a74c16a58971d1c0ec5427b8c19b8122cb4edb1b68214db,cd9df2ade1ca21431041edcb14d5f17dd4911475861cec41755502771901127f,0eb4df990f6753bfc9e9029bf76f169c28456414
Climate_h4,0,1117,N+S+Q,2026,3,46.42579486047551,7da4c3e4b88a59766a74c16a58971d1c0ec5427b8c19b8122cb4edb1b68214db,cd9df2ade1ca21431041edcb14d5f17dd4911475861cec41755502771901127f,0eb4df990f6753bfc9e9029bf76f169c28456414
Climate_h4,0,1117,N+S+Q,2026,4,46.838798212792646,7da4c3e4b88a59766a74c16a58971d1c0ec5427b8c19b8122cb4edb1b68214db,cd9df2ade1ca21431041edcb14d5f17dd4911475861cec41755502771901127f,0eb4df990f6753bfc9e9029bf76f169c28456414
Climate_h4,0,1118,N+S+Q,2026,1,47.59185410819252,7da4c3e4b88a59766a74c16a58971d1c0ec5427b8c19b8122cb4edb1b68214db,cd9df2ade1ca21431041edcb14d5f17dd4911475861cec41755502771901127f,0eb4df990f6753bfc9e9029bf76f169c28456414
Climate_h4,0,1118,N+S+Q,2026,2,47.96948453211353,7da4c3e4b88a59766a74c16a58971d1c0ec5427b8c19b8122cb4edb1b68214db,cd9df2ade1ca21431041edcb14d5f17dd4911475861cec41755502771901127f,0eb4df990f6753bfc9e9029bf76f169c28456414
Climate_h4,0,1118,N+S+Q,2026,3,48.36941034467395,7da4c3e4b88a59766a74c16a58971d1c0ec5427b8c19b8122cb4edb1b68214db,cd9df2ade1ca21431041edcb14d5f17dd4911475861cec41755502771901127f,0eb4df990f6753bfc9e9029bf76f169c28456414
Climate_h4,0,1118,N+S+Q,2026,4,48.75100112563186,7da4c3e4b88a59766a74c16a58971d1c0ec5427b8c19b8122cb4edb1b68214db,cd9df2ade1ca21431041edcb14d5f17dd4911475861cec41755502771901127f,0eb4df990f6753bfc9e9029bf76f169c28456414
Climate_h4,0,1119,N+S+Q,2026,1,46.789819553487746,7da4c3e4b88a59766a74c16a58971d1c0ec5427b8c19b8122cb4edb1b68214db,cd9df2ade1ca21431041edcb14d5f17dd4911475861cec41755502771901127f,0eb4df990f6753bfc9e9029bf76f169c28456414
Climate_h4,0,1119,N+S+Q,2026,2,47.17829048945727,7da4c3e4b88a59766a74c16a58971d1c0ec5427b8c19b8122cb4edb1b68214db,cd9df2ade1ca21431041edcb14d5f17dd4911475861cec41755502771901127f,0eb4df990f6753bfc9e9029bf76f169c28456414
Climate_h4,0,1119,N+S+Q,2026,3,47.55951983204688,7da4c3e4b88a59766a74c16a58971d1c0ec5427b8c19b8122cb4edb1b68214db,cd9df2ade1ca21431041edcb14d5f17dd4911475861cec41755502771901127f,0eb4df990f6753bfc9e9029bf76f169c28456414
Climate_h4,0,1119,N+S+Q,2026,4,47.89212871684171,7da4c3e4b88a59766a74c16a58971d1c0ec5427b8c19b8122cb4edb1b68214db,cd9df2ade1ca21431041edcb14d5f17dd4911475861cec41755502771901127f,0eb4df990f6753bfc9e9029bf76f169c28456414
Climate_h4,0,1120,N+S+Q,2026,1,47.7183113493557,7da4c3e4b88a59766a74c16a58971d1c0ec5427b8c19b8122cb4edb1b68214db,cd9df2ade1ca21431041edcb14d5f17dd4911475861cec41755502771901127f,0eb4df990f6753bfc9e9029bf76f169c28456414
Climate_h4,0,1120,N+S+Q,2026,2,48.101813304540904,7da4c3e4b88a59766a74c16a58971d1c0ec5427b8c19b8122cb4edb1b68214db,cd9df2ade1ca21431041edcb14d5f17dd4911475861cec41755502771901127f,0eb4df990f6753bfc9e9029bf76f169c28456414
Climate_h4,0,1120,N+S+Q,2026,3,48.441729755210154,7da4c3e4b88a59766a74c16a58971d1c0ec5427b8c19b8122cb4edb1b68214db,cd9df2ade1ca21431041edcb14d5f17dd4911475861cec41755502771901127f,0eb4df990f6753bfc9e9029bf76f169c28456414
Climate_h4,0,1120,N+S+Q,2026,4,48.74173964372747,7da4c3e4b88a59766a74c16a58971d1c0ec5427b8c19b8122cb4edb1b68214db,cd9df2ade1ca21431041edcb14d5f17dd4911475861cec41755502771901127f,0eb4df990f6753bfc9e9029bf76f169c28456414
Climate_h4,0,1121,N+S+Q,2026,1,47.21851617538447,7da4c3e4b88a59766a74c16a58971d1c0ec5427b8c19b8122cb4edb1b68214db,cd9df2ade1ca21431041edcb14d5f17dd4911475861cec41755502771901127f,0eb4df990f6753bfc9e9029bf76f169c28456414
Climate_h4,0,1121,N+S+Q,2026,2,47.56422944396195,7da4c3e4b88a59766a74c16a58971d1c0ec5427b8c19b8122cb4edb1b68214db,cd9df2ade1ca21431041edcb14d5f17dd4911475861cec41755502771901127f,0eb4df990f6753bfc9e9029bf76f169c28456414
Climate_h4,0,1121,N+S+Q,2026,3,47.87626458375675,7da4c3e4b88a59766a74c16a58971d1c0ec5427b8c19b8122cb4edb1b68214db,cd9df2ade1ca21431041edcb14d5f17dd4911475861cec41755502771901127f,0eb4df990f6753bfc9e9029bf76f169c28456414
Climate_h4,0,1121,N+S+Q,2026,4,48.17723023882421,7da4c3e4b88a59766a74c16a58971d1c0ec5427b8c19b8122cb4edb1b68214db,cd9df2ade1ca21431041edcb14d5f17dd4911475861cec41755502771901127f,0eb4df990f6753bfc9e9029bf76f169c28456414
Climate_h4,0,1122,N+S+Q,2026,1,49.02224163506191,7da4c3e4b88a59766a74c16a58971d1c0ec5427b8c19b8122cb4edb1b68214db,cd9df2ade1ca21431041edcb14d5f17dd4911475861cec41755502771901127f,0eb4df990f6753bfc9e9029bf76f169c28456414
Climate_h4,0,1122,N+S+Q,2026,2,49.330884180159224,7da4c3e4b88a59766a74c16a58971d1c0ec5427b8c19b8122cb4edb1b68214db,cd9df2ade1ca21431041edcb14d5f17dd4911475861cec41755502771901127f,0eb4df990f6753bfc9e9029bf76f169c28456414
Climate_h4,0,1122,N+S+Q,2026,3,49.6179137908723,7da4c3e4b88a59766a74c16a58971d1c0ec5427b8c19b8122cb4edb1b68214db,cd9df2ade1ca21431041edcb14d5f17dd4911475861cec41755502771901127f,0eb4df990f6753bfc9e9029bf76f169c28456414
Climate_h4,0,1122,N+S+Q,2026,4,49.868066477589466,7da4c3e4b88a59766a74c16a58971d1c0ec5427b8c19b8122cb4edb1b68214db,cd9df2ade1ca21431041edcb14d5f17dd4911475861cec41755502771901127f,0eb4df990f6753bfc9e9029bf76f169c28456414
Climate_h4,0,1123,N+S+Q,2026,1,47.92375851987146,7da4c3e4b88a59766a74c16a58971d1c0ec5427b8c19b8122cb4edb1b68214db,cd9df2ade1ca21431041edcb14d5f17dd4911475861cec41755502771901127f,0eb4df990f6753bfc9e9029bf76f169c28456414
Climate_h4,0,1123,N+S+Q,2026,2,48.219446547103736,7da4c3e4b88a59766a74c16a58971d1c0ec5427b8c19b8122cb4edb1b68214db,cd9df2ade1ca21431041edcb14d5f17dd4911475861cec41755502771901127f,0eb4df990f6753bfc9e9029bf76f169c28456414
Climate_h4,0,1123,N+S+Q,2026,3,48.49899764888483,7da4c3e4b88a59766a74c16a58971d1c0ec5427b8c19b8122cb4edb1b68214db,cd9df2ade1ca21431041edcb14d5f17dd4911475861cec41755502771901127f,0eb4df990f6753bfc9e9029bf76f169c28456414
Climate_h4,0,1123,N+S+Q,2026,4,48.754880323294536,7da4c3e4b88a59766a74c16a58971d1c0ec5427b8c19b8122cb4edb1b68214db,cd9df2ade1ca21431041edcb14d5f17dd4911475861cec41755502771901127f,0eb4df990f6753bfc9e9029bf76f169c28456414
Climate_h4,0,1124,N+S+Q,2026,1,49.37895827120968,7da4c3e4b88a59766a74c16a58971d1c0ec5427b8c19b8122cb4edb1b68214db,cd9df2ade1ca21431041edcb14d5f17dd4911475861cec41755502771901127f,0eb4df990f6753bfc9e9029bf76f169c28456414
Climate_h4,0,1124,N+S+Q,2026,2,49.65554612229355,7da4c3e4b88a59766a74c16a58971d1c0ec5427b8c19b8122cb4edb1b68214db,cd9df2ade1ca21431041edcb14d5f17dd4911475861cec41755502771901127f,0eb4df990f6753bfc9e9029bf76f169c28456414
Climate_h4,0,1124,N+S+Q,2026,3,49.904421166563736,7da4c3e4b88a59766a74c16a58971d1c0ec5427b8c19b8122cb4edb1b68214db,cd9df2ade1ca21431041edcb14d5f17dd4911475861cec41755502771901127f,0eb4df990f6753bfc9e9029bf76f169c28456414
Climate_h4,0,1124,N+S+Q,2026,4,50.134574406894615,7da4c3e4b88a59766a74c16a58971d1c0ec5427b8c19b8122cb4edb1b68214db,cd9df2ade1ca21431041edcb14d5f17dd4911475861cec41755502771901127f,0eb4df990f6753bfc9e9029bf76f169c28456414
Climate_h4,0,1125,N+S+Q,2026,1,50.22060661552007,7da4c3e4b88a59766a74c16a58971d1c0ec5427b8c19b8122cb4edb1b68214db,cd9df2ade1ca21431041edcb14d5f17dd4911475861cec41755502771901127f,0eb4df990f6753bfc9e9029bf76f169c28456414
Climate_h4,0,1125,N+S+Q,2026,2,50.47393634801393,7da4c3e4b88a59766a74c16a58971d1c0ec5427b8c19b8122cb4edb1b68214db,cd9df2ade1ca21431041edcb14d5f17dd4911475861cec41755502771901127f,0eb4df990f6753bfc9e9029bf76f169c28456414
Climate_h4,0,1125,N+S+Q,2026,3,50.70175698439519,7da4c3e4b88a59766a74c16a58971d1c0ec5427b8c19b8122cb4edb1b68214db,cd9df2ade1ca21431041edcb14d5f17dd4911475861cec41755502771901127f,0eb4df990f6753bfc9e9029bf76f169c28456414
Climate_h4,0,1125,N+S+Q,2026,4,50.90994733614051,7da4c3e4b88a59766a74c16a58971d1c0ec5427b8c19b8122cb4edb1b68214db,cd9df2ade1ca21431041edcb14d5f17dd4911475861cec41755502771901127f,0eb4df990f6753bfc9e9029bf76f169c28456414
Climate_h4,0,1126,N+S+Q,2026,1,50.809506995370924,7da4c3e4b88a59766a74c16a58971d1c0ec5427b8c19b8122cb4edb1b68214db,cd9df2ade1ca21431041edcb14d5f17dd4911475861cec41755502771901127f,0eb4df990f6753bfc9e9029bf76f169c28456414
Climate_h4,0,1126,N+S+Q,2026,2,51.024075728591065,7da4c3e4b88a59766a74c16a58971d1c0ec5427b8c19b8122cb4edb1b68214db,cd9df2ade1ca21431041edcb14d5f17dd4911475861cec41755502771901127f,0eb4df990f6753bfc9e9029bf76f169c28456414
Climate_h4,0,1126,N+S+Q,2026,3,51.218829192696994,7da4c3e4b88a59766a74c16a58971d1c0ec5427b8c19b8122cb4edb1b68214db,cd9df2ade1ca21431041edcb14d5f17dd4911475861cec41755502771901127f,0eb4df990f6753bfc9e9029bf76f169c28456414
Climate_h4,0,1126,N+S+Q,2026,4,51.40859476953477,7da4c3e4b88a59766a74c16a58971d1c0ec5427b8c19b8122cb4edb1b68214db,cd9df2ade1ca21431041edcb14d5f17dd4911475861cec41755502771901127f,0eb4df990f6753bfc9e9029bf76f169c28456414
Climate_h4,0,1127,N+S+Q,2026,1,50.99958758278188,7da4c3e4b88a59766a74c16a58971d1c0ec5427b8c19b8122cb4edb1b68214db,cd9df2ade1ca21431041edcb14d5f17dd4911475861cec41755502771901127f,0eb4df990f6753bfc9e9029bf76f169c28456414
Climate_h4,0,1127,N+S+Q,2026,2,51.185957040945,7da4c3e4b88a59766a74c16a58971d1c0ec5427b8c19b8122cb4edb1b68214db,cd9df2ade1ca21431041edcb14d5f17dd4911475861cec41755502771901127f,0eb4df990f6753bfc9e9029bf76f169c28456414
Climate_h4,0,1127,N+S+Q,2026,3,51.36910006425933,7da4c3e4b88a59766a74c16a58971d1c0ec5427b8c19b8122cb4edb1b68214db,cd9df2ade1ca21431041edcb14d5f17dd4911475861cec41755502771901127f,0eb4df990f6753bfc9e9029bf76f169c28456414
Climate_h4,0,1127,N+S+Q,2026,4,51.55163209123562,7da4c3e4b88a59766a74c16a58971d1c0ec5427b8c19b8122cb4edb1b68214db,cd9df2ade1ca21431041edcb14d5f17dd4911475861cec41755502771901127f,0eb4df990f6753bfc9e9029bf76f169c28456414
Climate_h4,0,1128,N+S+Q,2026,1,49.8695257879148,7da4c3e4b88a59766a74c16a58971d1c0ec5427b8c19b8122cb4edb1b68214db,cd9df2ade1ca21431041edcb14d5f17dd4911475861cec41755502771901127f,0eb4df990f6753bfc9e9029bf76f169c28456414
Climate_h4,0,1128,N+S+Q,2026,2,50.05136595096048,7da4c3e4b88a59766a74c16a58971d1c0ec5427b8c19b8122cb4edb1b68214db,cd9df2ade1ca21431041edcb14d5f17dd4911475861cec41755502771901127f,0eb4df990f6753bfc9e9029bf76f169c28456414
Climate_h4,0,1128,N+S+Q,2026,3,50.23733802415361,7da4c3e4b88a59766a74c16a58971d1c0ec5427b8c19b8122cb4edb1b68214db,cd9df2ade1ca21431041edcb14d5f17dd4911475861cec41755502771901127f,0eb4df990f6753bfc9e9029bf76f169c28456414
Climate_h4,0,1128,N+S+Q,2026,4,50.43655017040948,7da4c3e4b88a59766a74c16a58971d1c0ec5427b8c19b8122cb4edb1b68214db,cd9df2ade1ca21431041edcb14d5f17dd4911475861cec41755502771901127f,0eb4df990f6753bfc9e9029bf76f169c28456414
Climate_h4,0,1129,N+S+Q,2026,1,49.8232042184927,7da4c3e4b88a59766a74c16a58971d1c0ec5427b8c19b8122cb4edb1b68214db,cd9df2ade1ca21431041edcb14d5f17dd4911475861cec41755502771901127f,0eb4df990f6753bfc9e9029bf76f169c28456414
Climate_h4,0,1129,N+S+Q,2026,2,50.00597389705188,7da4c3e4b88a59766a74c16a58971d1c0ec5427b8c19b8122cb4edb1b68214db,cd9df2ade1ca21431041edcb14d5f17dd4911475861cec41755502771901127f,0eb4df990f6753bfc9e9029bf76f169c28456414
Climate_h4,0,1129,N+S+Q,2026,3,50.205607869000964,7da4c3e4b88a59766a74c16a58971d1c0ec5427b8c19b8122cb4edb1b68214db,cd9df2ade1ca21431041edcb14d5f17dd4911475861cec41755502771901127f,0eb4df990f6753bfc9e9029bf76f169c28456414
Climate_h4,0,1129,N+S+Q,2026,4,50.39188966155928,7da4c3e4b88a59766a74c16a58971d1c0ec5427b8c19b8122cb4edb1b68214db,cd9df2ade1ca21431041edcb14d5f17dd4911475861cec41755502771901127f,0eb4df990f6753bfc9e9029bf76f169c28456414
Climate_h4,0,1130,N+S+Q,2026,1,51.50935511434406,7da4c3e4b88a59766a74c16a58971d1c0ec5427b8c19b8122cb4edb1b68214db,cd9df2ade1ca21431041edcb14d5f17dd4911475861cec41755502771901127f,0eb4df990f6753bfc9e9029bf76f169c28456414
Climate_h4,0,1130,N+S+Q,2026,2,51.69206035191148,7da4c3e4b88a59766a74c16a58971d1c0ec5427b8c19b8122cb4edb1b68214db,cd9df2ade1ca21431041edcb14d5f17dd4911475861cec41755502771901127f,0eb4df990f6753bfc9e9029bf76f169c28456414
Climate_h4,0,1130,N+S+Q,2026,3,51.86467118297883,7da4c3e4b88a59766a74c16a58971d1c0ec5427b8c19b8122cb4edb1b68214db,cd9df2ade1ca21431041edcb14d5f17dd4911475861cec41755502771901127f,0eb4df990f6753bfc9e9029bf76f169c28456414
Climate_h4,0,1130,N+S+Q,2026,4,52.02972089112599,7da4c3e4b88a59766a74c16a58971d1c0ec5427b8c19b8122cb4edb1b68214db,cd9df2ade1ca21431041edcb14d5f17dd4911475861cec41755502771901127f,0eb4df990f6753bfc9e9029bf76f169c28456414
Climate_h4,0,1131,N+S+Q,2026,1,53.650709873033676,7da4c3e4b88a59766a74c16a58971d1c0ec5427b8c19b8122cb4edb1b68214db,cd9df2ade1ca21431041edcb14d5f17dd4911475861cec41755502771901127f,0eb4df990f6753bfc9e9029bf76f169c28456414
Climate_h4,0,1131,N+S+Q,2026,2,53.8081454982806,7da4c3e4b88a59766a74c16a58971d1c0ec5427b8c19b8122cb4edb1b68214db,cd9df2ade1ca21431041edcb14d5f17dd4911475861cec41755502771901127f,0eb4df990f6753bfc9e9029bf76f169c28456414
Climate_h4,0,1131,N+S+Q,2026,3,53.96781760612231,7da4c3e4b88a59766a74c16a58971d1c0ec5427b8c19b8122cb4edb1b68214db,cd9df2ade1ca21431041edcb14d5f17dd4911475861cec41755502771901127f,0eb4df990f6753bfc9e9029bf76f169c28456414
Climate_h4,0,1131,N+S+Q,2026,4,54.142230936499644,7da4c3e4b88a59766a74c16a58971d1c0ec5427b8c19b8122cb4edb1b68214db,cd9df2ade1ca21431041edcb14d5f17dd4911475861cec41755502771901127f,0eb4df990f6753bfc9e9029bf76f169c28456414
Climate_h4,0,1132,N+S+Q,2026,1,54.181447163724854,7da4c3e4b88a59766a74c16a58971d1c0ec5427b8c19b8122cb4edb1b68214db,cd9df2ade1ca21431041edcb14d5f17dd4911475861cec41755502771901127f,0eb4df990f6753bfc9e9029bf76f169c28456414
Climate_h4,0,1132,N+S+Q,2026,2,54.33235436314963,7da4c3e4b88a59766a74c16a58971d1c0ec5427b8c19b8122cb4edb1b68214db,cd9df2ade1ca21431041edcb14d5f17dd4911475861cec41755502771901127f,0eb4df990f6753bfc9e9029bf76f169c28456414
Climate_h4,0,1132,N+S+Q,2026,3,54.49901851183057,7da4c3e4b88a59766a74c16a58971d1c0ec5427b8c19b8122cb4edb1b68214db,cd9df2ade1ca21431041edcb14d5f17dd4911475861cec41755502771901127f,0eb4df990f6753bfc9e9029bf76f169c28456414
Climate_h4,0,1132,N+S+Q,2026,4,54.675866491838,7da4c3e4b88a59766a74c16a58971d1c0ec5427b8c19b8122cb4edb1b68214db,cd9df2ade1ca21431041edcb14d5f17dd4911475861cec41755502771901127f,0eb4df990f6753bfc9e9029bf76f169c28456414
Climate_h4,0,1133,N+S+Q,2026,1,51.16814941570074,7da4c3e4b88a59766a74c16a58971d1c0ec5427b8c19b8122cb4edb1b68214db,cd9df2ade1ca21431041edcb14d5f17dd4911475861cec41755502771901127f,0eb4df990f6753bfc9e9029bf76f169c28456414
Climate_h4,0,1133,N+S+Q,2026,2,51.349545053466635,7da4c3e4b88a59766a74c16a58971d1c0ec5427b8c19b8122cb4edb1b68214db,cd9df2ade1ca21431041edcb14d5f17dd4911475861cec41755502771901127f,0eb4df990f6753bfc9e9029bf76f169c28456414
Climate_h4,0,1133,N+S+Q,2026,3,51.53968870475715,7da4c3e4b88a59766a74c16a58971d1c0ec5427b8c19b8122cb4edb1b68214db,cd9df2ade1ca21431041edcb14d5f17dd4911475861cec41755502771901127f,0eb4df990f6753bfc9e9029bf76f169c28456414
Climate_h4,0,1133,N+S+Q,2026,4,51.739332285613315,7da4c3e4b88a59766a74c16a58971d1c0ec5427b8c19b8122cb4edb1b68214db,cd9df2ade1ca21431041edcb14d5f17dd4911475861cec41755502771901127f,0eb4df990f6753bfc9e9029bf76f169c28456414
Climate_h4,0,1134,N+S+Q,2026,1,49.19065303953648,7da4c3e4b88a59766a74c16a58971d1c0ec5427b8c19b8122cb4edb1b68214db,cd9df2ade1ca21431041edcb14d5f17dd4911475861cec41755502771901127f,0eb4df990f6753bfc9e9029bf76f169c28456414
Climate_h4,0,1134,N+S+Q,2026,2,49.412401425298334,7da4c3e4b88a59766a74c16a58971d1c0ec5427b8c19b8122cb4edb1b68214db,cd9df2ade1ca21431041edcb14d5f17dd4911475861cec41755502771901127f,0eb4df990f6753bfc9e9029bf76f169c28456414
Climate_h4,0,1134,N+S+Q,2026,3,49.63944748947496,7da4c3e4b88a59766a74c16a58971d1c0ec5427b8c19b8122cb4edb1b68214db,cd9df2ade1ca21431041edcb14d5f17dd4911475861cec41755502771901127f,0eb4df990f6753bfc9e9029bf76f169c28456414
Climate_h4,0,1134,N+S+Q,2026,4,49.87495617462831,7da4c3e4b88a59766a74c16a58971d1c0ec5427b8c19b8122cb4edb1b68214db,cd9df2ade1ca21431041edcb14d5f17dd4911475861cec41755502771901127f,0eb4df990f6753bfc9e9029bf76f169c28456414
Climate_h4,0,1135,N+S+Q,2026,1,47.714827366781506,7da4c3e4b88a59766a74c16a58971d1c0ec5427b8c19b8122cb4edb1b68214db,cd9df2ade1ca21431041edcb14d5f17dd4911475861cec41755502771901127f,0eb4df990f6753bfc9e9029bf76f169c28456414
Climate_h4,0,1135,N+S+Q,2026,2,47.95399516180558,7da4c3e4b88a59766a74c16a58971d1c0ec5427b8c19b8122cb4edb1b68214db,cd9df2ade1ca21431041edcb14d5f17dd4911475861cec41755502771901127f,0eb4df990f6753bfc9e9029bf76f169c28456414
Climate_h4,0,1135,N+S+Q,2026,3,48.19324701215976,7da4c3e4b88a59766a74c16a58971d1c0ec5427b8c19b8122cb4edb1b68214db,cd9df2ade1ca21431041edcb14d5f17dd4911475861cec41755502771901127f,0eb4df990f6753bfc9e9029bf76f169c28456414
Climate_h4,0,1135,N+S+Q,2026,4,48.424424229607155,7da4c3e4b88a59766a74c16a58971d1c0ec5427b8c19b8122cb4edb1b68214db,cd9df2ade1ca21431041edcb14d5f17dd4911475861cec41755502771901127f,0eb4df990f6753bfc9e9029bf76f169c28456414
Climate_h4,0,1136,N+S+Q,2026,1,47.98963792565899,7da4c3e4b88a59766a74c16a58971d1c0ec5427b8c19b8122cb4edb1b68214db,cd9df2ade1ca21431041edcb14d5f17dd4911475861cec41755502771901127f,0eb4df990f6753bfc9e9029bf76f169c28456414
Climate_h4,0,1136,N+S+Q,2026,2,48.2539361932118,7da4c3e4b88a59766a74c16a58971d1c0ec5427b8c19b8122cb4edb1b68214db,cd9df2ade1ca21431041edcb14d5f17dd4911475861cec41755502771901127f,0eb4df990f6753bfc9e9029bf76f169c28456414
Climate_h4,0,1136,N+S+Q,2026,3,48.50389348107492,7da4c3e4b88a59766a74c16a58971d1c0ec5427b8c19b8122cb4edb1b68214db,cd9df2ade1ca21431041edcb14d5f17dd4911475861cec41755502771901127f,0eb4df990f6753bfc9e9029bf76f169c28456414
Climate_h4,0,1136,N+S+Q,2026,4,48.74763725756425,7da4c3e4b88a59766a74c16a58971d1c0ec5427b8c19b8122cb4edb1b68214db,cd9df2ade1ca21431041edcb14d5f17dd4911475861cec41755502771901127f,0eb4df990f6753bfc9e9029bf76f169c28456414
Climate_h4,0,1137,N+S+Q,2026,1,47.9323134976635,7da4c3e4b88a59766a74c16a58971d1c0ec5427b8c19b8122cb4edb1b68214db,cd9df2ade1ca21431041edcb14d5f17dd4911475861cec41755502771901127f,0eb4df990f6753bfc9e9029bf76f169c28456414
Climate_h4,0,1137,N+S+Q,2026,2,48.239761400271455,7da4c3e4b88a59766a74c16a58971d1c0ec5427b8c19b8122cb4edb1b68214db,cd9df2ade1ca21431041edcb14d5f17dd4911475861cec41755502771901127f,0eb4df990f6753bfc9e9029bf76f169c28456414
Climate_h4,0,1137,N+S+Q,2026,3,48.500271444461504,7da4c3e4b88a59766a74c16a58971d1c0ec5427b8c19b8122cb4edb1b68214db,cd9df2ade1ca21431041edcb14d5f17dd4911475861cec41755502771901127f,0eb4df990f6753bfc9e9029bf76f169c28456414
Climate_h4,0,1137,N+S+Q,2026,4,48.756054426629895,7da4c3e4b88a59766a74c16a58971d1c0ec5427b8c19b8122cb4edb1b68214db,cd9df2ade1ca21431041edcb14d5f17dd4911475861cec41755502771901127f,0eb4df990f6753bfc9e9029bf76f169c28456414
Climate_h4,0,1138,N+S+Q,2026,1,48.62286415772282,7da4c3e4b88a59766a74c16a58971d1c0ec5427b8c19b8122cb4edb1b68214db,cd9df2ade1ca21431041edcb14d5f17dd4911475861cec41755502771901127f,0eb4df990f6753bfc9e9029bf76f169c28456414
Climate_h4,0,1138,N+S+Q,2026,2,48.91416581415693,7da4c3e4b88a59766a74c16a58971d1c0ec5427b8c19b8122cb4edb1b68214db,cd9df2ade1ca21431041edcb14d5f17dd4911475861cec41755502771901127f,0eb4df990f6753bfc9e9029bf76f169c28456414
Climate_h4,0,1138,N+S+Q,2026,3,49.21989043134018,7da4c3e4b88a59766a74c16a58971d1c0ec5427b8c19b8122cb4edb1b68214db,cd9df2ade1ca21431041edcb14d5f17dd4911475861cec41755502771901127f,0eb4df990f6753bfc9e9029bf76f169c28456414
Climate_h4,0,1138,N+S+Q,2026,4,49.56533997783904,7da4c3e4b88a59766a74c16a58971d1c0ec5427b8c19b8122cb4edb1b68214db,cd9df2ade1ca21431041edcb14d5f17dd4911475861cec41755502771901127f,0eb4df990f6753bfc9e9029bf76f169c28456414
Climate_h4,0,1139,N+S+Q,2026,1,46.51790089764423,7da4c3e4b88a59766a74c16a58971d1c0ec5427b8c19b8122cb4edb1b68214db,cd9df2ade1ca21431041edcb14d5f17dd4911475861cec41755502771901127f,0eb4df990f6753bfc9e9029bf76f169c28456414
Climate_h4,0,1139,N+S+Q,2026,2,46.85125872188748,7da4c3e4b88a59766a74c16a58971d1c0ec5427b8c19b8122cb4edb1b68214db,cd9df2ade1ca21431041edcb14d5f17dd4911475861cec41755502771901127f,0eb4df990f6753bfc9e9029bf76f169c28456414
Climate_h4,0,1139,N+S+Q,2026,3,47.21608454372212,7da4c3e4b88a59766a74c16a58971d1c0ec5427b8c19b8122cb4edb1b68214db,cd9df2ade1ca21431041edcb14d5f17dd4911475861cec41755502771901127f,0eb4df990f6753bfc9e9029bf76f169c28456414
Climate_h4,0,1139,N+S+Q,2026,4,47.59339915055834,7da4c3e4b88a59766a74c16a58971d1c0ec5427b8c19b8122cb4edb1b68214db,cd9df2ade1ca21431041edcb14d5f17dd4911475861cec41755502771901127f,0eb4df990f6753bfc9e9029bf76f169c28456414
Climate_h4,0,1140,N+S+Q,2026,1,47.737452024212445,7da4c3e4b88a59766a74c16a58971d1c0ec5427b8c19b8122cb4edb1b68214db,cd9df2ade1ca21431041edcb14d5f17dd4911475861cec41755502771901127f,0eb4df990f6753bfc9e9029bf76f169c28456414
Climate_h4,0,1140,N+S+Q,2026,2,48.11537796457658,7da4c3e4b88a59766a74c16a58971d1c0ec5427b8c19b8122cb4edb1b68214db,cd9df2ade1ca21431041edcb14d5f17dd4911475861cec41755502771901127f,0eb4df990f6753bfc9e9029bf76f169c28456414
Climate_h4,0,1140,N+S+Q,2026,3,48.50087456343594,7da4c3e4b88a59766a74c16a58971d1c0ec5427b8c19b8122cb4edb1b68214db,cd9df2ade1ca21431041edcb14d5f17dd4911475861cec41755502771901127f,0eb4df990f6753bfc9e9029bf76f169c28456414
Climate_h4,0,1140,N+S+Q,2026,4,48.86215177100069,7da4c3e4b88a59766a74c16a58971d1c0ec5427b8c19b8122cb4edb1b68214db,cd9df2ade1ca21431041edcb14d5f17dd4911475861cec41755502771901127f,0eb4df990f6753bfc9e9029bf76f169c28456414
Climate_h4,0,1141,N+S+Q,2026,1,47.619557581596176,7da4c3e4b88a59766a74c16a58971d1c0ec5427b8c19b8122cb4edb1b68214db,cd9df2ade1ca21431041edcb14d5f17dd4911475861cec41755502771901127f,0eb4df990f6753bfc9e9029bf76f169c28456414
Climate_h4,0,1141,N+S+Q,2026,2,48.029343433195585,7da4c3e4b88a59766a74c16a58971d1c0ec5427b8c19b8122cb4edb1b68214db,cd9df2ade1ca21431041edcb14d5f17dd4911475861cec41755502771901127f,0eb4df990f6753bfc9e9029bf76f169c28456414
Climate_h4,0,1141,N+S+Q,2026,3,48.406334072379806,7da4c3e4b88a59766a74c16a58971d1c0ec5427b8c19b8122cb4edb1b68214db,cd9df2ade1ca21431041edcb14d5f17dd4911475861cec41755502771901127f,0eb4df990f6753bfc9e9029bf76f169c28456414
Climate_h4,0,1141,N+S+Q,2026,4,48.76668542232376,7da4c3e4b88a59766a74c16a58971d1c0ec5427b8c19b8122cb4edb1b68214db,cd9df2ade1ca21431041edcb14d5f17dd4911475861cec41755502771901127f,0eb4df990f6753bfc9e9029bf76f169c28456414
Climate_h4,0,1142,N+S+Q,2026,1,47.17673368006576,7da4c3e4b88a59766a74c16a58971d1c0ec5427b8c19b8122cb4edb1b68214db,cd9df2ade1ca21431041edcb14d5f17dd4911475861cec41755502771901127f,0eb4df990f6753bfc9e9029bf76f169c28456414
Climate_h4,0,1142,N+S+Q,2026,2,47.577564099619046,7da4c3e4b88a59766a74c16a58971d1c0ec5427b8c19b8122cb4edb1b68214db,cd9df2ade1ca21431041edcb14d5f17dd4911475861cec41755502771901127f,0eb4df990f6753bfc9e9029bf76f169c28456414
Climate_h4,0,1142,N+S+Q,2026,3,47.952308983338405,7da4c3e4b88a59766a74c16a58971d1c0ec5427b8c19b8122cb4edb1b68214db,cd9df2ade1ca21431041edcb14d5f17dd4911475861cec41755502771901127f,0eb4df990f6753bfc9e9029bf76f169c28456414
Climate_h4,0,1142,N+S+Q,2026,4,48.31516834608976,7da4c3e4b88a59766a74c16a58971d1c0ec5427b8c19b8122cb4edb1b68214db,cd9df2ade1ca21431041edcb14d5f17dd4911475861cec41755502771901127f,0eb4df990f6753bfc9e9029bf76f169c28456414
Climate_h4,0,1143,N+S+Q,2026,1,45.421961638675405,7da4c3e4b88a59766a74c16a58971d1c0ec5427b8c19b8122cb4edb1b68214db,cd9df2ade1ca21431041edcb14d5f17dd4911475861cec41755502771901127f,0eb4df990f6753bfc9e9029bf76f169c28456414
Climate_h4,0,1143,N+S+Q,2026,2,45.8210165795424,7da4c3e4b88a59766a74c16a58971d1c0ec5427b8c19b8122cb4edb1b68214db,cd9df2ade1ca21431041edcb14d5f17dd4911475861cec41755502771901127f,0eb4df990f6753bfc9e9029bf76f169c28456414
Climate_h4,0,1143,N+S+Q,2026,3,46.197624579525865,7da4c3e4b88a59766a74c16a58971d1c0ec5427b8c19b8122cb4edb1b68214db,cd9df2ade1ca21431041edcb14d5f17dd4911475861cec41755502771901127f,0eb4df990f6753bfc9e9029bf76f169c28456414
Climate_h4,0,1143,N+S+Q,2026,4,46.54635938002647,7da4c3e4b88a59766a74c16a58971d1c0ec5427b8c19b8122cb4edb1b68214db,cd9df2ade1ca21431041edcb14d5f17dd4911475861cec41755502771901127f,0eb4df990f6753bfc9e9029bf76f169c28456414
Climate_h4,0,1144,N+S+Q,2026,1,42.518821704255274,7da4c3e4b88a59766a74c16a58971d1c0ec5427b8c19b8122cb4edb1b68214db,cd9df2ade1ca21431041edcb14d5f17dd4911475861cec41755502771901127f,0eb4df990f6753bfc9e9029bf76f169c28456414
Climate_h4,0,1144,N+S+Q,2026,2,42.97178421290447,7da4c3e4b88a59766a74c16a58971d1c0ec5427b8c19b8122cb4edb1b68214db,cd9df2ade1ca21431041edcb14d5f17dd4911475861cec41755502771901127f,0eb4df990f6753bfc9e9029bf76f169c28456414
Climate_h4,0,1144,N+S+Q,2026,3,43.38160801603827,7da4c3e4b88a59766a74c16a58971d1c0ec5427b8c19b8122cb4edb1b68214db,cd9df2ade1ca21431041edcb14d5f17dd4911475861cec41755502771901127f,0eb4df990f6753bfc9e9029bf76f169c28456414
Climate_h4,0,1144,N+S+Q,2026,4,43.749966987653245,7da4c3e4b88a59766a74c16a58971d1c0ec5427b8c19b8122cb4edb1b68214db,cd9df2ade1ca21431041edcb14d5f17dd4911475861cec41755502771901127f,0eb4df990f6753bfc9e9029bf76f169c28456414
Climate_h4,0,1145,N+S+Q,2026,1,40.02837379092912,7da4c3e4b88a59766a74c16a58971d1c0ec5427b8c19b8122cb4edb1b68214db,cd9df2ade1ca21431041edcb14d5f17dd4911475861cec41755502771901127f,0eb4df990f6753bfc9e9029bf76f169c28456414
Climate_h4,0,1145,N+S+Q,2026,2,40.496736947143944,7da4c3e4b88a59766a74c16a58971d1c0ec5427b8c19b8122cb4edb1b68214db,cd9df2ade1ca21431041edcb14d5f17dd4911475861cec41755502771901127f,0eb4df990f6753bfc9e9029bf76f169c28456414
Climate_h4,0,1145,N+S+Q,2026,3,40.94013601865109,7da4c3e4b88a59766a74c16a58971d1c0ec5427b8c19b8122cb4edb1b68214db,cd9df2ade1ca21431041edcb14d5f17dd4911475861cec41755502771901127f,0eb4df990f6753bfc9e9029bf76f169c28456414
Climate_h4,0,1145,N+S+Q,2026,4,41.35856754006413,7da4c3e4b88a59766a74c16a58971d1c0ec5427b8c19b8122cb4edb1b68214db,cd9df2ade1ca21431041edcb14d5f17dd4911475861cec41755502771901127f,0eb4df990f6753bfc9e9029bf76f169c28456414
Climate_h4,0,1146,N+S+Q,2026,1,38.50499533568058,7da4c3e4b88a59766a74c16a58971d1c0ec5427b8c19b8122cb4edb1b68214db,cd9df2ade1ca21431041edcb14d5f17dd4911475861cec41755502771901127f,0eb4df990f6753bfc9e9029bf76f169c28456414
Climate_h4,0,1146,N+S+Q,2026,2,38.99969164004297,7da4c3e4b88a59766a74c16a58971d1c0ec5427b8c19b8122cb4edb1b68214db,cd9df2ade1ca21431041edcb14d5f17dd4911475861cec41755502771901127f,0eb4df990f6753bfc9e9029bf76f169c28456414
Climate_h4,0,1146,N+S+Q,2026,3,39.46259535403138,7da4c3e4b88a59766a74c16a58971d1c0ec5427b8c19b8122cb4edb1b68214db,cd9df2ade1ca21431041edcb14d5f17dd4911475861cec41755502771901127f,0eb4df990f6753bfc9e9029bf76f169c28456414
Climate_h4,0,1146,N+S+Q,2026,4,39.87854589447963,7da4c3e4b88a59766a74c16a58971d1c0ec5427b8c19b8122cb4edb1b68214db,cd9df2ade1ca21431041edcb14d5f17dd4911475861cec41755502771901127f,0eb4df990f6753bfc9e9029bf76f169c28456414
Climate_h4,0,1147,N+S+Q,2026,1,39.86017958628461,7da4c3e4b88a59766a74c16a58971d1c0ec5427b8c19b8122cb4edb1b68214db,cd9df2ade1ca21431041edcb14d5f17dd4911475861cec41755502771901127f,0eb4df990f6753bfc9e9029bf76f169c28456414
Climate_h4,0,1147,N+S+Q,2026,2,40.36194366266646,7da4c3e4b88a59766a74c16a58971d1c0ec5427b8c19b8122cb4edb1b68214db,cd9df2ade1ca21431041edcb14d5f17dd4911475861cec41755502771901127f,0eb4df990f6753bfc9e9029bf76f169c28456414
Climate_h4,0,1147,N+S+Q,2026,3,40.81090943708266,7da4c3e4b88a59766a74c16a58971d1c0ec5427b8c19b8122cb4edb1b68214db,cd9df2ade1ca21431041edcb14d5f17dd4911475861cec41755502771901127f,0eb4df990f6753bfc9e9029bf76f169c28456414
Climate_h4,0,1147,N+S+Q,2026,4,41.19726292398271,7da4c3e4b88a59766a74c16a58971d1c0ec5427b8c19b8122cb4edb1b68214db,cd9df2ade1ca21431041edcb14d5f17dd4911475861cec41755502771901127f,0eb4df990f6753bfc9e9029bf76f169c28456414
Climate_h4,0,1148,N+S+Q,2026,1,39.009933073786335,7da4c3e4b88a59766a74c16a58971d1c0ec5427b8c19b8122cb4edb1b68214db,cd9df2ade1ca21431041edcb14d5f17dd4911475861cec41755502771901127f,0eb4df990f6753bfc9e9029bf76f169c28456414
Climate_h4,0,1148,N+S+Q,2026,2,39.50121470495428,7da4c3e4b88a59766a74c16a58971d1c0ec5427b8c19b8122cb4edb1b68214db,cd9df2ade1ca21431041edcb14d5f17dd4911475861cec41755502771901127f,0eb4df990f6753bfc9e9029bf76f169c28456414
Climate_h4,0,1148,N+S+Q,2026,3,39.9228867496061,7da4c3e4b88a59766a74c16a58971d1c0ec5427b8c19b8122cb4edb1b68214db,cd9df2ade1ca21431041edcb14d5f17dd4911475861cec41755502771901127f,0eb4df990f6753bfc9e9029bf76f169c28456414
Climate_h4,0,1148,N+S+Q,2026,4,40.30683200864683,7da4c3e4b88a59766a74c16a58971d1c0ec5427b8c19b8122cb4edb1b68214db,cd9df2ade1ca21431041edcb14d5f17dd4911475861cec41755502771901127f,0eb4df990f6753bfc9e9029bf76f169c28456414
Climate_h4,0,1149,N+S+Q,2026,1,40.385036932214575,7da4c3e4b88a59766a74c16a58971d1c0ec5427b8c19b8122cb4edb1b68214db,cd9df2ade1ca21431041edcb14d5f17dd4911475861cec41755502771901127f,0eb4df990f6753bfc9e9029bf76f169c28456414
Climate_h4,0,1149,N+S+Q,2026,2,40.81926615472884,7da4c3e4b88a59766a74c16a58971d1c0ec5427b8c19b8122cb4edb1b68214db,cd9df2ade1ca21431041edcb14d5f17dd4911475861cec41755502771901127f,0eb4df990f6753bfc9e9029bf76f169c28456414
Climate_h4,0,1149,N+S+Q,2026,3,41.22902618232765,7da4c3e4b88a59766a74c16a58971d1c0ec5427b8c19b8122cb4edb1b68214db,cd9df2ade1ca21431041edcb14d5f17dd4911475861cec41755502771901127f,0eb4df990f6753bfc9e9029bf76f169c28456414
Climate_h4,0,1149,N+S+Q,2026,4,41.62457467812859,7da4c3e4b88a59766a74c16a58971d1c0ec5427b8c19b8122cb4edb1b68214db,cd9df2ade1ca21431041edcb14d5f17dd4911475861cec41755502771901127f,0eb4df990f6753bfc9e9029bf76f169c28456414
Climate_h4,0,1150,N+S+Q,2026,1,40.34879436493193,7da4c3e4b88a59766a74c16a58971d1c0ec5427b8c19b8122cb4edb1b68214db,cd9df2ade1ca21431041edcb14d5f17dd4911475861cec41755502771901127f,0eb4df990f6753bfc9e9029bf76f169c28456414
Climate_h4,0,1150,N+S+Q,2026,2,40.77142166366284,7da4c3e4b88a59766a74c16a58971d1c0ec5427b8c19b8122cb4edb1b68214db,cd9df2ade1ca21431041edcb14d5f17dd4911475861cec41755502771901127f,0eb4df990f6753bfc9e9029bf76f169c28456414
Climate_h4,0,1150,N+S+Q,2026,3,41.180716756757995,7da4c3e4b88a59766a74c16a58971d1c0ec5427b8c19b8122cb4edb1b68214db,cd9df2ade1ca21431041edcb14d5f17dd4911475861cec41755502771901127f,0eb4df990f6753bfc9e9029bf76f169c28456414
Climate_h4,0,1150,N+S+Q,2026,4,41.56534530307618,7da4c3e4b88a59766a74c16a58971d1c0ec5427b8c19b8122cb4edb1b68214db,cd9df2ade1ca21431041edcb14d5f17dd4911475861cec41755502771901127f,0eb4df990f6753bfc9e9029bf76f169c28456414
Climate_h4,0,1151,N+S+Q,2026,1,41.07665634954759,7da4c3e4b88a59766a74c16a58971d1c0ec5427b8c19b8122cb4edb1b68214db,cd9df2ade1ca21431041edcb14d5f17dd4911475861cec41755502771901127f,0eb4df990f6753bfc9e9029bf76f169c28456414
Climate_h4,0,1151,N+S+Q,2026,2,41.499852378865874,7da4c3e4b88a59766a74c16a58971d1c0ec5427b8c19b8122cb4edb1b68214db,cd9df2ade1ca21431041edcb14d5f17dd4911475861cec41755502771901127f,0eb4df990f6753bfc9e9029bf76f169c28456414
Climate_h4,0,1151,N+S+Q,2026,3,41.89615589721235,7da4c3e4b88a59766a74c16a58971d1c0ec5427b8c19b8122cb4edb1b68214db,cd9df2ade1ca21431041edcb14d5f17dd4911475861cec41755502771901127f,0eb4df990f6753bfc9e9029bf76f169c28456414
Climate_h4,0,1151,N+S+Q,2026,4,42.2474835158113,7da4c3e4b88a59766a74c16a58971d1c0ec5427b8c19b8122cb4edb1b68214db,cd9df2ade1ca21431041edcb14d5f17dd4911475861cec41755502771901127f,0eb4df990f6753bfc9e9029bf76f169c28456414
Climate_h4,0,1152,N+S+Q,2026,1,41.0039955102628,7da4c3e4b88a59766a74c16a58971d1c0ec5427b8c19b8122cb4edb1b68214db,cd9df2ade1ca21431041edcb14d5f17dd4911475861cec41755502771901127f,0eb4df990f6753bfc9e9029bf76f169c28456414
Climate_h4,0,1152,N+S+Q,2026,2,41.40193750522515,7da4c3e4b88a59766a74c16a58971d1c0ec5427b8c19b8122cb4edb1b68214db,cd9df2ade1ca21431041edcb14d5f17dd4911475861cec41755502771901127f,0eb4df990f6753bfc9e9029bf76f169c28456414
Climate_h4,0,1152,N+S+Q,2026,3,41.76049335966612,7da4c3e4b88a59766a74c16a58971d1c0ec5427b8c19b8122cb4edb1b68214db,cd9df2ade1ca21431041edcb14d5f17dd4911475861cec41755502771901127f,0eb4df990f6753bfc9e9029bf76f169c28456414
Climate_h4,0,1152,N+S+Q,2026,4,42.07958332428988,7da4c3e4b88a59766a74c16a58971d1c0ec5427b8c19b8122cb4edb1b68214db,cd9df2ade1ca21431041edcb14d5f17dd4911475861cec41755502771901127f,0eb4df990f6753bfc9e9029bf76f169c28456414
Climate_h4,0,1153,N+S+Q,2026,1,39.8673997372834,7da4c3e4b88a59766a74c16a58971d1c0ec5427b8c19b8122cb4edb1b68214db,cd9df2ade1ca21431041edcb14d5f17dd4911475861cec41755502771901127f,0eb4df990f6753bfc9e9029bf76f169c28456414
Climate_h4,0,1153,N+S+Q,2026,2,40.27254370237199,7da4c3e4b88a59766a74c16a58971d1c0ec5427b8c19b8122cb4edb1b68214db,cd9df2ade1ca21431041edcb14d5f17dd4911475861cec41755502771901127f,0eb4df990f6753bfc9e9029bf76f169c28456414
Climate_h4,0,1153,N+S+Q,2026,3,40.60909255862149,7da4c3e4b88a59766a74c16a58971d1c0ec5427b8c19b8122cb4edb1b68214db,cd9df2ade1ca21431041edcb14d5f17dd4911475861cec41755502771901127f,0eb4df990f6753bfc9e9029bf76f169c28456414
Climate_h4,0,1153,N+S+Q,2026,4,40.86507280854723,7da4c3e4b88a59766a74c16a58971d1c0ec5427b8c19b8122cb4edb1b68214db,cd9df2ade1ca21431041edcb14d5f17dd4911475861cec41755502771901127f,0eb4df990f6753bfc9e9029bf76f169c28456414
Climate_h4,0,1154,N+S+Q,2026,1,40.72650460805051,7da4c3e4b88a59766a74c16a58971d1c0ec5427b8c19b8122cb4edb1b68214db,cd9df2ade1ca21431041edcb14d5f17dd4911475861cec41755502771901127f,0eb4df990f6753bfc9e9029bf76f169c28456414
Climate_h4,0,1154,N+S+Q,2026,2,41.08248165592912,7da4c3e4b88a59766a74c16a58971d1c0ec5427b8c19b8122cb4edb1b68214db,cd9df2ade1ca21431041edcb14d5f17dd4911475861cec41755502771901127f,0eb4df990f6753bfc9e9029bf76f169c28456414
Climate_h4,0,1154,N+S+Q,2026,3,41.38800614737353,7da4c3e4b88a59766a74c16a58971d1c0ec5427b8c19b8122cb4edb1b68214db,cd9df2ade1ca21431041edcb14d5f17dd4911475861cec41755502771901127f,0eb4df990f6753bfc9e9029bf76f169c28456414
Climate_h4,0,1154,N+S+Q,2026,4,41.62080575469623,7da4c3e4b88a59766a74c16a58971d1c0ec5427b8c19b8122cb4edb1b68214db,cd9df2ade1ca21431041edcb14d5f17dd4911475861cec41755502771901127f,0eb4df990f6753bfc9e9029bf76f169c28456414
Climate_h4,0,1155,N+S+Q,2026,1,39.53780400806485,7da4c3e4b88a59766a74c16a58971d1c0ec5427b8c19b8122cb4edb1b68214db,cd9df2ade1ca21431041edcb14d5f17dd4911475861cec41755502771901127f,0eb4df990f6753bfc9e9029bf76f169c28456414
Climate_h4,0,1155,N+S+Q,2026,2,39.86363057498411,7da4c3e4b88a59766a74c16a58971d1c0ec5427b8c19b8122cb4edb1b68214db,cd9df2ade1ca21431041edcb14d5f17dd4911475861cec41755502771901127f,0eb4df990f6753bfc9e9029bf76f169c28456414
Climate_h4,0,1155,N+S+Q,2026,3,40.12133062642938,7da4c3e4b88a59766a74c16a58971d1c0ec5427b8c19b8122cb4edb1b68214db,cd9df2ade1ca21431041edcb14d5f17dd4911475861cec41755502771901127f,0eb4df990f6753bfc9e9029bf76f169c28456414
Climate_h4,0,1155,N+S+Q,2026,4,40.325282004440936,7da4c3e4b88a59766a74c16a58971d1c0ec5427b8c19b8122cb4edb1b68214db,cd9df2ade1ca21431041edcb14d5f17dd4911475861cec41755502771901127f,0eb4df990f6753bfc9e9029bf76f169c28456414
Climate_h4,0,1156,N+S+Q,2026,1,38.82778411605982,7da4c3e4b88a59766a74c16a58971d1c0ec5427b8c19b8122cb4edb1b68214db,cd9df2ade1ca21431041edcb14d5f17dd4911475861cec41755502771901127f,0eb4df990f6753bfc9e9029bf76f169c28456414
Climate_h4,0,1156,N+S+Q,2026,2,39.09179418121917,7da4c3e4b88a59766a74c16a58971d1c0ec5427b8c19b8122cb4edb1b68214db,cd9df2ade1ca21431041edcb14d5f17dd4911475861cec41755502771901127f,0eb4df990f6753bfc9e9029bf76f169c28456414
Climate_h4,0,1156,N+S+Q,2026,3,39.31618583121963,7da4c3e4b88a59766a74c16a58971d1c0ec5427b8c19b8122cb4edb1b68214db,cd9df2ade1ca21431041edcb14d5f17dd4911475861cec41755502771901127f,0eb4df990f6753bfc9e9029bf76f169c28456414
Climate_h4,0,1156,N+S+Q,2026,4,39.48265008381135,7da4c3e4b88a59766a74c16a58971d1c0ec5427b8c19b8122cb4edb1b68214db,cd9df2ade1ca21431041edcb14d5f17dd4911475861cec41755502771901127f,0eb4df990f6753bfc9e9029bf76f169c28456414
Climate_h4,0,1157,N+S+Q,2026,1,38.6405104967633,7da4c3e4b88a59766a74c16a58971d1c0ec5427b8c19b8122cb4edb1b68214db,cd9df2ade1ca21431041edcb14d5f17dd4911475861cec41755502771901127f,0eb4df990f6753bfc9e9029bf76f169c28456414
Climate_h4,0,1157,N+S+Q,2026,2,38.87214817036319,7da4c3e4b88a59766a74c16a58971d1c0ec5427b8c19b8122cb4edb1b68214db,cd9df2ade1ca21431041edcb14d5f17dd4911475861cec41755502771901127f,0eb4df990f6753bfc9e9029bf76f169c28456414
Climate_h4,0,1157,N+S+Q,2026,3,39.05500686965233,7da4c3e4b88a59766a74c16a58971d1c0ec5427b8c19b8122cb4edb1b68214db,cd9df2ade1ca21431041edcb14d5f17dd4911475861cec41755502771901127f,0eb4df990f6753bfc9e9029bf76f169c28456414
Climate_h4,0,1157,N+S+Q,2026,4,39.19396458055147,7da4c3e4b88a59766a74c16a58971d1c0ec5427b8c19b8122cb4edb1b68214db,cd9df2ade1ca21431041edcb14d5f17dd4911475861cec41755502771901127f,0eb4df990f6753bfc9e9029bf76f169c28456414
Climate_h4,0,1158,N+S+Q,2026,1,37.27476834925866,7da4c3e4b88a59766a74c16a58971d1c0ec5427b8c19b8122cb4edb1b68214db,cd9df2ade1ca21431041edcb14d5f17dd4911475861cec41755502771901127f,0eb4df990f6753bfc9e9029bf76f169c28456414
Climate_h4,0,1158,N+S+Q,2026,2,37.4784830205937,7da4c3e4b88a59766a74c16a58971d1c0ec5427b8c19b8122cb4edb1b68214db,cd9df2ade1ca21431041edcb14d5f17dd4911475861cec41755502771901127f,0eb4df990f6753bfc9e9029bf76f169c28456414
Climate_h4,0,1158,N+S+Q,2026,3,37.64357566989674,7da4c3e4b88a59766a74c16a58971d1c0ec5427b8c19b8122cb4edb1b68214db,cd9df2ade1ca21431041edcb14d5f17dd4911475861cec41755502771901127f,0eb4df990f6753bfc9e9029bf76f169c28456414
Climate_h4,0,1158,N+S+Q,2026,4,37.7753546165868,7da4c3e4b88a59766a74c16a58971d1c0ec5427b8c19b8122cb4edb1b68214db,cd9df2ade1ca21431041edcb14d5f17dd4911475861cec41755502771901127f,0eb4df990f6753bfc9e9029bf76f169c28456414
Climate_h4,0,1159,N+S+Q,2026,1,37.96853205230714,7da4c3e4b88a59766a74c16a58971d1c0ec5427b8c19b8122cb4edb1b68214db,cd9df2ade1ca21431041edcb14d5f17dd4911475861cec41755502771901127f,0eb4df990f6753bfc9e9029bf76f169c28456414
Climate_h4,0,1159,N+S+Q,2026,2,38.160272423932334,7da4c3e4b88a59766a74c16a58971d1c0ec5427b8c19b8122cb4edb1b68214db,cd9df2ade1ca21431041edcb14d5f17dd4911475861cec41755502771901127f,0eb4df990f6753bfc9e9029bf76f169c28456414
Climate_h4,0,1159,N+S+Q,2026,3,38.32362553926147,7da4c3e4b88a59766a74c16a58971d1c0ec5427b8c19b8122cb4edb1b68214db,cd9df2ade1ca21431041edcb14d5f17dd4911475861cec41755502771901127f,0eb4df990f6753bfc9e9029bf76f169c28456414
Climate_h4,0,1159,N+S+Q,2026,4,38.47214054065365,7da4c3e4b88a59766a74c16a58971d1c0ec5427b8c19b8122cb4edb1b68214db,cd9df2ade1ca21431041edcb14d5f17dd4911475861cec41755502771901127f,0eb4df990f6753bfc9e9029bf76f169c28456414
Climate_h4,0,1160,N+S+Q,2026,1,39.93155875349769,7da4c3e4b88a59766a74c16a58971d1c0ec5427b8c19b8122cb4edb1b68214db,cd9df2ade1ca21431041edcb14d5f17dd4911475861cec41755502771901127f,0eb4df990f6753bfc9e9029bf76f169c28456414
Climate_h4,0,1160,N+S+Q,2026,2,40.10436641344303,7da4c3e4b88a59766a74c16a58971d1c0ec5427b8c19b8122cb4edb1b68214db,cd9df2ade1ca21431041edcb14d5f17dd4911475861cec41755502771901127f,0eb4df990f6753bfc9e9029bf76f169c28456414
Climate_h4,0,1160,N+S+Q,2026,3,40.26860196788114,7da4c3e4b88a59766a74c16a58971d1c0ec5427b8c19b8122cb4edb1b68214db,cd9df2ade1ca21431041edcb14d5f17dd4911475861cec41755502771901127f,0eb4df990f6753bfc9e9029bf76f169c28456414
Climate_h4,0,1160,N+S+Q,2026,4,40.42030097076057,7da4c3e4b88a59766a74c16a58971d1c0ec5427b8c19b8122cb4edb1b68214db,cd9df2ade1ca21431041edcb14d5f17dd4911475861cec41755502771901127f,0eb4df990f6753bfc9e9029bf76f169c28456414
Climate_h4,0,1161,N+S+Q,2026,1,41.89004121908015,7da4c3e4b88a59766a74c16a58971d1c0ec5427b8c19b8122cb4edb1b68214db,cd9df2ade1ca21431041edcb14d5f17dd4911475861cec41755502771901127f,0eb4df990f6753bfc9e9029bf76f169c28456414
Climate_h4,0,1161,N+S+Q,2026,2,42.05450823661569,7da4c3e4b88a59766a74c16a58971d1c0ec5427b8c19b8122cb4edb1b68214db,cd9df2ade1ca21431041edcb14d5f17dd4911475861cec41755502771901127f,0eb4df990f6753bfc9e9029bf76f169c28456414
Climate_h4,0,1161,N+S+Q,2026,3,42.20054067292742,7da4c3e4b88a59766a74c16a58971d1c0ec5427b8c19b8122cb4edb1b68214db,cd9df2ade1ca21431041edcb14d5f17dd4911475861cec41755502771901127f,0eb4df990f6753bfc9e9029bf76f169c28456414
Climate_h4,0,1161,N+S+Q,2026,4,42.32378032613544,7da4c3e4b88a59766a74c16a58971d1c0ec5427b8c19b8122cb4edb1b68214db,cd9df2ade1ca21431041edcb14d5f17dd4911475861cec41755502771901127f,0eb4df990f6753bfc9e9029bf76f169c28456414
Climate_h4,0,1162,N+S+Q,2026,1,42.077874199597964,7da4c3e4b88a59766a74c16a58971d1c0ec5427b8c19b8122cb4edb1b68214db,cd9df2ade1ca21431041edcb14d5f17dd4911475861cec41755502771901127f,0eb4df990f6753bfc9e9029bf76f169c28456414
Climate_h4,0,1162,N+S+Q,2026,2,42.22558587867536,7da4c3e4b88a59766a74c16a58971d1c0ec5427b8c19b8122cb4edb1b68214db,cd9df2ade1ca21431041edcb14d5f17dd4911475861cec41755502771901127f,0eb4df990f6753bfc9e9029bf76f169c28456414
Climate_h4,0,1162,N+S+Q,2026,3,42.37494002882899,7da4c3e4b88a59766a74c16a58971d1c0ec5427b8c19b8122cb4edb1b68214db,cd9df2ade1ca21431041edcb14d5f17dd4911475861cec41755502771901127f,0eb4df990f6753bfc9e9029bf76f169c28456414
Climate_h4,0,1162,N+S+Q,2026,4,42.510803790157254,7da4c3e4b88a59766a74c16a58971d1c0ec5427b8c19b8122cb4edb1b68214db,cd9df2ade1ca21431041edcb14d5f17dd4911475861cec41755502771901127f,0eb4df990f6753bfc9e9029bf76f169c28456414
Climate_h4,0,1163,N+S+Q,2026,1,43.61188109786512,7da4c3e4b88a59766a74c16a58971d1c0ec5427b8c19b8122cb4edb1b68214db,cd9df2ade1ca21431041edcb14d5f17dd4911475861cec41755502771901127f,0eb4df990f6753bfc9e9029bf76f169c28456414
Climate_h4,0,1163,N+S+Q,2026,2,43.741010108655225,7da4c3e4b88a59766a74c16a58971d1c0ec5427b8c19b8122cb4edb1b68214db,cd9df2ade1ca21431041edcb14d5f17dd4911475861cec41755502771901127f,0eb4df990f6753bfc9e9029bf76f169c28456414
Climate_h4,0,1163,N+S+Q,2026,3,43.8682033341009,7da4c3e4b88a59766a74c16a58971d1c0ec5427b8c19b8122cb4edb1b68214db,cd9df2ade1ca21431041edcb14d5f17dd4911475861cec41755502771901127f,0eb4df990f6753bfc9e9029bf76f169c28456414
Climate_h4,0,1163,N+S+Q,2026,4,43.97136318566699,7da4c3e4b88a59766a74c16a58971d1c0ec5427b8c19b8122cb4edb1b68214db,cd9df2ade1ca21431041edcb14d5f17dd4911475861cec41755502771901127f,0eb4df990f6753bfc9e9029bf76f169c28456414
Climate_h4,0,1164,N+S+Q,2026,1,44.979570948573276,7da4c3e4b88a59766a74c16a58971d1c0ec5427b8c19b8122cb4edb1b68214db,cd9df2ade1ca21431041edcb14d5f17dd4911475861cec41755502771901127f,0eb4df990f6753bfc9e9029bf76f169c28456414
Climate_h4,0,1164,N+S+Q,2026,2,45.10071634435723,7da4c3e4b88a59766a74c16a58971d1c0ec5427b8c19b8122cb4edb1b68214db,cd9df2ade1ca21431041edcb14d5f17dd4911475861cec41755502771901127f,0eb4df990f6753bfc9e9029bf76f169c28456414
Climate_h4,0,1164,N+S+Q,2026,3,45.20264984480786,7da4c3e4b88a59766a74c16a58971d1c0ec5427b8c19b8122cb4edb1b68214db,cd9df2ade1ca21431041edcb14d5f17dd4911475861cec41755502771901127f,0eb4df990f6753bfc9e9029bf76f169c28456414
Climate_h4,0,1164,N+S+Q,2026,4,45.28802642854243,7da4c3e4b88a59766a74c16a58971d1c0ec5427b8c19b8122cb4edb1b68214db,cd9df2ade1ca21431041edcb14d5f17dd4911475861cec41755502771901127f,0eb4df990f6753bfc9e9029bf76f169c28456414
Climate_h4,0,1165,N+S+Q,2026,1,45.910458661259135,7da4c3e4b88a59766a74c16a58971d1c0ec5427b8c19b8122cb4edb1b68214db,cd9df2ade1ca21431041edcb14d5f17dd4911475861cec41755502771901127f,0eb4df990f6753bfc9e9029bf76f169c28456414
Climate_h4,0,1165,N+S+Q,2026,2,45.99604970304208,7da4c3e4b88a59766a74c16a58971d1c0ec5427b8c19b8122cb4edb1b68214db,cd9df2ade1ca21431041edcb14d5f17dd4911475861cec41755502771901127f,0eb4df990f6753bfc9e9029bf76f169c28456414
Climate_h4,0,1165,N+S+Q,2026,3,46.06736106365457,7da4c3e4b88a59766a74c16a58971d1c0ec5427b8c19b8122cb4edb1b68214db,cd9df2ade1ca21431041edcb14d5f17dd4911475861cec41755502771901127f,0eb4df990f6753bfc9e9029bf76f169c28456414
Climate_h4,0,1165,N+S+Q,2026,4,46.11610691492019,7da4c3e4b88a59766a74c16a58971d1c0ec5427b8c19b8122cb4edb1b68214db,cd9df2ade1ca21431041edcb14d5f17dd4911475861cec41755502771901127f,0eb4df990f6753bfc9e9029bf76f169c28456414
Climate_h4,0,1166,N+S+Q,2026,1,46.046856125290155,7da4c3e4b88a59766a74c16a58971d1c0ec5427b8c19b8122cb4edb1b68214db,cd9df2ade1ca21431041edcb14d5f17dd4911475861cec41755502771901127f,0eb4df990f6753bfc9e9029bf76f169c28456414
Climate_h4,0,1166,N+S+Q,2026,2,46.11388681764244,7da4c3e4b88a59766a74c16a58971d1c0ec5427b8c19b8122cb4edb1b68214db,cd9df2ade1ca21431041edcb14d5f17dd4911475861cec41755502771901127f,0eb4df990f6753bfc9e9029bf76f169c28456414
Climate_h4,0,1166,N+S+Q,2026,3,46.16702940085373,7da4c3e4b88a59766a74c16a58971d1c0ec5427b8c19b8122cb4edb1b68214db,cd9df2ade1ca21431041edcb14d5f17dd4911475861cec41755502771901127f,0eb4df990f6753bfc9e9029bf76f169c28456414
Climate_h4,0,1166,N+S+Q,2026,4,46.20912593224901,7da4c3e4b88a59766a74c16a58971d1c0ec5427b8c19b8122cb4edb1b68214db,cd9df2ade1ca21431041edcb14d5f17dd4911475861cec41755502771901127f,0eb4df990f6753bfc9e9029bf76f169c28456414
Climate_h4,0,1167,N+S+Q,2026,1,48.267489742566575,7da4c3e4b88a59766a74c16a58971d1c0ec5427b8c19b8122cb4edb1b68214db,cd9df2ade1ca21431041edcb14d5f17dd4911475861cec41755502771901127f,0eb4df990f6753bfc9e9029bf76f169c28456414
Climate_h4,0,1167,N+S+Q,2026,2,48.30400631466954,7da4c3e4b88a59766a74c16a58971d1c0ec5427b8c19b8122cb4edb1b68214db,cd9df2ade1ca21431041edcb14d5f17dd4911475861cec41755502771901127f,0eb4df990f6753bfc9e9029bf76f169c28456414
Climate_h4,0,1167,N+S+Q,2026,3,48.34126460505691,7da4c3e4b88a59766a74c16a58971d1c0ec5427b8c19b8122cb4edb1b68214db,cd9df2ade1ca21431041edcb14d5f17dd4911475861cec41755502771901127f,0eb4df990f6753bfc9e9029bf76f169c28456414
Climate_h4,0,1167,N+S+Q,2026,4,48.357361253320946,7da4c3e4b88a59766a74c16a58971d1c0ec5427b8c19b8122cb4edb1b68214db,cd9df2ade1ca21431041edcb14d5f17dd4911475861cec41755502771901127f,0eb4df990f6753bfc9e9029bf76f169c28456414
Climate_h4,0,1168,N+S+Q,2026,1,46.62027143545638,7da4c3e4b88a59766a74c16a58971d1c0ec5427b8c19b8122cb4edb1b68214db,cd9df2ade1ca21431041edcb14d5f17dd4911475861cec41755502771901127f,0eb4df990f6753bfc9e9029bf76f169c28456414
Climate_h4,0,1168,N+S+Q,2026,2,46.65645483602017,7da4c3e4b88a59766a74c16a58971d1c0ec5427b8c19b8122cb4edb1b68214db,cd9df2ade1ca21431041edcb14d5f17dd4911475861cec41755502771901127f,0eb4df990f6753bfc9e9029bf76f169c28456414
Climate_h4,0,1168,N+S+Q,2026,3,46.68193369578567,7da4c3e4b88a59766a74c16a58971d1c0ec5427b8c19b8122cb4edb1b68214db,cd9df2ade1ca21431041edcb14d5f17dd4911475861cec41755502771901127f,0eb4df990f6753bfc9e9029bf76f169c28456414
Climate_h4,0,1168,N+S+Q,2026,4,46.70338105607921,7da4c3e4b88a59766a74c16a58971d1c0ec5427b8c19b8122cb4edb1b68214db,cd9df2ade1ca21431041edcb14d5f17dd4911475861cec41755502771901127f,0eb4df990f6753bfc9e9029bf76f169c28456414
Climate_h4,0,1169,N+S+Q,2026,1,46.66474651073737,7da4c3e4b88a59766a74c16a58971d1c0ec5427b8c19b8122cb4edb1b68214db,cd9df2ade1ca21431041edcb14d5f17dd4911475861cec41755502771901127f,0eb4df990f6753bfc9e9029bf76f169c28456414
Climate_h4,0,1169,N+S+Q,2026,2,46.69269891466831,7da4c3e4b88a59766a74c16a58971d1c0ec5427b8c19b8122cb4edb1b68214db,cd9df2ade1ca21431041edcb14d5f17dd4911475861cec41755502771901127f,0eb4df990f6753bfc9e9029bf76f169c28456414
Climate_h4,0,1169,N+S+Q,2026,3,46.73581839325858,7da4c3e4b88a59766a74c16a58971d1c0ec5427b8c19b8122cb4edb1b68214db,cd9df2ade1ca21431041edcb14d5f17dd4911475861cec41755502771901127f,0eb4df990f6753bfc9e9029bf76f169c28456414
Climate_h4,0,1169,N+S+Q,2026,4,46.77445596680117,7da4c3e4b88a59766a74c16a58971d1c0ec5427b8c19b8122cb4edb1b68214db,cd9df2ade1ca21431041edcb14d5f17dd4911475861cec41755502771901127f,0eb4df990f6753bfc9e9029bf76f169c28456414
Climate_h4,0,1170,N+S+Q,2026,1,48.44930165842192,7da4c3e4b88a59766a74c16a58971d1c0ec5427b8c19b8122cb4edb1b68214db,cd9df2ade1ca21431041edcb14d5f17dd4911475861cec41755502771901127f,0eb4df990f6753bfc9e9029bf76f169c28456414
Climate_h4,0,1170,N+S+Q,2026,2,48.4550167232483,7da4c3e4b88a59766a74c16a58971d1c0ec5427b8c19b8122cb4edb1b68214db,cd9df2ade1ca21431041edcb14d5f17dd4911475861cec41755502771901127f,0eb4df990f6753bfc9e9029bf76f169c28456414
Climate_h4,0,1170,N+S+Q,2026,3,48.476600000041515,7da4c3e4b88a59766a74c16a58971d1c0ec5427b8c19b8122cb4edb1b68214db,cd9df2ade1ca21431041edcb14d5f17dd4911475861cec41755502771901127f,0eb4df990f6753bfc9e9029bf76f169c28456414
Climate_h4,0,1170,N+S+Q,2026,4,48.520737580847815,7da4c3e4b88a59766a74c16a58971d1c0ec5427b8c19b8122cb4edb1b68214db,cd9df2ade1ca21431041edcb14d5f17dd4911475861cec41755502771901127f,0eb4df990f6753bfc9e9029bf76f169c28456414
Climate_h4,0,1171,N+S+Q,2026,1,45.11541604094401,7da4c3e4b88a59766a74c16a58971d1c0ec5427b8c19b8122cb4edb1b68214db,cd9df2ade1ca21431041edcb14d5f17dd4911475861cec41755502771901127f,0eb4df990f6753bfc9e9029bf76f169c28456414
Climate_h4,0,1171,N+S+Q,2026,2,45.14870631418353,7da4c3e4b88a59766a74c16a58971d1c0ec5427b8c19b8122cb4edb1b68214db,cd9df2ade1ca21431041edcb14d5f17dd4911475861cec41755502771901127f,0eb4df990f6753bfc9e9029bf76f169c28456414
Climate_h4,0,1171,N+S+Q,2026,3,45.214387415793276,7da4c3e4b88a59766a74c16a58971d1c0ec5427b8c19b8122cb4edb1b68214db,cd9df2ade1ca21431041edcb14d5f17dd4911475861cec41755502771901127f,0eb4df990f6753bfc9e9029bf76f169c28456414
Climate_h4,0,1171,N+S+Q,2026,4,45.320309578127414,7da4c3e4b88a59766a74c16a58971d1c0ec5427b8c19b8122cb4edb1b68214db,cd9df2ade1ca21431041edcb14d5f17dd4911475861cec41755502771901127f,0eb4df990f6753bfc9e9029bf76f169c28456414
Climate_h4,0,1172,N+S+Q,2026,1,44.84002057542112,7da4c3e4b88a59766a74c16a58971d1c0ec5427b8c19b8122cb4edb1b68214db,cd9df2ade1ca21431041edcb14d5f17dd4911475861cec41755502771901127f,0eb4df990f6753bfc9e9029bf76f169c28456414
Climate_h4,0,1172,N+S+Q,2026,2,44.918556068060084,7da4c3e4b88a59766a74c16a58971d1c0ec5427b8c19b8122cb4edb1b68214db,cd9df2ade1ca21431041edcb14d5f17dd4911475861cec41755502771901127f,0eb4df990f6753bfc9e9029bf76f169c28456414
Climate_h4,0,1172,N+S+Q,2026,3,45.04406672701731,7da4c3e4b88a59766a74c16a58971d1c0ec5427b8c19b8122cb4edb1b68214db,cd9df2ade1ca21431041edcb14d5f17dd4911475861cec41755502771901127f,0eb4df990f6753bfc9e9029bf76f169c28456414
Climate_h4,0,1172,N+S+Q,2026,4,45.21585923919293,7da4c3e4b88a59766a74c16a58971d1c0ec5427b8c19b8122cb4edb1b68214db,cd9df2ade1ca21431041edcb14d5f17dd4911475861cec41755502771901127f,0eb4df990f6753bfc9e9029bf76f169c28456414
Climate_h4,0,1173,N+S+Q,2026,1,40.265599478721555,7da4c3e4b88a59766a74c16a58971d1c0ec5427b8c19b8122cb4edb1b68214db,cd9df2ade1ca21431041edcb14d5f17dd4911475861cec41755502771901127f,0eb4df990f6753bfc9e9029bf76f169c28456414
Climate_h4,0,1173,N+S+Q,2026,2,40.42803222349578,7da4c3e4b88a59766a74c16a58971d1c0ec5427b8c19b8122cb4edb1b68214db,cd9df2ade1ca21431041edcb14d5f17dd4911475861cec41755502771901127f,0eb4df990f6753bfc9e9029bf76f169c28456414
Climate_h4,0,1173,N+S+Q,2026,3,40.638965287469766,7da4c3e4b88a59766a74c16a58971d1c0ec5427b8c19b8122cb4edb1b68214db,cd9df2ade1ca21431041edcb14d5f17dd4911475861cec41755502771901127f,0eb4df990f6753bfc9e9029bf76f169c28456414
Climate_h4,0,1173,N+S+Q,2026,4,40.89163877224804,7da4c3e4b88a59766a74c16a58971d1c0ec5427b8c19b8122cb4edb1b68214db,cd9df2ade1ca21431041edcb14d5f17dd4911475861cec41755502771901127f,0eb4df990f6753bfc9e9029bf76f169c28456414
Climate_h4,0,1174,N+S+Q,2026,1,35.13475265872595,7da4c3e4b88a59766a74c16a58971d1c0ec5427b8c19b8122cb4edb1b68214db,cd9df2ade1ca21431041edcb14d5f17dd4911475861cec41755502771901127f,0eb4df990f6753bfc9e9029bf76f169c28456414
Climate_h4,0,1174,N+S+Q,2026,2,35.399710647247275,7da4c3e4b88a59766a74c16a58971d1c0ec5427b8c19b8122cb4edb1b68214db,cd9df2ade1ca21431041edcb14d5f17dd4911475861cec41755502771901127f,0eb4df990f6753bfc9e9029bf76f169c28456414
Climate_h4,0,1174,N+S+Q,2026,3,35.70955006014931,7da4c3e4b88a59766a74c16a58971d1c0ec5427b8c19b8122cb4edb1b68214db,cd9df2ade1ca21431041edcb14d5f17dd4911475861cec41755502771901127f,0eb4df990f6753bfc9e9029bf76f169c28456414
Climate_h4,0,1174,N+S+Q,2026,4,36.04347178349121,7da4c3e4b88a59766a74c16a58971d1c0ec5427b8c19b8122cb4edb1b68214db,cd9df2ade1ca21431041edcb14d5f17dd4911475861cec41755502771901127f,0eb4df990f6753bfc9e9029bf76f169c28456414
Climate_h4,0,1175,N+S+Q,2026,1,34.18903767358133,7da4c3e4b88a59766a74c16a58971d1c0ec5427b8c19b8122cb4edb1b68214db,cd9df2ade1ca21431041edcb14d5f17dd4911475861cec41755502771901127f,0eb4df990f6753bfc9e9029bf76f169c28456414
Climate_h4,0,1175,N+S+Q,2026,2,34.54979115636252,7da4c3e4b88a59766a74c16a58971d1c0ec5427b8c19b8122cb4edb1b68214db,cd9df2ade1ca21431041edcb14d5f17dd4911475861cec41755502771901127f,0eb4df990f6753bfc9e9029bf76f169c28456414
Climate_h4,0,1175,N+S+Q,2026,3,34.93049550294358,7da4c3e4b88a59766a74c16a58971d1c0ec5427b8c19b8122cb4edb1b68214db,cd9df2ade1ca21431041edcb14d5f17dd4911475861cec41755502771901127f,0eb4df990f6753bfc9e9029bf76f169c28456414
Climate_h4,0,1175,N+S+Q,2026,4,35.33820443480621,7da4c3e4b88a59766a74c16a58971d1c0ec5427b8c19b8122cb4edb1b68214db,cd9df2ade1ca21431041edcb14d5f17dd4911475861cec41755502771901127f,0eb4df990f6753bfc9e9029bf76f169c28456414
Climate_h4,0,1176,N+S+Q,2026,1,35.69144868320535,7da4c3e4b88a59766a74c16a58971d1c0ec5427b8c19b8122cb4edb1b68214db,cd9df2ade1ca21431041edcb14d5f17dd4911475861cec41755502771901127f,0eb4df990f6753bfc9e9029bf76f169c28456414
Climate_h4,0,1176,N+S+Q,2026,2,36.10413714225262,7da4c3e4b88a59766a74c16a58971d1c0ec5427b8c19b8122cb4edb1b68214db,cd9df2ade1ca21431041edcb14d5f17dd4911475861cec41755502771901127f,0eb4df990f6753bfc9e9029bf76f169c28456414
Climate_h4,0,1176,N+S+Q,2026,3,36.53596293044238,7da4c3e4b88a59766a74c16a58971d1c0ec5427b8c19b8122cb4edb1b68214db,cd9df2ade1ca21431041edcb14d5f17dd4911475861cec41755502771901127f,0eb4df990f6753bfc9e9029bf76f169c28456414
Climate_h4,0,1176,N+S+Q,2026,4,36.9985502556394,7da4c3e4b88a59766a74c16a58971d1c0ec5427b8c19b8122cb4edb1b68214db,cd9df2ade1ca21431041edcb14d5f17dd4911475861cec41755502771901127f,0eb4df990f6753bfc9e9029bf76f169c28456414
Climate_h4,0,1177,N+S+Q,2026,1,37.1055235474332,7da4c3e4b88a59766a74c16a58971d1c0ec5427b8c19b8122cb4edb1b68214db,cd9df2ade1ca21431041edcb14d5f17dd4911475861cec41755502771901127f,0eb4df990f6753bfc9e9029bf76f169c28456414
Climate_h4,0,1177,N+S+Q,2026,2,37.56915085973049,7da4c3e4b88a59766a74c16a58971d1c0ec5427b8c19b8122cb4edb1b68214db,cd9df2ade1ca21431041edcb14d5f17dd4911475861cec41755502771901127f,0eb4df990f6753bfc9e9029bf76f169c28456414
Climate_h4,0,1177,N+S+Q,2026,3,38.05380507369255,7da4c3e4b88a59766a74c16a58971d1c0ec5427b8c19b8122cb4edb1b68214db,cd9df2ade1ca21431041edcb14d5f17dd4911475861cec41755502771901127f,0eb4df990f6753bfc9e9029bf76f169c28456414
Climate_h4,0,1177,N+S+Q,2026,4,38.579055271771544,7da4c3e4b88a59766a74c16a58971d1c0ec5427b8c19b8122cb4edb1b68214db,cd9df2ade1ca21431041edcb14d5f17dd4911475861cec41755502771901127f,0eb4df990f6753bfc9e9029bf76f169c28456414
Climate_h4,0,1178,N+S+Q,2026,1,40.057819747731855,7da4c3e4b88a59766a74c16a58971d1c0ec5427b8c19b8122cb4edb1b68214db,cd9df2ade1ca21431041edcb14d5f17dd4911475861cec41755502771901127f,0eb4df990f6753bfc9e9029bf76f169c28456414
Climate_h4,0,1178,N+S+Q,2026,2,40.54356790317155,7da4c3e4b88a59766a74c16a58971d1c0ec5427b8c19b8122cb4edb1b68214db,cd9df2ade1ca21431041edcb14d5f17dd4911475861cec41755502771901127f,0eb4df990f6753bfc9e9029bf76f169c28456414
Climate_h4,0,1178,N+S+Q,2026,3,41.06067861274905,7da4c3e4b88a59766a74c16a58971d1c0ec5427b8c19b8122cb4edb1b68214db,cd9df2ade1ca21431041edcb14d5f17dd4911475861cec41755502771901127f,0eb4df990f6753bfc9e9029bf76f169c28456414
Climate_h4,0,1178,N+S+Q,2026,4,41.61441385179449,7da4c3e4b88a59766a74c16a58971d1c0ec5427b8c19b8122cb4edb1b68214db,cd9df2ade1ca21431041edcb14d5f17dd4911475861cec41755502771901127f,0eb4df990f6753bfc9e9029bf76f169c28456414
Climate_h4,0,1179,N+S+Q,2026,1,43.75200379034033,7da4c3e4b88a59766a74c16a58971d1c0ec5427b8c19b8122cb4edb1b68214db,cd9df2ade1ca21431041edcb14d5f17dd4911475861cec41755502771901127f,0eb4df990f6753bfc9e9029bf76f169c28456414
Climate_h4,0,1179,N+S+Q,2026,2,44.26235055410012,7da4c3e4b88a59766a74c16a58971d1c0ec5427b8c19b8122cb4edb1b68214db,cd9df2ade1ca21431041edcb14d5f17dd4911475861cec41755502771901127f,0eb4df990f6753bfc9e9029bf76f169c28456414
Climate_h4,0,1179,N+S+Q,2026,3,44.80061337561583,7da4c3e4b88a59766a74c16a58971d1c0ec5427b8c19b8122cb4edb1b68214db,cd9df2ade1ca21431041edcb14d5f17dd4911475861cec41755502771901127f,0eb4df990f6753bfc9e9029bf76f169c28456414
Climate_h4,0,1179,N+S+Q,2026,4,45.35747529125367,7da4c3e4b88a59766a74c16a58971d1c0ec5427b8c19b8122cb4edb1b68214db,cd9df2ade1ca21431041edcb14d5f17dd4911475861cec41755502771901127f,0eb4df990f6753bfc9e9029bf76f169c28456414
Climate_h4,0,1180,N+S+Q,2026,1,45.06029629134678,7da4c3e4b88a59766a74c16a58971d1c0ec5427b8c19b8122cb4edb1b68214db,cd9df2ade1ca21431041edcb14d5f17dd4911475861cec41755502771901127f,0eb4df990f6753bfc9e9029bf76f169c28456414
Climate_h4,0,1180,N+S+Q,2026,2,45.59343024347766,7da4c3e4b88a59766a74c16a58971d1c0ec5427b8c19b8122cb4edb1b68214db,cd9df2ade1ca21431041edcb14d5f17dd4911475861cec41755502771901127f,0eb4df990f6753bfc9e9029bf76f169c28456414
Climate_h4,0,1180,N+S+Q,2026,3,46.135113909142035,7da4c3e4b88a59766a74c16a58971d1c0ec5427b8c19b8122cb4edb1b68214db,cd9df2ade1ca21431041edcb14d5f17dd4911475861cec41755502771901127f,0eb4df990f6753bfc9e9029bf76f169c28456414
Climate_h4,0,1180,N+S+Q,2026,4,46.681997792890556,7da4c3e4b88a59766a74c16a58971d1c0ec5427b8c19b8122cb4edb1b68214db,cd9df2ade1ca21431041edcb14d5f17dd4911475861cec41755502771901127f,0eb4df990f6753bfc9e9029bf76f169c28456414
Climate_h4,0,1181,N+S+Q,2026,1,44.2286837839854,7da4c3e4b88a59766a74c16a58971d1c0ec5427b8c19b8122cb4edb1b68214db,cd9df2ade1ca21431041edcb14d5f17dd4911475861cec41755502771901127f,0eb4df990f6753bfc9e9029bf76f169c28456414
Climate_h4,0,1181,N+S+Q,2026,2,44.767599938827736,7da4c3e4b88a59766a74c16a58971d1c0ec5427b8c19b8122cb4edb1b68214db,cd9df2ade1ca21431041edcb14d5f17dd4911475861cec41755502771901127f,0eb4df990f6753bfc9e9029bf76f169c28456414
Climate_h4,0,1181,N+S+Q,2026,3,45.30378552336432,7da4c3e4b88a59766a74c16a58971d1c0ec5427b8c19b8122cb4edb1b68214db,cd9df2ade1ca21431041edcb14d5f17dd4911475861cec41755502771901127f,0eb4df990f6753bfc9e9029bf76f169c28456414
Climate_h4,0,1181,N+S+Q,2026,4,45.83166693465908,7da4c3e4b88a59766a74c16a58971d1c0ec5427b8c19b8122cb4edb1b68214db,cd9df2ade1ca21431041edcb14d5f17dd4911475861cec41755502771901127f,0eb4df990f6753bfc9e9029bf76f169c28456414
Climate_h4,0,1182,N+S+Q,2026,1,46.22904321223733,7da4c3e4b88a59766a74c16a58971d1c0ec5427b8c19b8122cb4edb1b68214db,cd9df2ade1ca21431041edcb14d5f17dd4911475861cec41755502771901127f,0eb4df990f6753bfc9e9029bf76f169c28456414
Climate_h4,0,1182,N+S+Q,2026,2,46.7574873988509,7da4c3e4b88a59766a74c16a58971d1c0ec5427b8c19b8122cb4edb1b68214db,cd9df2ade1ca21431041edcb14d5f17dd4911475861cec41755502771901127f,0eb4df990f6753bfc9e9029bf76f169c28456414
Climate_h4,0,1182,N+S+Q,2026,3,47.275750203320364,7da4c3e4b88a59766a74c16a58971d1c0ec5427b8c19b8122cb4edb1b68214db,cd9df2ade1ca21431041edcb14d5f17dd4911475861cec41755502771901127f,0eb4df990f6753bfc9e9029bf76f169c28456414
Climate_h4,0,1182,N+S+Q,2026,4,47.780228041479866,7da4c3e4b88a59766a74c16a58971d1c0ec5427b8c19b8122cb4edb1b68214db,cd9df2ade1ca21431041edcb14d5f17dd4911475861cec41755502771901127f,0eb4df990f6753bfc9e9029bf76f169c28456414
Climate_h4,0,1183,N+S+Q,2026,1,46.17025929232386,7da4c3e4b88a59766a74c16a58971d1c0ec5427b8c19b8122cb4edb1b68214db,cd9df2ade1ca21431041edcb14d5f17dd4911475861cec41755502771901127f,0eb4df990f6753bfc9e9029bf76f169c28456414
Climate_h4,0,1183,N+S+Q,2026,2,46.670068566712196,7da4c3e4b88a59766a74c16a58971d1c0ec5427b8c19b8122cb4edb1b68214db,cd9df2ade1ca21431041edcb14d5f17dd4911475861cec41755502771901127f,0eb4df990f6753bfc9e9029bf76f169c28456414
Climate_h4,0,1183,N+S+Q,2026,3,47.160731973317844,7da4c3e4b88a59766a74c16a58971d1c0ec5427b8c19b8122cb4edb1b68214db,cd9df2ade1ca21431041edcb14d5f17dd4911475861cec41755502771901127f,0eb4df990f6753bfc9e9029bf76f169c28456414
Climate_h4,0,1183,N+S+Q,2026,4,47.60309766728699,7da4c3e4b88a59766a74c16a58971d1c0ec5427b8c19b8122cb4edb1b68214db,cd9df2ade1ca21431041edcb14d5f17dd4911475861cec41755502771901127f,0eb4df990f6753bfc9e9029bf76f169c28456414
Climate_h4,0,1184,N+S+Q,2026,1,46.97395193954159,7da4c3e4b88a59766a74c16a58971d1c0ec5427b8c19b8122cb4edb1b68214db,cd9df2ade1ca21431041edcb14d5f17dd4911475861cec41755502771901127f,0eb4df990f6753bfc9e9029bf76f169c28456414
Climate_h4,0,1184,N+S+Q,2026,2,47.447678123724714,7da4c3e4b88a59766a74c16a58971d1c0ec5427b8c19b8122cb4edb1b68214db,cd9df2ade1ca21431041edcb14d5f17dd4911475861cec41755502771901127f,0eb4df990f6753bfc9e9029bf76f169c28456414
Climate_h4,0,1184,N+S+Q,2026,3,47.882227288886725,7da4c3e4b88a59766a74c16a58971d1c0ec5427b8c19b8122cb4edb1b68214db,cd9df2ade1ca21431041edcb14d5f17dd4911475861cec41755502771901127f,0eb4df990f6753bfc9e9029bf76f169c28456414
Climate_h4,0,1184,N+S+Q,2026,4,48.26358329688059,7da4c3e4b88a59766a74c16a58971d1c0ec5427b8c19b8122cb4edb1b68214db,cd9df2ade1ca21431041edcb14d5f17dd4911475861cec41755502771901127f,0eb4df990f6753bfc9e9029bf76f169c28456414
Climate_h4,0,1185,N+S+Q,2026,1,44.84927816035357,7da4c3e4b88a59766a74c16a58971d1c0ec5427b8c19b8122cb4edb1b68214db,cd9df2ade1ca21431041edcb14d5f17dd4911475861cec41755502771901127f,0eb4df990f6753bfc9e9029bf76f169c28456414
Climate_h4,0,1185,N+S+Q,2026,2,45.28974290272686,7da4c3e4b88a59766a74c16a58971d1c0ec5427b8c19b8122cb4edb1b68214db,cd9df2ade1ca21431041edcb14d5f17dd4911475861cec41755502771901127f,0eb4df990f6753bfc9e9029bf76f169c28456414
Climate_h4,0,1185,N+S+Q,2026,3,45.68118865218982,7da4c3e4b88a59766a74c16a58971d1c0ec5427b8c19b8122cb4edb1b68214db,cd9df2ade1ca21431041edcb14d5f17dd4911475861cec41755502771901127f,0eb4df990f6753bfc9e9029bf76f169c28456414
Climate_h4,0,1185,N+S+Q,2026,4,46.02434066846493,7da4c3e4b88a59766a74c16a58971d1c0ec5427b8c19b8122cb4edb1b68214db,cd9df2ade1ca21431041edcb14d5f17dd4911475861cec41755502771901127f,0eb4df990f6753bfc9e9029bf76f169c28456414
Climate_h4,0,1186,N+S+Q,2026,1,42.53593673899052,7da4c3e4b88a59766a74c16a58971d1c0ec5427b8c19b8122cb4edb1b68214db,cd9df2ade1ca21431041edcb14d5f17dd4911475861cec41755502771901127f,0eb4df990f6753bfc9e9029bf76f169c28456414
Climate_h4,0,1186,N+S+Q,2026,2,42.95417902064387,7da4c3e4b88a59766a74c16a58971d1c0ec5427b8c19b8122cb4edb1b68214db,cd9df2ade1ca21431041edcb14d5f17dd4911475861cec41755502771901127f,0eb4df990f6753bfc9e9029bf76f169c28456414
Climate_h4,0,1186,N+S+Q,2026,3,43.3220234599475,7da4c3e4b88a59766a74c16a58971d1c0ec5427b8c19b8122cb4edb1b68214db,cd9df2ade1ca21431041edcb14d5f17dd4911475861cec41755502771901127f,0eb4df990f6753bfc9e9029bf76f169c28456414
Climate_h4,0,1186,N+S+Q,2026,4,43.63959845072475,7da4c3e4b88a59766a74c16a58971d1c0ec5427b8c19b8122cb4edb1b68214db,cd9df2ade1ca21431041edcb14d5f17dd4911475861cec41755502771901127f,0eb4df990f6753bfc9e9029bf76f169c28456414
Climate_h4,0,1187,N+S+Q,2026,1,37.346163637625686,7da4c3e4b88a59766a74c16a58971d1c0ec5427b8c19b8122cb4edb1b68214db,cd9df2ade1ca21431041edcb14d5f17dd4911475861cec41755502771901127f,0eb4df990f6753bfc9e9029bf76f169c28456414
Climate_h4,0,1187,N+S+Q,2026,2,37.76444259510113,7da4c3e4b88a59766a74c16a58971d1c0ec5427b8c19b8122cb4edb1b68214db,cd9df2ade1ca21431041edcb14d5f17dd4911475861cec41755502771901127f,0eb4df990f6753bfc9e9029bf76f169c28456414
Climate_h4,0,1187,N+S+Q,2026,3,38.12542427461374,7da4c3e4b88a59766a74c16a58971d1c0ec5427b8c19b8122cb4edb1b68214db,cd9df2ade1ca21431041edcb14d5f17dd4911475861cec41755502771901127f,0eb4df990f6753bfc9e9029bf76f169c28456414
Climate_h4,0,1187,N+S+Q,2026,4,38.44877732719846,7da4c3e4b88a59766a74c16a58971d1c0ec5427b8c19b8122cb4edb1b68214db,cd9df2ade1ca21431041edcb14d5f17dd4911475861cec41755502771901127f,0eb4df990f6753bfc9e9029bf76f169c28456414
Climate_h4,0,1188,N+S+Q,2026,1,35.59545509069467,7da4c3e4b88a59766a74c16a58971d1c0ec5427b8c19b8122cb4edb1b68214db,cd9df2ade1ca21431041edcb14d5f17dd4911475861cec41755502771901127f,0eb4df990f6753bfc9e9029bf76f169c28456414
Climate_h4,0,1188,N+S+Q,2026,2,36.01444086972446,7da4c3e4b88a59766a74c16a58971d1c0ec5427b8c19b8122cb4edb1b68214db,cd9df2ade1ca21431041edcb14d5f17dd4911475861cec41755502771901127f,0eb4df990f6753bfc9e9029bf76f169c28456414
Climate_h4,0,1188,N+S+Q,2026,3,36.390086278964446,7da4c3e4b88a59766a74c16a58971d1c0ec5427b8c19b8122cb4edb1b68214db,cd9df2ade1ca21431041edcb14d5f17dd4911475861cec41755502771901127f,0eb4df990f6753bfc9e9029bf76f169c28456414
Climate_h4,0,1188,N+S+Q,2026,4,36.746844993214395,7da4c3e4b88a59766a74c16a58971d1c0ec5427b8c19b8122cb4edb1b68214db,cd9df2ade1ca21431041edcb14d5f17dd4911475861cec41755502771901127f,0eb4df990f6753bfc9e9029bf76f169c28456414
Climate_h4,0,1189,N+S+Q,2026,1,31.934889286397308,7da4c3e4b88a59766a74c16a58971d1c0ec5427b8c19b8122cb4edb1b68214db,cd9df2ade1ca21431041edcb14d5f17dd4911475861cec41755502771901127f,0eb4df990f6753bfc9e9029bf76f169c28456414
Climate_h4,0,1189,N+S+Q,2026,2,32.37494366084523,7da4c3e4b88a59766a74c16a58971d1c0ec5427b8c19b8122cb4edb1b68214db,cd9df2ade1ca21431041edcb14d5f17dd4911475861cec41755502771901127f,0eb4df990f6753bfc9e9029bf76f169c28456414
Climate_h4,0,1189,N+S+Q,2026,3,32.789332793949626,7da4c3e4b88a59766a74c16a58971d1c0ec5427b8c19b8122cb4edb1b68214db,cd9df2ade1ca21431041edcb14d5f17dd4911475861cec41755502771901127f,0eb4df990f6753bfc9e9029bf76f169c28456414
Climate_h4,0,1189,N+S+Q,2026,4,33.19261995451632,7da4c3e4b88a59766a74c16a58971d1c0ec5427b8c19b8122cb4edb1b68214db,cd9df2ade1ca21431041edcb14d5f17dd4911475861cec41755502771901127f,0eb4df990f6753bfc9e9029bf76f169c28456414
Climate_h4,0,1190,N+S+Q,2026,1,31.572036839178846,7da4c3e4b88a59766a74c16a58971d1c0ec5427b8c19b8122cb4edb1b68214db,cd9df2ade1ca21431041edcb14d5f17dd4911475861cec41755502771901127f,0eb4df990f6753bfc9e9029bf76f169c28456414
Climate_h4,0,1190,N+S+Q,2026,2,32.043166161479206,7da4c3e4b88a59766a74c16a58971d1c0ec5427b8c19b8122cb4edb1b68214db,cd9df2ade1ca21431041edcb14d5f17dd4911475861cec41755502771901127f,0eb4df990f6753bfc9e9029bf76f169c28456414
Climate_h4,0,1190,N+S+Q,2026,3,32.49589096593037,7da4c3e4b88a59766a74c16a58971d1c0ec5427b8c19b8122cb4edb1b68214db,cd9df2ade1ca21431041edcb14d5f17dd4911475861cec41755502771901127f,0eb4df990f6753bfc9e9029bf76f169c28456414
Climate_h4,0,1190,N+S+Q,2026,4,32.94242363807032,7da4c3e4b88a59766a74c16a58971d1c0ec5427b8c19b8122cb4edb1b68214db,cd9df2ade1ca21431041edcb14d5f17dd4911475861cec41755502771901127f,0eb4df990f6753bfc9e9029bf76f169c28456414
Climate_h4,0,1191,N+S+Q,2026,1,29.733982964518184,7da4c3e4b88a59766a74c16a58971d1c0ec5427b8c19b8122cb4edb1b68214db,cd9df2ade1ca21431041edcb14d5f17dd4911475861cec41755502771901127f,0eb4df990f6753bfc9e9029bf76f169c28456414
Climate_h4,0,1191,N+S+Q,2026,2,30.240695192292474,7da4c3e4b88a59766a74c16a58971d1c0ec5427b8c19b8122cb4edb1b68214db,cd9df2ade1ca21431041edcb14d5f17dd4911475861cec41755502771901127f,0eb4df990f6753bfc9e9029bf76f169c28456414
Climate_h4,0,1191,N+S+Q,2026,3,30.74225325732305,7da4c3e4b88a59766a74c16a58971d1c0ec5427b8c19b8122cb4edb1b68214db,cd9df2ade1ca21431041edcb14d5f17dd4911475861cec41755502771901127f,0eb4df990f6753bfc9e9029bf76f169c28456414
Climate_h4,0,1191,N+S+Q,2026,4,31.25089023149263,7da4c3e4b88a59766a74c16a58971d1c0ec5427b8c19b8122cb4edb1b68214db,cd9df2ade1ca21431041edcb14d5f17dd4911475861cec41755502771901127f,0eb4df990f6753bfc9e9029bf76f169c28456414
Climate_h4,0,1192,N+S+Q,2026,1,29.114318789308722,7da4c3e4b88a59766a74c16a58971d1c0ec5427b8c19b8122cb4edb1b68214db,cd9df2ade1ca21431041edcb14d5f17dd4911475861cec41755502771901127f,0eb4df990f6753bfc9e9029bf76f169c28456414
Climate_h4,0,1192,N+S+Q,2026,2,29.66447656679511,7da4c3e4b88a59766a74c16a58971d1c0ec5427b8c19b8122cb4edb1b68214db,cd9df2ade1ca21431041edcb14d5f17dd4911475861cec41755502771901127f,0eb4df990f6753bfc9e9029bf76f169c28456414
Climate_h4,0,1192,N+S+Q,2026,3,30.213141250773724,7da4c3e4b88a59766a74c16a58971d1c0ec5427b8c19b8122cb4edb1b68214db,cd9df2ade1ca21431041edcb14d5f17dd4911475861cec41755502771901127f,0eb4df990f6753bfc9e9029bf76f169c28456414
Climate_h4,0,1192,N+S+Q,2026,4,30.750493745058,7da4c3e4b88a59766a74c16a58971d1c0ec5427b8c19b8122cb4edb1b68214db,cd9df2ade1ca21431041edcb14d5f17dd4911475861cec41755502771901127f,0eb4df990f6753bfc9e9029bf76f169c28456414
Climate_h4,0,1193,N+S+Q,2026,1,29.389704829234947,7da4c3e4b88a59766a74c16a58971d1c0ec5427b8c19b8122cb4edb1b68214db,cd9df2ade1ca21431041edcb14d5f17dd4911475861cec41755502771901127f,0eb4df990f6753bfc9e9029bf76f169c28456414
Climate_h4,0,1193,N+S+Q,2026,2,29.973949032490623,7da4c3e4b88a59766a74c16a58971d1c0ec5427b8c19b8122cb4edb1b68214db,cd9df2ade1ca21431041edcb14d5f17dd4911475861cec41755502771901127f,0eb4df990f6753bfc9e9029bf76f169c28456414
Climate_h4,0,1193,N+S+Q,2026,3,30.543836182908713,7da4c3e4b88a59766a74c16a58971d1c0ec5427b8c19b8122cb4edb1b68214db,cd9df2ade1ca21431041edcb14d5f17dd4911475861cec41755502771901127f,0eb4df990f6753bfc9e9029bf76f169c28456414
Climate_h4,0,1193,N+S+Q,2026,4,31.094704785827098,7da4c3e4b88a59766a74c16a58971d1c0ec5427b8c19b8122cb4edb1b68214db,cd9df2ade1ca21431041edcb14d5f17dd4911475861cec41755502771901127f,0eb4df990f6753bfc9e9029bf76f169c28456414
Climate_h4,0,1194,N+S+Q,2026,1,32.04277439923438,7da4c3e4b88a59766a74c16a58971d1c0ec5427b8c19b8122cb4edb1b68214db,cd9df2ade1ca21431041edcb14d5f17dd4911475861cec41755502771901127f,0eb4df990f6753bfc9e9029bf76f169c28456414
Climate_h4,0,1194,N+S+Q,2026,2,32.62474078741087,7da4c3e4b88a59766a74c16a58971d1c0ec5427b8c19b8122cb4edb1b68214db,cd9df2ade1ca21431041edcb14d5f17dd4911475861cec41755502771901127f,0eb4df990f6753bfc9e9029bf76f169c28456414
Climate_h4,0,1194,N+S+Q,2026,3,33.18451129560528,7da4c3e4b88a59766a74c16a58971d1c0ec5427b8c19b8122cb4edb1b68214db,cd9df2ade1ca21431041edcb14d5f17dd4911475861cec41755502771901127f,0eb4df990f6753bfc9e9029bf76f169c28456414
Climate_h4,0,1194,N+S+Q,2026,4,33.71476253147418,7da4c3e4b88a59766a74c16a58971d1c0ec5427b8c19b8122cb4edb1b68214db,cd9df2ade1ca21431041edcb14d5f17dd4911475861cec41755502771901127f,0eb4df990f6753bfc9e9029bf76f169c28456414
Climate_h4,0,1195,N+S+Q,2026,1,32.14908643629824,7da4c3e4b88a59766a74c16a58971d1c0ec5427b8c19b8122cb4edb1b68214db,cd9df2ade1ca21431041edcb14d5f17dd4911475861cec41755502771901127f,0eb4df990f6753bfc9e9029bf76f169c28456414
Climate_h4,0,1195,N+S+Q,2026,2,32.71495563145005,7da4c3e4b88a59766a74c16a58971d1c0ec5427b8c19b8122cb4edb1b68214db,cd9df2ade1ca21431041edcb14d5f17dd4911475861cec41755502771901127f,0eb4df990f6753bfc9e9029bf76f169c28456414
Climate_h4,0,1195,N+S+Q,2026,3,33.250809326147014,7da4c3e4b88a59766a74c16a58971d1c0ec5427b8c19b8122cb4edb1b68214db,cd9df2ade1ca21431041edcb14d5f17dd4911475861cec41755502771901127f,0eb4df990f6753bfc9e9029bf76f169c28456414
Climate_h4,0,1195,N+S+Q,2026,4,33.752522599125115,7da4c3e4b88a59766a74c16a58971d1c0ec5427b8c19b8122cb4edb1b68214db,cd9df2ade1ca21431041edcb14d5f17dd4911475861cec41755502771901127f,0eb4df990f6753bfc9e9029bf76f169c28456414
Climate_h4,0,1196,N+S+Q,2026,1,33.85614312905799,7da4c3e4b88a59766a74c16a58971d1c0ec5427b8c19b8122cb4edb1b68214db,cd9df2ade1ca21431041edcb14d5f17dd4911475861cec41755502771901127f,0eb4df990f6753bfc9e9029bf76f169c28456414
Climate_h4,0,1196,N+S+Q,2026,2,34.397549798231985,7da4c3e4b88a59766a74c16a58971d1c0ec5427b8c19b8122cb4edb1b68214db,cd9df2ade1ca21431041edcb14d5f17dd4911475861cec41755502771901127f,0eb4df990f6753bfc9e9029bf76f169c28456414
Climate_h4,0,1196,N+S+Q,2026,3,34.88957628561423,7da4c3e4b88a59766a74c16a58971d1c0ec5427b8c19b8122cb4edb1b68214db,cd9df2ade1ca21431041edcb14d5f17dd4911475861cec41755502771901127f,0eb4df990f6753bfc9e9029bf76f169c28456414
Climate_h4,0,1196,N+S+Q,2026,4,35.31806424850795,7da4c3e4b88a59766a74c16a58971d1c0ec5427b8c19b8122cb4edb1b68214db,cd9df2ade1ca21431041edcb14d5f17dd4911475861cec41755502771901127f,0eb4df990f6753bfc9e9029bf76f169c28456414
Climate_h4,0,1197,N+S+Q,2026,1,34.79740938247448,7da4c3e4b88a59766a74c16a58971d1c0ec5427b8c19b8122cb4edb1b68214db,cd9df2ade1ca21431041edcb14d5f17dd4911475861cec41755502771901127f,0eb4df990f6753bfc9e9029bf76f169c28456414
Climate_h4,0,1197,N+S+Q,2026,2,35.29186774165993,7da4c3e4b88a59766a74c16a58971d1c0ec5427b8c19b8122cb4edb1b68214db,cd9df2ade1ca21431041edcb14d5f17dd4911475861cec41755502771901127f,0eb4df990f6753bfc9e9029bf76f169c28456414
Climate_h4,0,1197,N+S+Q,2026,3,35.745944069059306,7da4c3e4b88a59766a74c16a58971d1c0ec5427b8c19b8122cb4edb1b68214db,cd9df2ade1ca21431041edcb14d5f17dd4911475861cec41755502771901127f,0eb4df990f6753bfc9e9029bf76f169c28456414
Climate_h4,0,1197,N+S+Q,2026,4,36.154301013750626,7da4c3e4b88a59766a74c16a58971d1c0ec5427b8c19b8122cb4edb1b68214db,cd9df2ade1ca21431041edcb14d5f17dd4911475861cec41755502771901127f,0eb4df990f6753bfc9e9029bf76f169c28456414
Climate_h4,0,1198,N+S+Q,2026,1,35.54380220277954,7da4c3e4b88a59766a74c16a58971d1c0ec5427b8c19b8122cb4edb1b68214db,cd9df2ade1ca21431041edcb14d5f17dd4911475861cec41755502771901127f,0eb4df990f6753bfc9e9029bf76f169c28456414
Climate_h4,0,1198,N+S+Q,2026,2,36.00285938858764,7da4c3e4b88a59766a74c16a58971d1c0ec5427b8c19b8122cb4edb1b68214db,cd9df2ade1ca21431041edcb14d5f17dd4911475861cec41755502771901127f,0eb4df990f6753bfc9e9029bf76f169c28456414
Climate_h4,0,1198,N+S+Q,2026,3,36.42105357152132,7da4c3e4b88a59766a74c16a58971d1c0ec5427b8c19b8122cb4edb1b68214db,cd9df2ade1ca21431041edcb14d5f17dd4911475861cec41755502771901127f,0eb4df990f6753bfc9e9029bf76f169c28456414
Climate_h4,0,1198,N+S+Q,2026,4,36.79553292776125,7da4c3e4b88a59766a74c16a58971d1c0ec5427b8c19b8122cb4edb1b68214db,cd9df2ade1ca21431041edcb14d5f17dd4911475861cec41755502771901127f,0eb4df990f6753bfc9e9029bf76f169c28456414
Climate_h4,0,1199,N+S+Q,2026,1,38.651514915772765,7da4c3e4b88a59766a74c16a58971d1c0ec5427b8c19b8122cb4edb1b68214db,cd9df2ade1ca21431041edcb14d5f17dd4911475861cec41755502771901127f,0eb4df990f6753bfc9e9029bf76f169c28456414
Climate_h4,0,1199,N+S+Q,2026,2,39.05912454566231,7da4c3e4b88a59766a74c16a58971d1c0ec5427b8c19b8122cb4edb1b68214db,cd9df2ade1ca21431041edcb14d5f17dd4911475861cec41755502771901127f,0eb4df990f6753bfc9e9029bf76f169c28456414
Climate_h4,0,1199,N+S+Q,2026,3,39.430192442177336,7da4c3e4b88a59766a74c16a58971d1c0ec5427b8c19b8122cb4edb1b68214db,cd9df2ade1ca21431041edcb14d5f17dd4911475861cec41755502771901127f,0eb4df990f6753bfc9e9029bf76f169c28456414
Climate_h4,0,1199,N+S+Q,2026,4,39.75247420298969,7da4c3e4b88a59766a74c16a58971d1c0ec5427b8c19b8122cb4edb1b68214db,cd9df2ade1ca21431041edcb14d5f17dd4911475861cec41755502771901127f,0eb4df990f6753bfc9e9029bf76f169c28456414
Climate_h4,0,1200,N+S+Q,2026,1,38.47390468232037,7da4c3e4b88a59766a74c16a58971d1c0ec5427b8c19b8122cb4edb1b68214db,cd9df2ade1ca21431041edcb14d5f17dd4911475861cec41755502771901127f,0eb4df990f6753bfc9e9029bf76f169c28456414
Climate_h4,0,1200,N+S+Q,2026,2,38.8319415331252,7da4c3e4b88a59766a74c16a58971d1c0ec5427b8c19b8122cb4edb1b68214db,cd9df2ade1ca21431041edcb14d5f17dd4911475861cec41755502771901127f,0eb4df990f6753bfc9e9029bf76f169c28456414
Climate_h4,0,1200,N+S+Q,2026,3,39.15567011024493,7da4c3e4b88a59766a74c16a58971d1c0ec5427b8c19b8122cb4edb1b68214db,cd9df2ade1ca21431041edcb14d5f17dd4911475861cec41755502771901127f,0eb4df990f6753bfc9e9029bf76f169c28456414
Climate_h4,0,1200,N+S+Q,2026,4,39.44680255536855,7da4c3e4b88a59766a74c16a58971d1c0ec5427b8c19b8122cb4edb1b68214db,cd9df2ade1ca21431041edcb14d5f17dd4911475861cec41755502771901127f,0eb4df990f6753bfc9e9029bf76f169c28456414
Climate_h4,0,1201,N+S+Q,2026,1,42.23058193453256,7da4c3e4b88a59766a74c16a58971d1c0ec5427b8c19b8122cb4edb1b68214db,cd9df2ade1ca21431041edcb14d5f17dd4911475861cec41755502771901127f,0eb4df990f6753bfc9e9029bf76f169c28456414
Climate_h4,0,1201,N+S+Q,2026,2,42.52759656703673,7da4c3e4b88a59766a74c16a58971d1c0ec5427b8c19b8122cb4edb1b68214db,cd9df2ade1ca21431041edcb14d5f17dd4911475861cec41755502771901127f,0eb4df990f6753bfc9e9029bf76f169c28456414
Climate_h4,0,1201,N+S+Q,2026,3,42.810012852859565,7da4c3e4b88a59766a74c16a58971d1c0ec5427b8c19b8122cb4edb1b68214db,cd9df2ade1ca21431041edcb14d5f17dd4911475861cec41755502771901127f,0eb4df990f6753bfc9e9029bf76f169c28456414
Climate_h4,0,1201,N+S+Q,2026,4,43.06235670580639,7da4c3e4b88a59766a74c16a58971d1c0ec5427b8c19b8122cb4edb1b68214db,cd9df2ade1ca21431041edcb14d5f17dd4911475861cec41755502771901127f,0eb4df990f6753bfc9e9029bf76f169c28456414
Climate_h4,0,1202,N+S+Q,2026,1,44.63364520850149,7da4c3e4b88a59766a74c16a58971d1c0ec5427b8c19b8122cb4edb1b68214db,cd9df2ade1ca21431041edcb14d5f17dd4911475861cec41755502771901127f,0eb4df990f6753bfc9e9029bf76f169c28456414
Climate_h4,0,1202,N+S+Q,2026,2,44.88203146686297,7da4c3e4b88a59766a74c16a58971d1c0ec5427b8c19b8122cb4edb1b68214db,cd9df2ade1ca21431041edcb14d5f17dd4911475861cec41755502771901127f,0eb4df990f6753bfc9e9029bf76f169c28456414
Climate_h4,0,1202,N+S+Q,2026,3,45.11758317298721,7da4c3e4b88a59766a74c16a58971d1c0ec5427b8c19b8122cb4edb1b68214db,cd9df2ade1ca21431041edcb14d5f17dd4911475861cec41755502771901127f,0eb4df990f6753bfc9e9029bf76f169c28456414
Climate_h4,0,1202,N+S+Q,2026,4,45.314877629073735,7da4c3e4b88a59766a74c16a58971d1c0ec5427b8c19b8122cb4edb1b68214db,cd9df2ade1ca21431041edcb14d5f17dd4911475861cec41755502771901127f,0eb4df990f6753bfc9e9029bf76f169c28456414
Climate_h4,0,1203,N+S+Q,2026,1,45.90978949480514,7da4c3e4b88a59766a74c16a58971d1c0ec5427b8c19b8122cb4edb1b68214db,cd9df2ade1ca21431041edcb14d5f17dd4911475861cec41755502771901127f,0eb4df990f6753bfc9e9029bf76f169c28456414
Climate_h4,0,1203,N+S+Q,2026,2,46.128774443152246,7da4c3e4b88a59766a74c16a58971d1c0ec5427b8c19b8122cb4edb1b68214db,cd9df2ade1ca21431041edcb14d5f17dd4911475861cec41755502771901127f,0eb4df990f6753bfc9e9029bf76f169c28456414
Climate_h4,0,1203,N+S+Q,2026,3,46.32294084128851,7da4c3e4b88a59766a74c16a58971d1c0ec5427b8c19b8122cb4edb1b68214db,cd9df2ade1ca21431041edcb14d5f17dd4911475861cec41755502771901127f,0eb4df990f6753bfc9e9029bf76f169c28456414
Climate_h4,0,1203,N+S+Q,2026,4,46.48293584034402,7da4c3e4b88a59766a74c16a58971d1c0ec5427b8c19b8122cb4edb1b68214db,cd9df2ade1ca21431041edcb14d5f17dd4911475861cec41755502771901127f,0eb4df990f6753bfc9e9029bf76f169c28456414
Climate_h4,0,1204,N+S+Q,2026,1,47.48884291855385,7da4c3e4b88a59766a74c16a58971d1c0ec5427b8c19b8122cb4edb1b68214db,cd9df2ade1ca21431041edcb14d5f17dd4911475861cec41755502771901127f,0eb4df990f6753bfc9e9029bf76f169c28456414
Climate_h4,0,1204,N+S+Q,2026,2,47.656505547891264,7da4c3e4b88a59766a74c16a58971d1c0ec5427b8c19b8122cb4edb1b68214db,cd9df2ade1ca21431041edcb14d5f17dd4911475861cec41755502771901127f,0eb4df990f6753bfc9e9029bf76f169c28456414
Climate_h4,0,1204,N+S+Q,2026,3,47.80135087745896,7da4c3e4b88a59766a74c16a58971d1c0ec5427b8c19b8122cb4edb1b68214db,cd9df2ade1ca21431041edcb14d5f17dd4911475861cec41755502771901127f,0eb4df990f6753bfc9e9029bf76f169c28456414
Climate_h4,0,1204,N+S+Q,2026,4,47.90940497837083,7da4c3e4b88a59766a74c16a58971d1c0ec5427b8c19b8122cb4edb1b68214db,cd9df2ade1ca21431041edcb14d5f17dd4911475861cec41755502771901127f,0eb4df990f6753bfc9e9029bf76f169c28456414
Climate_h4,0,1205,N+S+Q,2026,1,48.568421685415984,7da4c3e4b88a59766a74c16a58971d1c0ec5427b8c19b8122cb4edb1b68214db,cd9df2ade1ca21431041edcb14d5f17dd4911475861cec41755502771901127f,0eb4df990f6753bfc9e9029bf76f169c28456414
Climate_h4,0,1205,N+S+Q,2026,2,48.68879024101197,7da4c3e4b88a59766a74c16a58971d1c0ec5427b8c19b8122cb4edb1b68214db,cd9df2ade1ca21431041edcb14d5f17dd4911475861cec41755502771901127f,0eb4df990f6753bfc9e9029bf76f169c28456414
Climate_h4,0,1205,N+S+Q,2026,3,48.792886792798306,7da4c3e4b88a59766a74c16a58971d1c0ec5427b8c19b8122cb4edb1b68214db,cd9df2ade1ca21431041edcb14d5f17dd4911475861cec41755502771901127f,0eb4df990f6753bfc9e9029bf76f169c28456414
Climate_h4,0,1205,N+S+Q,2026,4,48.87451357568394,7da4c3e4b88a59766a74c16a58971d1c0ec5427b8c19b8122cb4edb1b68214db,cd9df2ade1ca21431041edcb14d5f17dd4911475861cec41755502771901127f,0eb4df990f6753bfc9e9029bf76f169c28456414
Climate_h4,0,1206,N+S+Q,2026,1,49.62600401646297,7da4c3e4b88a59766a74c16a58971d1c0ec5427b8c19b8122cb4edb1b68214db,cd9df2ade1ca21431041edcb14d5f17dd4911475861cec41755502771901127f,0eb4df990f6753bfc9e9029bf76f169c28456414
Climate_h4,0,1206,N+S+Q,2026,2,49.7059305118606,7da4c3e4b88a59766a74c16a58971d1c0ec5427b8c19b8122cb4edb1b68214db,cd9df2ade1ca21431041edcb14d5f17dd4911475861cec41755502771901127f,0eb4df990f6753bfc9e9029bf76f169c28456414
Climate_h4,0,1206,N+S+Q,2026,3,49.77491482662297,7da4c3e4b88a59766a74c16a58971d1c0ec5427b8c19b8122cb4edb1b68214db,cd9df2ade1ca21431041edcb14d5f17dd4911475861cec41755502771901127f,0eb4df990f6753bfc9e9029bf76f169c28456414
Climate_h4,0,1206,N+S+Q,2026,4,49.82906404989293,7da4c3e4b88a59766a74c16a58971d1c0ec5427b8c19b8122cb4edb1b68214db,cd9df2ade1ca21431041edcb14d5f17dd4911475861cec41755502771901127f,0eb4df990f6753bfc9e9029bf76f169c28456414
Climate_h4,0,1207,N+S+Q,2026,1,52.09988483104684,7da4c3e4b88a59766a74c16a58971d1c0ec5427b8c19b8122cb4edb1b68214db,cd9df2ade1ca21431041edcb14d5f17dd4911475861cec41755502771901127f,0eb4df990f6753bfc9e9029bf76f169c28456414
Climate_h4,0,1207,N+S+Q,2026,2,52.1431291206289,7da4c3e4b88a59766a74c16a58971d1c0ec5427b8c19b8122cb4edb1b68214db,cd9df2ade1ca21431041edcb14d5f17dd4911475861cec41755502771901127f,0eb4df990f6753bfc9e9029bf76f169c28456414
Climate_h4,0,1207,N+S+Q,2026,3,52.18027509097974,7da4c3e4b88a59766a74c16a58971d1c0ec5427b8c19b8122cb4edb1b68214db,cd9df2ade1ca21431041edcb14d5f17dd4911475861cec41755502771901127f,0eb4df990f6753bfc9e9029bf76f169c28456414
Climate_h4,0,1207,N+S+Q,2026,4,52.203535518879924,7da4c3e4b88a59766a74c16a58971d1c0ec5427b8c19b8122cb4edb1b68214db,cd9df2ade1ca21431041edcb14d5f17dd4911475861cec41755502771901127f,0eb4df990f6753bfc9e9029bf76f169c28456414
Climate_h4,0,1208,N+S+Q,2026,1,52.0039900507489,7da4c3e4b88a59766a74c16a58971d1c0ec5427b8c19b8122cb4edb1b68214db,cd9df2ade1ca21431041edcb14d5f17dd4911475861cec41755502771901127f,0eb4df990f6753bfc9e9029bf76f169c28456414
Climate_h4,0,1208,N+S+Q,2026,2,52.006920455115406,7da4c3e4b88a59766a74c16a58971d1c0ec5427b8c19b8122cb4edb1b68214db,cd9df2ade1ca21431041edcb14d5f17dd4911475861cec41755502771901127f,0eb4df990f6753bfc9e9029bf76f169c28456414
Climate_h4,0,1208,N+S+Q,2026,3,52.00668358339639,7da4c3e4b88a59766a74c16a58971d1c0ec5427b8c19b8122cb4edb1b68214db,cd9df2ade1ca21431041edcb14d5f17dd4911475861cec41755502771901127f,0eb4df990f6753bfc9e9029bf76f169c28456414
Climate_h4,0,1208,N+S+Q,2026,4,51.97703922491454,7da4c3e4b88a59766a74c16a58971d1c0ec5427b8c19b8122cb4edb1b68214db,cd9df2ade1ca21431041edcb14d5f17dd4911475861cec41755502771901127f,0eb4df990f6753bfc9e9029bf76f169c28456414
Climate_h4,0,1209,N+S+Q,2026,1,54.01613998526449,7da4c3e4b88a59766a74c16a58971d1c0ec5427b8c19b8122cb4edb1b68214db,cd9df2ade1ca21431041edcb14d5f17dd4911475861cec41755502771901127f,0eb4df990f6753bfc9e9029bf76f169c28456414
Climate_h4,0,1209,N+S+Q,2026,2,53.984207439652785,7da4c3e4b88a59766a74c16a58971d1c0ec5427b8c19b8122cb4edb1b68214db,cd9df2ade1ca21431041edcb14d5f17dd4911475861cec41755502771901127f,0eb4df990f6753bfc9e9029bf76f169c28456414
Climate_h4,0,1209,N+S+Q,2026,3,53.941541779852486,7da4c3e4b88a59766a74c16a58971d1c0ec5427b8c19b8122cb4edb1b68214db,cd9df2ade1ca21431041edcb14d5f17dd4911475861cec41755502771901127f,0eb4df990f6753bfc9e9029bf76f169c28456414
Climate_h4,0,1209,N+S+Q,2026,4,53.89693955536627,7da4c3e4b88a59766a74c16a58971d1c0ec5427b8c19b8122cb4edb1b68214db,cd9df2ade1ca21431041edcb14d5f17dd4911475861cec41755502771901127f,0eb4df990f6753bfc9e9029bf76f169c28456414
Climate_h4,0,1210,N+S+Q,2026,1,54.070265066985755,7da4c3e4b88a59766a74c16a58971d1c0ec5427b8c19b8122cb4edb1b68214db,cd9df2ade1ca21431041edcb14d5f17dd4911475861cec41755502771901127f,0eb4df990f6753bfc9e9029bf76f169c28456414
Climate_h4,0,1210,N+S+Q,2026,2,53.99669987707557,7da4c3e4b88a59766a74c16a58971d1c0ec5427b8c19b8122cb4edb1b68214db,cd9df2ade1ca21431041edcb14d5f17dd4911475861cec41755502771901127f,0eb4df990f6753bfc9e9029bf76f169c28456414
Climate_h4,0,1210,N+S+Q,2026,3,53.928168888707035,7da4c3e4b88a59766a74c16a58971d1c0ec5427b8c19b8122cb4edb1b68214db,cd9df2ade1ca21431041edcb14d5f17dd4911475861cec41755502771901127f,0eb4df990f6753bfc9e9029bf76f169c28456414
Climate_h4,0,1210,N+S+Q,2026,4,53.8796039548852,7da4c3e4b88a59766a74c16a58971d1c0ec5427b8c19b8122cb4edb1b68214db,cd9df2ade1ca21431041edcb14d5f17dd4911475861cec41755502771901127f,0eb4df990f6753bfc9e9029bf76f169c28456414
Climate_h4,0,1211,N+S+Q,2026,1,55.98993171124943,7da4c3e4b88a59766a74c16a58971d1c0ec5427b8c19b8122cb4edb1b68214db,cd9df2ade1ca21431041edcb14d5f17dd4911475861cec41755502771901127f,0eb4df990f6753bfc9e9029bf76f169c28456414
Climate_h4,0,1211,N+S+Q,2026,2,55.88604610802045,7da4c3e4b88a59766a74c16a58971d1c0ec5427b8c19b8122cb4edb1b68214db,cd9df2ade1ca21431041edcb14d5f17dd4911475861cec41755502771901127f,0eb4df990f6753bfc9e9029bf76f169c28456414
Climate_h4,0,1211,N+S+Q,2026,3,55.80806869846136,7da4c3e4b88a59766a74c16a58971d1c0ec5427b8c19b8122cb4edb1b68214db,cd9df2ade1ca21431041edcb14d5f17dd4911475861cec41755502771901127f,0eb4df990f6753bfc9e9029bf76f169c28456414
Climate_h4,0,1211,N+S+Q,2026,4,55.76895308084158,7da4c3e4b88a59766a74c16a58971d1c0ec5427b8c19b8122cb4edb1b68214db,cd9df2ade1ca21431041edcb14d5f17dd4911475861cec41755502771901127f,0eb4df990f6753bfc9e9029bf76f169c28456414
Climate_h4,0,1212,N+S+Q,2026,1,55.847410105795504,7da4c3e4b88a59766a74c16a58971d1c0ec5427b8c19b8122cb4edb1b68214db,cd9df2ade1ca21431041edcb14d5f17dd4911475861cec41755502771901127f,0eb4df990f6753bfc9e9029bf76f169c28456414
Climate_h4,0,1212,N+S+Q,2026,2,55.74220282241263,7da4c3e4b88a59766a74c16a58971d1c0ec5427b8c19b8122cb4edb1b68214db,cd9df2ade1ca21431041edcb14d5f17dd4911475861cec41755502771901127f,0eb4df990f6753bfc9e9029bf76f169c28456414
Climate_h4,0,1212,N+S+Q,2026,3,55.68316735466163,7da4c3e4b88a59766a74c16a58971d1c0ec5427b8c19b8122cb4edb1b68214db,cd9df2ade1ca21431041edcb14d5f17dd4911475861cec41755502771901127f,0eb4df990f6753bfc9e9029bf76f169c28456414
Climate_h4,0,1212,N+S+Q,2026,4,55.669097234371634,7da4c3e4b88a59766a74c16a58971d1c0ec5427b8c19b8122cb4edb1b68214db,cd9df2ade1ca21431041edcb14d5f17dd4911475861cec41755502771901127f,0eb4df990f6753bfc9e9029bf76f169c28456414
Climate_h4,0,1213,N+S+Q,2026,1,56.400325572872084,7da4c3e4b88a59766a74c16a58971d1c0ec5427b8c19b8122cb4edb1b68214db,cd9df2ade1ca21431041edcb14d5f17dd4911475861cec41755502771901127f,0eb4df990f6753bfc9e9029bf76f169c28456414
Climate_h4,0,1213,N+S+Q,2026,2,56.30188509433664,7da4c3e4b88a59766a74c16a58971d1c0ec5427b8c19b8122cb4edb1b68214db,cd9df2ade1ca21431041edcb14d5f17dd4911475861cec41755502771901127f,0eb4df990f6753bfc9e9029bf76f169c28456414
Climate_h4,0,1213,N+S+Q,2026,3,56.25651506859534,7da4c3e4b88a59766a74c16a58971d1c0ec5427b8c19b8122cb4edb1b68214db,cd9df2ade1ca21431041edcb14d5f17dd4911475861cec41755502771901127f,0eb4df990f6753bfc9e9029bf76f169c28456414
Climate_h4,0,1213,N+S+Q,2026,4,56.26779266225242,7da4c3e4b88a59766a74c16a58971d1c0ec5427b8c19b8122cb4edb1b68214db,cd9df2ade1ca21431041edcb14d5f17dd4911475861cec41755502771901127f,0eb4df990f6753bfc9e9029bf76f169c28456414
Climate_h4,0,1214,N+S+Q,2026,1,56.75339296689135,7da4c3e4b88a59766a74c16a58971d1c0ec5427b8c19b8122cb4edb1b68214db,cd9df2ade1ca21431041edcb14d5f17dd4911475861cec41755502771901127f,0eb4df990f6753bfc9e9029bf76f169c28456414
Climate_h4,0,1214,N+S+Q,2026,2,56.68279481105123,7da4c3e4b88a59766a74c16a58971d1c0ec5427b8c19b8122cb4edb1b68214db,cd9df2ade1ca21431041edcb14d5f17dd4911475861cec41755502771901127f,0eb4df990f6753bfc9e9029bf76f169c28456414
Climate_h4,0,1214,N+S+Q,2026,3,56.67748810964717,7da4c3e4b88a59766a74c16a58971d1c0ec5427b8c19b8122cb4edb1b68214db,cd9df2ade1ca21431041edcb14d5f17dd4911475861cec41755502771901127f,0eb4df990f6753bfc9e9029bf76f169c28456414
Climate_h4,0,1214,N+S+Q,2026,4,56.71887402901036,7da4c3e4b88a59766a74c16a58971d1c0ec5427b8c19b8122cb4edb1b68214db,cd9df2ade1ca21431041edcb14d5f17dd4911475861cec41755502771901127f,0eb4df990f6753bfc9e9029bf76f169c28456414
Climate_h4,0,1215,N+S+Q,2026,1,60.41316214319221,7da4c3e4b88a59766a74c16a58971d1c0ec5427b8c19b8122cb4edb1b68214db,cd9df2ade1ca21431041edcb14d5f17dd4911475861cec41755502771901127f,0eb4df990f6753bfc9e9029bf76f169c28456414
Climate_h4,0,1215,N+S+Q,2026,2,60.36586186006856,7da4c3e4b88a59766a74c16a58971d1c0ec5427b8c19b8122cb4edb1b68214db,cd9df2ade1ca21431041edcb14d5f17dd4911475861cec41755502771901127f,0eb4df990f6753bfc9e9029bf76f169c28456414
Climate_h4,0,1215,N+S+Q,2026,3,60.3728469885349,7da4c3e4b88a59766a74c16a58971d1c0ec5427b8c19b8122cb4edb1b68214db,cd9df2ade1ca21431041edcb14d5f17dd4911475861cec41755502771901127f,0eb4df990f6753bfc9e9029bf76f169c28456414
Climate_h4,0,1215,N+S+Q,2026,4,60.41053855973306,7da4c3e4b88a59766a74c16a58971d1c0ec5427b8c19b8122cb4edb1b68214db,cd9df2ade1ca21431041edcb14d5f17dd4911475861cec41755502771901127f,0eb4df990f6753bfc9e9029bf76f169c28456414
Climate_h4,0,1216,N+S+Q,2026,1,61.03089808207962,7da4c3e4b88a59766a74c16a58971d1c0ec5427b8c19b8122cb4edb1b68214db,cd9df2ade1ca21431041edcb14d5f17dd4911475861cec41755502771901127f,0eb4df990f6753bfc9e9029bf76f169c28456414
Climate_h4,0,1216,N+S+Q,2026,2,60.99939042625491,7da4c3e4b88a59766a74c16a58971d1c0ec5427b8c19b8122cb4edb1b68214db,cd9df2ade1ca21431041edcb14d5f17dd4911475861cec41755502771901127f,0eb4df990f6753bfc9e9029bf76f169c28456414
Climate_h4,0,1216,N+S+Q,2026,3,61.00555366393396,7da4c3e4b88a59766a74c16a58971d1c0ec5427b8c19b8122cb4edb1b68214db,cd9df2ade1ca21431041edcb14d5f17dd4911475861cec41755502771901127f,0eb4df990f6753bfc9e9029bf76f169c28456414
Climate_h4,0,1216,N+S+Q,2026,4,61.06642790030418,7da4c3e4b88a59766a74c16a58971d1c0ec5427b8c19b8122cb4edb1b68214db,cd9df2ade1ca21431041edcb14d5f17dd4911475861cec41755502771901127f,0eb4df990f6753bfc9e9029bf76f169c28456414
Climate_h4,0,1217,N+S+Q,2026,1,61.445487951379384,7da4c3e4b88a59766a74c16a58971d1c0ec5427b8c19b8122cb4edb1b68214db,cd9df2ade1ca21431041edcb14d5f17dd4911475861cec41755502771901127f,0eb4df990f6753bfc9e9029bf76f169c28456414
Climate_h4,0,1217,N+S+Q,2026,2,61.41010835943969,7da4c3e4b88a59766a74c16a58971d1c0ec5427b8c19b8122cb4edb1b68214db,cd9df2ade1ca21431041edcb14d5f17dd4911475861cec41755502771901127f,0eb4df990f6753bfc9e9029bf76f169c28456414
Climate_h4,0,1217,N+S+Q,2026,3,61.43270276326479,7da4c3e4b88a59766a74c16a58971d1c0ec5427b8c19b8122cb4edb1b68214db,cd9df2ade1ca21431041edcb14d5f17dd4911475861cec41755502771901127f,0eb4df990f6753bfc9e9029bf76f169c28456414
Climate_h4,0,1217,N+S+Q,2026,4,61.51658516437574,7da4c3e4b88a59766a74c16a58971d1c0ec5427b8c19b8122cb4edb1b68214db,cd9df2ade1ca21431041edcb14d5f17dd4911475861cec41755502771901127f,0eb4df990f6753bfc9e9029bf76f169c28456414
Climate_h4,0,1218,N+S+Q,2026,1,61.57122315867816,7da4c3e4b88a59766a74c16a58971d1c0ec5427b8c19b8122cb4edb1b68214db,cd9df2ade1ca21431041edcb14d5f17dd4911475861cec41755502771901127f,0eb4df990f6753bfc9e9029bf76f169c28456414
Climate_h4,0,1218,N+S+Q,2026,2,61.57060671039115,7da4c3e4b88a59766a74c16a58971d1c0ec5427b8c19b8122cb4edb1b68214db,cd9df2ade1ca21431041edcb14d5f17dd4911475861cec41755502771901127f,0eb4df990f6753bfc9e9029bf76f169c28456414
Climate_h4,0,1218,N+S+Q,2026,3,61.63903571936976,7da4c3e4b88a59766a74c16a58971d1c0ec5427b8c19b8122cb4edb1b68214db,cd9df2ade1ca21431041edcb14d5f17dd4911475861cec41755502771901127f,0eb4df990f6753bfc9e9029bf76f169c28456414
Climate_h4,0,1218,N+S+Q,2026,4,61.76231586262887,7da4c3e4b88a59766a74c16a58971d1c0ec5427b8c19b8122cb4edb1b68214db,cd9df2ade1ca21431041edcb14d5f17dd4911475861cec41755502771901127f,0eb4df990f6753bfc9e9029bf76f169c28456414
Climate_h4,0,1219,N+S+Q,2026,1,61.872503551388874,7da4c3e4b88a59766a74c16a58971d1c0ec5427b8c19b8122cb4edb1b68214db,cd9df2ade1ca21431041edcb14d5f17dd4911475861cec41755502771901127f,0eb4df990f6753bfc9e9029bf76f169c28456414
Climate_h4,0,1219,N+S+Q,2026,2,61.91587139092989,7da4c3e4b88a59766a74c16a58971d1c0ec5427b8c19b8122cb4edb1b68214db,cd9df2ade1ca21431041edcb14d5f17dd4911475861cec41755502771901127f,0eb4df990f6753bfc9e9029bf76f169c28456414
Climate_h4,0,1219,N+S+Q,2026,3,62.02528857197707,7da4c3e4b88a59766a74c16a58971d1c0ec5427b8c19b8122cb4edb1b68214db,cd9df2ade1ca21431041edcb14d5f17dd4911475861cec41755502771901127f,0eb4df990f6753bfc9e9029bf76f169c28456414
Climate_h4,0,1219,N+S+Q,2026,4,62.18626716461658,7da4c3e4b88a59766a74c16a58971d1c0ec5427b8c19b8122cb4edb1b68214db,cd9df2ade1ca21431041edcb14d5f17dd4911475861cec41755502771901127f,0eb4df990f6753bfc9e9029bf76f169c28456414
Climate_h4,0,1220,N+S+Q,2026,1,65.45605554913664,7da4c3e4b88a59766a74c16a58971d1c0ec5427b8c19b8122cb4edb1b68214db,cd9df2ade1ca21431041edcb14d5f17dd4911475861cec41755502771901127f,0eb4df990f6753bfc9e9029bf76f169c28456414
Climate_h4,0,1220,N+S+Q,2026,2,65.53200711127793,7da4c3e4b88a59766a74c16a58971d1c0ec5427b8c19b8122cb4edb1b68214db,cd9df2ade1ca21431041edcb14d5f17dd4911475861cec41755502771901127f,0eb4df990f6753bfc9e9029bf76f169c28456414
Climate_h4,0,1220,N+S+Q,2026,3,65.66793612732094,7da4c3e4b88a59766a74c16a58971d1c0ec5427b8c19b8122cb4edb1b68214db,cd9df2ade1ca21431041edcb14d5f17dd4911475861cec41755502771901127f,0eb4df990f6753bfc9e9029bf76f169c28456414
Climate_h4,0,1220,N+S+Q,2026,4,65.84729617620216,7da4c3e4b88a59766a74c16a58971d1c0ec5427b8c19b8122cb4edb1b68214db,cd9df2ade1ca21431041edcb14d5f17dd4911475861cec41755502771901127f,0eb4df990f6753bfc9e9029bf76f169c28456414
Climate_h4,0,1221,N+S+Q,2026,1,66.13320992880278,7da4c3e4b88a59766a74c16a58971d1c0ec5427b8c19b8122cb4edb1b68214db,cd9df2ade1ca21431041edcb14d5f17dd4911475861cec41755502771901127f,0eb4df990f6753bfc9e9029bf76f169c28456414
Climate_h4,0,1221,N+S+Q,2026,2,66.23693672523802,7da4c3e4b88a59766a74c16a58971d1c0ec5427b8c19b8122cb4edb1b68214db,cd9df2ade1ca21431041edcb14d5f17dd4911475861cec41755502771901127f,0eb4df990f6753bfc9e9029bf76f169c28456414
Climate_h4,0,1221,N+S+Q,2026,3,66.39599789700353,7da4c3e4b88a59766a74c16a58971d1c0ec5427b8c19b8122cb4edb1b68214db,cd9df2ade1ca21431041edcb14d5f17dd4911475861cec41755502771901127f,0eb4df990f6753bfc9e9029bf76f169c28456414
Climate_h4,0,1221,N+S+Q,2026,4,66.5885513279511,7da4c3e4b88a59766a74c16a58971d1c0ec5427b8c19b8122cb4edb1b68214db,cd9df2ade1ca21431041edcb14d5f17dd4911475861cec41755502771901127f,0eb4df990f6753bfc9e9029bf76f169c28456414
Climate_h4,0,1222,N+S+Q,2026,1,58.23124796338802,7da4c3e4b88a59766a74c16a58971d1c0ec5427b8c19b8122cb4edb1b68214db,cd9df2ade1ca21431041edcb14d5f17dd4911475861cec41755502771901127f,0eb4df990f6753bfc9e9029bf76f169c28456414
Climate_h4,0,1222,N+S+Q,2026,2,58.406367427644184,7da4c3e4b88a59766a74c16a58971d1c0ec5427b8c19b8122cb4edb1b68214db,cd9df2ade1ca21431041edcb14d5f17dd4911475861cec41755502771901127f,0eb4df990f6753bfc9e9029bf76f169c28456414
Climate_h4,0,1222,N+S+Q,2026,3,58.63561994107442,7da4c3e4b88a59766a74c16a58971d1c0ec5427b8c19b8122cb4edb1b68214db,cd9df2ade1ca21431041edcb14d5f17dd4911475861cec41755502771901127f,0eb4df990f6753bfc9e9029bf76f169c28456414
Climate_h4,0,1222,N+S+Q,2026,4,58.912941923748825,7da4c3e4b88a59766a74c16a58971d1c0ec5427b8c19b8122cb4edb1b68214db,cd9df2ade1ca21431041edcb14d5f17dd4911475861cec41755502771901127f,0eb4df990f6753bfc9e9029bf76f169c28456414
Climate_h4,0,1223,N+S+Q,2026,1,54.439159145162726,7da4c3e4b88a59766a74c16a58971d1c0ec5427b8c19b8122cb4edb1b68214db,cd9df2ade1ca21431041edcb14d5f17dd4911475861cec41755502771901127f,0eb4df990f6753bfc9e9029bf76f169c28456414
Climate_h4,0,1223,N+S+Q,2026,2,54.69516959920279,7da4c3e4b88a59766a74c16a58971d1c0ec5427b8c19b8122cb4edb1b68214db,cd9df2ade1ca21431041edcb14d5f17dd4911475861cec41755502771901127f,0eb4df990f6753bfc9e9029bf76f169c28456414
Climate_h4,0,1223,N+S+Q,2026,3,55.0152871069277,7da4c3e4b88a59766a74c16a58971d1c0ec5427b8c19b8122cb4edb1b68214db,cd9df2ade1ca21431041edcb14d5f17dd4911475861cec41755502771901127f,0eb4df990f6753bfc9e9029bf76f169c28456414
Climate_h4,0,1223,N+S+Q,2026,4,55.37408825158759,7da4c3e4b88a59766a74c16a58971d1c0ec5427b8c19b8122cb4edb1b68214db,cd9df2ade1ca21431041edcb14d5f17dd4911475861cec41755502771901127f,0eb4df990f6753bfc9e9029bf76f169c28456414
Climate_h4,0,1224,N+S+Q,2026,1,54.519183354815496,7da4c3e4b88a59766a74c16a58971d1c0ec5427b8c19b8122cb4edb1b68214db,cd9df2ade1ca21431041edcb14d5f17dd4911475861cec41755502771901127f,0eb4df990f6753bfc9e9029bf76f169c28456414
Climate_h4,0,1224,N+S+Q,2026,2,54.8576320325859,7da4c3e4b88a59766a74c16a58971d1c0ec5427b8c19b8122cb4edb1b68214db,cd9df2ade1ca21431041edcb14d5f17dd4911475861cec41755502771901127f,0eb4df990f6753bfc9e9029bf76f169c28456414
Climate_h4,0,1224,N+S+Q,2026,3,55.24329260988612,7da4c3e4b88a59766a74c16a58971d1c0ec5427b8c19b8122cb4edb1b68214db,cd9df2ade1ca21431041edcb14d5f17dd4911475861cec41755502771901127f,0eb4df990f6753bfc9e9029bf76f169c28456414
Climate_h4,0,1224,N+S+Q,2026,4,55.65302265576963,7da4c3e4b88a59766a74c16a58971d1c0ec5427b8c19b8122cb4edb1b68214db,cd9df2ade1ca21431041edcb14d5f17dd4911475861cec41755502771901127f,0eb4df990f6753bfc9e9029bf76f169c28456414
Climate_h4,0,1225,N+S+Q,2026,1,53.36917419494816,7da4c3e4b88a59766a74c16a58971d1c0ec5427b8c19b8122cb4edb1b68214db,cd9df2ade1ca21431041edcb14d5f17dd4911475861cec41755502771901127f,0eb4df990f6753bfc9e9029bf76f169c28456414
Climate_h4,0,1225,N+S+Q,2026,2,53.78456815958483,7da4c3e4b88a59766a74c16a58971d1c0ec5427b8c19b8122cb4edb1b68214db,cd9df2ade1ca21431041edcb14d5f17dd4911475861cec41755502771901127f,0eb4df990f6753bfc9e9029bf76f169c28456414
Climate_h4,0,1225,N+S+Q,2026,3,54.22144561913707,7da4c3e4b88a59766a74c16a58971d1c0ec5427b8c19b8122cb4edb1b68214db,cd9df2ade1ca21431041edcb14d5f17dd4911475861cec41755502771901127f,0eb4df990f6753bfc9e9029bf76f169c28456414
Climate_h4,0,1225,N+S+Q,2026,4,54.679159250565476,7da4c3e4b88a59766a74c16a58971d1c0ec5427b8c19b8122cb4edb1b68214db,cd9df2ade1ca21431041edcb14d5f17dd4911475861cec41755502771901127f,0eb4df990f6753bfc9e9029bf76f169c28456414
Climate_h4,0,1226,N+S+Q,2026,1,55.23558113584473,7da4c3e4b88a59766a74c16a58971d1c0ec5427b8c19b8122cb4edb1b68214db,cd9df2ade1ca21431041edcb14d5f17dd4911475861cec41755502771901127f,0eb4df990f6753bfc9e9029bf76f169c28456414
Climate_h4,0,1226,N+S+Q,2026,2,55.6828073463051,7da4c3e4b88a59766a74c16a58971d1c0ec5427b8c19b8122cb4edb1b68214db,cd9df2ade1ca21431041edcb14d5f17dd4911475861cec41755502771901127f,0eb4df990f6753bfc9e9029bf76f169c28456414
Climate_h4,0,1226,N+S+Q,2026,3,56.13505635418701,7da4c3e4b88a59766a74c16a58971d1c0ec5427b8c19b8122cb4edb1b68214db,cd9df2ade1ca21431041edcb14d5f17dd4911475861cec41755502771901127f,0eb4df990f6753bfc9e9029bf76f169c28456414
Climate_h4,0,1226,N+S+Q,2026,4,56.61035857371287,7da4c3e4b88a59766a74c16a58971d1c0ec5427b8c19b8122cb4edb1b68214db,cd9df2ade1ca21431041edcb14d5f17dd4911475861cec41755502771901127f,0eb4df990f6753bfc9e9029bf76f169c28456414
Climate_h4,0,1227,N+S+Q,2026,1,56.676861026624685,7da4c3e4b88a59766a74c16a58971d1c0ec5427b8c19b8122cb4edb1b68214db,cd9df2ade1ca21431041edcb14d5f17dd4911475861cec41755502771901127f,0eb4df990f6753bfc9e9029bf76f169c28456414
Climate_h4,0,1227,N+S+Q,2026,2,57.15447296933876,7da4c3e4b88a59766a74c16a58971d1c0ec5427b8c19b8122cb4edb1b68214db,cd9df2ade1ca21431041edcb14d5f17dd4911475861cec41755502771901127f,0eb4df990f6753bfc9e9029bf76f169c28456414
Climate_h4,0,1227,N+S+Q,2026,3,57.63527618533758,7da4c3e4b88a59766a74c16a58971d1c0ec5427b8c19b8122cb4edb1b68214db,cd9df2ade1ca21431041edcb14d5f17dd4911475861cec41755502771901127f,0eb4df990f6753bfc9e9029bf76f169c28456414
Climate_h4,0,1227,N+S+Q,2026,4,58.139281044121816,7da4c3e4b88a59766a74c16a58971d1c0ec5427b8c19b8122cb4edb1b68214db,cd9df2ade1ca21431041edcb14d5f17dd4911475861cec41755502771901127f,0eb4df990f6753bfc9e9029bf76f169c28456414
Climate_h4,0,1228,N+S+Q,2026,1,59.1234808771064,7da4c3e4b88a59766a74c16a58971d1c0ec5427b8c19b8122cb4edb1b68214db,cd9df2ade1ca21431041edcb14d5f17dd4911475861cec41755502771901127f,0eb4df990f6753bfc9e9029bf76f169c28456414
Climate_h4,0,1228,N+S+Q,2026,2,59.61159377756066,7da4c3e4b88a59766a74c16a58971d1c0ec5427b8c19b8122cb4edb1b68214db,cd9df2ade1ca21431041edcb14d5f17dd4911475861cec41755502771901127f,0eb4df990f6753bfc9e9029bf76f169c28456414
Climate_h4,0,1228,N+S+Q,2026,3,60.096490819826826,7da4c3e4b88a59766a74c16a58971d1c0ec5427b8c19b8122cb4edb1b68214db,cd9df2ade1ca21431041edcb14d5f17dd4911475861cec41755502771901127f,0eb4df990f6753bfc9e9029bf76f169c28456414
Climate_h4,0,1228,N+S+Q,2026,4,60.5800643159743,7da4c3e4b88a59766a74c16a58971d1c0ec5427b8c19b8122cb4edb1b68214db,cd9df2ade1ca21431041edcb14d5f17dd4911475861cec41755502771901127f,0eb4df990f6753bfc9e9029bf76f169c28456414
Climate_h4,0,1229,N+S+Q,2026,1,58.850345153852565,7da4c3e4b88a59766a74c16a58971d1c0ec5427b8c19b8122cb4edb1b68214db,cd9df2ade1ca21431041edcb14d5f17dd4911475861cec41755502771901127f,0eb4df990f6753bfc9e9029bf76f169c28456414
Climate_h4,0,1229,N+S+Q,2026,2,59.350468592971104,7da4c3e4b88a59766a74c16a58971d1c0ec5427b8c19b8122cb4edb1b68214db,cd9df2ade1ca21431041edcb14d5f17dd4911475861cec41755502771901127f,0eb4df990f6753bfc9e9029bf76f169c28456414
Climate_h4,0,1229,N+S+Q,2026,3,59.8181186292458,7da4c3e4b88a59766a74c16a58971d1c0ec5427b8c19b8122cb4edb1b68214db,cd9df2ade1ca21431041edcb14d5f17dd4911475861cec41755502771901127f,0eb4df990f6753bfc9e9029bf76f169c28456414
Climate_h4,0,1229,N+S+Q,2026,4,60.25694976104008,7da4c3e4b88a59766a74c16a58971d1c0ec5427b8c19b8122cb4edb1b68214db,cd9df2ade1ca21431041edcb14d5f17dd4911475861cec41755502771901127f,0eb4df990f6753bfc9e9029bf76f169c28456414
Climate_h4,0,1230,N+S+Q,2026,1,57.66097493779264,7da4c3e4b88a59766a74c16a58971d1c0ec5427b8c19b8122cb4edb1b68214db,cd9df2ade1ca21431041edcb14d5f17dd4911475861cec41755502771901127f,0eb4df990f6753bfc9e9029bf76f169c28456414
Climate_h4,0,1230,N+S+Q,2026,2,58.13868107306923,7da4c3e4b88a59766a74c16a58971d1c0ec5427b8c19b8122cb4edb1b68214db,cd9df2ade1ca21431041edcb14d5f17dd4911475861cec41755502771901127f,0eb4df990f6753bfc9e9029bf76f169c28456414
Climate_h4,0,1230,N+S+Q,2026,3,58.56697346944228,7da4c3e4b88a59766a74c16a58971d1c0ec5427b8c19b8122cb4edb1b68214db,cd9df2ade1ca21431041edcb14d5f17dd4911475861cec41755502771901127f,0eb4df990f6753bfc9e9029bf76f169c28456414
Climate_h4,0,1230,N+S+Q,2026,4,58.95718976032601,7da4c3e4b88a59766a74c16a58971d1c0ec5427b8c19b8122cb4edb1b68214db,cd9df2ade1ca21431041edcb14d5f17dd4911475861cec41755502771901127f,0eb4df990f6753bfc9e9029bf76f169c28456414
Climate_h4,0,1231,N+S+Q,2026,1,56.2093891052887,7da4c3e4b88a59766a74c16a58971d1c0ec5427b8c19b8122cb4edb1b68214db,cd9df2ade1ca21431041edcb14d5f17dd4911475861cec41755502771901127f,0eb4df990f6753bfc9e9029bf76f169c28456414
Climate_h4,0,1231,N+S+Q,2026,2,56.66254466184446,7da4c3e4b88a59766a74c16a58971d1c0ec5427b8c19b8122cb4edb1b68214db,cd9df2ade1ca21431041edcb14d5f17dd4911475861cec41755502771901127f,0eb4df990f6753bfc9e9029bf76f169c28456414
Climate_h4,0,1231,N+S+Q,2026,3,57.05724101683095,7da4c3e4b88a59766a74c16a58971d1c0ec5427b8c19b8122cb4edb1b68214db,cd9df2ade1ca21431041edcb14d5f17dd4911475861cec41755502771901127f,0eb4df990f6753bfc9e9029bf76f169c28456414
Climate_h4,0,1231,N+S+Q,2026,4,57.37768776593613,7da4c3e4b88a59766a74c16a58971d1c0ec5427b8c19b8122cb4edb1b68214db,cd9df2ade1ca21431041edcb14d5f17dd4911475861cec41755502771901127f,0eb4df990f6753bfc9e9029bf76f169c28456414
Climate_h4,0,1232,N+S+Q,2026,1,55.08416152229568,7da4c3e4b88a59766a74c16a58971d1c0ec5427b8c19b8122cb4edb1b68214db,cd9df2ade1ca21431041edcb14d5f17dd4911475861cec41755502771901127f,0eb4df990f6753bfc9e9029bf76f169c28456414
Climate_h4,0,1232,N+S+Q,2026,2,55.50112324716817,7da4c3e4b88a59766a74c16a58971d1c0ec5427b8c19b8122cb4edb1b68214db,cd9df2ade1ca21431041edcb14d5f17dd4911475861cec41755502771901127f,0eb4df990f6753bfc9e9029bf76f169c28456414
Climate_h4,0,1232,N+S+Q,2026,3,55.83233292774848,7da4c3e4b88a59766a74c16a58971d1c0ec5427b8c19b8122cb4edb1b68214db,cd9df2ade1ca21431041edcb14d5f17dd4911475861cec41755502771901127f,0eb4df990f6753bfc9e9029bf76f169c28456414
Climate_h4,0,1232,N+S+Q,2026,4,56.08492266175006,7da4c3e4b88a59766a74c16a58971d1c0ec5427b8c19b8122cb4edb1b68214db,cd9df2ade1ca21431041edcb14d5f17dd4911475861cec41755502771901127f,0eb4df990f6753bfc9e9029bf76f169c28456414
Climate_h4,0,1233,N+S+Q,2026,1,56.40833155977198,7da4c3e4b88a59766a74c16a58971d1c0ec5427b8c19b8122cb4edb1b68214db,cd9df2ade1ca21431041edcb14d5f17dd4911475861cec41755502771901127f,0eb4df990f6753bfc9e9029bf76f169c28456414
Climate_h4,0,1233,N+S+Q,2026,2,56.75414965796577,7da4c3e4b88a59766a74c16a58971d1c0ec5427b8c19b8122cb4edb1b68214db,cd9df2ade1ca21431041edcb14d5f17dd4911475861cec41755502771901127f,0eb4df990f6753bfc9e9029bf76f169c28456414
Climate_h4,0,1233,N+S+Q,2026,3,57.01109652528835,7da4c3e4b88a59766a74c16a58971d1c0ec5427b8c19b8122cb4edb1b68214db,cd9df2ade1ca21431041edcb14d5f17dd4911475861cec41755502771901127f,0eb4df990f6753bfc9e9029bf76f169c28456414
Climate_h4,0,1233,N+S+Q,2026,4,57.18136009527156,7da4c3e4b88a59766a74c16a58971d1c0ec5427b8c19b8122cb4edb1b68214db,cd9df2ade1ca21431041edcb14d5f17dd4911475861cec41755502771901127f,0eb4df990f6753bfc9e9029bf76f169c28456414
Climate_h4,0,1234,N+S+Q,2026,1,57.00837604271491,7da4c3e4b88a59766a74c16a58971d1c0ec5427b8c19b8122cb4edb1b68214db,cd9df2ade1ca21431041edcb14d5f17dd4911475861cec41755502771901127f,0eb4df990f6753bfc9e9029bf76f169c28456414
Climate_h4,0,1234,N+S+Q,2026,2,57.27242268056474,7da4c3e4b88a59766a74c16a58971d1c0ec5427b8c19b8122cb4edb1b68214db,cd9df2ade1ca21431041edcb14d5f17dd4911475861cec41755502771901127f,0eb4df990f6753bfc9e9029bf76f169c28456414
Climate_h4,0,1234,N+S+Q,2026,3,57.4468117929857,7da4c3e4b88a59766a74c16a58971d1c0ec5427b8c19b8122cb4edb1b68214db,cd9df2ade1ca21431041edcb14d5f17dd4911475861cec41755502771901127f,0eb4df990f6753bfc9e9029bf76f169c28456414
Climate_h4,0,1234,N+S+Q,2026,4,57.53519383268407,7da4c3e4b88a59766a74c16a58971d1c0ec5427b8c19b8122cb4edb1b68214db,cd9df2ade1ca21431041edcb14d5f17dd4911475861cec41755502771901127f,0eb4df990f6753bfc9e9029bf76f169c28456414
Climate_h4,0,1235,N+S+Q,2026,1,56.86224935424568,7da4c3e4b88a59766a74c16a58971d1c0ec5427b8c19b8122cb4edb1b68214db,cd9df2ade1ca21431041edcb14d5f17dd4911475861cec41755502771901127f,0eb4df990f6753bfc9e9029bf76f169c28456414
Climate_h4,0,1235,N+S+Q,2026,2,57.035838437447076,7da4c3e4b88a59766a74c16a58971d1c0ec5427b8c19b8122cb4edb1b68214db,cd9df2ade1ca21431041edcb14d5f17dd4911475861cec41755502771901127f,0eb4df990f6753bfc9e9029bf76f169c28456414
Climate_h4,0,1235,N+S+Q,2026,3,57.126222995169385,7da4c3e4b88a59766a74c16a58971d1c0ec5427b8c19b8122cb4edb1b68214db,cd9df2ade1ca21431041edcb14d5f17dd4911475861cec41755502771901127f,0eb4df990f6753bfc9e9029bf76f169c28456414
Climate_h4,0,1235,N+S+Q,2026,4,57.139098236712215,7da4c3e4b88a59766a74c16a58971d1c0ec5427b8c19b8122cb4edb1b68214db,cd9df2ade1ca21431041edcb14d5f17dd4911475861cec41755502771901127f,0eb4df990f6753bfc9e9029bf76f169c28456414
Climate_h4,0,1236,N+S+Q,2026,1,56.36343924419405,7da4c3e4b88a59766a74c16a58971d1c0ec5427b8c19b8122cb4edb1b68214db,cd9df2ade1ca21431041edcb14d5f17dd4911475861cec41755502771901127f,0eb4df990f6753bfc9e9029bf76f169c28456414
Climate_h4,0,1236,N+S+Q,2026,2,56.454133297101706,7da4c3e4b88a59766a74c16a58971d1c0ec5427b8c19b8122cb4edb1b68214db,cd9df2ade1ca21431041edcb14d5f17dd4911475861cec41755502771901127f,0eb4df990f6753bfc9e9029bf76f169c28456414
Climate_h4,0,1236,N+S+Q,2026,3,56.47711962867775,7da4c3e4b88a59766a74c16a58971d1c0ec5427b8c19b8122cb4edb1b68214db,cd9df2ade1ca21431041edcb14d5f17dd4911475861cec41755502771901127f,0eb4df990f6753bfc9e9029bf76f169c28456414
Climate_h4,0,1236,N+S+Q,2026,4,56.448853474909896,7da4c3e4b88a59766a74c16a58971d1c0ec5427b8c19b8122cb4edb1b68214db,cd9df2ade1ca21431041edcb14d5f17dd4911475861cec41755502771901127f,0eb4df990f6753bfc9e9029bf76f169c28456414
Climate_h4,0,1237,N+S+Q,2026,1,55.252484904978864,7da4c3e4b88a59766a74c16a58971d1c0ec5427b8c19b8122cb4edb1b68214db,cd9df2ade1ca21431041edcb14d5f17dd4911475861cec41755502771901127f,0eb4df990f6753bfc9e9029bf76f169c28456414
Climate_h4,0,1237,N+S+Q,2026,2,55.283958787550326,7da4c3e4b88a59766a74c16a58971d1c0ec5427b8c19b8122cb4edb1b68214db,cd9df2ade1ca21431041edcb14d5f17dd4911475861cec41755502771901127f,0eb4df990f6753bfc9e9029bf76f169c28456414
Climate_h4,0,1237,N+S+Q,2026,3,55.27402236253201,7da4c3e4b88a59766a74c16a58971d1c0ec5427b8c19b8122cb4edb1b68214db,cd9df2ade1ca21431041edcb14d5f17dd4911475861cec41755502771901127f,0eb4df990f6753bfc9e9029bf76f169c28456414
Climate_h4,0,1237,N+S+Q,2026,4,55.21147456402396,7da4c3e4b88a59766a74c16a58971d1c0ec5427b8c19b8122cb4edb1b68214db,cd9df2ade1ca21431041edcb14d5f17dd4911475861cec41755502771901127f,0eb4df990f6753bfc9e9029bf76f169c28456414
Climate_h4,0,1238,N+S+Q,2026,1,53.19775159788322,7da4c3e4b88a59766a74c16a58971d1c0ec5427b8c19b8122cb4edb1b68214db,cd9df2ade1ca21431041edcb14d5f17dd4911475861cec41755502771901127f,0eb4df990f6753bfc9e9029bf76f169c28456414
Climate_h4,0,1238,N+S+Q,2026,2,53.2116687457443,7da4c3e4b88a59766a74c16a58971d1c0ec5427b8c19b8122cb4edb1b68214db,cd9df2ade1ca21431041edcb14d5f17dd4911475861cec41755502771901127f,0eb4df990f6753bfc9e9029bf76f169c28456414
Climate_h4,0,1238,N+S+Q,2026,3,53.17981201818093,7da4c3e4b88a59766a74c16a58971d1c0ec5427b8c19b8122cb4edb1b68214db,cd9df2ade1ca21431041edcb14d5f17dd4911475861cec41755502771901127f,0eb4df990f6753bfc9e9029bf76f169c28456414
Climate_h4,0,1238,N+S+Q,2026,4,53.10156657354602,7da4c3e4b88a59766a74c16a58971d1c0ec5427b8c19b8122cb4edb1b68214db,cd9df2ade1ca21431041edcb14d5f17dd4911475861cec41755502771901127f,0eb4df990f6753bfc9e9029bf76f169c28456414
Climate_h4,0,1239,N+S+Q,2026,1,52.51427866447434,7da4c3e4b88a59766a74c16a58971d1c0ec5427b8c19b8122cb4edb1b68214db,cd9df2ade1ca21431041edcb14d5f17dd4911475861cec41755502771901127f,0eb4df990f6753bfc9e9029bf76f169c28456414
Climate_h4,0,1239,N+S+Q,2026,2,52.49626834142704,7da4c3e4b88a59766a74c16a58971d1c0ec5427b8c19b8122cb4edb1b68214db,cd9df2ade1ca21431041edcb14d5f17dd4911475861cec41755502771901127f,0eb4df990f6753bfc9e9029bf76f169c28456414
Climate_h4,0,1239,N+S+Q,2026,3,52.43577834271303,7da4c3e4b88a59766a74c16a58971d1c0ec5427b8c19b8122cb4edb1b68214db,cd9df2ade1ca21431041edcb14d5f17dd4911475861cec41755502771901127f,0eb4df990f6753bfc9e9029bf76f169c28456414
Climate_h4,0,1239,N+S+Q,2026,4,52.31916471686259,7da4c3e4b88a59766a74c16a58971d1c0ec5427b8c19b8122cb4edb1b68214db,cd9df2ade1ca21431041edcb14d5f17dd4911475861cec41755502771901127f,0eb4df990f6753bfc9e9029bf76f169c28456414
Climate_h4,0,1240,N+S+Q,2026,1,50.84807441425114,7da4c3e4b88a59766a74c16a58971d1c0ec5427b8c19b8122cb4edb1b68214db,cd9df2ade1ca21431041edcb14d5f17dd4911475861cec41755502771901127f,0eb4df990f6753bfc9e9029bf76f169c28456414
Climate_h4,0,1240,N+S+Q,2026,2,50.82403784702181,7da4c3e4b88a59766a74c16a58971d1c0ec5427b8c19b8122cb4edb1b68214db,cd9df2ade1ca21431041edcb14d5f17dd4911475861cec41755502771901127f,0eb4df990f6753bfc9e9029bf76f169c28456414
Climate_h4,0,1240,N+S+Q,2026,3,50.74954357593708,7da4c3e4b88a59766a74c16a58971d1c0ec5427b8c19b8122cb4edb1b68214db,cd9df2ade1ca21431041edcb14d5f17dd4911475861cec41755502771901127f,0eb4df990f6753bfc9e9029bf76f169c28456414
Climate_h4,0,1240,N+S+Q,2026,4,50.63062138149618,7da4c3e4b88a59766a74c16a58971d1c0ec5427b8c19b8122cb4edb1b68214db,cd9df2ade1ca21431041edcb14d5f17dd4911475861cec41755502771901127f,0eb4df990f6753bfc9e9029bf76f169c28456414
Climate_h4,0,1241,N+S+Q,2026,1,50.37296768625178,7da4c3e4b88a59766a74c16a58971d1c0ec5427b8c19b8122cb4edb1b68214db,cd9df2ade1ca21431041edcb14d5f17dd4911475861cec41755502771901127f,0eb4df990f6753bfc9e9029bf76f169c28456414
Climate_h4,0,1241,N+S+Q,2026,2,50.33873613197498,7da4c3e4b88a59766a74c16a58971d1c0ec5427b8c19b8122cb4edb1b68214db,cd9df2ade1ca21431041edcb14d5f17dd4911475861cec41755502771901127f,0eb4df990f6753bfc9e9029bf76f169c28456414
Climate_h4,0,1241,N+S+Q,2026,3,50.26017325899024,7da4c3e4b88a59766a74c16a58971d1c0ec5427b8c19b8122cb4edb1b68214db,cd9df2ade1ca21431041edcb14d5f17dd4911475861cec41755502771901127f,0eb4df990f6753bfc9e9029bf76f169c28456414
Climate_h4,0,1241,N+S+Q,2026,4,50.14265736906524,7da4c3e4b88a59766a74c16a58971d1c0ec5427b8c19b8122cb4edb1b68214db,cd9df2ade1ca21431041edcb14d5f17dd4911475861cec41755502771901127f,0eb4df990f6753bfc9e9029bf76f169c28456414
Climate_h4,0,1242,N+S+Q,2026,1,50.97257525922318,7da4c3e4b88a59766a74c16a58971d1c0ec5427b8c19b8122cb4edb1b68214db,cd9df2ade1ca21431041edcb14d5f17dd4911475861cec41755502771901127f,0eb4df990f6753bfc9e9029bf76f169c28456414
Climate_h4,0,1242,N+S+Q,2026,2,50.92768025995125,7da4c3e4b88a59766a74c16a58971d1c0ec5427b8c19b8122cb4edb1b68214db,cd9df2ade1ca21431041edcb14d5f17dd4911475861cec41755502771901127f,0eb4df990f6753bfc9e9029bf76f169c28456414
Climate_h4,0,1242,N+S+Q,2026,3,50.84083875077488,7da4c3e4b88a59766a74c16a58971d1c0ec5427b8c19b8122cb4edb1b68214db,cd9df2ade1ca21431041edcb14d5f17dd4911475861cec41755502771901127f,0eb4df990f6753bfc9e9029bf76f169c28456414
Climate_h4,0,1242,N+S+Q,2026,4,50.72022386553616,7da4c3e4b88a59766a74c16a58971d1c0ec5427b8c19b8122cb4edb1b68214db,cd9df2ade1ca21431041edcb14d5f17dd4911475861cec41755502771901127f,0eb4df990f6753bfc9e9029bf76f169c28456414
Climate_h4,0,1243,N+S+Q,2026,1,51.25773284741492,7da4c3e4b88a59766a74c16a58971d1c0ec5427b8c19b8122cb4edb1b68214db,cd9df2ade1ca21431041edcb14d5f17dd4911475861cec41755502771901127f,0eb4df990f6753bfc9e9029bf76f169c28456414
Climate_h4,0,1243,N+S+Q,2026,2,51.19784528783944,7da4c3e4b88a59766a74c16a58971d1c0ec5427b8c19b8122cb4edb1b68214db,cd9df2ade1ca21431041edcb14d5f17dd4911475861cec41755502771901127f,0eb4df990f6753bfc9e9029bf76f169c28456414
Climate_h4,0,1243,N+S+Q,2026,3,51.09968860510561,7da4c3e4b88a59766a74c16a58971d1c0ec5427b8c19b8122cb4edb1b68214db,cd9df2ade1ca21431041edcb14d5f17dd4911475861cec41755502771901127f,0eb4df990f6753bfc9e9029bf76f169c28456414
Climate_h4,0,1243,N+S+Q,2026,4,50.95832290337654,7da4c3e4b88a59766a74c16a58971d1c0ec5427b8c19b8122cb4edb1b68214db,cd9df2ade1ca21431041edcb14d5f17dd4911475861cec41755502771901127f,0eb4df990f6753bfc9e9029bf76f169c28456414
Climate_h4,0,1244,N+S+Q,2026,1,54.28944099050482,7da4c3e4b88a59766a74c16a58971d1c0ec5427b8c19b8122cb4edb1b68214db,cd9df2ade1ca21431041edcb14d5f17dd4911475861cec41755502771901127f,0eb4df990f6753bfc9e9029bf76f169c28456414
Climate_h4,0,1244,N+S+Q,2026,2,54.195793706089106,7da4c3e4b88a59766a74c16a58971d1c0ec5427b8c19b8122cb4edb1b68214db,cd9df2ade1ca21431041edcb14d5f17dd4911475861cec41755502771901127f,0eb4df990f6753bfc9e9029bf76f169c28456414
Climate_h4,0,1244,N+S+Q,2026,3,54.06418808608004,7da4c3e4b88a59766a74c16a58971d1c0ec5427b8c19b8122cb4edb1b68214db,cd9df2ade1ca21431041edcb14d5f17dd4911475861cec41755502771901127f,0eb4df990f6753bfc9e9029bf76f169c28456414
Climate_h4,0,1244,N+S+Q,2026,4,53.891879990152994,7da4c3e4b88a59766a74c16a58971d1c0ec5427b8c19b8122cb4edb1b68214db,cd9df2ade1ca21431041edcb14d5f17dd4911475861cec41755502771901127f,0eb4df990f6753bfc9e9029bf76f169c28456414
Climate_h4,0,1245,N+S+Q,2026,1,53.467362130682616,7da4c3e4b88a59766a74c16a58971d1c0ec5427b8c19b8122cb4edb1b68214db,cd9df2ade1ca21431041edcb14d5f17dd4911475861cec41755502771901127f,0eb4df990f6753bfc9e9029bf76f169c28456414
Climate_h4,0,1245,N+S+Q,2026,2,53.342156303005765,7da4c3e4b88a59766a74c16a58971d1c0ec5427b8c19b8122cb4edb1b68214db,cd9df2ade1ca21431041edcb14d5f17dd4911475861cec41755502771901127f,0eb4df990f6753bfc9e9029bf76f169c28456414
Climate_h4,0,1245,N+S+Q,2026,3,53.17678256274924,7da4c3e4b88a59766a74c16a58971d1c0ec5427b8c19b8122cb4edb1b68214db,cd9df2ade1ca21431041edcb14d5f17dd4911475861cec41755502771901127f,0eb4df990f6753bfc9e9029bf76f169c28456414
Climate_h4,0,1245,N+S+Q,2026,4,52.985625526608935,7da4c3e4b88a59766a74c16a58971d1c0ec5427b8c19b8122cb4edb1b68214db,cd9df2ade1ca21431041edcb14d5f17dd4911475861cec41755502771901127f,0eb4df990f6753bfc9e9029bf76f169c28456414
Climate_h4,0,1246,N+S+Q,2026,1,53.09509004326307,7da4c3e4b88a59766a74c16a58971d1c0ec5427b8c19b8122cb4edb1b68214db,cd9df2ade1ca21431041edcb14d5f17dd4911475861cec41755502771901127f,0eb4df990f6753bfc9e9029bf76f169c28456414
Climate_h4,0,1246,N+S+Q,2026,2,52.94230898150704,7da4c3e4b88a59766a74c16a58971d1c0ec5427b8c19b8122cb4edb1b68214db,cd9df2ade1ca21431041edcb14d5f17dd4911475861cec41755502771901127f,0eb4df990f6753bfc9e9029bf76f169c28456414
Climate_h4,0,1246,N+S+Q,2026,3,52.76886945613715,7da4c3e4b88a59766a74c16a58971d1c0ec5427b8c19b8122cb4edb1b68214db,cd9df2ade1ca21431041edcb14d5f17dd4911475861cec41755502771901127f,0eb4df990f6753bfc9e9029bf76f169c28456414
Climate_h4,0,1246,N+S+Q,2026,4,52.575523379717545,7da4c3e4b88a59766a74c16a58971d1c0ec5427b8c19b8122cb4edb1b68214db,cd9df2ade1ca21431041edcb14d5f17dd4911475861cec41755502771901127f,0eb4df990f6753bfc9e9029bf76f169c28456414
Climate_h4,0,1247,N+S+Q,2026,1,52.68073349679121,7da4c3e4b88a59766a74c16a58971d1c0ec5427b8c19b8122cb4edb1b68214db,cd9df2ade1ca21431041edcb14d5f17dd4911475861cec41755502771901127f,0eb4df990f6753bfc9e9029bf76f169c28456414
Climate_h4,0,1247,N+S+Q,2026,2,52.52138439670979,7da4c3e4b88a59766a74c16a58971d1c0ec5427b8c19b8122cb4edb1b68214db,cd9df2ade1ca21431041edcb14d5f17dd4911475861cec41755502771901127f,0eb4df990f6753bfc9e9029bf76f169c28456414
Climate_h4,0,1247,N+S+Q,2026,3,52.34996879378638,7da4c3e4b88a59766a74c16a58971d1c0ec5427b8c19b8122cb4edb1b68214db,cd9df2ade1ca21431041edcb14d5f17dd4911475861cec41755502771901127f,0eb4df990f6753bfc9e9029bf76f169c28456414
Climate_h4,0,1247,N+S+Q,2026,4,52.16613815206607,7da4c3e4b88a59766a74c16a58971d1c0ec5427b8c19b8122cb4edb1b68214db,cd9df2ade1ca21431041edcb14d5f17dd4911475861cec41755502771901127f,0eb4df990f6753bfc9e9029bf76f169c28456414
Climate_h4,0,1248,N+S+Q,2026,1,53.04944212052531,7da4c3e4b88a59766a74c16a58971d1c0ec5427b8c19b8122cb4edb1b68214db,cd9df2ade1ca21431041edcb14d5f17dd4911475861cec41755502771901127f,0eb4df990f6753bfc9e9029bf76f169c28456414
Climate_h4,0,1248,N+S+Q,2026,2,52.888274390741216,7da4c3e4b88a59766a74c16a58971d1c0ec5427b8c19b8122cb4edb1b68214db,cd9df2ade1ca21431041edcb14d5f17dd4911475861cec41755502771901127f,0eb4df990f6753bfc9e9029bf76f169c28456414
Climate_h4,0,1248,N+S+Q,2026,3,52.73096196882959,7da4c3e4b88a59766a74c16a58971d1c0ec5427b8c19b8122cb4edb1b68214db,cd9df2ade1ca21431041edcb14d5f17dd4911475861cec41755502771901127f,0eb4df990f6753bfc9e9029bf76f169c28456414
Climate_h4,0,1248,N+S+Q,2026,4,52.56095620489632,7da4c3e4b88a59766a74c16a58971d1c0ec5427b8c19b8122cb4edb1b68214db,cd9df2ade1ca21431041edcb14d5f17dd4911475861cec41755502771901127f,0eb4df990f6753bfc9e9029bf76f169c28456414
Climate_h4,0,1249,N+S+Q,2026,1,53.37103244527999,7da4c3e4b88a59766a74c16a58971d1c0ec5427b8c19b8122cb4edb1b68214db,cd9df2ade1ca21431041edcb14d5f17dd4911475861cec41755502771901127f,0eb4df990f6753bfc9e9029bf76f169c28456414
Climate_h4,0,1249,N+S+Q,2026,2,53.20981002194786,7da4c3e4b88a59766a74c16a58971d1c0ec5427b8c19b8122cb4edb1b68214db,cd9df2ade1ca21431041edcb14d5f17dd4911475861cec41755502771901127f,0eb4df990f6753bfc9e9029bf76f169c28456414
Climate_h4,0,1249,N+S+Q,2026,3,53.0511554745451,7da4c3e4b88a59766a74c16a58971d1c0ec5427b8c19b8122cb4edb1b68214db,cd9df2ade1ca21431041edcb14d5f17dd4911475861cec41755502771901127f,0eb4df990f6753bfc9e9029bf76f169c28456414
Climate_h4,0,1249,N+S+Q,2026,4,52.89774075153885,7da4c3e4b88a59766a74c16a58971d1c0ec5427b8c19b8122cb4edb1b68214db,cd9df2ade1ca21431041edcb14d5f17dd4911475861cec41755502771901127f,0eb4df990f6753bfc9e9029bf76f169c28456414
Climate_h4,0,1250,N+S+Q,2026,1,52.84951228852751,7da4c3e4b88a59766a74c16a58971d1c0ec5427b8c19b8122cb4edb1b68214db,cd9df2ade1ca21431041edcb14d5f17dd4911475861cec41755502771901127f,0eb4df990f6753bfc9e9029bf76f169c28456414
Climate_h4,0,1250,N+S+Q,2026,2,52.69780310838678,7da4c3e4b88a59766a74c16a58971d1c0ec5427b8c19b8122cb4edb1b68214db,cd9df2ade1ca21431041edcb14d5f17dd4911475861cec41755502771901127f,0eb4df990f6753bfc9e9029bf76f169c28456414
Climate_h4,0,1250,N+S+Q,2026,3,52.5645007529405,7da4c3e4b88a59766a74c16a58971d1c0ec5427b8c19b8122cb4edb1b68214db,cd9df2ade1ca21431041edcb14d5f17dd4911475861cec41755502771901127f,0eb4df990f6753bfc9e9029bf76f169c28456414
Climate_h4,0,1250,N+S+Q,2026,4,52.43535759063657,7da4c3e4b88a59766a74c16a58971d1c0ec5427b8c19b8122cb4edb1b68214db,cd9df2ade1ca21431041edcb14d5f17dd4911475861cec41755502771901127f,0eb4df990f6753bfc9e9029bf76f169c28456414
Climate_h4,0,1251,N+S+Q,2026,1,53.42956871945256,7da4c3e4b88a59766a74c16a58971d1c0ec5427b8c19b8122cb4edb1b68214db,cd9df2ade1ca21431041edcb14d5f17dd4911475861cec41755502771901127f,0eb4df990f6753bfc9e9029bf76f169c28456414
Climate_h4,0,1251,N+S+Q,2026,2,53.29867367531218,7da4c3e4b88a59766a74c16a58971d1c0ec5427b8c19b8122cb4edb1b68214db,cd9df2ade1ca21431041edcb14d5f17dd4911475861cec41755502771901127f,0eb4df990f6753bfc9e9029bf76f169c28456414
Climate_h4,0,1251,N+S+Q,2026,3,53.18392932530356,7da4c3e4b88a59766a74c16a58971d1c0ec5427b8c19b8122cb4edb1b68214db,cd9df2ade1ca21431041edcb14d5f17dd4911475861cec41755502771901127f,0eb4df990f6753bfc9e9029bf76f169c28456414
Climate_h4,0,1251,N+S+Q,2026,4,53.06947332234461,7da4c3e4b88a59766a74c16a58971d1c0ec5427b8c19b8122cb4edb1b68214db,cd9df2ade1ca21431041edcb14d5f17dd4911475861cec41755502771901127f,0eb4df990f6753bfc9e9029bf76f169c28456414
Climate_h4,0,1252,N+S+Q,2026,1,54.36737736698985,7da4c3e4b88a59766a74c16a58971d1c0ec5427b8c19b8122cb4edb1b68214db,cd9df2ade1ca21431041edcb14d5f17dd4911475861cec41755502771901127f,0eb4df990f6753bfc9e9029bf76f169c28456414
Climate_h4,0,1252,N+S+Q,2026,2,54.24406989574237,7da4c3e4b88a59766a74c16a58971d1c0ec5427b8c19b8122cb4edb1b68214db,cd9df2ade1ca21431041edcb14d5f17dd4911475861cec41755502771901127f,0eb4df990f6753bfc9e9029bf76f169c28456414
Climate_h4,0,1252,N+S+Q,2026,3,54.13233916708,7da4c3e4b88a59766a74c16a58971d1c0ec5427b8c19b8122cb4edb1b68214db,cd9df2ade1ca21431041edcb14d5f17dd4911475861cec41755502771901127f,0eb4df990f6753bfc9e9029bf76f169c28456414
Climate_h4,0,1252,N+S+Q,2026,4,54.007209026130745,7da4c3e4b88a59766a74c16a58971d1c0ec5427b8c19b8122cb4edb1b68214db,cd9df2ade1ca21431041edcb14d5f17dd4911475861cec41755502771901127f,0eb4df990f6753bfc9e9029bf76f169c28456414
Climate_h4,0,1253,N+S+Q,2026,1,53.941396251863154,7da4c3e4b88a59766a74c16a58971d1c0ec5427b8c19b8122cb4edb1b68214db,cd9df2ade1ca21431041edcb14d5f17dd4911475861cec41755502771901127f,0eb4df990f6753bfc9e9029bf76f169c28456414
Climate_h4,0,1253,N+S+Q,2026,2,53.824073226384606,7da4c3e4b88a59766a74c16a58971d1c0ec5427b8c19b8122cb4edb1b68214db,cd9df2ade1ca21431041edcb14d5f17dd4911475861cec41755502771901127f,0eb4df990f6753bfc9e9029bf76f169c28456414
Climate_h4,0,1253,N+S+Q,2026,3,53.706720504766785,7da4c3e4b88a59766a74c16a58971d1c0ec5427b8c19b8122cb4edb1b68214db,cd9df2ade1ca21431041edcb14d5f17dd4911475861cec41755502771901127f,0eb4df990f6753bfc9e9029bf76f169c28456414
Climate_h4,0,1253,N+S+Q,2026,4,53.58024777618982,7da4c3e4b88a59766a74c16a58971d1c0ec5427b8c19b8122cb4edb1b68214db,cd9df2ade1ca21431041edcb14d5f17dd4911475861cec41755502771901127f,0eb4df990f6753bfc9e9029bf76f169c28456414
Climate_h4,0,1254,N+S+Q,2026,1,55.03562921397494,7da4c3e4b88a59766a74c16a58971d1c0ec5427b8c19b8122cb4edb1b68214db,cd9df2ade1ca21431041edcb14d5f17dd4911475861cec41755502771901127f,0eb4df990f6753bfc9e9029bf76f169c28456414
Climate_h4,0,1254,N+S+Q,2026,2,54.91489039543946,7da4c3e4b88a59766a74c16a58971d1c0ec5427b8c19b8122cb4edb1b68214db,cd9df2ade1ca21431041edcb14d5f17dd4911475861cec41755502771901127f,0eb4df990f6753bfc9e9029bf76f169c28456414
Climate_h4,0,1254,N+S+Q,2026,3,54.79685119725289,7da4c3e4b88a59766a74c16a58971d1c0ec5427b8c19b8122cb4edb1b68214db,cd9df2ade1ca21431041edcb14d5f17dd4911475861cec41755502771901127f,0eb4df990f6753bfc9e9029bf76f169c28456414
Climate_h4,0,1254,N+S+Q,2026,4,54.70459408617209,7da4c3e4b88a59766a74c16a58971d1c0ec5427b8c19b8122cb4edb1b68214db,cd9df2ade1ca21431041edcb14d5f17dd4911475861cec41755502771901127f,0eb4df990f6753bfc9e9029bf76f169c28456414
Climate_h4,0,1255,N+S+Q,2026,1,57.07859095036499,7da4c3e4b88a59766a74c16a58971d1c0ec5427b8c19b8122cb4edb1b68214db,cd9df2ade1ca21431041edcb14d5f17dd4911475861cec41755502771901127f,0eb4df990f6753bfc9e9029bf76f169c28456414
Climate_h4,0,1255,N+S+Q,2026,2,56.945539772851866,7da4c3e4b88a59766a74c16a58971d1c0ec5427b8c19b8122cb4edb1b68214db,cd9df2ade1ca21431041edcb14d5f17dd4911475861cec41755502771901127f,0eb4df990f6753bfc9e9029bf76f169c28456414
Climate_h4,0,1255,N+S+Q,2026,3,56.84835341364987,7da4c3e4b88a59766a74c16a58971d1c0ec5427b8c19b8122cb4edb1b68214db,cd9df2ade1ca21431041edcb14d5f17dd4911475861cec41755502771901127f,0eb4df990f6753bfc9e9029bf76f169c28456414
Climate_h4,0,1255,N+S+Q,2026,4,56.77686016414792,7da4c3e4b88a59766a74c16a58971d1c0ec5427b8c19b8122cb4edb1b68214db,cd9df2ade1ca21431041edcb14d5f17dd4911475861cec41755502771901127f,0eb4df990f6753bfc9e9029bf76f169c28456414
Climate_h4,0,1256,N+S+Q,2026,1,58.076742640556354,7da4c3e4b88a59766a74c16a58971d1c0ec5427b8c19b8122cb4edb1b68214db,cd9df2ade1ca21431041edcb14d5f17dd4911475861cec41755502771901127f,0eb4df990f6753bfc9e9029bf76f169c28456414
Climate_h4,0,1256,N+S+Q,2026,2,57.96312947562489,7da4c3e4b88a59766a74c16a58971d1c0ec5427b8c19b8122cb4edb1b68214db,cd9df2ade1ca21431041edcb14d5f17dd4911475861cec41755502771901127f,0eb4df990f6753bfc9e9029bf76f169c28456414
Climate_h4,0,1256,N+S+Q,2026,3,57.88315568406921,7da4c3e4b88a59766a74c16a58971d1c0ec5427b8c19b8122cb4edb1b68214db,cd9df2ade1ca21431041edcb14d5f17dd4911475861cec41755502771901127f,0eb4df990f6753bfc9e9029bf76f169c28456414
Climate_h4,0,1256,N+S+Q,2026,4,57.81404501166487,7da4c3e4b88a59766a74c16a58971d1c0ec5427b8c19b8122cb4edb1b68214db,cd9df2ade1ca21431041edcb14d5f17dd4911475861cec41755502771901127f,0eb4df990f6753bfc9e9029bf76f169c28456414
Climate_h4,0,1257,N+S+Q,2026,1,62.764668534636876,7da4c3e4b88a59766a74c16a58971d1c0ec5427b8c19b8122cb4edb1b68214db,cd9df2ade1ca21431041edcb14d5f17dd4911475861cec41755502771901127f,0eb4df990f6753bfc9e9029bf76f169c28456414
Climate_h4,0,1257,N+S+Q,2026,2,62.63733173735389,7da4c3e4b88a59766a74c16a58971d1c0ec5427b8c19b8122cb4edb1b68214db,cd9df2ade1ca21431041edcb14d5f17dd4911475861cec41755502771901127f,0eb4df990f6753bfc9e9029bf76f169c28456414
Climate_h4,0,1257,N+S+Q,2026,3,62.53128109055458,7da4c3e4b88a59766a74c16a58971d1c0ec5427b8c19b8122cb4edb1b68214db,cd9df2ade1ca21431041edcb14d5f17dd4911475861cec41755502771901127f,0eb4df990f6753bfc9e9029bf76f169c28456414
Climate_h4,0,1257,N+S+Q,2026,4,62.43121619226925,7da4c3e4b88a59766a74c16a58971d1c0ec5427b8c19b8122cb4edb1b68214db,cd9df2ade1ca21431041edcb14d5f17dd4911475861cec41755502771901127f,0eb4df990f6753bfc9e9029bf76f169c28456414
Climate_h4,0,1258,N+S+Q,2026,1,64.85346877097328,7da4c3e4b88a59766a74c16a58971d1c0ec5427b8c19b8122cb4edb1b68214db,cd9df2ade1ca21431041edcb14d5f17dd4911475861cec41755502771901127f,0eb4df990f6753bfc9e9029bf76f169c28456414
Climate_h4,0,1258,N+S+Q,2026,2,64.70020445994071,7da4c3e4b88a59766a74c16a58971d1c0ec5427b8c19b8122cb4edb1b68214db,cd9df2ade1ca21431041edcb14d5f17dd4911475861cec41755502771901127f,0eb4df990f6753bfc9e9029bf76f169c28456414
Climate_h4,0,1258,N+S+Q,2026,3,64.56788133474927,7da4c3e4b88a59766a74c16a58971d1c0ec5427b8c19b8122cb4edb1b68214db,cd9df2ade1ca21431041edcb14d5f17dd4911475861cec41755502771901127f,0eb4df990f6753bfc9e9029bf76f169c28456414
Climate_h4,0,1258,N+S+Q,2026,4,64.44385653801697,7da4c3e4b88a59766a74c16a58971d1c0ec5427b8c19b8122cb4edb1b68214db,cd9df2ade1ca21431041edcb14d5f17dd4911475861cec41755502771901127f,0eb4df990f6753bfc9e9029bf76f169c28456414
Climate_h4,0,1259,N+S+Q,2026,1,66.58241568278028,7da4c3e4b88a59766a74c16a58971d1c0ec5427b8c19b8122cb4edb1b68214db,cd9df2ade1ca21431041edcb14d5f17dd4911475861cec41755502771901127f,0eb4df990f6753bfc9e9029bf76f169c28456414
Climate_h4,0,1259,N+S+Q,2026,2,66.3979898893953,7da4c3e4b88a59766a74c16a58971d1c0ec5427b8c19b8122cb4edb1b68214db,cd9df2ade1ca21431041edcb14d5f17dd4911475861cec41755502771901127f,0eb4df990f6753bfc9e9029bf76f169c28456414
Climate_h4,0,1259,N+S+Q,2026,3,66.2386741190382,7da4c3e4b88a59766a74c16a58971d1c0ec5427b8c19b8122cb4edb1b68214db,cd9df2ade1ca21431041edcb14d5f17dd4911475861cec41755502771901127f,0eb4df990f6753bfc9e9029bf76f169c28456414
Climate_h4,0,1259,N+S+Q,2026,4,66.08449897210848,7da4c3e4b88a59766a74c16a58971d1c0ec5427b8c19b8122cb4edb1b68214db,cd9df2ade1ca21431041edcb14d5f17dd4911475861cec41755502771901127f,0eb4df990f6753bfc9e9029bf76f169c28456414
Climate_h4,0,1260,N+S+Q,2026,1,65.10425055512567,7da4c3e4b88a59766a74c16a58971d1c0ec5427b8c19b8122cb4edb1b68214db,cd9df2ade1ca21431041edcb14d5f17dd4911475861cec41755502771901127f,0eb4df990f6753bfc9e9029bf76f169c28456414
Climate_h4,0,1260,N+S+Q,2026,2,64.91062111432007,7da4c3e4b88a59766a74c16a58971d1c0ec5427b8c19b8122cb4edb1b68214db,cd9df2ade1ca21431041edcb14d5f17dd4911475861cec41755502771901127f,0eb4df990f6753bfc9e9029bf76f169c28456414
Climate_h4,0,1260,N+S+Q,2026,3,64.74040804610071,7da4c3e4b88a59766a74c16a58971d1c0ec5427b8c19b8122cb4edb1b68214db,cd9df2ade1ca21431041edcb14d5f17dd4911475861cec41755502771901127f,0eb4df990f6753bfc9e9029bf76f169c28456414
Climate_h4,0,1260,N+S+Q,2026,4,64.58093968505555,7da4c3e4b88a59766a74c16a58971d1c0ec5427b8c19b8122cb4edb1b68214db,cd9df2ade1ca21431041edcb14d5f17dd4911475861cec41755502771901127f,0eb4df990f6753bfc9e9029bf76f169c28456414
Climate_h4,0,1261,N+S+Q,2026,1,60.44874641954027,7da4c3e4b88a59766a74c16a58971d1c0ec5427b8c19b8122cb4edb1b68214db,cd9df2ade1ca21431041edcb14d5f17dd4911475861cec41755502771901127f,0eb4df990f6753bfc9e9029bf76f169c28456414
Climate_h4,0,1261,N+S+Q,2026,2,60.26281819518305,7da4c3e4b88a59766a74c16a58971d1c0ec5427b8c19b8122cb4edb1b68214db,cd9df2ade1ca21431041edcb14d5f17dd4911475861cec41755502771901127f,0eb4df990f6753bfc9e9029bf76f169c28456414
Climate_h4,0,1261,N+S+Q,2026,3,60.10801578257227,7da4c3e4b88a59766a74c16a58971d1c0ec5427b8c19b8122cb4edb1b68214db,cd9df2ade1ca21431041edcb14d5f17dd4911475861cec41755502771901127f,0eb4df990f6753bfc9e9029bf76f169c28456414
Climate_h4,0,1261,N+S+Q,2026,4,59.98136615939283,7da4c3e4b88a59766a74c16a58971d1c0ec5427b8c19b8122cb4edb1b68214db,cd9df2ade1ca21431041edcb14d5f17dd4911475861cec41755502771901127f,0eb4df990f6753bfc9e9029bf76f169c28456414
Climate_h4,0,1262,N+S+Q,2026,1,60.05541618116892,7da4c3e4b88a59766a74c16a58971d1c0ec5427b8c19b8122cb4edb1b68214db,cd9df2ade1ca21431041edcb14d5f17dd4911475861cec41755502771901127f,0eb4df990f6753bfc9e9029bf76f169c28456414
Climate_h4,0,1262,N+S+Q,2026,2,59.88490573817974,7da4c3e4b88a59766a74c16a58971d1c0ec5427b8c19b8122cb4edb1b68214db,cd9df2ade1ca21431041edcb14d5f17dd4911475861cec41755502771901127f,0eb4df990f6753bfc9e9029bf76f169c28456414
Climate_h4,0,1262,N+S+Q,2026,3,59.76071229888035,7da4c3e4b88a59766a74c16a58971d1c0ec5427b8c19b8122cb4edb1b68214db,cd9df2ade1ca21431041edcb14d5f17dd4911475861cec41755502771901127f,0eb4df990f6753bfc9e9029bf76f169c28456414
Climate_h4,0,1262,N+S+Q,2026,4,59.64852459820601,7da4c3e4b88a59766a74c16a58971d1c0ec5427b8c19b8122cb4edb1b68214db,cd9df2ade1ca21431041edcb14d5f17dd4911475861cec41755502771901127f,0eb4df990f6753bfc9e9029bf76f169c28456414
Climate_h4,0,1263,N+S+Q,2026,1,61.51723667878842,7da4c3e4b88a59766a74c16a58971d1c0ec5427b8c19b8122cb4edb1b68214db,cd9df2ade1ca21431041edcb14d5f17dd4911475861cec41755502771901127f,0eb4df990f6753bfc9e9029bf76f169c28456414
Climate_h4,0,1263,N+S+Q,2026,2,61.366959447678965,7da4c3e4b88a59766a74c16a58971d1c0ec5427b8c19b8122cb4edb1b68214db,cd9df2ade1ca21431041edcb14d5f17dd4911475861cec41755502771901127f,0eb4df990f6753bfc9e9029bf76f169c28456414
Climate_h4,0,1263,N+S+Q,2026,3,61.244029643201486,7da4c3e4b88a59766a74c16a58971d1c0ec5427b8c19b8122cb4edb1b68214db,cd9df2ade1ca21431041edcb14d5f17dd4911475861cec41755502771901127f,0eb4df990f6753bfc9e9029bf76f169c28456414
Climate_h4,0,1263,N+S+Q,2026,4,61.12438188547276,7da4c3e4b88a59766a74c16a58971d1c0ec5427b8c19b8122cb4edb1b68214db,cd9df2ade1ca21431041edcb14d5f17dd4911475861cec41755502771901127f,0eb4df990f6753bfc9e9029bf76f169c28456414
Climate_h4,0,1264,N+S+Q,2026,1,62.839743628697384,7da4c3e4b88a59766a74c16a58971d1c0ec5427b8c19b8122cb4edb1b68214db,cd9df2ade1ca21431041edcb14d5f17dd4911475861cec41755502771901127f,0eb4df990f6753bfc9e9029bf76f169c28456414
Climate_h4,0,1264,N+S+Q,2026,2,62.687543260150306,7da4c3e4b88a59766a74c16a58971d1c0ec5427b8c19b8122cb4edb1b68214db,cd9df2ade1ca21431041edcb14d5f17dd4911475861cec41755502771901127f,0eb4df990f6753bfc9e9029bf76f169c28456414
Climate_h4,0,1264,N+S+Q,2026,3,62.54731178773139,7da4c3e4b88a59766a74c16a58971d1c0ec5427b8c19b8122cb4edb1b68214db,cd9df2ade1ca21431041edcb14d5f17dd4911475861cec41755502771901127f,0eb4df990f6753bfc9e9029bf76f169c28456414
Climate_h4,0,1264,N+S+Q,2026,4,62.43069781821625,7da4c3e4b88a59766a74c16a58971d1c0ec5427b8c19b8122cb4edb1b68214db,cd9df2ade1ca21431041edcb14d5f17dd4911475861cec41755502771901127f,0eb4df990f6753bfc9e9029bf76f169c28456414
Climate_h4,0,1265,N+S+Q,2026,1,64.63681259747186,7da4c3e4b88a59766a74c16a58971d1c0ec5427b8c19b8122cb4edb1b68214db,cd9df2ade1ca21431041edcb14d5f17dd4911475861cec41755502771901127f,0eb4df990f6753bfc9e9029bf76f169c28456414
Climate_h4,0,1265,N+S+Q,2026,2,64.45713240958516,7da4c3e4b88a59766a74c16a58971d1c0ec5427b8c19b8122cb4edb1b68214db,cd9df2ade1ca21431041edcb14d5f17dd4911475861cec41755502771901127f,0eb4df990f6753bfc9e9029bf76f169c28456414
Climate_h4,0,1265,N+S+Q,2026,3,64.30384768406508,7da4c3e4b88a59766a74c16a58971d1c0ec5427b8c19b8122cb4edb1b68214db,cd9df2ade1ca21431041edcb14d5f17dd4911475861cec41755502771901127f,0eb4df990f6753bfc9e9029bf76f169c28456414
Climate_h4,0,1265,N+S+Q,2026,4,64.20644625356624,7da4c3e4b88a59766a74c16a58971d1c0ec5427b8c19b8122cb4edb1b68214db,cd9df2ade1ca21431041edcb14d5f17dd4911475861cec41755502771901127f,0eb4df990f6753bfc9e9029bf76f169c28456414
Climate_h4,0,1266,N+S+Q,2026,1,65.35640135725156,7da4c3e4b88a59766a74c16a58971d1c0ec5427b8c19b8122cb4edb1b68214db,cd9df2ade1ca21431041edcb14d5f17dd4911475861cec41755502771901127f,0eb4df990f6753bfc9e9029bf76f169c28456414
Climate_h4,0,1266,N+S+Q,2026,2,65.18365160390829,7da4c3e4b88a59766a74c16a58971d1c0ec5427b8c19b8122cb4edb1b68214db,cd9df2ade1ca21431041edcb14d5f17dd4911475861cec41755502771901127f,0eb4df990f6753bfc9e9029bf76f169c28456414
Climate_h4,0,1266,N+S+Q,2026,3,65.0656196338122,7da4c3e4b88a59766a74c16a58971d1c0ec5427b8c19b8122cb4edb1b68214db,cd9df2ade1ca21431041edcb14d5f17dd4911475861cec41755502771901127f,0eb4df990f6753bfc9e9029bf76f169c28456414
Climate_h4,0,1266,N+S+Q,2026,4,65.00514392630437,7da4c3e4b88a59766a74c16a58971d1c0ec5427b8c19b8122cb4edb1b68214db,cd9df2ade1ca21431041edcb14d5f17dd4911475861cec41755502771901127f,0eb4df990f6753bfc9e9029bf76f169c28456414
Climate_h4,0,1267,N+S+Q,2026,1,67.18889073779742,7da4c3e4b88a59766a74c16a58971d1c0ec5427b8c19b8122cb4edb1b68214db,cd9df2ade1ca21431041edcb14d5f17dd4911475861cec41755502771901127f,0eb4df990f6753bfc9e9029bf76f169c28456414
Climate_h4,0,1267,N+S+Q,2026,2,67.03047910548669,7da4c3e4b88a59766a74c16a58971d1c0ec5427b8c19b8122cb4edb1b68214db,cd9df2ade1ca21431041edcb14d5f17dd4911475861cec41755502771901127f,0eb4df990f6753bfc9e9029bf76f169c28456414
Climate_h4,0,1267,N+S+Q,2026,3,66.92799987010808,7da4c3e4b88a59766a74c16a58971d1c0ec5427b8c19b8122cb4edb1b68214db,cd9df2ade1ca21431041edcb14d5f17dd4911475861cec41755502771901127f,0eb4df990f6753bfc9e9029bf76f169c28456414
Climate_h4,0,1267,N+S+Q,2026,4,66.8863890215229,7da4c3e4b88a59766a74c16a58971d1c0ec5427b8c19b8122cb4edb1b68214db,cd9df2ade1ca21431041edcb14d5f17dd4911475861cec41755502771901127f,0eb4df990f6753bfc9e9029bf76f169c28456414
Climate_h4,0,1268,N+S+Q,2026,1,67.04925730018685,7da4c3e4b88a59766a74c16a58971d1c0ec5427b8c19b8122cb4edb1b68214db,cd9df2ade1ca21431041edcb14d5f17dd4911475861cec41755502771901127f,0eb4df990f6753bfc9e9029bf76f169c28456414
Climate_h4,0,1268,N+S+Q,2026,2,66.91742943230318,7da4c3e4b88a59766a74c16a58971d1c0ec5427b8c19b8122cb4edb1b68214db,cd9df2ade1ca21431041edcb14d5f17dd4911475861cec41755502771901127f,0eb4df990f6753bfc9e9029bf76f169c28456414
Climate_h4,0,1268,N+S+Q,2026,3,66.84348613296565,7da4c3e4b88a59766a74c16a58971d1c0ec5427b8c19b8122cb4edb1b68214db,cd9df2ade1ca21431041edcb14d5f17dd4911475861cec41755502771901127f,0eb4df990f6753bfc9e9029bf76f169c28456414
Climate_h4,0,1268,N+S+Q,2026,4,66.81498694278552,7da4c3e4b88a59766a74c16a58971d1c0ec5427b8c19b8122cb4edb1b68214db,cd9df2ade1ca21431041edcb14d5f17dd4911475861cec41755502771901127f,0eb4df990f6753bfc9e9029bf76f169c28456414
