task_id,fold_id,origin_id,candidate_id,seed,horizon,y_pred,config_hash,feature_hash,code_commit
Climate_h4,0,1017,N+Q,2026,1,88.6511175098511,13b085d7666e6328115a155c993075f09f0caed1429677b7fb37e36f18093899,cd9df2ade1ca21431041edcb14d5f17dd4911475861cec41755502771901127f,0eb4df990f6753bfc9e9029bf76f169c28456414
Climate_h4,0,1017,N+Q,2026,2,87.9531025503065,13b085d7666e6328115a155c993075f09f0caed1429677b7fb37e36f18093899,cd9df2ade1ca21431041edcb14d5f17dd4911475861cec41755502771901127f,0eb4df990f6753bfc9e9029bf76f169c28456414
Climate_h4,0,1017,N+Q,2026,3,87.27386060411914,13b085d7666e6328115a155c993075f09f0caed1429677b7fb37e36f18093899,cd9df2ade1ca21431041edcb14d5f17dd4911475861cec41755502771901127f,0eb4df990f6753bfc9e9029bf76f169c28456414
Climate_h4,0,1017,N+Q,2026,4,86.63417191913258,13b085d7666e6328115a155c993075f09f0caed1429677b7fb37e36f18093899,cd9df2ade1ca21431041edcb14d5f17dd4911475861cec41755502771901127f,0eb4df990f6753bfc9e9029bf76f169c28456414
Climate_h4,0,1018,N+Q,2026,1,88.77275351493898,13b085d7666e6328115a155c993075f09f0caed1429677b7fb37e36f18093899,cd9df2ade1ca21431041edcb14d5f17dd4911475861cec41755502771901127f,0eb4df990f6753bfc9e9029bf76f169c28456414
Climate_h4,0,1018,N+Q,2026,2,88.07338869265536,13b085d7666e6328115a155c993075f09f0caed1429677b7fb37e36f18093899,cd9df2ade1ca21431041edcb14d5f17dd4911475861cec41755502771901127f,0eb4df990f6753bfc9e9029bf76f169c28456414
Climate_h4,0,1018,N+Q,2026,3,87.40097503184984,13b085d7666e6328115a155c993075f09f0caed1429677b7fb37e36f18093899,cd9df2ade1ca21431041edcb14d5f17dd4911475861cec41755502771901127f,0eb4df990f6753bfc9e9029bf76f169c28456414
Climate_h4,0,1018,N+Q,2026,4,86.77175086812443,13b085d7666e6328115a155c993075f09f0caed1429677b7fb37e36f18093899,cd9df2ade1ca21431041edcb14d5f17dd4911475861cec41755502771901127f,0eb4df990f6753bfc9e9029bf76f169c28456414
Climate_h4,0,1019,N+Q,2026,1,79.92918392582477,13b085d7666e6328115a155c993075f09f0caed1429677b7fb37e36f18093899,cd9df2ade1ca21431041edcb14d5f17dd4911475861cec41755502771901127f,0eb4df990f6753bfc9e9029bf76f169c28456414
Climate_h4,0,1019,N+Q,2026,2,79.27875459805318,13b085d7666e6328115a155c993075f09f0caed1429677b7fb37e36f18093899,cd9df2ade1ca21431041edcb14d5f17dd4911475861cec41755502771901127f,0eb4df990f6753bfc9e9029bf76f169c28456414
Climate_h4,0,1019,N+Q,2026,3,78.65957000858246,13b085d7666e6328115a155c993075f09f0caed1429677b7fb37e36f18093899,cd9df2ade1ca21431041edcb14d5f17dd4911475861cec41755502771901127f,0eb4df990f6753bfc9e9029bf76f169c28456414
Climate_h4,0,1019,N+Q,2026,4,78.0926219853395,13b085d7666e6328115a155c993075f09f0caed1429677b7fb37e36f18093899,cd9df2ade1ca21431041edcb14d5f17dd4911475861cec41755502771901127f,0eb4df990f6753bfc9e9029bf76f169c28456414
Climate_h4,0,1020,N+Q,2026,1,79.73805821894345,13b085d7666e6328115a155c993075f09f0caed1429677b7fb37e36f18093899,cd9df2ade1ca21431041edcb14d5f17dd4911475861cec41755502771901127f,0eb4df990f6753bfc9e9029bf76f169c28456414
Climate_h4,0,1020,N+Q,2026,2,79.13565259410491,13b085d7666e6328115a155c993075f09f0caed1429677b7fb37e36f18093899,cd9df2ade1ca21431041edcb14d5f17dd4911475861cec41755502771901127f,0eb4df990f6753bfc9e9029bf76f169c28456414
Climate_h4,0,1020,N+Q,2026,3,78.57004458454074,13b085d7666e6328115a155c993075f09f0caed1429677b7fb37e36f18093899,cd9df2ade1ca21431041edcb14d5f17dd4911475861cec41755502771901127f,0eb4df990f6753bfc9e9029bf76f169c28456414
Climate_h4,0,1020,N+Q,2026,4,78.05438814176031,13b085d7666e6328115a155c993075f09f0caed1429677b7fb37e36f18093899,cd9df2ade1ca21431041edcb14d5f17dd4911475861cec41755502771901127f,0eb4df990f6753bfc9e9029bf76f169c28456414
Climate_h4,0,1021,N+Q,2026,1,78.85853635331384,13b085d7666e6328115a155c993075f09f0caed1429677b7fb37e36f18093899,cd9df2ade1ca21431041edcb14d5f17dd4911475861cec41755502771901127f,0eb4df990f6753bfc9e9029bf76f169c28456414
Climate_h4,0,1021,N+Q,2026,2,78.31275699685031,13b085d7666e6328115a155c993075f09f0caed1429677b7fb37e36f18093899,cd9df2ade1ca21431041edcb14d5f17dd4911475861cec41755502771901127f,0eb4df990f6753bfc9e9029bf76f169c28456414
Climate_h4,0,1021,N+Q,2026,3,77.79843177579373,13b085d7666e6328115a155c993075f09f0caed1429677b7fb37e36f18093899,cd9df2ade1ca21431041edcb14d5f17dd4911475861cec41755502771901127f,0eb4df990f6753bfc9e9029bf76f169c28456414
Climate_h4,0,1021,N+Q,2026,4,77.3445049417215,13b085d7666e6328115a155c993075f09f0caed1429677b7fb37e36f18093899,cd9df2ade1ca21431041edcb14d5f17dd4911475861cec41755502771901127f,0eb4df990f6753bfc9e9029bf76f169c28456414
Climate_h4,0,1022,N+Q,2026,1,76.61236446424834,13b085d7666e6328115a155c993075f09f0caed1429677b7fb37e36f18093899,cd9df2ade1ca21431041edcb14d5f17dd4911475861cec41755502771901127f,0eb4df990f6753bfc9e9029bf76f169c28456414
Climate_h4,0,1022,N+Q,2026,2,76.13284760300742,13b085d7666e6328115a155c993075f09f0caed1429677b7fb37e36f18093899,cd9df2ade1ca21431041edcb14d5f17dd4911475861cec41755502771901127f,0eb4df990f6753bfc9e9029bf76f169c28456414
Climate_h4,0,1022,N+Q,2026,3,75.67836004985935,13b085d7666e6328115a155c993075f09f0caed1429677b7fb37e36f18093899,cd9df2ade1ca21431041edcb14d5f17dd4911475861cec41755502771901127f,0eb4df990f6753bfc9e9029bf76f169c28456414
Climate_h4,0,1022,N+Q,2026,4,75.2635343810481,13b085d7666e6328115a155c993075f09f0caed1429677b7fb37e36f18093899,cd9df2ade1ca21431041edcb14d5f17dd4911475861cec41755502771901127f,0eb4df990f6753bfc9e9029bf76f169c28456414
Climate_h4,0,1023,N+Q,2026,1,75.53482683870274,13b085d7666e6328115a155c993075f09f0caed1429677b7fb37e36f18093899,cd9df2ade1ca21431041edcb14d5f17dd4911475861cec41755502771901127f,0eb4df990f6753bfc9e9029bf76f169c28456414
Climate_h4,0,1023,N+Q,2026,2,75.10928980839998,13b085d7666e6328115a155c993075f09f0caed1429677b7fb37e36f18093899,cd9df2ade1ca21431041edcb14d5f17dd4911475861cec41755502771901127f,0eb4df990f6753bfc9e9029bf76f169c28456414
Climate_h4,0,1023,N+Q,2026,3,74.72192001107686,13b085d7666e6328115a155c993075f09f0caed1429677b7fb37e36f18093899,cd9df2ade1ca21431041edcb14d5f17dd4911475861cec41755502771901127f,0eb4df990f6753bfc9e9029bf76f169c28456414
Climate_h4,0,1023,N+Q,2026,4,74.40790807796648,13b085d7666e6328115a155c993075f09f0caed1429677b7fb37e36f18093899,cd9df2ade1ca21431041edcb14d5f17dd4911475861cec41755502771901127f,0eb4df990f6753bfc9e9029bf76f169c28456414
Climate_h4,0,1024,N+Q,2026,1,74.25619100049983,13b085d7666e6328115a155c993075f09f0caed1429677b7fb37e36f18093899,cd9df2ade1ca21431041edcb14d5f17dd4911475861cec41755502771901127f,0eb4df990f6753bfc9e9029bf76f169c28456414
Climate_h4,0,1024,N+Q,2026,2,73.90264732377132,13b085d7666e6328115a155c993075f09f0caed1429677b7fb37e36f18093899,cd9df2ade1ca21431041edcb14d5f17dd4911475861cec41755502771901127f,0eb4df990f6753bfc9e9029bf76f169c28456414
Climate_h4,0,1024,N+Q,2026,3,73.59504949056782,13b085d7666e6328115a155c993075f09f0caed1429677b7fb37e36f18093899,cd9df2ade1ca21431041edcb14d5f17dd4911475861cec41755502771901127f,0eb4df990f6753bfc9e9029bf76f169c28456414
Climate_h4,0,1024,N+Q,2026,4,73.34522052500174,13b085d7666e6328115a155c993075f09f0caed1429677b7fb37e36f18093899,cd9df2ade1ca21431041edcb14d5f17dd4911475861cec41755502771901127f,0eb4df990f6753bfc9e9029bf76f169c28456414
Climate_h4,0,1025,N+Q,2026,1,72.03933382963386,13b085d7666e6328115a155c993075f09f0caed1429677b7fb37e36f18093899,cd9df2ade1ca21431041edcb14d5f17dd4911475861cec41755502771901127f,0eb4df990f6753bfc9e9029bf76f169c28456414
Climate_h4,0,1025,N+Q,2026,2,71.77217630687913,13b085d7666e6328115a155c993075f09f0caed1429677b7fb37e36f18093899,cd9df2ade1ca21431041edcb14d5f17dd4911475861cec41755502771901127f,0eb4df990f6753bfc9e9029bf76f169c28456414
Climate_h4,0,1025,N+Q,2026,3,71.53203373059391,13b085d7666e6328115a155c993075f09f0caed1429677b7fb37e36f18093899,cd9df2ade1ca21431041edcb14d5f17dd4911475861cec41755502771901127f,0eb4df990f6753bfc9e9029bf76f169c28456414
Climate_h4,0,1025,N+Q,2026,4,71.32593198456873,13b085d7666e6328115a155c993075f09f0caed1429677b7fb37e36f18093899,cd9df2ade1ca21431041edcb14d5f17dd4911475861cec41755502771901127f,0eb4df990f6753bfc9e9029bf76f169c28456414
Climate_h4,0,1026,N+Q,2026,1,70.90910514869252,13b085d7666e6328115a155c993075f09f0caed1429677b7fb37e36f18093899,cd9df2ade1ca21431041edcb14d5f17dd4911475861cec41755502771901127f,0eb4df990f6753bfc9e9029bf76f169c28456414
Climate_h4,0,1026,N+Q,2026,2,70.69896010927599,13b085d7666e6328115a155c993075f09f0caed1429677b7fb37e36f18093899,cd9df2ade1ca21431041edcb14d5f17dd4911475861cec41755502771901127f,0eb4df990f6753bfc9e9029bf76f169c28456414
Climate_h4,0,1026,N+Q,2026,3,70.49215569657967,13b085d7666e6328115a155c993075f09f0caed1429677b7fb37e36f18093899,cd9df2ade1ca21431041edcb14d5f17dd4911475861cec41755502771901127f,0eb4df990f6753bfc9e9029bf76f169c28456414
Climate_h4,0,1026,N+Q,2026,4,70.31093854690182,13b085d7666e6328115a155c993075f09f0caed1429677b7fb37e36f18093899,cd9df2ade1ca21431041edcb14d5f17dd4911475861cec41755502771901127f,0eb4df990f6753bfc9e9029bf76f169c28456414
Climate_h4,0,1027,N+Q,2026,1,69.97014900182573,13b085d7666e6328115a155c993075f09f0caed1429677b7fb37e36f18093899,cd9df2ade1ca21431041edcb14d5f17dd4911475861cec41755502771901127f,0eb4df990f6753bfc9e9029bf76f169c28456414
Climate_h4,0,1027,N+Q,2026,2,69.79976497084296,13b085d7666e6328115a155c993075f09f0caed1429677b7fb37e36f18093899,cd9df2ade1ca21431041edcb14d5f17dd4911475861cec41755502771901127f,0eb4df990f6753bfc9e9029bf76f169c28456414
Climate_h4,0,1027,N+Q,2026,3,69.6276018280318,13b085d7666e6328115a155c993075f09f0caed1429677b7fb37e36f18093899,cd9df2ade1ca21431041edcb14d5f17dd4911475861cec41755502771901127f,0eb4df990f6753bfc9e9029bf76f169c28456414
Climate_h4,0,1027,N+Q,2026,4,69.47355583226125,13b085d7666e6328115a155c993075f09f0caed1429677b7fb37e36f18093899,cd9df2ade1ca21431041edcb14d5f17dd4911475861cec41755502771901127f,0eb4df990f6753bfc9e9029bf76f169c28456414
Climate_h4,0,1028,N+Q,2026,1,69.09139493524775,13b085d7666e6328115a155c993075f09f0caed1429677b7fb37e36f18093899,cd9df2ade1ca21431041edcb14d5f17dd4911475861cec41755502771901127f,0eb4df990f6753bfc9e9029bf76f169c28456414
Climate_h4,0,1028,N+Q,2026,2,68.9528991401378,13b085d7666e6328115a155c993075f09f0caed1429677b7fb37e36f18093899,cd9df2ade1ca21431041edcb14d5f17dd4911475861cec41755502771901127f,0eb4df990f6753bfc9e9029bf76f169c28456414
Climate_h4,0,1028,N+Q,2026,3,68.80611907870384,13b085d7666e6328115a155c993075f09f0caed1429677b7fb37e36f18093899,cd9df2ade1ca21431041edcb14d5f17dd4911475861cec41755502771901127f,0eb4df990f6753bfc9e9029bf76f169c28456414
Climate_h4,0,1028,N+Q,2026,4,68.65877458475073,13b085d7666e6328115a155c993075f09f0caed1429677b7fb37e36f18093899,cd9df2ade1ca21431041edcb14d5f17dd4911475861cec41755502771901127f,0eb4df990f6753bfc9e9029bf76f169c28456414
Climate_h4,0,1029,N+Q,2026,1,67.32625209489484,13b085d7666e6328115a155c993075f09f0caed1429677b7fb37e36f18093899,cd9df2ade1ca21431041edcb14d5f17dd4911475861cec41755502771901127f,0eb4df990f6753bfc9e9029bf76f169c28456414
Climate_h4,0,1029,N+Q,2026,2,67.21998152306234,13b085d7666e6328115a155c993075f09f0caed1429677b7fb37e36f18093899,cd9df2ade1ca21431041edcb14d5f17dd4911475861cec41755502771901127f,0eb4df990f6753bfc9e9029bf76f169c28456414
Climate_h4,0,1029,N+Q,2026,3,67.08514624144644,13b085d7666e6328115a155c993075f09f0caed1429677b7fb37e36f18093899,cd9df2ade1ca21431041edcb14d5f17dd4911475861cec41755502771901127f,0eb4df990f6753bfc9e9029bf76f169c28456414
Climate_h4,0,1029,N+Q,2026,4,66.9376595741892,13b085d7666e6328115a155c993075f09f0caed1429677b7fb37e36f18093899,cd9df2ade1ca21431041edcb14d5f17dd4911475861cec41755502771901127f,0eb4df990f6753bfc9e9029bf76f169c28456414
Climate_h4,0,1030,N+Q,2026,1,64.31141875021899,13b085d7666e6328115a155c993075f09f0caed1429677b7fb37e36f18093899,cd9df2ade1ca21431041edcb14d5f17dd4911475861cec41755502771901127f,0eb4df990f6753bfc9e9029bf76f169c28456414
Climate_h4,0,1030,N+Q,2026,2,64.21918351932844,13b085d7666e6328115a155c993075f09f0caed1429677b7fb37e36f18093899,cd9df2ade1ca21431041edcb14d5f17dd4911475861cec41755502771901127f,0eb4df990f6753bfc9e9029bf76f169c28456414
Climate_h4,0,1030,N+Q,2026,3,64.09105413287011,13b085d7666e6328115a155c993075f09f0caed1429677b7fb37e36f18093899,cd9df2ade1ca21431041edcb14d5f17dd4911475861cec41755502771901127f,0eb4df990f6753bfc9e9029bf76f169c28456414
Climate_h4,0,1030,N+Q,2026,4,63.96080714876406,13b085d7666e6328115a155c993075f09f0caed1429677b7fb37e36f18093899,cd9df2ade1ca21431041edcb14d5f17dd4911475861cec41755502771901127f,0eb4df990f6753bfc9e9029bf76f169c28456414
Climate_h4,0,1031,N+Q,2026,1,65.05978047824311,13b085d7666e6328115a155c993075f09f0caed1429677b7fb37e36f18093899,cd9df2ade1ca21431041edcb14d5f17dd4911475861cec41755502771901127f,0eb4df990f6753bfc9e9029bf76f169c28456414
Climate_h4,0,1031,N+Q,2026,2,64.97121087098056,13b085d7666e6328115a155c993075f09f0caed1429677b7fb37e36f18093899,cd9df2ade1ca21431041edcb14d5f17dd4911475861cec41755502771901127f,0eb4df990f6753bfc9e9029bf76f169c28456414
Climate_h4,0,1031,N+Q,2026,3,64.85110343701768,13b085d7666e6328115a155c993075f09f0caed1429677b7fb37e36f18093899,cd9df2ade1ca21431041edcb14d5f17dd4911475861cec41755502771901127f,0eb4df990f6753bfc9e9029bf76f169c28456414
Climate_h4,0,1031,N+Q,2026,4,64.68098936930892,13b085d7666e6328115a155c993075f09f0caed1429677b7fb37e36f18093899,cd9df2ade1ca21431041edcb14d5f17dd4911475861cec41755502771901127f,0eb4df990f6753bfc9e9029bf76f169c28456414
Climate_h4,0,1032,N+Q,2026,1,67.25705539205096,13b085d7666e6328115a155c993075f09f0caed1429677b7fb37e36f18093899,cd9df2ade1ca21431041edcb14d5f17dd4911475861cec41755502771901127f,0eb4df990f6753bfc9e9029bf76f169c28456414
Climate_h4,0,1032,N+Q,2026,2,67.1558047077661,13b085d7666e6328115a155c993075f09f0caed1429677b7fb37e36f18093899,cd9df2ade1ca21431041edcb14d5f17dd4911475861cec41755502771901127f,0eb4df990f6753bfc9e9029bf76f169c28456414
Climate_h4,0,1032,N+Q,2026,3,66.98370574164622,13b085d7666e6328115a155c993075f09f0caed1429677b7fb37e36f18093899,cd9df2ade1ca21431041edcb14d5f17dd4911475861cec41755502771901127f,0eb4df990f6753bfc9e9029bf76f169c28456414
Climate_h4,0,1032,N+Q,2026,4,66.74989848347269,13b085d7666e6328115a155c993075f09f0caed1429677b7fb37e36f18093899,cd9df2ade1ca21431041edcb14d5f17dd4911475861cec41755502771901127f,0eb4df990f6753bfc9e9029bf76f169c28456414
Climate_h4,0,1033,N+Q,2026,1,64.85042824258095,13b085d7666e6328115a155c993075f09f0caed1429677b7fb37e36f18093899,cd9df2ade1ca21431041edcb14d5f17dd4911475861cec41755502771901127f,0eb4df990f6753bfc9e9029bf76f169c28456414
Climate_h4,0,1033,N+Q,2026,2,64.69821119239589,13b085d7666e6328115a155c993075f09f0caed1429677b7fb37e36f18093899,cd9df2ade1ca21431041edcb14d5f17dd4911475861cec41755502771901127f,0eb4df990f6753bfc9e9029bf76f169c28456414
Climate_h4,0,1033,N+Q,2026,3,64.47065132466032,13b085d7666e6328115a155c993075f09f0caed1429677b7fb37e36f18093899,cd9df2ade1ca21431041edcb14d5f17dd4911475861cec41755502771901127f,0eb4df990f6753bfc9e9029bf76f169c28456414
Climate_h4,0,1033,N+Q,2026,4,64.21043419527766,13b085d7666e6328115a155c993075f09f0caed1429677b7fb37e36f18093899,cd9df2ade1ca21431041edcb14d5f17dd4911475861cec41755502771901127f,0eb4df990f6753bfc9e9029bf76f169c28456414
Climate_h4,0,1034,N+Q,2026,1,66.84967258532845,13b085d7666e6328115a155c993075f09f0caed1429677b7fb37e36f18093899,cd9df2ade1ca21431041edcb14d5f17dd4911475861cec41755502771901127f,0eb4df990f6753bfc9e9029bf76f169c28456414
Climate_h4,0,1034,N+Q,2026,2,66.6287262219063,13b085d7666e6328115a155c993075f09f0caed1429677b7fb37e36f18093899,cd9df2ade1ca21431041edcb14d5f17dd4911475861cec41755502771901127f,0eb4df990f6753bfc9e9029bf76f169c28456414
Climate_h4,0,1034,N+Q,2026,3,66.36086572189973,13b085d7666e6328115a155c993075f09f0caed1429677b7fb37e36f18093899,cd9df2ade1ca21431041edcb14d5f17dd4911475861cec41755502771901127f,0eb4df990f6753bfc9e9029bf76f169c28456414
Climate_h4,0,1034,N+Q,2026,4,66.04848777489012,13b085d7666e6328115a155c993075f09f0caed1429677b7fb37e36f18093899,cd9df2ade1ca21431041edcb14d5f17dd4911475861cec41755502771901127f,0eb4df990f6753bfc9e9029bf76f169c28456414
Climate_h4,0,1035,N+Q,2026,1,69.91767265744157,13b085d7666e6328115a155c993075f09f0caed1429677b7fb37e36f18093899,cd9df2ade1ca21431041edcb14d5f17dd4911475861cec41755502771901127f,0eb4df990f6753bfc9e9029bf76f169c28456414
Climate_h4,0,1035,N+Q,2026,2,69.62950574508231,13b085d7666e6328115a155c993075f09f0caed1429677b7fb37e36f18093899,cd9df2ade1ca21431041edcb14d5f17dd4911475861cec41755502771901127f,0eb4df990f6753bfc9e9029bf76f169c28456414
Climate_h4,0,1035,N+Q,2026,3,69.28634720939976,13b085d7666e6328115a155c993075f09f0caed1429677b7fb37e36f18093899,cd9df2ade1ca21431041edcb14d5f17dd4911475861cec41755502771901127f,0eb4df990f6753bfc9e9029bf76f169c28456414
Climate_h4,0,1035,N+Q,2026,4,68.87163928227577,13b085d7666e6328115a155c993075f09f0caed1429677b7fb37e36f18093899,cd9df2ade1ca21431041edcb14d5f17dd4911475861cec41755502771901127f,0eb4df990f6753bfc9e9029bf76f169c28456414
Climate_h4,0,1036,N+Q,2026,1,74.72280056208291,13b085d7666e6328115a155c993075f09f0caed1429677b7fb37e36f18093899,cd9df2ade1ca21431041edcb14d5f17dd4911475861cec41755502771901127f,0eb4df990f6753bfc9e9029bf76f169c28456414
Climate_h4,0,1036,N+Q,2026,2,74.34295785998688,13b085d7666e6328115a155c993075f09f0caed1429677b7fb37e36f18093899,cd9df2ade1ca21431041edcb14d5f17dd4911475861cec41755502771901127f,0eb4df990f6753bfc9e9029bf76f169c28456414
Climate_h4,0,1036,N+Q,2026,3,73.89143399182673,13b085d7666e6328115a155c993075f09f0caed1429677b7fb37e36f18093899,cd9df2ade1ca21431041edcb14d5f17dd4911475861cec41755502771901127f,0eb4df990f6753bfc9e9029bf76f169c28456414
Climate_h4,0,1036,N+Q,2026,4,73.37057051860126,13b085d7666e6328115a155c993075f09f0caed1429677b7fb37e36f18093899,cd9df2ade1ca21431041edcb14d5f17dd4911475861cec41755502771901127f,0eb4df990f6753bfc9e9029bf76f169c28456414
Climate_h4,0,1037,N+Q,2026,1,72.99420744141798,13b085d7666e6328115a155c993075f09f0caed1429677b7fb37e36f18093899,cd9df2ade1ca21431041edcb14d5f17dd4911475861cec41755502771901127f,0eb4df990f6753bfc9e9029bf76f169c28456414
Climate_h4,0,1037,N+Q,2026,2,72.52074329304679,13b085d7666e6328115a155c993075f09f0caed1429677b7fb37e36f18093899,cd9df2ade1ca21431041edcb14d5f17dd4911475861cec41755502771901127f,0eb4df990f6753bfc9e9029bf76f169c28456414
Climate_h4,0,1037,N+Q,2026,3,71.98126876790056,13b085d7666e6328115a155c993075f09f0caed1429677b7fb37e36f18093899,cd9df2ade1ca21431041edcb14d5f17dd4911475861cec41755502771901127f,0eb4df990f6753bfc9e9029bf76f169c28456414
Climate_h4,0,1037,N+Q,2026,4,71.39659206444432,13b085d7666e6328115a155c993075f09f0caed1429677b7fb37e36f18093899,cd9df2ade1ca21431041edcb14d5f17dd4911475861cec41755502771901127f,0eb4df990f6753bfc9e9029bf76f169c28456414
Climate_h4,0,1038,N+Q,2026,1,73.10283166797286,13b085d7666e6328115a155c993075f09f0caed1429677b7fb37e36f18093899,cd9df2ade1ca21431041edcb14d5f17dd4911475861cec41755502771901127f,0eb4df990f6753bfc9e9029bf76f169c28456414
Climate_h4,0,1038,N+Q,2026,2,72.53730330897531,13b085d7666e6328115a155c993075f09f0caed1429677b7fb37e36f18093899,cd9df2ade1ca21431041edcb14d5f17dd4911475861cec41755502771901127f,0eb4df990f6753bfc9e9029bf76f169c28456414
Climate_h4,0,1038,N+Q,2026,3,71.93543961026715,13b085d7666e6328115a155c993075f09f0caed1429677b7fb37e36f18093899,cd9df2ade1ca21431041edcb14d5f17dd4911475861cec41755502771901127f,0eb4df990f6753bfc9e9029bf76f169c28456414
Climate_h4,0,1038,N+Q,2026,4,71.28022608417825,13b085d7666e6328115a155c993075f09f0caed1429677b7fb37e36f18093899,cd9df2ade1ca21431041edcb14d5f17dd4911475861cec41755502771901127f,0eb4df990f6753bfc9e9029bf76f169c28456414
Climate_h4,0,1039,N+Q,2026,1,70.32618407336058,13b085d7666e6328115a155c993075f09f0caed1429677b7fb37e36f18093899,cd9df2ade1ca21431041edcb14d5f17dd4911475861cec41755502771901127f,0eb4df990f6753bfc9e9029bf76f169c28456414
Climate_h4,0,1039,N+Q,2026,2,69.71350221475831,13b085d7666e6328115a155c993075f09f0caed1429677b7fb37e36f18093899,cd9df2ade1ca21431041edcb14d5f17dd4911475861cec41755502771901127f,0eb4df990f6753bfc9e9029bf76f169c28456414
Climate_h4,0,1039,N+Q,2026,3,69.05328555555882,13b085d7666e6328115a155c993075f09f0caed1429677b7fb37e36f18093899,cd9df2ade1ca21431041edcb14d5f17dd4911475861cec41755502771901127f,0eb4df990f6753bfc9e9029bf76f169c28456414
Climate_h4,0,1039,N+Q,2026,4,68.3159626813696,13b085d7666e6328115a155c993075f09f0caed1429677b7fb37e36f18093899,cd9df2ade1ca21431041edcb14d5f17dd4911475861cec41755502771901127f,0eb4df990f6753bfc9e9029bf76f169c28456414
Climate_h4,0,1040,N+Q,2026,1,71.4034878270996,13b085d7666e6328115a155c993075f09f0caed1429677b7fb37e36f18093899,cd9df2ade1ca21431041edcb14d5f17dd4911475861cec41755502771901127f,0eb4df990f6753bfc9e9029bf76f169c28456414
Climate_h4,0,1040,N+Q,2026,2,70.72228691285352,13b085d7666e6328115a155c993075f09f0caed1429677b7fb37e36f18093899,cd9df2ade1ca21431041edcb14d5f17dd4911475861cec41755502771901127f,0eb4df990f6753bfc9e9029bf76f169c28456414
Climate_h4,0,1040,N+Q,2026,3,69.98406240553344,13b085d7666e6328115a155c993075f09f0caed1429677b7fb37e36f18093899,cd9df2ade1ca21431041edcb14d5f17dd4911475861cec41755502771901127f,0eb4df990f6753bfc9e9029bf76f169c28456414
Climate_h4,0,1040,N+Q,2026,4,69.17658928829634,13b085d7666e6328115a155c993075f09f0caed1429677b7fb37e36f18093899,cd9df2ade1ca21431041edcb14d5f17dd4911475861cec41755502771901127f,0eb4df990f6753bfc9e9029bf76f169c28456414
Climate_h4,0,1041,N+Q,2026,1,74.57814355690664,13b085d7666e6328115a155c993075f09f0caed1429677b7fb37e36f18093899,cd9df2ade1ca21431041edcb14d5f17dd4911475861cec41755502771901127f,0eb4df990f6753bfc9e9029bf76f169c28456414
Climate_h4,0,1041,N+Q,2026,2,73.80127485700659,13b085d7666e6328115a155c993075f09f0caed1429677b7fb37e36f18093899,cd9df2ade1ca21431041edcb14d5f17dd4911475861cec41755502771901127f,0eb4df990f6753bfc9e9029bf76f169c28456414
Climate_h4,0,1041,N+Q,2026,3,72.9716687501902,13b085d7666e6328115a155c993075f09f0caed1429677b7fb37e36f18093899,cd9df2ade1ca21431041edcb14d5f17dd4911475861cec41755502771901127f,0eb4df990f6753bfc9e9029bf76f169c28456414
Climate_h4,0,1041,N+Q,2026,4,72.11048441445624,13b085d7666e6328115a155c993075f09f0caed1429677b7fb37e36f18093899,cd9df2ade1ca21431041edcb14d5f17dd4911475861cec41755502771901127f,0eb4df990f6753bfc9e9029bf76f169c28456414
Climate_h4,0,1042,N+Q,2026,1,75.353378158183,13b085d7666e6328115a155c993075f09f0caed1429677b7fb37e36f18093899,cd9df2ade1ca21431041edcb14d5f17dd4911475861cec41755502771901127f,0eb4df990f6753bfc9e9029bf76f169c28456414
Climate_h4,0,1042,N+Q,2026,2,74.48348926000617,13b085d7666e6328115a155c993075f09f0caed1429677b7fb37e36f18093899,cd9df2ade1ca21431041edcb14d5f17dd4911475861cec41755502771901127f,0eb4df990f6753bfc9e9029bf76f169c28456414
Climate_h4,0,1042,N+Q,2026,3,73.60001821802769,13b085d7666e6328115a155c993075f09f0caed1429677b7fb37e36f18093899,cd9df2ade1ca21431041edcb14d5f17dd4911475861cec41755502771901127f,0eb4df990f6753bfc9e9029bf76f169c28456414
Climate_h4,0,1042,N+Q,2026,4,72.71070193728836,13b085d7666e6328115a155c993075f09f0caed1429677b7fb37e36f18093899,cd9df2ade1ca21431041edcb14d5f17dd4911475861cec41755502771901127f,0eb4df990f6753bfc9e9029bf76f169c28456414
Climate_h4,0,1043,N+Q,2026,1,76.45755324519634,13b085d7666e6328115a155c993075f09f0caed1429677b7fb37e36f18093899,cd9df2ade1ca21431041edcb14d5f17dd4911475861cec41755502771901127f,0eb4df990f6753bfc9e9029bf76f169c28456414
Climate_h4,0,1043,N+Q,2026,2,75.52331759158223,13b085d7666e6328115a155c993075f09f0caed1429677b7fb37e36f18093899,cd9df2ade1ca21431041edcb14d5f17dd4911475861cec41755502771901127f,0eb4df990f6753bfc9e9029bf76f169c28456414
Climate_h4,0,1043,N+Q,2026,3,74.60191463095651,13b085d7666e6328115a155c993075f09f0caed1429677b7fb37e36f18093899,cd9df2ade1ca21431041edcb14d5f17dd4911475861cec41755502771901127f,0eb4df990f6753bfc9e9029bf76f169c28456414
Climate_h4,0,1043,N+Q,2026,4,73.69447721767973,13b085d7666e6328115a155c993075f09f0caed1429677b7fb37e36f18093899,cd9df2ade1ca21431041edcb14d5f17dd4911475861cec41755502771901127f,0eb4df990f6753bfc9e9029bf76f169c28456414
Climate_h4,0,1044,N+Q,2026,1,77.63225544541498,13b085d7666e6328115a155c993075f09f0caed1429677b7fb37e36f18093899,cd9df2ade1ca21431041edcb14d5f17dd4911475861cec41755502771901127f,0eb4df990f6753bfc9e9029bf76f169c28456414
Climate_h4,0,1044,N+Q,2026,2,76.68096693667401,13b085d7666e6328115a155c993075f09f0caed1429677b7fb37e36f18093899,cd9df2ade1ca21431041edcb14d5f17dd4911475861cec41755502771901127f,0eb4df990f6753bfc9e9029bf76f169c28456414
Climate_h4,0,1044,N+Q,2026,3,75.75275459013189,13b085d7666e6328115a155c993075f09f0caed1429677b7fb37e36f18093899,cd9df2ade1ca21431041edcb14d5f17dd4911475861cec41755502771901127f,0eb4df990f6753bfc9e9029bf76f169c28456414
Climate_h4,0,1044,N+Q,2026,4,74.85412875284086,13b085d7666e6328115a155c993075f09f0caed1429677b7fb37e36f18093899,cd9df2ade1ca21431041edcb14d5f17dd4911475861cec41755502771901127f,0eb4df990f6753bfc9e9029bf76f169c28456414
Climate_h4,0,1045,N+Q,2026,1,77.80806957466409,13b085d7666e6328115a155c993075f09f0caed1429677b7fb37e36f18093899,cd9df2ade1ca21431041edcb14d5f17dd4911475861cec41755502771901127f,0eb4df990f6753bfc9e9029bf76f169c28456414
Climate_h4,0,1045,N+Q,2026,2,76.8358539295525,13b085d7666e6328115a155c993075f09f0caed1429677b7fb37e36f18093899,cd9df2ade1ca21431041edcb14d5f17dd4911475861cec41755502771901127f,0eb4df990f6753bfc9e9029bf76f169c28456414
Climate_h4,0,1045,N+Q,2026,3,75.93684386369787,13b085d7666e6328115a155c993075f09f0caed1429677b7fb37e36f18093899,cd9df2ade1ca21431041edcb14d5f17dd4911475861cec41755502771901127f,0eb4df990f6753bfc9e9029bf76f169c28456414
Climate_h4,0,1045,N+Q,2026,4,75.07868281210419,13b085d7666e6328115a155c993075f09f0caed1429677b7fb37e36f18093899,cd9df2ade1ca21431041edcb14d5f17dd4911475861cec41755502771901127f,0eb4df990f6753bfc9e9029bf76f169c28456414
Climate_h4,0,1046,N+Q,2026,1,78.51370388046337,13b085d7666e6328115a155c993075f09f0caed1429677b7fb37e36f18093899,cd9df2ade1ca21431041edcb14d5f17dd4911475861cec41755502771901127f,0eb4df990f6753bfc9e9029bf76f169c28456414
Climate_h4,0,1046,N+Q,2026,2,77.56698416802894,13b085d7666e6328115a155c993075f09f0caed1429677b7fb37e36f18093899,cd9df2ade1ca21431041edcb14d5f17dd4911475861cec41755502771901127f,0eb4df990f6753bfc9e9029bf76f169c28456414
Climate_h4,0,1046,N+Q,2026,3,76.68015553411276,13b085d7666e6328115a155c993075f09f0caed1429677b7fb37e36f18093899,cd9df2ade1ca21431041edcb14d5f17dd4911475861cec41755502771901127f,0eb4df990f6753bfc9e9029bf76f169c28456414
Climate_h4,0,1046,N+Q,2026,4,75.8448137888506,13b085d7666e6328115a155c993075f09f0caed1429677b7fb37e36f18093899,cd9df2ade1ca21431041edcb14d5f17dd4911475861cec41755502771901127f,0eb4df990f6753bfc9e9029bf76f169c28456414
Climate_h4,0,1047,N+Q,2026,1,77.22532099547584,13b085d7666e6328115a155c993075f09f0caed1429677b7fb37e36f18093899,cd9df2ade1ca21431041edcb14d5f17dd4911475861cec41755502771901127f,0eb4df990f6753bfc9e9029bf76f169c28456414
Climate_h4,0,1047,N+Q,2026,2,76.29676304066086,13b085d7666e6328115a155c993075f09f0caed1429677b7fb37e36f18093899,cd9df2ade1ca21431041edcb14d5f17dd4911475861cec41755502771901127f,0eb4df990f6753bfc9e9029bf76f169c28456414
Climate_h4,0,1047,N+Q,2026,3,75.44021890406044,13b085d7666e6328115a155c993075f09f0caed1429677b7fb37e36f18093899,cd9df2ade1ca21431041edcb14d5f17dd4911475861cec41755502771901127f,0eb4df990f6753bfc9e9029bf76f169c28456414
Climate_h4,0,1047,N+Q,2026,4,74.64805754868102,13b085d7666e6328115a155c993075f09f0caed1429677b7fb37e36f18093899,cd9df2ade1ca21431041edcb14d5f17dd4911475861cec41755502771901127f,0eb4df990f6753bfc9e9029bf76f169c28456414
Climate_h4,0,1048,N+Q,2026,1,75.16530326317204,13b085d7666e6328115a155c993075f09f0caed1429677b7fb37e36f18093899,cd9df2ade1ca21431041edcb14d5f17dd4911475861cec41755502771901127f,0eb4df990f6753bfc9e9029bf76f169c28456414
Climate_h4,0,1048,N+Q,2026,2,74.26801129806552,13b085d7666e6328115a155c993075f09f0caed1429677b7fb37e36f18093899,cd9df2ade1ca21431041edcb14d5f17dd4911475861cec41755502771901127f,0eb4df990f6753bfc9e9029bf76f169c28456414
Climate_h4,0,1048,N+Q,2026,3,73.45596900497877,13b085d7666e6328115a155c993075f09f0caed1429677b7fb37e36f18093899,cd9df2ade1ca21431041edcb14d5f17dd4911475861cec41755502771901127f,0eb4df990f6753bfc9e9029bf76f169c28456414
Climate_h4,0,1048,N+Q,2026,4,72.73119419121788,13b085d7666e6328115a155c993075f09f0caed1429677b7fb37e36f18093899,cd9df2ade1ca21431041edcb14d5f17dd4911475861cec41755502771901127f,0eb4df990f6753bfc9e9029bf76f169c28456414
Climate_h4,0,1049,N+Q,2026,1,76.02835885460495,13b085d7666e6328115a155c993075f09f0caed1429677b7fb37e36f18093899,cd9df2ade1ca21431041edcb14d5f17dd4911475861cec41755502771901127f,0eb4df990f6753bfc9e9029bf76f169c28456414
Climate_h4,0,1049,N+Q,2026,2,75.18033216367542,13b085d7666e6328115a155c993075f09f0caed1429677b7fb37e36f18093899,cd9df2ade1ca21431041edcb14d5f17dd4911475861cec41755502771901127f,0eb4df990f6753bfc9e9029bf76f169c28456414
Climate_h4,0,1049,N+Q,2026,3,74.4371531280381,13b085d7666e6328115a155c993075f09f0caed1429677b7fb37e36f18093899,cd9df2ade1ca21431041edcb14d5f17dd4911475861cec41755502771901127f,0eb4df990f6753bfc9e9029bf76f169c28456414
Climate_h4,0,1049,N+Q,2026,4,73.78141142788583,13b085d7666e6328115a155c993075f09f0caed1429677b7fb37e36f18093899,cd9df2ade1ca21431041edcb14d5f17dd4911475861cec41755502771901127f,0eb4df990f6753bfc9e9029bf76f169c28456414
Climate_h4,0,1050,N+Q,2026,1,77.36877815850775,13b085d7666e6328115a155c993075f09f0caed1429677b7fb37e36f18093899,cd9df2ade1ca21431041edcb14d5f17dd4911475861cec41755502771901127f,0eb4df990f6753bfc9e9029bf76f169c28456414
Climate_h4,0,1050,N+Q,2026,2,76.5864674776848,13b085d7666e6328115a155c993075f09f0caed1429677b7fb37e36f18093899,cd9df2ade1ca21431041edcb14d5f17dd4911475861cec41755502771901127f,0eb4df990f6753bfc9e9029bf76f169c28456414
Climate_h4,0,1050,N+Q,2026,3,75.9043961957753,13b085d7666e6328115a155c993075f09f0caed1429677b7fb37e36f18093899,cd9df2ade1ca21431041edcb14d5f17dd4911475861cec41755502771901127f,0eb4df990f6753bfc9e9029bf76f169c28456414
Climate_h4,0,1050,N+Q,2026,4,75.30947207473297,13b085d7666e6328115a155c993075f09f0caed1429677b7fb37e36f18093899,cd9df2ade1ca21431041edcb14d5f17dd4911475861cec41755502771901127f,0eb4df990f6753bfc9e9029bf76f169c28456414
Climate_h4,0,1051,N+Q,2026,1,78.26609022854619,13b085d7666e6328115a155c993075f09f0caed1429677b7fb37e36f18093899,cd9df2ade1ca21431041edcb14d5f17dd4911475861cec41755502771901127f,0eb4df990f6753bfc9e9029bf76f169c28456414
Climate_h4,0,1051,N+Q,2026,2,77.54058584645277,13b085d7666e6328115a155c993075f09f0caed1429677b7fb37e36f18093899,cd9df2ade1ca21431041edcb14d5f17dd4911475861cec41755502771901127f,0eb4df990f6753bfc9e9029bf76f169c28456414
Climate_h4,0,1051,N+Q,2026,3,76.91418018137706,13b085d7666e6328115a155c993075f09f0caed1429677b7fb37e36f18093899,cd9df2ade1ca21431041edcb14d5f17dd4911475861cec41755502771901127f,0eb4df990f6753bfc9e9029bf76f169c28456414
Climate_h4,0,1051,N+Q,2026,4,76.39574248785584,13b085d7666e6328115a155c993075f09f0caed1429677b7fb37e36f18093899,cd9df2ade1ca21431041edcb14d5f17dd4911475861cec41755502771901127f,0eb4df990f6753bfc9e9029bf76f169c28456414
Climate_h4,0,1052,N+Q,2026,1,79.00945571203546,13b085d7666e6328115a155c993075f09f0caed1429677b7fb37e36f18093899,cd9df2ade1ca21431041edcb14d5f17dd4911475861cec41755502771901127f,0eb4df990f6753bfc9e9029bf76f169c28456414
Climate_h4,0,1052,N+Q,2026,2,78.32812674232099,13b085d7666e6328115a155c993075f09f0caed1429677b7fb37e36f18093899,cd9df2ade1ca21431041edcb14d5f17dd4911475861cec41755502771901127f,0eb4df990f6753bfc9e9029bf76f169c28456414
Climate_h4,0,1052,N+Q,2026,3,77.76692439152319,13b085d7666e6328115a155c993075f09f0caed1429677b7fb37e36f18093899,cd9df2ade1ca21431041edcb14d5f17dd4911475861cec41755502771901127f,0eb4df990f6753bfc9e9029bf76f169c28456414
Climate_h4,0,1052,N+Q,2026,4,77.319733894842,13b085d7666e6328115a155c993075f09f0caed1429677b7fb37e36f18093899,cd9df2ade1ca21431041edcb14d5f17dd4911475861cec41755502771901127f,0eb4df990f6753bfc9e9029bf76f169c28456414
Climate_h4,0,1053,N+Q,2026,1,78.42438211651604,13b085d7666e6328115a155c993075f09f0caed1429677b7fb37e36f18093899,cd9df2ade1ca21431041edcb14d5f17dd4911475861cec41755502771901127f,0eb4df990f6753bfc9e9029bf76f169c28456414
Climate_h4,0,1053,N+Q,2026,2,77.82355007557113,13b085d7666e6328115a155c993075f09f0caed1429677b7fb37e36f18093899,cd9df2ade1ca21431041edcb14d5f17dd4911475861cec41755502771901127f,0eb4df990f6753bfc9e9029bf76f169c28456414
Climate_h4,0,1053,N+Q,2026,3,77.34826413857193,13b085d7666e6328115a155c993075f09f0caed1429677b7fb37e36f18093899,cd9df2ade1ca21431041edcb14d5f17dd4911475861cec41755502771901127f,0eb4df990f6753bfc9e9029bf76f169c28456414
Climate_h4,0,1053,N+Q,2026,4,76.97970180461336,13b085d7666e6328115a155c993075f09f0caed1429677b7fb37e36f18093899,cd9df2ade1ca21431041edcb14d5f17dd4911475861cec41755502771901127f,0eb4df990f6753bfc9e9029bf76f169c28456414
Climate_h4,0,1054,N+Q,2026,1,79.09228492163987,13b085d7666e6328115a155c993075f09f0caed1429677b7fb37e36f18093899,cd9df2ade1ca21431041edcb14d5f17dd4911475861cec41755502771901127f,0eb4df990f6753bfc9e9029bf76f169c28456414
Climate_h4,0,1054,N+Q,2026,2,78.5715954703024,13b085d7666e6328115a155c993075f09f0caed1429677b7fb37e36f18093899,cd9df2ade1ca21431041edcb14d5f17dd4911475861cec41755502771901127f,0eb4df990f6753bfc9e9029bf76f169c28456414
Climate_h4,0,1054,N+Q,2026,3,78.16898382448316,13b085d7666e6328115a155c993075f09f0caed1429677b7fb37e36f18093899,cd9df2ade1ca21431041edcb14d5f17dd4911475861cec41755502771901127f,0eb4df990f6753bfc9e9029bf76f169c28456414
Climate_h4,0,1054,N+Q,2026,4,77.86326831503533,13b085d7666e6328115a155c993075f09f0caed1429677b7fb37e36f18093899,cd9df2ade1ca21431041edcb14d5f17dd4911475861cec41755502771901127f,0eb4df990f6753bfc9e9029bf76f169c28456414
Climate_h4,0,1055,N+Q,2026,1,78.65128508288022,13b085d7666e6328115a155c993075f09f0caed1429677b7fb37e36f18093899,cd9df2ade1ca21431041edcb14d5f17dd4911475861cec41755502771901127f,0eb4df990f6753bfc9e9029bf76f169c28456414
Climate_h4,0,1055,N+Q,2026,2,78.20541984789665,13b085d7666e6328115a155c993075f09f0caed1429677b7fb37e36f18093899,cd9df2ade1ca21431041edcb14d5f17dd4911475861cec41755502771901127f,0eb4df990f6753bfc9e9029bf76f169c28456414
Climate_h4,0,1055,N+Q,2026,3,77.8665713797518,13b085d7666e6328115a155c993075f09f0caed1429677b7fb37e36f18093899,cd9df2ade1ca21431041edcb14d5f17dd4911475861cec41755502771901127f,0eb4df990f6753bfc9e9029bf76f169c28456414
Climate_h4,0,1055,N+Q,2026,4,77.6311115899222,13b085d7666e6328115a155c993075f09f0caed1429677b7fb37e36f18093899,cd9df2ade1ca21431041edcb14d5f17dd4911475861cec41755502771901127f,0eb4df990f6753bfc9e9029bf76f169c28456414
Climate_h4,0,1056,N+Q,2026,1,78.59837124502326,13b085d7666e6328115a155c993075f09f0caed1429677b7fb37e36f18093899,cd9df2ade1ca21431041edcb14d5f17dd4911475861cec41755502771901127f,0eb4df990f6753bfc9e9029bf76f169c28456414
Climate_h4,0,1056,N+Q,2026,2,78.21025485540898,13b085d7666e6328115a155c993075f09f0caed1429677b7fb37e36f18093899,cd9df2ade1ca21431041edcb14d5f17dd4911475861cec41755502771901127f,0eb4df990f6753bfc9e9029bf76f169c28456414
Climate_h4,0,1056,N+Q,2026,3,77.93399148330725,13b085d7666e6328115a155c993075f09f0caed1429677b7fb37e36f18093899,cd9df2ade1ca21431041edcb14d5f17dd4911475861cec41755502771901127f,0eb4df990f6753bfc9e9029bf76f169c28456414
Climate_h4,0,1056,N+Q,2026,4,77.74269387551507,13b085d7666e6328115a155c993075f09f0caed1429677b7fb37e36f18093899,cd9df2ade1ca21431041edcb14d5f17dd4911475861cec41755502771901127f,0eb4df990f6753bfc9e9029bf76f169c28456414
Climate_h4,0,1057,N+Q,2026,1,78.54096703537556,13b085d7666e6328115a155c993075f09f0caed1429677b7fb37e36f18093899,cd9df2ade1ca21431041edcb14d5f17dd4911475861cec41755502771901127f,0eb4df990f6753bfc9e9029bf76f169c28456414
Climate_h4,0,1057,N+Q,2026,2,78.23480178648008,13b085d7666e6328115a155c993075f09f0caed1429677b7fb37e36f18093899,cd9df2ade1ca21431041edcb14d5f17dd4911475861cec41755502771901127f,0eb4df990f6753bfc9e9029bf76f169c28456414
Climate_h4,0,1057,N+Q,2026,3,78.02544789862085,13b085d7666e6328115a155c993075f09f0caed1429677b7fb37e36f18093899,cd9df2ade1ca21431041edcb14d5f17dd4911475861cec41755502771901127f,0eb4df990f6753bfc9e9029bf76f169c28456414
Climate_h4,0,1057,N+Q,2026,4,77.90787076185421,13b085d7666e6328115a155c993075f09f0caed1429677b7fb37e36f18093899,cd9df2ade1ca21431041edcb14d5f17dd4911475861cec41755502771901127f,0eb4df990f6753bfc9e9029bf76f169c28456414
Climate_h4,0,1058,N+Q,2026,1,78.3687123779923,13b085d7666e6328115a155c993075f09f0caed1429677b7fb37e36f18093899,cd9df2ade1ca21431041edcb14d5f17dd4911475861cec41755502771901127f,0eb4df990f6753bfc9e9029bf76f169c28456414
Climate_h4,0,1058,N+Q,2026,2,78.12953221625801,13b085d7666e6328115a155c993075f09f0caed1429677b7fb37e36f18093899,cd9df2ade1ca21431041edcb14d5f17dd4911475861cec41755502771901127f,0eb4df990f6753bfc9e9029bf76f169c28456414
Climate_h4,0,1058,N+Q,2026,3,77.9839638517717,13b085d7666e6328115a155c993075f09f0caed1429677b7fb37e36f18093899,cd9df2ade1ca21431041edcb14d5f17dd4911475861cec41755502771901127f,0eb4df990f6753bfc9e9029bf76f169c28456414
Climate_h4,0,1058,N+Q,2026,4,77.91732760608603,13b085d7666e6328115a155c993075f09f0caed1429677b7fb37e36f18093899,cd9df2ade1ca21431041edcb14d5f17dd4911475861cec41755502771901127f,0eb4df990f6753bfc9e9029bf76f169c28456414
Climate_h4,0,1059,N+Q,2026,1,78.38223559650191,13b085d7666e6328115a155c993075f09f0caed1429677b7fb37e36f18093899,cd9df2ade1ca21431041edcb14d5f17dd4911475861cec41755502771901127f,0eb4df990f6753bfc9e9029bf76f169c28456414
Climate_h4,0,1059,N+Q,2026,2,78.20432872719456,13b085d7666e6328115a155c993075f09f0caed1429677b7fb37e36f18093899,cd9df2ade1ca21431041edcb14d5f17dd4911475861cec41755502771901127f,0eb4df990f6753bfc9e9029bf76f169c28456414
Climate_h4,0,1059,N+Q,2026,3,78.1062355867471,13b085d7666e6328115a155c993075f09f0caed1429677b7fb37e36f18093899,cd9df2ade1ca21431041edcb14d5f17dd4911475861cec41755502771901127f,0eb4df990f6753bfc9e9029bf76f169c28456414
Climate_h4,0,1059,N+Q,2026,4,78.05709159912716,13b085d7666e6328115a155c993075f09f0caed1429677b7fb37e36f18093899,cd9df2ade1ca21431041edcb14d5f17dd4911475861cec41755502771901127f,0eb4df990f6753bfc9e9029bf76f169c28456414
Climate_h4,0,1060,N+Q,2026,1,77.31926616044107,13b085d7666e6328115a155c993075f09f0caed1429677b7fb37e36f18093899,cd9df2ade1ca21431041edcb14d5f17dd4911475861cec41755502771901127f,0eb4df990f6753bfc9e9029bf76f169c28456414
Climate_h4,0,1060,N+Q,2026,2,77.19488996895714,13b085d7666e6328115a155c993075f09f0caed1429677b7fb37e36f18093899,cd9df2ade1ca21431041edcb14d5f17dd4911475861cec41755502771901127f,0eb4df990f6753bfc9e9029bf76f169c28456414
Climate_h4,0,1060,N+Q,2026,3,77.11704277776852,13b085d7666e6328115a155c993075f09f0caed1429677b7fb37e36f18093899,cd9df2ade1ca21431041edcb14d5f17dd4911475861cec41755502771901127f,0eb4df990f6753bfc9e9029bf76f169c28456414
Climate_h4,0,1060,N+Q,2026,4,77.05875054170492,13b085d7666e6328115a155c993075f09f0caed1429677b7fb37e36f18093899,cd9df2ade1ca21431041edcb14d5f17dd4911475861cec41755502771901127f,0eb4df990f6753bfc9e9029bf76f169c28456414
Climate_h4,0,1061,N+Q,2026,1,75.86553504935318,13b085d7666e6328115a155c993075f09f0caed1429677b7fb37e36f18093899,cd9df2ade1ca21431041edcb14d5f17dd4911475861cec41755502771901127f,0eb4df990f6753bfc9e9029bf76f169c28456414
Climate_h4,0,1061,N+Q,2026,2,75.76013504295355,13b085d7666e6328115a155c993075f09f0caed1429677b7fb37e36f18093899,cd9df2ade1ca21431041edcb14d5f17dd4911475861cec41755502771901127f,0eb4df990f6753bfc9e9029bf76f169c28456414
Climate_h4,0,1061,N+Q,2026,3,75.6726883197203,13b085d7666e6328115a155c993075f09f0caed1429677b7fb37e36f18093899,cd9df2ade1ca21431041edcb14d5f17dd4911475861cec41755502771901127f,0eb4df990f6753bfc9e9029bf76f169c28456414
Climate_h4,0,1061,N+Q,2026,4,75.61470040853379,13b085d7666e6328115a155c993075f09f0caed1429677b7fb37e36f18093899,cd9df2ade1ca21431041edcb14d5f17dd4911475861cec41755502771901127f,0eb4df990f6753bfc9e9029bf76f169c28456414
Climate_h4,0,1062,N+Q,2026,1,74.14120287354227,13b085d7666e6328115a155c993075f09f0caed1429677b7fb37e36f18093899,cd9df2ade1ca21431041edcb14d5f17dd4911475861cec41755502771901127f,0eb4df990f6753bfc9e9029bf76f169c28456414
Climate_h4,0,1062,N+Q,2026,2,74.0402541780872,13b085d7666e6328115a155c993075f09f0caed1429677b7fb37e36f18093899,cd9df2ade1ca21431041edcb14d5f17dd4911475861cec41755502771901127f,0eb4df990f6753bfc9e9029bf76f169c28456414
Climate_h4,0,1062,N+Q,2026,3,73.96919783238295,13b085d7666e6328115a155c993075f09f0caed1429677b7fb37e36f18093899,cd9df2ade1ca21431041edcb14d5f17dd4911475861cec41755502771901127f,0eb4df990f6753bfc9e9029bf76f169c28456414
Climate_h4,0,1062,N+Q,2026,4,73.94123365487569,13b085d7666e6328115a155c993075f09f0caed1429677b7fb37e36f18093899,cd9df2ade1ca21431041edcb14d5f17dd4911475861cec41755502771901127f,0eb4df990f6753bfc9e9029bf76f169c28456414
Climate_h4,0,1063,N+Q,2026,1,71.17017454033437,13b085d7666e6328115a155c993075f09f0caed1429677b7fb37e36f18093899,cd9df2ade1ca21431041edcb14d5f17dd4911475861cec41755502771901127f,0eb4df990f6753bfc9e9029bf76f169c28456414
Climate_h4,0,1063,N+Q,2026,2,71.09591347392767,13b085d7666e6328115a155c993075f09f0caed1429677b7fb37e36f18093899,cd9df2ade1ca21431041edcb14d5f17dd4911475861cec41755502771901127f,0eb4df990f6753bfc9e9029bf76f169c28456414
Climate_h4,0,1063,N+Q,2026,3,71.06343022697753,13b085d7666e6328115a155c993075f09f0caed1429677b7fb37e36f18093899,cd9df2ade1ca21431041edcb14d5f17dd4911475861cec41755502771901127f,0eb4df990f6753bfc9e9029bf76f169c28456414
Climate_h4,0,1063,N+Q,2026,4,71.0544488851424,13b085d7666e6328115a155c993075f09f0caed1429677b7fb37e36f18093899,cd9df2ade1ca21431041edcb14d5f17dd4911475861cec41755502771901127f,0eb4df990f6753bfc9e9029bf76f169c28456414
Climate_h4,0,1064,N+Q,2026,1,70.01543629900877,13b085d7666e6328115a155c993075f09f0caed1429677b7fb37e36f18093899,cd9df2ade1ca21431041edcb14d5f17dd4911475861cec41755502771901127f,0eb4df990f6753bfc9e9029bf76f169c28456414
Climate_h4,0,1064,N+Q,2026,2,69.98188944445018,13b085d7666e6328115a155c993075f09f0caed1429677b7fb37e36f18093899,cd9df2ade1ca21431041edcb14d5f17dd4911475861cec41755502771901127f,0eb4df990f6753bfc9e9029bf76f169c28456414
Climate_h4,0,1064,N+Q,2026,3,69.96770732477144,13b085d7666e6328115a155c993075f09f0caed1429677b7fb37e36f18093899,cd9df2ade1ca21431041edcb14d5f17dd4911475861cec41755502771901127f,0eb4df990f6753bfc9e9029bf76f169c28456414
Climate_h4,0,1064,N+Q,2026,4,69.97295880591663,13b085d7666e6328115a155c993075f09f0caed1429677b7fb37e36f18093899,cd9df2ade1ca21431041edcb14d5f17dd4911475861cec41755502771901127f,0eb4df990f6753bfc9e9029bf76f169c28456414
Climate_h4,0,1065,N+Q,2026,1,71.04535159043078,13b085d7666e6328115a155c993075f09f0caed1429677b7fb37e36f18093899,cd9df2ade1ca21431041edcb14d5f17dd4911475861cec41755502771901127f,0eb4df990f6753bfc9e9029bf76f169c28456414
Climate_h4,0,1065,N+Q,2026,2,71.01232779024693,13b085d7666e6328115a155c993075f09f0caed1429677b7fb37e36f18093899,cd9df2ade1ca21431041edcb14d5f17dd4911475861cec41755502771901127f,0eb4df990f6753bfc9e9029bf76f169c28456414
Climate_h4,0,1065,N+Q,2026,3,70.9943074384876,13b085d7666e6328115a155c993075f09f0caed1429677b7fb37e36f18093899,cd9df2ade1ca21431041edcb14d5f17dd4911475861cec41755502771901127f,0eb4df990f6753bfc9e9029bf76f169c28456414
Climate_h4,0,1065,N+Q,2026,4,70.98692239371826,13b085d7666e6328115a155c993075f09f0caed1429677b7fb37e36f18093899,cd9df2ade1ca21431041edcb14d5f17dd4911475861cec41755502771901127f,0eb4df990f6753bfc9e9029bf76f169c28456414
Climate_h4,0,1066,N+Q,2026,1,69.79212892387915,13b085d7666e6328115a155c993075f09f0caed1429677b7fb37e36f18093899,cd9df2ade1ca21431041edcb14d5f17dd4911475861cec41755502771901127f,0eb4df990f6753bfc9e9029bf76f169c28456414
Climate_h4,0,1066,N+Q,2026,2,69.7654262835085,13b085d7666e6328115a155c993075f09f0caed1429677b7fb37e36f18093899,cd9df2ade1ca21431041edcb14d5f17dd4911475861cec41755502771901127f,0eb4df990f6753bfc9e9029bf76f169c28456414
Climate_h4,0,1066,N+Q,2026,3,69.74713424705142,13b085d7666e6328115a155c993075f09f0caed1429677b7fb37e36f18093899,cd9df2ade1ca21431041edcb14d5f17dd4911475861cec41755502771901127f,0eb4df990f6753bfc9e9029bf76f169c28456414
Climate_h4,0,1066,N+Q,2026,4,69.73501877847589,13b085d7666e6328115a155c993075f09f0caed1429677b7fb37e36f18093899,cd9df2ade1ca21431041edcb14d5f17dd4911475861cec41755502771901127f,0eb4df990f6753bfc9e9029bf76f169c28456414
Climate_h4,0,1067,N+Q,2026,1,67.48607554679099,13b085d7666e6328115a155c993075f09f0caed1429677b7fb37e36f18093899,cd9df2ade1ca21431041edcb14d5f17dd4911475861cec41755502771901127f,0eb4df990f6753bfc9e9029bf76f169c28456414
Climate_h4,0,1067,N+Q,2026,2,67.46100241568223,13b085d7666e6328115a155c993075f09f0caed1429677b7fb37e36f18093899,cd9df2ade1ca21431041edcb14d5f17dd4911475861cec41755502771901127f,0eb4df990f6753bfc9e9029bf76f169c28456414
Climate_h4,0,1067,N+Q,2026,3,67.44310177864206,13b085d7666e6328115a155c993075f09f0caed1429677b7fb37e36f18093899,cd9df2ade1ca21431041edcb14d5f17dd4911475861cec41755502771901127f,0eb4df990f6753bfc9e9029bf76f169c28456414
Climate_h4,0,1067,N+Q,2026,4,67.4202527685898,13b085d7666e6328115a155c993075f09f0caed1429677b7fb37e36f18093899,cd9df2ade1ca21431041edcb14d5f17dd4911475861cec41755502771901127f,0eb4df990f6753bfc9e9029bf76f169c28456414
Climate_h4,0,1068,N+Q,2026,1,63.229532361765564,13b085d7666e6328115a155c993075f09f0caed1429677b7fb37e36f18093899,cd9df2ade1ca21431041edcb14d5f17dd4911475861cec41755502771901127f,0eb4df990f6753bfc9e9029bf76f169c28456414
Climate_h4,0,1068,N+Q,2026,2,63.222586586229276,13b085d7666e6328115a155c993075f09f0caed1429677b7fb37e36f18093899,cd9df2ade1ca21431041edcb14d5f17dd4911475861cec41755502771901127f,0eb4df990f6753bfc9e9029bf76f169c28456414
Climate_h4,0,1068,N+Q,2026,3,63.21053084017192,13b085d7666e6328115a155c993075f09f0caed1429677b7fb37e36f18093899,cd9df2ade1ca21431041edcb14d5f17dd4911475861cec41755502771901127f,0eb4df990f6753bfc9e9029bf76f169c28456414
Climate_h4,0,1068,N+Q,2026,4,63.18652364583875,13b085d7666e6328115a155c993075f09f0caed1429677b7fb37e36f18093899,cd9df2ade1ca21431041edcb14d5f17dd4911475861cec41755502771901127f,0eb4df990f6753bfc9e9029bf76f169c28456414
Climate_h4,0,1069,N+Q,2026,1,62.4017958451798,13b085d7666e6328115a155c993075f09f0caed1429677b7fb37e36f18093899,cd9df2ade1ca21431041edcb14d5f17dd4911475861cec41755502771901127f,0eb4df990f6753bfc9e9029bf76f169c28456414
Climate_h4,0,1069,N+Q,2026,2,62.38502103411992,13b085d7666e6328115a155c993075f09f0caed1429677b7fb37e36f18093899,cd9df2ade1ca21431041edcb14d5f17dd4911475861cec41755502771901127f,0eb4df990f6753bfc9e9029bf76f169c28456414
Climate_h4,0,1069,N+Q,2026,3,62.35883687890923,13b085d7666e6328115a155c993075f09f0caed1429677b7fb37e36f18093899,cd9df2ade1ca21431041edcb14d5f17dd4911475861cec41755502771901127f,0eb4df990f6753bfc9e9029bf76f169c28456414
Climate_h4,0,1069,N+Q,2026,4,62.29285122922518,13b085d7666e6328115a155c993075f09f0caed1429677b7fb37e36f18093899,cd9df2ade1ca21431041edcb14d5f17dd4911475861cec41755502771901127f,0eb4df990f6753bfc9e9029bf76f169c28456414
Climate_h4,0,1070,N+Q,2026,1,61.85964223783023,13b085d7666e6328115a155c993075f09f0caed1429677b7fb37e36f18093899,cd9df2ade1ca21431041edcb14d5f17dd4911475861cec41755502771901127f,0eb4df990f6753bfc9e9029bf76f169c28456414
Climate_h4,0,1070,N+Q,2026,2,61.84896916306423,13b085d7666e6328115a155c993075f09f0caed1429677b7fb37e36f18093899,cd9df2ade1ca21431041edcb14d5f17dd4911475861cec41755502771901127f,0eb4df990f6753bfc9e9029bf76f169c28456414
Climate_h4,0,1070,N+Q,2026,3,61.7917789075136,13b085d7666e6328115a155c993075f09f0caed1429677b7fb37e36f18093899,cd9df2ade1ca21431041edcb14d5f17dd4911475861cec41755502771901127f,0eb4df990f6753bfc9e9029bf76f169c28456414
Climate_h4,0,1070,N+Q,2026,4,61.6828095180107,13b085d7666e6328115a155c993075f09f0caed1429677b7fb37e36f18093899,cd9df2ade1ca21431041edcb14d5f17dd4911475861cec41755502771901127f,0eb4df990f6753bfc9e9029bf76f169c28456414
Climate_h4,0,1071,N+Q,2026,1,58.33695615099816,13b085d7666e6328115a155c993075f09f0caed1429677b7fb37e36f18093899,cd9df2ade1ca21431041edcb14d5f17dd4911475861cec41755502771901127f,0eb4df990f6753bfc9e9029bf76f169c28456414
Climate_h4,0,1071,N+Q,2026,2,58.30641641669047,13b085d7666e6328115a155c993075f09f0caed1429677b7fb37e36f18093899,cd9df2ade1ca21431041edcb14d5f17dd4911475861cec41755502771901127f,0eb4df990f6753bfc9e9029bf76f169c28456414
Climate_h4,0,1071,N+Q,2026,3,58.246460599848064,13b085d7666e6328115a155c993075f09f0caed1429677b7fb37e36f18093899,cd9df2ade1ca21431041edcb14d5f17dd4911475861cec41755502771901127f,0eb4df990f6753bfc9e9029bf76f169c28456414
Climate_h4,0,1071,N+Q,2026,4,58.15980514694223,13b085d7666e6328115a155c993075f09f0caed1429677b7fb37e36f18093899,cd9df2ade1ca21431041edcb14d5f17dd4911475861cec41755502771901127f,0eb4df990f6753bfc9e9029bf76f169c28456414
Climate_h4,0,1072,N+Q,2026,1,55.97364723965727,13b085d7666e6328115a155c993075f09f0caed1429677b7fb37e36f18093899,cd9df2ade1ca21431041edcb14d5f17dd4911475861cec41755502771901127f,0eb4df990f6753bfc9e9029bf76f169c28456414
Climate_h4,0,1072,N+Q,2026,2,55.93798562073818,13b085d7666e6328115a155c993075f09f0caed1429677b7fb37e36f18093899,cd9df2ade1ca21431041edcb14d5f17dd4911475861cec41755502771901127f,0eb4df990f6753bfc9e9029bf76f169c28456414
Climate_h4,0,1072,N+Q,2026,3,55.87755934627431,13b085d7666e6328115a155c993075f09f0caed1429677b7fb37e36f18093899,cd9df2ade1ca21431041edcb14d5f17dd4911475861cec41755502771901127f,0eb4df990f6753bfc9e9029bf76f169c28456414
Climate_h4,0,1072,N+Q,2026,4,55.79818136619166,13b085d7666e6328115a155c993075f09f0caed1429677b7fb37e36f18093899,cd9df2ade1ca21431041edcb14d5f17dd4911475861cec41755502771901127f,0eb4df990f6753bfc9e9029bf76f169c28456414
Climate_h4,0,1073,N+Q,2026,1,52.427459573259654,13b085d7666e6328115a155c993075f09f0caed1429677b7fb37e36f18093899,cd9df2ade1ca21431041edcb14d5f17dd4911475861cec41755502771901127f,0eb4df990f6753bfc9e9029bf76f169c28456414
Climate_h4,0,1073,N+Q,2026,2,52.3996976156859,13b085d7666e6328115a155c993075f09f0caed1429677b7fb37e36f18093899,cd9df2ade1ca21431041edcb14d5f17dd4911475861cec41755502771901127f,0eb4df990f6753bfc9e9029bf76f169c28456414
Climate_h4,0,1073,N+Q,2026,3,52.35551203609266,13b085d7666e6328115a155c993075f09f0caed1429677b7fb37e36f18093899,cd9df2ade1ca21431041edcb14d5f17dd4911475861cec41755502771901127f,0eb4df990f6753bfc9e9029bf76f169c28456414
Climate_h4,0,1073,N+Q,2026,4,52.28380114707776,13b085d7666e6328115a155c993075f09f0caed1429677b7fb37e36f18093899,cd9df2ade1ca21431041edcb14d5f17dd4911475861cec41755502771901127f,0eb4df990f6753bfc9e9029bf76f169c28456414
Climate_h4,0,1074,N+Q,2026,1,52.13439570970834,13b085d7666e6328115a155c993075f09f0caed1429677b7fb37e36f18093899,cd9df2ade1ca21431041edcb14d5f17dd4911475861cec41755502771901127f,0eb4df990f6753bfc9e9029bf76f169c28456414
Climate_h4,0,1074,N+Q,2026,2,52.1167198447986,13b085d7666e6328115a155c993075f09f0caed1429677b7fb37e36f18093899,cd9df2ade1ca21431041edcb14d5f17dd4911475861cec41755502771901127f,0eb4df990f6753bfc9e9029bf76f169c28456414
Climate_h4,0,1074,N+Q,2026,3,52.06495216930898,13b085d7666e6328115a155c993075f09f0caed1429677b7fb37e36f18093899,cd9df2ade1ca21431041edcb14d5f17dd4911475861cec41755502771901127f,0eb4df990f6753bfc9e9029bf76f169c28456414
Climate_h4,0,1074,N+Q,2026,4,51.963478860571236,13b085d7666e6328115a155c993075f09f0caed1429677b7fb37e36f18093899,cd9df2ade1ca21431041edcb14d5f17dd4911475861cec41755502771901127f,0eb4df990f6753bfc9e9029bf76f169c28456414
Climate_h4,0,1075,N+Q,2026,1,53.48061758010888,13b085d7666e6328115a155c993075f09f0caed1429677b7fb37e36f18093899,cd9df2ade1ca21431041edcb14d5f17dd4911475861cec41755502771901127f,0eb4df990f6753bfc9e9029bf76f169c28456414
Climate_h4,0,1075,N+Q,2026,2,53.43892250724579,13b085d7666e6328115a155c993075f09f0caed1429677b7fb37e36f18093899,cd9df2ade1ca21431041edcb14d5f17dd4911475861cec41755502771901127f,0eb4df990f6753bfc9e9029bf76f169c28456414
Climate_h4,0,1075,N+Q,2026,3,53.36293706932017,13b085d7666e6328115a155c993075f09f0caed1429677b7fb37e36f18093899,cd9df2ade1ca21431041edcb14d5f17dd4911475861cec41755502771901127f,0eb4df990f6753bfc9e9029bf76f169c28456414
Climate_h4,0,1075,N+Q,2026,4,53.262339943652606,13b085d7666e6328115a155c993075f09f0caed1429677b7fb37e36f18093899,cd9df2ade1ca21431041edcb14d5f17dd4911475861cec41755502771901127f,0eb4df990f6753bfc9e9029bf76f169c28456414
Climate_h4,0,1076,N+Q,2026,1,54.44136720480698,13b085d7666e6328115a155c993075f09f0caed1429677b7fb37e36f18093899,cd9df2ade1ca21431041edcb14d5f17dd4911475861cec41755502771901127f,0eb4df990f6753bfc9e9029bf76f169c28456414
Climate_h4,0,1076,N+Q,2026,2,54.39197297223913,13b085d7666e6328115a155c993075f09f0caed1429677b7fb37e36f18093899,cd9df2ade1ca21431041edcb14d5f17dd4911475861cec41755502771901127f,0eb4df990f6753bfc9e9029bf76f169c28456414
Climate_h4,0,1076,N+Q,2026,3,54.294892559112746,13b085d7666e6328115a155c993075f09f0caed1429677b7fb37e36f18093899,cd9df2ade1ca21431041edcb14d5f17dd4911475861cec41755502771901127f,0eb4df990f6753bfc9e9029bf76f169c28456414
Climate_h4,0,1076,N+Q,2026,4,54.150145894749116,13b085d7666e6328115a155c993075f09f0caed1429677b7fb37e36f18093899,cd9df2ade1ca21431041edcb14d5f17dd4911475861cec41755502771901127f,0eb4df990f6753bfc9e9029bf76f169c28456414
Climate_h4,0,1077,N+Q,2026,1,53.44132563101534,13b085d7666e6328115a155c993075f09f0caed1429677b7fb37e36f18093899,cd9df2ade1ca21431041edcb14d5f17dd4911475861cec41755502771901127f,0eb4df990f6753bfc9e9029bf76f169c28456414
Climate_h4,0,1077,N+Q,2026,2,53.35593032339132,13b085d7666e6328115a155c993075f09f0caed1429677b7fb37e36f18093899,cd9df2ade1ca21431041edcb14d5f17dd4911475861cec41755502771901127f,0eb4df990f6753bfc9e9029bf76f169c28456414
Climate_h4,0,1077,N+Q,2026,3,53.260687274228964,13b085d7666e6328115a155c993075f09f0caed1429677b7fb37e36f18093899,cd9df2ade1ca21431041edcb14d5f17dd4911475861cec41755502771901127f,0eb4df990f6753bfc9e9029bf76f169c28456414
Climate_h4,0,1077,N+Q,2026,4,53.152198845546856,13b085d7666e6328115a155c993075f09f0caed1429677b7fb37e36f18093899,cd9df2ade1ca21431041edcb14d5f17dd4911475861cec41755502771901127f,0eb4df990f6753bfc9e9029bf76f169c28456414
Climate_h4,0,1078,N+Q,2026,1,49.919227112928965,13b085d7666e6328115a155c993075f09f0caed1429677b7fb37e36f18093899,cd9df2ade1ca21431041edcb14d5f17dd4911475861cec41755502771901127f,0eb4df990f6753bfc9e9029bf76f169c28456414
Climate_h4,0,1078,N+Q,2026,2,49.83288340840031,13b085d7666e6328115a155c993075f09f0caed1429677b7fb37e36f18093899,cd9df2ade1ca21431041edcb14d5f17dd4911475861cec41755502771901127f,0eb4df990f6753bfc9e9029bf76f169c28456414
Climate_h4,0,1078,N+Q,2026,3,49.74628831880521,13b085d7666e6328115a155c993075f09f0caed1429677b7fb37e36f18093899,cd9df2ade1ca21431041edcb14d5f17dd4911475861cec41755502771901127f,0eb4df990f6753bfc9e9029bf76f169c28456414
Climate_h4,0,1078,N+Q,2026,4,49.63182839227065,13b085d7666e6328115a155c993075f09f0caed1429677b7fb37e36f18093899,cd9df2ade1ca21431041edcb14d5f17dd4911475861cec41755502771901127f,0eb4df990f6753bfc9e9029bf76f169c28456414
Climate_h4,0,1079,N+Q,2026,1,46.20156988841541,13b085d7666e6328115a155c993075f09f0caed1429677b7fb37e36f18093899,cd9df2ade1ca21431041edcb14d5f17dd4911475861cec41755502771901127f,0eb4df990f6753bfc9e9029bf76f169c28456414
Climate_h4,0,1079,N+Q,2026,2,46.149170496254314,13b085d7666e6328115a155c993075f09f0caed1429677b7fb37e36f18093899,cd9df2ade1ca21431041edcb14d5f17dd4911475861cec41755502771901127f,0eb4df990f6753bfc9e9029bf76f169c28456414
Climate_h4,0,1079,N+Q,2026,3,46.076101457248726,13b085d7666e6328115a155c993075f09f0caed1429677b7fb37e36f18093899,cd9df2ade1ca21431041edcb14d5f17dd4911475861cec41755502771901127f,0eb4df990f6753bfc9e9029bf76f169c28456414
Climate_h4,0,1079,N+Q,2026,4,45.94772771222751,13b085d7666e6328115a155c993075f09f0caed1429677b7fb37e36f18093899,cd9df2ade1ca21431041edcb14d5f17dd4911475861cec41755502771901127f,0eb4df990f6753bfc9e9029bf76f169c28456414
Climate_h4,0,1080,N+Q,2026,1,47.01978751219135,13b085d7666e6328115a155c993075f09f0caed1429677b7fb37e36f18093899,cd9df2ade1ca21431041edcb14d5f17dd4911475861cec41755502771901127f,0eb4df990f6753bfc9e9029bf76f169c28456414
Climate_h4,0,1080,N+Q,2026,2,46.969778801519524,13b085d7666e6328115a155c993075f09f0caed1429677b7fb37e36f18093899,cd9df2ade1ca21431041edcb14d5f17dd4911475861cec41755502771901127f,0eb4df990f6753bfc9e9029bf76f169c28456414
Climate_h4,0,1080,N+Q,2026,3,46.876332670435055,13b085d7666e6328115a155c993075f09f0caed1429677b7fb37e36f18093899,cd9df2ade1ca21431041edcb14d5f17dd4911475861cec41755502771901127f,0eb4df990f6753bfc9e9029bf76f169c28456414
Climate_h4,0,1080,N+Q,2026,4,46.71568510755496,13b085d7666e6328115a155c993075f09f0caed1429677b7fb37e36f18093899,cd9df2ade1ca21431041edcb14d5f17dd4911475861cec41755502771901127f,0eb4df990f6753bfc9e9029bf76f169c28456414
Climate_h4,0,1081,N+Q,2026,1,46.96233880298014,13b085d7666e6328115a155c993075f09f0caed1429677b7fb37e36f18093899,cd9df2ade1ca21431041edcb14d5f17dd4911475861cec41755502771901127f,0eb4df990f6753bfc9e9029bf76f169c28456414
Climate_h4,0,1081,N+Q,2026,2,46.88924098512241,13b085d7666e6328115a155c993075f09f0caed1429677b7fb37e36f18093899,cd9df2ade1ca21431041edcb14d5f17dd4911475861cec41755502771901127f,0eb4df990f6753bfc9e9029bf76f169c28456414
Climate_h4,0,1081,N+Q,2026,3,46.759888578099435,13b085d7666e6328115a155c993075f09f0caed1429677b7fb37e36f18093899,cd9df2ade1ca21431041edcb14d5f17dd4911475861cec41755502771901127f,0eb4df990f6753bfc9e9029bf76f169c28456414
Climate_h4,0,1081,N+Q,2026,4,46.57641874968435,13b085d7666e6328115a155c993075f09f0caed1429677b7fb37e36f18093899,cd9df2ade1ca21431041edcb14d5f17dd4911475861cec41755502771901127f,0eb4df990f6753bfc9e9029bf76f169c28456414
Climate_h4,0,1082,N+Q,2026,1,46.06161624270311,13b085d7666e6328115a155c993075f09f0caed1429677b7fb37e36f18093899,cd9df2ade1ca21431041edcb14d5f17dd4911475861cec41755502771901127f,0eb4df990f6753bfc9e9029bf76f169c28456414
Climate_h4,0,1082,N+Q,2026,2,45.9468408680895,13b085d7666e6328115a155c993075f09f0caed1429677b7fb37e36f18093899,cd9df2ade1ca21431041edcb14d5f17dd4911475861cec41755502771901127f,0eb4df990f6753bfc9e9029bf76f169c28456414
Climate_h4,0,1082,N+Q,2026,3,45.78918417283331,13b085d7666e6328115a155c993075f09f0caed1429677b7fb37e36f18093899,cd9df2ade1ca21431041edcb14d5f17dd4911475861cec41755502771901127f,0eb4df990f6753bfc9e9029bf76f169c28456414
Climate_h4,0,1082,N+Q,2026,4,45.598315202399654,13b085d7666e6328115a155c993075f09f0caed1429677b7fb37e36f18093899,cd9df2ade1ca21431041edcb14d5f17dd4911475861cec41755502771901127f,0eb4df990f6753bfc9e9029bf76f169c28456414
Climate_h4,0,1083,N+Q,2026,1,44.43130388015295,13b085d7666e6328115a155c993075f09f0caed1429677b7fb37e36f18093899,cd9df2ade1ca21431041edcb14d5f17dd4911475861cec41755502771901127f,0eb4df990f6753bfc9e9029bf76f169c28456414
Climate_h4,0,1083,N+Q,2026,2,44.31574133407692,13b085d7666e6328115a155c993075f09f0caed1429677b7fb37e36f18093899,cd9df2ade1ca21431041edcb14d5f17dd4911475861cec41755502771901127f,0eb4df990f6753bfc9e9029bf76f169c28456414
Climate_h4,0,1083,N+Q,2026,3,44.17055119606695,13b085d7666e6328115a155c993075f09f0caed1429677b7fb37e36f18093899,cd9df2ade1ca21431041edcb14d5f17dd4911475861cec41755502771901127f,0eb4df990f6753bfc9e9029bf76f169c28456414
Climate_h4,0,1083,N+Q,2026,4,43.97955666862484,13b085d7666e6328115a155c993075f09f0caed1429677b7fb37e36f18093899,cd9df2ade1ca21431041edcb14d5f17dd4911475861cec41755502771901127f,0eb4df990f6753bfc9e9029bf76f169c28456414
Climate_h4,0,1084,N+Q,2026,1,44.84217655988469,13b085d7666e6328115a155c993075f09f0caed1429677b7fb37e36f18093899,cd9df2ade1ca21431041edcb14d5f17dd4911475861cec41755502771901127f,0eb4df990f6753bfc9e9029bf76f169c28456414
Climate_h4,0,1084,N+Q,2026,2,44.714361418541,13b085d7666e6328115a155c993075f09f0caed1429677b7fb37e36f18093899,cd9df2ade1ca21431041edcb14d5f17dd4911475861cec41755502771901127f,0eb4df990f6753bfc9e9029bf76f169c28456414
Climate_h4,0,1084,N+Q,2026,3,44.5711964638762,13b085d7666e6328115a155c993075f09f0caed1429677b7fb37e36f18093899,cd9df2ade1ca21431041edcb14d5f17dd4911475861cec41755502771901127f,0eb4df990f6753bfc9e9029bf76f169c28456414
Climate_h4,0,1084,N+Q,2026,4,44.40135821583284,13b085d7666e6328115a155c993075f09f0caed1429677b7fb37e36f18093899,cd9df2ade1ca21431041edcb14d5f17dd4911475861cec41755502771901127f,0eb4df990f6753bfc9e9029bf76f169c28456414
Climate_h4,0,1085,N+Q,2026,1,43.228654478210814,13b085d7666e6328115a155c993075f09f0caed1429677b7fb37e36f18093899,cd9df2ade1ca21431041edcb14d5f17dd4911475861cec41755502771901127f,0eb4df990f6753bfc9e9029bf76f169c28456414
Climate_h4,0,1085,N+Q,2026,2,43.10971513960941,13b085d7666e6328115a155c993075f09f0caed1429677b7fb37e36f18093899,cd9df2ade1ca21431041edcb14d5f17dd4911475861cec41755502771901127f,0eb4df990f6753bfc9e9029bf76f169c28456414
Climate_h4,0,1085,N+Q,2026,3,42.973171414676784,13b085d7666e6328115a155c993075f09f0caed1429677b7fb37e36f18093899,cd9df2ade1ca21431041edcb14d5f17dd4911475861cec41755502771901127f,0eb4df990f6753bfc9e9029bf76f169c28456414
Climate_h4,0,1085,N+Q,2026,4,42.809057017436785,13b085d7666e6328115a155c993075f09f0caed1429677b7fb37e36f18093899,cd9df2ade1ca21431041edcb14d5f17dd4911475861cec41755502771901127f,0eb4df990f6753bfc9e9029bf76f169c28456414
Climate_h4,0,1086,N+Q,2026,1,42.289391538664056,13b085d7666e6328115a155c993075f09f0caed1429677b7fb37e36f18093899,cd9df2ade1ca21431041edcb14d5f17dd4911475861cec41755502771901127f,0eb4df990f6753bfc9e9029bf76f169c28456414
Climate_h4,0,1086,N+Q,2026,2,42.17488631472035,13b085d7666e6328115a155c993075f09f0caed1429677b7fb37e36f18093899,cd9df2ade1ca21431041edcb14d5f17dd4911475861cec41755502771901127f,0eb4df990f6753bfc9e9029bf76f169c28456414
Climate_h4,0,1086,N+Q,2026,3,42.04433102208057,13b085d7666e6328115a155c993075f09f0caed1429677b7fb37e36f18093899,cd9df2ade1ca21431041edcb14d5f17dd4911475861cec41755502771901127f,0eb4df990f6753bfc9e9029bf76f169c28456414
Climate_h4,0,1086,N+Q,2026,4,41.90275841893675,13b085d7666e6328115a155c993075f09f0caed1429677b7fb37e36f18093899,cd9df2ade1ca21431041edcb14d5f17dd4911475861cec41755502771901127f,0eb4df990f6753bfc9e9029bf76f169c28456414
Climate_h4,0,1087,N+Q,2026,1,43.94042036435044,13b085d7666e6328115a155c993075f09f0caed1429677b7fb37e36f18093899,cd9df2ade1ca21431041edcb14d5f17dd4911475861cec41755502771901127f,0eb4df990f6753bfc9e9029bf76f169c28456414
Climate_h4,0,1087,N+Q,2026,2,43.80880942675848,13b085d7666e6328115a155c993075f09f0caed1429677b7fb37e36f18093899,cd9df2ade1ca21431041edcb14d5f17dd4911475861cec41755502771901127f,0eb4df990f6753bfc9e9029bf76f169c28456414
Climate_h4,0,1087,N+Q,2026,3,43.68406878587781,13b085d7666e6328115a155c993075f09f0caed1429677b7fb37e36f18093899,cd9df2ade1ca21431041edcb14d5f17dd4911475861cec41755502771901127f,0eb4df990f6753bfc9e9029bf76f169c28456414
Climate_h4,0,1087,N+Q,2026,4,43.5546718607563,13b085d7666e6328115a155c993075f09f0caed1429677b7fb37e36f18093899,cd9df2ade1ca21431041edcb14d5f17dd4911475861cec41755502771901127f,0eb4df990f6753bfc9e9029bf76f169c28456414
Climate_h4,0,1088,N+Q,2026,1,45.81548094204902,13b085d7666e6328115a155c993075f09f0caed1429677b7fb37e36f18093899,cd9df2ade1ca21431041edcb14d5f17dd4911475861cec41755502771901127f,0eb4df990f6753bfc9e9029bf76f169c28456414
Climate_h4,0,1088,N+Q,2026,2,45.67185113102331,13b085d7666e6328115a155c993075f09f0caed1429677b7fb37e36f18093899,cd9df2ade1ca21431041edcb14d5f17dd4911475861cec41755502771901127f,0eb4df990f6753bfc9e9029bf76f169c28456414
Climate_h4,0,1088,N+Q,2026,3,45.54512606894137,13b085d7666e6328115a155c993075f09f0caed1429677b7fb37e36f18093899,cd9df2ade1ca21431041edcb14d5f17dd4911475861cec41755502771901127f,0eb4df990f6753bfc9e9029bf76f169c28456414
Climate_h4,0,1088,N+Q,2026,4,45.409282411277744,13b085d7666e6328115a155c993075f09f0caed1429677b7fb37e36f18093899,cd9df2ade1ca21431041edcb14d5f17dd4911475861cec41755502771901127f,0eb4df990f6753bfc9e9029bf76f169c28456414
Climate_h4,0,1089,N+Q,2026,1,44.07596099083293,13b085d7666e6328115a155c993075f09f0caed1429677b7fb37e36f18093899,cd9df2ade1ca21431041edcb14d5f17dd4911475861cec41755502771901127f,0eb4df990f6753bfc9e9029bf76f169c28456414
Climate_h4,0,1089,N+Q,2026,2,43.94213135722464,13b085d7666e6328115a155c993075f09f0caed1429677b7fb37e36f18093899,cd9df2ade1ca21431041edcb14d5f17dd4911475861cec41755502771901127f,0eb4df990f6753bfc9e9029bf76f169c28456414
Climate_h4,0,1089,N+Q,2026,3,43.81808728521564,13b085d7666e6328115a155c993075f09f0caed1429677b7fb37e36f18093899,cd9df2ade1ca21431041edcb14d5f17dd4911475861cec41755502771901127f,0eb4df990f6753bfc9e9029bf76f169c28456414
Climate_h4,0,1089,N+Q,2026,4,43.67614248939701,13b085d7666e6328115a155c993075f09f0caed1429677b7fb37e36f18093899,cd9df2ade1ca21431041edcb14d5f17dd4911475861cec41755502771901127f,0eb4df990f6753bfc9e9029bf76f169c28456414
Climate_h4,0,1090,N+Q,2026,1,43.93647879826641,13b085d7666e6328115a155c993075f09f0caed1429677b7fb37e36f18093899,cd9df2ade1ca21431041edcb14d5f17dd4911475861cec41755502771901127f,0eb4df990f6753bfc9e9029bf76f169c28456414
Climate_h4,0,1090,N+Q,2026,2,43.80418244757892,13b085d7666e6328115a155c993075f09f0caed1429677b7fb37e36f18093899,cd9df2ade1ca21431041edcb14d5f17dd4911475861cec41755502771901127f,0eb4df990f6753bfc9e9029bf76f169c28456414
Climate_h4,0,1090,N+Q,2026,3,43.67147513046217,13b085d7666e6328115a155c993075f09f0caed1429677b7fb37e36f18093899,cd9df2ade1ca21431041edcb14d5f17dd4911475861cec41755502771901127f,0eb4df990f6753bfc9e9029bf76f169c28456414
Climate_h4,0,1090,N+Q,2026,4,43.53146723251832,13b085d7666e6328115a155c993075f09f0caed1429677b7fb37e36f18093899,cd9df2ade1ca21431041edcb14d5f17dd4911475861cec41755502771901127f,0eb4df990f6753bfc9e9029bf76f169c28456414
Climate_h4,0,1091,N+Q,2026,1,41.62454659126999,13b085d7666e6328115a155c993075f09f0caed1429677b7fb37e36f18093899,cd9df2ade1ca21431041edcb14d5f17dd4911475861cec41755502771901127f,0eb4df990f6753bfc9e9029bf76f169c28456414
Climate_h4,0,1091,N+Q,2026,2,41.48602508936616,13b085d7666e6328115a155c993075f09f0caed1429677b7fb37e36f18093899,cd9df2ade1ca21431041edcb14d5f17dd4911475861cec41755502771901127f,0eb4df990f6753bfc9e9029bf76f169c28456414
Climate_h4,0,1091,N+Q,2026,3,41.36113714300271,13b085d7666e6328115a155c993075f09f0caed1429677b7fb37e36f18093899,cd9df2ade1ca21431041edcb14d5f17dd4911475861cec41755502771901127f,0eb4df990f6753bfc9e9029bf76f169c28456414
Climate_h4,0,1091,N+Q,2026,4,41.23783162620777,13b085d7666e6328115a155c993075f09f0caed1429677b7fb37e36f18093899,cd9df2ade1ca21431041edcb14d5f17dd4911475861cec41755502771901127f,0eb4df990f6753bfc9e9029bf76f169c28456414
Climate_h4,0,1092,N+Q,2026,1,42.16924465591653,13b085d7666e6328115a155c993075f09f0caed1429677b7fb37e36f18093899,cd9df2ade1ca21431041edcb14d5f17dd4911475861cec41755502771901127f,0eb4df990f6753bfc9e9029bf76f169c28456414
Climate_h4,0,1092,N+Q,2026,2,42.04161897944357,13b085d7666e6328115a155c993075f09f0caed1429677b7fb37e36f18093899,cd9df2ade1ca21431041edcb14d5f17dd4911475861cec41755502771901127f,0eb4df990f6753bfc9e9029bf76f169c28456414
Climate_h4,0,1092,N+Q,2026,3,41.92994868301461,13b085d7666e6328115a155c993075f09f0caed1429677b7fb37e36f18093899,cd9df2ade1ca21431041edcb14d5f17dd4911475861cec41755502771901127f,0eb4df990f6753bfc9e9029bf76f169c28456414
Climate_h4,0,1092,N+Q,2026,4,41.8193350998681,13b085d7666e6328115a155c993075f09f0caed1429677b7fb37e36f18093899,cd9df2ade1ca21431041edcb14d5f17dd4911475861cec41755502771901127f,0eb4df990f6753bfc9e9029bf76f169c28456414
Climate_h4,0,1093,N+Q,2026,1,41.693005932992776,13b085d7666e6328115a155c993075f09f0caed1429677b7fb37e36f18093899,cd9df2ade1ca21431041edcb14d5f17dd4911475861cec41755502771901127f,0eb4df990f6753bfc9e9029bf76f169c28456414
Climate_h4,0,1093,N+Q,2026,2,41.57160203817025,13b085d7666e6328115a155c993075f09f0caed1429677b7fb37e36f18093899,cd9df2ade1ca21431041edcb14d5f17dd4911475861cec41755502771901127f,0eb4df990f6753bfc9e9029bf76f169c28456414
Climate_h4,0,1093,N+Q,2026,3,41.4751150530946,13b085d7666e6328115a155c993075f09f0caed1429677b7fb37e36f18093899,cd9df2ade1ca21431041edcb14d5f17dd4911475861cec41755502771901127f,0eb4df990f6753bfc9e9029bf76f169c28456414
Climate_h4,0,1093,N+Q,2026,4,41.39996145501221,13b085d7666e6328115a155c993075f09f0caed1429677b7fb37e36f18093899,cd9df2ade1ca21431041edcb14d5f17dd4911475861cec41755502771901127f,0eb4df990f6753bfc9e9029bf76f169c28456414
Climate_h4,0,1094,N+Q,2026,1,42.07090347614809,13b085d7666e6328115a155c993075f09f0caed1429677b7fb37e36f18093899,cd9df2ade1ca21431041edcb14d5f17dd4911475861cec41755502771901127f,0eb4df990f6753bfc9e9029bf76f169c28456414
Climate_h4,0,1094,N+Q,2026,2,41.96017882061597,13b085d7666e6328115a155c993075f09f0caed1429677b7fb37e36f18093899,cd9df2ade1ca21431041edcb14d5f17dd4911475861cec41755502771901127f,0eb4df990f6753bfc9e9029bf76f169c28456414
Climate_h4,0,1094,N+Q,2026,3,41.895816221463654,13b085d7666e6328115a155c993075f09f0caed1429677b7fb37e36f18093899,cd9df2ade1ca21431041edcb14d5f17dd4911475861cec41755502771901127f,0eb4df990f6753bfc9e9029bf76f169c28456414
Climate_h4,0,1094,N+Q,2026,4,41.85483242804722,13b085d7666e6328115a155c993075f09f0caed1429677b7fb37e36f18093899,cd9df2ade1ca21431041edcb14d5f17dd4911475861cec41755502771901127f,0eb4df990f6753bfc9e9029bf76f169c28456414
Climate_h4,0,1095,N+Q,2026,1,42.44178562167855,13b085d7666e6328115a155c993075f09f0caed1429677b7fb37e36f18093899,cd9df2ade1ca21431041edcb14d5f17dd4911475861cec41755502771901127f,0eb4df990f6753bfc9e9029bf76f169c28456414
Climate_h4,0,1095,N+Q,2026,2,42.35807474465676,13b085d7666e6328115a155c993075f09f0caed1429677b7fb37e36f18093899,cd9df2ade1ca21431041edcb14d5f17dd4911475861cec41755502771901127f,0eb4df990f6753bfc9e9029bf76f169c28456414
Climate_h4,0,1095,N+Q,2026,3,42.323970963912515,13b085d7666e6328115a155c993075f09f0caed1429677b7fb37e36f18093899,cd9df2ade1ca21431041edcb14d5f17dd4911475861cec41755502771901127f,0eb4df990f6753bfc9e9029bf76f169c28456414
Climate_h4,0,1095,N+Q,2026,4,42.32336467448912,13b085d7666e6328115a155c993075f09f0caed1429677b7fb37e36f18093899,cd9df2ade1ca21431041edcb14d5f17dd4911475861cec41755502771901127f,0eb4df990f6753bfc9e9029bf76f169c28456414
Climate_h4,0,1096,N+Q,2026,1,43.00769789225603,13b085d7666e6328115a155c993075f09f0caed1429677b7fb37e36f18093899,cd9df2ade1ca21431041edcb14d5f17dd4911475861cec41755502771901127f,0eb4df990f6753bfc9e9029bf76f169c28456414
Climate_h4,0,1096,N+Q,2026,2,42.95382586005183,13b085d7666e6328115a155c993075f09f0caed1429677b7fb37e36f18093899,cd9df2ade1ca21431041edcb14d5f17dd4911475861cec41755502771901127f,0eb4df990f6753bfc9e9029bf76f169c28456414
Climate_h4,0,1096,N+Q,2026,3,42.94793693009208,13b085d7666e6328115a155c993075f09f0caed1429677b7fb37e36f18093899,cd9df2ade1ca21431041edcb14d5f17dd4911475861cec41755502771901127f,0eb4df990f6753bfc9e9029bf76f169c28456414
Climate_h4,0,1096,N+Q,2026,4,42.97082330111995,13b085d7666e6328115a155c993075f09f0caed1429677b7fb37e36f18093899,cd9df2ade1ca21431041edcb14d5f17dd4911475861cec41755502771901127f,0eb4df990f6753bfc9e9029bf76f169c28456414
Climate_h4,0,1097,N+Q,2026,1,47.02335994887526,13b085d7666e6328115a155c993075f09f0caed1429677b7fb37e36f18093899,cd9df2ade1ca21431041edcb14d5f17dd4911475861cec41755502771901127f,0eb4df990f6753bfc9e9029bf76f169c28456414
Climate_h4,0,1097,N+Q,2026,2,46.97570690883077,13b085d7666e6328115a155c993075f09f0caed1429677b7fb37e36f18093899,cd9df2ade1ca21431041edcb14d5f17dd4911475861cec41755502771901127f,0eb4df990f6753bfc9e9029bf76f169c28456414
Climate_h4,0,1097,N+Q,2026,3,46.99660644679995,13b085d7666e6328115a155c993075f09f0caed1429677b7fb37e36f18093899,cd9df2ade1ca21431041edcb14d5f17dd4911475861cec41755502771901127f,0eb4df990f6753bfc9e9029bf76f169c28456414
Climate_h4,0,1097,N+Q,2026,4,47.058233869307124,13b085d7666e6328115a155c993075f09f0caed1429677b7fb37e36f18093899,cd9df2ade1ca21431041edcb14d5f17dd4911475861cec41755502771901127f,0eb4df990f6753bfc9e9029bf76f169c28456414
Climate_h4,0,1098,N+Q,2026,1,45.695568772942536,13b085d7666e6328115a155c993075f09f0caed1429677b7fb37e36f18093899,cd9df2ade1ca21431041edcb14d5f17dd4911475861cec41755502771901127f,0eb4df990f6753bfc9e9029bf76f169c28456414
Climate_h4,0,1098,N+Q,2026,2,45.67897799721611,13b085d7666e6328115a155c993075f09f0caed1429677b7fb37e36f18093899,cd9df2ade1ca21431041edcb14d5f17dd4911475861cec41755502771901127f,0eb4df990f6753bfc9e9029bf76f169c28456414
Climate_h4,0,1098,N+Q,2026,3,45.72946301681942,13b085d7666e6328115a155c993075f09f0caed1429677b7fb37e36f18093899,cd9df2ade1ca21431041edcb14d5f17dd4911475861cec41755502771901127f,0eb4df990f6753bfc9e9029bf76f169c28456414
Climate_h4,0,1098,N+Q,2026,4,45.8295185638794,13b085d7666e6328115a155c993075f09f0caed1429677b7fb37e36f18093899,cd9df2ade1ca21431041edcb14d5f17dd4911475861cec41755502771901127f,0eb4df990f6753bfc9e9029bf76f169c28456414
Climate_h4,0,1099,N+Q,2026,1,44.3041453312796,13b085d7666e6328115a155c993075f09f0caed1429677b7fb37e36f18093899,cd9df2ade1ca21431041edcb14d5f17dd4911475861cec41755502771901127f,0eb4df990f6753bfc9e9029bf76f169c28456414
Climate_h4,0,1099,N+Q,2026,2,44.32749871021437,13b085d7666e6328115a155c993075f09f0caed1429677b7fb37e36f18093899,cd9df2ade1ca21431041edcb14d5f17dd4911475861cec41755502771901127f,0eb4df990f6753bfc9e9029bf76f169c28456414
Climate_h4,0,1099,N+Q,2026,3,44.423716207953184,13b085d7666e6328115a155c993075f09f0caed1429677b7fb37e36f18093899,cd9df2ade1ca21431041edcb14d5f17dd4911475861cec41755502771901127f,0eb4df990f6753bfc9e9029bf76f169c28456414
Climate_h4,0,1099,N+Q,2026,4,44.57158481033021,13b085d7666e6328115a155c993075f09f0caed1429677b7fb37e36f18093899,cd9df2ade1ca21431041edcb14d5f17dd4911475861cec41755502771901127f,0eb4df990f6753bfc9e9029bf76f169c28456414
Climate_h4,0,1100,N+Q,2026,1,45.29070085363353,13b085d7666e6328115a155c993075f09f0caed1429677b7fb37e36f18093899,cd9df2ade1ca21431041edcb14d5f17dd4911475861cec41755502771901127f,0eb4df990f6753bfc9e9029bf76f169c28456414
Climate_h4,0,1100,N+Q,2026,2,45.35322330472079,13b085d7666e6328115a155c993075f09f0caed1429677b7fb37e36f18093899,cd9df2ade1ca21431041edcb14d5f17dd4911475861cec41755502771901127f,0eb4df990f6753bfc9e9029bf76f169c28456414
Climate_h4,0,1100,N+Q,2026,3,45.48730255128018,13b085d7666e6328115a155c993075f09f0caed1429677b7fb37e36f18093899,cd9df2ade1ca21431041edcb14d5f17dd4911475861cec41755502771901127f,0eb4df990f6753bfc9e9029bf76f169c28456414
Climate_h4,0,1100,N+Q,2026,4,45.66148499845448,13b085d7666e6328115a155c993075f09f0caed1429677b7fb37e36f18093899,cd9df2ade1ca21431041edcb14d5f17dd4911475861cec41755502771901127f,0eb4df990f6753bfc9e9029bf76f169c28456414
Climate_h4,0,1101,N+Q,2026,1,43.10642221932376,13b085d7666e6328115a155c993075f09f0caed1429677b7fb37e36f18093899,cd9df2ade1ca21431041edcb14d5f17dd4911475861cec41755502771901127f,0eb4df990f6753bfc9e9029bf76f169c28456414
Climate_h4,0,1101,N+Q,2026,2,43.22482042481065,13b085d7666e6328115a155c993075f09f0caed1429677b7fb37e36f18093899,cd9df2ade1ca21431041edcb14d5f17dd4911475861cec41755502771901127f,0eb4df990f6753bfc9e9029bf76f169c28456414
Climate_h4,0,1101,N+Q,2026,3,43.405701558069815,13b085d7666e6328115a155c993075f09f0caed1429677b7fb37e36f18093899,cd9df2ade1ca21431041edcb14d5f17dd4911475861cec41755502771901127f,0eb4df990f6753bfc9e9029bf76f169c28456414
Climate_h4,0,1101,N+Q,2026,4,43.60327374485923,13b085d7666e6328115a155c993075f09f0caed1429677b7fb37e36f18093899,cd9df2ade1ca21431041edcb14d5f17dd4911475861cec41755502771901127f,0eb4df990f6753bfc9e9029bf76f169c28456414
Climate_h4,0,1102,N+Q,2026,1,43.04332213174811,13b085d7666e6328115a155c993075f09f0caed1429677b7fb37e36f18093899,cd9df2ade1ca21431041edcb14d5f17dd4911475861cec41755502771901127f,0eb4df990f6753bfc9e9029bf76f169c28456414
Climate_h4,0,1102,N+Q,2026,2,43.20876305813484,13b085d7666e6328115a155c993075f09f0caed1429677b7fb37e36f18093899,cd9df2ade1ca21431041edcb14d5f17dd4911475861cec41755502771901127f,0eb4df990f6753bfc9e9029bf76f169c28456414
Climate_h4,0,1102,N+Q,2026,3,43.41151425594127,13b085d7666e6328115a155c993075f09f0caed1429677b7fb37e36f18093899,cd9df2ade1ca21431041edcb14d5f17dd4911475861cec41755502771901127f,0eb4df990f6753bfc9e9029bf76f169c28456414
Climate_h4,0,1102,N+Q,2026,4,43.63287946911217,13b085d7666e6328115a155c993075f09f0caed1429677b7fb37e36f18093899,cd9df2ade1ca21431041edcb14d5f17dd4911475861cec41755502771901127f,0eb4df990f6753bfc9e9029bf76f169c28456414
Climate_h4,0,1103,N+Q,2026,1,43.277735296283836,13b085d7666e6328115a155c993075f09f0caed1429677b7fb37e36f18093899,cd9df2ade1ca21431041edcb14d5f17dd4911475861cec41755502771901127f,0eb4df990f6753bfc9e9029bf76f169c28456414
Climate_h4,0,1103,N+Q,2026,2,43.46250496763959,13b085d7666e6328115a155c993075f09f0caed1429677b7fb37e36f18093899,cd9df2ade1ca21431041edcb14d5f17dd4911475861cec41755502771901127f,0eb4df990f6753bfc9e9029bf76f169c28456414
Climate_h4,0,1103,N+Q,2026,3,43.685429505820956,13b085d7666e6328115a155c993075f09f0caed1429677b7fb37e36f18093899,cd9df2ade1ca21431041edcb14d5f17dd4911475861cec41755502771901127f,0eb4df990f6753bfc9e9029bf76f169c28456414
Climate_h4,0,1103,N+Q,2026,4,43.94944563598433,13b085d7666e6328115a155c993075f09f0caed1429677b7fb37e36f18093899,cd9df2ade1ca21431041edcb14d5f17dd4911475861cec41755502771901127f,0eb4df990f6753bfc9e9029bf76f169c28456414
Climate_h4,0,1104,N+Q,2026,1,43.76188878986512,13b085d7666e6328115a155c993075f09f0caed1429677b7fb37e36f18093899,cd9df2ade1ca21431041edcb14d5f17dd4911475861cec41755502771901127f,0eb4df990f6753bfc9e9029bf76f169c28456414
Climate_h4,0,1104,N+Q,2026,2,43.95849848614725,13b085d7666e6328115a155c993075f09f0caed1429677b7fb37e36f18093899,cd9df2ade1ca21431041edcb14d5f17dd4911475861cec41755502771901127f,0eb4df990f6753bfc9e9029bf76f169c28456414
Climate_h4,0,1104,N+Q,2026,3,44.21447386341103,13b085d7666e6328115a155c993075f09f0caed1429677b7fb37e36f18093899,cd9df2ade1ca21431041edcb14d5f17dd4911475861cec41755502771901127f,0eb4df990f6753bfc9e9029bf76f169c28456414
Climate_h4,0,1104,N+Q,2026,4,44.5137379218212,13b085d7666e6328115a155c993075f09f0caed1429677b7fb37e36f18093899,cd9df2ade1ca21431041edcb14d5f17dd4911475861cec41755502771901127f,0eb4df990f6753bfc9e9029bf76f169c28456414
Climate_h4,0,1105,N+Q,2026,1,45.195120385429156,13b085d7666e6328115a155c993075f09f0caed1429677b7fb37e36f18093899,cd9df2ade1ca21431041edcb14d5f17dd4911475861cec41755502771901127f,0eb4df990f6753bfc9e9029bf76f169c28456414
Climate_h4,0,1105,N+Q,2026,2,45.42232524145318,13b085d7666e6328115a155c993075f09f0caed1429677b7fb37e36f18093899,cd9df2ade1ca21431041edcb14d5f17dd4911475861cec41755502771901127f,0eb4df990f6753bfc9e9029bf76f169c28456414
Climate_h4,0,1105,N+Q,2026,3,45.71122158304135,13b085d7666e6328115a155c993075f09f0caed1429677b7fb37e36f18093899,cd9df2ade1ca21431041edcb14d5f17dd4911475861cec41755502771901127f,0eb4df990f6753bfc9e9029bf76f169c28456414
Climate_h4,0,1105,N+Q,2026,4,46.047589818111526,13b085d7666e6328115a155c993075f09f0caed1429677b7fb37e36f18093899,cd9df2ade1ca21431041edcb14d5f17dd4911475861cec41755502771901127f,0eb4df990f6753bfc9e9029bf76f169c28456414
Climate_h4,0,1106,N+Q,2026,1,38.959214113778735,13b085d7666e6328115a155c993075f09f0caed1429677b7fb37e36f18093899,cd9df2ade1ca21431041edcb14d5f17dd4911475861cec41755502771901127f,0eb4df990f6753bfc9e9029bf76f169c28456414
Climate_h4,0,1106,N+Q,2026,2,39.2475651413483,13b085d7666e6328115a155c993075f09f0caed1429677b7fb37e36f18093899,cd9df2ade1ca21431041edcb14d5f17dd4911475861cec41755502771901127f,0eb4df990f6753bfc9e9029bf76f169c28456414
Climate_h4,0,1106,N+Q,2026,3,39.602041924284336,13b085d7666e6328115a155c993075f09f0caed1429677b7fb37e36f18093899,cd9df2ade1ca21431041edcb14d5f17dd4911475861cec41755502771901127f,0eb4df990f6753bfc9e9029bf76f169c28456414
Climate_h4,0,1106,N+Q,2026,4,40.01033070013573,13b085d7666e6328115a155c993075f09f0caed1429677b7fb37e36f18093899,cd9df2ade1ca21431041edcb14d5f17dd4911475861cec41755502771901127f,0eb4df990f6753bfc9e9029bf76f169c28456414
Climate_h4,0,1107,N+Q,2026,1,39.60727812379892,13b085d7666e6328115a155c993075f09f0caed1429677b7fb37e36f18093899,cd9df2ade1ca21431041edcb14d5f17dd4911475861cec41755502771901127f,0eb4df990f6753bfc9e9029bf76f169c28456414
Climate_h4,0,1107,N+Q,2026,2,39.95431381964051,13b085d7666e6328115a155c993075f09f0caed1429677b7fb37e36f18093899,cd9df2ade1ca21431041edcb14d5f17dd4911475861cec41755502771901127f,0eb4df990f6753bfc9e9029bf76f169c28456414
Climate_h4,0,1107,N+Q,2026,3,40.36940280595553,13b085d7666e6328115a155c993075f09f0caed1429677b7fb37e36f18093899,cd9df2ade1ca21431041edcb14d5f17dd4911475861cec41755502771901127f,0eb4df990f6753bfc9e9029bf76f169c28456414
Climate_h4,0,1107,N+Q,2026,4,40.82269706998739,13b085d7666e6328115a155c993075f09f0caed1429677b7fb37e36f18093899,cd9df2ade1ca21431041edcb14d5f17dd4911475861cec41755502771901127f,0eb4df990f6753bfc9e9029bf76f169c28456414
Climate_h4,0,1108,N+Q,2026,1,41.04759022161043,13b085d7666e6328115a155c993075f09f0caed1429677b7fb37e36f18093899,cd9df2ade1ca21431041edcb14d5f17dd4911475861cec41755502771901127f,0eb4df990f6753bfc9e9029bf76f169c28456414
Climate_h4,0,1108,N+Q,2026,2,41.44732010176956,13b085d7666e6328115a155c993075f09f0caed1429677b7fb37e36f18093899,cd9df2ade1ca21431041edcb14d5f17dd4911475861cec41755502771901127f,0eb4df990f6753bfc9e9029bf76f169c28456414
Climate_h4,0,1108,N+Q,2026,3,41.89586637625837,13b085d7666e6328115a155c993075f09f0caed1429677b7fb37e36f18093899,cd9df2ade1ca21431041edcb14d5f17dd4911475861cec41755502771901127f,0eb4df990f6753bfc9e9029bf76f169c28456414
Climate_h4,0,1108,N+Q,2026,4,42.3661173812004,13b085d7666e6328115a155c993075f09f0caed1429677b7fb37e36f18093899,cd9df2ade1ca21431041edcb14d5f17dd4911475861cec41755502771901127f,0eb4df990f6753bfc9e9029bf76f169c28456414
Climate_h4,0,1109,N+Q,2026,1,41.788467538756635,13b085d7666e6328115a155c993075f09f0caed1429677b7fb37e36f18093899,cd9df2ade1ca21431041edcb14d5f17dd4911475861cec41755502771901127f,0eb4df990f6753bfc9e9029bf76f169c28456414
Climate_h4,0,1109,N+Q,2026,2,42.210783178862634,13b085d7666e6328115a155c993075f09f0caed1429677b7fb37e36f18093899,cd9df2ade1ca21431041edcb14d5f17dd4911475861cec41755502771901127f,0eb4df990f6753bfc9e9029bf76f169c28456414
Climate_h4,0,1109,N+Q,2026,3,42.66539182087861,13b085d7666e6328115a155c993075f09f0caed1429677b7fb37e36f18093899,cd9df2ade1ca21431041edcb14d5f17dd4911475861cec41755502771901127f,0eb4df990f6753bfc9e9029bf76f169c28456414
Climate_h4,0,1109,N+Q,2026,4,43.14772519696979,13b085d7666e6328115a155c993075f09f0caed1429677b7fb37e36f18093899,cd9df2ade1ca21431041edcb14d5f17dd4911475861cec41755502771901127f,0eb4df990f6753bfc9e9029bf76f169c28456414
Climate_h4,0,1110,N+Q,2026,1,41.93901179936357,13b085d7666e6328115a155c993075f09f0caed1429677b7fb37e36f18093899,cd9df2ade1ca21431041edcb14d5f17dd4911475861cec41755502771901127f,0eb4df990f6753bfc9e9029bf76f169c28456414
Climate_h4,0,1110,N+Q,2026,2,42.37277684664799,13b085d7666e6328115a155c993075f09f0caed1429677b7fb37e36f18093899,cd9df2ade1ca21431041edcb14d5f17dd4911475861cec41755502771901127f,0eb4df990f6753bfc9e9029bf76f169c28456414
Climate_h4,0,1110,N+Q,2026,3,42.84836986523416,13b085d7666e6328115a155c993075f09f0caed1429677b7fb37e36f18093899,cd9df2ade1ca21431041edcb14d5f17dd4911475861cec41755502771901127f,0eb4df990f6753bfc9e9029bf76f169c28456414
Climate_h4,0,1110,N+Q,2026,4,43.367762150491934,13b085d7666e6328115a155c993075f09f0caed1429677b7fb37e36f18093899,cd9df2ade1ca21431041edcb14d5f17dd4911475861cec41755502771901127f,0eb4df990f6753bfc9e9029bf76f169c28456414
Climate_h4,0,1111,N+Q,2026,1,44.82092141559669,13b085d7666e6328115a155c993075f09f0caed1429677b7fb37e36f18093899,cd9df2ade1ca21431041edcb14d5f17dd4911475861cec41755502771901127f,0eb4df990f6753bfc9e9029bf76f169c28456414
Climate_h4,0,1111,N+Q,2026,2,45.26161845543916,13b085d7666e6328115a155c993075f09f0caed1429677b7fb37e36f18093899,cd9df2ade1ca21431041edcb14d5f17dd4911475861cec41755502771901127f,0eb4df990f6753bfc9e9029bf76f169c28456414
Climate_h4,0,1111,N+Q,2026,3,45.7594743511193,13b085d7666e6328115a155c993075f09f0caed1429677b7fb37e36f18093899,cd9df2ade1ca21431041edcb14d5f17dd4911475861cec41755502771901127f,0eb4df990f6753bfc9e9029bf76f169c28456414
Climate_h4,0,1111,N+Q,2026,4,46.27949789208126,13b085d7666e6328115a155c993075f09f0caed1429677b7fb37e36f18093899,cd9df2ade1ca21431041edcb14d5f17dd4911475861cec41755502771901127f,0eb4df990f6753bfc9e9029bf76f169c28456414
Climate_h4,0,1112,N+Q,2026,1,43.03736085755967,13b085d7666e6328115a155c993075f09f0caed1429677b7fb37e36f18093899,cd9df2ade1ca21431041edcb14d5f17dd4911475861cec41755502771901127f,0eb4df990f6753bfc9e9029bf76f169c28456414
Climate_h4,0,1112,N+Q,2026,2,43.5139478597767,13b085d7666e6328115a155c993075f09f0caed1429677b7fb37e36f18093899,cd9df2ade1ca21431041edcb14d5f17dd4911475861cec41755502771901127f,0eb4df990f6753bfc9e9029bf76f169c28456414
Climate_h4,0,1112,N+Q,2026,3,44.0234361767093,13b085d7666e6328115a155c993075f09f0caed1429677b7fb37e36f18093899,cd9df2ade1ca21431041edcb14d5f17dd4911475861cec41755502771901127f,0eb4df990f6753bfc9e9029bf76f169c28456414
Climate_h4,0,1112,N+Q,2026,4,44.52121522572754,13b085d7666e6328115a155c993075f09f0caed1429677b7fb37e36f18093899,cd9df2ade1ca21431041edcb14d5f17dd4911475861cec41755502771901127f,0eb4df990f6753bfc9e9029bf76f169c28456414
Climate_h4,0,1113,N+Q,2026,1,39.893544713229154,13b085d7666e6328115a155c993075f09f0caed1429677b7fb37e36f18093899,cd9df2ade1ca21431041edcb14d5f17dd4911475861cec41755502771901127f,0eb4df990f6753bfc9e9029bf76f169c28456414
Climate_h4,0,1113,N+Q,2026,2,40.40230118424623,13b085d7666e6328115a155c993075f09f0caed1429677b7fb37e36f18093899,cd9df2ade1ca21431041edcb14d5f17dd4911475861cec41755502771901127f,0eb4df990f6753bfc9e9029bf76f169c28456414
Climate_h4,0,1113,N+Q,2026,3,40.89926127818754,13b085d7666e6328115a155c993075f09f0caed1429677b7fb37e36f18093899,cd9df2ade1ca21431041edcb14d5f17dd4911475861cec41755502771901127f,0eb4df990f6753bfc9e9029bf76f169c28456414
Climate_h4,0,1113,N+Q,2026,4,41.36078246642378,13b085d7666e6328115a155c993075f09f0caed1429677b7fb37e36f18093899,cd9df2ade1ca21431041edcb14d5f17dd4911475861cec41755502771901127f,0eb4df990f6753bfc9e9029bf76f169c28456414
Climate_h4,0,1114,N+Q,2026,1,42.10544901726002,13b085d7666e6328115a155c993075f09f0caed1429677b7fb37e36f18093899,cd9df2ade1ca21431041edcb14d5f17dd4911475861cec41755502771901127f,0eb4df990f6753bfc9e9029bf76f169c28456414
Climate_h4,0,1114,N+Q,2026,2,42.58931533991483,13b085d7666e6328115a155c993075f09f0caed1429677b7fb37e36f18093899,cd9df2ade1ca21431041edcb14d5f17dd4911475861cec41755502771901127f,0eb4df990f6753bfc9e9029bf76f169c28456414
Climate_h4,0,1114,N+Q,2026,3,43.05614295057999,13b085d7666e6328115a155c993075f09f0caed1429677b7fb37e36f18093899,cd9df2ade1ca21431041edcb14d5f17dd4911475861cec41755502771901127f,0eb4df990f6753bfc9e9029bf76f169c28456414
Climate_h4,0,1114,N+Q,2026,4,43.50614275400835,13b085d7666e6328115a155c993075f09f0caed1429677b7fb37e36f18093899,cd9df2ade1ca21431041edcb14d5f17dd4911475861cec41755502771901127f,0eb4df990f6753bfc9e9029bf76f169c28456414
Climate_h4,0,1115,N+Q,2026,1,45.8772270035379,13b085d7666e6328115a155c993075f09f0caed1429677b7fb37e36f18093899,cd9df2ade1ca21431041edcb14d5f17dd4911475861cec41755502771901127f,0eb4df990f6753bfc9e9029bf76f169c28456414
Climate_h4,0,1115,N+Q,2026,2,46.315375726140545,13b085d7666e6328115a155c993075f09f0caed1429677b7fb37e36f18093899,cd9df2ade1ca21431041edcb14d5f17dd4911475861cec41755502771901127f,0eb4df990f6753bfc9e9029bf76f169c28456414
Climate_h4,0,1115,N+Q,2026,3,46.74508350757905,13b085d7666e6328115a155c993075f09f0caed1429677b7fb37e36f18093899,cd9df2ade1ca21431041edcb14d5f17dd4911475861cec41755502771901127f,0eb4df990f6753bfc9e9029bf76f169c28456414
Climate_h4,0,1115,N+Q,2026,4,47.16837807829025,13b085d7666e6328115a155c993075f09f0caed1429677b7fb37e36f18093899,cd9df2ade1ca21431041edcb14d5f17dd4911475861cec41755502771901127f,0eb4df990f6753bfc9e9029bf76f169c28456414
Climate_h4,0,1116,N+Q,2026,1,47.04248688985494,13b085d7666e6328115a155c993075f09f0caed1429677b7fb37e36f18093899,cd9df2ade1ca21431041edcb14d5f17dd4911475861cec41755502771901127f,0eb4df990f6753bfc9e9029bf76f169c28456414
Climate_h4,0,1116,N+Q,2026,2,47.4427056789509,13b085d7666e6328115a155c993075f09f0caed1429677b7fb37e36f18093899,cd9df2ade1ca21431041edcb14d5f17dd4911475861cec41755502771901127f,0eb4df990f6753bfc9e9029bf76f169c28456414
Climate_h4,0,1116,N+Q,2026,3,47.846252438814794,13b085d7666e6328115a155c993075f09f0caed1429677b7fb37e36f18093899,cd9df2ade1ca21431041edcb14d5f17dd4911475861cec41755502771901127f,0eb4df990f6753bfc9e9029bf76f169c28456414
Climate_h4,0,1116,N+Q,2026,4,48.246153184507804,13b085d7666e6328115a155c993075f09f0caed1429677b7fb37e36f18093899,cd9df2ade1ca21431041edcb14d5f17dd4911475861cec41755502771901127f,0eb4df990f6753bfc9e9029bf76f169c28456414
Climate_h4,0,1117,N+Q,2026,1,45.604631231182616,13b085d7666e6328115a155c993075f09f0caed1429677b7fb37e36f18093899,cd9df2ade1ca21431041edcb14d5f17dd4911475861cec41755502771901127f,0eb4df990f6753bfc9e9029bf76f169c28456414
Climate_h4,0,1117,N+Q,2026,2,45.9785083297442,13b085d7666e6328115a155c993075f09f0caed1429677b7fb37e36f18093899,cd9df2ade1ca21431041edcb14d5f17dd4911475861cec41755502771901127f,0eb4df990f6753bfc9e9029bf76f169c28456414
Climate_h4,0,1117,N+Q,2026,3,46.36653485983444,13b085d7666e6328115a155c993075f09f0caed1429677b7fb37e36f18093899,cd9df2ade1ca21431041edcb14d5f17dd4911475861cec41755502771901127f,0eb4df990f6753bfc9e9029bf76f169c28456414
Climate_h4,0,1117,N+Q,2026,4,46.77336036492762,13b085d7666e6328115a155c993075f09f0caed1429677b7fb37e36f18093899,cd9df2ade1ca21431041edcb14d5f17dd4911475861cec41755502771901127f,0eb4df990f6753bfc9e9029bf76f169c28456414
Climate_h4,0,1118,N+Q,2026,1,47.571885418489906,13b085d7666e6328115a155c993075f09f0caed1429677b7fb37e36f18093899,cd9df2ade1ca21431041edcb14d5f17dd4911475861cec41755502771901127f,0eb4df990f6753bfc9e9029bf76f169c28456414
Climate_h4,0,1118,N+Q,2026,2,47.930854764709984,13b085d7666e6328115a155c993075f09f0caed1429677b7fb37e36f18093899,cd9df2ade1ca21431041edcb14d5f17dd4911475861cec41755502771901127f,0eb4df990f6753bfc9e9029bf76f169c28456414
Climate_h4,0,1118,N+Q,2026,3,48.318699272637566,13b085d7666e6328115a155c993075f09f0caed1429677b7fb37e36f18093899,cd9df2ade1ca21431041edcb14d5f17dd4911475861cec41755502771901127f,0eb4df990f6753bfc9e9029bf76f169c28456414
Climate_h4,0,1118,N+Q,2026,4,48.69542384407388,13b085d7666e6328115a155c993075f09f0caed1429677b7fb37e36f18093899,cd9df2ade1ca21431041edcb14d5f17dd4911475861cec41755502771901127f,0eb4df990f6753bfc9e9029bf76f169c28456414
Climate_h4,0,1119,N+Q,2026,1,46.772122281459495,13b085d7666e6328115a155c993075f09f0caed1429677b7fb37e36f18093899,cd9df2ade1ca21431041edcb14d5f17dd4911475861cec41755502771901127f,0eb4df990f6753bfc9e9029bf76f169c28456414
Climate_h4,0,1119,N+Q,2026,2,47.143083339647426,13b085d7666e6328115a155c993075f09f0caed1429677b7fb37e36f18093899,cd9df2ade1ca21431041edcb14d5f17dd4911475861cec41755502771901127f,0eb4df990f6753bfc9e9029bf76f169c28456414
Climate_h4,0,1119,N+Q,2026,3,47.51312040890048,13b085d7666e6328115a155c993075f09f0caed1429677b7fb37e36f18093899,cd9df2ade1ca21431041edcb14d5f17dd4911475861cec41755502771901127f,0eb4df990f6753bfc9e9029bf76f169c28456414
Climate_h4,0,1119,N+Q,2026,4,47.84084546286751,13b085d7666e6328115a155c993075f09f0caed1429677b7fb37e36f18093899,cd9df2ade1ca21431041edcb14d5f17dd4911475861cec41755502771901127f,0eb4df990f6753bfc9e9029bf76f169c28456414
Climate_h4,0,1120,N+Q,2026,1,47.691280188060915,13b085d7666e6328115a155c993075f09f0caed1429677b7fb37e36f18093899,cd9df2ade1ca21431041edcb14d5f17dd4911475861cec41755502771901127f,0eb4df990f6753bfc9e9029bf76f169c28456414
Climate_h4,0,1120,N+Q,2026,2,48.04770206165749,13b085d7666e6328115a155c993075f09f0caed1429677b7fb37e36f18093899,cd9df2ade1ca21431041edcb14d5f17dd4911475861cec41755502771901127f,0eb4df990f6753bfc9e9029bf76f169c28456414
Climate_h4,0,1120,N+Q,2026,3,48.36680489320429,13b085d7666e6328115a155c993075f09f0caed1429677b7fb37e36f18093899,cd9df2ade1ca21431041edcb14d5f17dd4911475861cec41755502771901127f,0eb4df990f6753bfc9e9029bf76f169c28456414
Climate_h4,0,1120,N+Q,2026,4,48.65219545685679,13b085d7666e6328115a155c993075f09f0caed1429677b7fb37e36f18093899,cd9df2ade1ca21431041edcb14d5f17dd4911475861cec41755502771901127f,0eb4df990f6753bfc9e9029bf76f169c28456414
Climate_h4,0,1121,N+Q,2026,1,47.18301186995183,13b085d7666e6328115a155c993075f09f0caed1429677b7fb37e36f18093899,cd9df2ade1ca21431041edcb14d5f17dd4911475861cec41755502771901127f,0eb4df990f6753bfc9e9029bf76f169c28456414
Climate_h4,0,1121,N+Q,2026,2,47.492739501629494,13b085d7666e6328115a155c993075f09f0caed1429677b7fb37e36f18093899,cd9df2ade1ca21431041edcb14d5f17dd4911475861cec41755502771901127f,0eb4df990f6753bfc9e9029bf76f169c28456414
Climate_h4,0,1121,N+Q,2026,3,47.774774537541305,13b085d7666e6328115a155c993075f09f0caed1429677b7fb37e36f18093899,cd9df2ade1ca21431041edcb14d5f17dd4911475861cec41755502771901127f,0eb4df990f6753bfc9e9029bf76f169c28456414
Climate_h4,0,1121,N+Q,2026,4,48.051656936581075,13b085d7666e6328115a155c993075f09f0caed1429677b7fb37e36f18093899,cd9df2ade1ca21431041edcb14d5f17dd4911475861cec41755502771901127f,0eb4df990f6753bfc9e9029bf76f169c28456414
Climate_h4,0,1122,N+Q,2026,1,48.98719896553442,13b085d7666e6328115a155c993075f09f0caed1429677b7fb37e36f18093899,cd9df2ade1ca21431041edcb14d5f17dd4911475861cec41755502771901127f,0eb4df990f6753bfc9e9029bf76f169c28456414
Climate_h4,0,1122,N+Q,2026,2,49.259747767922235,13b085d7666e6328115a155c993075f09f0caed1429677b7fb37e36f18093899,cd9df2ade1ca21431041edcb14d5f17dd4911475861cec41755502771901127f,0eb4df990f6753bfc9e9029bf76f169c28456414
Climate_h4,0,1122,N+Q,2026,3,49.51604040406338,13b085d7666e6328115a155c993075f09f0caed1429677b7fb37e36f18093899,cd9df2ade1ca21431041edcb14d5f17dd4911475861cec41755502771901127f,0eb4df990f6753bfc9e9029bf76f169c28456414
Climate_h4,0,1122,N+Q,2026,4,49.7405821195277,13b085d7666e6328115a155c993075f09f0caed1429677b7fb37e36f18093899,cd9df2ade1ca21431041edcb14d5f17dd4911475861cec41755502771901127f,0eb4df990f6753bfc9e9029bf76f169c28456414
Climate_h4,0,1123,N+Q,2026,1,47.88440419908091,13b085d7666e6328115a155c993075f09f0caed1429677b7fb37e36f18093899,cd9df2ade1ca21431041edcb14d5f17dd4911475861cec41755502771901127f,0eb4df990f6753bfc9e9029bf76f169c28456414
Climate_h4,0,1123,N+Q,2026,2,48.139715811155654,13b085d7666e6328115a155c993075f09f0caed1429677b7fb37e36f18093899,cd9df2ade1ca21431041edcb14d5f17dd4911475861cec41755502771901127f,0eb4df990f6753bfc9e9029bf76f169c28456414
Climate_h4,0,1123,N+Q,2026,3,48.384220667929014,13b085d7666e6328115a155c993075f09f0caed1429677b7fb37e36f18093899,cd9df2ade1ca21431041edcb14d5f17dd4911475861cec41755502771901127f,0eb4df990f6753bfc9e9029bf76f169c28456414
Climate_h4,0,1123,N+Q,2026,4,48.609224589754994,13b085d7666e6328115a155c993075f09f0caed1429677b7fb37e36f18093899,cd9df2ade1ca21431041edcb14d5f17dd4911475861cec41755502771901127f,0eb4df990f6753bfc9e9029bf76f169c28456414
Climate_h4,0,1124,N+Q,2026,1,49.34138279122769,13b085d7666e6328115a155c993075f09f0caed1429677b7fb37e36f18093899,cd9df2ade1ca21431041edcb14d5f17dd4911475861cec41755502771901127f,0eb4df990f6753bfc9e9029bf76f169c28456414
Climate_h4,0,1124,N+Q,2026,2,49.5797443046304,13b085d7666e6328115a155c993075f09f0caed1429677b7fb37e36f18093899,cd9df2ade1ca21431041edcb14d5f17dd4911475861cec41755502771901127f,0eb4df990f6753bfc9e9029bf76f169c28456414
Climate_h4,0,1124,N+Q,2026,3,49.79625440918927,13b085d7666e6328115a155c993075f09f0caed1429677b7fb37e36f18093899,cd9df2ade1ca21431041edcb14d5f17dd4911475861cec41755502771901127f,0eb4df990f6753bfc9e9029bf76f169c28456414
Climate_h4,0,1124,N+Q,2026,4,49.99862551183549,13b085d7666e6328115a155c993075f09f0caed1429677b7fb37e36f18093899,cd9df2ade1ca21431041edcb14d5f17dd4911475861cec41755502771901127f,0eb4df990f6753bfc9e9029bf76f169c28456414
Climate_h4,0,1125,N+Q,2026,1,50.183424039733055,13b085d7666e6328115a155c993075f09f0caed1429677b7fb37e36f18093899,cd9df2ade1ca21431041edcb14d5f17dd4911475861cec41755502771901127f,0eb4df990f6753bfc9e9029bf76f169c28456414
Climate_h4,0,1125,N+Q,2026,2,50.39785663000596,13b085d7666e6328115a155c993075f09f0caed1429677b7fb37e36f18093899,cd9df2ade1ca21431041edcb14d5f17dd4911475861cec41755502771901127f,0eb4df990f6753bfc9e9029bf76f169c28456414
Climate_h4,0,1125,N+Q,2026,3,50.591234007605266,13b085d7666e6328115a155c993075f09f0caed1429677b7fb37e36f18093899,cd9df2ade1ca21431041edcb14d5f17dd4911475861cec41755502771901127f,0eb4df990f6753bfc9e9029bf76f169c28456414
Climate_h4,0,1125,N+Q,2026,4,50.771408727631304,13b085d7666e6328115a155c993075f09f0caed1429677b7fb37e36f18093899,cd9df2ade1ca21431041edcb14d5f17dd4911475861cec41755502771901127f,0eb4df990f6753bfc9e9029bf76f169c28456414
Climate_h4,0,1126,N+Q,2026,1,50.77566504385027,13b085d7666e6328115a155c993075f09f0caed1429677b7fb37e36f18093899,cd9df2ade1ca21431041edcb14d5f17dd4911475861cec41755502771901127f,0eb4df990f6753bfc9e9029bf76f169c28456414
Climate_h4,0,1126,N+Q,2026,2,50.954130297669636,13b085d7666e6328115a155c993075f09f0caed1429677b7fb37e36f18093899,cd9df2ade1ca21431041edcb14d5f17dd4911475861cec41755502771901127f,0eb4df990f6753bfc9e9029bf76f169c28456414
Climate_h4,0,1126,N+Q,2026,3,51.11688311755167,13b085d7666e6328115a155c993075f09f0caed1429677b7fb37e36f18093899,cd9df2ade1ca21431041edcb14d5f17dd4911475861cec41755502771901127f,0eb4df990f6753bfc9e9029bf76f169c28456414
Climate_h4,0,1126,N+Q,2026,4,51.27826886261577,13b085d7666e6328115a155c993075f09f0caed1429677b7fb37e36f18093899,cd9df2ade1ca21431041edcb14d5f17dd4911475861cec41755502771901127f,0eb4df990f6753bfc9e9029bf76f169c28456414
Climate_h4,0,1127,N+Q,2026,1,50.96803771421107,13b085d7666e6328115a155c993075f09f0caed1429677b7fb37e36f18093899,cd9df2ade1ca21431041edcb14d5f17dd4911475861cec41755502771901127f,0eb4df990f6753bfc9e9029bf76f169c28456414
Climate_h4,0,1127,N+Q,2026,2,51.12102311021646,13b085d7666e6328115a155c993075f09f0caed1429677b7fb37e36f18093899,cd9df2ade1ca21431041edcb14d5f17dd4911475861cec41755502771901127f,0eb4df990f6753bfc9e9029bf76f169c28456414
Climate_h4,0,1127,N+Q,2026,3,51.27542353223648,13b085d7666e6328115a155c993075f09f0caed1429677b7fb37e36f18093899,cd9df2ade1ca21431041edcb14d5f17dd4911475861cec41755502771901127f,0eb4df990f6753bfc9e9029bf76f169c28456414
Climate_h4,0,1127,N+Q,2026,4,51.43226590667551,13b085d7666e6328115a155c993075f09f0caed1429677b7fb37e36f18093899,cd9df2ade1ca21431041edcb14d5f17dd4911475861cec41755502771901127f,0eb4df990f6753bfc9e9029bf76f169c28456414
Climate_h4,0,1128,N+Q,2026,1,49.83418596376915,13b085d7666e6328115a155c993075f09f0caed1429677b7fb37e36f18093899,cd9df2ade1ca21431041edcb14d5f17dd4911475861cec41755502771901127f,0eb4df990f6753bfc9e9029bf76f169c28456414
Climate_h4,0,1128,N+Q,2026,2,49.978926102553295,13b085d7666e6328115a155c993075f09f0caed1429677b7fb37e36f18093899,cd9df2ade1ca21431041edcb14d5f17dd4911475861cec41755502771901127f,0eb4df990f6753bfc9e9029bf76f169c28456414
Climate_h4,0,1128,N+Q,2026,3,50.1324258517505,13b085d7666e6328115a155c993075f09f0caed1429677b7fb37e36f18093899,cd9df2ade1ca21431041edcb14d5f17dd4911475861cec41755502771901127f,0eb4df990f6753bfc9e9029bf76f169c28456414
Climate_h4,0,1128,N+Q,2026,4,50.301860573646344,13b085d7666e6328115a155c993075f09f0caed1429677b7fb37e36f18093899,cd9df2ade1ca21431041edcb14d5f17dd4911475861cec41755502771901127f,0eb4df990f6753bfc9e9029bf76f169c28456414
Climate_h4,0,1129,N+Q,2026,1,49.78749085764174,13b085d7666e6328115a155c993075f09f0caed1429677b7fb37e36f18093899,cd9df2ade1ca21431041edcb14d5f17dd4911475861cec41755502771901127f,0eb4df990f6753bfc9e9029bf76f169c28456414
Climate_h4,0,1129,N+Q,2026,2,49.9321294597309,13b085d7666e6328115a155c993075f09f0caed1429677b7fb37e36f18093899,cd9df2ade1ca21431041edcb14d5f17dd4911475861cec41755502771901127f,0eb4df990f6753bfc9e9029bf76f169c28456414
Climate_h4,0,1129,N+Q,2026,3,50.09705442616993,13b085d7666e6328115a155c993075f09f0caed1429677b7fb37e36f18093899,cd9df2ade1ca21431041edcb14d5f17dd4911475861cec41755502771901127f,0eb4df990f6753bfc9e9029bf76f169c28456414
Climate_h4,0,1129,N+Q,2026,4,50.253466777959495,13b085d7666e6328115a155c993075f09f0caed1429677b7fb37e36f18093899,cd9df2ade1ca21431041edcb14d5f17dd4911475861cec41755502771901127f,0eb4df990f6753bfc9e9029bf76f169c28456414
Climate_h4,0,1130,N+Q,2026,1,51.47570421999948,13b085d7666e6328115a155c993075f09f0caed1429677b7fb37e36f18093899,cd9df2ade1ca21431041edcb14d5f17dd4911475861cec41755502771901127f,0eb4df990f6753bfc9e9029bf76f169c28456414
Climate_h4,0,1130,N+Q,2026,2,51.62171568042994,13b085d7666e6328115a155c993075f09f0caed1429677b7fb37e36f18093899,cd9df2ade1ca21431041edcb14d5f17dd4911475861cec41755502771901127f,0eb4df990f6753bfc9e9029bf76f169c28456414
Climate_h4,0,1130,N+Q,2026,3,51.75950001249455,13b085d7666e6328115a155c993075f09f0caed1429677b7fb37e36f18093899,cd9df2ade1ca21431041edcb14d5f17dd4911475861cec41755502771901127f,0eb4df990f6753bfc9e9029bf76f169c28456414
Climate_h4,0,1130,N+Q,2026,4,51.89609029729822,13b085d7666e6328115a155c993075f09f0caed1429677b7fb37e36f18093899,cd9df2ade1ca21431041edcb14d5f17dd4911475861cec41755502771901127f,0eb4df990f6753bfc9e9029bf76f169c28456414
Climate_h4,0,1131,N+Q,2026,1,53.620481562046,13b085d7666e6328115a155c993075f09f0caed1429677b7fb37e36f18093899,cd9df2ade1ca21431041edcb14d5f17dd4911475861cec41755502771901127f,0eb4df990f6753bfc9e9029bf76f169c28456414
Climate_h4,0,1131,N+Q,2026,2,53.74560510312699,13b085d7666e6328115a155c993075f09f0caed1429677b7fb37e36f18093899,cd9df2ade1ca21431041edcb14d5f17dd4911475861cec41755502771901127f,0eb4df990f6753bfc9e9029bf76f169c28456414
Climate_h4,0,1131,N+Q,2026,3,53.87618103308521,13b085d7666e6328115a155c993075f09f0caed1429677b7fb37e36f18093899,cd9df2ade1ca21431041edcb14d5f17dd4911475861cec41755502771901127f,0eb4df990f6753bfc9e9029bf76f169c28456414
Climate_h4,0,1131,N+Q,2026,4,54.02675893702378,13b085d7666e6328115a155c993075f09f0caed1429677b7fb37e36f18093899,cd9df2ade1ca21431041edcb14d5f17dd4911475861cec41755502771901127f,0eb4df990f6753bfc9e9029bf76f169c28456414
Climate_h4,0,1132,N+Q,2026,1,54.15037086983037,13b085d7666e6328115a155c993075f09f0caed1429677b7fb37e36f18093899,cd9df2ade1ca21431041edcb14d5f17dd4911475861cec41755502771901127f,0eb4df990f6753bfc9e9029bf76f169c28456414
Climate_h4,0,1132,N+Q,2026,2,54.26785151399027,13b085d7666e6328115a155c993075f09f0caed1429677b7fb37e36f18093899,cd9df2ade1ca21431041edcb14d5f17dd4911475861cec41755502771901127f,0eb4df990f6753bfc9e9029bf76f169c28456414
Climate_h4,0,1132,N+Q,2026,3,54.40471522526478,13b085d7666e6328115a155c993075f09f0caed1429677b7fb37e36f18093899,cd9df2ade1ca21431041edcb14d5f17dd4911475861cec41755502771901127f,0eb4df990f6753bfc9e9029bf76f169c28456414
Climate_h4,0,1132,N+Q,2026,4,54.55641689031584,13b085d7666e6328115a155c993075f09f0caed1429677b7fb37e36f18093899,cd9df2ade1ca21431041edcb14d5f17dd4911475861cec41755502771901127f,0eb4df990f6753bfc9e9029bf76f169c28456414
Climate_h4,0,1133,N+Q,2026,1,51.13028423740972,13b085d7666e6328115a155c993075f09f0caed1429677b7fb37e36f18093899,cd9df2ade1ca21431041edcb14d5f17dd4911475861cec41755502771901127f,0eb4df990f6753bfc9e9029bf76f169c28456414
Climate_h4,0,1133,N+Q,2026,2,51.272187221994436,13b085d7666e6328115a155c993075f09f0caed1429677b7fb37e36f18093899,cd9df2ade1ca21431041edcb14d5f17dd4911475861cec41755502771901127f,0eb4df990f6753bfc9e9029bf76f169c28456414
Climate_h4,0,1133,N+Q,2026,3,51.427070465269544,13b085d7666e6328115a155c993075f09f0caed1429677b7fb37e36f18093899,cd9df2ade1ca21431041edcb14d5f17dd4911475861cec41755502771901127f,0eb4df990f6753bfc9e9029bf76f169c28456414
Climate_h4,0,1133,N+Q,2026,4,51.59604804429931,13b085d7666e6328115a155c993075f09f0caed1429677b7fb37e36f18093899,cd9df2ade1ca21431041edcb14d5f17dd4911475861cec41755502771901127f,0eb4df990f6753bfc9e9029bf76f169c28456414
Climate_h4,0,1134,N+Q,2026,1,49.14207149651106,13b085d7666e6328115a155c993075f09f0caed1429677b7fb37e36f18093899,cd9df2ade1ca21431041edcb14d5f17dd4911475861cec41755502771901127f,0eb4df990f6753bfc9e9029bf76f169c28456414
Climate_h4,0,1134,N+Q,2026,2,49.31349940388391,13b085d7666e6328115a155c993075f09f0caed1429677b7fb37e36f18093899,cd9df2ade1ca21431041edcb14d5f17dd4911475861cec41755502771901127f,0eb4df990f6753bfc9e9029bf76f169c28456414
Climate_h4,0,1134,N+Q,2026,3,49.4944389755198,13b085d7666e6328115a155c993075f09f0caed1429677b7fb37e36f18093899,cd9df2ade1ca21431041edcb14d5f17dd4911475861cec41755502771901127f,0eb4df990f6753bfc9e9029bf76f169c28456414
Climate_h4,0,1134,N+Q,2026,4,49.68838301097401,13b085d7666e6328115a155c993075f09f0caed1429677b7fb37e36f18093899,cd9df2ade1ca21431041edcb14d5f17dd4911475861cec41755502771901127f,0eb4df990f6753bfc9e9029bf76f169c28456414
Climate_h4,0,1135,N+Q,2026,1,47.67253001812978,13b085d7666e6328115a155c993075f09f0caed1429677b7fb37e36f18093899,cd9df2ade1ca21431041edcb14d5f17dd4911475861cec41755502771901127f,0eb4df990f6753bfc9e9029bf76f169c28456414
Climate_h4,0,1135,N+Q,2026,2,47.86963412428938,13b085d7666e6328115a155c993075f09f0caed1429677b7fb37e36f18093899,cd9df2ade1ca21431041edcb14d5f17dd4911475861cec41755502771901127f,0eb4df990f6753bfc9e9029bf76f169c28456414
Climate_h4,0,1135,N+Q,2026,3,48.0732003179758,13b085d7666e6328115a155c993075f09f0caed1429677b7fb37e36f18093899,cd9df2ade1ca21431041edcb14d5f17dd4911475861cec41755502771901127f,0eb4df990f6753bfc9e9029bf76f169c28456414
Climate_h4,0,1135,N+Q,2026,4,48.27523888759879,13b085d7666e6328115a155c993075f09f0caed1429677b7fb37e36f18093899,cd9df2ade1ca21431041edcb14d5f17dd4911475861cec41755502771901127f,0eb4df990f6753bfc9e9029bf76f169c28456414
Climate_h4,0,1136,N+Q,2026,1,47.9477874957022,13b085d7666e6328115a155c993075f09f0caed1429677b7fb37e36f18093899,cd9df2ade1ca21431041edcb14d5f17dd4911475861cec41755502771901127f,0eb4df990f6753bfc9e9029bf76f169c28456414
Climate_h4,0,1136,N+Q,2026,2,48.1708832760125,13b085d7666e6328115a155c993075f09f0caed1429677b7fb37e36f18093899,cd9df2ade1ca21431041edcb14d5f17dd4911475861cec41755502771901127f,0eb4df990f6753bfc9e9029bf76f169c28456414
Climate_h4,0,1136,N+Q,2026,3,48.38615426005635,13b085d7666e6328115a155c993075f09f0caed1429677b7fb37e36f18093899,cd9df2ade1ca21431041edcb14d5f17dd4911475861cec41755502771901127f,0eb4df990f6753bfc9e9029bf76f169c28456414
Climate_h4,0,1136,N+Q,2026,4,48.601655146910204,13b085d7666e6328115a155c993075f09f0caed1429677b7fb37e36f18093899,cd9df2ade1ca21431041edcb14d5f17dd4911475861cec41755502771901127f,0eb4df990f6753bfc9e9029bf76f169c28456414
Climate_h4,0,1137,N+Q,2026,1,47.889733217207535,13b085d7666e6328115a155c993075f09f0caed1429677b7fb37e36f18093899,cd9df2ade1ca21431041edcb14d5f17dd4911475861cec41755502771901127f,0eb4df990f6753bfc9e9029bf76f169c28456414
Climate_h4,0,1137,N+Q,2026,2,48.155350800774066,13b085d7666e6328115a155c993075f09f0caed1429677b7fb37e36f18093899,cd9df2ade1ca21431041edcb14d5f17dd4911475861cec41755502771901127f,0eb4df990f6753bfc9e9029bf76f169c28456414
Climate_h4,0,1137,N+Q,2026,3,48.38047300648377,13b085d7666e6328115a155c993075f09f0caed1429677b7fb37e36f18093899,cd9df2ade1ca21431041edcb14d5f17dd4911475861cec41755502771901127f,0eb4df990f6753bfc9e9029bf76f169c28456414
Climate_h4,0,1137,N+Q,2026,4,48.60736734605963,13b085d7666e6328115a155c993075f09f0caed1429677b7fb37e36f18093899,cd9df2ade1ca21431041edcb14d5f17dd4911475861cec41755502771901127f,0eb4df990f6753bfc9e9029bf76f169c28456414
Climate_h4,0,1138,N+Q,2026,1,48.583725193364735,13b085d7666e6328115a155c993075f09f0caed1429677b7fb37e36f18093899,cd9df2ade1ca21431041edcb14d5f17dd4911475861cec41755502771901127f,0eb4df990f6753bfc9e9029bf76f169c28456414
Climate_h4,0,1138,N+Q,2026,2,48.836298957458844,13b085d7666e6328115a155c993075f09f0caed1429677b7fb37e36f18093899,cd9df2ade1ca21431041edcb14d5f17dd4911475861cec41755502771901127f,0eb4df990f6753bfc9e9029bf76f169c28456414
Climate_h4,0,1138,N+Q,2026,3,49.10925937362552,13b085d7666e6328115a155c993075f09f0caed1429677b7fb37e36f18093899,cd9df2ade1ca21431041edcb14d5f17dd4911475861cec41755502771901127f,0eb4df990f6753bfc9e9029bf76f169c28456414
Climate_h4,0,1138,N+Q,2026,4,49.428961881530206,13b085d7666e6328115a155c993075f09f0caed1429677b7fb37e36f18093899,cd9df2ade1ca21431041edcb14d5f17dd4911475861cec41755502771901127f,0eb4df990f6753bfc9e9029bf76f169c28456414
Climate_h4,0,1139,N+Q,2026,1,46.47669686616965,13b085d7666e6328115a155c993075f09f0caed1429677b7fb37e36f18093899,cd9df2ade1ca21431041edcb14d5f17dd4911475861cec41755502771901127f,0eb4df990f6753bfc9e9029bf76f169c28456414
Climate_h4,0,1139,N+Q,2026,2,46.769329602152666,13b085d7666e6328115a155c993075f09f0caed1429677b7fb37e36f18093899,cd9df2ade1ca21431041edcb14d5f17dd4911475861cec41755502771901127f,0eb4df990f6753bfc9e9029bf76f169c28456414
Climate_h4,0,1139,N+Q,2026,3,47.09790254129362,13b085d7666e6328115a155c993075f09f0caed1429677b7fb37e36f18093899,cd9df2ade1ca21431041edcb14d5f17dd4911475861cec41755502771901127f,0eb4df990f6753bfc9e9029bf76f169c28456414
Climate_h4,0,1139,N+Q,2026,4,47.44717930899842,13b085d7666e6328115a155c993075f09f0caed1429677b7fb37e36f18093899,cd9df2ade1ca21431041edcb14d5f17dd4911475861cec41755502771901127f,0eb4df990f6753bfc9e9029bf76f169c28456414
Climate_h4,0,1140,N+Q,2026,1,47.70187411706661,13b085d7666e6328115a155c993075f09f0caed1429677b7fb37e36f18093899,cd9df2ade1ca21431041edcb14d5f17dd4911475861cec41755502771901127f,0eb4df990f6753bfc9e9029bf76f169c28456414
Climate_h4,0,1140,N+Q,2026,2,48.04456334025696,13b085d7666e6328115a155c993075f09f0caed1429677b7fb37e36f18093899,cd9df2ade1ca21431041edcb14d5f17dd4911475861cec41755502771901127f,0eb4df990f6753bfc9e9029bf76f169c28456414
Climate_h4,0,1140,N+Q,2026,3,48.39973410725169,13b085d7666e6328115a155c993075f09f0caed1429677b7fb37e36f18093899,cd9df2ade1ca21431041edcb14d5f17dd4911475861cec41755502771901127f,0eb4df990f6753bfc9e9029bf76f169c28456414
Climate_h4,0,1140,N+Q,2026,4,48.73861950700366,13b085d7666e6328115a155c993075f09f0caed1429677b7fb37e36f18093899,cd9df2ade1ca21431041edcb14d5f17dd4911475861cec41755502771901127f,0eb4df990f6753bfc9e9029bf76f169c28456414
Climate_h4,0,1141,N+Q,2026,1,47.581638208041255,13b085d7666e6328115a155c993075f09f0caed1429677b7fb37e36f18093899,cd9df2ade1ca21431041edcb14d5f17dd4911475861cec41755502771901127f,0eb4df990f6753bfc9e9029bf76f169c28456414
Climate_h4,0,1141,N+Q,2026,2,47.95376494628199,13b085d7666e6328115a155c993075f09f0caed1429677b7fb37e36f18093899,cd9df2ade1ca21431041edcb14d5f17dd4911475861cec41755502771901127f,0eb4df990f6753bfc9e9029bf76f169c28456414
Climate_h4,0,1141,N+Q,2026,3,48.29835574350995,13b085d7666e6328115a155c993075f09f0caed1429677b7fb37e36f18093899,cd9df2ade1ca21431041edcb14d5f17dd4911475861cec41755502771901127f,0eb4df990f6753bfc9e9029bf76f169c28456414
Climate_h4,0,1141,N+Q,2026,4,48.63408298658653,13b085d7666e6328115a155c993075f09f0caed1429677b7fb37e36f18093899,cd9df2ade1ca21431041edcb14d5f17dd4911475861cec41755502771901127f,0eb4df990f6753bfc9e9029bf76f169c28456414
Climate_h4,0,1142,N+Q,2026,1,47.140431079650334,13b085d7666e6328115a155c993075f09f0caed1429677b7fb37e36f18093899,cd9df2ade1ca21431041edcb14d5f17dd4911475861cec41755502771901127f,0eb4df990f6753bfc9e9029bf76f169c28456414
Climate_h4,0,1142,N+Q,2026,2,47.50456436764404,13b085d7666e6328115a155c993075f09f0caed1429677b7fb37e36f18093899,cd9df2ade1ca21431041edcb14d5f17dd4911475861cec41755502771901127f,0eb4df990f6753bfc9e9029bf76f169c28456414
Climate_h4,0,1142,N+Q,2026,3,47.8468144663258,13b085d7666e6328115a155c993075f09f0caed1429677b7fb37e36f18093899,cd9df2ade1ca21431041edcb14d5f17dd4911475861cec41755502771901127f,0eb4df990f6753bfc9e9029bf76f169c28456414
Climate_h4,0,1142,N+Q,2026,4,48.18486622555877,13b085d7666e6328115a155c993075f09f0caed1429677b7fb37e36f18093899,cd9df2ade1ca21431041edcb14d5f17dd4911475861cec41755502771901127f,0eb4df990f6753bfc9e9029bf76f169c28456414
Climate_h4,0,1143,N+Q,2026,1,45.3886517432578,13b085d7666e6328115a155c993075f09f0caed1429677b7fb37e36f18093899,cd9df2ade1ca21431041edcb14d5f17dd4911475861cec41755502771901127f,0eb4df990f6753bfc9e9029bf76f169c28456414
Climate_h4,0,1143,N+Q,2026,2,45.754520440490914,13b085d7666e6328115a155c993075f09f0caed1429677b7fb37e36f18093899,cd9df2ade1ca21431041edcb14d5f17dd4911475861cec41755502771901127f,0eb4df990f6753bfc9e9029bf76f169c28456414
Climate_h4,0,1143,N+Q,2026,3,46.1011316155225,13b085d7666e6328115a155c993075f09f0caed1429677b7fb37e36f18093899,cd9df2ade1ca21431041edcb14d5f17dd4911475861cec41755502771901127f,0eb4df990f6753bfc9e9029bf76f169c28456414
Climate_h4,0,1143,N+Q,2026,4,46.42799850142025,13b085d7666e6328115a155c993075f09f0caed1429677b7fb37e36f18093899,cd9df2ade1ca21431041edcb14d5f17dd4911475861cec41755502771901127f,0eb4df990f6753bfc9e9029bf76f169c28456414
Climate_h4,0,1144,N+Q,2026,1,42.4791880526355,13b085d7666e6328115a155c993075f09f0caed1429677b7fb37e36f18093899,cd9df2ade1ca21431041edcb14d5f17dd4911475861cec41755502771901127f,0eb4df990f6753bfc9e9029bf76f169c28456414
Climate_h4,0,1144,N+Q,2026,2,42.88969165268529,13b085d7666e6328115a155c993075f09f0caed1429677b7fb37e36f18093899,cd9df2ade1ca21431041edcb14d5f17dd4911475861cec41755502771901127f,0eb4df990f6753bfc9e9029bf76f169c28456414
Climate_h4,0,1144,N+Q,2026,3,43.25426922461504,13b085d7666e6328115a155c993075f09f0caed1429677b7fb37e36f18093899,cd9df2ade1ca21431041edcb14d5f17dd4911475861cec41755502771901127f,0eb4df990f6753bfc9e9029bf76f169c28456414
Climate_h4,0,1144,N+Q,2026,4,43.58232151053541,13b085d7666e6328115a155c993075f09f0caed1429677b7fb37e36f18093899,cd9df2ade1ca21431041edcb14d5f17dd4911475861cec41755502771901127f,0eb4df990f6753bfc9e9029bf76f169c28456414
Climate_h4,0,1145,N+Q,2026,1,39.98596346290263,13b085d7666e6328115a155c993075f09f0caed1429677b7fb37e36f18093899,cd9df2ade1ca21431041edcb14d5f17dd4911475861cec41755502771901127f,0eb4df990f6753bfc9e9029bf76f169c28456414
Climate_h4,0,1145,N+Q,2026,2,40.408514184952594,13b085d7666e6328115a155c993075f09f0caed1429677b7fb37e36f18093899,cd9df2ade1ca21431041edcb14d5f17dd4911475861cec41755502771901127f,0eb4df990f6753bfc9e9029bf76f169c28456414
Climate_h4,0,1145,N+Q,2026,3,40.80260621817021,13b085d7666e6328115a155c993075f09f0caed1429677b7fb37e36f18093899,cd9df2ade1ca21431041edcb14d5f17dd4911475861cec41755502771901127f,0eb4df990f6753bfc9e9029bf76f169c28456414
Climate_h4,0,1145,N+Q,2026,4,41.17742261066684,13b085d7666e6328115a155c993075f09f0caed1429677b7fb37e36f18093899,cd9df2ade1ca21431041edcb14d5f17dd4911475861cec41755502771901127f,0eb4df990f6753bfc9e9029bf76f169c28456414
Climate_h4,0,1146,N+Q,2026,1,38.46237159944672,13b085d7666e6328115a155c993075f09f0caed1429677b7fb37e36f18093899,cd9df2ade1ca21431041edcb14d5f17dd4911475861cec41755502771901127f,0eb4df990f6753bfc9e9029bf76f169c28456414
Climate_h4,0,1146,N+Q,2026,2,38.91071474549063,13b085d7666e6328115a155c993075f09f0caed1429677b7fb37e36f18093899,cd9df2ade1ca21431041edcb14d5f17dd4911475861cec41755502771901127f,0eb4df990f6753bfc9e9029bf76f169c28456414
Climate_h4,0,1146,N+Q,2026,3,39.32410268913968,13b085d7666e6328115a155c993075f09f0caed1429677b7fb37e36f18093899,cd9df2ade1ca21431041edcb14d5f17dd4911475861cec41755502771901127f,0eb4df990f6753bfc9e9029bf76f169c28456414
Climate_h4,0,1146,N+Q,2026,4,39.69824493358148,13b085d7666e6328115a155c993075f09f0caed1429677b7fb37e36f18093899,cd9df2ade1ca21431041edcb14d5f17dd4911475861cec41755502771901127f,0eb4df990f6753bfc9e9029bf76f169c28456414
Climate_h4,0,1147,N+Q,2026,1,39.81882525791405,13b085d7666e6328115a155c993075f09f0caed1429677b7fb37e36f18093899,cd9df2ade1ca21431041edcb14d5f17dd4911475861cec41755502771901127f,0eb4df990f6753bfc9e9029bf76f169c28456414
Climate_h4,0,1147,N+Q,2026,2,40.27502777899171,13b085d7666e6328115a155c993075f09f0caed1429677b7fb37e36f18093899,cd9df2ade1ca21431041edcb14d5f17dd4911475861cec41755502771901127f,0eb4df990f6753bfc9e9029bf76f169c28456414
Climate_h4,0,1147,N+Q,2026,3,40.674494008302155,13b085d7666e6328115a155c993075f09f0caed1429677b7fb37e36f18093899,cd9df2ade1ca21431041edcb14d5f17dd4911475861cec41755502771901127f,0eb4df990f6753bfc9e9029bf76f169c28456414
Climate_h4,0,1147,N+Q,2026,4,41.02025838477967,13b085d7666e6328115a155c993075f09f0caed1429677b7fb37e36f18093899,cd9df2ade1ca21431041edcb14d5f17dd4911475861cec41755502771901127f,0eb4df990f6753bfc9e9029bf76f169c28456414
Climate_h4,0,1148,N+Q,2026,1,38.96568070249619,13b085d7666e6328115a155c993075f09f0caed1429677b7fb37e36f18093899,cd9df2ade1ca21431041edcb14d5f17dd4911475861cec41755502771901127f,0eb4df990f6753bfc9e9029bf76f169c28456414
Climate_h4,0,1148,N+Q,2026,2,39.4078826939332,13b085d7666e6328115a155c993075f09f0caed1429677b7fb37e36f18093899,cd9df2ade1ca21431041edcb14d5f17dd4911475861cec41755502771901127f,0eb4df990f6753bfc9e9029bf76f169c28456414
Climate_h4,0,1148,N+Q,2026,3,39.773022580015315,13b085d7666e6328115a155c993075f09f0caed1429677b7fb37e36f18093899,cd9df2ade1ca21431041edcb14d5f17dd4911475861cec41755502771901127f,0eb4df990f6753bfc9e9029bf76f169c28456414
Climate_h4,0,1148,N+Q,2026,4,40.10595984024389,13b085d7666e6328115a155c993075f09f0caed1429677b7fb37e36f18093899,cd9df2ade1ca21431041edcb14d5f17dd4911475861cec41755502771901127f,0eb4df990f6753bfc9e9029bf76f169c28456414
Climate_h4,0,1149,N+Q,2026,1,40.34370807389764,13b085d7666e6328115a155c993075f09f0caed1429677b7fb37e36f18093899,cd9df2ade1ca21431041edcb14d5f17dd4911475861cec41755502771901127f,0eb4df990f6753bfc9e9029bf76f169c28456414
Climate_h4,0,1149,N+Q,2026,2,40.73201262202387,13b085d7666e6328115a155c993075f09f0caed1429677b7fb37e36f18093899,cd9df2ade1ca21431041edcb14d5f17dd4911475861cec41755502771901127f,0eb4df990f6753bfc9e9029bf76f169c28456414
Climate_h4,0,1149,N+Q,2026,3,41.08859221641678,13b085d7666e6328115a155c993075f09f0caed1429677b7fb37e36f18093899,cd9df2ade1ca21431041edcb14d5f17dd4911475861cec41755502771901127f,0eb4df990f6753bfc9e9029bf76f169c28456414
Climate_h4,0,1149,N+Q,2026,4,41.4353028925716,13b085d7666e6328115a155c993075f09f0caed1429677b7fb37e36f18093899,cd9df2ade1ca21431041edcb14d5f17dd4911475861cec41755502771901127f,0eb4df990f6753bfc9e9029bf76f169c28456414
Climate_h4,0,1150,N+Q,2026,1,40.310576541615326,13b085d7666e6328115a155c993075f09f0caed1429677b7fb37e36f18093899,cd9df2ade1ca21431041edcb14d5f17dd4911475861cec41755502771901127f,0eb4df990f6753bfc9e9029bf76f169c28456414
Climate_h4,0,1150,N+Q,2026,2,40.69046424829919,13b085d7666e6328115a155c993075f09f0caed1429677b7fb37e36f18093899,cd9df2ade1ca21431041edcb14d5f17dd4911475861cec41755502771901127f,0eb4df990f6753bfc9e9029bf76f169c28456414
Climate_h4,0,1150,N+Q,2026,3,41.04966175124906,13b085d7666e6328115a155c993075f09f0caed1429677b7fb37e36f18093899,cd9df2ade1ca21431041edcb14d5f17dd4911475861cec41755502771901127f,0eb4df990f6753bfc9e9029bf76f169c28456414
Climate_h4,0,1150,N+Q,2026,4,41.38736924998166,13b085d7666e6328115a155c993075f09f0caed1429677b7fb37e36f18093899,cd9df2ade1ca21431041edcb14d5f17dd4911475861cec41755502771901127f,0eb4df990f6753bfc9e9029bf76f169c28456414
Climate_h4,0,1151,N+Q,2026,1,41.03728487234087,13b085d7666e6328115a155c993075f09f0caed1429677b7fb37e36f18093899,cd9df2ade1ca21431041edcb14d5f17dd4911475861cec41755502771901127f,0eb4df990f6753bfc9e9029bf76f169c28456414
Climate_h4,0,1151,N+Q,2026,2,41.41828782052482,13b085d7666e6328115a155c993075f09f0caed1429677b7fb37e36f18093899,cd9df2ade1ca21431041edcb14d5f17dd4911475861cec41755502771901127f,0eb4df990f6753bfc9e9029bf76f169c28456414
Climate_h4,0,1151,N+Q,2026,3,41.766275246241925,13b085d7666e6328115a155c993075f09f0caed1429677b7fb37e36f18093899,cd9df2ade1ca21431041edcb14d5f17dd4911475861cec41755502771901127f,0eb4df990f6753bfc9e9029bf76f169c28456414
Climate_h4,0,1151,N+Q,2026,4,42.07207754275662,13b085d7666e6328115a155c993075f09f0caed1429677b7fb37e36f18093899,cd9df2ade1ca21431041edcb14d5f17dd4911475861cec41755502771901127f,0eb4df990f6753bfc9e9029bf76f169c28456414
Climate_h4,0,1152,N+Q,2026,1,40.96384552283671,13b085d7666e6328115a155c993075f09f0caed1429677b7fb37e36f18093899,cd9df2ade1ca21431041edcb14d5f17dd4911475861cec41755502771901127f,0eb4df990f6753bfc9e9029bf76f169c28456414
Climate_h4,0,1152,N+Q,2026,2,41.317794118703816,13b085d7666e6328115a155c993075f09f0caed1429677b7fb37e36f18093899,cd9df2ade1ca21431041edcb14d5f17dd4911475861cec41755502771901127f,0eb4df990f6753bfc9e9029bf76f169c28456414
Climate_h4,0,1152,N+Q,2026,3,41.62690291862559,13b085d7666e6328115a155c993075f09f0caed1429677b7fb37e36f18093899,cd9df2ade1ca21431041edcb14d5f17dd4911475861cec41755502771901127f,0eb4df990f6753bfc9e9029bf76f169c28456414
Climate_h4,0,1152,N+Q,2026,4,41.898781994904795,13b085d7666e6328115a155c993075f09f0caed1429677b7fb37e36f18093899,cd9df2ade1ca21431041edcb14d5f17dd4911475861cec41755502771901127f,0eb4df990f6753bfc9e9029bf76f169c28456414
Climate_h4,0,1153,N+Q,2026,1,39.82642872204943,13b085d7666e6328115a155c993075f09f0caed1429677b7fb37e36f18093899,cd9df2ade1ca21431041edcb14d5f17dd4911475861cec41755502771901127f,0eb4df990f6753bfc9e9029bf76f169c28456414
Climate_h4,0,1153,N+Q,2026,2,40.18688448211295,13b085d7666e6328115a155c993075f09f0caed1429677b7fb37e36f18093899,cd9df2ade1ca21431041edcb14d5f17dd4911475861cec41755502771901127f,0eb4df990f6753bfc9e9029bf76f169c28456414
Climate_h4,0,1153,N+Q,2026,3,40.47326283371518,13b085d7666e6328115a155c993075f09f0caed1429677b7fb37e36f18093899,cd9df2ade1ca21431041edcb14d5f17dd4911475861cec41755502771901127f,0eb4df990f6753bfc9e9029bf76f169c28456414
Climate_h4,0,1153,N+Q,2026,4,40.68140780604646,13b085d7666e6328115a155c993075f09f0caed1429677b7fb37e36f18093899,cd9df2ade1ca21431041edcb14d5f17dd4911475861cec41755502771901127f,0eb4df990f6753bfc9e9029bf76f169c28456414
Climate_h4,0,1154,N+Q,2026,1,40.68918134445209,13b085d7666e6328115a155c993075f09f0caed1429677b7fb37e36f18093899,cd9df2ade1ca21431041edcb14d5f17dd4911475861cec41755502771901127f,0eb4df990f6753bfc9e9029bf76f169c28456414
Climate_h4,0,1154,N+Q,2026,2,41.00347939809383,13b085d7666e6328115a155c993075f09f0caed1429677b7fb37e36f18093899,cd9df2ade1ca21431041edcb14d5f17dd4911475861cec41755502771901127f,0eb4df990f6753bfc9e9029bf76f169c28456414
Climate_h4,0,1154,N+Q,2026,3,41.26144429060426,13b085d7666e6328115a155c993075f09f0caed1429677b7fb37e36f18093899,cd9df2ade1ca21431041edcb14d5f17dd4911475861cec41755502771901127f,0eb4df990f6753bfc9e9029bf76f169c28456414
Climate_h4,0,1154,N+Q,2026,4,41.447798582691064,13b085d7666e6328115a155c993075f09f0caed1429677b7fb37e36f18093899,cd9df2ade1ca21431041edcb14d5f17dd4911475861cec41755502771901127f,0eb4df990f6753bfc9e9029bf76f169c28456414
Climate_h4,0,1155,N+Q,2026,1,39.49761786985282,13b085d7666e6328115a155c993075f09f0caed1429677b7fb37e36f18093899,cd9df2ade1ca21431041edcb14d5f17dd4911475861cec41755502771901127f,0eb4df990f6753bfc9e9029bf76f169c28456414
Climate_h4,0,1155,N+Q,2026,2,39.779342406824085,13b085d7666e6328115a155c993075f09f0caed1429677b7fb37e36f18093899,cd9df2ade1ca21431041edcb14d5f17dd4911475861cec41755502771901127f,0eb4df990f6753bfc9e9029bf76f169c28456414
Climate_h4,0,1155,N+Q,2026,3,39.98882809221986,13b085d7666e6328115a155c993075f09f0caed1429677b7fb37e36f18093899,cd9df2ade1ca21431041edcb14d5f17dd4911475861cec41755502771901127f,0eb4df990f6753bfc9e9029bf76f169c28456414
Climate_h4,0,1155,N+Q,2026,4,40.146738547050475,13b085d7666e6328115a155c993075f09f0caed1429677b7fb37e36f18093899,cd9df2ade1ca21431041edcb14d5f17dd4911475861cec41755502771901127f,0eb4df990f6753bfc9e9029bf76f169c28456414
Climate_h4,0,1156,N+Q,2026,1,38.78537430649243,13b085d7666e6328115a155c993075f09f0caed1429677b7fb37e36f18093899,cd9df2ade1ca21431041edcb14d5f17dd4911475861cec41755502771901127f,0eb4df990f6753bfc9e9029bf76f169c28456414
Climate_h4,0,1156,N+Q,2026,2,39.003465069877066,13b085d7666e6328115a155c993075f09f0caed1429677b7fb37e36f18093899,cd9df2ade1ca21431041edcb14d5f17dd4911475861cec41755502771901127f,0eb4df990f6753bfc9e9029bf76f169c28456414
Climate_h4,0,1156,N+Q,2026,3,39.17916291514286,13b085d7666e6328115a155c993075f09f0caed1429677b7fb37e36f18093899,cd9df2ade1ca21431041edcb14d5f17dd4911475861cec41755502771901127f,0eb4df990f6753bfc9e9029bf76f169c28456414
Climate_h4,0,1156,N+Q,2026,4,39.300764364297834,13b085d7666e6328115a155c993075f09f0caed1429677b7fb37e36f18093899,cd9df2ade1ca21431041edcb14d5f17dd4911475861cec41755502771901127f,0eb4df990f6753bfc9e9029bf76f169c28456414
Climate_h4,0,1157,N+Q,2026,1,38.60536986850259,13b085d7666e6328115a155c993075f09f0caed1429677b7fb37e36f18093899,cd9df2ade1ca21431041edcb14d5f17dd4911475861cec41755502771901127f,0eb4df990f6753bfc9e9029bf76f169c28456414
Climate_h4,0,1157,N+Q,2026,2,38.797815534723675,13b085d7666e6328115a155c993075f09f0caed1429677b7fb37e36f18093899,cd9df2ade1ca21431041edcb14d5f17dd4911475861cec41755502771901127f,0eb4df990f6753bfc9e9029bf76f169c28456414
Climate_h4,0,1157,N+Q,2026,3,38.93870738330682,13b085d7666e6328115a155c993075f09f0caed1429677b7fb37e36f18093899,cd9df2ade1ca21431041edcb14d5f17dd4911475861cec41755502771901127f,0eb4df990f6753bfc9e9029bf76f169c28456414
Climate_h4,0,1157,N+Q,2026,4,39.039162578188446,13b085d7666e6328115a155c993075f09f0caed1429677b7fb37e36f18093899,cd9df2ade1ca21431041edcb14d5f17dd4911475861cec41755502771901127f,0eb4df990f6753bfc9e9029bf76f169c28456414
Climate_h4,0,1158,N+Q,2026,1,37.248420826150564,13b085d7666e6328115a155c993075f09f0caed1429677b7fb37e36f18093899,cd9df2ade1ca21431041edcb14d5f17dd4911475861cec41755502771901127f,0eb4df990f6753bfc9e9029bf76f169c28456414
Climate_h4,0,1158,N+Q,2026,2,37.42229948335484,13b085d7666e6328115a155c993075f09f0caed1429677b7fb37e36f18093899,cd9df2ade1ca21431041edcb14d5f17dd4911475861cec41755502771901127f,0eb4df990f6753bfc9e9029bf76f169c28456414
Climate_h4,0,1158,N+Q,2026,3,37.55570242008344,13b085d7666e6328115a155c993075f09f0caed1429677b7fb37e36f18093899,cd9df2ade1ca21431041edcb14d5f17dd4911475861cec41755502771901127f,0eb4df990f6753bfc9e9029bf76f169c28456414
Climate_h4,0,1158,N+Q,2026,4,37.65832476815149,13b085d7666e6328115a155c993075f09f0caed1429677b7fb37e36f18093899,cd9df2ade1ca21431041edcb14d5f17dd4911475861cec41755502771901127f,0eb4df990f6753bfc9e9029bf76f169c28456414
Climate_h4,0,1159,N+Q,2026,1,37.940208046370095,13b085d7666e6328115a155c993075f09f0caed1429677b7fb37e36f18093899,cd9df2ade1ca21431041edcb14d5f17dd4911475861cec41755502771901127f,0eb4df990f6753bfc9e9029bf76f169c28456414
Climate_h4,0,1159,N+Q,2026,2,38.09980075412846,13b085d7666e6328115a155c993075f09f0caed1429677b7fb37e36f18093899,cd9df2ade1ca21431041edcb14d5f17dd4911475861cec41755502771901127f,0eb4df990f6753bfc9e9029bf76f169c28456414
Climate_h4,0,1159,N+Q,2026,3,38.22855939164511,13b085d7666e6328115a155c993075f09f0caed1429677b7fb37e36f18093899,cd9df2ade1ca21431041edcb14d5f17dd4911475861cec41755502771901127f,0eb4df990f6753bfc9e9029bf76f169c28456414
Climate_h4,0,1159,N+Q,2026,4,38.3455594548586,13b085d7666e6328115a155c993075f09f0caed1429677b7fb37e36f18093899,cd9df2ade1ca21431041edcb14d5f17dd4911475861cec41755502771901127f,0eb4df990f6753bfc9e9029bf76f169c28456414
Climate_h4,0,1160,N+Q,2026,1,39.90537040265672,13b085d7666e6328115a155c993075f09f0caed1429677b7fb37e36f18093899,cd9df2ade1ca21431041edcb14d5f17dd4911475861cec41755502771901127f,0eb4df990f6753bfc9e9029bf76f169c28456414
Climate_h4,0,1160,N+Q,2026,2,40.047106599906805,13b085d7666e6328115a155c993075f09f0caed1429677b7fb37e36f18093899,cd9df2ade1ca21431041edcb14d5f17dd4911475861cec41755502771901127f,0eb4df990f6753bfc9e9029bf76f169c28456414
Climate_h4,0,1160,N+Q,2026,3,40.17744800444925,13b085d7666e6328115a155c993075f09f0caed1429677b7fb37e36f18093899,cd9df2ade1ca21431041edcb14d5f17dd4911475861cec41755502771901127f,0eb4df990f6753bfc9e9029bf76f169c28456414
Climate_h4,0,1160,N+Q,2026,4,40.298519322345854,13b085d7666e6328115a155c993075f09f0caed1429677b7fb37e36f18093899,cd9df2ade1ca21431041edcb14d5f17dd4911475861cec41755502771901127f,0eb4df990f6753bfc9e9029bf76f169c28456414
Climate_h4,0,1161,N+Q,2026,1,41.869276525891344,13b085d7666e6328115a155c993075f09f0caed1429677b7fb37e36f18093899,cd9df2ade1ca21431041edcb14d5f17dd4911475861cec41755502771901127f,0eb4df990f6753bfc9e9029bf76f169c28456414
Climate_h4,0,1161,N+Q,2026,2,42.00839775935121,13b085d7666e6328115a155c993075f09f0caed1429677b7fb37e36f18093899,cd9df2ade1ca21431041edcb14d5f17dd4911475861cec41755502771901127f,0eb4df990f6753bfc9e9029bf76f169c28456414
Climate_h4,0,1161,N+Q,2026,3,42.12671329659997,13b085d7666e6328115a155c993075f09f0caed1429677b7fb37e36f18093899,cd9df2ade1ca21431041edcb14d5f17dd4911475861cec41755502771901127f,0eb4df990f6753bfc9e9029bf76f169c28456414
Climate_h4,0,1161,N+Q,2026,4,42.22689922056672,13b085d7666e6328115a155c993075f09f0caed1429677b7fb37e36f18093899,cd9df2ade1ca21431041edcb14d5f17dd4911475861cec41755502771901127f,0eb4df990f6753bfc9e9029bf76f169c28456414
Climate_h4,0,1162,N+Q,2026,1,42.06050627943874,13b085d7666e6328115a155c993075f09f0caed1429677b7fb37e36f18093899,cd9df2ade1ca21431041edcb14d5f17dd4911475861cec41755502771901127f,0eb4df990f6753bfc9e9029bf76f169c28456414
Climate_h4,0,1162,N+Q,2026,2,42.18587894410087,13b085d7666e6328115a155c993075f09f0caed1429677b7fb37e36f18093899,cd9df2ade1ca21431041edcb14d5f17dd4911475861cec41755502771901127f,0eb4df990f6753bfc9e9029bf76f169c28456414
Climate_h4,0,1162,N+Q,2026,3,42.3098914895791,13b085d7666e6328115a155c993075f09f0caed1429677b7fb37e36f18093899,cd9df2ade1ca21431041edcb14d5f17dd4911475861cec41755502771901127f,0eb4df990f6753bfc9e9029bf76f169c28456414
Climate_h4,0,1162,N+Q,2026,4,42.42635839618976,13b085d7666e6328115a155c993075f09f0caed1429677b7fb37e36f18093899,cd9df2ade1ca21431041edcb14d5f17dd4911475861cec41755502771901127f,0eb4df990f6753bfc9e9029bf76f169c28456414
Climate_h4,0,1163,N+Q,2026,1,43.60538603087188,13b085d7666e6328115a155c993075f09f0caed1429677b7fb37e36f18093899,cd9df2ade1ca21431041edcb14d5f17dd4911475861cec41755502771901127f,0eb4df990f6753bfc9e9029bf76f169c28456414
Climate_h4,0,1163,N+Q,2026,2,43.72352453922235,13b085d7666e6328115a155c993075f09f0caed1429677b7fb37e36f18093899,cd9df2ade1ca21431041edcb14d5f17dd4911475861cec41755502771901127f,0eb4df990f6753bfc9e9029bf76f169c28456414
Climate_h4,0,1163,N+Q,2026,3,43.83746468746008,13b085d7666e6328115a155c993075f09f0caed1429677b7fb37e36f18093899,cd9df2ade1ca21431041edcb14d5f17dd4911475861cec41755502771901127f,0eb4df990f6753bfc9e9029bf76f169c28456414
Climate_h4,0,1163,N+Q,2026,4,43.932408361198966,13b085d7666e6328115a155c993075f09f0caed1429677b7fb37e36f18093899,cd9df2ade1ca21431041edcb14d5f17dd4911475861cec41755502771901127f,0eb4df990f6753bfc9e9029bf76f169c28456414
Climate_h4,0,1164,N+Q,2026,1,44.969834410340766,13b085d7666e6328115a155c993075f09f0caed1429677b7fb37e36f18093899,cd9df2ade1ca21431041edcb14d5f17dd4911475861cec41755502771901127f,0eb4df990f6753bfc9e9029bf76f169c28456414
Climate_h4,0,1164,N+Q,2026,2,45.07858042396652,13b085d7666e6328115a155c993075f09f0caed1429677b7fb37e36f18093899,cd9df2ade1ca21431041edcb14d5f17dd4911475861cec41755502771901127f,0eb4df990f6753bfc9e9029bf76f169c28456414
Climate_h4,0,1164,N+Q,2026,3,45.167178652683646,13b085d7666e6328115a155c993075f09f0caed1429677b7fb37e36f18093899,cd9df2ade1ca21431041edcb14d5f17dd4911475861cec41755502771901127f,0eb4df990f6753bfc9e9029bf76f169c28456414
Climate_h4,0,1164,N+Q,2026,4,45.24489107598076,13b085d7666e6328115a155c993075f09f0caed1429677b7fb37e36f18093899,cd9df2ade1ca21431041edcb14d5f17dd4911475861cec41755502771901127f,0eb4df990f6753bfc9e9029bf76f169c28456414
Climate_h4,0,1165,N+Q,2026,1,45.905095457006254,13b085d7666e6328115a155c993075f09f0caed1429677b7fb37e36f18093899,cd9df2ade1ca21431041edcb14d5f17dd4911475861cec41755502771901127f,0eb4df990f6753bfc9e9029bf76f169c28456414
Climate_h4,0,1165,N+Q,2026,2,45.98458082832191,13b085d7666e6328115a155c993075f09f0caed1429677b7fb37e36f18093899,cd9df2ade1ca21431041edcb14d5f17dd4911475861cec41755502771901127f,0eb4df990f6753bfc9e9029bf76f169c28456414
Climate_h4,0,1165,N+Q,2026,3,46.05183560016004,13b085d7666e6328115a155c993075f09f0caed1429677b7fb37e36f18093899,cd9df2ade1ca21431041edcb14d5f17dd4911475861cec41755502771901127f,0eb4df990f6753bfc9e9029bf76f169c28456414
Climate_h4,0,1165,N+Q,2026,4,46.10352158220018,13b085d7666e6328115a155c993075f09f0caed1429677b7fb37e36f18093899,cd9df2ade1ca21431041edcb14d5f17dd4911475861cec41755502771901127f,0eb4df990f6753bfc9e9029bf76f169c28456414
Climate_h4,0,1166,N+Q,2026,1,46.04579332140814,13b085d7666e6328115a155c993075f09f0caed1429677b7fb37e36f18093899,cd9df2ade1ca21431041edcb14d5f17dd4911475861cec41755502771901127f,0eb4df990f6753bfc9e9029bf76f169c28456414
Climate_h4,0,1166,N+Q,2026,2,46.11137719045272,13b085d7666e6328115a155c993075f09f0caed1429677b7fb37e36f18093899,cd9df2ade1ca21431041edcb14d5f17dd4911475861cec41755502771901127f,0eb4df990f6753bfc9e9029bf76f169c28456414
Climate_h4,0,1166,N+Q,2026,3,46.16587488286272,13b085d7666e6328115a155c993075f09f0caed1429677b7fb37e36f18093899,cd9df2ade1ca21431041edcb14d5f17dd4911475861cec41755502771901127f,0eb4df990f6753bfc9e9029bf76f169c28456414
Climate_h4,0,1166,N+Q,2026,4,46.21535822327005,13b085d7666e6328115a155c993075f09f0caed1429677b7fb37e36f18093899,cd9df2ade1ca21431041edcb14d5f17dd4911475861cec41755502771901127f,0eb4df990f6753bfc9e9029bf76f169c28456414
Climate_h4,0,1167,N+Q,2026,1,48.26954888543599,13b085d7666e6328115a155c993075f09f0caed1429677b7fb37e36f18093899,cd9df2ade1ca21431041edcb14d5f17dd4911475861cec41755502771901127f,0eb4df990f6753bfc9e9029bf76f169c28456414
Climate_h4,0,1167,N+Q,2026,2,48.307989683165616,13b085d7666e6328115a155c993075f09f0caed1429677b7fb37e36f18093899,cd9df2ade1ca21431041edcb14d5f17dd4911475861cec41755502771901127f,0eb4df990f6753bfc9e9029bf76f169c28456414
Climate_h4,0,1167,N+Q,2026,3,48.35088347853961,13b085d7666e6328115a155c993075f09f0caed1429677b7fb37e36f18093899,cd9df2ade1ca21431041edcb14d5f17dd4911475861cec41755502771901127f,0eb4df990f6753bfc9e9029bf76f169c28456414
Climate_h4,0,1167,N+Q,2026,4,48.37807532609218,13b085d7666e6328115a155c993075f09f0caed1429677b7fb37e36f18093899,cd9df2ade1ca21431041edcb14d5f17dd4911475861cec41755502771901127f,0eb4df990f6753bfc9e9029bf76f169c28456414
Climate_h4,0,1168,N+Q,2026,1,46.622494811366096,13b085d7666e6328115a155c993075f09f0caed1429677b7fb37e36f18093899,cd9df2ade1ca21431041edcb14d5f17dd4911475861cec41755502771901127f,0eb4df990f6753bfc9e9029bf76f169c28456414
Climate_h4,0,1168,N+Q,2026,2,46.661548331519526,13b085d7666e6328115a155c993075f09f0caed1429677b7fb37e36f18093899,cd9df2ade1ca21431041edcb14d5f17dd4911475861cec41755502771901127f,0eb4df990f6753bfc9e9029bf76f169c28456414
Climate_h4,0,1168,N+Q,2026,3,46.694522079122336,13b085d7666e6328115a155c993075f09f0caed1429677b7fb37e36f18093899,cd9df2ade1ca21431041edcb14d5f17dd4911475861cec41755502771901127f,0eb4df990f6753bfc9e9029bf76f169c28456414
Climate_h4,0,1168,N+Q,2026,4,46.728506111518975,13b085d7666e6328115a155c993075f09f0caed1429677b7fb37e36f18093899,cd9df2ade1ca21431041edcb14d5f17dd4911475861cec41755502771901127f,0eb4df990f6753bfc9e9029bf76f169c28456414
Climate_h4,0,1169,N+Q,2026,1,46.67026518882447,13b085d7666e6328115a155c993075f09f0caed1429677b7fb37e36f18093899,cd9df2ade1ca21431041edcb14d5f17dd4911475861cec41755502771901127f,0eb4df990f6753bfc9e9029bf76f169c28456414
Climate_h4,0,1169,N+Q,2026,2,46.70390909023004,13b085d7666e6328115a155c993075f09f0caed1429677b7fb37e36f18093899,cd9df2ade1ca21431041edcb14d5f17dd4911475861cec41755502771901127f,0eb4df990f6753bfc9e9029bf76f169c28456414
Climate_h4,0,1169,N+Q,2026,3,46.75638968613647,13b085d7666e6328115a155c993075f09f0caed1429677b7fb37e36f18093899,cd9df2ade1ca21431041edcb14d5f17dd4911475861cec41755502771901127f,0eb4df990f6753bfc9e9029bf76f169c28456414
Climate_h4,0,1169,N+Q,2026,4,46.81132703704915,13b085d7666e6328115a155c993075f09f0caed1429677b7fb37e36f18093899,cd9df2ade1ca21431041edcb14d5f17dd4911475861cec41755502771901127f,0eb4df990f6753bfc9e9029bf76f169c28456414
Climate_h4,0,1170,N+Q,2026,1,48.46081957295542,13b085d7666e6328115a155c993075f09f0caed1429677b7fb37e36f18093899,cd9df2ade1ca21431041edcb14d5f17dd4911475861cec41755502771901127f,0eb4df990f6753bfc9e9029bf76f169c28456414
Climate_h4,0,1170,N+Q,2026,2,48.4798735145835,13b085d7666e6328115a155c993075f09f0caed1429677b7fb37e36f18093899,cd9df2ade1ca21431041edcb14d5f17dd4911475861cec41755502771901127f,0eb4df990f6753bfc9e9029bf76f169c28456414
Climate_h4,0,1170,N+Q,2026,3,48.52021940118263,13b085d7666e6328115a155c993075f09f0caed1429677b7fb37e36f18093899,cd9df2ade1ca21431041edcb14d5f17dd4911475861cec41755502771901127f,0eb4df990f6753bfc9e9029bf76f169c28456414
Climate_h4,0,1170,N+Q,2026,4,48.58993612100527,13b085d7666e6328115a155c993075f09f0caed1429677b7fb37e36f18093899,cd9df2ade1ca21431041edcb14d5f17dd4911475861cec41755502771901127f,0eb4df990f6753bfc9e9029bf76f169c28456414
Climate_h4,0,1171,N+Q,2026,1,45.12882733274572,13b085d7666e6328115a155c993075f09f0caed1429677b7fb37e36f18093899,cd9df2ade1ca21431041edcb14d5f17dd4911475861cec41755502771901127f,0eb4df990f6753bfc9e9029bf76f169c28456414
Climate_h4,0,1171,N+Q,2026,2,45.177868237607356,13b085d7666e6328115a155c993075f09f0caed1429677b7fb37e36f18093899,cd9df2ade1ca21431041edcb14d5f17dd4911475861cec41755502771901127f,0eb4df990f6753bfc9e9029bf76f169c28456414
Climate_h4,0,1171,N+Q,2026,3,45.26568976475442,13b085d7666e6328115a155c993075f09f0caed1429677b7fb37e36f18093899,cd9df2ade1ca21431041edcb14d5f17dd4911475861cec41755502771901127f,0eb4df990f6753bfc9e9029bf76f169c28456414
Climate_h4,0,1171,N+Q,2026,4,45.39948259239082,13b085d7666e6328115a155c993075f09f0caed1429677b7fb37e36f18093899,cd9df2ade1ca21431041edcb14d5f17dd4911475861cec41755502771901127f,0eb4df990f6753bfc9e9029bf76f169c28456414
Climate_h4,0,1172,N+Q,2026,1,44.85469495249329,13b085d7666e6328115a155c993075f09f0caed1429677b7fb37e36f18093899,cd9df2ade1ca21431041edcb14d5f17dd4911475861cec41755502771901127f,0eb4df990f6753bfc9e9029bf76f169c28456414
Climate_h4,0,1172,N+Q,2026,2,44.9499619104701,13b085d7666e6328115a155c993075f09f0caed1429677b7fb37e36f18093899,cd9df2ade1ca21431041edcb14d5f17dd4911475861cec41755502771901127f,0eb4df990f6753bfc9e9029bf76f169c28456414
Climate_h4,0,1172,N+Q,2026,3,45.09749893762795,13b085d7666e6328115a155c993075f09f0caed1429677b7fb37e36f18093899,cd9df2ade1ca21431041edcb14d5f17dd4911475861cec41755502771901127f,0eb4df990f6753bfc9e9029bf76f169c28456414
Climate_h4,0,1172,N+Q,2026,4,45.29749538655503,13b085d7666e6328115a155c993075f09f0caed1429677b7fb37e36f18093899,cd9df2ade1ca21431041edcb14d5f17dd4911475861cec41755502771901127f,0eb4df990f6753bfc9e9029bf76f169c28456414
Climate_h4,0,1173,N+Q,2026,1,40.28107156516445,13b085d7666e6328115a155c993075f09f0caed1429677b7fb37e36f18093899,cd9df2ade1ca21431041edcb14d5f17dd4911475861cec41755502771901127f,0eb4df990f6753bfc9e9029bf76f169c28456414
Climate_h4,0,1173,N+Q,2026,2,40.461022126836845,13b085d7666e6328115a155c993075f09f0caed1429677b7fb37e36f18093899,cd9df2ade1ca21431041edcb14d5f17dd4911475861cec41755502771901127f,0eb4df990f6753bfc9e9029bf76f169c28456414
Climate_h4,0,1173,N+Q,2026,3,40.69464753850188,13b085d7666e6328115a155c993075f09f0caed1429677b7fb37e36f18093899,cd9df2ade1ca21431041edcb14d5f17dd4911475861cec41755502771901127f,0eb4df990f6753bfc9e9029bf76f169c28456414
Climate_h4,0,1173,N+Q,2026,4,40.975753454086274,13b085d7666e6328115a155c993075f09f0caed1429677b7fb37e36f18093899,cd9df2ade1ca21431041edcb14d5f17dd4911475861cec41755502771901127f,0eb4df990f6753bfc9e9029bf76f169c28456414
Climate_h4,0,1174,N+Q,2026,1,35.144358466459124,13b085d7666e6328115a155c993075f09f0caed1429677b7fb37e36f18093899,cd9df2ade1ca21431041edcb14d5f17dd4911475861cec41755502771901127f,0eb4df990f6753bfc9e9029bf76f169c28456414
Climate_h4,0,1174,N+Q,2026,2,35.41951976451778,13b085d7666e6328115a155c993075f09f0caed1429677b7fb37e36f18093899,cd9df2ade1ca21431041edcb14d5f17dd4911475861cec41755502771901127f,0eb4df990f6753bfc9e9029bf76f169c28456414
Climate_h4,0,1174,N+Q,2026,3,35.742416925132225,13b085d7666e6328115a155c993075f09f0caed1429677b7fb37e36f18093899,cd9df2ade1ca21431041edcb14d5f17dd4911475861cec41755502771901127f,0eb4df990f6753bfc9e9029bf76f169c28456414
Climate_h4,0,1174,N+Q,2026,4,36.093172164795504,13b085d7666e6328115a155c993075f09f0caed1429677b7fb37e36f18093899,cd9df2ade1ca21431041edcb14d5f17dd4911475861cec41755502771901127f,0eb4df990f6753bfc9e9029bf76f169c28456414
Climate_h4,0,1175,N+Q,2026,1,34.20051761020427,13b085d7666e6328115a155c993075f09f0caed1429677b7fb37e36f18093899,cd9df2ade1ca21431041edcb14d5f17dd4911475861cec41755502771901127f,0eb4df990f6753bfc9e9029bf76f169c28456414
Climate_h4,0,1175,N+Q,2026,2,34.57304278147988,13b085d7666e6328115a155c993075f09f0caed1429677b7fb37e36f18093899,cd9df2ade1ca21431041edcb14d5f17dd4911475861cec41755502771901127f,0eb4df990f6753bfc9e9029bf76f169c28456414
Climate_h4,0,1175,N+Q,2026,3,34.96873173618108,13b085d7666e6328115a155c993075f09f0caed1429677b7fb37e36f18093899,cd9df2ade1ca21431041edcb14d5f17dd4911475861cec41755502771901127f,0eb4df990f6753bfc9e9029bf76f169c28456414
Climate_h4,0,1175,N+Q,2026,4,35.39418659478006,13b085d7666e6328115a155c993075f09f0caed1429677b7fb37e36f18093899,cd9df2ade1ca21431041edcb14d5f17dd4911475861cec41755502771901127f,0eb4df990f6753bfc9e9029bf76f169c28456414
Climate_h4,0,1176,N+Q,2026,1,35.7074564193875,13b085d7666e6328115a155c993075f09f0caed1429677b7fb37e36f18093899,cd9df2ade1ca21431041edcb14d5f17dd4911475861cec41755502771901127f,0eb4df990f6753bfc9e9029bf76f169c28456414
Climate_h4,0,1176,N+Q,2026,2,36.137012694299244,13b085d7666e6328115a155c993075f09f0caed1429677b7fb37e36f18093899,cd9df2ade1ca21431041edcb14d5f17dd4911475861cec41755502771901127f,0eb4df990f6753bfc9e9029bf76f169c28456414
Climate_h4,0,1176,N+Q,2026,3,36.58901881553883,13b085d7666e6328115a155c993075f09f0caed1429677b7fb37e36f18093899,cd9df2ade1ca21431041edcb14d5f17dd4911475861cec41755502771901127f,0eb4df990f6753bfc9e9029bf76f169c28456414
Climate_h4,0,1176,N+Q,2026,4,37.07454923855935,13b085d7666e6328115a155c993075f09f0caed1429677b7fb37e36f18093899,cd9df2ade1ca21431041edcb14d5f17dd4911475861cec41755502771901127f,0eb4df990f6753bfc9e9029bf76f169c28456414
Climate_h4,0,1177,N+Q,2026,1,37.11530660190205,13b085d7666e6328115a155c993075f09f0caed1429677b7fb37e36f18093899,cd9df2ade1ca21431041edcb14d5f17dd4911475861cec41755502771901127f,0eb4df990f6753bfc9e9029bf76f169c28456414
Climate_h4,0,1177,N+Q,2026,2,37.58924216442333,13b085d7666e6328115a155c993075f09f0caed1429677b7fb37e36f18093899,cd9df2ade1ca21431041edcb14d5f17dd4911475861cec41755502771901127f,0eb4df990f6753bfc9e9029bf76f169c28456414
Climate_h4,0,1177,N+Q,2026,3,38.087695207136775,13b085d7666e6328115a155c993075f09f0caed1429677b7fb37e36f18093899,cd9df2ade1ca21431041edcb14d5f17dd4911475861cec41755502771901127f,0eb4df990f6753bfc9e9029bf76f169c28456414
Climate_h4,0,1177,N+Q,2026,4,38.62988187611315,13b085d7666e6328115a155c993075f09f0caed1429677b7fb37e36f18093899,cd9df2ade1ca21431041edcb14d5f17dd4911475861cec41755502771901127f,0eb4df990f6753bfc9e9029bf76f169c28456414
Climate_h4,0,1178,N+Q,2026,1,40.0644490837546,13b085d7666e6328115a155c993075f09f0caed1429677b7fb37e36f18093899,cd9df2ade1ca21431041edcb14d5f17dd4911475861cec41755502771901127f,0eb4df990f6753bfc9e9029bf76f169c28456414
Climate_h4,0,1178,N+Q,2026,2,40.55782745953001,13b085d7666e6328115a155c993075f09f0caed1429677b7fb37e36f18093899,cd9df2ade1ca21431041edcb14d5f17dd4911475861cec41755502771901127f,0eb4df990f6753bfc9e9029bf76f169c28456414
Climate_h4,0,1178,N+Q,2026,3,41.08652203388403,13b085d7666e6328115a155c993075f09f0caed1429677b7fb37e36f18093899,cd9df2ade1ca21431041edcb14d5f17dd4911475861cec41755502771901127f,0eb4df990f6753bfc9e9029bf76f169c28456414
Climate_h4,0,1178,N+Q,2026,4,41.65268575970568,13b085d7666e6328115a155c993075f09f0caed1429677b7fb37e36f18093899,cd9df2ade1ca21431041edcb14d5f17dd4911475861cec41755502771901127f,0eb4df990f6753bfc9e9029bf76f169c28456414
Climate_h4,0,1179,N+Q,2026,1,43.75430270644169,13b085d7666e6328115a155c993075f09f0caed1429677b7fb37e36f18093899,cd9df2ade1ca21431041edcb14d5f17dd4911475861cec41755502771901127f,0eb4df990f6753bfc9e9029bf76f169c28456414
Climate_h4,0,1179,N+Q,2026,2,44.26698853992559,13b085d7666e6328115a155c993075f09f0caed1429677b7fb37e36f18093899,cd9df2ade1ca21431041edcb14d5f17dd4911475861cec41755502771901127f,0eb4df990f6753bfc9e9029bf76f169c28456414
Climate_h4,0,1179,N+Q,2026,3,44.81073834808804,13b085d7666e6328115a155c993075f09f0caed1429677b7fb37e36f18093899,cd9df2ade1ca21431041edcb14d5f17dd4911475861cec41755502771901127f,0eb4df990f6753bfc9e9029bf76f169c28456414
Climate_h4,0,1179,N+Q,2026,4,45.372975807990116,13b085d7666e6328115a155c993075f09f0caed1429677b7fb37e36f18093899,cd9df2ade1ca21431041edcb14d5f17dd4911475861cec41755502771901127f,0eb4df990f6753bfc9e9029bf76f169c28456414
Climate_h4,0,1180,N+Q,2026,1,45.056457023092555,13b085d7666e6328115a155c993075f09f0caed1429677b7fb37e36f18093899,cd9df2ade1ca21431041edcb14d5f17dd4911475861cec41755502771901127f,0eb4df990f6753bfc9e9029bf76f169c28456414
Climate_h4,0,1180,N+Q,2026,2,45.58497749305923,13b085d7666e6328115a155c993075f09f0caed1429677b7fb37e36f18093899,cd9df2ade1ca21431041edcb14d5f17dd4911475861cec41755502771901127f,0eb4df990f6753bfc9e9029bf76f169c28456414
Climate_h4,0,1180,N+Q,2026,3,46.12475939646411,13b085d7666e6328115a155c993075f09f0caed1429677b7fb37e36f18093899,cd9df2ade1ca21431041edcb14d5f17dd4911475861cec41755502771901127f,0eb4df990f6753bfc9e9029bf76f169c28456414
Climate_h4,0,1180,N+Q,2026,4,46.66880419457772,13b085d7666e6328115a155c993075f09f0caed1429677b7fb37e36f18093899,cd9df2ade1ca21431041edcb14d5f17dd4911475861cec41755502771901127f,0eb4df990f6753bfc9e9029bf76f169c28456414
Climate_h4,0,1181,N+Q,2026,1,44.22454475435285,13b085d7666e6328115a155c993075f09f0caed1429677b7fb37e36f18093899,cd9df2ade1ca21431041edcb14d5f17dd4911475861cec41755502771901127f,0eb4df990f6753bfc9e9029bf76f169c28456414
Climate_h4,0,1181,N+Q,2026,2,44.758426535334834,13b085d7666e6328115a155c993075f09f0caed1429677b7fb37e36f18093899,cd9df2ade1ca21431041edcb14d5f17dd4911475861cec41755502771901127f,0eb4df990f6753bfc9e9029bf76f169c28456414
Climate_h4,0,1181,N+Q,2026,3,45.2922362876285,13b085d7666e6328115a155c993075f09f0caed1429677b7fb37e36f18093899,cd9df2ade1ca21431041edcb14d5f17dd4911475861cec41755502771901127f,0eb4df990f6753bfc9e9029bf76f169c28456414
Climate_h4,0,1181,N+Q,2026,4,45.81627847039608,13b085d7666e6328115a155c993075f09f0caed1429677b7fb37e36f18093899,cd9df2ade1ca21431041edcb14d5f17dd4911475861cec41755502771901127f,0eb4df990f6753bfc9e9029bf76f169c28456414
Climate_h4,0,1182,N+Q,2026,1,46.22034634461158,13b085d7666e6328115a155c993075f09f0caed1429677b7fb37e36f18093899,cd9df2ade1ca21431041edcb14d5f17dd4911475861cec41755502771901127f,0eb4df990f6753bfc9e9029bf76f169c28456414
Climate_h4,0,1182,N+Q,2026,2,46.73878452612597,13b085d7666e6328115a155c993075f09f0caed1429677b7fb37e36f18093899,cd9df2ade1ca21431041edcb14d5f17dd4911475861cec41755502771901127f,0eb4df990f6753bfc9e9029bf76f169c28456414
Climate_h4,0,1182,N+Q,2026,3,47.248750933051504,13b085d7666e6328115a155c993075f09f0caed1429677b7fb37e36f18093899,cd9df2ade1ca21431041edcb14d5f17dd4911475861cec41755502771901127f,0eb4df990f6753bfc9e9029bf76f169c28456414
Climate_h4,0,1182,N+Q,2026,4,47.7431002846677,13b085d7666e6328115a155c993075f09f0caed1429677b7fb37e36f18093899,cd9df2ade1ca21431041edcb14d5f17dd4911475861cec41755502771901127f,0eb4df990f6753bfc9e9029bf76f169c28456414
Climate_h4,0,1183,N+Q,2026,1,46.157459490432124,13b085d7666e6328115a155c993075f09f0caed1429677b7fb37e36f18093899,cd9df2ade1ca21431041edcb14d5f17dd4911475861cec41755502771901127f,0eb4df990f6753bfc9e9029bf76f169c28456414
Climate_h4,0,1183,N+Q,2026,2,46.64417967713708,13b085d7666e6328115a155c993075f09f0caed1429677b7fb37e36f18093899,cd9df2ade1ca21431041edcb14d5f17dd4911475861cec41755502771901127f,0eb4df990f6753bfc9e9029bf76f169c28456414
Climate_h4,0,1183,N+Q,2026,3,47.12427184653903,13b085d7666e6328115a155c993075f09f0caed1429677b7fb37e36f18093899,cd9df2ade1ca21431041edcb14d5f17dd4911475861cec41755502771901127f,0eb4df990f6753bfc9e9029bf76f169c28456414
Climate_h4,0,1183,N+Q,2026,4,47.5543244411733,13b085d7666e6328115a155c993075f09f0caed1429677b7fb37e36f18093899,cd9df2ade1ca21431041edcb14d5f17dd4911475861cec41755502771901127f,0eb4df990f6753bfc9e9029bf76f169c28456414
Climate_h4,0,1184,N+Q,2026,1,46.963220956185616,13b085d7666e6328115a155c993075f09f0caed1429677b7fb37e36f18093899,cd9df2ade1ca21431041edcb14d5f17dd4911475861cec41755502771901127f,0eb4df990f6753bfc9e9029bf76f169c28456414
Climate_h4,0,1184,N+Q,2026,2,47.425560763654,13b085d7666e6328115a155c993075f09f0caed1429677b7fb37e36f18093899,cd9df2ade1ca21431041edcb14d5f17dd4911475861cec41755502771901127f,0eb4df990f6753bfc9e9029bf76f169c28456414
Climate_h4,0,1184,N+Q,2026,3,47.85101137802362,13b085d7666e6328115a155c993075f09f0caed1429677b7fb37e36f18093899,cd9df2ade1ca21431041edcb14d5f17dd4911475861cec41755502771901127f,0eb4df990f6753bfc9e9029bf76f169c28456414
Climate_h4,0,1184,N+Q,2026,4,48.221227922588895,13b085d7666e6328115a155c993075f09f0caed1429677b7fb37e36f18093899,cd9df2ade1ca21431041edcb14d5f17dd4911475861cec41755502771901127f,0eb4df990f6753bfc9e9029bf76f169c28456414
Climate_h4,0,1185,N+Q,2026,1,44.83816738443849,13b085d7666e6328115a155c993075f09f0caed1429677b7fb37e36f18093899,cd9df2ade1ca21431041edcb14d5f17dd4911475861cec41755502771901127f,0eb4df990f6753bfc9e9029bf76f169c28456414
Climate_h4,0,1185,N+Q,2026,2,45.26667460032853,13b085d7666e6328115a155c993075f09f0caed1429677b7fb37e36f18093899,cd9df2ade1ca21431041edcb14d5f17dd4911475861cec41755502771901127f,0eb4df990f6753bfc9e9029bf76f169c28456414
Climate_h4,0,1185,N+Q,2026,3,45.64862211810216,13b085d7666e6328115a155c993075f09f0caed1429677b7fb37e36f18093899,cd9df2ade1ca21431041edcb14d5f17dd4911475861cec41755502771901127f,0eb4df990f6753bfc9e9029bf76f169c28456414
Climate_h4,0,1185,N+Q,2026,4,45.98025594947577,13b085d7666e6328115a155c993075f09f0caed1429677b7fb37e36f18093899,cd9df2ade1ca21431041edcb14d5f17dd4911475861cec41755502771901127f,0eb4df990f6753bfc9e9029bf76f169c28456414
Climate_h4,0,1186,N+Q,2026,1,42.52116022431495,13b085d7666e6328115a155c993075f09f0caed1429677b7fb37e36f18093899,cd9df2ade1ca21431041edcb14d5f17dd4911475861cec41755502771901127f,0eb4df990f6753bfc9e9029bf76f169c28456414
Climate_h4,0,1186,N+Q,2026,2,42.924463882749144,13b085d7666e6328115a155c993075f09f0caed1429677b7fb37e36f18093899,cd9df2ade1ca21431041edcb14d5f17dd4911475861cec41755502771901127f,0eb4df990f6753bfc9e9029bf76f169c28456414
Climate_h4,0,1186,N+Q,2026,3,43.27993232839193,13b085d7666e6328115a155c993075f09f0caed1429677b7fb37e36f18093899,cd9df2ade1ca21431041edcb14d5f17dd4911475861cec41755502771901127f,0eb4df990f6753bfc9e9029bf76f169c28456414
Climate_h4,0,1186,N+Q,2026,4,43.58259863854335,13b085d7666e6328115a155c993075f09f0caed1429677b7fb37e36f18093899,cd9df2ade1ca21431041edcb14d5f17dd4911475861cec41755502771901127f,0eb4df990f6753bfc9e9029bf76f169c28456414
Climate_h4,0,1187,N+Q,2026,1,37.32558957488803,13b085d7666e6328115a155c993075f09f0caed1429677b7fb37e36f18093899,cd9df2ade1ca21431041edcb14d5f17dd4911475861cec41755502771901127f,0eb4df990f6753bfc9e9029bf76f169c28456414
Climate_h4,0,1187,N+Q,2026,2,37.722511251468866,13b085d7666e6328115a155c993075f09f0caed1429677b7fb37e36f18093899,cd9df2ade1ca21431041edcb14d5f17dd4911475861cec41755502771901127f,0eb4df990f6753bfc9e9029bf76f169c28456414
Climate_h4,0,1187,N+Q,2026,3,38.06497570323057,13b085d7666e6328115a155c993075f09f0caed1429677b7fb37e36f18093899,cd9df2ade1ca21431041edcb14d5f17dd4911475861cec41755502771901127f,0eb4df990f6753bfc9e9029bf76f169c28456414
Climate_h4,0,1187,N+Q,2026,4,38.36878658189707,13b085d7666e6328115a155c993075f09f0caed1429677b7fb37e36f18093899,cd9df2ade1ca21431041edcb14d5f17dd4911475861cec41755502771901127f,0eb4df990f6753bfc9e9029bf76f169c28456414
Climate_h4,0,1188,N+Q,2026,1,35.571570636031545,13b085d7666e6328115a155c993075f09f0caed1429677b7fb37e36f18093899,cd9df2ade1ca21431041edcb14d5f17dd4911475861cec41755502771901127f,0eb4df990f6753bfc9e9029bf76f169c28456414
Climate_h4,0,1188,N+Q,2026,2,35.96527249483738,13b085d7666e6328115a155c993075f09f0caed1429677b7fb37e36f18093899,cd9df2ade1ca21431041edcb14d5f17dd4911475861cec41755502771901127f,0eb4df990f6753bfc9e9029bf76f169c28456414
Climate_h4,0,1188,N+Q,2026,3,36.31765795527543,13b085d7666e6328115a155c993075f09f0caed1429677b7fb37e36f18093899,cd9df2ade1ca21431041edcb14d5f17dd4911475861cec41755502771901127f,0eb4df990f6753bfc9e9029bf76f169c28456414
Climate_h4,0,1188,N+Q,2026,4,36.65194197492869,13b085d7666e6328115a155c993075f09f0caed1429677b7fb37e36f18093899,cd9df2ade1ca21431041edcb14d5f17dd4911475861cec41755502771901127f,0eb4df990f6753bfc9e9029bf76f169c28456414
Climate_h4,0,1189,N+Q,2026,1,31.909695188322317,13b085d7666e6328115a155c993075f09f0caed1429677b7fb37e36f18093899,cd9df2ade1ca21431041edcb14d5f17dd4911475861cec41755502771901127f,0eb4df990f6753bfc9e9029bf76f169c28456414
Climate_h4,0,1189,N+Q,2026,2,32.32383633764451,13b085d7666e6328115a155c993075f09f0caed1429677b7fb37e36f18093899,cd9df2ade1ca21431041edcb14d5f17dd4911475861cec41755502771901127f,0eb4df990f6753bfc9e9029bf76f169c28456414
Climate_h4,0,1189,N+Q,2026,3,32.71494361295687,13b085d7666e6328115a155c993075f09f0caed1429677b7fb37e36f18093899,cd9df2ade1ca21431041edcb14d5f17dd4911475861cec41755502771901127f,0eb4df990f6753bfc9e9029bf76f169c28456414
Climate_h4,0,1189,N+Q,2026,4,33.09568025546738,13b085d7666e6328115a155c993075f09f0caed1429677b7fb37e36f18093899,cd9df2ade1ca21431041edcb14d5f17dd4911475861cec41755502771901127f,0eb4df990f6753bfc9e9029bf76f169c28456414
Climate_h4,0,1190,N+Q,2026,1,31.54337675418371,13b085d7666e6328115a155c993075f09f0caed1429677b7fb37e36f18093899,cd9df2ade1ca21431041edcb14d5f17dd4911475861cec41755502771901127f,0eb4df990f6753bfc9e9029bf76f169c28456414
Climate_h4,0,1190,N+Q,2026,2,31.985074787995647,13b085d7666e6328115a155c993075f09f0caed1429677b7fb37e36f18093899,cd9df2ade1ca21431041edcb14d5f17dd4911475861cec41755502771901127f,0eb4df990f6753bfc9e9029bf76f169c28456414
Climate_h4,0,1190,N+Q,2026,3,32.40968950578059,13b085d7666e6328115a155c993075f09f0caed1429677b7fb37e36f18093899,cd9df2ade1ca21431041edcb14d5f17dd4911475861cec41755502771901127f,0eb4df990f6753bfc9e9029bf76f169c28456414
Climate_h4,0,1190,N+Q,2026,4,32.83154380765568,13b085d7666e6328115a155c993075f09f0caed1429677b7fb37e36f18093899,cd9df2ade1ca21431041edcb14d5f17dd4911475861cec41755502771901127f,0eb4df990f6753bfc9e9029bf76f169c28456414
Climate_h4,0,1191,N+Q,2026,1,29.70331586924984,13b085d7666e6328115a155c993075f09f0caed1429677b7fb37e36f18093899,cd9df2ade1ca21431041edcb14d5f17dd4911475861cec41755502771901127f,0eb4df990f6753bfc9e9029bf76f169c28456414
Climate_h4,0,1191,N+Q,2026,2,30.175664336930165,13b085d7666e6328115a155c993075f09f0caed1429677b7fb37e36f18093899,cd9df2ade1ca21431041edcb14d5f17dd4911475861cec41755502771901127f,0eb4df990f6753bfc9e9029bf76f169c28456414
Climate_h4,0,1191,N+Q,2026,3,30.639392612152097,13b085d7666e6328115a155c993075f09f0caed1429677b7fb37e36f18093899,cd9df2ade1ca21431041edcb14d5f17dd4911475861cec41755502771901127f,0eb4df990f6753bfc9e9029bf76f169c28456414
Climate_h4,0,1191,N+Q,2026,4,31.111008026251543,13b085d7666e6328115a155c993075f09f0caed1429677b7fb37e36f18093899,cd9df2ade1ca21431041edcb14d5f17dd4911475861cec41755502771901127f,0eb4df990f6753bfc9e9029bf76f169c28456414
Climate_h4,0,1192,N+Q,2026,1,29.078575006828036,13b085d7666e6328115a155c993075f09f0caed1429677b7fb37e36f18093899,cd9df2ade1ca21431041edcb14d5f17dd4911475861cec41755502771901127f,0eb4df990f6753bfc9e9029bf76f169c28456414
Climate_h4,0,1192,N+Q,2026,2,29.589706565061327,13b085d7666e6328115a155c993075f09f0caed1429677b7fb37e36f18093899,cd9df2ade1ca21431041edcb14d5f17dd4911475861cec41755502771901127f,0eb4df990f6753bfc9e9029bf76f169c28456414
Climate_h4,0,1192,N+Q,2026,3,30.096446013789585,13b085d7666e6328115a155c993075f09f0caed1429677b7fb37e36f18093899,cd9df2ade1ca21431041edcb14d5f17dd4911475861cec41755502771901127f,0eb4df990f6753bfc9e9029bf76f169c28456414
Climate_h4,0,1192,N+Q,2026,4,30.592625629440064,13b085d7666e6328115a155c993075f09f0caed1429677b7fb37e36f18093899,cd9df2ade1ca21431041edcb14d5f17dd4911475861cec41755502771901127f,0eb4df990f6753bfc9e9029bf76f169c28456414
Climate_h4,0,1193,N+Q,2026,1,29.35044088788742,13b085d7666e6328115a155c993075f09f0caed1429677b7fb37e36f18093899,cd9df2ade1ca21431041edcb14d5f17dd4911475861cec41755502771901127f,0eb4df990f6753bfc9e9029bf76f169c28456414
Climate_h4,0,1193,N+Q,2026,2,29.892003846912562,13b085d7666e6328115a155c993075f09f0caed1429677b7fb37e36f18093899,cd9df2ade1ca21431041edcb14d5f17dd4911475861cec41755502771901127f,0eb4df990f6753bfc9e9029bf76f169c28456414
Climate_h4,0,1193,N+Q,2026,3,30.41684457157078,13b085d7666e6328115a155c993075f09f0caed1429677b7fb37e36f18093899,cd9df2ade1ca21431041edcb14d5f17dd4911475861cec41755502771901127f,0eb4df990f6753bfc9e9029bf76f169c28456414
Climate_h4,0,1193,N+Q,2026,4,30.9225809585908,13b085d7666e6328115a155c993075f09f0caed1429677b7fb37e36f18093899,cd9df2ade1ca21431041edcb14d5f17dd4911475861cec41755502771901127f,0eb4df990f6753bfc9e9029bf76f169c28456414
Climate_h4,0,1194,N+Q,2026,1,32.00131193684069,13b085d7666e6328115a155c993075f09f0caed1429677b7fb37e36f18093899,cd9df2ade1ca21431041edcb14d5f17dd4911475861cec41755502771901127f,0eb4df990f6753bfc9e9029bf76f169c28456414
Climate_h4,0,1194,N+Q,2026,2,32.53855261005475,13b085d7666e6328115a155c993075f09f0caed1429677b7fb37e36f18093899,cd9df2ade1ca21431041edcb14d5f17dd4911475861cec41755502771901127f,0eb4df990f6753bfc9e9029bf76f169c28456414
Climate_h4,0,1194,N+Q,2026,3,33.052897099830915,13b085d7666e6328115a155c993075f09f0caed1429677b7fb37e36f18093899,cd9df2ade1ca21431041edcb14d5f17dd4911475861cec41755502771901127f,0eb4df990f6753bfc9e9029bf76f169c28456414
Climate_h4,0,1194,N+Q,2026,4,33.537449919179096,13b085d7666e6328115a155c993075f09f0caed1429677b7fb37e36f18093899,cd9df2ade1ca21431041edcb14d5f17dd4911475861cec41755502771901127f,0eb4df990f6753bfc9e9029bf76f169c28456414
Climate_h4,0,1195,N+Q,2026,1,32.11026970084447,13b085d7666e6328115a155c993075f09f0caed1429677b7fb37e36f18093899,cd9df2ade1ca21431041edcb14d5f17dd4911475861cec41755502771901127f,0eb4df990f6753bfc9e9029bf76f169c28456414
Climate_h4,0,1195,N+Q,2026,2,32.63394374771585,13b085d7666e6328115a155c993075f09f0caed1429677b7fb37e36f18093899,cd9df2ade1ca21431041edcb14d5f17dd4911475861cec41755502771901127f,0eb4df990f6753bfc9e9029bf76f169c28456414
Climate_h4,0,1195,N+Q,2026,3,33.12589756333058,13b085d7666e6328115a155c993075f09f0caed1429677b7fb37e36f18093899,cd9df2ade1ca21431041edcb14d5f17dd4911475861cec41755502771901127f,0eb4df990f6753bfc9e9029bf76f169c28456414
Climate_h4,0,1195,N+Q,2026,4,33.583054134881635,13b085d7666e6328115a155c993075f09f0caed1429677b7fb37e36f18093899,cd9df2ade1ca21431041edcb14d5f17dd4911475861cec41755502771901127f,0eb4df990f6753bfc9e9029bf76f169c28456414
Climate_h4,0,1196,N+Q,2026,1,33.818767364164366,13b085d7666e6328115a155c993075f09f0caed1429677b7fb37e36f18093899,cd9df2ade1ca21431041edcb14d5f17dd4911475861cec41755502771901127f,0eb4df990f6753bfc9e9029bf76f169c28456414
Climate_h4,0,1196,N+Q,2026,2,34.32121071067222,13b085d7666e6328115a155c993075f09f0caed1429677b7fb37e36f18093899,cd9df2ade1ca21431041edcb14d5f17dd4911475861cec41755502771901127f,0eb4df990f6753bfc9e9029bf76f169c28456414
Climate_h4,0,1196,N+Q,2026,3,34.77186277230837,13b085d7666e6328115a155c993075f09f0caed1429677b7fb37e36f18093899,cd9df2ade1ca21431041edcb14d5f17dd4911475861cec41755502771901127f,0eb4df990f6753bfc9e9029bf76f169c28456414
Climate_h4,0,1196,N+Q,2026,4,35.15910029066446,13b085d7666e6328115a155c993075f09f0caed1429677b7fb37e36f18093899,cd9df2ade1ca21431041edcb14d5f17dd4911475861cec41755502771901127f,0eb4df990f6753bfc9e9029bf76f169c28456414
Climate_h4,0,1197,N+Q,2026,1,34.759803503214194,13b085d7666e6328115a155c993075f09f0caed1429677b7fb37e36f18093899,cd9df2ade1ca21431041edcb14d5f17dd4911475861cec41755502771901127f,0eb4df990f6753bfc9e9029bf76f169c28456414
Climate_h4,0,1197,N+Q,2026,2,35.21568224110981,13b085d7666e6328115a155c993075f09f0caed1429677b7fb37e36f18093899,cd9df2ade1ca21431041edcb14d5f17dd4911475861cec41755502771901127f,0eb4df990f6753bfc9e9029bf76f169c28456414
Climate_h4,0,1197,N+Q,2026,3,35.62920186506182,13b085d7666e6328115a155c993075f09f0caed1429677b7fb37e36f18093899,cd9df2ade1ca21431041edcb14d5f17dd4911475861cec41755502771901127f,0eb4df990f6753bfc9e9029bf76f169c28456414
Climate_h4,0,1197,N+Q,2026,4,35.99673449344225,13b085d7666e6328115a155c993075f09f0caed1429677b7fb37e36f18093899,cd9df2ade1ca21431041edcb14d5f17dd4911475861cec41755502771901127f,0eb4df990f6753bfc9e9029bf76f169c28456414
Climate_h4,0,1198,N+Q,2026,1,35.50209532446511,13b085d7666e6328115a155c993075f09f0caed1429677b7fb37e36f18093899,cd9df2ade1ca21431041edcb14d5f17dd4911475861cec41755502771901127f,0eb4df990f6753bfc9e9029bf76f169c28456414
Climate_h4,0,1198,N+Q,2026,2,35.9180376463887,13b085d7666e6328115a155c993075f09f0caed1429677b7fb37e36f18093899,cd9df2ade1ca21431041edcb14d5f17dd4911475861cec41755502771901127f,0eb4df990f6753bfc9e9029bf76f169c28456414
Climate_h4,0,1198,N+Q,2026,3,36.292461700354636,13b085d7666e6328115a155c993075f09f0caed1429677b7fb37e36f18093899,cd9df2ade1ca21431041edcb14d5f17dd4911475861cec41755502771901127f,0eb4df990f6753bfc9e9029bf76f169c28456414
Climate_h4,0,1198,N+Q,2026,4,36.622916540684045,13b085d7666e6328115a155c993075f09f0caed1429677b7fb37e36f18093899,cd9df2ade1ca21431041edcb14d5f17dd4911475861cec41755502771901127f,0eb4df990f6753bfc9e9029bf76f169c28456414
Climate_h4,0,1199,N+Q,2026,1,38.61123904308194,13b085d7666e6328115a155c993075f09f0caed1429677b7fb37e36f18093899,cd9df2ade1ca21431041edcb14d5f17dd4911475861cec41755502771901127f,0eb4df990f6753bfc9e9029bf76f169c28456414
Climate_h4,0,1199,N+Q,2026,2,38.977420469934074,13b085d7666e6328115a155c993075f09f0caed1429677b7fb37e36f18093899,cd9df2ade1ca21431041edcb14d5f17dd4911475861cec41755502771901127f,0eb4df990f6753bfc9e9029bf76f169c28456414
Climate_h4,0,1199,N+Q,2026,3,39.30616867210713,13b085d7666e6328115a155c993075f09f0caed1429677b7fb37e36f18093899,cd9df2ade1ca21431041edcb14d5f17dd4911475861cec41755502771901127f,0eb4df990f6753bfc9e9029bf76f169c28456414
Climate_h4,0,1199,N+Q,2026,4,39.58687563537839,13b085d7666e6328115a155c993075f09f0caed1429677b7fb37e36f18093899,cd9df2ade1ca21431041edcb14d5f17dd4911475861cec41755502771901127f,0eb4df990f6753bfc9e9029bf76f169c28456414
Climate_h4,0,1200,N+Q,2026,1,38.434222305601274,13b085d7666e6328115a155c993075f09f0caed1429677b7fb37e36f18093899,cd9df2ade1ca21431041edcb14d5f17dd4911475861cec41755502771901127f,0eb4df990f6753bfc9e9029bf76f169c28456414
Climate_h4,0,1200,N+Q,2026,2,38.75183469480792,13b085d7666e6328115a155c993075f09f0caed1429677b7fb37e36f18093899,cd9df2ade1ca21431041edcb14d5f17dd4911475861cec41755502771901127f,0eb4df990f6753bfc9e9029bf76f169c28456414
Climate_h4,0,1200,N+Q,2026,3,39.03239845355515,13b085d7666e6328115a155c993075f09f0caed1429677b7fb37e36f18093899,cd9df2ade1ca21431041edcb14d5f17dd4911475861cec41755502771901127f,0eb4df990f6753bfc9e9029bf76f169c28456414
Climate_h4,0,1200,N+Q,2026,4,39.28168308464918,13b085d7666e6328115a155c993075f09f0caed1429677b7fb37e36f18093899,cd9df2ade1ca21431041edcb14d5f17dd4911475861cec41755502771901127f,0eb4df990f6753bfc9e9029bf76f169c28456414
Climate_h4,0,1201,N+Q,2026,1,42.195353964750815,13b085d7666e6328115a155c993075f09f0caed1429677b7fb37e36f18093899,cd9df2ade1ca21431041edcb14d5f17dd4911475861cec41755502771901127f,0eb4df990f6753bfc9e9029bf76f169c28456414
Climate_h4,0,1201,N+Q,2026,2,42.45676539256153,13b085d7666e6328115a155c993075f09f0caed1429677b7fb37e36f18093899,cd9df2ade1ca21431041edcb14d5f17dd4911475861cec41755502771901127f,0eb4df990f6753bfc9e9029bf76f169c28456414
Climate_h4,0,1201,N+Q,2026,3,42.7008171278158,13b085d7666e6328115a155c993075f09f0caed1429677b7fb37e36f18093899,cd9df2ade1ca21431041edcb14d5f17dd4911475861cec41755502771901127f,0eb4df990f6753bfc9e9029bf76f169c28456414
Climate_h4,0,1201,N+Q,2026,4,42.916224396900574,13b085d7666e6328115a155c993075f09f0caed1429677b7fb37e36f18093899,cd9df2ade1ca21431041edcb14d5f17dd4911475861cec41755502771901127f,0eb4df990f6753bfc9e9029bf76f169c28456414
Climate_h4,0,1202,N+Q,2026,1,44.60683063963034,13b085d7666e6328115a155c993075f09f0caed1429677b7fb37e36f18093899,cd9df2ade1ca21431041edcb14d5f17dd4911475861cec41755502771901127f,0eb4df990f6753bfc9e9029bf76f169c28456414
Climate_h4,0,1202,N+Q,2026,2,44.8277753080517,13b085d7666e6328115a155c993075f09f0caed1429677b7fb37e36f18093899,cd9df2ade1ca21431041edcb14d5f17dd4911475861cec41755502771901127f,0eb4df990f6753bfc9e9029bf76f169c28456414
Climate_h4,0,1202,N+Q,2026,3,45.03249155638361,13b085d7666e6328115a155c993075f09f0caed1429677b7fb37e36f18093899,cd9df2ade1ca21431041edcb14d5f17dd4911475861cec41755502771901127f,0eb4df990f6753bfc9e9029bf76f169c28456414
Climate_h4,0,1202,N+Q,2026,4,45.1993023368067,13b085d7666e6328115a155c993075f09f0caed1429677b7fb37e36f18093899,cd9df2ade1ca21431041edcb14d5f17dd4911475861cec41755502771901127f,0eb4df990f6753bfc9e9029bf76f169c28456414
Climate_h4,0,1203,N+Q,2026,1,45.877550824246725,13b085d7666e6328115a155c993075f09f0caed1429677b7fb37e36f18093899,cd9df2ade1ca21431041edcb14d5f17dd4911475861cec41755502771901127f,0eb4df990f6753bfc9e9029bf76f169c28456414
Climate_h4,0,1203,N+Q,2026,2,46.06366997898404,13b085d7666e6328115a155c993075f09f0caed1429677b7fb37e36f18093899,cd9df2ade1ca21431041edcb14d5f17dd4911475861cec41755502771901127f,0eb4df990f6753bfc9e9029bf76f169c28456414
Climate_h4,0,1203,N+Q,2026,3,46.22188046218563,13b085d7666e6328115a155c993075f09f0caed1429677b7fb37e36f18093899,cd9df2ade1ca21431041edcb14d5f17dd4911475861cec41755502771901127f,0eb4df990f6753bfc9e9029bf76f169c28456414
Climate_h4,0,1203,N+Q,2026,4,46.34500455261867,13b085d7666e6328115a155c993075f09f0caed1429677b7fb37e36f18093899,cd9df2ade1ca21431041edcb14d5f17dd4911475861cec41755502771901127f,0eb4df990f6753bfc9e9029bf76f169c28456414
Climate_h4,0,1204,N+Q,2026,1,47.45549298082101,13b085d7666e6328115a155c993075f09f0caed1429677b7fb37e36f18093899,cd9df2ade1ca21431041edcb14d5f17dd4911475861cec41755502771901127f,0eb4df990f6753bfc9e9029bf76f169c28456414
Climate_h4,0,1204,N+Q,2026,2,47.58910737553368,13b085d7666e6328115a155c993075f09f0caed1429677b7fb37e36f18093899,cd9df2ade1ca21431041edcb14d5f17dd4911475861cec41755502771901127f,0eb4df990f6753bfc9e9029bf76f169c28456414
Climate_h4,0,1204,N+Q,2026,3,47.69614879476222,13b085d7666e6328115a155c993075f09f0caed1429677b7fb37e36f18093899,cd9df2ade1ca21431041edcb14d5f17dd4911475861cec41755502771901127f,0eb4df990f6753bfc9e9029bf76f169c28456414
Climate_h4,0,1204,N+Q,2026,4,47.76498009289954,13b085d7666e6328115a155c993075f09f0caed1429677b7fb37e36f18093899,cd9df2ade1ca21431041edcb14d5f17dd4911475861cec41755502771901127f,0eb4df990f6753bfc9e9029bf76f169c28456414
Climate_h4,0,1205,N+Q,2026,1,48.541448094974115,13b085d7666e6328115a155c993075f09f0caed1429677b7fb37e36f18093899,cd9df2ade1ca21431041edcb14d5f17dd4911475861cec41755502771901127f,0eb4df990f6753bfc9e9029bf76f169c28456414
Climate_h4,0,1205,N+Q,2026,2,48.63370162504406,13b085d7666e6328115a155c993075f09f0caed1429677b7fb37e36f18093899,cd9df2ade1ca21431041edcb14d5f17dd4911475861cec41755502771901127f,0eb4df990f6753bfc9e9029bf76f169c28456414
Climate_h4,0,1205,N+Q,2026,3,48.70573768203014,13b085d7666e6328115a155c993075f09f0caed1429677b7fb37e36f18093899,cd9df2ade1ca21431041edcb14d5f17dd4911475861cec41755502771901127f,0eb4df990f6753bfc9e9029bf76f169c28456414
Climate_h4,0,1205,N+Q,2026,4,48.75389563003255,13b085d7666e6328115a155c993075f09f0caed1429677b7fb37e36f18093899,cd9df2ade1ca21431041edcb14d5f17dd4911475861cec41755502771901127f,0eb4df990f6753bfc9e9029bf76f169c28456414
Climate_h4,0,1206,N+Q,2026,1,49.60525869252274,13b085d7666e6328115a155c993075f09f0caed1429677b7fb37e36f18093899,cd9df2ade1ca21431041edcb14d5f17dd4911475861cec41755502771901127f,0eb4df990f6753bfc9e9029bf76f169c28456414
Climate_h4,0,1206,N+Q,2026,2,49.66341238366551,13b085d7666e6328115a155c993075f09f0caed1429677b7fb37e36f18093899,cd9df2ade1ca21431041edcb14d5f17dd4911475861cec41755502771901127f,0eb4df990f6753bfc9e9029bf76f169c28456414
Climate_h4,0,1206,N+Q,2026,3,49.706771884692635,13b085d7666e6328115a155c993075f09f0caed1429677b7fb37e36f18093899,cd9df2ade1ca21431041edcb14d5f17dd4911475861cec41755502771901127f,0eb4df990f6753bfc9e9029bf76f169c28456414
Climate_h4,0,1206,N+Q,2026,4,49.732508089632674,13b085d7666e6328115a155c993075f09f0caed1429677b7fb37e36f18093899,cd9df2ade1ca21431041edcb14d5f17dd4911475861cec41755502771901127f,0eb4df990f6753bfc9e9029bf76f169c28456414
Climate_h4,0,1207,N+Q,2026,1,52.0821181481136,13b085d7666e6328115a155c993075f09f0caed1429677b7fb37e36f18093899,cd9df2ade1ca21431041edcb14d5f17dd4911475861cec41755502771901127f,0eb4df990f6753bfc9e9029bf76f169c28456414
Climate_h4,0,1207,N+Q,2026,2,52.10590053263794,13b085d7666e6328115a155c993075f09f0caed1429677b7fb37e36f18093899,cd9df2ade1ca21431041edcb14d5f17dd4911475861cec41755502771901127f,0eb4df990f6753bfc9e9029bf76f169c28456414
Climate_h4,0,1207,N+Q,2026,3,52.11848772959878,13b085d7666e6328115a155c993075f09f0caed1429677b7fb37e36f18093899,cd9df2ade1ca21431041edcb14d5f17dd4911475861cec41755502771901127f,0eb4df990f6753bfc9e9029bf76f169c28456414
Climate_h4,0,1207,N+Q,2026,4,52.11629151565418,13b085d7666e6328115a155c993075f09f0caed1429677b7fb37e36f18093899,cd9df2ade1ca21431041edcb14d5f17dd4911475861cec41755502771901127f,0eb4df990f6753bfc9e9029bf76f169c28456414
Climate_h4,0,1208,N+Q,2026,1,51.991318620044595,13b085d7666e6328115a155c993075f09f0caed1429677b7fb37e36f18093899,cd9df2ade1ca21431041edcb14d5f17dd4911475861cec41755502771901127f,0eb4df990f6753bfc9e9029bf76f169c28456414
Climate_h4,0,1208,N+Q,2026,2,51.98046220862824,13b085d7666e6328115a155c993075f09f0caed1429677b7fb37e36f18093899,cd9df2ade1ca21431041edcb14d5f17dd4911475861cec41755502771901127f,0eb4df990f6753bfc9e9029bf76f169c28456414
Climate_h4,0,1208,N+Q,2026,3,51.96153014597531,13b085d7666e6328115a155c993075f09f0caed1429677b7fb37e36f18093899,cd9df2ade1ca21431041edcb14d5f17dd4911475861cec41755502771901127f,0eb4df990f6753bfc9e9029bf76f169c28456414
Climate_h4,0,1208,N+Q,2026,4,51.91331088536689,13b085d7666e6328115a155c993075f09f0caed1429677b7fb37e36f18093899,cd9df2ade1ca21431041edcb14d5f17dd4911475861cec41755502771901127f,0eb4df990f6753bfc9e9029bf76f169c28456414
Climate_h4,0,1209,N+Q,2026,1,54.00549156794874,13b085d7666e6328115a155c993075f09f0caed1429677b7fb37e36f18093899,cd9df2ade1ca21431041edcb14d5f17dd4911475861cec41755502771901127f,0eb4df990f6753bfc9e9029bf76f169c28456414
Climate_h4,0,1209,N+Q,2026,2,53.96195094677353,13b085d7666e6328115a155c993075f09f0caed1429677b7fb37e36f18093899,cd9df2ade1ca21431041edcb14d5f17dd4911475861cec41755502771901127f,0eb4df990f6753bfc9e9029bf76f169c28456414
Climate_h4,0,1209,N+Q,2026,3,53.90539178543044,13b085d7666e6328115a155c993075f09f0caed1429677b7fb37e36f18093899,cd9df2ade1ca21431041edcb14d5f17dd4911475861cec41755502771901127f,0eb4df990f6753bfc9e9029bf76f169c28456414
Climate_h4,0,1209,N+Q,2026,4,53.848327798671804,13b085d7666e6328115a155c993075f09f0caed1429677b7fb37e36f18093899,cd9df2ade1ca21431041edcb14d5f17dd4911475861cec41755502771901127f,0eb4df990f6753bfc9e9029bf76f169c28456414
Climate_h4,0,1210,N+Q,2026,1,54.06812152595662,13b085d7666e6328115a155c993075f09f0caed1429677b7fb37e36f18093899,cd9df2ade1ca21431041edcb14d5f17dd4911475861cec41755502771901127f,0eb4df990f6753bfc9e9029bf76f169c28456414
Climate_h4,0,1210,N+Q,2026,2,53.99200184119556,13b085d7666e6328115a155c993075f09f0caed1429677b7fb37e36f18093899,cd9df2ade1ca21431041edcb14d5f17dd4911475861cec41755502771901127f,0eb4df990f6753bfc9e9029bf76f169c28456414
Climate_h4,0,1210,N+Q,2026,3,53.92031317194161,13b085d7666e6328115a155c993075f09f0caed1429677b7fb37e36f18093899,cd9df2ade1ca21431041edcb14d5f17dd4911475861cec41755502771901127f,0eb4df990f6753bfc9e9029bf76f169c28456414
Climate_h4,0,1210,N+Q,2026,4,53.86901198332268,13b085d7666e6328115a155c993075f09f0caed1429677b7fb37e36f18093899,cd9df2ade1ca21431041edcb14d5f17dd4911475861cec41755502771901127f,0eb4df990f6753bfc9e9029bf76f169c28456414
Climate_h4,0,1211,N+Q,2026,1,55.995036523181696,13b085d7666e6328115a155c993075f09f0caed1429677b7fb37e36f18093899,cd9df2ade1ca21431041edcb14d5f17dd4911475861cec41755502771901127f,0eb4df990f6753bfc9e9029bf76f169c28456414
Climate_h4,0,1211,N+Q,2026,2,55.89615821176888,13b085d7666e6328115a155c993075f09f0caed1429677b7fb37e36f18093899,cd9df2ade1ca21431041edcb14d5f17dd4911475861cec41755502771901127f,0eb4df990f6753bfc9e9029bf76f169c28456414
Climate_h4,0,1211,N+Q,2026,3,55.8213343769885,13b085d7666e6328115a155c993075f09f0caed1429677b7fb37e36f18093899,cd9df2ade1ca21431041edcb14d5f17dd4911475861cec41755502771901127f,0eb4df990f6753bfc9e9029bf76f169c28456414
Climate_h4,0,1211,N+Q,2026,4,55.787181394442044,13b085d7666e6328115a155c993075f09f0caed1429677b7fb37e36f18093899,cd9df2ade1ca21431041edcb14d5f17dd4911475861cec41755502771901127f,0eb4df990f6753bfc9e9029bf76f169c28456414
Climate_h4,0,1212,N+Q,2026,1,55.85329545345495,13b085d7666e6328115a155c993075f09f0caed1429677b7fb37e36f18093899,cd9df2ade1ca21431041edcb14d5f17dd4911475861cec41755502771901127f,0eb4df990f6753bfc9e9029bf76f169c28456414
Climate_h4,0,1212,N+Q,2026,2,55.75325314563436,13b085d7666e6328115a155c993075f09f0caed1429677b7fb37e36f18093899,cd9df2ade1ca21431041edcb14d5f17dd4911475861cec41755502771901127f,0eb4df990f6753bfc9e9029bf76f169c28456414
Climate_h4,0,1212,N+Q,2026,3,55.69765839483132,13b085d7666e6328115a155c993075f09f0caed1429677b7fb37e36f18093899,cd9df2ade1ca21431041edcb14d5f17dd4911475861cec41755502771901127f,0eb4df990f6753bfc9e9029bf76f169c28456414
Climate_h4,0,1212,N+Q,2026,4,55.68939198465137,13b085d7666e6328115a155c993075f09f0caed1429677b7fb37e36f18093899,cd9df2ade1ca21431041edcb14d5f17dd4911475861cec41755502771901127f,0eb4df990f6753bfc9e9029bf76f169c28456414
Climate_h4,0,1213,N+Q,2026,1,56.406238863785624,13b085d7666e6328115a155c993075f09f0caed1429677b7fb37e36f18093899,cd9df2ade1ca21431041edcb14d5f17dd4911475861cec41755502771901127f,0eb4df990f6753bfc9e9029bf76f169c28456414
Climate_h4,0,1213,N+Q,2026,2,56.31322390021245,13b085d7666e6328115a155c993075f09f0caed1429677b7fb37e36f18093899,cd9df2ade1ca21431041edcb14d5f17dd4911475861cec41755502771901127f,0eb4df990f6753bfc9e9029bf76f169c28456414
Climate_h4,0,1213,N+Q,2026,3,56.27333549007227,13b085d7666e6328115a155c993075f09f0caed1429677b7fb37e36f18093899,cd9df2ade1ca21431041edcb14d5f17dd4911475861cec41755502771901127f,0eb4df990f6753bfc9e9029bf76f169c28456414
Climate_h4,0,1213,N+Q,2026,4,56.2936871196799,13b085d7666e6328115a155c993075f09f0caed1429677b7fb37e36f18093899,cd9df2ade1ca21431041edcb14d5f17dd4911475861cec41755502771901127f,0eb4df990f6753bfc9e9029bf76f169c28456414
Climate_h4,0,1214,N+Q,2026,1,56.75889312660918,13b085d7666e6328115a155c993075f09f0caed1429677b7fb37e36f18093899,cd9df2ade1ca21431041edcb14d5f17dd4911475861cec41755502771901127f,0eb4df990f6753bfc9e9029bf76f169c28456414
Climate_h4,0,1214,N+Q,2026,2,56.69327068056553,13b085d7666e6328115a155c993075f09f0caed1429677b7fb37e36f18093899,cd9df2ade1ca21431041edcb14d5f17dd4911475861cec41755502771901127f,0eb4df990f6753bfc9e9029bf76f169c28456414
Climate_h4,0,1214,N+Q,2026,3,56.6917024856527,13b085d7666e6328115a155c993075f09f0caed1429677b7fb37e36f18093899,cd9df2ade1ca21431041edcb14d5f17dd4911475861cec41755502771901127f,0eb4df990f6753bfc9e9029bf76f169c28456414
Climate_h4,0,1214,N+Q,2026,4,56.74254712815723,13b085d7666e6328115a155c993075f09f0caed1429677b7fb37e36f18093899,cd9df2ade1ca21431041edcb14d5f17dd4911475861cec41755502771901127f,0eb4df990f6753bfc9e9029bf76f169c28456414
Climate_h4,0,1215,N+Q,2026,1,60.42067470294843,13b085d7666e6328115a155c993075f09f0caed1429677b7fb37e36f18093899,cd9df2ade1ca21431041edcb14d5f17dd4911475861cec41755502771901127f,0eb4df990f6753bfc9e9029bf76f169c28456414
Climate_h4,0,1215,N+Q,2026,2,60.379892287085255,13b085d7666e6328115a155c993075f09f0caed1429677b7fb37e36f18093899,cd9df2ade1ca21431041edcb14d5f17dd4911475861cec41755502771901127f,0eb4df990f6753bfc9e9029bf76f169c28456414
Climate_h4,0,1215,N+Q,2026,3,60.39116059941504,13b085d7666e6328115a155c993075f09f0caed1429677b7fb37e36f18093899,cd9df2ade1ca21431041edcb14d5f17dd4911475861cec41755502771901127f,0eb4df990f6753bfc9e9029bf76f169c28456414
Climate_h4,0,1215,N+Q,2026,4,60.44072129682925,13b085d7666e6328115a155c993075f09f0caed1429677b7fb37e36f18093899,cd9df2ade1ca21431041edcb14d5f17dd4911475861cec41755502771901127f,0eb4df990f6753bfc9e9029bf76f169c28456414
Climate_h4,0,1216,N+Q,2026,1,61.039644579243266,13b085d7666e6328115a155c993075f09f0caed1429677b7fb37e36f18093899,cd9df2ade1ca21431041edcb14d5f17dd4911475861cec41755502771901127f,0eb4df990f6753bfc9e9029bf76f169c28456414
Climate_h4,0,1216,N+Q,2026,2,61.01602051425891,13b085d7666e6328115a155c993075f09f0caed1429677b7fb37e36f18093899,cd9df2ade1ca21431041edcb14d5f17dd4911475861cec41755502771901127f,0eb4df990f6753bfc9e9029bf76f169c28456414
Climate_h4,0,1216,N+Q,2026,3,61.02752711928568,13b085d7666e6328115a155c993075f09f0caed1429677b7fb37e36f18093899,cd9df2ade1ca21431041edcb14d5f17dd4911475861cec41755502771901127f,0eb4df990f6753bfc9e9029bf76f169c28456414
Climate_h4,0,1216,N+Q,2026,4,61.1012923426627,13b085d7666e6328115a155c993075f09f0caed1429677b7fb37e36f18093899,cd9df2ade1ca21431041edcb14d5f17dd4911475861cec41755502771901127f,0eb4df990f6753bfc9e9029bf76f169c28456414
Climate_h4,0,1217,N+Q,2026,1,61.4558391260584,13b085d7666e6328115a155c993075f09f0caed1429677b7fb37e36f18093899,cd9df2ade1ca21431041edcb14d5f17dd4911475861cec41755502771901127f,0eb4df990f6753bfc9e9029bf76f169c28456414
Climate_h4,0,1217,N+Q,2026,2,61.4310141046501,13b085d7666e6328115a155c993075f09f0caed1429677b7fb37e36f18093899,cd9df2ade1ca21431041edcb14d5f17dd4911475861cec41755502771901127f,0eb4df990f6753bfc9e9029bf76f169c28456414
Climate_h4,0,1217,N+Q,2026,3,61.46438651768142,13b085d7666e6328115a155c993075f09f0caed1429677b7fb37e36f18093899,cd9df2ade1ca21431041edcb14d5f17dd4911475861cec41755502771901127f,0eb4df990f6753bfc9e9029bf76f169c28456414
Climate_h4,0,1217,N+Q,2026,4,61.569441075530094,13b085d7666e6328115a155c993075f09f0caed1429677b7fb37e36f18093899,cd9df2ade1ca21431041edcb14d5f17dd4911475861cec41755502771901127f,0eb4df990f6753bfc9e9029bf76f169c28456414
Climate_h4,0,1218,N+Q,2026,1,61.58232186774756,13b085d7666e6328115a155c993075f09f0caed1429677b7fb37e36f18093899,cd9df2ade1ca21431041edcb14d5f17dd4911475861cec41755502771901127f,0eb4df990f6753bfc9e9029bf76f169c28456414
Climate_h4,0,1218,N+Q,2026,2,61.59238528836221,13b085d7666e6328115a155c993075f09f0caed1429677b7fb37e36f18093899,cd9df2ade1ca21431041edcb14d5f17dd4911475861cec41755502771901127f,0eb4df990f6753bfc9e9029bf76f169c28456414
Climate_h4,0,1218,N+Q,2026,3,61.670601031404445,13b085d7666e6328115a155c993075f09f0caed1429677b7fb37e36f18093899,cd9df2ade1ca21431041edcb14d5f17dd4911475861cec41755502771901127f,0eb4df990f6753bfc9e9029bf76f169c28456414
Climate_h4,0,1218,N+Q,2026,4,61.815894386703604,13b085d7666e6328115a155c993075f09f0caed1429677b7fb37e36f18093899,cd9df2ade1ca21431041edcb14d5f17dd4911475861cec41755502771901127f,0eb4df990f6753bfc9e9029bf76f169c28456414
Climate_h4,0,1219,N+Q,2026,1,61.88535291847613,13b085d7666e6328115a155c993075f09f0caed1429677b7fb37e36f18093899,cd9df2ade1ca21431041edcb14d5f17dd4911475861cec41755502771901127f,0eb4df990f6753bfc9e9029bf76f169c28456414
Climate_h4,0,1219,N+Q,2026,2,61.94071663866726,13b085d7666e6328115a155c993075f09f0caed1429677b7fb37e36f18093899,cd9df2ade1ca21431041edcb14d5f17dd4911475861cec41755502771901127f,0eb4df990f6753bfc9e9029bf76f169c28456414
Climate_h4,0,1219,N+Q,2026,3,62.061148426278116,13b085d7666e6328115a155c993075f09f0caed1429677b7fb37e36f18093899,cd9df2ade1ca21431041edcb14d5f17dd4911475861cec41755502771901127f,0eb4df990f6753bfc9e9029bf76f169c28456414
Climate_h4,0,1219,N+Q,2026,4,62.244581401089704,13b085d7666e6328115a155c993075f09f0caed1429677b7fb37e36f18093899,cd9df2ade1ca21431041edcb14d5f17dd4911475861cec41755502771901127f,0eb4df990f6753bfc9e9029bf76f169c28456414
Climate_h4,0,1220,N+Q,2026,1,65.47241001836369,13b085d7666e6328115a155c993075f09f0caed1429677b7fb37e36f18093899,cd9df2ade1ca21431041edcb14d5f17dd4911475861cec41755502771901127f,0eb4df990f6753bfc9e9029bf76f169c28456414
Climate_h4,0,1220,N+Q,2026,2,65.56249594409803,13b085d7666e6328115a155c993075f09f0caed1429677b7fb37e36f18093899,cd9df2ade1ca21431041edcb14d5f17dd4911475861cec41755502771901127f,0eb4df990f6753bfc9e9029bf76f169c28456414
Climate_h4,0,1220,N+Q,2026,3,65.71032775501597,13b085d7666e6328115a155c993075f09f0caed1429677b7fb37e36f18093899,cd9df2ade1ca21431041edcb14d5f17dd4911475861cec41755502771901127f,0eb4df990f6753bfc9e9029bf76f169c28456414
Climate_h4,0,1220,N+Q,2026,4,65.91346724971851,13b085d7666e6328115a155c993075f09f0caed1429677b7fb37e36f18093899,cd9df2ade1ca21431041edcb14d5f17dd4911475861cec41755502771901127f,0eb4df990f6753bfc9e9029bf76f169c28456414
Climate_h4,0,1221,N+Q,2026,1,66.1526794208394,13b085d7666e6328115a155c993075f09f0caed1429677b7fb37e36f18093899,cd9df2ade1ca21431041edcb14d5f17dd4911475861cec41755502771901127f,0eb4df990f6753bfc9e9029bf76f169c28456414
Climate_h4,0,1221,N+Q,2026,2,66.27291322624065,13b085d7666e6328115a155c993075f09f0caed1429677b7fb37e36f18093899,cd9df2ade1ca21431041edcb14d5f17dd4911475861cec41755502771901127f,0eb4df990f6753bfc9e9029bf76f169c28456414
Climate_h4,0,1221,N+Q,2026,3,66.4447812384931,13b085d7666e6328115a155c993075f09f0caed1429677b7fb37e36f18093899,cd9df2ade1ca21431041edcb14d5f17dd4911475861cec41755502771901127f,0eb4df990f6753bfc9e9029bf76f169c28456414
Climate_h4,0,1221,N+Q,2026,4,66.66332194565607,13b085d7666e6328115a155c993075f09f0caed1429677b7fb37e36f18093899,cd9df2ade1ca21431041edcb14d5f17dd4911475861cec41755502771901127f,0eb4df990f6753bfc9e9029bf76f169c28456414
Climate_h4,0,1222,N+Q,2026,1,58.241073555276365,13b085d7666e6328115a155c993075f09f0caed1429677b7fb37e36f18093899,cd9df2ade1ca21431041edcb14d5f17dd4911475861cec41755502771901127f,0eb4df990f6753bfc9e9029bf76f169c28456414
Climate_h4,0,1222,N+Q,2026,2,58.4210672581192,13b085d7666e6328115a155c993075f09f0caed1429677b7fb37e36f18093899,cd9df2ade1ca21431041edcb14d5f17dd4911475861cec41755502771901127f,0eb4df990f6753bfc9e9029bf76f169c28456414
Climate_h4,0,1222,N+Q,2026,3,58.65299270236871,13b085d7666e6328115a155c993075f09f0caed1429677b7fb37e36f18093899,cd9df2ade1ca21431041edcb14d5f17dd4911475861cec41755502771901127f,0eb4df990f6753bfc9e9029bf76f169c28456414
Climate_h4,0,1222,N+Q,2026,4,58.94492488527101,13b085d7666e6328115a155c993075f09f0caed1429677b7fb37e36f18093899,cd9df2ade1ca21431041edcb14d5f17dd4911475861cec41755502771901127f,0eb4df990f6753bfc9e9029bf76f169c28456414
Climate_h4,0,1223,N+Q,2026,1,54.449408838295305,13b085d7666e6328115a155c993075f09f0caed1429677b7fb37e36f18093899,cd9df2ade1ca21431041edcb14d5f17dd4911475861cec41755502771901127f,0eb4df990f6753bfc9e9029bf76f169c28456414
Climate_h4,0,1223,N+Q,2026,2,54.710144594992514,13b085d7666e6328115a155c993075f09f0caed1429677b7fb37e36f18093899,cd9df2ade1ca21431041edcb14d5f17dd4911475861cec41755502771901127f,0eb4df990f6753bfc9e9029bf76f169c28456414
Climate_h4,0,1223,N+Q,2026,3,55.03210519309046,13b085d7666e6328115a155c993075f09f0caed1429677b7fb37e36f18093899,cd9df2ade1ca21431041edcb14d5f17dd4911475861cec41755502771901127f,0eb4df990f6753bfc9e9029bf76f169c28456414
Climate_h4,0,1223,N+Q,2026,4,55.40397360119724,13b085d7666e6328115a155c993075f09f0caed1429677b7fb37e36f18093899,cd9df2ade1ca21431041edcb14d5f17dd4911475861cec41755502771901127f,0eb4df990f6753bfc9e9029bf76f169c28456414
Climate_h4,0,1224,N+Q,2026,1,54.52911305429457,13b085d7666e6328115a155c993075f09f0caed1429677b7fb37e36f18093899,cd9df2ade1ca21431041edcb14d5f17dd4911475861cec41755502771901127f,0eb4df990f6753bfc9e9029bf76f169c28456414
Climate_h4,0,1224,N+Q,2026,2,54.87207874870482,13b085d7666e6328115a155c993075f09f0caed1429677b7fb37e36f18093899,cd9df2ade1ca21431041edcb14d5f17dd4911475861cec41755502771901127f,0eb4df990f6753bfc9e9029bf76f169c28456414
Climate_h4,0,1224,N+Q,2026,3,55.260649835465124,13b085d7666e6328115a155c993075f09f0caed1429677b7fb37e36f18093899,cd9df2ade1ca21431041edcb14d5f17dd4911475861cec41755502771901127f,0eb4df990f6753bfc9e9029bf76f169c28456414
Climate_h4,0,1224,N+Q,2026,4,55.68310991322988,13b085d7666e6328115a155c993075f09f0caed1429677b7fb37e36f18093899,cd9df2ade1ca21431041edcb14d5f17dd4911475861cec41755502771901127f,0eb4df990f6753bfc9e9029bf76f169c28456414
Climate_h4,0,1225,N+Q,2026,1,53.3768396729167,13b085d7666e6328115a155c993075f09f0caed1429677b7fb37e36f18093899,cd9df2ade1ca21431041edcb14d5f17dd4911475861cec41755502771901127f,0eb4df990f6753bfc9e9029bf76f169c28456414
Climate_h4,0,1225,N+Q,2026,2,53.794584295292154,13b085d7666e6328115a155c993075f09f0caed1429677b7fb37e36f18093899,cd9df2ade1ca21431041edcb14d5f17dd4911475861cec41755502771901127f,0eb4df990f6753bfc9e9029bf76f169c28456414
Climate_h4,0,1225,N+Q,2026,3,54.232012603105666,13b085d7666e6328115a155c993075f09f0caed1429677b7fb37e36f18093899,cd9df2ade1ca21431041edcb14d5f17dd4911475861cec41755502771901127f,0eb4df990f6753bfc9e9029bf76f169c28456414
Climate_h4,0,1225,N+Q,2026,4,54.699997433161975,13b085d7666e6328115a155c993075f09f0caed1429677b7fb37e36f18093899,cd9df2ade1ca21431041edcb14d5f17dd4911475861cec41755502771901127f,0eb4df990f6753bfc9e9029bf76f169c28456414
Climate_h4,0,1226,N+Q,2026,1,55.251798067133045,13b085d7666e6328115a155c993075f09f0caed1429677b7fb37e36f18093899,cd9df2ade1ca21431041edcb14d5f17dd4911475861cec41755502771901127f,0eb4df990f6753bfc9e9029bf76f169c28456414
Climate_h4,0,1226,N+Q,2026,2,55.710250412894716,13b085d7666e6328115a155c993075f09f0caed1429677b7fb37e36f18093899,cd9df2ade1ca21431041edcb14d5f17dd4911475861cec41755502771901127f,0eb4df990f6753bfc9e9029bf76f169c28456414
Climate_h4,0,1226,N+Q,2026,3,56.17351486044376,13b085d7666e6328115a155c993075f09f0caed1429677b7fb37e36f18093899,cd9df2ade1ca21431041edcb14d5f17dd4911475861cec41755502771901127f,0eb4df990f6753bfc9e9029bf76f169c28456414
Climate_h4,0,1226,N+Q,2026,4,56.668349829513836,13b085d7666e6328115a155c993075f09f0caed1429677b7fb37e36f18093899,cd9df2ade1ca21431041edcb14d5f17dd4911475861cec41755502771901127f,0eb4df990f6753bfc9e9029bf76f169c28456414
Climate_h4,0,1227,N+Q,2026,1,56.690646521102714,13b085d7666e6328115a155c993075f09f0caed1429677b7fb37e36f18093899,cd9df2ade1ca21431041edcb14d5f17dd4911475861cec41755502771901127f,0eb4df990f6753bfc9e9029bf76f169c28456414
Climate_h4,0,1227,N+Q,2026,2,57.17675601357172,13b085d7666e6328115a155c993075f09f0caed1429677b7fb37e36f18093899,cd9df2ade1ca21431041edcb14d5f17dd4911475861cec41755502771901127f,0eb4df990f6753bfc9e9029bf76f169c28456414
Climate_h4,0,1227,N+Q,2026,3,57.66444547266276,13b085d7666e6328115a155c993075f09f0caed1429677b7fb37e36f18093899,cd9df2ade1ca21431041edcb14d5f17dd4911475861cec41755502771901127f,0eb4df990f6753bfc9e9029bf76f169c28456414
Climate_h4,0,1227,N+Q,2026,4,58.183873655519,13b085d7666e6328115a155c993075f09f0caed1429677b7fb37e36f18093899,cd9df2ade1ca21431041edcb14d5f17dd4911475861cec41755502771901127f,0eb4df990f6753bfc9e9029bf76f169c28456414
Climate_h4,0,1228,N+Q,2026,1,59.14012333999345,13b085d7666e6328115a155c993075f09f0caed1429677b7fb37e36f18093899,cd9df2ade1ca21431041edcb14d5f17dd4911475861cec41755502771901127f,0eb4df990f6753bfc9e9029bf76f169c28456414
Climate_h4,0,1228,N+Q,2026,2,59.64018304201126,13b085d7666e6328115a155c993075f09f0caed1429677b7fb37e36f18093899,cd9df2ade1ca21431041edcb14d5f17dd4911475861cec41755502771901127f,0eb4df990f6753bfc9e9029bf76f169c28456414
Climate_h4,0,1228,N+Q,2026,3,60.13634454195607,13b085d7666e6328115a155c993075f09f0caed1429677b7fb37e36f18093899,cd9df2ade1ca21431041edcb14d5f17dd4911475861cec41755502771901127f,0eb4df990f6753bfc9e9029bf76f169c28456414
Climate_h4,0,1228,N+Q,2026,4,60.63871645095332,13b085d7666e6328115a155c993075f09f0caed1429677b7fb37e36f18093899,cd9df2ade1ca21431041edcb14d5f17dd4911475861cec41755502771901127f,0eb4df990f6753bfc9e9029bf76f169c28456414
Climate_h4,0,1229,N+Q,2026,1,58.86852076906661,13b085d7666e6328115a155c993075f09f0caed1429677b7fb37e36f18093899,cd9df2ade1ca21431041edcb14d5f17dd4911475861cec41755502771901127f,0eb4df990f6753bfc9e9029bf76f169c28456414
Climate_h4,0,1229,N+Q,2026,2,59.382978055952,13b085d7666e6328115a155c993075f09f0caed1429677b7fb37e36f18093899,cd9df2ade1ca21431041edcb14d5f17dd4911475861cec41755502771901127f,0eb4df990f6753bfc9e9029bf76f169c28456414
Climate_h4,0,1229,N+Q,2026,3,59.86485581255347,13b085d7666e6328115a155c993075f09f0caed1429677b7fb37e36f18093899,cd9df2ade1ca21431041edcb14d5f17dd4911475861cec41755502771901127f,0eb4df990f6753bfc9e9029bf76f169c28456414
Climate_h4,0,1229,N+Q,2026,4,60.32542496511761,13b085d7666e6328115a155c993075f09f0caed1429677b7fb37e36f18093899,cd9df2ade1ca21431041edcb14d5f17dd4911475861cec41755502771901127f,0eb4df990f6753bfc9e9029bf76f169c28456414
Climate_h4,0,1230,N+Q,2026,1,57.68008624332251,13b085d7666e6328115a155c993075f09f0caed1429677b7fb37e36f18093899,cd9df2ade1ca21431041edcb14d5f17dd4911475861cec41755502771901127f,0eb4df990f6753bfc9e9029bf76f169c28456414
Climate_h4,0,1230,N+Q,2026,2,58.172574200921616,13b085d7666e6328115a155c993075f09f0caed1429677b7fb37e36f18093899,cd9df2ade1ca21431041edcb14d5f17dd4911475861cec41755502771901127f,0eb4df990f6753bfc9e9029bf76f169c28456414
Climate_h4,0,1230,N+Q,2026,3,58.61405898859829,13b085d7666e6328115a155c993075f09f0caed1429677b7fb37e36f18093899,cd9df2ade1ca21431041edcb14d5f17dd4911475861cec41755502771901127f,0eb4df990f6753bfc9e9029bf76f169c28456414
Climate_h4,0,1230,N+Q,2026,4,59.0233875030334,13b085d7666e6328115a155c993075f09f0caed1429677b7fb37e36f18093899,cd9df2ade1ca21431041edcb14d5f17dd4911475861cec41755502771901127f,0eb4df990f6753bfc9e9029bf76f169c28456414
Climate_h4,0,1231,N+Q,2026,1,56.22413302539424,13b085d7666e6328115a155c993075f09f0caed1429677b7fb37e36f18093899,cd9df2ade1ca21431041edcb14d5f17dd4911475861cec41755502771901127f,0eb4df990f6753bfc9e9029bf76f169c28456414
Climate_h4,0,1231,N+Q,2026,2,56.68672278726954,13b085d7666e6328115a155c993075f09f0caed1429677b7fb37e36f18093899,cd9df2ade1ca21431041edcb14d5f17dd4911475861cec41755502771901127f,0eb4df990f6753bfc9e9029bf76f169c28456414
Climate_h4,0,1231,N+Q,2026,3,57.0880221817707,13b085d7666e6328115a155c993075f09f0caed1429677b7fb37e36f18093899,cd9df2ade1ca21431041edcb14d5f17dd4911475861cec41755502771901127f,0eb4df990f6753bfc9e9029bf76f169c28456414
Climate_h4,0,1231,N+Q,2026,4,57.421853620897224,13b085d7666e6328115a155c993075f09f0caed1429677b7fb37e36f18093899,cd9df2ade1ca21431041edcb14d5f17dd4911475861cec41755502771901127f,0eb4df990f6753bfc9e9029bf76f169c28456414
Climate_h4,0,1232,N+Q,2026,1,55.09733441011145,13b085d7666e6328115a155c993075f09f0caed1429677b7fb37e36f18093899,cd9df2ade1ca21431041edcb14d5f17dd4911475861cec41755502771901127f,0eb4df990f6753bfc9e9029bf76f169c28456414
Climate_h4,0,1232,N+Q,2026,2,55.52211438387364,13b085d7666e6328115a155c993075f09f0caed1429677b7fb37e36f18093899,cd9df2ade1ca21431041edcb14d5f17dd4911475861cec41755502771901127f,0eb4df990f6753bfc9e9029bf76f169c28456414
Climate_h4,0,1232,N+Q,2026,3,55.858245614823495,13b085d7666e6328115a155c993075f09f0caed1429677b7fb37e36f18093899,cd9df2ade1ca21431041edcb14d5f17dd4911475861cec41755502771901127f,0eb4df990f6753bfc9e9029bf76f169c28456414
Climate_h4,0,1232,N+Q,2026,4,56.12048008426337,13b085d7666e6328115a155c993075f09f0caed1429677b7fb37e36f18093899,cd9df2ade1ca21431041edcb14d5f17dd4911475861cec41755502771901127f,0eb4df990f6753bfc9e9029bf76f169c28456414
Climate_h4,0,1233,N+Q,2026,1,56.41968469754226,13b085d7666e6328115a155c993075f09f0caed1429677b7fb37e36f18093899,cd9df2ade1ca21431041edcb14d5f17dd4911475861cec41755502771901127f,0eb4df990f6753bfc9e9029bf76f169c28456414
Climate_h4,0,1233,N+Q,2026,2,56.77179507204402,13b085d7666e6328115a155c993075f09f0caed1429677b7fb37e36f18093899,cd9df2ade1ca21431041edcb14d5f17dd4911475861cec41755502771901127f,0eb4df990f6753bfc9e9029bf76f169c28456414
Climate_h4,0,1233,N+Q,2026,3,57.0313586528731,13b085d7666e6328115a155c993075f09f0caed1429677b7fb37e36f18093899,cd9df2ade1ca21431041edcb14d5f17dd4911475861cec41755502771901127f,0eb4df990f6753bfc9e9029bf76f169c28456414
Climate_h4,0,1233,N+Q,2026,4,57.20963845167114,13b085d7666e6328115a155c993075f09f0caed1429677b7fb37e36f18093899,cd9df2ade1ca21431041edcb14d5f17dd4911475861cec41755502771901127f,0eb4df990f6753bfc9e9029bf76f169c28456414
Climate_h4,0,1234,N+Q,2026,1,57.015035634178645,13b085d7666e6328115a155c993075f09f0caed1429677b7fb37e36f18093899,cd9df2ade1ca21431041edcb14d5f17dd4911475861cec41755502771901127f,0eb4df990f6753bfc9e9029bf76f169c28456414
Climate_h4,0,1234,N+Q,2026,2,57.28173541357531,13b085d7666e6328115a155c993075f09f0caed1429677b7fb37e36f18093899,cd9df2ade1ca21431041edcb14d5f17dd4911475861cec41755502771901127f,0eb4df990f6753bfc9e9029bf76f169c28456414
Climate_h4,0,1234,N+Q,2026,3,57.4552071140889,13b085d7666e6328115a155c993075f09f0caed1429677b7fb37e36f18093899,cd9df2ade1ca21431041edcb14d5f17dd4911475861cec41755502771901127f,0eb4df990f6753bfc9e9029bf76f169c28456414
Climate_h4,0,1234,N+Q,2026,4,57.548923811829304,13b085d7666e6328115a155c993075f09f0caed1429677b7fb37e36f18093899,cd9df2ade1ca21431041edcb14d5f17dd4911475861cec41755502771901127f,0eb4df990f6753bfc9e9029bf76f169c28456414
Climate_h4,0,1235,N+Q,2026,1,56.86270850844145,13b085d7666e6328115a155c993075f09f0caed1429677b7fb37e36f18093899,cd9df2ade1ca21431041edcb14d5f17dd4911475861cec41755502771901127f,0eb4df990f6753bfc9e9029bf76f169c28456414
Climate_h4,0,1235,N+Q,2026,2,57.03290122296152,13b085d7666e6328115a155c993075f09f0caed1429677b7fb37e36f18093899,cd9df2ade1ca21431041edcb14d5f17dd4911475861cec41755502771901127f,0eb4df990f6753bfc9e9029bf76f169c28456414
Climate_h4,0,1235,N+Q,2026,3,57.1172990124019,13b085d7666e6328115a155c993075f09f0caed1429677b7fb37e36f18093899,cd9df2ade1ca21431041edcb14d5f17dd4911475861cec41755502771901127f,0eb4df990f6753bfc9e9029bf76f169c28456414
Climate_h4,0,1235,N+Q,2026,4,57.12938552891334,13b085d7666e6328115a155c993075f09f0caed1429677b7fb37e36f18093899,cd9df2ade1ca21431041edcb14d5f17dd4911475861cec41755502771901127f,0eb4df990f6753bfc9e9029bf76f169c28456414
Climate_h4,0,1236,N+Q,2026,1,56.362456576229704,13b085d7666e6328115a155c993075f09f0caed1429677b7fb37e36f18093899,cd9df2ade1ca21431041edcb14d5f17dd4911475861cec41755502771901127f,0eb4df990f6753bfc9e9029bf76f169c28456414
Climate_h4,0,1236,N+Q,2026,2,56.447863477885576,13b085d7666e6328115a155c993075f09f0caed1429677b7fb37e36f18093899,cd9df2ade1ca21431041edcb14d5f17dd4911475861cec41755502771901127f,0eb4df990f6753bfc9e9029bf76f169c28456414
Climate_h4,0,1236,N+Q,2026,3,56.46236881729673,13b085d7666e6328115a155c993075f09f0caed1429677b7fb37e36f18093899,cd9df2ade1ca21431041edcb14d5f17dd4911475861cec41755502771901127f,0eb4df990f6753bfc9e9029bf76f169c28456414
Climate_h4,0,1236,N+Q,2026,4,56.43245899874403,13b085d7666e6328115a155c993075f09f0caed1429677b7fb37e36f18093899,cd9df2ade1ca21431041edcb14d5f17dd4911475861cec41755502771901127f,0eb4df990f6753bfc9e9029bf76f169c28456414
Climate_h4,0,1237,N+Q,2026,1,55.24620679470773,13b085d7666e6328115a155c993075f09f0caed1429677b7fb37e36f18093899,cd9df2ade1ca21431041edcb14d5f17dd4911475861cec41755502771901127f,0eb4df990f6753bfc9e9029bf76f169c28456414
Climate_h4,0,1237,N+Q,2026,2,55.26779164734639,13b085d7666e6328115a155c993075f09f0caed1429677b7fb37e36f18093899,cd9df2ade1ca21431041edcb14d5f17dd4911475861cec41755502771901127f,0eb4df990f6753bfc9e9029bf76f169c28456414
Climate_h4,0,1237,N+Q,2026,3,55.245416476845115,13b085d7666e6328115a155c993075f09f0caed1429677b7fb37e36f18093899,cd9df2ade1ca21431041edcb14d5f17dd4911475861cec41755502771901127f,0eb4df990f6753bfc9e9029bf76f169c28456414
Climate_h4,0,1237,N+Q,2026,4,55.17699608242101,13b085d7666e6328115a155c993075f09f0caed1429677b7fb37e36f18093899,cd9df2ade1ca21431041edcb14d5f17dd4911475861cec41755502771901127f,0eb4df990f6753bfc9e9029bf76f169c28456414
Climate_h4,0,1238,N+Q,2026,1,53.183715106040566,13b085d7666e6328115a155c993075f09f0caed1429677b7fb37e36f18093899,cd9df2ade1ca21431041edcb14d5f17dd4911475861cec41755502771901127f,0eb4df990f6753bfc9e9029bf76f169c28456414
Climate_h4,0,1238,N+Q,2026,2,53.18034934798207,13b085d7666e6328115a155c993075f09f0caed1429677b7fb37e36f18093899,cd9df2ade1ca21431041edcb14d5f17dd4911475861cec41755502771901127f,0eb4df990f6753bfc9e9029bf76f169c28456414
Climate_h4,0,1238,N+Q,2026,3,53.129888675592696,13b085d7666e6328115a155c993075f09f0caed1429677b7fb37e36f18093899,cd9df2ade1ca21431041edcb14d5f17dd4911475861cec41755502771901127f,0eb4df990f6753bfc9e9029bf76f169c28456414
Climate_h4,0,1238,N+Q,2026,4,53.040352213950754,13b085d7666e6328115a155c993075f09f0caed1429677b7fb37e36f18093899,cd9df2ade1ca21431041edcb14d5f17dd4911475861cec41755502771901127f,0eb4df990f6753bfc9e9029bf76f169c28456414
Climate_h4,0,1239,N+Q,2026,1,52.50219403004539,13b085d7666e6328115a155c993075f09f0caed1429677b7fb37e36f18093899,cd9df2ade1ca21431041edcb14d5f17dd4911475861cec41755502771901127f,0eb4df990f6753bfc9e9029bf76f169c28456414
Climate_h4,0,1239,N+Q,2026,2,52.46880080163999,13b085d7666e6328115a155c993075f09f0caed1429677b7fb37e36f18093899,cd9df2ade1ca21431041edcb14d5f17dd4911475861cec41755502771901127f,0eb4df990f6753bfc9e9029bf76f169c28456414
Climate_h4,0,1239,N+Q,2026,3,52.39264914045189,13b085d7666e6328115a155c993075f09f0caed1429677b7fb37e36f18093899,cd9df2ade1ca21431041edcb14d5f17dd4911475861cec41755502771901127f,0eb4df990f6753bfc9e9029bf76f169c28456414
Climate_h4,0,1239,N+Q,2026,4,52.268179888212714,13b085d7666e6328115a155c993075f09f0caed1429677b7fb37e36f18093899,cd9df2ade1ca21431041edcb14d5f17dd4911475861cec41755502771901127f,0eb4df990f6753bfc9e9029bf76f169c28456414
Climate_h4,0,1240,N+Q,2026,1,50.83077951321146,13b085d7666e6328115a155c993075f09f0caed1429677b7fb37e36f18093899,cd9df2ade1ca21431041edcb14d5f17dd4911475861cec41755502771901127f,0eb4df990f6753bfc9e9029bf76f169c28456414
Climate_h4,0,1240,N+Q,2026,2,50.78618400097386,13b085d7666e6328115a155c993075f09f0caed1429677b7fb37e36f18093899,cd9df2ade1ca21431041edcb14d5f17dd4911475861cec41755502771901127f,0eb4df990f6753bfc9e9029bf76f169c28456414
Climate_h4,0,1240,N+Q,2026,3,50.6906412710943,13b085d7666e6328115a155c993075f09f0caed1429677b7fb37e36f18093899,cd9df2ade1ca21431041edcb14d5f17dd4911475861cec41755502771901127f,0eb4df990f6753bfc9e9029bf76f169c28456414
Climate_h4,0,1240,N+Q,2026,4,50.55896088169944,13b085d7666e6328115a155c993075f09f0caed1429677b7fb37e36f18093899,cd9df2ade1ca21431041edcb14d5f17dd4911475861cec41755502771901127f,0eb4df990f6753bfc9e9029bf76f169c28456414
Climate_h4,0,1241,N+Q,2026,1,50.350860298444196,13b085d7666e6328115a155c993075f09f0caed1429677b7fb37e36f18093899,cd9df2ade1ca21431041edcb14d5f17dd4911475861cec41755502771901127f,0eb4df990f6753bfc9e9029bf76f169c28456414
Climate_h4,0,1241,N+Q,2026,2,50.29188641369117,13b085d7666e6328115a155c993075f09f0caed1429677b7fb37e36f18093899,cd9df2ade1ca21431041edcb14d5f17dd4911475861cec41755502771901127f,0eb4df990f6753bfc9e9029bf76f169c28456414
Climate_h4,0,1241,N+Q,2026,3,50.18894206615266,13b085d7666e6328115a155c993075f09f0caed1429677b7fb37e36f18093899,cd9df2ade1ca21431041edcb14d5f17dd4911475861cec41755502771901127f,0eb4df990f6753bfc9e9029bf76f169c28456414
Climate_h4,0,1241,N+Q,2026,4,50.05513944662941,13b085d7666e6328115a155c993075f09f0caed1429677b7fb37e36f18093899,cd9df2ade1ca21431041edcb14d5f17dd4911475861cec41755502771901127f,0eb4df990f6753bfc9e9029bf76f169c28456414
Climate_h4,0,1242,N+Q,2026,1,50.94784900547609,13b085d7666e6328115a155c993075f09f0caed1429677b7fb37e36f18093899,cd9df2ade1ca21431041edcb14d5f17dd4911475861cec41755502771901127f,0eb4df990f6753bfc9e9029bf76f169c28456414
Climate_h4,0,1242,N+Q,2026,2,50.87594975217199,13b085d7666e6328115a155c993075f09f0caed1429677b7fb37e36f18093899,cd9df2ade1ca21431041edcb14d5f17dd4911475861cec41755502771901127f,0eb4df990f6753bfc9e9029bf76f169c28456414
Climate_h4,0,1242,N+Q,2026,3,50.76340994381153,13b085d7666e6328115a155c993075f09f0caed1429677b7fb37e36f18093899,cd9df2ade1ca21431041edcb14d5f17dd4911475861cec41755502771901127f,0eb4df990f6753bfc9e9029bf76f169c28456414
Climate_h4,0,1242,N+Q,2026,4,50.62448315907135,13b085d7666e6328115a155c993075f09f0caed1429677b7fb37e36f18093899,cd9df2ade1ca21431041edcb14d5f17dd4911475861cec41755502771901127f,0eb4df990f6753bfc9e9029bf76f169c28456414
Climate_h4,0,1243,N+Q,2026,1,51.22567414141646,13b085d7666e6328115a155c993075f09f0caed1429677b7fb37e36f18093899,cd9df2ade1ca21431041edcb14d5f17dd4911475861cec41755502771901127f,0eb4df990f6753bfc9e9029bf76f169c28456414
Climate_h4,0,1243,N+Q,2026,2,51.13184095042833,13b085d7666e6328115a155c993075f09f0caed1429677b7fb37e36f18093899,cd9df2ade1ca21431041edcb14d5f17dd4911475861cec41755502771901127f,0eb4df990f6753bfc9e9029bf76f169c28456414
Climate_h4,0,1243,N+Q,2026,3,51.001791448240304,13b085d7666e6328115a155c993075f09f0caed1429677b7fb37e36f18093899,cd9df2ade1ca21431041edcb14d5f17dd4911475861cec41755502771901127f,0eb4df990f6753bfc9e9029bf76f169c28456414
Climate_h4,0,1243,N+Q,2026,4,50.835102388790006,13b085d7666e6328115a155c993075f09f0caed1429677b7fb37e36f18093899,cd9df2ade1ca21431041edcb14d5f17dd4911475861cec41755502771901127f,0eb4df990f6753bfc9e9029bf76f169c28456414
Climate_h4,0,1244,N+Q,2026,1,54.26269871304775,13b085d7666e6328115a155c993075f09f0caed1429677b7fb37e36f18093899,cd9df2ade1ca21431041edcb14d5f17dd4911475861cec41755502771901127f,0eb4df990f6753bfc9e9029bf76f169c28456414
Climate_h4,0,1244,N+Q,2026,2,54.14084156212874,13b085d7666e6328115a155c993075f09f0caed1429677b7fb37e36f18093899,cd9df2ade1ca21431041edcb14d5f17dd4911475861cec41755502771901127f,0eb4df990f6753bfc9e9029bf76f169c28456414
Climate_h4,0,1244,N+Q,2026,3,53.98181463602704,13b085d7666e6328115a155c993075f09f0caed1429677b7fb37e36f18093899,cd9df2ade1ca21431041edcb14d5f17dd4911475861cec41755502771901127f,0eb4df990f6753bfc9e9029bf76f169c28456414
Climate_h4,0,1244,N+Q,2026,4,53.790091106044194,13b085d7666e6328115a155c993075f09f0caed1429677b7fb37e36f18093899,cd9df2ade1ca21431041edcb14d5f17dd4911475861cec41755502771901127f,0eb4df990f6753bfc9e9029bf76f169c28456414
Climate_h4,0,1245,N+Q,2026,1,53.446606783469974,13b085d7666e6328115a155c993075f09f0caed1429677b7fb37e36f18093899,cd9df2ade1ca21431041edcb14d5f17dd4911475861cec41755502771901127f,0eb4df990f6753bfc9e9029bf76f169c28456414
Climate_h4,0,1245,N+Q,2026,2,53.29990158275232,13b085d7666e6328115a155c993075f09f0caed1429677b7fb37e36f18093899,cd9df2ade1ca21431041edcb14d5f17dd4911475861cec41755502771901127f,0eb4df990f6753bfc9e9029bf76f169c28456414
Climate_h4,0,1245,N+Q,2026,3,53.114601553391395,13b085d7666e6328115a155c993075f09f0caed1429677b7fb37e36f18093899,cd9df2ade1ca21431041edcb14d5f17dd4911475861cec41755502771901127f,0eb4df990f6753bfc9e9029bf76f169c28456414
Climate_h4,0,1245,N+Q,2026,4,52.91130912757562,13b085d7666e6328115a155c993075f09f0caed1429677b7fb37e36f18093899,cd9df2ade1ca21431041edcb14d5f17dd4911475861cec41755502771901127f,0eb4df990f6753bfc9e9029bf76f169c28456414
Climate_h4,0,1246,N+Q,2026,1,53.07343624058804,13b085d7666e6328115a155c993075f09f0caed1429677b7fb37e36f18093899,cd9df2ade1ca21431041edcb14d5f17dd4911475861cec41755502771901127f,0eb4df990f6753bfc9e9029bf76f169c28456414
Climate_h4,0,1246,N+Q,2026,2,52.898323922667224,13b085d7666e6328115a155c993075f09f0caed1429677b7fb37e36f18093899,cd9df2ade1ca21431041edcb14d5f17dd4911475861cec41755502771901127f,0eb4df990f6753bfc9e9029bf76f169c28456414
Climate_h4,0,1246,N+Q,2026,3,52.703188600411,13b085d7666e6328115a155c993075f09f0caed1429677b7fb37e36f18093899,cd9df2ade1ca21431041edcb14d5f17dd4911475861cec41755502771901127f,0eb4df990f6753bfc9e9029bf76f169c28456414
Climate_h4,0,1246,N+Q,2026,4,52.497882692412844,13b085d7666e6328115a155c993075f09f0caed1429677b7fb37e36f18093899,cd9df2ade1ca21431041edcb14d5f17dd4911475861cec41755502771901127f,0eb4df990f6753bfc9e9029bf76f169c28456414
Climate_h4,0,1247,N+Q,2026,1,52.65942823853019,13b085d7666e6328115a155c993075f09f0caed1429677b7fb37e36f18093899,cd9df2ade1ca21431041edcb14d5f17dd4911475861cec41755502771901127f,0eb4df990f6753bfc9e9029bf76f169c28456414
Climate_h4,0,1247,N+Q,2026,2,52.477811118483814,13b085d7666e6328115a155c993075f09f0caed1429677b7fb37e36f18093899,cd9df2ade1ca21431041edcb14d5f17dd4911475861cec41755502771901127f,0eb4df990f6753bfc9e9029bf76f169c28456414
Climate_h4,0,1247,N+Q,2026,3,52.284042023504234,13b085d7666e6328115a155c993075f09f0caed1429677b7fb37e36f18093899,cd9df2ade1ca21431041edcb14d5f17dd4911475861cec41755502771901127f,0eb4df990f6753bfc9e9029bf76f169c28456414
Climate_h4,0,1247,N+Q,2026,4,52.089374627200314,13b085d7666e6328115a155c993075f09f0caed1429677b7fb37e36f18093899,cd9df2ade1ca21431041edcb14d5f17dd4911475861cec41755502771901127f,0eb4df990f6753bfc9e9029bf76f169c28456414
Climate_h4,0,1248,N+Q,2026,1,53.020746323964616,13b085d7666e6328115a155c993075f09f0caed1429677b7fb37e36f18093899,cd9df2ade1ca21431041edcb14d5f17dd4911475861cec41755502771901127f,0eb4df990f6753bfc9e9029bf76f169c28456414
Climate_h4,0,1248,N+Q,2026,2,52.82833474828988,13b085d7666e6328115a155c993075f09f0caed1429677b7fb37e36f18093899,cd9df2ade1ca21431041edcb14d5f17dd4911475861cec41755502771901127f,0eb4df990f6753bfc9e9029bf76f169c28456414
Climate_h4,0,1248,N+Q,2026,3,52.63704350006063,13b085d7666e6328115a155c993075f09f0caed1429677b7fb37e36f18093899,cd9df2ade1ca21431041edcb14d5f17dd4911475861cec41755502771901127f,0eb4df990f6753bfc9e9029bf76f169c28456414
Climate_h4,0,1248,N+Q,2026,4,52.44129655635469,13b085d7666e6328115a155c993075f09f0caed1429677b7fb37e36f18093899,cd9df2ade1ca21431041edcb14d5f17dd4911475861cec41755502771901127f,0eb4df990f6753bfc9e9029bf76f169c28456414
Climate_h4,0,1249,N+Q,2026,1,53.34636953494991,13b085d7666e6328115a155c993075f09f0caed1429677b7fb37e36f18093899,cd9df2ade1ca21431041edcb14d5f17dd4911475861cec41755502771901127f,0eb4df990f6753bfc9e9029bf76f169c28456414
Climate_h4,0,1249,N+Q,2026,2,53.15862001400733,13b085d7666e6328115a155c993075f09f0caed1429677b7fb37e36f18093899,cd9df2ade1ca21431041edcb14d5f17dd4911475861cec41755502771901127f,0eb4df990f6753bfc9e9029bf76f169c28456414
Climate_h4,0,1249,N+Q,2026,3,52.97156864542384,13b085d7666e6328115a155c993075f09f0caed1429677b7fb37e36f18093899,cd9df2ade1ca21431041edcb14d5f17dd4911475861cec41755502771901127f,0eb4df990f6753bfc9e9029bf76f169c28456414
Climate_h4,0,1249,N+Q,2026,4,52.79746360380992,13b085d7666e6328115a155c993075f09f0caed1429677b7fb37e36f18093899,cd9df2ade1ca21431041edcb14d5f17dd4911475861cec41755502771901127f,0eb4df990f6753bfc9e9029bf76f169c28456414
Climate_h4,0,1250,N+Q,2026,1,52.82401690800675,13b085d7666e6328115a155c993075f09f0caed1429677b7fb37e36f18093899,cd9df2ade1ca21431041edcb14d5f17dd4911475861cec41755502771901127f,0eb4df990f6753bfc9e9029bf76f169c28456414
Climate_h4,0,1250,N+Q,2026,2,52.64538572642628,13b085d7666e6328115a155c993075f09f0caed1429677b7fb37e36f18093899,cd9df2ade1ca21431041edcb14d5f17dd4911475861cec41755502771901127f,0eb4df990f6753bfc9e9029bf76f169c28456414
Climate_h4,0,1250,N+Q,2026,3,52.484023806729894,13b085d7666e6328115a155c993075f09f0caed1429677b7fb37e36f18093899,cd9df2ade1ca21431041edcb14d5f17dd4911475861cec41755502771901127f,0eb4df990f6753bfc9e9029bf76f169c28456414
Climate_h4,0,1250,N+Q,2026,4,52.33353974694292,13b085d7666e6328115a155c993075f09f0caed1429677b7fb37e36f18093899,cd9df2ade1ca21431041edcb14d5f17dd4911475861cec41755502771901127f,0eb4df990f6753bfc9e9029bf76f169c28456414
Climate_h4,0,1251,N+Q,2026,1,53.4029677998665,13b085d7666e6328115a155c993075f09f0caed1429677b7fb37e36f18093899,cd9df2ade1ca21431041edcb14d5f17dd4911475861cec41755502771901127f,0eb4df990f6753bfc9e9029bf76f169c28456414
Climate_h4,0,1251,N+Q,2026,2,53.24427841550361,13b085d7666e6328115a155c993075f09f0caed1429677b7fb37e36f18093899,cd9df2ade1ca21431041edcb14d5f17dd4911475861cec41755502771901127f,0eb4df990f6753bfc9e9029bf76f169c28456414
Climate_h4,0,1251,N+Q,2026,3,53.099495319936295,13b085d7666e6328115a155c993075f09f0caed1429677b7fb37e36f18093899,cd9df2ade1ca21431041edcb14d5f17dd4911475861cec41755502771901127f,0eb4df990f6753bfc9e9029bf76f169c28456414
Climate_h4,0,1251,N+Q,2026,4,52.964015945007304,13b085d7666e6328115a155c993075f09f0caed1429677b7fb37e36f18093899,cd9df2ade1ca21431041edcb14d5f17dd4911475861cec41755502771901127f,0eb4df990f6753bfc9e9029bf76f169c28456414
Climate_h4,0,1252,N+Q,2026,1,54.3411998208645,13b085d7666e6328115a155c993075f09f0caed1429677b7fb37e36f18093899,cd9df2ade1ca21431041edcb14d5f17dd4911475861cec41755502771901127f,0eb4df990f6753bfc9e9029bf76f169c28456414
Climate_h4,0,1252,N+Q,2026,2,54.19158933798721,13b085d7666e6328115a155c993075f09f0caed1429677b7fb37e36f18093899,cd9df2ade1ca21431041edcb14d5f17dd4911475861cec41755502771901127f,0eb4df990f6753bfc9e9029bf76f169c28456414
Climate_h4,0,1252,N+Q,2026,3,54.050075436929234,13b085d7666e6328115a155c993075f09f0caed1429677b7fb37e36f18093899,cd9df2ade1ca21431041edcb14d5f17dd4911475861cec41755502771901127f,0eb4df990f6753bfc9e9029bf76f169c28456414
Climate_h4,0,1252,N+Q,2026,4,53.904412995685945,13b085d7666e6328115a155c993075f09f0caed1429677b7fb37e36f18093899,cd9df2ade1ca21431041edcb14d5f17dd4911475861cec41755502771901127f,0eb4df990f6753bfc9e9029bf76f169c28456414
Climate_h4,0,1253,N+Q,2026,1,53.91948893920692,13b085d7666e6328115a155c993075f09f0caed1429677b7fb37e36f18093899,cd9df2ade1ca21431041edcb14d5f17dd4911475861cec41755502771901127f,0eb4df990f6753bfc9e9029bf76f169c28456414
Climate_h4,0,1253,N+Q,2026,2,53.780701902811145,13b085d7666e6328115a155c993075f09f0caed1429677b7fb37e36f18093899,cd9df2ade1ca21431041edcb14d5f17dd4911475861cec41755502771901127f,0eb4df990f6753bfc9e9029bf76f169c28456414
Climate_h4,0,1253,N+Q,2026,3,53.63946332608203,13b085d7666e6328115a155c993075f09f0caed1429677b7fb37e36f18093899,cd9df2ade1ca21431041edcb14d5f17dd4911475861cec41755502771901127f,0eb4df990f6753bfc9e9029bf76f169c28456414
Climate_h4,0,1253,N+Q,2026,4,53.49732948069175,13b085d7666e6328115a155c993075f09f0caed1429677b7fb37e36f18093899,cd9df2ade1ca21431041edcb14d5f17dd4911475861cec41755502771901127f,0eb4df990f6753bfc9e9029bf76f169c28456414
Climate_h4,0,1254,N+Q,2026,1,55.011172724148736,13b085d7666e6328115a155c993075f09f0caed1429677b7fb37e36f18093899,cd9df2ade1ca21431041edcb14d5f17dd4911475861cec41755502771901127f,0eb4df990f6753bfc9e9029bf76f169c28456414
Climate_h4,0,1254,N+Q,2026,2,54.867381363645386,13b085d7666e6328115a155c993075f09f0caed1429677b7fb37e36f18093899,cd9df2ade1ca21431041edcb14d5f17dd4911475861cec41755502771901127f,0eb4df990f6753bfc9e9029bf76f169c28456414
Climate_h4,0,1254,N+Q,2026,3,54.724436255718224,13b085d7666e6328115a155c993075f09f0caed1429677b7fb37e36f18093899,cd9df2ade1ca21431041edcb14d5f17dd4911475861cec41755502771901127f,0eb4df990f6753bfc9e9029bf76f169c28456414
Climate_h4,0,1254,N+Q,2026,4,54.61484192883657,13b085d7666e6328115a155c993075f09f0caed1429677b7fb37e36f18093899,cd9df2ade1ca21431041edcb14d5f17dd4911475861cec41755502771901127f,0eb4df990f6753bfc9e9029bf76f169c28456414
Climate_h4,0,1255,N+Q,2026,1,57.056814358266415,13b085d7666e6328115a155c993075f09f0caed1429677b7fb37e36f18093899,cd9df2ade1ca21431041edcb14d5f17dd4911475861cec41755502771901127f,0eb4df990f6753bfc9e9029bf76f169c28456414
Climate_h4,0,1255,N+Q,2026,2,56.903812515386385,13b085d7666e6328115a155c993075f09f0caed1429677b7fb37e36f18093899,cd9df2ade1ca21431041edcb14d5f17dd4911475861cec41755502771901127f,0eb4df990f6753bfc9e9029bf76f169c28456414
Climate_h4,0,1255,N+Q,2026,3,56.78532100915826,13b085d7666e6328115a155c993075f09f0caed1429677b7fb37e36f18093899,cd9df2ade1ca21431041edcb14d5f17dd4911475861cec41755502771901127f,0eb4df990f6753bfc9e9029bf76f169c28456414
Climate_h4,0,1255,N+Q,2026,4,56.6994038208692,13b085d7666e6328115a155c993075f09f0caed1429677b7fb37e36f18093899,cd9df2ade1ca21431041edcb14d5f17dd4911475861cec41755502771901127f,0eb4df990f6753bfc9e9029bf76f169c28456414
Climate_h4,0,1256,N+Q,2026,1,58.05919796548245,13b085d7666e6328115a155c993075f09f0caed1429677b7fb37e36f18093899,cd9df2ade1ca21431041edcb14d5f17dd4911475861cec41755502771901127f,0eb4df990f6753bfc9e9029bf76f169c28456414
Climate_h4,0,1256,N+Q,2026,2,57.93034476795628,13b085d7666e6328115a155c993075f09f0caed1429677b7fb37e36f18093899,cd9df2ade1ca21431041edcb14d5f17dd4911475861cec41755502771901127f,0eb4df990f6753bfc9e9029bf76f169c28456414
Climate_h4,0,1256,N+Q,2026,3,57.83413820286057,13b085d7666e6328115a155c993075f09f0caed1429677b7fb37e36f18093899,cd9df2ade1ca21431041edcb14d5f17dd4911475861cec41755502771901127f,0eb4df990f6753bfc9e9029bf76f169c28456414
Climate_h4,0,1256,N+Q,2026,4,57.75556949571639,13b085d7666e6328115a155c993075f09f0caed1429677b7fb37e36f18093899,cd9df2ade1ca21431041edcb14d5f17dd4911475861cec41755502771901127f,0eb4df990f6753bfc9e9029bf76f169c28456414
Climate_h4,0,1257,N+Q,2026,1,62.75358173082389,13b085d7666e6328115a155c993075f09f0caed1429677b7fb37e36f18093899,cd9df2ade1ca21431041edcb14d5f17dd4911475861cec41755502771901127f,0eb4df990f6753bfc9e9029bf76f169c28456414
Climate_h4,0,1257,N+Q,2026,2,62.617301305616934,13b085d7666e6328115a155c993075f09f0caed1429677b7fb37e36f18093899,cd9df2ade1ca21431041edcb14d5f17dd4911475861cec41755502771901127f,0eb4df990f6753bfc9e9029bf76f169c28456414
Climate_h4,0,1257,N+Q,2026,3,62.500215425677624,13b085d7666e6328115a155c993075f09f0caed1429677b7fb37e36f18093899,cd9df2ade1ca21431041edcb14d5f17dd4911475861cec41755502771901127f,0eb4df990f6753bfc9e9029bf76f169c28456414
Climate_h4,0,1257,N+Q,2026,4,62.395942251130464,13b085d7666e6328115a155c993075f09f0caed1429677b7fb37e36f18093899,cd9df2ade1ca21431041edcb14d5f17dd4911475861cec41755502771901127f,0eb4df990f6753bfc9e9029bf76f169c28456414
Climate_h4,0,1258,N+Q,2026,1,64.8446712628614,13b085d7666e6328115a155c993075f09f0caed1429677b7fb37e36f18093899,cd9df2ade1ca21431041edcb14d5f17dd4911475861cec41755502771901127f,0eb4df990f6753bfc9e9029bf76f169c28456414
Climate_h4,0,1258,N+Q,2026,2,64.6851178744797,13b085d7666e6328115a155c993075f09f0caed1429677b7fb37e36f18093899,cd9df2ade1ca21431041edcb14d5f17dd4911475861cec41755502771901127f,0eb4df990f6753bfc9e9029bf76f169c28456414
Climate_h4,0,1258,N+Q,2026,3,64.54517199516461,13b085d7666e6328115a155c993075f09f0caed1429677b7fb37e36f18093899,cd9df2ade1ca21431041edcb14d5f17dd4911475861cec41755502771901127f,0eb4df990f6753bfc9e9029bf76f169c28456414
Climate_h4,0,1258,N+Q,2026,4,64.4193288123347,13b085d7666e6328115a155c993075f09f0caed1429677b7fb37e36f18093899,cd9df2ade1ca21431041edcb14d5f17dd4911475861cec41755502771901127f,0eb4df990f6753bfc9e9029bf76f169c28456414
Climate_h4,0,1259,N+Q,2026,1,66.57731688688503,13b085d7666e6328115a155c993075f09f0caed1429677b7fb37e36f18093899,cd9df2ade1ca21431041edcb14d5f17dd4911475861cec41755502771901127f,0eb4df990f6753bfc9e9029bf76f169c28456414
Climate_h4,0,1259,N+Q,2026,2,66.3895739066015,13b085d7666e6328115a155c993075f09f0caed1429677b7fb37e36f18093899,cd9df2ade1ca21431041edcb14d5f17dd4911475861cec41755502771901127f,0eb4df990f6753bfc9e9029bf76f169c28456414
Climate_h4,0,1259,N+Q,2026,3,66.22438102764322,13b085d7666e6328115a155c993075f09f0caed1429677b7fb37e36f18093899,cd9df2ade1ca21431041edcb14d5f17dd4911475861cec41755502771901127f,0eb4df990f6753bfc9e9029bf76f169c28456414
Climate_h4,0,1259,N+Q,2026,4,66.0716225010399,13b085d7666e6328115a155c993075f09f0caed1429677b7fb37e36f18093899,cd9df2ade1ca21431041edcb14d5f17dd4911475861cec41755502771901127f,0eb4df990f6753bfc9e9029bf76f169c28456414
Climate_h4,0,1260,N+Q,2026,1,65.09821857193279,13b085d7666e6328115a155c993075f09f0caed1429677b7fb37e36f18093899,cd9df2ade1ca21431041edcb14d5f17dd4911475861cec41755502771901127f,0eb4df990f6753bfc9e9029bf76f169c28456414
Climate_h4,0,1260,N+Q,2026,2,64.9004234401757,13b085d7666e6328115a155c993075f09f0caed1429677b7fb37e36f18093899,cd9df2ade1ca21431041edcb14d5f17dd4911475861cec41755502771901127f,0eb4df990f6753bfc9e9029bf76f169c28456414
Climate_h4,0,1260,N+Q,2026,3,64.72282844829688,13b085d7666e6328115a155c993075f09f0caed1429677b7fb37e36f18093899,cd9df2ade1ca21431041edcb14d5f17dd4911475861cec41755502771901127f,0eb4df990f6753bfc9e9029bf76f169c28456414
Climate_h4,0,1260,N+Q,2026,4,64.56232946772943,13b085d7666e6328115a155c993075f09f0caed1429677b7fb37e36f18093899,cd9df2ade1ca21431041edcb14d5f17dd4911475861cec41755502771901127f,0eb4df990f6753bfc9e9029bf76f169c28456414
Climate_h4,0,1261,N+Q,2026,1,60.439776521129446,13b085d7666e6328115a155c993075f09f0caed1429677b7fb37e36f18093899,cd9df2ade1ca21431041edcb14d5f17dd4911475861cec41755502771901127f,0eb4df990f6753bfc9e9029bf76f169c28456414
Climate_h4,0,1261,N+Q,2026,2,60.24504245242745,13b085d7666e6328115a155c993075f09f0caed1429677b7fb37e36f18093899,cd9df2ade1ca21431041edcb14d5f17dd4911475861cec41755502771901127f,0eb4df990f6753bfc9e9029bf76f169c28456414
Climate_h4,0,1261,N+Q,2026,3,60.07793606060808,13b085d7666e6328115a155c993075f09f0caed1429677b7fb37e36f18093899,cd9df2ade1ca21431041edcb14d5f17dd4911475861cec41755502771901127f,0eb4df990f6753bfc9e9029bf76f169c28456414
Climate_h4,0,1261,N+Q,2026,4,59.944188567060834,13b085d7666e6328115a155c993075f09f0caed1429677b7fb37e36f18093899,cd9df2ade1ca21431041edcb14d5f17dd4911475861cec41755502771901127f,0eb4df990f6753bfc9e9029bf76f169c28456414
Climate_h4,0,1262,N+Q,2026,1,60.05117315624417,13b085d7666e6328115a155c993075f09f0caed1429677b7fb37e36f18093899,cd9df2ade1ca21431041edcb14d5f17dd4911475861cec41755502771901127f,0eb4df990f6753bfc9e9029bf76f169c28456414
Climate_h4,0,1262,N+Q,2026,2,59.876966955623566,13b085d7666e6328115a155c993075f09f0caed1429677b7fb37e36f18093899,cd9df2ade1ca21431041edcb14d5f17dd4911475861cec41755502771901127f,0eb4df990f6753bfc9e9029bf76f169c28456414
Climate_h4,0,1262,N+Q,2026,3,59.746498725903606,13b085d7666e6328115a155c993075f09f0caed1429677b7fb37e36f18093899,cd9df2ade1ca21431041edcb14d5f17dd4911475861cec41755502771901127f,0eb4df990f6753bfc9e9029bf76f169c28456414
Climate_h4,0,1262,N+Q,2026,4,59.632068376871885,13b085d7666e6328115a155c993075f09f0caed1429677b7fb37e36f18093899,cd9df2ade1ca21431041edcb14d5f17dd4911475861cec41755502771901127f,0eb4df990f6753bfc9e9029bf76f169c28456414
Climate_h4,0,1263,N+Q,2026,1,61.518169123768715,13b085d7666e6328115a155c993075f09f0caed1429677b7fb37e36f18093899,cd9df2ade1ca21431041edcb14d5f17dd4911475861cec41755502771901127f,0eb4df990f6753bfc9e9029bf76f169c28456414
Climate_h4,0,1263,N+Q,2026,2,61.369502082751545,13b085d7666e6328115a155c993075f09f0caed1429677b7fb37e36f18093899,cd9df2ade1ca21431041edcb14d5f17dd4911475861cec41755502771901127f,0eb4df990f6753bfc9e9029bf76f169c28456414
Climate_h4,0,1263,N+Q,2026,3,61.245538862330775,13b085d7666e6328115a155c993075f09f0caed1429677b7fb37e36f18093899,cd9df2ade1ca21431041edcb14d5f17dd4911475861cec41755502771901127f,0eb4df990f6753bfc9e9029bf76f169c28456414
Climate_h4,0,1263,N+Q,2026,4,61.127862901535615,13b085d7666e6328115a155c993075f09f0caed1429677b7fb37e36f18093899,cd9df2ade1ca21431041edcb14d5f17dd4911475861cec41755502771901127f,0eb4df990f6753bfc9e9029bf76f169c28456414
Climate_h4,0,1264,N+Q,2026,1,62.846312471644154,13b085d7666e6328115a155c993075f09f0caed1429677b7fb37e36f18093899,cd9df2ade1ca21431041edcb14d5f17dd4911475861cec41755502771901127f,0eb4df990f6753bfc9e9029bf76f169c28456414
Climate_h4,0,1264,N+Q,2026,2,62.702022109115845,13b085d7666e6328115a155c993075f09f0caed1429677b7fb37e36f18093899,cd9df2ade1ca21431041edcb14d5f17dd4911475861cec41755502771901127f,0eb4df990f6753bfc9e9029bf76f169c28456414
Climate_h4,0,1264,N+Q,2026,3,62.567568919601776,13b085d7666e6328115a155c993075f09f0caed1429677b7fb37e36f18093899,cd9df2ade1ca21431041edcb14d5f17dd4911475861cec41755502771901127f,0eb4df990f6753bfc9e9029bf76f169c28456414
Climate_h4,0,1264,N+Q,2026,4,62.45982775801845,13b085d7666e6328115a155c993075f09f0caed1429677b7fb37e36f18093899,cd9df2ade1ca21431041edcb14d5f17dd4911475861cec41755502771901127f,0eb4df990f6753bfc9e9029bf76f169c28456414
Climate_h4,0,1265,N+Q,2026,1,64.64460761795773,13b085d7666e6328115a155c993075f09f0caed1429677b7fb37e36f18093899,cd9df2ade1ca21431041edcb14d5f17dd4911475861cec41755502771901127f,0eb4df990f6753bfc9e9029bf76f169c28456414
Climate_h4,0,1265,N+Q,2026,2,64.47553353337261,13b085d7666e6328115a155c993075f09f0caed1429677b7fb37e36f18093899,cd9df2ade1ca21431041edcb14d5f17dd4911475861cec41755502771901127f,0eb4df990f6753bfc9e9029bf76f169c28456414
Climate_h4,0,1265,N+Q,2026,3,64.33364766562649,13b085d7666e6328115a155c993075f09f0caed1429677b7fb37e36f18093899,cd9df2ade1ca21431041edcb14d5f17dd4911475861cec41755502771901127f,0eb4df990f6753bfc9e9029bf76f169c28456414
Climate_h4,0,1265,N+Q,2026,4,64.25088604232687,13b085d7666e6328115a155c993075f09f0caed1429677b7fb37e36f18093899,cd9df2ade1ca21431041edcb14d5f17dd4911475861cec41755502771901127f,0eb4df990f6753bfc9e9029bf76f169c28456414
Climate_h4,0,1266,N+Q,2026,1,65.3601116048657,13b085d7666e6328115a155c993075f09f0caed1429677b7fb37e36f18093899,cd9df2ade1ca21431041edcb14d5f17dd4911475861cec41755502771901127f,0eb4df990f6753bfc9e9029bf76f169c28456414
Climate_h4,0,1266,N+Q,2026,2,65.19407066758804,13b085d7666e6328115a155c993075f09f0caed1429677b7fb37e36f18093899,cd9df2ade1ca21431041edcb14d5f17dd4911475861cec41755502771901127f,0eb4df990f6753bfc9e9029bf76f169c28456414
Climate_h4,0,1266,N+Q,2026,3,65.08445704302696,13b085d7666e6328115a155c993075f09f0caed1429677b7fb37e36f18093899,cd9df2ade1ca21431041edcb14d5f17dd4911475861cec41755502771901127f,0eb4df990f6753bfc9e9029bf76f169c28456414
Climate_h4,0,1266,N+Q,2026,4,65.03428285835851,13b085d7666e6328115a155c993075f09f0caed1429677b7fb37e36f18093899,cd9df2ade1ca21431041edcb14d5f17dd4911475861cec41755502771901127f,0eb4df990f6753bfc9e9029bf76f169c28456414
Climate_h4,0,1267,N+Q,2026,1,67.19853511534018,13b085d7666e6328115a155c993075f09f0caed1429677b7fb37e36f18093899,cd9df2ade1ca21431041edcb14d5f17dd4911475861cec41755502771901127f,0eb4df990f6753bfc9e9029bf76f169c28456414
Climate_h4,0,1267,N+Q,2026,2,67.05202207552503,13b085d7666e6328115a155c993075f09f0caed1429677b7fb37e36f18093899,cd9df2ade1ca21431041edcb14d5f17dd4911475861cec41755502771901127f,0eb4df990f6753bfc9e9029bf76f169c28456414
Climate_h4,0,1267,N+Q,2026,3,66.96229223738976,13b085d7666e6328115a155c993075f09f0caed1429677b7fb37e36f18093899,cd9df2ade1ca21431041edcb14d5f17dd4911475861cec41755502771901127f,0eb4df990f6753bfc9e9029bf76f169c28456414
Climate_h4,0,1267,N+Q,2026,4,66.9350376296964,13b085d7666e6328115a155c993075f09f0caed1429677b7fb37e36f18093899,cd9df2ade1ca21431041edcb14d5f17dd4911475861cec41755502771901127f,0eb4df990f6753bfc9e9029bf76f169c28456414
Climate_h4,0,1268,N+Q,2026,1,67.05818372345314,13b085d7666e6328115a155c993075f09f0caed1429677b7fb37e36f18093899,cd9df2ade1ca21431041edcb14d5f17dd4911475861cec41755502771901127f,0eb4df990f6753bfc9e9029bf76f169c28456414
Climate_h4,0,1268,N+Q,2026,2,66.93652237233175,13b085d7666e6328115a155c993075f09f0caed1429677b7fb37e36f18093899,cd9df2ade1ca21431041edcb14d5f17dd4911475861cec41755502771901127f,0eb4df990f6753bfc9e9029bf76f169c28456414
Climate_h4,0,1268,N+Q,2026,3,66.87328430606725,13b085d7666e6328115a155c993075f09f0caed1429677b7fb37e36f18093899,cd9df2ade1ca21431041edcb14d5f17dd4911475861cec41755502771901127f,0eb4df990f6753bfc9e9029bf76f169c28456414
Climate_h4,0,1268,N+Q,2026,4,66.85811960444457,13b085d7666e6328115a155c993075f09f0caed1429677b7fb37e36f18093899,cd9df2ade1ca21431041edcb14d5f17dd4911475861cec41755502771901127f,0eb4df990f6753bfc9e9029bf76f169c28456414
