task_id,fold_id,origin_id,candidate_id,seed,horizon,y_pred,config_hash,feature_hash,code_commit
Climate_h4,0,1017,N+F,2026,1,88.59165042169494,4e63d0b84cd7266982bddd1882a7219cab63faf765b98d22890307b931848381,cd9df2ade1ca21431041edcb14d5f17dd4911475861cec41755502771901127f,0eb4df990f6753bfc9e9029bf76f169c28456414
Climate_h4,0,1017,N+F,2026,2,87.85539600469242,4e63d0b84cd7266982bddd1882a7219cab63faf765b98d22890307b931848381,cd9df2ade1ca21431041edcb14d5f17dd4911475861cec41755502771901127f,0eb4df990f6753bfc9e9029bf76f169c28456414
Climate_h4,0,1017,N+F,2026,3,87.1452512784616,4e63d0b84cd7266982bddd1882a7219cab63faf765b98d22890307b931848381,cd9df2ade1ca21431041edcb14d5f17dd4911475861cec41755502771901127f,0eb4df990f6753bfc9e9029bf76f169c28456414
Climate_h4,0,1017,N+F,2026,4,86.47623133137886,4e63d0b84cd7266982bddd1882a7219cab63faf765b98d22890307b931848381,cd9df2ade1ca21431041edcb14d5f17dd4911475861cec41755502771901127f,0eb4df990f6753bfc9e9029bf76f169c28456414
Climate_h4,0,1018,N+F,2026,1,88.71134383183734,4e63d0b84cd7266982bddd1882a7219cab63faf765b98d22890307b931848381,cd9df2ade1ca21431041edcb14d5f17dd4911475861cec41755502771901127f,0eb4df990f6753bfc9e9029bf76f169c28456414
Climate_h4,0,1018,N+F,2026,2,87.97087163053084,4e63d0b84cd7266982bddd1882a7219cab63faf765b98d22890307b931848381,cd9df2ade1ca21431041edcb14d5f17dd4911475861cec41755502771901127f,0eb4df990f6753bfc9e9029bf76f169c28456414
Climate_h4,0,1018,N+F,2026,3,87.26553053799445,4e63d0b84cd7266982bddd1882a7219cab63faf765b98d22890307b931848381,cd9df2ade1ca21431041edcb14d5f17dd4911475861cec41755502771901127f,0eb4df990f6753bfc9e9029bf76f169c28456414
Climate_h4,0,1018,N+F,2026,4,86.60398085060918,4e63d0b84cd7266982bddd1882a7219cab63faf765b98d22890307b931848381,cd9df2ade1ca21431041edcb14d5f17dd4911475861cec41755502771901127f,0eb4df990f6753bfc9e9029bf76f169c28456414
Climate_h4,0,1019,N+F,2026,1,79.88268711761121,4e63d0b84cd7266982bddd1882a7219cab63faf765b98d22890307b931848381,cd9df2ade1ca21431041edcb14d5f17dd4911475861cec41755502771901127f,0eb4df990f6753bfc9e9029bf76f169c28456414
Climate_h4,0,1019,N+F,2026,2,79.20169032740172,4e63d0b84cd7266982bddd1882a7219cab63faf765b98d22890307b931848381,cd9df2ade1ca21431041edcb14d5f17dd4911475861cec41755502771901127f,0eb4df990f6753bfc9e9029bf76f169c28456414
Climate_h4,0,1019,N+F,2026,3,78.55208725337113,4e63d0b84cd7266982bddd1882a7219cab63faf765b98d22890307b931848381,cd9df2ade1ca21431041edcb14d5f17dd4911475861cec41755502771901127f,0eb4df990f6753bfc9e9029bf76f169c28456414
Climate_h4,0,1019,N+F,2026,4,77.95452386027223,4e63d0b84cd7266982bddd1882a7219cab63faf765b98d22890307b931848381,cd9df2ade1ca21431041edcb14d5f17dd4911475861cec41755502771901127f,0eb4df990f6753bfc9e9029bf76f169c28456414
Climate_h4,0,1020,N+F,2026,1,79.68411441155017,4e63d0b84cd7266982bddd1882a7219cab63faf765b98d22890307b931848381,cd9df2ade1ca21431041edcb14d5f17dd4911475861cec41755502771901127f,0eb4df990f6753bfc9e9029bf76f169c28456414
Climate_h4,0,1020,N+F,2026,2,79.04098798850502,4e63d0b84cd7266982bddd1882a7219cab63faf765b98d22890307b931848381,cd9df2ade1ca21431041edcb14d5f17dd4911475861cec41755502771901127f,0eb4df990f6753bfc9e9029bf76f169c28456414
Climate_h4,0,1020,N+F,2026,3,78.44390157285211,4e63d0b84cd7266982bddd1882a7219cab63faf765b98d22890307b931848381,cd9df2ade1ca21431041edcb14d5f17dd4911475861cec41755502771901127f,0eb4df990f6753bfc9e9029bf76f169c28456414
Climate_h4,0,1020,N+F,2026,4,77.8908352296913,4e63d0b84cd7266982bddd1882a7219cab63faf765b98d22890307b931848381,cd9df2ade1ca21431041edcb14d5f17dd4911475861cec41755502771901127f,0eb4df990f6753bfc9e9029bf76f169c28456414
Climate_h4,0,1021,N+F,2026,1,78.80677403758305,4e63d0b84cd7266982bddd1882a7219cab63faf765b98d22890307b931848381,cd9df2ade1ca21431041edcb14d5f17dd4911475861cec41755502771901127f,0eb4df990f6753bfc9e9029bf76f169c28456414
Climate_h4,0,1021,N+F,2026,2,78.223878526066,4e63d0b84cd7266982bddd1882a7219cab63faf765b98d22890307b931848381,cd9df2ade1ca21431041edcb14d5f17dd4911475861cec41755502771901127f,0eb4df990f6753bfc9e9029bf76f169c28456414
Climate_h4,0,1021,N+F,2026,3,77.67716523822821,4e63d0b84cd7266982bddd1882a7219cab63faf765b98d22890307b931848381,cd9df2ade1ca21431041edcb14d5f17dd4911475861cec41755502771901127f,0eb4df990f6753bfc9e9029bf76f169c28456414
Climate_h4,0,1021,N+F,2026,4,77.18782517676092,4e63d0b84cd7266982bddd1882a7219cab63faf765b98d22890307b931848381,cd9df2ade1ca21431041edcb14d5f17dd4911475861cec41755502771901127f,0eb4df990f6753bfc9e9029bf76f169c28456414
Climate_h4,0,1022,N+F,2026,1,76.5391692129805,4e63d0b84cd7266982bddd1882a7219cab63faf765b98d22890307b931848381,cd9df2ade1ca21431041edcb14d5f17dd4911475861cec41755502771901127f,0eb4df990f6753bfc9e9029bf76f169c28456414
Climate_h4,0,1022,N+F,2026,2,76.01601491036676,4e63d0b84cd7266982bddd1882a7219cab63faf765b98d22890307b931848381,cd9df2ade1ca21431041edcb14d5f17dd4911475861cec41755502771901127f,0eb4df990f6753bfc9e9029bf76f169c28456414
Climate_h4,0,1022,N+F,2026,3,75.53679580940567,4e63d0b84cd7266982bddd1882a7219cab63faf765b98d22890307b931848381,cd9df2ade1ca21431041edcb14d5f17dd4911475861cec41755502771901127f,0eb4df990f6753bfc9e9029bf76f169c28456414
Climate_h4,0,1022,N+F,2026,4,75.11371709835541,4e63d0b84cd7266982bddd1882a7219cab63faf765b98d22890307b931848381,cd9df2ade1ca21431041edcb14d5f17dd4911475861cec41755502771901127f,0eb4df990f6753bfc9e9029bf76f169c28456414
Climate_h4,0,1023,N+F,2026,1,75.48568993384468,4e63d0b84cd7266982bddd1882a7219cab63faf765b98d22890307b931848381,cd9df2ade1ca21431041edcb14d5f17dd4911475861cec41755502771901127f,0eb4df990f6753bfc9e9029bf76f169c28456414
Climate_h4,0,1023,N+F,2026,2,75.02296221561596,4e63d0b84cd7266982bddd1882a7219cab63faf765b98d22890307b931848381,cd9df2ade1ca21431041edcb14d5f17dd4911475861cec41755502771901127f,0eb4df990f6753bfc9e9029bf76f169c28456414
Climate_h4,0,1023,N+F,2026,3,74.6049404324112,4e63d0b84cd7266982bddd1882a7219cab63faf765b98d22890307b931848381,cd9df2ade1ca21431041edcb14d5f17dd4911475861cec41755502771901127f,0eb4df990f6753bfc9e9029bf76f169c28456414
Climate_h4,0,1023,N+F,2026,4,74.25602428832657,4e63d0b84cd7266982bddd1882a7219cab63faf765b98d22890307b931848381,cd9df2ade1ca21431041edcb14d5f17dd4911475861cec41755502771901127f,0eb4df990f6753bfc9e9029bf76f169c28456414
Climate_h4,0,1024,N+F,2026,1,74.21038850521782,4e63d0b84cd7266982bddd1882a7219cab63faf765b98d22890307b931848381,cd9df2ade1ca21431041edcb14d5f17dd4911475861cec41755502771901127f,0eb4df990f6753bfc9e9029bf76f169c28456414
Climate_h4,0,1024,N+F,2026,2,73.8233778967985,4e63d0b84cd7266982bddd1882a7219cab63faf765b98d22890307b931848381,cd9df2ade1ca21431041edcb14d5f17dd4911475861cec41755502771901127f,0eb4df990f6753bfc9e9029bf76f169c28456414
Climate_h4,0,1024,N+F,2026,3,73.48516936477971,4e63d0b84cd7266982bddd1882a7219cab63faf765b98d22890307b931848381,cd9df2ade1ca21431041edcb14d5f17dd4911475861cec41755502771901127f,0eb4df990f6753bfc9e9029bf76f169c28456414
Climate_h4,0,1024,N+F,2026,4,73.20269530849843,4e63d0b84cd7266982bddd1882a7219cab63faf765b98d22890307b931848381,cd9df2ade1ca21431041edcb14d5f17dd4911475861cec41755502771901127f,0eb4df990f6753bfc9e9029bf76f169c28456414
Climate_h4,0,1025,N+F,2026,1,71.99786249017897,4e63d0b84cd7266982bddd1882a7219cab63faf765b98d22890307b931848381,cd9df2ade1ca21431041edcb14d5f17dd4911475861cec41755502771901127f,0eb4df990f6753bfc9e9029bf76f169c28456414
Climate_h4,0,1025,N+F,2026,2,71.6983938876481,4e63d0b84cd7266982bddd1882a7219cab63faf765b98d22890307b931848381,cd9df2ade1ca21431041edcb14d5f17dd4911475861cec41755502771901127f,0eb4df990f6753bfc9e9029bf76f169c28456414
Climate_h4,0,1025,N+F,2026,3,71.42916709735114,4e63d0b84cd7266982bddd1882a7219cab63faf765b98d22890307b931848381,cd9df2ade1ca21431041edcb14d5f17dd4911475861cec41755502771901127f,0eb4df990f6753bfc9e9029bf76f169c28456414
Climate_h4,0,1025,N+F,2026,4,71.19013418191759,4e63d0b84cd7266982bddd1882a7219cab63faf765b98d22890307b931848381,cd9df2ade1ca21431041edcb14d5f17dd4911475861cec41755502771901127f,0eb4df990f6753bfc9e9029bf76f169c28456414
Climate_h4,0,1026,N+F,2026,1,70.87861928099406,4e63d0b84cd7266982bddd1882a7219cab63faf765b98d22890307b931848381,cd9df2ade1ca21431041edcb14d5f17dd4911475861cec41755502771901127f,0eb4df990f6753bfc9e9029bf76f169c28456414
Climate_h4,0,1026,N+F,2026,2,70.64634427939714,4e63d0b84cd7266982bddd1882a7219cab63faf765b98d22890307b931848381,cd9df2ade1ca21431041edcb14d5f17dd4911475861cec41755502771901127f,0eb4df990f6753bfc9e9029bf76f169c28456414
Climate_h4,0,1026,N+F,2026,3,70.41936200969865,4e63d0b84cd7266982bddd1882a7219cab63faf765b98d22890307b931848381,cd9df2ade1ca21431041edcb14d5f17dd4911475861cec41755502771901127f,0eb4df990f6753bfc9e9029bf76f169c28456414
Climate_h4,0,1026,N+F,2026,4,70.21477618153749,4e63d0b84cd7266982bddd1882a7219cab63faf765b98d22890307b931848381,cd9df2ade1ca21431041edcb14d5f17dd4911475861cec41755502771901127f,0eb4df990f6753bfc9e9029bf76f169c28456414
Climate_h4,0,1027,N+F,2026,1,69.94454215903966,4e63d0b84cd7266982bddd1882a7219cab63faf765b98d22890307b931848381,cd9df2ade1ca21431041edcb14d5f17dd4911475861cec41755502771901127f,0eb4df990f6753bfc9e9029bf76f169c28456414
Climate_h4,0,1027,N+F,2026,2,69.75563473752186,4e63d0b84cd7266982bddd1882a7219cab63faf765b98d22890307b931848381,cd9df2ade1ca21431041edcb14d5f17dd4911475861cec41755502771901127f,0eb4df990f6753bfc9e9029bf76f169c28456414
Climate_h4,0,1027,N+F,2026,3,69.56396324531956,4e63d0b84cd7266982bddd1882a7219cab63faf765b98d22890307b931848381,cd9df2ade1ca21431041edcb14d5f17dd4911475861cec41755502771901127f,0eb4df990f6753bfc9e9029bf76f169c28456414
Climate_h4,0,1027,N+F,2026,4,69.38836210267168,4e63d0b84cd7266982bddd1882a7219cab63faf765b98d22890307b931848381,cd9df2ade1ca21431041edcb14d5f17dd4911475861cec41755502771901127f,0eb4df990f6753bfc9e9029bf76f169c28456414
Climate_h4,0,1028,N+F,2026,1,69.06457342396509,4e63d0b84cd7266982bddd1882a7219cab63faf765b98d22890307b931848381,cd9df2ade1ca21431041edcb14d5f17dd4911475861cec41755502771901127f,0eb4df990f6753bfc9e9029bf76f169c28456414
Climate_h4,0,1028,N+F,2026,2,68.90422674506556,4e63d0b84cd7266982bddd1882a7219cab63faf765b98d22890307b931848381,cd9df2ade1ca21431041edcb14d5f17dd4911475861cec41755502771901127f,0eb4df990f6753bfc9e9029bf76f169c28456414
Climate_h4,0,1028,N+F,2026,3,68.73698111522492,4e63d0b84cd7266982bddd1882a7219cab63faf765b98d22890307b931848381,cd9df2ade1ca21431041edcb14d5f17dd4911475861cec41755502771901127f,0eb4df990f6753bfc9e9029bf76f169c28456414
Climate_h4,0,1028,N+F,2026,4,68.56524610841738,4e63d0b84cd7266982bddd1882a7219cab63faf765b98d22890307b931848381,cd9df2ade1ca21431041edcb14d5f17dd4911475861cec41755502771901127f,0eb4df990f6753bfc9e9029bf76f169c28456414
Climate_h4,0,1029,N+F,2026,1,67.30203631480241,4e63d0b84cd7266982bddd1882a7219cab63faf765b98d22890307b931848381,cd9df2ade1ca21431041edcb14d5f17dd4911475861cec41755502771901127f,0eb4df990f6753bfc9e9029bf76f169c28456414
Climate_h4,0,1029,N+F,2026,2,67.17573162981883,4e63d0b84cd7266982bddd1882a7219cab63faf765b98d22890307b931848381,cd9df2ade1ca21431041edcb14d5f17dd4911475861cec41755502771901127f,0eb4df990f6753bfc9e9029bf76f169c28456414
Climate_h4,0,1029,N+F,2026,3,67.02059794478909,4e63d0b84cd7266982bddd1882a7219cab63faf765b98d22890307b931848381,cd9df2ade1ca21431041edcb14d5f17dd4911475861cec41755502771901127f,0eb4df990f6753bfc9e9029bf76f169c28456414
Climate_h4,0,1029,N+F,2026,4,66.84952915707758,4e63d0b84cd7266982bddd1882a7219cab63faf765b98d22890307b931848381,cd9df2ade1ca21431041edcb14d5f17dd4911475861cec41755502771901127f,0eb4df990f6753bfc9e9029bf76f169c28456414
Climate_h4,0,1030,N+F,2026,1,64.29702539395691,4e63d0b84cd7266982bddd1882a7219cab63faf765b98d22890307b931848381,cd9df2ade1ca21431041edcb14d5f17dd4911475861cec41755502771901127f,0eb4df990f6753bfc9e9029bf76f169c28456414
Climate_h4,0,1030,N+F,2026,2,64.1924742112063,4e63d0b84cd7266982bddd1882a7219cab63faf765b98d22890307b931848381,cd9df2ade1ca21431041edcb14d5f17dd4911475861cec41755502771901127f,0eb4df990f6753bfc9e9029bf76f169c28456414
Climate_h4,0,1030,N+F,2026,3,64.04761433864267,4e63d0b84cd7266982bddd1882a7219cab63faf765b98d22890307b931848381,cd9df2ade1ca21431041edcb14d5f17dd4911475861cec41755502771901127f,0eb4df990f6753bfc9e9029bf76f169c28456414
Climate_h4,0,1030,N+F,2026,4,63.894978157620805,4e63d0b84cd7266982bddd1882a7219cab63faf765b98d22890307b931848381,cd9df2ade1ca21431041edcb14d5f17dd4911475861cec41755502771901127f,0eb4df990f6753bfc9e9029bf76f169c28456414
Climate_h4,0,1031,N+F,2026,1,65.03942920264163,4e63d0b84cd7266982bddd1882a7219cab63faf765b98d22890307b931848381,cd9df2ade1ca21431041edcb14d5f17dd4911475861cec41755502771901127f,0eb4df990f6753bfc9e9029bf76f169c28456414
Climate_h4,0,1031,N+F,2026,2,64.9344878517529,4e63d0b84cd7266982bddd1882a7219cab63faf765b98d22890307b931848381,cd9df2ade1ca21431041edcb14d5f17dd4911475861cec41755502771901127f,0eb4df990f6753bfc9e9029bf76f169c28456414
Climate_h4,0,1031,N+F,2026,3,64.79886403588866,4e63d0b84cd7266982bddd1882a7219cab63faf765b98d22890307b931848381,cd9df2ade1ca21431041edcb14d5f17dd4911475861cec41755502771901127f,0eb4df990f6753bfc9e9029bf76f169c28456414
Climate_h4,0,1031,N+F,2026,4,64.61104022332273,4e63d0b84cd7266982bddd1882a7219cab63faf765b98d22890307b931848381,cd9df2ade1ca21431041edcb14d5f17dd4911475861cec41755502771901127f,0eb4df990f6753bfc9e9029bf76f169c28456414
Climate_h4,0,1032,N+F,2026,1,67.23715194903079,4e63d0b84cd7266982bddd1882a7219cab63faf765b98d22890307b931848381,cd9df2ade1ca21431041edcb14d5f17dd4911475861cec41755502771901127f,0eb4df990f6753bfc9e9029bf76f169c28456414
Climate_h4,0,1032,N+F,2026,2,67.11957443044348,4e63d0b84cd7266982bddd1882a7219cab63faf765b98d22890307b931848381,cd9df2ade1ca21431041edcb14d5f17dd4911475861cec41755502771901127f,0eb4df990f6753bfc9e9029bf76f169c28456414
Climate_h4,0,1032,N+F,2026,3,66.931537226742,4e63d0b84cd7266982bddd1882a7219cab63faf765b98d22890307b931848381,cd9df2ade1ca21431041edcb14d5f17dd4911475861cec41755502771901127f,0eb4df990f6753bfc9e9029bf76f169c28456414
Climate_h4,0,1032,N+F,2026,4,66.68003507290099,4e63d0b84cd7266982bddd1882a7219cab63faf765b98d22890307b931848381,cd9df2ade1ca21431041edcb14d5f17dd4911475861cec41755502771901127f,0eb4df990f6753bfc9e9029bf76f169c28456414
Climate_h4,0,1033,N+F,2026,1,64.8301707654378,4e63d0b84cd7266982bddd1882a7219cab63faf765b98d22890307b931848381,cd9df2ade1ca21431041edcb14d5f17dd4911475861cec41755502771901127f,0eb4df990f6753bfc9e9029bf76f169c28456414
Climate_h4,0,1033,N+F,2026,2,64.6607014227528,4e63d0b84cd7266982bddd1882a7219cab63faf765b98d22890307b931848381,cd9df2ade1ca21431041edcb14d5f17dd4911475861cec41755502771901127f,0eb4df990f6753bfc9e9029bf76f169c28456414
Climate_h4,0,1033,N+F,2026,3,64.4166534805591,4e63d0b84cd7266982bddd1882a7219cab63faf765b98d22890307b931848381,cd9df2ade1ca21431041edcb14d5f17dd4911475861cec41755502771901127f,0eb4df990f6753bfc9e9029bf76f169c28456414
Climate_h4,0,1033,N+F,2026,4,64.13757789820764,4e63d0b84cd7266982bddd1882a7219cab63faf765b98d22890307b931848381,cd9df2ade1ca21431041edcb14d5f17dd4911475861cec41755502771901127f,0eb4df990f6753bfc9e9029bf76f169c28456414
Climate_h4,0,1034,N+F,2026,1,66.82899108153805,4e63d0b84cd7266982bddd1882a7219cab63faf765b98d22890307b931848381,cd9df2ade1ca21431041edcb14d5f17dd4911475861cec41755502771901127f,0eb4df990f6753bfc9e9029bf76f169c28456414
Climate_h4,0,1034,N+F,2026,2,66.58893582288827,4e63d0b84cd7266982bddd1882a7219cab63faf765b98d22890307b931848381,cd9df2ade1ca21431041edcb14d5f17dd4911475861cec41755502771901127f,0eb4df990f6753bfc9e9029bf76f169c28456414
Climate_h4,0,1034,N+F,2026,3,66.30287458927828,4e63d0b84cd7266982bddd1882a7219cab63faf765b98d22890307b931848381,cd9df2ade1ca21431041edcb14d5f17dd4911475861cec41755502771901127f,0eb4df990f6753bfc9e9029bf76f169c28456414
Climate_h4,0,1034,N+F,2026,4,65.96937935744594,4e63d0b84cd7266982bddd1882a7219cab63faf765b98d22890307b931848381,cd9df2ade1ca21431041edcb14d5f17dd4911475861cec41755502771901127f,0eb4df990f6753bfc9e9029bf76f169c28456414
Climate_h4,0,1035,N+F,2026,1,69.90168793185379,4e63d0b84cd7266982bddd1882a7219cab63faf765b98d22890307b931848381,cd9df2ade1ca21431041edcb14d5f17dd4911475861cec41755502771901127f,0eb4df990f6753bfc9e9029bf76f169c28456414
Climate_h4,0,1035,N+F,2026,2,69.60104921638167,4e63d0b84cd7266982bddd1882a7219cab63faf765b98d22890307b931848381,cd9df2ade1ca21431041edcb14d5f17dd4911475861cec41755502771901127f,0eb4df990f6753bfc9e9029bf76f169c28456414
Climate_h4,0,1035,N+F,2026,3,69.24427531327004,4e63d0b84cd7266982bddd1882a7219cab63faf765b98d22890307b931848381,cd9df2ade1ca21431041edcb14d5f17dd4911475861cec41755502771901127f,0eb4df990f6753bfc9e9029bf76f169c28456414
Climate_h4,0,1035,N+F,2026,4,68.81941071618932,4e63d0b84cd7266982bddd1882a7219cab63faf765b98d22890307b931848381,cd9df2ade1ca21431041edcb14d5f17dd4911475861cec41755502771901127f,0eb4df990f6753bfc9e9029bf76f169c28456414
Climate_h4,0,1036,N+F,2026,1,74.70308211290373,4e63d0b84cd7266982bddd1882a7219cab63faf765b98d22890307b931848381,cd9df2ade1ca21431041edcb14d5f17dd4911475861cec41755502771901127f,0eb4df990f6753bfc9e9029bf76f169c28456414
Climate_h4,0,1036,N+F,2026,2,74.30573370982376,4e63d0b84cd7266982bddd1882a7219cab63faf765b98d22890307b931848381,cd9df2ade1ca21431041edcb14d5f17dd4911475861cec41755502771901127f,0eb4df990f6753bfc9e9029bf76f169c28456414
Climate_h4,0,1036,N+F,2026,3,73.83689434525066,4e63d0b84cd7266982bddd1882a7219cab63faf765b98d22890307b931848381,cd9df2ade1ca21431041edcb14d5f17dd4911475861cec41755502771901127f,0eb4df990f6753bfc9e9029bf76f169c28456414
Climate_h4,0,1036,N+F,2026,4,73.3008690877447,4e63d0b84cd7266982bddd1882a7219cab63faf765b98d22890307b931848381,cd9df2ade1ca21431041edcb14d5f17dd4911475861cec41755502771901127f,0eb4df990f6753bfc9e9029bf76f169c28456414
Climate_h4,0,1037,N+F,2026,1,72.9751186080929,4e63d0b84cd7266982bddd1882a7219cab63faf765b98d22890307b931848381,cd9df2ade1ca21431041edcb14d5f17dd4911475861cec41755502771901127f,0eb4df990f6753bfc9e9029bf76f169c28456414
Climate_h4,0,1037,N+F,2026,2,72.48440055646644,4e63d0b84cd7266982bddd1882a7219cab63faf765b98d22890307b931848381,cd9df2ade1ca21431041edcb14d5f17dd4911475861cec41755502771901127f,0eb4df990f6753bfc9e9029bf76f169c28456414
Climate_h4,0,1037,N+F,2026,3,71.92758766167628,4e63d0b84cd7266982bddd1882a7219cab63faf765b98d22890307b931848381,cd9df2ade1ca21431041edcb14d5f17dd4911475861cec41755502771901127f,0eb4df990f6753bfc9e9029bf76f169c28456414
Climate_h4,0,1037,N+F,2026,4,71.32732393347067,4e63d0b84cd7266982bddd1882a7219cab63faf765b98d22890307b931848381,cd9df2ade1ca21431041edcb14d5f17dd4911475861cec41755502771901127f,0eb4df990f6753bfc9e9029bf76f169c28456414
Climate_h4,0,1038,N+F,2026,1,73.08852731337343,4e63d0b84cd7266982bddd1882a7219cab63faf765b98d22890307b931848381,cd9df2ade1ca21431041edcb14d5f17dd4911475861cec41755502771901127f,0eb4df990f6753bfc9e9029bf76f169c28456414
Climate_h4,0,1038,N+F,2026,2,72.50713432776146,4e63d0b84cd7266982bddd1882a7219cab63faf765b98d22890307b931848381,cd9df2ade1ca21431041edcb14d5f17dd4911475861cec41755502771901127f,0eb4df990f6753bfc9e9029bf76f169c28456414
Climate_h4,0,1038,N+F,2026,3,71.88825301774092,4e63d0b84cd7266982bddd1882a7219cab63faf765b98d22890307b931848381,cd9df2ade1ca21431041edcb14d5f17dd4911475861cec41755502771901127f,0eb4df990f6753bfc9e9029bf76f169c28456414
Climate_h4,0,1038,N+F,2026,4,71.21528576572499,4e63d0b84cd7266982bddd1882a7219cab63faf765b98d22890307b931848381,cd9df2ade1ca21431041edcb14d5f17dd4911475861cec41755502771901127f,0eb4df990f6753bfc9e9029bf76f169c28456414
Climate_h4,0,1039,N+F,2026,1,70.30658990939499,4e63d0b84cd7266982bddd1882a7219cab63faf765b98d22890307b931848381,cd9df2ade1ca21431041edcb14d5f17dd4911475861cec41755502771901127f,0eb4df990f6753bfc9e9029bf76f169c28456414
Climate_h4,0,1039,N+F,2026,2,69.67911685613113,4e63d0b84cd7266982bddd1882a7219cab63faf765b98d22890307b931848381,cd9df2ade1ca21431041edcb14d5f17dd4911475861cec41755502771901127f,0eb4df990f6753bfc9e9029bf76f169c28456414
Climate_h4,0,1039,N+F,2026,3,69.00725461044365,4e63d0b84cd7266982bddd1882a7219cab63faf765b98d22890307b931848381,cd9df2ade1ca21431041edcb14d5f17dd4911475861cec41755502771901127f,0eb4df990f6753bfc9e9029bf76f169c28456414
Climate_h4,0,1039,N+F,2026,4,68.26390164806253,4e63d0b84cd7266982bddd1882a7219cab63faf765b98d22890307b931848381,cd9df2ade1ca21431041edcb14d5f17dd4911475861cec41755502771901127f,0eb4df990f6753bfc9e9029bf76f169c28456414
Climate_h4,0,1040,N+F,2026,1,71.39366419917235,4e63d0b84cd7266982bddd1882a7219cab63faf765b98d22890307b931848381,cd9df2ade1ca21431041edcb14d5f17dd4911475861cec41755502771901127f,0eb4df990f6753bfc9e9029bf76f169c28456414
Climate_h4,0,1040,N+F,2026,2,70.70061526421149,4e63d0b84cd7266982bddd1882a7219cab63faf765b98d22890307b931848381,cd9df2ade1ca21431041edcb14d5f17dd4911475861cec41755502771901127f,0eb4df990f6753bfc9e9029bf76f169c28456414
Climate_h4,0,1040,N+F,2026,3,69.94849957241755,4e63d0b84cd7266982bddd1882a7219cab63faf765b98d22890307b931848381,cd9df2ade1ca21431041edcb14d5f17dd4911475861cec41755502771901127f,0eb4df990f6753bfc9e9029bf76f169c28456414
Climate_h4,0,1040,N+F,2026,4,69.12634252349946,4e63d0b84cd7266982bddd1882a7219cab63faf765b98d22890307b931848381,cd9df2ade1ca21431041edcb14d5f17dd4911475861cec41755502771901127f,0eb4df990f6753bfc9e9029bf76f169c28456414
Climate_h4,0,1041,N+F,2026,1,74.5672204826749,4e63d0b84cd7266982bddd1882a7219cab63faf765b98d22890307b931848381,cd9df2ade1ca21431041edcb14d5f17dd4911475861cec41755502771901127f,0eb4df990f6753bfc9e9029bf76f169c28456414
Climate_h4,0,1041,N+F,2026,2,73.77571037429398,4e63d0b84cd7266982bddd1882a7219cab63faf765b98d22890307b931848381,cd9df2ade1ca21431041edcb14d5f17dd4911475861cec41755502771901127f,0eb4df990f6753bfc9e9029bf76f169c28456414
Climate_h4,0,1041,N+F,2026,3,72.92928534225993,4e63d0b84cd7266982bddd1882a7219cab63faf765b98d22890307b931848381,cd9df2ade1ca21431041edcb14d5f17dd4911475861cec41755502771901127f,0eb4df990f6753bfc9e9029bf76f169c28456414
Climate_h4,0,1041,N+F,2026,4,72.04963623835333,4e63d0b84cd7266982bddd1882a7219cab63faf765b98d22890307b931848381,cd9df2ade1ca21431041edcb14d5f17dd4911475861cec41755502771901127f,0eb4df990f6753bfc9e9029bf76f169c28456414
Climate_h4,0,1042,N+F,2026,1,75.34144757156764,4e63d0b84cd7266982bddd1882a7219cab63faf765b98d22890307b931848381,cd9df2ade1ca21431041edcb14d5f17dd4911475861cec41755502771901127f,0eb4df990f6753bfc9e9029bf76f169c28456414
Climate_h4,0,1042,N+F,2026,2,74.45433059120552,4e63d0b84cd7266982bddd1882a7219cab63faf765b98d22890307b931848381,cd9df2ade1ca21431041edcb14d5f17dd4911475861cec41755502771901127f,0eb4df990f6753bfc9e9029bf76f169c28456414
Climate_h4,0,1042,N+F,2026,3,73.55197560634439,4e63d0b84cd7266982bddd1882a7219cab63faf765b98d22890307b931848381,cd9df2ade1ca21431041edcb14d5f17dd4911475861cec41755502771901127f,0eb4df990f6753bfc9e9029bf76f169c28456414
Climate_h4,0,1042,N+F,2026,4,72.6409238189389,4e63d0b84cd7266982bddd1882a7219cab63faf765b98d22890307b931848381,cd9df2ade1ca21431041edcb14d5f17dd4911475861cec41755502771901127f,0eb4df990f6753bfc9e9029bf76f169c28456414
Climate_h4,0,1043,N+F,2026,1,76.45124748969378,4e63d0b84cd7266982bddd1882a7219cab63faf765b98d22890307b931848381,cd9df2ade1ca21431041edcb14d5f17dd4911475861cec41755502771901127f,0eb4df990f6753bfc9e9029bf76f169c28456414
Climate_h4,0,1043,N+F,2026,2,75.50769921069265,4e63d0b84cd7266982bddd1882a7219cab63faf765b98d22890307b931848381,cd9df2ade1ca21431041edcb14d5f17dd4911475861cec41755502771901127f,0eb4df990f6753bfc9e9029bf76f169c28456414
Climate_h4,0,1043,N+F,2026,3,74.57396041494965,4e63d0b84cd7266982bddd1882a7219cab63faf765b98d22890307b931848381,cd9df2ade1ca21431041edcb14d5f17dd4911475861cec41755502771901127f,0eb4df990f6753bfc9e9029bf76f169c28456414
Climate_h4,0,1043,N+F,2026,4,73.66141011257663,4e63d0b84cd7266982bddd1882a7219cab63faf765b98d22890307b931848381,cd9df2ade1ca21431041edcb14d5f17dd4911475861cec41755502771901127f,0eb4df990f6753bfc9e9029bf76f169c28456414
Climate_h4,0,1044,N+F,2026,1,77.58425647985614,4e63d0b84cd7266982bddd1882a7219cab63faf765b98d22890307b931848381,cd9df2ade1ca21431041edcb14d5f17dd4911475861cec41755502771901127f,0eb4df990f6753bfc9e9029bf76f169c28456414
Climate_h4,0,1044,N+F,2026,2,76.60012506668988,4e63d0b84cd7266982bddd1882a7219cab63faf765b98d22890307b931848381,cd9df2ade1ca21431041edcb14d5f17dd4911475861cec41755502771901127f,0eb4df990f6753bfc9e9029bf76f169c28456414
Climate_h4,0,1044,N+F,2026,3,75.65900951169233,4e63d0b84cd7266982bddd1882a7219cab63faf765b98d22890307b931848381,cd9df2ade1ca21431041edcb14d5f17dd4911475861cec41755502771901127f,0eb4df990f6753bfc9e9029bf76f169c28456414
Climate_h4,0,1044,N+F,2026,4,74.76837195756973,4e63d0b84cd7266982bddd1882a7219cab63faf765b98d22890307b931848381,cd9df2ade1ca21431041edcb14d5f17dd4911475861cec41755502771901127f,0eb4df990f6753bfc9e9029bf76f169c28456414
Climate_h4,0,1045,N+F,2026,1,77.79501282136401,4e63d0b84cd7266982bddd1882a7219cab63faf765b98d22890307b931848381,cd9df2ade1ca21431041edcb14d5f17dd4911475861cec41755502771901127f,0eb4df990f6753bfc9e9029bf76f169c28456414
Climate_h4,0,1045,N+F,2026,2,76.80502243250936,4e63d0b84cd7266982bddd1882a7219cab63faf765b98d22890307b931848381,cd9df2ade1ca21431041edcb14d5f17dd4911475861cec41755502771901127f,0eb4df990f6753bfc9e9029bf76f169c28456414
Climate_h4,0,1045,N+F,2026,3,75.88682837266434,4e63d0b84cd7266982bddd1882a7219cab63faf765b98d22890307b931848381,cd9df2ade1ca21431041edcb14d5f17dd4911475861cec41755502771901127f,0eb4df990f6753bfc9e9029bf76f169c28456414
Climate_h4,0,1045,N+F,2026,4,75.00742980461179,4e63d0b84cd7266982bddd1882a7219cab63faf765b98d22890307b931848381,cd9df2ade1ca21431041edcb14d5f17dd4911475861cec41755502771901127f,0eb4df990f6753bfc9e9029bf76f169c28456414
Climate_h4,0,1046,N+F,2026,1,78.49955294512188,4e63d0b84cd7266982bddd1882a7219cab63faf765b98d22890307b931848381,cd9df2ade1ca21431041edcb14d5f17dd4911475861cec41755502771901127f,0eb4df990f6753bfc9e9029bf76f169c28456414
Climate_h4,0,1046,N+F,2026,2,77.53236561825372,4e63d0b84cd7266982bddd1882a7219cab63faf765b98d22890307b931848381,cd9df2ade1ca21431041edcb14d5f17dd4911475861cec41755502771901127f,0eb4df990f6753bfc9e9029bf76f169c28456414
Climate_h4,0,1046,N+F,2026,3,76.62485260997735,4e63d0b84cd7266982bddd1882a7219cab63faf765b98d22890307b931848381,cd9df2ade1ca21431041edcb14d5f17dd4911475861cec41755502771901127f,0eb4df990f6753bfc9e9029bf76f169c28456414
Climate_h4,0,1046,N+F,2026,4,75.7651592999278,4e63d0b84cd7266982bddd1882a7219cab63faf765b98d22890307b931848381,cd9df2ade1ca21431041edcb14d5f17dd4911475861cec41755502771901127f,0eb4df990f6753bfc9e9029bf76f169c28456414
Climate_h4,0,1047,N+F,2026,1,77.21452774018304,4e63d0b84cd7266982bddd1882a7219cab63faf765b98d22890307b931848381,cd9df2ade1ca21431041edcb14d5f17dd4911475861cec41755502771901127f,0eb4df990f6753bfc9e9029bf76f169c28456414
Climate_h4,0,1047,N+F,2026,2,76.2669965599612,4e63d0b84cd7266982bddd1882a7219cab63faf765b98d22890307b931848381,cd9df2ade1ca21431041edcb14d5f17dd4911475861cec41755502771901127f,0eb4df990f6753bfc9e9029bf76f169c28456414
Climate_h4,0,1047,N+F,2026,3,75.39064346462534,4e63d0b84cd7266982bddd1882a7219cab63faf765b98d22890307b931848381,cd9df2ade1ca21431041edcb14d5f17dd4911475861cec41755502771901127f,0eb4df990f6753bfc9e9029bf76f169c28456414
Climate_h4,0,1047,N+F,2026,4,74.57359070437884,4e63d0b84cd7266982bddd1882a7219cab63faf765b98d22890307b931848381,cd9df2ade1ca21431041edcb14d5f17dd4911475861cec41755502771901127f,0eb4df990f6753bfc9e9029bf76f169c28456414
Climate_h4,0,1048,N+F,2026,1,75.16291167091869,4e63d0b84cd7266982bddd1882a7219cab63faf765b98d22890307b931848381,cd9df2ade1ca21431041edcb14d5f17dd4911475861cec41755502771901127f,0eb4df990f6753bfc9e9029bf76f169c28456414
Climate_h4,0,1048,N+F,2026,2,74.25628245793158,4e63d0b84cd7266982bddd1882a7219cab63faf765b98d22890307b931848381,cd9df2ade1ca21431041edcb14d5f17dd4911475861cec41755502771901127f,0eb4df990f6753bfc9e9029bf76f169c28456414
Climate_h4,0,1048,N+F,2026,3,73.43100107316772,4e63d0b84cd7266982bddd1882a7219cab63faf765b98d22890307b931848381,cd9df2ade1ca21431041edcb14d5f17dd4911475861cec41755502771901127f,0eb4df990f6753bfc9e9029bf76f169c28456414
Climate_h4,0,1048,N+F,2026,4,72.68945517364442,4e63d0b84cd7266982bddd1882a7219cab63faf765b98d22890307b931848381,cd9df2ade1ca21431041edcb14d5f17dd4911475861cec41755502771901127f,0eb4df990f6753bfc9e9029bf76f169c28456414
Climate_h4,0,1049,N+F,2026,1,76.02460709747074,4e63d0b84cd7266982bddd1882a7219cab63faf765b98d22890307b931848381,cd9df2ade1ca21431041edcb14d5f17dd4911475861cec41755502771901127f,0eb4df990f6753bfc9e9029bf76f169c28456414
Climate_h4,0,1049,N+F,2026,2,75.16439849872826,4e63d0b84cd7266982bddd1882a7219cab63faf765b98d22890307b931848381,cd9df2ade1ca21431041edcb14d5f17dd4911475861cec41755502771901127f,0eb4df990f6753bfc9e9029bf76f169c28456414
Climate_h4,0,1049,N+F,2026,3,74.40555063974897,4e63d0b84cd7266982bddd1882a7219cab63faf765b98d22890307b931848381,cd9df2ade1ca21431041edcb14d5f17dd4911475861cec41755502771901127f,0eb4df990f6753bfc9e9029bf76f169c28456414
Climate_h4,0,1049,N+F,2026,4,73.72986041677375,4e63d0b84cd7266982bddd1882a7219cab63faf765b98d22890307b931848381,cd9df2ade1ca21431041edcb14d5f17dd4911475861cec41755502771901127f,0eb4df990f6753bfc9e9029bf76f169c28456414
Climate_h4,0,1050,N+F,2026,1,77.36699488102292,4e63d0b84cd7266982bddd1882a7219cab63faf765b98d22890307b931848381,cd9df2ade1ca21431041edcb14d5f17dd4911475861cec41755502771901127f,0eb4df990f6753bfc9e9029bf76f169c28456414
Climate_h4,0,1050,N+F,2026,2,76.57258216679678,4e63d0b84cd7266982bddd1882a7219cab63faf765b98d22890307b931848381,cd9df2ade1ca21431041edcb14d5f17dd4911475861cec41755502771901127f,0eb4df990f6753bfc9e9029bf76f169c28456414
Climate_h4,0,1050,N+F,2026,3,75.8748449447495,4e63d0b84cd7266982bddd1882a7219cab63faf765b98d22890307b931848381,cd9df2ade1ca21431041edcb14d5f17dd4911475861cec41755502771901127f,0eb4df990f6753bfc9e9029bf76f169c28456414
Climate_h4,0,1050,N+F,2026,4,75.25880500613975,4e63d0b84cd7266982bddd1882a7219cab63faf765b98d22890307b931848381,cd9df2ade1ca21431041edcb14d5f17dd4911475861cec41755502771901127f,0eb4df990f6753bfc9e9029bf76f169c28456414
Climate_h4,0,1051,N+F,2026,1,78.26645739860363,4e63d0b84cd7266982bddd1882a7219cab63faf765b98d22890307b931848381,cd9df2ade1ca21431041edcb14d5f17dd4911475861cec41755502771901127f,0eb4df990f6753bfc9e9029bf76f169c28456414
Climate_h4,0,1051,N+F,2026,2,77.5299021580288,4e63d0b84cd7266982bddd1882a7219cab63faf765b98d22890307b931848381,cd9df2ade1ca21431041edcb14d5f17dd4911475861cec41755502771901127f,0eb4df990f6753bfc9e9029bf76f169c28456414
Climate_h4,0,1051,N+F,2026,3,76.88818842810248,4e63d0b84cd7266982bddd1882a7219cab63faf765b98d22890307b931848381,cd9df2ade1ca21431041edcb14d5f17dd4911475861cec41755502771901127f,0eb4df990f6753bfc9e9029bf76f169c28456414
Climate_h4,0,1051,N+F,2026,4,76.34850629837393,4e63d0b84cd7266982bddd1882a7219cab63faf765b98d22890307b931848381,cd9df2ade1ca21431041edcb14d5f17dd4911475861cec41755502771901127f,0eb4df990f6753bfc9e9029bf76f169c28456414
Climate_h4,0,1052,N+F,2026,1,79.01358481384072,4e63d0b84cd7266982bddd1882a7219cab63faf765b98d22890307b931848381,cd9df2ade1ca21431041edcb14d5f17dd4911475861cec41755502771901127f,0eb4df990f6753bfc9e9029bf76f169c28456414
Climate_h4,0,1052,N+F,2026,2,78.32758902107616,4e63d0b84cd7266982bddd1882a7219cab63faf765b98d22890307b931848381,cd9df2ade1ca21431041edcb14d5f17dd4911475861cec41755502771901127f,0eb4df990f6753bfc9e9029bf76f169c28456414
Climate_h4,0,1052,N+F,2026,3,77.75604783614301,4e63d0b84cd7266982bddd1882a7219cab63faf765b98d22890307b931848381,cd9df2ade1ca21431041edcb14d5f17dd4911475861cec41755502771901127f,0eb4df990f6753bfc9e9029bf76f169c28456414
Climate_h4,0,1052,N+F,2026,4,77.29524078709473,4e63d0b84cd7266982bddd1882a7219cab63faf765b98d22890307b931848381,cd9df2ade1ca21431041edcb14d5f17dd4911475861cec41755502771901127f,0eb4df990f6753bfc9e9029bf76f169c28456414
Climate_h4,0,1053,N+F,2026,1,78.42798545022163,4e63d0b84cd7266982bddd1882a7219cab63faf765b98d22890307b931848381,cd9df2ade1ca21431041edcb14d5f17dd4911475861cec41755502771901127f,0eb4df990f6753bfc9e9029bf76f169c28456414
Climate_h4,0,1053,N+F,2026,2,77.82244289622847,4e63d0b84cd7266982bddd1882a7219cab63faf765b98d22890307b931848381,cd9df2ade1ca21431041edcb14d5f17dd4911475861cec41755502771901127f,0eb4df990f6753bfc9e9029bf76f169c28456414
Climate_h4,0,1053,N+F,2026,3,77.33708417929023,4e63d0b84cd7266982bddd1882a7219cab63faf765b98d22890307b931848381,cd9df2ade1ca21431041edcb14d5f17dd4911475861cec41755502771901127f,0eb4df990f6753bfc9e9029bf76f169c28456414
Climate_h4,0,1053,N+F,2026,4,76.95507599920711,4e63d0b84cd7266982bddd1882a7219cab63faf765b98d22890307b931848381,cd9df2ade1ca21431041edcb14d5f17dd4911475861cec41755502771901127f,0eb4df990f6753bfc9e9029bf76f169c28456414
Climate_h4,0,1054,N+F,2026,1,79.09418508157016,4e63d0b84cd7266982bddd1882a7219cab63faf765b98d22890307b931848381,cd9df2ade1ca21431041edcb14d5f17dd4911475861cec41755502771901127f,0eb4df990f6753bfc9e9029bf76f169c28456414
Climate_h4,0,1054,N+F,2026,2,78.56757272731103,4e63d0b84cd7266982bddd1882a7219cab63faf765b98d22890307b931848381,cd9df2ade1ca21431041edcb14d5f17dd4911475861cec41755502771901127f,0eb4df990f6753bfc9e9029bf76f169c28456414
Climate_h4,0,1054,N+F,2026,3,78.15420811131082,4e63d0b84cd7266982bddd1882a7219cab63faf765b98d22890307b931848381,cd9df2ade1ca21431041edcb14d5f17dd4911475861cec41755502771901127f,0eb4df990f6753bfc9e9029bf76f169c28456414
Climate_h4,0,1054,N+F,2026,4,77.83422207710561,4e63d0b84cd7266982bddd1882a7219cab63faf765b98d22890307b931848381,cd9df2ade1ca21431041edcb14d5f17dd4911475861cec41755502771901127f,0eb4df990f6753bfc9e9029bf76f169c28456414
Climate_h4,0,1055,N+F,2026,1,78.65073277195728,4e63d0b84cd7266982bddd1882a7219cab63faf765b98d22890307b931848381,cd9df2ade1ca21431041edcb14d5f17dd4911475861cec41755502771901127f,0eb4df990f6753bfc9e9029bf76f169c28456414
Climate_h4,0,1055,N+F,2026,2,78.196495419716,4e63d0b84cd7266982bddd1882a7219cab63faf765b98d22890307b931848381,cd9df2ade1ca21431041edcb14d5f17dd4911475861cec41755502771901127f,0eb4df990f6753bfc9e9029bf76f169c28456414
Climate_h4,0,1055,N+F,2026,3,77.84572401478326,4e63d0b84cd7266982bddd1882a7219cab63faf765b98d22890307b931848381,cd9df2ade1ca21431041edcb14d5f17dd4911475861cec41755502771901127f,0eb4df990f6753bfc9e9029bf76f169c28456414
Climate_h4,0,1055,N+F,2026,4,77.59406185733391,4e63d0b84cd7266982bddd1882a7219cab63faf765b98d22890307b931848381,cd9df2ade1ca21431041edcb14d5f17dd4911475861cec41755502771901127f,0eb4df990f6753bfc9e9029bf76f169c28456414
Climate_h4,0,1056,N+F,2026,1,78.60419362772926,4e63d0b84cd7266982bddd1882a7219cab63faf765b98d22890307b931848381,cd9df2ade1ca21431041edcb14d5f17dd4911475861cec41755502771901127f,0eb4df990f6753bfc9e9029bf76f169c28456414
Climate_h4,0,1056,N+F,2026,2,78.21588317684291,4e63d0b84cd7266982bddd1882a7219cab63faf765b98d22890307b931848381,cd9df2ade1ca21431041edcb14d5f17dd4911475861cec41755502771901127f,0eb4df990f6753bfc9e9029bf76f169c28456414
Climate_h4,0,1056,N+F,2026,3,77.93321503235175,4e63d0b84cd7266982bddd1882a7219cab63faf765b98d22890307b931848381,cd9df2ade1ca21431041edcb14d5f17dd4911475861cec41755502771901127f,0eb4df990f6753bfc9e9029bf76f169c28456414
Climate_h4,0,1056,N+F,2026,4,77.74144659549074,4e63d0b84cd7266982bddd1882a7219cab63faf765b98d22890307b931848381,cd9df2ade1ca21431041edcb14d5f17dd4911475861cec41755502771901127f,0eb4df990f6753bfc9e9029bf76f169c28456414
Climate_h4,0,1057,N+F,2026,1,78.54264414730258,4e63d0b84cd7266982bddd1882a7219cab63faf765b98d22890307b931848381,cd9df2ade1ca21431041edcb14d5f17dd4911475861cec41755502771901127f,0eb4df990f6753bfc9e9029bf76f169c28456414
Climate_h4,0,1057,N+F,2026,2,78.2329052084752,4e63d0b84cd7266982bddd1882a7219cab63faf765b98d22890307b931848381,cd9df2ade1ca21431041edcb14d5f17dd4911475861cec41755502771901127f,0eb4df990f6753bfc9e9029bf76f169c28456414
Climate_h4,0,1057,N+F,2026,3,78.0145084798341,4e63d0b84cd7266982bddd1882a7219cab63faf765b98d22890307b931848381,cd9df2ade1ca21431041edcb14d5f17dd4911475861cec41755502771901127f,0eb4df990f6753bfc9e9029bf76f169c28456414
Climate_h4,0,1057,N+F,2026,4,77.88623915518683,4e63d0b84cd7266982bddd1882a7219cab63faf765b98d22890307b931848381,cd9df2ade1ca21431041edcb14d5f17dd4911475861cec41755502771901127f,0eb4df990f6753bfc9e9029bf76f169c28456414
Climate_h4,0,1058,N+F,2026,1,78.36736839824155,4e63d0b84cd7266982bddd1882a7219cab63faf765b98d22890307b931848381,cd9df2ade1ca21431041edcb14d5f17dd4911475861cec41755502771901127f,0eb4df990f6753bfc9e9029bf76f169c28456414
Climate_h4,0,1058,N+F,2026,2,78.12288761675677,4e63d0b84cd7266982bddd1882a7219cab63faf765b98d22890307b931848381,cd9df2ade1ca21431041edcb14d5f17dd4911475861cec41755502771901127f,0eb4df990f6753bfc9e9029bf76f169c28456414
Climate_h4,0,1058,N+F,2026,3,77.9677032543676,4e63d0b84cd7266982bddd1882a7219cab63faf765b98d22890307b931848381,cd9df2ade1ca21431041edcb14d5f17dd4911475861cec41755502771901127f,0eb4df990f6753bfc9e9029bf76f169c28456414
Climate_h4,0,1058,N+F,2026,4,77.88979928399593,4e63d0b84cd7266982bddd1882a7219cab63faf765b98d22890307b931848381,cd9df2ade1ca21431041edcb14d5f17dd4911475861cec41755502771901127f,0eb4df990f6753bfc9e9029bf76f169c28456414
Climate_h4,0,1059,N+F,2026,1,78.3775404335084,4e63d0b84cd7266982bddd1882a7219cab63faf765b98d22890307b931848381,cd9df2ade1ca21431041edcb14d5f17dd4911475861cec41755502771901127f,0eb4df990f6753bfc9e9029bf76f169c28456414
Climate_h4,0,1059,N+F,2026,2,78.19198134874918,4e63d0b84cd7266982bddd1882a7219cab63faf765b98d22890307b931848381,cd9df2ade1ca21431041edcb14d5f17dd4911475861cec41755502771901127f,0eb4df990f6753bfc9e9029bf76f169c28456414
Climate_h4,0,1059,N+F,2026,3,78.08294507606267,4e63d0b84cd7266982bddd1882a7219cab63faf765b98d22890307b931848381,cd9df2ade1ca21431041edcb14d5f17dd4911475861cec41755502771901127f,0eb4df990f6753bfc9e9029bf76f169c28456414
Climate_h4,0,1059,N+F,2026,4,78.02113930131092,4e63d0b84cd7266982bddd1882a7219cab63faf765b98d22890307b931848381,cd9df2ade1ca21431041edcb14d5f17dd4911475861cec41755502771901127f,0eb4df990f6753bfc9e9029bf76f169c28456414
Climate_h4,0,1060,N+F,2026,1,77.3123624405901,4e63d0b84cd7266982bddd1882a7219cab63faf765b98d22890307b931848381,cd9df2ade1ca21431041edcb14d5f17dd4911475861cec41755502771901127f,0eb4df990f6753bfc9e9029bf76f169c28456414
Climate_h4,0,1060,N+F,2026,2,77.17915373369033,4e63d0b84cd7266982bddd1882a7219cab63faf765b98d22890307b931848381,cd9df2ade1ca21431041edcb14d5f17dd4911475861cec41755502771901127f,0eb4df990f6753bfc9e9029bf76f169c28456414
Climate_h4,0,1060,N+F,2026,3,77.08944227548636,4e63d0b84cd7266982bddd1882a7219cab63faf765b98d22890307b931848381,cd9df2ade1ca21431041edcb14d5f17dd4911475861cec41755502771901127f,0eb4df990f6753bfc9e9029bf76f169c28456414
Climate_h4,0,1060,N+F,2026,4,77.01771146761496,4e63d0b84cd7266982bddd1882a7219cab63faf765b98d22890307b931848381,cd9df2ade1ca21431041edcb14d5f17dd4911475861cec41755502771901127f,0eb4df990f6753bfc9e9029bf76f169c28456414
Climate_h4,0,1061,N+F,2026,1,75.85789138469687,4e63d0b84cd7266982bddd1882a7219cab63faf765b98d22890307b931848381,cd9df2ade1ca21431041edcb14d5f17dd4911475861cec41755502771901127f,0eb4df990f6753bfc9e9029bf76f169c28456414
Climate_h4,0,1061,N+F,2026,2,75.74751892373622,4e63d0b84cd7266982bddd1882a7219cab63faf765b98d22890307b931848381,cd9df2ade1ca21431041edcb14d5f17dd4911475861cec41755502771901127f,0eb4df990f6753bfc9e9029bf76f169c28456414
Climate_h4,0,1061,N+F,2026,3,75.65322594352807,4e63d0b84cd7266982bddd1882a7219cab63faf765b98d22890307b931848381,cd9df2ade1ca21431041edcb14d5f17dd4911475861cec41755502771901127f,0eb4df990f6753bfc9e9029bf76f169c28456414
Climate_h4,0,1061,N+F,2026,4,75.58914737920661,4e63d0b84cd7266982bddd1882a7219cab63faf765b98d22890307b931848381,cd9df2ade1ca21431041edcb14d5f17dd4911475861cec41755502771901127f,0eb4df990f6753bfc9e9029bf76f169c28456414
Climate_h4,0,1062,N+F,2026,1,74.12909961419845,4e63d0b84cd7266982bddd1882a7219cab63faf765b98d22890307b931848381,cd9df2ade1ca21431041edcb14d5f17dd4911475861cec41755502771901127f,0eb4df990f6753bfc9e9029bf76f169c28456414
Climate_h4,0,1062,N+F,2026,2,74.02151374911803,4e63d0b84cd7266982bddd1882a7219cab63faf765b98d22890307b931848381,cd9df2ade1ca21431041edcb14d5f17dd4911475861cec41755502771901127f,0eb4df990f6753bfc9e9029bf76f169c28456414
Climate_h4,0,1062,N+F,2026,3,73.94189829847336,4e63d0b84cd7266982bddd1882a7219cab63faf765b98d22890307b931848381,cd9df2ade1ca21431041edcb14d5f17dd4911475861cec41755502771901127f,0eb4df990f6753bfc9e9029bf76f169c28456414
Climate_h4,0,1062,N+F,2026,4,73.90747143979522,4e63d0b84cd7266982bddd1882a7219cab63faf765b98d22890307b931848381,cd9df2ade1ca21431041edcb14d5f17dd4911475861cec41755502771901127f,0eb4df990f6753bfc9e9029bf76f169c28456414
Climate_h4,0,1063,N+F,2026,1,71.15315239798143,4e63d0b84cd7266982bddd1882a7219cab63faf765b98d22890307b931848381,cd9df2ade1ca21431041edcb14d5f17dd4911475861cec41755502771901127f,0eb4df990f6753bfc9e9029bf76f169c28456414
Climate_h4,0,1063,N+F,2026,2,71.06868238203849,4e63d0b84cd7266982bddd1882a7219cab63faf765b98d22890307b931848381,cd9df2ade1ca21431041edcb14d5f17dd4911475861cec41755502771901127f,0eb4df990f6753bfc9e9029bf76f169c28456414
Climate_h4,0,1063,N+F,2026,3,71.0269486510958,4e63d0b84cd7266982bddd1882a7219cab63faf765b98d22890307b931848381,cd9df2ade1ca21431041edcb14d5f17dd4911475861cec41755502771901127f,0eb4df990f6753bfc9e9029bf76f169c28456414
Climate_h4,0,1063,N+F,2026,4,71.00946120875325,4e63d0b84cd7266982bddd1882a7219cab63faf765b98d22890307b931848381,cd9df2ade1ca21431041edcb14d5f17dd4911475861cec41755502771901127f,0eb4df990f6753bfc9e9029bf76f169c28456414
Climate_h4,0,1064,N+F,2026,1,69.99587317844407,4e63d0b84cd7266982bddd1882a7219cab63faf765b98d22890307b931848381,cd9df2ade1ca21431041edcb14d5f17dd4911475861cec41755502771901127f,0eb4df990f6753bfc9e9029bf76f169c28456414
Climate_h4,0,1064,N+F,2026,2,69.94854345466969,4e63d0b84cd7266982bddd1882a7219cab63faf765b98d22890307b931848381,cd9df2ade1ca21431041edcb14d5f17dd4911475861cec41755502771901127f,0eb4df990f6753bfc9e9029bf76f169c28456414
Climate_h4,0,1064,N+F,2026,3,69.92234061555646,4e63d0b84cd7266982bddd1882a7219cab63faf765b98d22890307b931848381,cd9df2ade1ca21431041edcb14d5f17dd4911475861cec41755502771901127f,0eb4df990f6753bfc9e9029bf76f169c28456414
Climate_h4,0,1064,N+F,2026,4,69.91600741470829,4e63d0b84cd7266982bddd1882a7219cab63faf765b98d22890307b931848381,cd9df2ade1ca21431041edcb14d5f17dd4911475861cec41755502771901127f,0eb4df990f6753bfc9e9029bf76f169c28456414
Climate_h4,0,1065,N+F,2026,1,71.03164776822744,4e63d0b84cd7266982bddd1882a7219cab63faf765b98d22890307b931848381,cd9df2ade1ca21431041edcb14d5f17dd4911475861cec41755502771901127f,0eb4df990f6753bfc9e9029bf76f169c28456414
Climate_h4,0,1065,N+F,2026,2,70.99381198840415,4e63d0b84cd7266982bddd1882a7219cab63faf765b98d22890307b931848381,cd9df2ade1ca21431041edcb14d5f17dd4911475861cec41755502771901127f,0eb4df990f6753bfc9e9029bf76f169c28456414
Climate_h4,0,1065,N+F,2026,3,70.96811754446419,4e63d0b84cd7266982bddd1882a7219cab63faf765b98d22890307b931848381,cd9df2ade1ca21431041edcb14d5f17dd4911475861cec41755502771901127f,0eb4df990f6753bfc9e9029bf76f169c28456414
Climate_h4,0,1065,N+F,2026,4,70.95828053121386,4e63d0b84cd7266982bddd1882a7219cab63faf765b98d22890307b931848381,cd9df2ade1ca21431041edcb14d5f17dd4911475861cec41755502771901127f,0eb4df990f6753bfc9e9029bf76f169c28456414
Climate_h4,0,1066,N+F,2026,1,69.77291785646317,4e63d0b84cd7266982bddd1882a7219cab63faf765b98d22890307b931848381,cd9df2ade1ca21431041edcb14d5f17dd4911475861cec41755502771901127f,0eb4df990f6753bfc9e9029bf76f169c28456414
Climate_h4,0,1066,N+F,2026,2,69.73654242306202,4e63d0b84cd7266982bddd1882a7219cab63faf765b98d22890307b931848381,cd9df2ade1ca21431041edcb14d5f17dd4911475861cec41755502771901127f,0eb4df990f6753bfc9e9029bf76f169c28456414
Climate_h4,0,1066,N+F,2026,3,69.70985519243196,4e63d0b84cd7266982bddd1882a7219cab63faf765b98d22890307b931848381,cd9df2ade1ca21431041edcb14d5f17dd4911475861cec41755502771901127f,0eb4df990f6753bfc9e9029bf76f169c28456414
Climate_h4,0,1066,N+F,2026,4,69.69264565820316,4e63d0b84cd7266982bddd1882a7219cab63faf765b98d22890307b931848381,cd9df2ade1ca21431041edcb14d5f17dd4911475861cec41755502771901127f,0eb4df990f6753bfc9e9029bf76f169c28456414
Climate_h4,0,1067,N+F,2026,1,67.46231265910242,4e63d0b84cd7266982bddd1882a7219cab63faf765b98d22890307b931848381,cd9df2ade1ca21431041edcb14d5f17dd4911475861cec41755502771901127f,0eb4df990f6753bfc9e9029bf76f169c28456414
Climate_h4,0,1067,N+F,2026,2,67.42473608377317,4e63d0b84cd7266982bddd1882a7219cab63faf765b98d22890307b931848381,cd9df2ade1ca21431041edcb14d5f17dd4911475861cec41755502771901127f,0eb4df990f6753bfc9e9029bf76f169c28456414
Climate_h4,0,1067,N+F,2026,3,67.39657680815914,4e63d0b84cd7266982bddd1882a7219cab63faf765b98d22890307b931848381,cd9df2ade1ca21431041edcb14d5f17dd4911475861cec41755502771901127f,0eb4df990f6753bfc9e9029bf76f169c28456414
Climate_h4,0,1067,N+F,2026,4,67.36689467898812,4e63d0b84cd7266982bddd1882a7219cab63faf765b98d22890307b931848381,cd9df2ade1ca21431041edcb14d5f17dd4911475861cec41755502771901127f,0eb4df990f6753bfc9e9029bf76f169c28456414
Climate_h4,0,1068,N+F,2026,1,63.196225754850246,4e63d0b84cd7266982bddd1882a7219cab63faf765b98d22890307b931848381,cd9df2ade1ca21431041edcb14d5f17dd4911475861cec41755502771901127f,0eb4df990f6753bfc9e9029bf76f169c28456414
Climate_h4,0,1068,N+F,2026,2,63.17627459093823,4e63d0b84cd7266982bddd1882a7219cab63faf765b98d22890307b931848381,cd9df2ade1ca21431041edcb14d5f17dd4911475861cec41755502771901127f,0eb4df990f6753bfc9e9029bf76f169c28456414
Climate_h4,0,1068,N+F,2026,3,63.15077642117456,4e63d0b84cd7266982bddd1882a7219cab63faf765b98d22890307b931848381,cd9df2ade1ca21431041edcb14d5f17dd4911475861cec41755502771901127f,0eb4df990f6753bfc9e9029bf76f169c28456414
Climate_h4,0,1068,N+F,2026,4,63.12213393003153,4e63d0b84cd7266982bddd1882a7219cab63faf765b98d22890307b931848381,cd9df2ade1ca21431041edcb14d5f17dd4911475861cec41755502771901127f,0eb4df990f6753bfc9e9029bf76f169c28456414
Climate_h4,0,1069,N+F,2026,1,62.367216000923925,4e63d0b84cd7266982bddd1882a7219cab63faf765b98d22890307b931848381,cd9df2ade1ca21431041edcb14d5f17dd4911475861cec41755502771901127f,0eb4df990f6753bfc9e9029bf76f169c28456414
Climate_h4,0,1069,N+F,2026,2,62.337129093169615,4e63d0b84cd7266982bddd1882a7219cab63faf765b98d22890307b931848381,cd9df2ade1ca21431041edcb14d5f17dd4911475861cec41755502771901127f,0eb4df990f6753bfc9e9029bf76f169c28456414
Climate_h4,0,1069,N+F,2026,3,62.3040264910026,4e63d0b84cd7266982bddd1882a7219cab63faf765b98d22890307b931848381,cd9df2ade1ca21431041edcb14d5f17dd4911475861cec41755502771901127f,0eb4df990f6753bfc9e9029bf76f169c28456414
Climate_h4,0,1069,N+F,2026,4,62.2454286343976,4e63d0b84cd7266982bddd1882a7219cab63faf765b98d22890307b931848381,cd9df2ade1ca21431041edcb14d5f17dd4911475861cec41755502771901127f,0eb4df990f6753bfc9e9029bf76f169c28456414
Climate_h4,0,1070,N+F,2026,1,61.80210763686443,4e63d0b84cd7266982bddd1882a7219cab63faf765b98d22890307b931848381,cd9df2ade1ca21431041edcb14d5f17dd4911475861cec41755502771901127f,0eb4df990f6753bfc9e9029bf76f169c28456414
Climate_h4,0,1070,N+F,2026,2,61.7638617902284,4e63d0b84cd7266982bddd1882a7219cab63faf765b98d22890307b931848381,cd9df2ade1ca21431041edcb14d5f17dd4911475861cec41755502771901127f,0eb4df990f6753bfc9e9029bf76f169c28456414
Climate_h4,0,1070,N+F,2026,3,61.70223965786065,4e63d0b84cd7266982bddd1882a7219cab63faf765b98d22890307b931848381,cd9df2ade1ca21431041edcb14d5f17dd4911475861cec41755502771901127f,0eb4df990f6753bfc9e9029bf76f169c28456414
Climate_h4,0,1070,N+F,2026,4,61.61742085319123,4e63d0b84cd7266982bddd1882a7219cab63faf765b98d22890307b931848381,cd9df2ade1ca21431041edcb14d5f17dd4911475861cec41755502771901127f,0eb4df990f6753bfc9e9029bf76f169c28456414
Climate_h4,0,1071,N+F,2026,1,58.30915334990509,4e63d0b84cd7266982bddd1882a7219cab63faf765b98d22890307b931848381,cd9df2ade1ca21431041edcb14d5f17dd4911475861cec41755502771901127f,0eb4df990f6753bfc9e9029bf76f169c28456414
Climate_h4,0,1071,N+F,2026,2,58.26523680594516,4e63d0b84cd7266982bddd1882a7219cab63faf765b98d22890307b931848381,cd9df2ade1ca21431041edcb14d5f17dd4911475861cec41755502771901127f,0eb4df990f6753bfc9e9029bf76f169c28456414
Climate_h4,0,1071,N+F,2026,3,58.19558336429463,4e63d0b84cd7266982bddd1882a7219cab63faf765b98d22890307b931848381,cd9df2ade1ca21431041edcb14d5f17dd4911475861cec41755502771901127f,0eb4df990f6753bfc9e9029bf76f169c28456414
Climate_h4,0,1071,N+F,2026,4,58.105504893358045,4e63d0b84cd7266982bddd1882a7219cab63faf765b98d22890307b931848381,cd9df2ade1ca21431041edcb14d5f17dd4911475861cec41755502771901127f,0eb4df990f6753bfc9e9029bf76f169c28456414
Climate_h4,0,1072,N+F,2026,1,55.945104881547486,4e63d0b84cd7266982bddd1882a7219cab63faf765b98d22890307b931848381,cd9df2ade1ca21431041edcb14d5f17dd4911475861cec41755502771901127f,0eb4df990f6753bfc9e9029bf76f169c28456414
Climate_h4,0,1072,N+F,2026,2,55.896107688076874,4e63d0b84cd7266982bddd1882a7219cab63faf765b98d22890307b931848381,cd9df2ade1ca21431041edcb14d5f17dd4911475861cec41755502771901127f,0eb4df990f6753bfc9e9029bf76f169c28456414
Climate_h4,0,1072,N+F,2026,3,55.824958449742866,4e63d0b84cd7266982bddd1882a7219cab63faf765b98d22890307b931848381,cd9df2ade1ca21431041edcb14d5f17dd4911475861cec41755502771901127f,0eb4df990f6753bfc9e9029bf76f169c28456414
Climate_h4,0,1072,N+F,2026,4,55.74183975397447,4e63d0b84cd7266982bddd1882a7219cab63faf765b98d22890307b931848381,cd9df2ade1ca21431041edcb14d5f17dd4911475861cec41755502771901127f,0eb4df990f6753bfc9e9029bf76f169c28456414
Climate_h4,0,1073,N+F,2026,1,52.39632302398277,4e63d0b84cd7266982bddd1882a7219cab63faf765b98d22890307b931848381,cd9df2ade1ca21431041edcb14d5f17dd4911475861cec41755502771901127f,0eb4df990f6753bfc9e9029bf76f169c28456414
Climate_h4,0,1073,N+F,2026,2,52.34980432881074,4e63d0b84cd7266982bddd1882a7219cab63faf765b98d22890307b931848381,cd9df2ade1ca21431041edcb14d5f17dd4911475861cec41755502771901127f,0eb4df990f6753bfc9e9029bf76f169c28456414
Climate_h4,0,1073,N+F,2026,3,52.293261966980005,4e63d0b84cd7266982bddd1882a7219cab63faf765b98d22890307b931848381,cd9df2ade1ca21431041edcb14d5f17dd4911475861cec41755502771901127f,0eb4df990f6753bfc9e9029bf76f169c28456414
Climate_h4,0,1073,N+F,2026,4,52.21281463819696,4e63d0b84cd7266982bddd1882a7219cab63faf765b98d22890307b931848381,cd9df2ade1ca21431041edcb14d5f17dd4911475861cec41755502771901127f,0eb4df990f6753bfc9e9029bf76f169c28456414
Climate_h4,0,1074,N+F,2026,1,52.09579957669929,4e63d0b84cd7266982bddd1882a7219cab63faf765b98d22890307b931848381,cd9df2ade1ca21431041edcb14d5f17dd4911475861cec41755502771901127f,0eb4df990f6753bfc9e9029bf76f169c28456414
Climate_h4,0,1074,N+F,2026,2,52.06071548433647,4e63d0b84cd7266982bddd1882a7219cab63faf765b98d22890307b931848381,cd9df2ade1ca21431041edcb14d5f17dd4911475861cec41755502771901127f,0eb4df990f6753bfc9e9029bf76f169c28456414
Climate_h4,0,1074,N+F,2026,3,52.00128217858027,4e63d0b84cd7266982bddd1882a7219cab63faf765b98d22890307b931848381,cd9df2ade1ca21431041edcb14d5f17dd4911475861cec41755502771901127f,0eb4df990f6753bfc9e9029bf76f169c28456414
Climate_h4,0,1074,N+F,2026,4,51.908555263746,4e63d0b84cd7266982bddd1882a7219cab63faf765b98d22890307b931848381,cd9df2ade1ca21431041edcb14d5f17dd4911475861cec41755502771901127f,0eb4df990f6753bfc9e9029bf76f169c28456414
Climate_h4,0,1075,N+F,2026,1,53.45862307295809,4e63d0b84cd7266982bddd1882a7219cab63faf765b98d22890307b931848381,cd9df2ade1ca21431041edcb14d5f17dd4911475861cec41755502771901127f,0eb4df990f6753bfc9e9029bf76f169c28456414
Climate_h4,0,1075,N+F,2026,2,53.405173849534656,4e63d0b84cd7266982bddd1882a7219cab63faf765b98d22890307b931848381,cd9df2ade1ca21431041edcb14d5f17dd4911475861cec41755502771901127f,0eb4df990f6753bfc9e9029bf76f169c28456414
Climate_h4,0,1075,N+F,2026,3,53.31896192123038,4e63d0b84cd7266982bddd1882a7219cab63faf765b98d22890307b931848381,cd9df2ade1ca21431041edcb14d5f17dd4911475861cec41755502771901127f,0eb4df990f6753bfc9e9029bf76f169c28456414
Climate_h4,0,1075,N+F,2026,4,53.21383102482448,4e63d0b84cd7266982bddd1882a7219cab63faf765b98d22890307b931848381,cd9df2ade1ca21431041edcb14d5f17dd4911475861cec41755502771901127f,0eb4df990f6753bfc9e9029bf76f169c28456414
Climate_h4,0,1076,N+F,2026,1,54.36917783210782,4e63d0b84cd7266982bddd1882a7219cab63faf765b98d22890307b931848381,cd9df2ade1ca21431041edcb14d5f17dd4911475861cec41755502771901127f,0eb4df990f6753bfc9e9029bf76f169c28456414
Climate_h4,0,1076,N+F,2026,2,54.28051688865406,4e63d0b84cd7266982bddd1882a7219cab63faf765b98d22890307b931848381,cd9df2ade1ca21431041edcb14d5f17dd4911475861cec41755502771901127f,0eb4df990f6753bfc9e9029bf76f169c28456414
Climate_h4,0,1076,N+F,2026,3,54.17623175488938,4e63d0b84cd7266982bddd1882a7219cab63faf765b98d22890307b931848381,cd9df2ade1ca21431041edcb14d5f17dd4911475861cec41755502771901127f,0eb4df990f6753bfc9e9029bf76f169c28456414
Climate_h4,0,1076,N+F,2026,4,54.05983520181644,4e63d0b84cd7266982bddd1882a7219cab63faf765b98d22890307b931848381,cd9df2ade1ca21431041edcb14d5f17dd4911475861cec41755502771901127f,0eb4df990f6753bfc9e9029bf76f169c28456414
Climate_h4,0,1077,N+F,2026,1,53.419632600424535,4e63d0b84cd7266982bddd1882a7219cab63faf765b98d22890307b931848381,cd9df2ade1ca21431041edcb14d5f17dd4911475861cec41755502771901127f,0eb4df990f6753bfc9e9029bf76f169c28456414
Climate_h4,0,1077,N+F,2026,2,53.316750246593344,4e63d0b84cd7266982bddd1882a7219cab63faf765b98d22890307b931848381,cd9df2ade1ca21431041edcb14d5f17dd4911475861cec41755502771901127f,0eb4df990f6753bfc9e9029bf76f169c28456414
Climate_h4,0,1077,N+F,2026,3,53.20720239774788,4e63d0b84cd7266982bddd1882a7219cab63faf765b98d22890307b931848381,cd9df2ade1ca21431041edcb14d5f17dd4911475861cec41755502771901127f,0eb4df990f6753bfc9e9029bf76f169c28456414
Climate_h4,0,1077,N+F,2026,4,53.08702406700938,4e63d0b84cd7266982bddd1882a7219cab63faf765b98d22890307b931848381,cd9df2ade1ca21431041edcb14d5f17dd4911475861cec41755502771901127f,0eb4df990f6753bfc9e9029bf76f169c28456414
Climate_h4,0,1078,N+F,2026,1,49.907107778554554,4e63d0b84cd7266982bddd1882a7219cab63faf765b98d22890307b931848381,cd9df2ade1ca21431041edcb14d5f17dd4911475861cec41755502771901127f,0eb4df990f6753bfc9e9029bf76f169c28456414
Climate_h4,0,1078,N+F,2026,2,49.813187360525184,4e63d0b84cd7266982bddd1882a7219cab63faf765b98d22890307b931848381,cd9df2ade1ca21431041edcb14d5f17dd4911475861cec41755502771901127f,0eb4df990f6753bfc9e9029bf76f169c28456414
Climate_h4,0,1078,N+F,2026,3,49.716982307050564,4e63d0b84cd7266982bddd1882a7219cab63faf765b98d22890307b931848381,cd9df2ade1ca21431041edcb14d5f17dd4911475861cec41755502771901127f,0eb4df990f6753bfc9e9029bf76f169c28456414
Climate_h4,0,1078,N+F,2026,4,49.59375677537238,4e63d0b84cd7266982bddd1882a7219cab63faf765b98d22890307b931848381,cd9df2ade1ca21431041edcb14d5f17dd4911475861cec41755502771901127f,0eb4df990f6753bfc9e9029bf76f169c28456414
Climate_h4,0,1079,N+F,2026,1,46.17249228349091,4e63d0b84cd7266982bddd1882a7219cab63faf765b98d22890307b931848381,cd9df2ade1ca21431041edcb14d5f17dd4911475861cec41755502771901127f,0eb4df990f6753bfc9e9029bf76f169c28456414
Climate_h4,0,1079,N+F,2026,2,46.10456102456631,4e63d0b84cd7266982bddd1882a7219cab63faf765b98d22890307b931848381,cd9df2ade1ca21431041edcb14d5f17dd4911475861cec41755502771901127f,0eb4df990f6753bfc9e9029bf76f169c28456414
Climate_h4,0,1079,N+F,2026,3,46.01893675062974,4e63d0b84cd7266982bddd1882a7219cab63faf765b98d22890307b931848381,cd9df2ade1ca21431041edcb14d5f17dd4911475861cec41755502771901127f,0eb4df990f6753bfc9e9029bf76f169c28456414
Climate_h4,0,1079,N+F,2026,4,45.88553225582697,4e63d0b84cd7266982bddd1882a7219cab63faf765b98d22890307b931848381,cd9df2ade1ca21431041edcb14d5f17dd4911475861cec41755502771901127f,0eb4df990f6753bfc9e9029bf76f169c28456414
Climate_h4,0,1080,N+F,2026,1,46.99605686324037,4e63d0b84cd7266982bddd1882a7219cab63faf765b98d22890307b931848381,cd9df2ade1ca21431041edcb14d5f17dd4911475861cec41755502771901127f,0eb4df990f6753bfc9e9029bf76f169c28456414
Climate_h4,0,1080,N+F,2026,2,46.930941468252186,4e63d0b84cd7266982bddd1882a7219cab63faf765b98d22890307b931848381,cd9df2ade1ca21431041edcb14d5f17dd4911475861cec41755502771901127f,0eb4df990f6753bfc9e9029bf76f169c28456414
Climate_h4,0,1080,N+F,2026,3,46.82323078837387,4e63d0b84cd7266982bddd1882a7219cab63faf765b98d22890307b931848381,cd9df2ade1ca21431041edcb14d5f17dd4911475861cec41755502771901127f,0eb4df990f6753bfc9e9029bf76f169c28456414
Climate_h4,0,1080,N+F,2026,4,46.65492860784095,4e63d0b84cd7266982bddd1882a7219cab63faf765b98d22890307b931848381,cd9df2ade1ca21431041edcb14d5f17dd4911475861cec41755502771901127f,0eb4df990f6753bfc9e9029bf76f169c28456414
Climate_h4,0,1081,N+F,2026,1,46.942640916437334,4e63d0b84cd7266982bddd1882a7219cab63faf765b98d22890307b931848381,cd9df2ade1ca21431041edcb14d5f17dd4911475861cec41755502771901127f,0eb4df990f6753bfc9e9029bf76f169c28456414
Climate_h4,0,1081,N+F,2026,2,46.85079262662407,4e63d0b84cd7266982bddd1882a7219cab63faf765b98d22890307b931848381,cd9df2ade1ca21431041edcb14d5f17dd4911475861cec41755502771901127f,0eb4df990f6753bfc9e9029bf76f169c28456414
Climate_h4,0,1081,N+F,2026,3,46.70603282856511,4e63d0b84cd7266982bddd1882a7219cab63faf765b98d22890307b931848381,cd9df2ade1ca21431041edcb14d5f17dd4911475861cec41755502771901127f,0eb4df990f6753bfc9e9029bf76f169c28456414
Climate_h4,0,1081,N+F,2026,4,46.50919132460995,4e63d0b84cd7266982bddd1882a7219cab63faf765b98d22890307b931848381,cd9df2ade1ca21431041edcb14d5f17dd4911475861cec41755502771901127f,0eb4df990f6753bfc9e9029bf76f169c28456414
Climate_h4,0,1082,N+F,2026,1,46.05050693478646,4e63d0b84cd7266982bddd1882a7219cab63faf765b98d22890307b931848381,cd9df2ade1ca21431041edcb14d5f17dd4911475861cec41755502771901127f,0eb4df990f6753bfc9e9029bf76f169c28456414
Climate_h4,0,1082,N+F,2026,2,45.92950713579176,4e63d0b84cd7266982bddd1882a7219cab63faf765b98d22890307b931848381,cd9df2ade1ca21431041edcb14d5f17dd4911475861cec41755502771901127f,0eb4df990f6753bfc9e9029bf76f169c28456414
Climate_h4,0,1082,N+F,2026,3,45.76304317708588,4e63d0b84cd7266982bddd1882a7219cab63faf765b98d22890307b931848381,cd9df2ade1ca21431041edcb14d5f17dd4911475861cec41755502771901127f,0eb4df990f6753bfc9e9029bf76f169c28456414
Climate_h4,0,1082,N+F,2026,4,45.57786594714325,4e63d0b84cd7266982bddd1882a7219cab63faf765b98d22890307b931848381,cd9df2ade1ca21431041edcb14d5f17dd4911475861cec41755502771901127f,0eb4df990f6753bfc9e9029bf76f169c28456414
Climate_h4,0,1083,N+F,2026,1,44.38086962611317,4e63d0b84cd7266982bddd1882a7219cab63faf765b98d22890307b931848381,cd9df2ade1ca21431041edcb14d5f17dd4911475861cec41755502771901127f,0eb4df990f6753bfc9e9029bf76f169c28456414
Climate_h4,0,1083,N+F,2026,2,44.23703934194314,4e63d0b84cd7266982bddd1882a7219cab63faf765b98d22890307b931848381,cd9df2ade1ca21431041edcb14d5f17dd4911475861cec41755502771901127f,0eb4df990f6753bfc9e9029bf76f169c28456414
Climate_h4,0,1083,N+F,2026,3,44.08266533302651,4e63d0b84cd7266982bddd1882a7219cab63faf765b98d22890307b931848381,cd9df2ade1ca21431041edcb14d5f17dd4911475861cec41755502771901127f,0eb4df990f6753bfc9e9029bf76f169c28456414
Climate_h4,0,1083,N+F,2026,4,43.90613497114712,4e63d0b84cd7266982bddd1882a7219cab63faf765b98d22890307b931848381,cd9df2ade1ca21431041edcb14d5f17dd4911475861cec41755502771901127f,0eb4df990f6753bfc9e9029bf76f169c28456414
Climate_h4,0,1084,N+F,2026,1,44.82614243908997,4e63d0b84cd7266982bddd1882a7219cab63faf765b98d22890307b931848381,cd9df2ade1ca21431041edcb14d5f17dd4911475861cec41755502771901127f,0eb4df990f6753bfc9e9029bf76f169c28456414
Climate_h4,0,1084,N+F,2026,2,44.683397420444734,4e63d0b84cd7266982bddd1882a7219cab63faf765b98d22890307b931848381,cd9df2ade1ca21431041edcb14d5f17dd4911475861cec41755502771901127f,0eb4df990f6753bfc9e9029bf76f169c28456414
Climate_h4,0,1084,N+F,2026,3,44.52542886504837,4e63d0b84cd7266982bddd1882a7219cab63faf765b98d22890307b931848381,cd9df2ade1ca21431041edcb14d5f17dd4911475861cec41755502771901127f,0eb4df990f6753bfc9e9029bf76f169c28456414
Climate_h4,0,1084,N+F,2026,4,44.34538111725286,4e63d0b84cd7266982bddd1882a7219cab63faf765b98d22890307b931848381,cd9df2ade1ca21431041edcb14d5f17dd4911475861cec41755502771901127f,0eb4df990f6753bfc9e9029bf76f169c28456414
Climate_h4,0,1085,N+F,2026,1,43.203675521110945,4e63d0b84cd7266982bddd1882a7219cab63faf765b98d22890307b931848381,cd9df2ade1ca21431041edcb14d5f17dd4911475861cec41755502771901127f,0eb4df990f6753bfc9e9029bf76f169c28456414
Climate_h4,0,1085,N+F,2026,2,43.06258617699897,4e63d0b84cd7266982bddd1882a7219cab63faf765b98d22890307b931848381,cd9df2ade1ca21431041edcb14d5f17dd4911475861cec41755502771901127f,0eb4df990f6753bfc9e9029bf76f169c28456414
Climate_h4,0,1085,N+F,2026,3,42.90763027617825,4e63d0b84cd7266982bddd1882a7219cab63faf765b98d22890307b931848381,cd9df2ade1ca21431041edcb14d5f17dd4911475861cec41755502771901127f,0eb4df990f6753bfc9e9029bf76f169c28456414
Climate_h4,0,1085,N+F,2026,4,42.729227483263884,4e63d0b84cd7266982bddd1882a7219cab63faf765b98d22890307b931848381,cd9df2ade1ca21431041edcb14d5f17dd4911475861cec41755502771901127f,0eb4df990f6753bfc9e9029bf76f169c28456414
Climate_h4,0,1086,N+F,2026,1,42.25651592733462,4e63d0b84cd7266982bddd1882a7219cab63faf765b98d22890307b931848381,cd9df2ade1ca21431041edcb14d5f17dd4911475861cec41755502771901127f,0eb4df990f6753bfc9e9029bf76f169c28456414
Climate_h4,0,1086,N+F,2026,2,42.11955978009753,4e63d0b84cd7266982bddd1882a7219cab63faf765b98d22890307b931848381,cd9df2ade1ca21431041edcb14d5f17dd4911475861cec41755502771901127f,0eb4df990f6753bfc9e9029bf76f169c28456414
Climate_h4,0,1086,N+F,2026,3,41.965816547416935,4e63d0b84cd7266982bddd1882a7219cab63faf765b98d22890307b931848381,cd9df2ade1ca21431041edcb14d5f17dd4911475861cec41755502771901127f,0eb4df990f6753bfc9e9029bf76f169c28456414
Climate_h4,0,1086,N+F,2026,4,41.81179127489466,4e63d0b84cd7266982bddd1882a7219cab63faf765b98d22890307b931848381,cd9df2ade1ca21431041edcb14d5f17dd4911475861cec41755502771901127f,0eb4df990f6753bfc9e9029bf76f169c28456414
Climate_h4,0,1087,N+F,2026,1,43.900478462779546,4e63d0b84cd7266982bddd1882a7219cab63faf765b98d22890307b931848381,cd9df2ade1ca21431041edcb14d5f17dd4911475861cec41755502771901127f,0eb4df990f6753bfc9e9029bf76f169c28456414
Climate_h4,0,1087,N+F,2026,2,43.74151563646984,4e63d0b84cd7266982bddd1882a7219cab63faf765b98d22890307b931848381,cd9df2ade1ca21431041edcb14d5f17dd4911475861cec41755502771901127f,0eb4df990f6753bfc9e9029bf76f169c28456414
Climate_h4,0,1087,N+F,2026,3,43.59534132028399,4e63d0b84cd7266982bddd1882a7219cab63faf765b98d22890307b931848381,cd9df2ade1ca21431041edcb14d5f17dd4911475861cec41755502771901127f,0eb4df990f6753bfc9e9029bf76f169c28456414
Climate_h4,0,1087,N+F,2026,4,43.449929713462865,4e63d0b84cd7266982bddd1882a7219cab63faf765b98d22890307b931848381,cd9df2ade1ca21431041edcb14d5f17dd4911475861cec41755502771901127f,0eb4df990f6753bfc9e9029bf76f169c28456414
Climate_h4,0,1088,N+F,2026,1,45.7873871289457,4e63d0b84cd7266982bddd1882a7219cab63faf765b98d22890307b931848381,cd9df2ade1ca21431041edcb14d5f17dd4911475861cec41755502771901127f,0eb4df990f6753bfc9e9029bf76f169c28456414
Climate_h4,0,1088,N+F,2026,2,45.62330359450427,4e63d0b84cd7266982bddd1882a7219cab63faf765b98d22890307b931848381,cd9df2ade1ca21431041edcb14d5f17dd4911475861cec41755502771901127f,0eb4df990f6753bfc9e9029bf76f169c28456414
Climate_h4,0,1088,N+F,2026,3,45.47579289350741,4e63d0b84cd7266982bddd1882a7219cab63faf765b98d22890307b931848381,cd9df2ade1ca21431041edcb14d5f17dd4911475861cec41755502771901127f,0eb4df990f6753bfc9e9029bf76f169c28456414
Climate_h4,0,1088,N+F,2026,4,45.32492750869561,4e63d0b84cd7266982bddd1882a7219cab63faf765b98d22890307b931848381,cd9df2ade1ca21431041edcb14d5f17dd4911475861cec41755502771901127f,0eb4df990f6753bfc9e9029bf76f169c28456414
Climate_h4,0,1089,N+F,2026,1,44.04132168497192,4e63d0b84cd7266982bddd1882a7219cab63faf765b98d22890307b931848381,cd9df2ade1ca21431041edcb14d5f17dd4911475861cec41755502771901127f,0eb4df990f6753bfc9e9029bf76f169c28456414
Climate_h4,0,1089,N+F,2026,2,43.8807251666989,4e63d0b84cd7266982bddd1882a7219cab63faf765b98d22890307b931848381,cd9df2ade1ca21431041edcb14d5f17dd4911475861cec41755502771901127f,0eb4df990f6753bfc9e9029bf76f169c28456414
Climate_h4,0,1089,N+F,2026,3,43.736414356147314,4e63d0b84cd7266982bddd1882a7219cab63faf765b98d22890307b931848381,cd9df2ade1ca21431041edcb14d5f17dd4911475861cec41755502771901127f,0eb4df990f6753bfc9e9029bf76f169c28456414
Climate_h4,0,1089,N+F,2026,4,43.57591314179139,4e63d0b84cd7266982bddd1882a7219cab63faf765b98d22890307b931848381,cd9df2ade1ca21431041edcb14d5f17dd4911475861cec41755502771901127f,0eb4df990f6753bfc9e9029bf76f169c28456414
Climate_h4,0,1090,N+F,2026,1,43.909304820502136,4e63d0b84cd7266982bddd1882a7219cab63faf765b98d22890307b931848381,cd9df2ade1ca21431041edcb14d5f17dd4911475861cec41755502771901127f,0eb4df990f6753bfc9e9029bf76f169c28456414
Climate_h4,0,1090,N+F,2026,2,43.75336215246988,4e63d0b84cd7266982bddd1882a7219cab63faf765b98d22890307b931848381,cd9df2ade1ca21431041edcb14d5f17dd4911475861cec41755502771901127f,0eb4df990f6753bfc9e9029bf76f169c28456414
Climate_h4,0,1090,N+F,2026,3,43.59876695618806,4e63d0b84cd7266982bddd1882a7219cab63faf765b98d22890307b931848381,cd9df2ade1ca21431041edcb14d5f17dd4911475861cec41755502771901127f,0eb4df990f6753bfc9e9029bf76f169c28456414
Climate_h4,0,1090,N+F,2026,4,43.43937861601836,4e63d0b84cd7266982bddd1882a7219cab63faf765b98d22890307b931848381,cd9df2ade1ca21431041edcb14d5f17dd4911475861cec41755502771901127f,0eb4df990f6753bfc9e9029bf76f169c28456414
Climate_h4,0,1091,N+F,2026,1,41.60187491519228,4e63d0b84cd7266982bddd1882a7219cab63faf765b98d22890307b931848381,cd9df2ade1ca21431041edcb14d5f17dd4911475861cec41755502771901127f,0eb4df990f6753bfc9e9029bf76f169c28456414
Climate_h4,0,1091,N+F,2026,2,41.44603416217699,4e63d0b84cd7266982bddd1882a7219cab63faf765b98d22890307b931848381,cd9df2ade1ca21431041edcb14d5f17dd4911475861cec41755502771901127f,0eb4df990f6753bfc9e9029bf76f169c28456414
Climate_h4,0,1091,N+F,2026,3,41.30076777104634,4e63d0b84cd7266982bddd1882a7219cab63faf765b98d22890307b931848381,cd9df2ade1ca21431041edcb14d5f17dd4911475861cec41755502771901127f,0eb4df990f6753bfc9e9029bf76f169c28456414
Climate_h4,0,1091,N+F,2026,4,41.15821208316392,4e63d0b84cd7266982bddd1882a7219cab63faf765b98d22890307b931848381,cd9df2ade1ca21431041edcb14d5f17dd4911475861cec41755502771901127f,0eb4df990f6753bfc9e9029bf76f169c28456414
Climate_h4,0,1092,N+F,2026,1,42.13078539986693,4e63d0b84cd7266982bddd1882a7219cab63faf765b98d22890307b931848381,cd9df2ade1ca21431041edcb14d5f17dd4911475861cec41755502771901127f,0eb4df990f6753bfc9e9029bf76f169c28456414
Climate_h4,0,1092,N+F,2026,2,41.978274768648944,4e63d0b84cd7266982bddd1882a7219cab63faf765b98d22890307b931848381,cd9df2ade1ca21431041edcb14d5f17dd4911475861cec41755502771901127f,0eb4df990f6753bfc9e9029bf76f169c28456414
Climate_h4,0,1092,N+F,2026,3,41.84283309745307,4e63d0b84cd7266982bddd1882a7219cab63faf765b98d22890307b931848381,cd9df2ade1ca21431041edcb14d5f17dd4911475861cec41755502771901127f,0eb4df990f6753bfc9e9029bf76f169c28456414
Climate_h4,0,1092,N+F,2026,4,41.716832152551774,4e63d0b84cd7266982bddd1882a7219cab63faf765b98d22890307b931848381,cd9df2ade1ca21431041edcb14d5f17dd4911475861cec41755502771901127f,0eb4df990f6753bfc9e9029bf76f169c28456414
Climate_h4,0,1093,N+F,2026,1,41.64775498592913,4e63d0b84cd7266982bddd1882a7219cab63faf765b98d22890307b931848381,cd9df2ade1ca21431041edcb14d5f17dd4911475861cec41755502771901127f,0eb4df990f6753bfc9e9029bf76f169c28456414
Climate_h4,0,1093,N+F,2026,2,41.495969591360044,4e63d0b84cd7266982bddd1882a7219cab63faf765b98d22890307b931848381,cd9df2ade1ca21431041edcb14d5f17dd4911475861cec41755502771901127f,0eb4df990f6753bfc9e9029bf76f169c28456414
Climate_h4,0,1093,N+F,2026,3,41.37355544556264,4e63d0b84cd7266982bddd1882a7219cab63faf765b98d22890307b931848381,cd9df2ade1ca21431041edcb14d5f17dd4911475861cec41755502771901127f,0eb4df990f6753bfc9e9029bf76f169c28456414
Climate_h4,0,1093,N+F,2026,4,41.27952941538901,4e63d0b84cd7266982bddd1882a7219cab63faf765b98d22890307b931848381,cd9df2ade1ca21431041edcb14d5f17dd4911475861cec41755502771901127f,0eb4df990f6753bfc9e9029bf76f169c28456414
Climate_h4,0,1094,N+F,2026,1,42.023072388735955,4e63d0b84cd7266982bddd1882a7219cab63faf765b98d22890307b931848381,cd9df2ade1ca21431041edcb14d5f17dd4911475861cec41755502771901127f,0eb4df990f6753bfc9e9029bf76f169c28456414
Climate_h4,0,1094,N+F,2026,2,41.882344435191385,4e63d0b84cd7266982bddd1882a7219cab63faf765b98d22890307b931848381,cd9df2ade1ca21431041edcb14d5f17dd4911475861cec41755502771901127f,0eb4df990f6753bfc9e9029bf76f169c28456414
Climate_h4,0,1094,N+F,2026,3,41.789294421589055,4e63d0b84cd7266982bddd1882a7219cab63faf765b98d22890307b931848381,cd9df2ade1ca21431041edcb14d5f17dd4911475861cec41755502771901127f,0eb4df990f6753bfc9e9029bf76f169c28456414
Climate_h4,0,1094,N+F,2026,4,41.72969461418142,4e63d0b84cd7266982bddd1882a7219cab63faf765b98d22890307b931848381,cd9df2ade1ca21431041edcb14d5f17dd4911475861cec41755502771901127f,0eb4df990f6753bfc9e9029bf76f169c28456414
Climate_h4,0,1095,N+F,2026,1,42.38876385929137,4e63d0b84cd7266982bddd1882a7219cab63faf765b98d22890307b931848381,cd9df2ade1ca21431041edcb14d5f17dd4911475861cec41755502771901127f,0eb4df990f6753bfc9e9029bf76f169c28456414
Climate_h4,0,1095,N+F,2026,2,42.268108756487614,4e63d0b84cd7266982bddd1882a7219cab63faf765b98d22890307b931848381,cd9df2ade1ca21431041edcb14d5f17dd4911475861cec41755502771901127f,0eb4df990f6753bfc9e9029bf76f169c28456414
Climate_h4,0,1095,N+F,2026,3,42.20353477004775,4e63d0b84cd7266982bddd1882a7219cab63faf765b98d22890307b931848381,cd9df2ade1ca21431041edcb14d5f17dd4911475861cec41755502771901127f,0eb4df990f6753bfc9e9029bf76f169c28456414
Climate_h4,0,1095,N+F,2026,4,42.178910579381125,4e63d0b84cd7266982bddd1882a7219cab63faf765b98d22890307b931848381,cd9df2ade1ca21431041edcb14d5f17dd4911475861cec41755502771901127f,0eb4df990f6753bfc9e9029bf76f169c28456414
Climate_h4,0,1096,N+F,2026,1,42.94042541155212,4e63d0b84cd7266982bddd1882a7219cab63faf765b98d22890307b931848381,cd9df2ade1ca21431041edcb14d5f17dd4911475861cec41755502771901127f,0eb4df990f6753bfc9e9029bf76f169c28456414
Climate_h4,0,1096,N+F,2026,2,42.84722975446381,4e63d0b84cd7266982bddd1882a7219cab63faf765b98d22890307b931848381,cd9df2ade1ca21431041edcb14d5f17dd4911475861cec41755502771901127f,0eb4df990f6753bfc9e9029bf76f169c28456414
Climate_h4,0,1096,N+F,2026,3,42.8174605437527,4e63d0b84cd7266982bddd1882a7219cab63faf765b98d22890307b931848381,cd9df2ade1ca21431041edcb14d5f17dd4911475861cec41755502771901127f,0eb4df990f6753bfc9e9029bf76f169c28456414
Climate_h4,0,1096,N+F,2026,4,42.83857939920945,4e63d0b84cd7266982bddd1882a7219cab63faf765b98d22890307b931848381,cd9df2ade1ca21431041edcb14d5f17dd4911475861cec41755502771901127f,0eb4df990f6753bfc9e9029bf76f169c28456414
Climate_h4,0,1097,N+F,2026,1,46.98763907714774,4e63d0b84cd7266982bddd1882a7219cab63faf765b98d22890307b931848381,cd9df2ade1ca21431041edcb14d5f17dd4911475861cec41755502771901127f,0eb4df990f6753bfc9e9029bf76f169c28456414
Climate_h4,0,1097,N+F,2026,2,46.915323988555826,4e63d0b84cd7266982bddd1882a7219cab63faf765b98d22890307b931848381,cd9df2ade1ca21431041edcb14d5f17dd4911475861cec41755502771901127f,0eb4df990f6753bfc9e9029bf76f169c28456414
Climate_h4,0,1097,N+F,2026,3,46.91109303962958,4e63d0b84cd7266982bddd1882a7219cab63faf765b98d22890307b931848381,cd9df2ade1ca21431041edcb14d5f17dd4911475861cec41755502771901127f,0eb4df990f6753bfc9e9029bf76f169c28456414
Climate_h4,0,1097,N+F,2026,4,46.95420906218301,4e63d0b84cd7266982bddd1882a7219cab63faf765b98d22890307b931848381,cd9df2ade1ca21431041edcb14d5f17dd4911475861cec41755502771901127f,0eb4df990f6753bfc9e9029bf76f169c28456414
Climate_h4,0,1098,N+F,2026,1,45.660082312621206,4e63d0b84cd7266982bddd1882a7219cab63faf765b98d22890307b931848381,cd9df2ade1ca21431041edcb14d5f17dd4911475861cec41755502771901127f,0eb4df990f6753bfc9e9029bf76f169c28456414
Climate_h4,0,1098,N+F,2026,2,45.614232616416935,4e63d0b84cd7266982bddd1882a7219cab63faf765b98d22890307b931848381,cd9df2ade1ca21431041edcb14d5f17dd4911475861cec41755502771901127f,0eb4df990f6753bfc9e9029bf76f169c28456414
Climate_h4,0,1098,N+F,2026,3,45.64323033202228,4e63d0b84cd7266982bddd1882a7219cab63faf765b98d22890307b931848381,cd9df2ade1ca21431041edcb14d5f17dd4911475861cec41755502771901127f,0eb4df990f6753bfc9e9029bf76f169c28456414
Climate_h4,0,1098,N+F,2026,4,45.72066291183977,4e63d0b84cd7266982bddd1882a7219cab63faf765b98d22890307b931848381,cd9df2ade1ca21431041edcb14d5f17dd4911475861cec41755502771901127f,0eb4df990f6753bfc9e9029bf76f169c28456414
Climate_h4,0,1099,N+F,2026,1,44.27028111450947,4e63d0b84cd7266982bddd1882a7219cab63faf765b98d22890307b931848381,cd9df2ade1ca21431041edcb14d5f17dd4911475861cec41755502771901127f,0eb4df990f6753bfc9e9029bf76f169c28456414
Climate_h4,0,1099,N+F,2026,2,44.26952479144196,4e63d0b84cd7266982bddd1882a7219cab63faf765b98d22890307b931848381,cd9df2ade1ca21431041edcb14d5f17dd4911475861cec41755502771901127f,0eb4df990f6753bfc9e9029bf76f169c28456414
Climate_h4,0,1099,N+F,2026,3,44.34199658997399,4e63d0b84cd7266982bddd1882a7219cab63faf765b98d22890307b931848381,cd9df2ade1ca21431041edcb14d5f17dd4911475861cec41755502771901127f,0eb4df990f6753bfc9e9029bf76f169c28456414
Climate_h4,0,1099,N+F,2026,4,44.47028420817816,4e63d0b84cd7266982bddd1882a7219cab63faf765b98d22890307b931848381,cd9df2ade1ca21431041edcb14d5f17dd4911475861cec41755502771901127f,0eb4df990f6753bfc9e9029bf76f169c28456414
Climate_h4,0,1100,N+F,2026,1,45.25960544001299,4e63d0b84cd7266982bddd1882a7219cab63faf765b98d22890307b931848381,cd9df2ade1ca21431041edcb14d5f17dd4911475861cec41755502771901127f,0eb4df990f6753bfc9e9029bf76f169c28456414
Climate_h4,0,1100,N+F,2026,2,45.30271454823627,4e63d0b84cd7266982bddd1882a7219cab63faf765b98d22890307b931848381,cd9df2ade1ca21431041edcb14d5f17dd4911475861cec41755502771901127f,0eb4df990f6753bfc9e9029bf76f169c28456414
Climate_h4,0,1100,N+F,2026,3,45.41534760298542,4e63d0b84cd7266982bddd1882a7219cab63faf765b98d22890307b931848381,cd9df2ade1ca21431041edcb14d5f17dd4911475861cec41755502771901127f,0eb4df990f6753bfc9e9029bf76f169c28456414
Climate_h4,0,1100,N+F,2026,4,45.57553015269326,4e63d0b84cd7266982bddd1882a7219cab63faf765b98d22890307b931848381,cd9df2ade1ca21431041edcb14d5f17dd4911475861cec41755502771901127f,0eb4df990f6753bfc9e9029bf76f169c28456414
Climate_h4,0,1101,N+F,2026,1,43.05686654526738,4e63d0b84cd7266982bddd1882a7219cab63faf765b98d22890307b931848381,cd9df2ade1ca21431041edcb14d5f17dd4911475861cec41755502771901127f,0eb4df990f6753bfc9e9029bf76f169c28456414
Climate_h4,0,1101,N+F,2026,2,43.14210246071992,4e63d0b84cd7266982bddd1882a7219cab63faf765b98d22890307b931848381,cd9df2ade1ca21431041edcb14d5f17dd4911475861cec41755502771901127f,0eb4df990f6753bfc9e9029bf76f169c28456414
Climate_h4,0,1101,N+F,2026,3,43.297457121784674,4e63d0b84cd7266982bddd1882a7219cab63faf765b98d22890307b931848381,cd9df2ade1ca21431041edcb14d5f17dd4911475861cec41755502771901127f,0eb4df990f6753bfc9e9029bf76f169c28456414
Climate_h4,0,1101,N+F,2026,4,43.474095156694176,4e63d0b84cd7266982bddd1882a7219cab63faf765b98d22890307b931848381,cd9df2ade1ca21431041edcb14d5f17dd4911475861cec41755502771901127f,0eb4df990f6753bfc9e9029bf76f169c28456414
Climate_h4,0,1102,N+F,2026,1,42.98960050468992,4e63d0b84cd7266982bddd1882a7219cab63faf765b98d22890307b931848381,cd9df2ade1ca21431041edcb14d5f17dd4911475861cec41755502771901127f,0eb4df990f6753bfc9e9029bf76f169c28456414
Climate_h4,0,1102,N+F,2026,2,43.12722368503923,4e63d0b84cd7266982bddd1882a7219cab63faf765b98d22890307b931848381,cd9df2ade1ca21431041edcb14d5f17dd4911475861cec41755502771901127f,0eb4df990f6753bfc9e9029bf76f169c28456414
Climate_h4,0,1102,N+F,2026,3,43.30017356210406,4e63d0b84cd7266982bddd1882a7219cab63faf765b98d22890307b931848381,cd9df2ade1ca21431041edcb14d5f17dd4911475861cec41755502771901127f,0eb4df990f6753bfc9e9029bf76f169c28456414
Climate_h4,0,1102,N+F,2026,4,43.50598553044031,4e63d0b84cd7266982bddd1882a7219cab63faf765b98d22890307b931848381,cd9df2ade1ca21431041edcb14d5f17dd4911475861cec41755502771901127f,0eb4df990f6753bfc9e9029bf76f169c28456414
Climate_h4,0,1103,N+F,2026,1,43.21610665016895,4e63d0b84cd7266982bddd1882a7219cab63faf765b98d22890307b931848381,cd9df2ade1ca21431041edcb14d5f17dd4911475861cec41755502771901127f,0eb4df990f6753bfc9e9029bf76f169c28456414
Climate_h4,0,1103,N+F,2026,2,43.36207291050507,4e63d0b84cd7266982bddd1882a7219cab63faf765b98d22890307b931848381,cd9df2ade1ca21431041edcb14d5f17dd4911475861cec41755502771901127f,0eb4df990f6753bfc9e9029bf76f169c28456414
Climate_h4,0,1103,N+F,2026,3,43.55451506604074,4e63d0b84cd7266982bddd1882a7219cab63faf765b98d22890307b931848381,cd9df2ade1ca21431041edcb14d5f17dd4911475861cec41755502771901127f,0eb4df990f6753bfc9e9029bf76f169c28456414
Climate_h4,0,1103,N+F,2026,4,43.7953205654823,4e63d0b84cd7266982bddd1882a7219cab63faf765b98d22890307b931848381,cd9df2ade1ca21431041edcb14d5f17dd4911475861cec41755502771901127f,0eb4df990f6753bfc9e9029bf76f169c28456414
Climate_h4,0,1104,N+F,2026,1,43.710958078553446,4e63d0b84cd7266982bddd1882a7219cab63faf765b98d22890307b931848381,cd9df2ade1ca21431041edcb14d5f17dd4911475861cec41755502771901127f,0eb4df990f6753bfc9e9029bf76f169c28456414
Climate_h4,0,1104,N+F,2026,2,43.879094298728496,4e63d0b84cd7266982bddd1882a7219cab63faf765b98d22890307b931848381,cd9df2ade1ca21431041edcb14d5f17dd4911475861cec41755502771901127f,0eb4df990f6753bfc9e9029bf76f169c28456414
Climate_h4,0,1104,N+F,2026,3,44.10967560458534,4e63d0b84cd7266982bddd1882a7219cab63faf765b98d22890307b931848381,cd9df2ade1ca21431041edcb14d5f17dd4911475861cec41755502771901127f,0eb4df990f6753bfc9e9029bf76f169c28456414
Climate_h4,0,1104,N+F,2026,4,44.39415414556965,4e63d0b84cd7266982bddd1882a7219cab63faf765b98d22890307b931848381,cd9df2ade1ca21431041edcb14d5f17dd4911475861cec41755502771901127f,0eb4df990f6753bfc9e9029bf76f169c28456414
Climate_h4,0,1105,N+F,2026,1,45.14773489197996,4e63d0b84cd7266982bddd1882a7219cab63faf765b98d22890307b931848381,cd9df2ade1ca21431041edcb14d5f17dd4911475861cec41755502771901127f,0eb4df990f6753bfc9e9029bf76f169c28456414
Climate_h4,0,1105,N+F,2026,2,45.34690375674899,4e63d0b84cd7266982bddd1882a7219cab63faf765b98d22890307b931848381,cd9df2ade1ca21431041edcb14d5f17dd4911475861cec41755502771901127f,0eb4df990f6753bfc9e9029bf76f169c28456414
Climate_h4,0,1105,N+F,2026,3,45.611952434265326,4e63d0b84cd7266982bddd1882a7219cab63faf765b98d22890307b931848381,cd9df2ade1ca21431041edcb14d5f17dd4911475861cec41755502771901127f,0eb4df990f6753bfc9e9029bf76f169c28456414
Climate_h4,0,1105,N+F,2026,4,45.932304575184155,4e63d0b84cd7266982bddd1882a7219cab63faf765b98d22890307b931848381,cd9df2ade1ca21431041edcb14d5f17dd4911475861cec41755502771901127f,0eb4df990f6753bfc9e9029bf76f169c28456414
Climate_h4,0,1106,N+F,2026,1,38.879174235347854,4e63d0b84cd7266982bddd1882a7219cab63faf765b98d22890307b931848381,cd9df2ade1ca21431041edcb14d5f17dd4911475861cec41755502771901127f,0eb4df990f6753bfc9e9029bf76f169c28456414
Climate_h4,0,1106,N+F,2026,2,39.119607977686115,4e63d0b84cd7266982bddd1882a7219cab63faf765b98d22890307b931848381,cd9df2ade1ca21431041edcb14d5f17dd4911475861cec41755502771901127f,0eb4df990f6753bfc9e9029bf76f169c28456414
Climate_h4,0,1106,N+F,2026,3,39.44635498761366,4e63d0b84cd7266982bddd1882a7219cab63faf765b98d22890307b931848381,cd9df2ade1ca21431041edcb14d5f17dd4911475861cec41755502771901127f,0eb4df990f6753bfc9e9029bf76f169c28456414
Climate_h4,0,1106,N+F,2026,4,39.83118581682665,4e63d0b84cd7266982bddd1882a7219cab63faf765b98d22890307b931848381,cd9df2ade1ca21431041edcb14d5f17dd4911475861cec41755502771901127f,0eb4df990f6753bfc9e9029bf76f169c28456414
Climate_h4,0,1107,N+F,2026,1,39.530133240615584,4e63d0b84cd7266982bddd1882a7219cab63faf765b98d22890307b931848381,cd9df2ade1ca21431041edcb14d5f17dd4911475861cec41755502771901127f,0eb4df990f6753bfc9e9029bf76f169c28456414
Climate_h4,0,1107,N+F,2026,2,39.842713256497746,4e63d0b84cd7266982bddd1882a7219cab63faf765b98d22890307b931848381,cd9df2ade1ca21431041edcb14d5f17dd4911475861cec41755502771901127f,0eb4df990f6753bfc9e9029bf76f169c28456414
Climate_h4,0,1107,N+F,2026,3,40.22306750543357,4e63d0b84cd7266982bddd1882a7219cab63faf765b98d22890307b931848381,cd9df2ade1ca21431041edcb14d5f17dd4911475861cec41755502771901127f,0eb4df990f6753bfc9e9029bf76f169c28456414
Climate_h4,0,1107,N+F,2026,4,40.66207446103888,4e63d0b84cd7266982bddd1882a7219cab63faf765b98d22890307b931848381,cd9df2ade1ca21431041edcb14d5f17dd4911475861cec41755502771901127f,0eb4df990f6753bfc9e9029bf76f169c28456414
Climate_h4,0,1108,N+F,2026,1,40.967182068084014,4e63d0b84cd7266982bddd1882a7219cab63faf765b98d22890307b931848381,cd9df2ade1ca21431041edcb14d5f17dd4911475861cec41755502771901127f,0eb4df990f6753bfc9e9029bf76f169c28456414
Climate_h4,0,1108,N+F,2026,2,41.316259144766136,4e63d0b84cd7266982bddd1882a7219cab63faf765b98d22890307b931848381,cd9df2ade1ca21431041edcb14d5f17dd4911475861cec41755502771901127f,0eb4df990f6753bfc9e9029bf76f169c28456414
Climate_h4,0,1108,N+F,2026,3,41.72735470941934,4e63d0b84cd7266982bddd1882a7219cab63faf765b98d22890307b931848381,cd9df2ade1ca21431041edcb14d5f17dd4911475861cec41755502771901127f,0eb4df990f6753bfc9e9029bf76f169c28456414
Climate_h4,0,1108,N+F,2026,4,42.16804784858131,4e63d0b84cd7266982bddd1882a7219cab63faf765b98d22890307b931848381,cd9df2ade1ca21431041edcb14d5f17dd4911475861cec41755502771901127f,0eb4df990f6753bfc9e9029bf76f169c28456414
Climate_h4,0,1109,N+F,2026,1,41.70942607023123,4e63d0b84cd7266982bddd1882a7219cab63faf765b98d22890307b931848381,cd9df2ade1ca21431041edcb14d5f17dd4911475861cec41755502771901127f,0eb4df990f6753bfc9e9029bf76f169c28456414
Climate_h4,0,1109,N+F,2026,2,42.088692205449135,4e63d0b84cd7266982bddd1882a7219cab63faf765b98d22890307b931848381,cd9df2ade1ca21431041edcb14d5f17dd4911475861cec41755502771901127f,0eb4df990f6753bfc9e9029bf76f169c28456414
Climate_h4,0,1109,N+F,2026,3,42.509994588048386,4e63d0b84cd7266982bddd1882a7219cab63faf765b98d22890307b931848381,cd9df2ade1ca21431041edcb14d5f17dd4911475861cec41755502771901127f,0eb4df990f6753bfc9e9029bf76f169c28456414
Climate_h4,0,1109,N+F,2026,4,42.97254352732958,4e63d0b84cd7266982bddd1882a7219cab63faf765b98d22890307b931848381,cd9df2ade1ca21431041edcb14d5f17dd4911475861cec41755502771901127f,0eb4df990f6753bfc9e9029bf76f169c28456414
Climate_h4,0,1110,N+F,2026,1,41.85818028130008,4e63d0b84cd7266982bddd1882a7219cab63faf765b98d22890307b931848381,cd9df2ade1ca21431041edcb14d5f17dd4911475861cec41755502771901127f,0eb4df990f6753bfc9e9029bf76f169c28456414
Climate_h4,0,1110,N+F,2026,2,42.254316062830185,4e63d0b84cd7266982bddd1882a7219cab63faf765b98d22890307b931848381,cd9df2ade1ca21431041edcb14d5f17dd4911475861cec41755502771901127f,0eb4df990f6753bfc9e9029bf76f169c28456414
Climate_h4,0,1110,N+F,2026,3,42.696557917974076,4e63d0b84cd7266982bddd1882a7219cab63faf765b98d22890307b931848381,cd9df2ade1ca21431041edcb14d5f17dd4911475861cec41755502771901127f,0eb4df990f6753bfc9e9029bf76f169c28456414
Climate_h4,0,1110,N+F,2026,4,43.201748184934935,4e63d0b84cd7266982bddd1882a7219cab63faf765b98d22890307b931848381,cd9df2ade1ca21431041edcb14d5f17dd4911475861cec41755502771901127f,0eb4df990f6753bfc9e9029bf76f169c28456414
Climate_h4,0,1111,N+F,2026,1,44.758553851383866,4e63d0b84cd7266982bddd1882a7219cab63faf765b98d22890307b931848381,cd9df2ade1ca21431041edcb14d5f17dd4911475861cec41755502771901127f,0eb4df990f6753bfc9e9029bf76f169c28456414
Climate_h4,0,1111,N+F,2026,2,45.16416624162772,4e63d0b84cd7266982bddd1882a7219cab63faf765b98d22890307b931848381,cd9df2ade1ca21431041edcb14d5f17dd4911475861cec41755502771901127f,0eb4df990f6753bfc9e9029bf76f169c28456414
Climate_h4,0,1111,N+F,2026,3,45.63410178140669,4e63d0b84cd7266982bddd1882a7219cab63faf765b98d22890307b931848381,cd9df2ade1ca21431041edcb14d5f17dd4911475861cec41755502771901127f,0eb4df990f6753bfc9e9029bf76f169c28456414
Climate_h4,0,1111,N+F,2026,4,46.13516482153523,4e63d0b84cd7266982bddd1882a7219cab63faf765b98d22890307b931848381,cd9df2ade1ca21431041edcb14d5f17dd4911475861cec41755502771901127f,0eb4df990f6753bfc9e9029bf76f169c28456414
Climate_h4,0,1112,N+F,2026,1,42.97691877316783,4e63d0b84cd7266982bddd1882a7219cab63faf765b98d22890307b931848381,cd9df2ade1ca21431041edcb14d5f17dd4911475861cec41755502771901127f,0eb4df990f6753bfc9e9029bf76f169c28456414
Climate_h4,0,1112,N+F,2026,2,43.418442914481105,4e63d0b84cd7266982bddd1882a7219cab63faf765b98d22890307b931848381,cd9df2ade1ca21431041edcb14d5f17dd4911475861cec41755502771901127f,0eb4df990f6753bfc9e9029bf76f169c28456414
Climate_h4,0,1112,N+F,2026,3,43.904033975153204,4e63d0b84cd7266982bddd1882a7219cab63faf765b98d22890307b931848381,cd9df2ade1ca21431041edcb14d5f17dd4911475861cec41755502771901127f,0eb4df990f6753bfc9e9029bf76f169c28456414
Climate_h4,0,1112,N+F,2026,4,44.382710487190785,4e63d0b84cd7266982bddd1882a7219cab63faf765b98d22890307b931848381,cd9df2ade1ca21431041edcb14d5f17dd4911475861cec41755502771901127f,0eb4df990f6753bfc9e9029bf76f169c28456414
Climate_h4,0,1113,N+F,2026,1,39.80896897440746,4e63d0b84cd7266982bddd1882a7219cab63faf765b98d22890307b931848381,cd9df2ade1ca21431041edcb14d5f17dd4911475861cec41755502771901127f,0eb4df990f6753bfc9e9029bf76f169c28456414
Climate_h4,0,1113,N+F,2026,2,40.27923816526738,4e63d0b84cd7266982bddd1882a7219cab63faf765b98d22890307b931848381,cd9df2ade1ca21431041edcb14d5f17dd4911475861cec41755502771901127f,0eb4df990f6753bfc9e9029bf76f169c28456414
Climate_h4,0,1113,N+F,2026,3,40.75735945726982,4e63d0b84cd7266982bddd1882a7219cab63faf765b98d22890307b931848381,cd9df2ade1ca21431041edcb14d5f17dd4911475861cec41755502771901127f,0eb4df990f6753bfc9e9029bf76f169c28456414
Climate_h4,0,1113,N+F,2026,4,41.22076899824284,4e63d0b84cd7266982bddd1882a7219cab63faf765b98d22890307b931848381,cd9df2ade1ca21431041edcb14d5f17dd4911475861cec41755502771901127f,0eb4df990f6753bfc9e9029bf76f169c28456414
Climate_h4,0,1114,N+F,2026,1,42.056266342087504,4e63d0b84cd7266982bddd1882a7219cab63faf765b98d22890307b931848381,cd9df2ade1ca21431041edcb14d5f17dd4911475861cec41755502771901127f,0eb4df990f6753bfc9e9029bf76f169c28456414
Climate_h4,0,1114,N+F,2026,2,42.5163024613339,4e63d0b84cd7266982bddd1882a7219cab63faf765b98d22890307b931848381,cd9df2ade1ca21431041edcb14d5f17dd4911475861cec41755502771901127f,0eb4df990f6753bfc9e9029bf76f169c28456414
Climate_h4,0,1114,N+F,2026,3,42.963339432454966,4e63d0b84cd7266982bddd1882a7219cab63faf765b98d22890307b931848381,cd9df2ade1ca21431041edcb14d5f17dd4911475861cec41755502771901127f,0eb4df990f6753bfc9e9029bf76f169c28456414
Climate_h4,0,1114,N+F,2026,4,43.403019518927096,4e63d0b84cd7266982bddd1882a7219cab63faf765b98d22890307b931848381,cd9df2ade1ca21431041edcb14d5f17dd4911475861cec41755502771901127f,0eb4df990f6753bfc9e9029bf76f169c28456414
Climate_h4,0,1115,N+F,2026,1,45.847056498342496,4e63d0b84cd7266982bddd1882a7219cab63faf765b98d22890307b931848381,cd9df2ade1ca21431041edcb14d5f17dd4911475861cec41755502771901127f,0eb4df990f6753bfc9e9029bf76f169c28456414
Climate_h4,0,1115,N+F,2026,2,46.26631729155435,4e63d0b84cd7266982bddd1882a7219cab63faf765b98d22890307b931848381,cd9df2ade1ca21431041edcb14d5f17dd4911475861cec41755502771901127f,0eb4df990f6753bfc9e9029bf76f169c28456414
Climate_h4,0,1115,N+F,2026,3,46.67782199602856,4e63d0b84cd7266982bddd1882a7219cab63faf765b98d22890307b931848381,cd9df2ade1ca21431041edcb14d5f17dd4911475861cec41755502771901127f,0eb4df990f6753bfc9e9029bf76f169c28456414
Climate_h4,0,1115,N+F,2026,4,47.08691938549993,4e63d0b84cd7266982bddd1882a7219cab63faf765b98d22890307b931848381,cd9df2ade1ca21431041edcb14d5f17dd4911475861cec41755502771901127f,0eb4df990f6753bfc9e9029bf76f169c28456414
Climate_h4,0,1116,N+F,2026,1,47.01113382023922,4e63d0b84cd7266982bddd1882a7219cab63faf765b98d22890307b931848381,cd9df2ade1ca21431041edcb14d5f17dd4911475861cec41755502771901127f,0eb4df990f6753bfc9e9029bf76f169c28456414
Climate_h4,0,1116,N+F,2026,2,47.39038701039144,4e63d0b84cd7266982bddd1882a7219cab63faf765b98d22890307b931848381,cd9df2ade1ca21431041edcb14d5f17dd4911475861cec41755502771901127f,0eb4df990f6753bfc9e9029bf76f169c28456414
Climate_h4,0,1116,N+F,2026,3,47.77819470439157,4e63d0b84cd7266982bddd1882a7219cab63faf765b98d22890307b931848381,cd9df2ade1ca21431041edcb14d5f17dd4911475861cec41755502771901127f,0eb4df990f6753bfc9e9029bf76f169c28456414
Climate_h4,0,1116,N+F,2026,4,48.16257205993277,4e63d0b84cd7266982bddd1882a7219cab63faf765b98d22890307b931848381,cd9df2ade1ca21431041edcb14d5f17dd4911475861cec41755502771901127f,0eb4df990f6753bfc9e9029bf76f169c28456414
Climate_h4,0,1117,N+F,2026,1,45.578699941246335,4e63d0b84cd7266982bddd1882a7219cab63faf765b98d22890307b931848381,cd9df2ade1ca21431041edcb14d5f17dd4911475861cec41755502771901127f,0eb4df990f6753bfc9e9029bf76f169c28456414
Climate_h4,0,1117,N+F,2026,2,45.94325738427711,4e63d0b84cd7266982bddd1882a7219cab63faf765b98d22890307b931848381,cd9df2ade1ca21431041edcb14d5f17dd4911475861cec41755502771901127f,0eb4df990f6753bfc9e9029bf76f169c28456414
Climate_h4,0,1117,N+F,2026,3,46.320561493042604,4e63d0b84cd7266982bddd1882a7219cab63faf765b98d22890307b931848381,cd9df2ade1ca21431041edcb14d5f17dd4911475861cec41755502771901127f,0eb4df990f6753bfc9e9029bf76f169c28456414
Climate_h4,0,1117,N+F,2026,4,46.71858571676378,4e63d0b84cd7266982bddd1882a7219cab63faf765b98d22890307b931848381,cd9df2ade1ca21431041edcb14d5f17dd4911475861cec41755502771901127f,0eb4df990f6753bfc9e9029bf76f169c28456414
Climate_h4,0,1118,N+F,2026,1,47.55064640318024,4e63d0b84cd7266982bddd1882a7219cab63faf765b98d22890307b931848381,cd9df2ade1ca21431041edcb14d5f17dd4911475861cec41755502771901127f,0eb4df990f6753bfc9e9029bf76f169c28456414
Climate_h4,0,1118,N+F,2026,2,47.900183118675415,4e63d0b84cd7266982bddd1882a7219cab63faf765b98d22890307b931848381,cd9df2ade1ca21431041edcb14d5f17dd4911475861cec41755502771901127f,0eb4df990f6753bfc9e9029bf76f169c28456414
Climate_h4,0,1118,N+F,2026,3,48.27978298790756,4e63d0b84cd7266982bddd1882a7219cab63faf765b98d22890307b931848381,cd9df2ade1ca21431041edcb14d5f17dd4911475861cec41755502771901127f,0eb4df990f6753bfc9e9029bf76f169c28456414
Climate_h4,0,1118,N+F,2026,4,48.65120162432962,4e63d0b84cd7266982bddd1882a7219cab63faf765b98d22890307b931848381,cd9df2ade1ca21431041edcb14d5f17dd4911475861cec41755502771901127f,0eb4df990f6753bfc9e9029bf76f169c28456414
Climate_h4,0,1119,N+F,2026,1,46.755902838652894,4e63d0b84cd7266982bddd1882a7219cab63faf765b98d22890307b931848381,cd9df2ade1ca21431041edcb14d5f17dd4911475861cec41755502771901127f,0eb4df990f6753bfc9e9029bf76f169c28456414
Climate_h4,0,1119,N+F,2026,2,47.112999253015296,4e63d0b84cd7266982bddd1882a7219cab63faf765b98d22890307b931848381,cd9df2ade1ca21431041edcb14d5f17dd4911475861cec41755502771901127f,0eb4df990f6753bfc9e9029bf76f169c28456414
Climate_h4,0,1119,N+F,2026,3,47.475099572512114,4e63d0b84cd7266982bddd1882a7219cab63faf765b98d22890307b931848381,cd9df2ade1ca21431041edcb14d5f17dd4911475861cec41755502771901127f,0eb4df990f6753bfc9e9029bf76f169c28456414
Climate_h4,0,1119,N+F,2026,4,47.79125336956733,4e63d0b84cd7266982bddd1882a7219cab63faf765b98d22890307b931848381,cd9df2ade1ca21431041edcb14d5f17dd4911475861cec41755502771901127f,0eb4df990f6753bfc9e9029bf76f169c28456414
Climate_h4,0,1120,N+F,2026,1,47.67995672658694,4e63d0b84cd7266982bddd1882a7219cab63faf765b98d22890307b931848381,cd9df2ade1ca21431041edcb14d5f17dd4911475861cec41755502771901127f,0eb4df990f6753bfc9e9029bf76f169c28456414
Climate_h4,0,1120,N+F,2026,2,48.02867231907553,4e63d0b84cd7266982bddd1882a7219cab63faf765b98d22890307b931848381,cd9df2ade1ca21431041edcb14d5f17dd4911475861cec41755502771901127f,0eb4df990f6753bfc9e9029bf76f169c28456414
Climate_h4,0,1120,N+F,2026,3,48.33898356637443,4e63d0b84cd7266982bddd1882a7219cab63faf765b98d22890307b931848381,cd9df2ade1ca21431041edcb14d5f17dd4911475861cec41755502771901127f,0eb4df990f6753bfc9e9029bf76f169c28456414
Climate_h4,0,1120,N+F,2026,4,48.61581211339763,4e63d0b84cd7266982bddd1882a7219cab63faf765b98d22890307b931848381,cd9df2ade1ca21431041edcb14d5f17dd4911475861cec41755502771901127f,0eb4df990f6753bfc9e9029bf76f169c28456414
Climate_h4,0,1121,N+F,2026,1,47.169379359039525,4e63d0b84cd7266982bddd1882a7219cab63faf765b98d22890307b931848381,cd9df2ade1ca21431041edcb14d5f17dd4911475861cec41755502771901127f,0eb4df990f6753bfc9e9029bf76f169c28456414
Climate_h4,0,1121,N+F,2026,2,47.46639274892744,4e63d0b84cd7266982bddd1882a7219cab63faf765b98d22890307b931848381,cd9df2ade1ca21431041edcb14d5f17dd4911475861cec41755502771901127f,0eb4df990f6753bfc9e9029bf76f169c28456414
Climate_h4,0,1121,N+F,2026,3,47.74096520071345,4e63d0b84cd7266982bddd1882a7219cab63faf765b98d22890307b931848381,cd9df2ade1ca21431041edcb14d5f17dd4911475861cec41755502771901127f,0eb4df990f6753bfc9e9029bf76f169c28456414
Climate_h4,0,1121,N+F,2026,4,48.005219677071864,4e63d0b84cd7266982bddd1882a7219cab63faf765b98d22890307b931848381,cd9df2ade1ca21431041edcb14d5f17dd4911475861cec41755502771901127f,0eb4df990f6753bfc9e9029bf76f169c28456414
Climate_h4,0,1122,N+F,2026,1,48.9636124882567,4e63d0b84cd7266982bddd1882a7219cab63faf765b98d22890307b931848381,cd9df2ade1ca21431041edcb14d5f17dd4911475861cec41755502771901127f,0eb4df990f6753bfc9e9029bf76f169c28456414
Climate_h4,0,1122,N+F,2026,2,49.223573360939675,4e63d0b84cd7266982bddd1882a7219cab63faf765b98d22890307b931848381,cd9df2ade1ca21431041edcb14d5f17dd4911475861cec41755502771901127f,0eb4df990f6753bfc9e9029bf76f169c28456414
Climate_h4,0,1122,N+F,2026,3,49.48278161899654,4e63d0b84cd7266982bddd1882a7219cab63faf765b98d22890307b931848381,cd9df2ade1ca21431041edcb14d5f17dd4911475861cec41755502771901127f,0eb4df990f6753bfc9e9029bf76f169c28456414
Climate_h4,0,1122,N+F,2026,4,49.723855997513574,4e63d0b84cd7266982bddd1882a7219cab63faf765b98d22890307b931848381,cd9df2ade1ca21431041edcb14d5f17dd4911475861cec41755502771901127f,0eb4df990f6753bfc9e9029bf76f169c28456414
Climate_h4,0,1123,N+F,2026,1,47.89098242479433,4e63d0b84cd7266982bddd1882a7219cab63faf765b98d22890307b931848381,cd9df2ade1ca21431041edcb14d5f17dd4911475861cec41755502771901127f,0eb4df990f6753bfc9e9029bf76f169c28456414
Climate_h4,0,1123,N+F,2026,2,48.14550173390373,4e63d0b84cd7266982bddd1882a7219cab63faf765b98d22890307b931848381,cd9df2ade1ca21431041edcb14d5f17dd4911475861cec41755502771901127f,0eb4df990f6753bfc9e9029bf76f169c28456414
Climate_h4,0,1123,N+F,2026,3,48.390913034588365,4e63d0b84cd7266982bddd1882a7219cab63faf765b98d22890307b931848381,cd9df2ade1ca21431041edcb14d5f17dd4911475861cec41755502771901127f,0eb4df990f6753bfc9e9029bf76f169c28456414
Climate_h4,0,1123,N+F,2026,4,48.608679767596925,4e63d0b84cd7266982bddd1882a7219cab63faf765b98d22890307b931848381,cd9df2ade1ca21431041edcb14d5f17dd4911475861cec41755502771901127f,0eb4df990f6753bfc9e9029bf76f169c28456414
Climate_h4,0,1124,N+F,2026,1,49.35367035140436,4e63d0b84cd7266982bddd1882a7219cab63faf765b98d22890307b931848381,cd9df2ade1ca21431041edcb14d5f17dd4911475861cec41755502771901127f,0eb4df990f6753bfc9e9029bf76f169c28456414
Climate_h4,0,1124,N+F,2026,2,49.593190647808854,4e63d0b84cd7266982bddd1882a7219cab63faf765b98d22890307b931848381,cd9df2ade1ca21431041edcb14d5f17dd4911475861cec41755502771901127f,0eb4df990f6753bfc9e9029bf76f169c28456414
Climate_h4,0,1124,N+F,2026,3,49.809665769129964,4e63d0b84cd7266982bddd1882a7219cab63faf765b98d22890307b931848381,cd9df2ade1ca21431041edcb14d5f17dd4911475861cec41755502771901127f,0eb4df990f6753bfc9e9029bf76f169c28456414
Climate_h4,0,1124,N+F,2026,4,50.00387206109612,4e63d0b84cd7266982bddd1882a7219cab63faf765b98d22890307b931848381,cd9df2ade1ca21431041edcb14d5f17dd4911475861cec41755502771901127f,0eb4df990f6753bfc9e9029bf76f169c28456414
Climate_h4,0,1125,N+F,2026,1,50.19450969683984,4e63d0b84cd7266982bddd1882a7219cab63faf765b98d22890307b931848381,cd9df2ade1ca21431041edcb14d5f17dd4911475861cec41755502771901127f,0eb4df990f6753bfc9e9029bf76f169c28456414
Climate_h4,0,1125,N+F,2026,2,50.40776872803239,4e63d0b84cd7266982bddd1882a7219cab63faf765b98d22890307b931848381,cd9df2ade1ca21431041edcb14d5f17dd4911475861cec41755502771901127f,0eb4df990f6753bfc9e9029bf76f169c28456414
Climate_h4,0,1125,N+F,2026,3,50.59969104079312,4e63d0b84cd7266982bddd1882a7219cab63faf765b98d22890307b931848381,cd9df2ade1ca21431041edcb14d5f17dd4911475861cec41755502771901127f,0eb4df990f6753bfc9e9029bf76f169c28456414
Climate_h4,0,1125,N+F,2026,4,50.769226307339125,4e63d0b84cd7266982bddd1882a7219cab63faf765b98d22890307b931848381,cd9df2ade1ca21431041edcb14d5f17dd4911475861cec41755502771901127f,0eb4df990f6753bfc9e9029bf76f169c28456414
Climate_h4,0,1126,N+F,2026,1,50.7944376183396,4e63d0b84cd7266982bddd1882a7219cab63faf765b98d22890307b931848381,cd9df2ade1ca21431041edcb14d5f17dd4911475861cec41755502771901127f,0eb4df990f6753bfc9e9029bf76f169c28456414
Climate_h4,0,1126,N+F,2026,2,50.98118485385264,4e63d0b84cd7266982bddd1882a7219cab63faf765b98d22890307b931848381,cd9df2ade1ca21431041edcb14d5f17dd4911475861cec41755502771901127f,0eb4df990f6753bfc9e9029bf76f169c28456414
Climate_h4,0,1126,N+F,2026,3,51.148981476754514,4e63d0b84cd7266982bddd1882a7219cab63faf765b98d22890307b931848381,cd9df2ade1ca21431041edcb14d5f17dd4911475861cec41755502771901127f,0eb4df990f6753bfc9e9029bf76f169c28456414
Climate_h4,0,1126,N+F,2026,4,51.30790043753929,4e63d0b84cd7266982bddd1882a7219cab63faf765b98d22890307b931848381,cd9df2ade1ca21431041edcb14d5f17dd4911475861cec41755502771901127f,0eb4df990f6753bfc9e9029bf76f169c28456414
Climate_h4,0,1127,N+F,2026,1,50.98247879506938,4e63d0b84cd7266982bddd1882a7219cab63faf765b98d22890307b931848381,cd9df2ade1ca21431041edcb14d5f17dd4911475861cec41755502771901127f,0eb4df990f6753bfc9e9029bf76f169c28456414
Climate_h4,0,1127,N+F,2026,2,51.14056423598793,4e63d0b84cd7266982bddd1882a7219cab63faf765b98d22890307b931848381,cd9df2ade1ca21431041edcb14d5f17dd4911475861cec41755502771901127f,0eb4df990f6753bfc9e9029bf76f169c28456414
Climate_h4,0,1127,N+F,2026,3,51.29822161401387,4e63d0b84cd7266982bddd1882a7219cab63faf765b98d22890307b931848381,cd9df2ade1ca21431041edcb14d5f17dd4911475861cec41755502771901127f,0eb4df990f6753bfc9e9029bf76f169c28456414
Climate_h4,0,1127,N+F,2026,4,51.45042496870248,4e63d0b84cd7266982bddd1882a7219cab63faf765b98d22890307b931848381,cd9df2ade1ca21431041edcb14d5f17dd4911475861cec41755502771901127f,0eb4df990f6753bfc9e9029bf76f169c28456414
Climate_h4,0,1128,N+F,2026,1,49.85040090558571,4e63d0b84cd7266982bddd1882a7219cab63faf765b98d22890307b931848381,cd9df2ade1ca21431041edcb14d5f17dd4911475861cec41755502771901127f,0eb4df990f6753bfc9e9029bf76f169c28456414
Climate_h4,0,1128,N+F,2026,2,50.00088675192405,4e63d0b84cd7266982bddd1882a7219cab63faf765b98d22890307b931848381,cd9df2ade1ca21431041edcb14d5f17dd4911475861cec41755502771901127f,0eb4df990f6753bfc9e9029bf76f169c28456414
Climate_h4,0,1128,N+F,2026,3,50.157827117878526,4e63d0b84cd7266982bddd1882a7219cab63faf765b98d22890307b931848381,cd9df2ade1ca21431041edcb14d5f17dd4911475861cec41755502771901127f,0eb4df990f6753bfc9e9029bf76f169c28456414
Climate_h4,0,1128,N+F,2026,4,50.320977858515505,4e63d0b84cd7266982bddd1882a7219cab63faf765b98d22890307b931848381,cd9df2ade1ca21431041edcb14d5f17dd4911475861cec41755502771901127f,0eb4df990f6753bfc9e9029bf76f169c28456414
Climate_h4,0,1129,N+F,2026,1,49.80434278478868,4e63d0b84cd7266982bddd1882a7219cab63faf765b98d22890307b931848381,cd9df2ade1ca21431041edcb14d5f17dd4911475861cec41755502771901127f,0eb4df990f6753bfc9e9029bf76f169c28456414
Climate_h4,0,1129,N+F,2026,2,49.95313529080461,4e63d0b84cd7266982bddd1882a7219cab63faf765b98d22890307b931848381,cd9df2ade1ca21431041edcb14d5f17dd4911475861cec41755502771901127f,0eb4df990f6753bfc9e9029bf76f169c28456414
Climate_h4,0,1129,N+F,2026,3,50.12011728357762,4e63d0b84cd7266982bddd1882a7219cab63faf765b98d22890307b931848381,cd9df2ade1ca21431041edcb14d5f17dd4911475861cec41755502771901127f,0eb4df990f6753bfc9e9029bf76f169c28456414
Climate_h4,0,1129,N+F,2026,4,50.26782244198207,4e63d0b84cd7266982bddd1882a7219cab63faf765b98d22890307b931848381,cd9df2ade1ca21431041edcb14d5f17dd4911475861cec41755502771901127f,0eb4df990f6753bfc9e9029bf76f169c28456414
Climate_h4,0,1130,N+F,2026,1,51.49407351207941,4e63d0b84cd7266982bddd1882a7219cab63faf765b98d22890307b931848381,cd9df2ade1ca21431041edcb14d5f17dd4911475861cec41755502771901127f,0eb4df990f6753bfc9e9029bf76f169c28456414
Climate_h4,0,1130,N+F,2026,2,51.64892201236035,4e63d0b84cd7266982bddd1882a7219cab63faf765b98d22890307b931848381,cd9df2ade1ca21431041edcb14d5f17dd4911475861cec41755502771901127f,0eb4df990f6753bfc9e9029bf76f169c28456414
Climate_h4,0,1130,N+F,2026,3,51.79249374108312,4e63d0b84cd7266982bddd1882a7219cab63faf765b98d22890307b931848381,cd9df2ade1ca21431041edcb14d5f17dd4911475861cec41755502771901127f,0eb4df990f6753bfc9e9029bf76f169c28456414
Climate_h4,0,1130,N+F,2026,4,51.93476809703368,4e63d0b84cd7266982bddd1882a7219cab63faf765b98d22890307b931848381,cd9df2ade1ca21431041edcb14d5f17dd4911475861cec41755502771901127f,0eb4df990f6753bfc9e9029bf76f169c28456414
Climate_h4,0,1131,N+F,2026,1,53.636457316966265,4e63d0b84cd7266982bddd1882a7219cab63faf765b98d22890307b931848381,cd9df2ade1ca21431041edcb14d5f17dd4911475861cec41755502771901127f,0eb4df990f6753bfc9e9029bf76f169c28456414
Climate_h4,0,1131,N+F,2026,2,53.767352655936726,4e63d0b84cd7266982bddd1882a7219cab63faf765b98d22890307b931848381,cd9df2ade1ca21431041edcb14d5f17dd4911475861cec41755502771901127f,0eb4df990f6753bfc9e9029bf76f169c28456414
Climate_h4,0,1131,N+F,2026,3,53.90097010632786,4e63d0b84cd7266982bddd1882a7219cab63faf765b98d22890307b931848381,cd9df2ade1ca21431041edcb14d5f17dd4911475861cec41755502771901127f,0eb4df990f6753bfc9e9029bf76f169c28456414
Climate_h4,0,1131,N+F,2026,4,54.04630802516165,4e63d0b84cd7266982bddd1882a7219cab63faf765b98d22890307b931848381,cd9df2ade1ca21431041edcb14d5f17dd4911475861cec41755502771901127f,0eb4df990f6753bfc9e9029bf76f169c28456414
Climate_h4,0,1132,N+F,2026,1,54.16227857929824,4e63d0b84cd7266982bddd1882a7219cab63faf765b98d22890307b931848381,cd9df2ade1ca21431041edcb14d5f17dd4911475861cec41755502771901127f,0eb4df990f6753bfc9e9029bf76f169c28456414
Climate_h4,0,1132,N+F,2026,2,54.28159875236343,4e63d0b84cd7266982bddd1882a7219cab63faf765b98d22890307b931848381,cd9df2ade1ca21431041edcb14d5f17dd4911475861cec41755502771901127f,0eb4df990f6753bfc9e9029bf76f169c28456414
Climate_h4,0,1132,N+F,2026,3,54.41874537977121,4e63d0b84cd7266982bddd1882a7219cab63faf765b98d22890307b931848381,cd9df2ade1ca21431041edcb14d5f17dd4911475861cec41755502771901127f,0eb4df990f6753bfc9e9029bf76f169c28456414
Climate_h4,0,1132,N+F,2026,4,54.561774605115126,4e63d0b84cd7266982bddd1882a7219cab63faf765b98d22890307b931848381,cd9df2ade1ca21431041edcb14d5f17dd4911475861cec41755502771901127f,0eb4df990f6753bfc9e9029bf76f169c28456414
Climate_h4,0,1133,N+F,2026,1,51.14266845620006,4e63d0b84cd7266982bddd1882a7219cab63faf765b98d22890307b931848381,cd9df2ade1ca21431041edcb14d5f17dd4911475861cec41755502771901127f,0eb4df990f6753bfc9e9029bf76f169c28456414
Climate_h4,0,1133,N+F,2026,2,51.28712708764328,4e63d0b84cd7266982bddd1882a7219cab63faf765b98d22890307b931848381,cd9df2ade1ca21431041edcb14d5f17dd4911475861cec41755502771901127f,0eb4df990f6753bfc9e9029bf76f169c28456414
Climate_h4,0,1133,N+F,2026,3,51.44151361837673,4e63d0b84cd7266982bddd1882a7219cab63faf765b98d22890307b931848381,cd9df2ade1ca21431041edcb14d5f17dd4911475861cec41755502771901127f,0eb4df990f6753bfc9e9029bf76f169c28456414
Climate_h4,0,1133,N+F,2026,4,51.601263060556754,4e63d0b84cd7266982bddd1882a7219cab63faf765b98d22890307b931848381,cd9df2ade1ca21431041edcb14d5f17dd4911475861cec41755502771901127f,0eb4df990f6753bfc9e9029bf76f169c28456414
Climate_h4,0,1134,N+F,2026,1,49.15291370310175,4e63d0b84cd7266982bddd1882a7219cab63faf765b98d22890307b931848381,cd9df2ade1ca21431041edcb14d5f17dd4911475861cec41755502771901127f,0eb4df990f6753bfc9e9029bf76f169c28456414
Climate_h4,0,1134,N+F,2026,2,49.32416627885801,4e63d0b84cd7266982bddd1882a7219cab63faf765b98d22890307b931848381,cd9df2ade1ca21431041edcb14d5f17dd4911475861cec41755502771901127f,0eb4df990f6753bfc9e9029bf76f169c28456414
Climate_h4,0,1134,N+F,2026,3,49.5035662785991,4e63d0b84cd7266982bddd1882a7219cab63faf765b98d22890307b931848381,cd9df2ade1ca21431041edcb14d5f17dd4911475861cec41755502771901127f,0eb4df990f6753bfc9e9029bf76f169c28456414
Climate_h4,0,1134,N+F,2026,4,49.68542931756291,4e63d0b84cd7266982bddd1882a7219cab63faf765b98d22890307b931848381,cd9df2ade1ca21431041edcb14d5f17dd4911475861cec41755502771901127f,0eb4df990f6753bfc9e9029bf76f169c28456414
Climate_h4,0,1135,N+F,2026,1,47.692835008150425,4e63d0b84cd7266982bddd1882a7219cab63faf765b98d22890307b931848381,cd9df2ade1ca21431041edcb14d5f17dd4911475861cec41755502771901127f,0eb4df990f6753bfc9e9029bf76f169c28456414
Climate_h4,0,1135,N+F,2026,2,47.900440313725866,4e63d0b84cd7266982bddd1882a7219cab63faf765b98d22890307b931848381,cd9df2ade1ca21431041edcb14d5f17dd4911475861cec41755502771901127f,0eb4df990f6753bfc9e9029bf76f169c28456414
Climate_h4,0,1135,N+F,2026,3,48.10940691952743,4e63d0b84cd7266982bddd1882a7219cab63faf765b98d22890307b931848381,cd9df2ade1ca21431041edcb14d5f17dd4911475861cec41755502771901127f,0eb4df990f6753bfc9e9029bf76f169c28456414
Climate_h4,0,1135,N+F,2026,4,48.308144768121686,4e63d0b84cd7266982bddd1882a7219cab63faf765b98d22890307b931848381,cd9df2ade1ca21431041edcb14d5f17dd4911475861cec41755502771901127f,0eb4df990f6753bfc9e9029bf76f169c28456414
Climate_h4,0,1136,N+F,2026,1,47.965706788782946,4e63d0b84cd7266982bddd1882a7219cab63faf765b98d22890307b931848381,cd9df2ade1ca21431041edcb14d5f17dd4911475861cec41755502771901127f,0eb4df990f6753bfc9e9029bf76f169c28456414
Climate_h4,0,1136,N+F,2026,2,48.196653220306324,4e63d0b84cd7266982bddd1882a7219cab63faf765b98d22890307b931848381,cd9df2ade1ca21431041edcb14d5f17dd4911475861cec41755502771901127f,0eb4df990f6753bfc9e9029bf76f169c28456414
Climate_h4,0,1136,N+F,2026,3,48.41523122539102,4e63d0b84cd7266982bddd1882a7219cab63faf765b98d22890307b931848381,cd9df2ade1ca21431041edcb14d5f17dd4911475861cec41755502771901127f,0eb4df990f6753bfc9e9029bf76f169c28456414
Climate_h4,0,1136,N+F,2026,4,48.62512972575753,4e63d0b84cd7266982bddd1882a7219cab63faf765b98d22890307b931848381,cd9df2ade1ca21431041edcb14d5f17dd4911475861cec41755502771901127f,0eb4df990f6753bfc9e9029bf76f169c28456414
Climate_h4,0,1137,N+F,2026,1,47.85098240825815,4e63d0b84cd7266982bddd1882a7219cab63faf765b98d22890307b931848381,cd9df2ade1ca21431041edcb14d5f17dd4911475861cec41755502771901127f,0eb4df990f6753bfc9e9029bf76f169c28456414
Climate_h4,0,1137,N+F,2026,2,48.094071338213304,4e63d0b84cd7266982bddd1882a7219cab63faf765b98d22890307b931848381,cd9df2ade1ca21431041edcb14d5f17dd4911475861cec41755502771901127f,0eb4df990f6753bfc9e9029bf76f169c28456414
Climate_h4,0,1137,N+F,2026,3,48.32444487636982,4e63d0b84cd7266982bddd1882a7219cab63faf765b98d22890307b931848381,cd9df2ade1ca21431041edcb14d5f17dd4911475861cec41755502771901127f,0eb4df990f6753bfc9e9029bf76f169c28456414
Climate_h4,0,1137,N+F,2026,4,48.5783181696124,4e63d0b84cd7266982bddd1882a7219cab63faf765b98d22890307b931848381,cd9df2ade1ca21431041edcb14d5f17dd4911475861cec41755502771901127f,0eb4df990f6753bfc9e9029bf76f169c28456414
Climate_h4,0,1138,N+F,2026,1,48.594986997360536,4e63d0b84cd7266982bddd1882a7219cab63faf765b98d22890307b931848381,cd9df2ade1ca21431041edcb14d5f17dd4911475861cec41755502771901127f,0eb4df990f6753bfc9e9029bf76f169c28456414
Climate_h4,0,1138,N+F,2026,2,48.847146295489864,4e63d0b84cd7266982bddd1882a7219cab63faf765b98d22890307b931848381,cd9df2ade1ca21431041edcb14d5f17dd4911475861cec41755502771901127f,0eb4df990f6753bfc9e9029bf76f169c28456414
Climate_h4,0,1138,N+F,2026,3,49.118585392125574,4e63d0b84cd7266982bddd1882a7219cab63faf765b98d22890307b931848381,cd9df2ade1ca21431041edcb14d5f17dd4911475861cec41755502771901127f,0eb4df990f6753bfc9e9029bf76f169c28456414
Climate_h4,0,1138,N+F,2026,4,49.42586766068373,4e63d0b84cd7266982bddd1882a7219cab63faf765b98d22890307b931848381,cd9df2ade1ca21431041edcb14d5f17dd4911475861cec41755502771901127f,0eb4df990f6753bfc9e9029bf76f169c28456414
Climate_h4,0,1139,N+F,2026,1,46.495009369570816,4e63d0b84cd7266982bddd1882a7219cab63faf765b98d22890307b931848381,cd9df2ade1ca21431041edcb14d5f17dd4911475861cec41755502771901127f,0eb4df990f6753bfc9e9029bf76f169c28456414
Climate_h4,0,1139,N+F,2026,2,46.796993180202364,4e63d0b84cd7266982bddd1882a7219cab63faf765b98d22890307b931848381,cd9df2ade1ca21431041edcb14d5f17dd4911475861cec41755502771901127f,0eb4df990f6753bfc9e9029bf76f169c28456414
Climate_h4,0,1139,N+F,2026,3,47.13138877604123,4e63d0b84cd7266982bddd1882a7219cab63faf765b98d22890307b931848381,cd9df2ade1ca21431041edcb14d5f17dd4911475861cec41755502771901127f,0eb4df990f6753bfc9e9029bf76f169c28456414
Climate_h4,0,1139,N+F,2026,4,47.478236097331276,4e63d0b84cd7266982bddd1882a7219cab63faf765b98d22890307b931848381,cd9df2ade1ca21431041edcb14d5f17dd4911475861cec41755502771901127f,0eb4df990f6753bfc9e9029bf76f169c28456414
Climate_h4,0,1140,N+F,2026,1,47.71745842678827,4e63d0b84cd7266982bddd1882a7219cab63faf765b98d22890307b931848381,cd9df2ade1ca21431041edcb14d5f17dd4911475861cec41755502771901127f,0eb4df990f6753bfc9e9029bf76f169c28456414
Climate_h4,0,1140,N+F,2026,2,48.065956752939364,4e63d0b84cd7266982bddd1882a7219cab63faf765b98d22890307b931848381,cd9df2ade1ca21431041edcb14d5f17dd4911475861cec41755502771901127f,0eb4df990f6753bfc9e9029bf76f169c28456414
Climate_h4,0,1140,N+F,2026,3,48.42447101714309,4e63d0b84cd7266982bddd1882a7219cab63faf765b98d22890307b931848381,cd9df2ade1ca21431041edcb14d5f17dd4911475861cec41755502771901127f,0eb4df990f6753bfc9e9029bf76f169c28456414
Climate_h4,0,1140,N+F,2026,4,48.75775194301354,4e63d0b84cd7266982bddd1882a7219cab63faf765b98d22890307b931848381,cd9df2ade1ca21431041edcb14d5f17dd4911475861cec41755502771901127f,0eb4df990f6753bfc9e9029bf76f169c28456414
Climate_h4,0,1141,N+F,2026,1,47.59605380872572,4e63d0b84cd7266982bddd1882a7219cab63faf765b98d22890307b931848381,cd9df2ade1ca21431041edcb14d5f17dd4911475861cec41755502771901127f,0eb4df990f6753bfc9e9029bf76f169c28456414
Climate_h4,0,1141,N+F,2026,2,47.97356840469397,4e63d0b84cd7266982bddd1882a7219cab63faf765b98d22890307b931848381,cd9df2ade1ca21431041edcb14d5f17dd4911475861cec41755502771901127f,0eb4df990f6753bfc9e9029bf76f169c28456414
Climate_h4,0,1141,N+F,2026,3,48.31985244669959,4e63d0b84cd7266982bddd1882a7219cab63faf765b98d22890307b931848381,cd9df2ade1ca21431041edcb14d5f17dd4911475861cec41755502771901127f,0eb4df990f6753bfc9e9029bf76f169c28456414
Climate_h4,0,1141,N+F,2026,4,48.64940682450446,4e63d0b84cd7266982bddd1882a7219cab63faf765b98d22890307b931848381,cd9df2ade1ca21431041edcb14d5f17dd4911475861cec41755502771901127f,0eb4df990f6753bfc9e9029bf76f169c28456414
Climate_h4,0,1142,N+F,2026,1,47.151463740547435,4e63d0b84cd7266982bddd1882a7219cab63faf765b98d22890307b931848381,cd9df2ade1ca21431041edcb14d5f17dd4911475861cec41755502771901127f,0eb4df990f6753bfc9e9029bf76f169c28456414
Climate_h4,0,1142,N+F,2026,2,47.516871603873966,4e63d0b84cd7266982bddd1882a7219cab63faf765b98d22890307b931848381,cd9df2ade1ca21431041edcb14d5f17dd4911475861cec41755502771901127f,0eb4df990f6753bfc9e9029bf76f169c28456414
Climate_h4,0,1142,N+F,2026,3,47.858621755128766,4e63d0b84cd7266982bddd1882a7219cab63faf765b98d22890307b931848381,cd9df2ade1ca21431041edcb14d5f17dd4911475861cec41755502771901127f,0eb4df990f6753bfc9e9029bf76f169c28456414
Climate_h4,0,1142,N+F,2026,4,48.18726016846072,4e63d0b84cd7266982bddd1882a7219cab63faf765b98d22890307b931848381,cd9df2ade1ca21431041edcb14d5f17dd4911475861cec41755502771901127f,0eb4df990f6753bfc9e9029bf76f169c28456414
Climate_h4,0,1143,N+F,2026,1,45.40586966098514,4e63d0b84cd7266982bddd1882a7219cab63faf765b98d22890307b931848381,cd9df2ade1ca21431041edcb14d5f17dd4911475861cec41755502771901127f,0eb4df990f6753bfc9e9029bf76f169c28456414
Climate_h4,0,1143,N+F,2026,2,45.78236828842776,4e63d0b84cd7266982bddd1882a7219cab63faf765b98d22890307b931848381,cd9df2ade1ca21431041edcb14d5f17dd4911475861cec41755502771901127f,0eb4df990f6753bfc9e9029bf76f169c28456414
Climate_h4,0,1143,N+F,2026,3,46.13523692762265,4e63d0b84cd7266982bddd1882a7219cab63faf765b98d22890307b931848381,cd9df2ade1ca21431041edcb14d5f17dd4911475861cec41755502771901127f,0eb4df990f6753bfc9e9029bf76f169c28456414
Climate_h4,0,1143,N+F,2026,4,46.47025795544712,4e63d0b84cd7266982bddd1882a7219cab63faf765b98d22890307b931848381,cd9df2ade1ca21431041edcb14d5f17dd4911475861cec41755502771901127f,0eb4df990f6753bfc9e9029bf76f169c28456414
Climate_h4,0,1144,N+F,2026,1,42.45564019010252,4e63d0b84cd7266982bddd1882a7219cab63faf765b98d22890307b931848381,cd9df2ade1ca21431041edcb14d5f17dd4911475861cec41755502771901127f,0eb4df990f6753bfc9e9029bf76f169c28456414
Climate_h4,0,1144,N+F,2026,2,42.85454097500463,4e63d0b84cd7266982bddd1882a7219cab63faf765b98d22890307b931848381,cd9df2ade1ca21431041edcb14d5f17dd4911475861cec41755502771901127f,0eb4df990f6753bfc9e9029bf76f169c28456414
Climate_h4,0,1144,N+F,2026,3,43.226088761939536,4e63d0b84cd7266982bddd1882a7219cab63faf765b98d22890307b931848381,cd9df2ade1ca21431041edcb14d5f17dd4911475861cec41755502771901127f,0eb4df990f6753bfc9e9029bf76f169c28456414
Climate_h4,0,1144,N+F,2026,4,43.5771700298458,4e63d0b84cd7266982bddd1882a7219cab63faf765b98d22890307b931848381,cd9df2ade1ca21431041edcb14d5f17dd4911475861cec41755502771901127f,0eb4df990f6753bfc9e9029bf76f169c28456414
Climate_h4,0,1145,N+F,2026,1,39.99653315323815,4e63d0b84cd7266982bddd1882a7219cab63faf765b98d22890307b931848381,cd9df2ade1ca21431041edcb14d5f17dd4911475861cec41755502771901127f,0eb4df990f6753bfc9e9029bf76f169c28456414
Climate_h4,0,1145,N+F,2026,2,40.42290568072707,4e63d0b84cd7266982bddd1882a7219cab63faf765b98d22890307b931848381,cd9df2ade1ca21431041edcb14d5f17dd4911475861cec41755502771901127f,0eb4df990f6753bfc9e9029bf76f169c28456414
Climate_h4,0,1145,N+F,2026,3,40.81832435342143,4e63d0b84cd7266982bddd1882a7219cab63faf765b98d22890307b931848381,cd9df2ade1ca21431041edcb14d5f17dd4911475861cec41755502771901127f,0eb4df990f6753bfc9e9029bf76f169c28456414
Climate_h4,0,1145,N+F,2026,4,41.188002143954236,4e63d0b84cd7266982bddd1882a7219cab63faf765b98d22890307b931848381,cd9df2ade1ca21431041edcb14d5f17dd4911475861cec41755502771901127f,0eb4df990f6753bfc9e9029bf76f169c28456414
Climate_h4,0,1146,N+F,2026,1,38.472711008942056,4e63d0b84cd7266982bddd1882a7219cab63faf765b98d22890307b931848381,cd9df2ade1ca21431041edcb14d5f17dd4911475861cec41755502771901127f,0eb4df990f6753bfc9e9029bf76f169c28456414
Climate_h4,0,1146,N+F,2026,2,38.922996115431886,4e63d0b84cd7266982bddd1882a7219cab63faf765b98d22890307b931848381,cd9df2ade1ca21431041edcb14d5f17dd4911475861cec41755502771901127f,0eb4df990f6753bfc9e9029bf76f169c28456414
Climate_h4,0,1146,N+F,2026,3,39.33726101713017,4e63d0b84cd7266982bddd1882a7219cab63faf765b98d22890307b931848381,cd9df2ade1ca21431041edcb14d5f17dd4911475861cec41755502771901127f,0eb4df990f6753bfc9e9029bf76f169c28456414
Climate_h4,0,1146,N+F,2026,4,39.70410148369421,4e63d0b84cd7266982bddd1882a7219cab63faf765b98d22890307b931848381,cd9df2ade1ca21431041edcb14d5f17dd4911475861cec41755502771901127f,0eb4df990f6753bfc9e9029bf76f169c28456414
Climate_h4,0,1147,N+F,2026,1,39.82930993023367,4e63d0b84cd7266982bddd1882a7219cab63faf765b98d22890307b931848381,cd9df2ade1ca21431041edcb14d5f17dd4911475861cec41755502771901127f,0eb4df990f6753bfc9e9029bf76f169c28456414
Climate_h4,0,1147,N+F,2026,2,40.287216960927196,4e63d0b84cd7266982bddd1882a7219cab63faf765b98d22890307b931848381,cd9df2ade1ca21431041edcb14d5f17dd4911475861cec41755502771901127f,0eb4df990f6753bfc9e9029bf76f169c28456414
Climate_h4,0,1147,N+F,2026,3,40.68544393937327,4e63d0b84cd7266982bddd1882a7219cab63faf765b98d22890307b931848381,cd9df2ade1ca21431041edcb14d5f17dd4911475861cec41755502771901127f,0eb4df990f6753bfc9e9029bf76f169c28456414
Climate_h4,0,1147,N+F,2026,4,41.02277528524896,4e63d0b84cd7266982bddd1882a7219cab63faf765b98d22890307b931848381,cd9df2ade1ca21431041edcb14d5f17dd4911475861cec41755502771901127f,0eb4df990f6753bfc9e9029bf76f169c28456414
Climate_h4,0,1148,N+F,2026,1,38.96154574555677,4e63d0b84cd7266982bddd1882a7219cab63faf765b98d22890307b931848381,cd9df2ade1ca21431041edcb14d5f17dd4911475861cec41755502771901127f,0eb4df990f6753bfc9e9029bf76f169c28456414
Climate_h4,0,1148,N+F,2026,2,39.40204230959472,4e63d0b84cd7266982bddd1882a7219cab63faf765b98d22890307b931848381,cd9df2ade1ca21431041edcb14d5f17dd4911475861cec41755502771901127f,0eb4df990f6753bfc9e9029bf76f169c28456414
Climate_h4,0,1148,N+F,2026,3,39.772702013822325,4e63d0b84cd7266982bddd1882a7219cab63faf765b98d22890307b931848381,cd9df2ade1ca21431041edcb14d5f17dd4911475861cec41755502771901127f,0eb4df990f6753bfc9e9029bf76f169c28456414
Climate_h4,0,1148,N+F,2026,4,40.11416608703799,4e63d0b84cd7266982bddd1882a7219cab63faf765b98d22890307b931848381,cd9df2ade1ca21431041edcb14d5f17dd4911475861cec41755502771901127f,0eb4df990f6753bfc9e9029bf76f169c28456414
Climate_h4,0,1149,N+F,2026,1,40.35782806728945,4e63d0b84cd7266982bddd1882a7219cab63faf765b98d22890307b931848381,cd9df2ade1ca21431041edcb14d5f17dd4911475861cec41755502771901127f,0eb4df990f6753bfc9e9029bf76f169c28456414
Climate_h4,0,1149,N+F,2026,2,40.75092517859223,4e63d0b84cd7266982bddd1882a7219cab63faf765b98d22890307b931848381,cd9df2ade1ca21431041edcb14d5f17dd4911475861cec41755502771901127f,0eb4df990f6753bfc9e9029bf76f169c28456414
Climate_h4,0,1149,N+F,2026,3,41.11089171628702,4e63d0b84cd7266982bddd1882a7219cab63faf765b98d22890307b931848381,cd9df2ade1ca21431041edcb14d5f17dd4911475861cec41755502771901127f,0eb4df990f6753bfc9e9029bf76f169c28456414
Climate_h4,0,1149,N+F,2026,4,41.4530634478105,4e63d0b84cd7266982bddd1882a7219cab63faf765b98d22890307b931848381,cd9df2ade1ca21431041edcb14d5f17dd4911475861cec41755502771901127f,0eb4df990f6753bfc9e9029bf76f169c28456414
Climate_h4,0,1150,N+F,2026,1,40.32690196393492,4e63d0b84cd7266982bddd1882a7219cab63faf765b98d22890307b931848381,cd9df2ade1ca21431041edcb14d5f17dd4911475861cec41755502771901127f,0eb4df990f6753bfc9e9029bf76f169c28456414
Climate_h4,0,1150,N+F,2026,2,40.712439194714435,4e63d0b84cd7266982bddd1882a7219cab63faf765b98d22890307b931848381,cd9df2ade1ca21431041edcb14d5f17dd4911475861cec41755502771901127f,0eb4df990f6753bfc9e9029bf76f169c28456414
Climate_h4,0,1150,N+F,2026,3,41.0743167114806,4e63d0b84cd7266982bddd1882a7219cab63faf765b98d22890307b931848381,cd9df2ade1ca21431041edcb14d5f17dd4911475861cec41755502771901127f,0eb4df990f6753bfc9e9029bf76f169c28456414
Climate_h4,0,1150,N+F,2026,4,41.406861627739666,4e63d0b84cd7266982bddd1882a7219cab63faf765b98d22890307b931848381,cd9df2ade1ca21431041edcb14d5f17dd4911475861cec41755502771901127f,0eb4df990f6753bfc9e9029bf76f169c28456414
Climate_h4,0,1151,N+F,2026,1,41.052309065574995,4e63d0b84cd7266982bddd1882a7219cab63faf765b98d22890307b931848381,cd9df2ade1ca21431041edcb14d5f17dd4911475861cec41755502771901127f,0eb4df990f6753bfc9e9029bf76f169c28456414
Climate_h4,0,1151,N+F,2026,2,41.43698669620049,4e63d0b84cd7266982bddd1882a7219cab63faf765b98d22890307b931848381,cd9df2ade1ca21431041edcb14d5f17dd4911475861cec41755502771901127f,0eb4df990f6753bfc9e9029bf76f169c28456414
Climate_h4,0,1151,N+F,2026,3,41.786974976889226,4e63d0b84cd7266982bddd1882a7219cab63faf765b98d22890307b931848381,cd9df2ade1ca21431041edcb14d5f17dd4911475861cec41755502771901127f,0eb4df990f6753bfc9e9029bf76f169c28456414
Climate_h4,0,1151,N+F,2026,4,42.085819209145676,4e63d0b84cd7266982bddd1882a7219cab63faf765b98d22890307b931848381,cd9df2ade1ca21431041edcb14d5f17dd4911475861cec41755502771901127f,0eb4df990f6753bfc9e9029bf76f169c28456414
Climate_h4,0,1152,N+F,2026,1,40.99506187905888,4e63d0b84cd7266982bddd1882a7219cab63faf765b98d22890307b931848381,cd9df2ade1ca21431041edcb14d5f17dd4911475861cec41755502771901127f,0eb4df990f6753bfc9e9029bf76f169c28456414
Climate_h4,0,1152,N+F,2026,2,41.36598842857289,4e63d0b84cd7266982bddd1882a7219cab63faf765b98d22890307b931848381,cd9df2ade1ca21431041edcb14d5f17dd4911475861cec41755502771901127f,0eb4df990f6753bfc9e9029bf76f169c28456414
Climate_h4,0,1152,N+F,2026,3,41.68267402583032,4e63d0b84cd7266982bddd1882a7219cab63faf765b98d22890307b931848381,cd9df2ade1ca21431041edcb14d5f17dd4911475861cec41755502771901127f,0eb4df990f6753bfc9e9029bf76f169c28456414
Climate_h4,0,1152,N+F,2026,4,41.9515547348891,4e63d0b84cd7266982bddd1882a7219cab63faf765b98d22890307b931848381,cd9df2ade1ca21431041edcb14d5f17dd4911475861cec41755502771901127f,0eb4df990f6753bfc9e9029bf76f169c28456414
Climate_h4,0,1153,N+F,2026,1,39.80020880364314,4e63d0b84cd7266982bddd1882a7219cab63faf765b98d22890307b931848381,cd9df2ade1ca21431041edcb14d5f17dd4911475861cec41755502771901127f,0eb4df990f6753bfc9e9029bf76f169c28456414
Climate_h4,0,1153,N+F,2026,2,40.14716606305321,4e63d0b84cd7266982bddd1882a7219cab63faf765b98d22890307b931848381,cd9df2ade1ca21431041edcb14d5f17dd4911475861cec41755502771901127f,0eb4df990f6753bfc9e9029bf76f169c28456414
Climate_h4,0,1153,N+F,2026,3,40.44307930637004,4e63d0b84cd7266982bddd1882a7219cab63faf765b98d22890307b931848381,cd9df2ade1ca21431041edcb14d5f17dd4911475861cec41755502771901127f,0eb4df990f6753bfc9e9029bf76f169c28456414
Climate_h4,0,1153,N+F,2026,4,40.68106574623328,4e63d0b84cd7266982bddd1882a7219cab63faf765b98d22890307b931848381,cd9df2ade1ca21431041edcb14d5f17dd4911475861cec41755502771901127f,0eb4df990f6753bfc9e9029bf76f169c28456414
Climate_h4,0,1154,N+F,2026,1,40.705471640864126,4e63d0b84cd7266982bddd1882a7219cab63faf765b98d22890307b931848381,cd9df2ade1ca21431041edcb14d5f17dd4911475861cec41755502771901127f,0eb4df990f6753bfc9e9029bf76f169c28456414
Climate_h4,0,1154,N+F,2026,2,41.02461145560043,4e63d0b84cd7266982bddd1882a7219cab63faf765b98d22890307b931848381,cd9df2ade1ca21431041edcb14d5f17dd4911475861cec41755502771901127f,0eb4df990f6753bfc9e9029bf76f169c28456414
Climate_h4,0,1154,N+F,2026,3,41.28521444305417,4e63d0b84cd7266982bddd1882a7219cab63faf765b98d22890307b931848381,cd9df2ade1ca21431041edcb14d5f17dd4911475861cec41755502771901127f,0eb4df990f6753bfc9e9029bf76f169c28456414
Climate_h4,0,1154,N+F,2026,4,41.466802218722655,4e63d0b84cd7266982bddd1882a7219cab63faf765b98d22890307b931848381,cd9df2ade1ca21431041edcb14d5f17dd4911475861cec41755502771901127f,0eb4df990f6753bfc9e9029bf76f169c28456414
Climate_h4,0,1155,N+F,2026,1,39.51508242357029,4e63d0b84cd7266982bddd1882a7219cab63faf765b98d22890307b931848381,cd9df2ade1ca21431041edcb14d5f17dd4911475861cec41755502771901127f,0eb4df990f6753bfc9e9029bf76f169c28456414
Climate_h4,0,1155,N+F,2026,2,39.80297942249468,4e63d0b84cd7266982bddd1882a7219cab63faf765b98d22890307b931848381,cd9df2ade1ca21431041edcb14d5f17dd4911475861cec41755502771901127f,0eb4df990f6753bfc9e9029bf76f169c28456414
Climate_h4,0,1155,N+F,2026,3,40.01549182080231,4e63d0b84cd7266982bddd1882a7219cab63faf765b98d22890307b931848381,cd9df2ade1ca21431041edcb14d5f17dd4911475861cec41755502771901127f,0eb4df990f6753bfc9e9029bf76f169c28456414
Climate_h4,0,1155,N+F,2026,4,40.16886782592528,4e63d0b84cd7266982bddd1882a7219cab63faf765b98d22890307b931848381,cd9df2ade1ca21431041edcb14d5f17dd4911475861cec41755502771901127f,0eb4df990f6753bfc9e9029bf76f169c28456414
Climate_h4,0,1156,N+F,2026,1,38.819791782888196,4e63d0b84cd7266982bddd1882a7219cab63faf765b98d22890307b931848381,cd9df2ade1ca21431041edcb14d5f17dd4911475861cec41755502771901127f,0eb4df990f6753bfc9e9029bf76f169c28456414
Climate_h4,0,1156,N+F,2026,2,39.05755305937386,4e63d0b84cd7266982bddd1882a7219cab63faf765b98d22890307b931848381,cd9df2ade1ca21431041edcb14d5f17dd4911475861cec41755502771901127f,0eb4df990f6753bfc9e9029bf76f169c28456414
Climate_h4,0,1156,N+F,2026,3,39.24405162844688,4e63d0b84cd7266982bddd1882a7219cab63faf765b98d22890307b931848381,cd9df2ade1ca21431041edcb14d5f17dd4911475861cec41755502771901127f,0eb4df990f6753bfc9e9029bf76f169c28456414
Climate_h4,0,1156,N+F,2026,4,39.364238778586966,4e63d0b84cd7266982bddd1882a7219cab63faf765b98d22890307b931848381,cd9df2ade1ca21431041edcb14d5f17dd4911475861cec41755502771901127f,0eb4df990f6753bfc9e9029bf76f169c28456414
Climate_h4,0,1157,N+F,2026,1,38.63683853339189,4e63d0b84cd7266982bddd1882a7219cab63faf765b98d22890307b931848381,cd9df2ade1ca21431041edcb14d5f17dd4911475861cec41755502771901127f,0eb4df990f6753bfc9e9029bf76f169c28456414
Climate_h4,0,1157,N+F,2026,2,38.84457817372323,4e63d0b84cd7266982bddd1882a7219cab63faf765b98d22890307b931848381,cd9df2ade1ca21431041edcb14d5f17dd4911475861cec41755502771901127f,0eb4df990f6753bfc9e9029bf76f169c28456414
Climate_h4,0,1157,N+F,2026,3,38.995112817821486,4e63d0b84cd7266982bddd1882a7219cab63faf765b98d22890307b931848381,cd9df2ade1ca21431041edcb14d5f17dd4911475861cec41755502771901127f,0eb4df990f6753bfc9e9029bf76f169c28456414
Climate_h4,0,1157,N+F,2026,4,39.09700121101008,4e63d0b84cd7266982bddd1882a7219cab63faf765b98d22890307b931848381,cd9df2ade1ca21431041edcb14d5f17dd4911475861cec41755502771901127f,0eb4df990f6753bfc9e9029bf76f169c28456414
Climate_h4,0,1158,N+F,2026,1,37.27924485730873,4e63d0b84cd7266982bddd1882a7219cab63faf765b98d22890307b931848381,cd9df2ade1ca21431041edcb14d5f17dd4911475861cec41755502771901127f,0eb4df990f6753bfc9e9029bf76f169c28456414
Climate_h4,0,1158,N+F,2026,2,37.46739591407655,4e63d0b84cd7266982bddd1882a7219cab63faf765b98d22890307b931848381,cd9df2ade1ca21431041edcb14d5f17dd4911475861cec41755502771901127f,0eb4df990f6753bfc9e9029bf76f169c28456414
Climate_h4,0,1158,N+F,2026,3,37.60963093781606,4e63d0b84cd7266982bddd1882a7219cab63faf765b98d22890307b931848381,cd9df2ade1ca21431041edcb14d5f17dd4911475861cec41755502771901127f,0eb4df990f6753bfc9e9029bf76f169c28456414
Climate_h4,0,1158,N+F,2026,4,37.7123964628329,4e63d0b84cd7266982bddd1882a7219cab63faf765b98d22890307b931848381,cd9df2ade1ca21431041edcb14d5f17dd4911475861cec41755502771901127f,0eb4df990f6753bfc9e9029bf76f169c28456414
Climate_h4,0,1159,N+F,2026,1,37.970307746489276,4e63d0b84cd7266982bddd1882a7219cab63faf765b98d22890307b931848381,cd9df2ade1ca21431041edcb14d5f17dd4911475861cec41755502771901127f,0eb4df990f6753bfc9e9029bf76f169c28456414
Climate_h4,0,1159,N+F,2026,2,38.14281689739483,4e63d0b84cd7266982bddd1882a7219cab63faf765b98d22890307b931848381,cd9df2ade1ca21431041edcb14d5f17dd4911475861cec41755502771901127f,0eb4df990f6753bfc9e9029bf76f169c28456414
Climate_h4,0,1159,N+F,2026,3,38.27903342875456,4e63d0b84cd7266982bddd1882a7219cab63faf765b98d22890307b931848381,cd9df2ade1ca21431041edcb14d5f17dd4911475861cec41755502771901127f,0eb4df990f6753bfc9e9029bf76f169c28456414
Climate_h4,0,1159,N+F,2026,4,38.39456580798753,4e63d0b84cd7266982bddd1882a7219cab63faf765b98d22890307b931848381,cd9df2ade1ca21431041edcb14d5f17dd4911475861cec41755502771901127f,0eb4df990f6753bfc9e9029bf76f169c28456414
Climate_h4,0,1160,N+F,2026,1,39.93498650243653,4e63d0b84cd7266982bddd1882a7219cab63faf765b98d22890307b931848381,cd9df2ade1ca21431041edcb14d5f17dd4911475861cec41755502771901127f,0eb4df990f6753bfc9e9029bf76f169c28456414
Climate_h4,0,1160,N+F,2026,2,40.08722889299451,4e63d0b84cd7266982bddd1882a7219cab63faf765b98d22890307b931848381,cd9df2ade1ca21431041edcb14d5f17dd4911475861cec41755502771901127f,0eb4df990f6753bfc9e9029bf76f169c28456414
Climate_h4,0,1160,N+F,2026,3,40.22310414172073,4e63d0b84cd7266982bddd1882a7219cab63faf765b98d22890307b931848381,cd9df2ade1ca21431041edcb14d5f17dd4911475861cec41755502771901127f,0eb4df990f6753bfc9e9029bf76f169c28456414
Climate_h4,0,1160,N+F,2026,4,40.33953669342337,4e63d0b84cd7266982bddd1882a7219cab63faf765b98d22890307b931848381,cd9df2ade1ca21431041edcb14d5f17dd4911475861cec41755502771901127f,0eb4df990f6753bfc9e9029bf76f169c28456414
Climate_h4,0,1161,N+F,2026,1,41.87736372184111,4e63d0b84cd7266982bddd1882a7219cab63faf765b98d22890307b931848381,cd9df2ade1ca21431041edcb14d5f17dd4911475861cec41755502771901127f,0eb4df990f6753bfc9e9029bf76f169c28456414
Climate_h4,0,1161,N+F,2026,2,42.01881447246385,4e63d0b84cd7266982bddd1882a7219cab63faf765b98d22890307b931848381,cd9df2ade1ca21431041edcb14d5f17dd4911475861cec41755502771901127f,0eb4df990f6753bfc9e9029bf76f169c28456414
Climate_h4,0,1161,N+F,2026,3,42.14723149904673,4e63d0b84cd7266982bddd1882a7219cab63faf765b98d22890307b931848381,cd9df2ade1ca21431041edcb14d5f17dd4911475861cec41755502771901127f,0eb4df990f6753bfc9e9029bf76f169c28456414
Climate_h4,0,1161,N+F,2026,4,42.26291466033274,4e63d0b84cd7266982bddd1882a7219cab63faf765b98d22890307b931848381,cd9df2ade1ca21431041edcb14d5f17dd4911475861cec41755502771901127f,0eb4df990f6753bfc9e9029bf76f169c28456414
Climate_h4,0,1162,N+F,2026,1,42.08984174871493,4e63d0b84cd7266982bddd1882a7219cab63faf765b98d22890307b931848381,cd9df2ade1ca21431041edcb14d5f17dd4911475861cec41755502771901127f,0eb4df990f6753bfc9e9029bf76f169c28456414
Climate_h4,0,1162,N+F,2026,2,42.22707442450164,4e63d0b84cd7266982bddd1882a7219cab63faf765b98d22890307b931848381,cd9df2ade1ca21431041edcb14d5f17dd4911475861cec41755502771901127f,0eb4df990f6753bfc9e9029bf76f169c28456414
Climate_h4,0,1162,N+F,2026,3,42.3585900041678,4e63d0b84cd7266982bddd1882a7219cab63faf765b98d22890307b931848381,cd9df2ade1ca21431041edcb14d5f17dd4911475861cec41755502771901127f,0eb4df990f6753bfc9e9029bf76f169c28456414
Climate_h4,0,1162,N+F,2026,4,42.473837069171125,4e63d0b84cd7266982bddd1882a7219cab63faf765b98d22890307b931848381,cd9df2ade1ca21431041edcb14d5f17dd4911475861cec41755502771901127f,0eb4df990f6753bfc9e9029bf76f169c28456414
Climate_h4,0,1163,N+F,2026,1,43.63374712354508,4e63d0b84cd7266982bddd1882a7219cab63faf765b98d22890307b931848381,cd9df2ade1ca21431041edcb14d5f17dd4911475861cec41755502771901127f,0eb4df990f6753bfc9e9029bf76f169c28456414
Climate_h4,0,1163,N+F,2026,2,43.761156379082145,4e63d0b84cd7266982bddd1882a7219cab63faf765b98d22890307b931848381,cd9df2ade1ca21431041edcb14d5f17dd4911475861cec41755502771901127f,0eb4df990f6753bfc9e9029bf76f169c28456414
Climate_h4,0,1163,N+F,2026,3,43.880504140791096,4e63d0b84cd7266982bddd1882a7219cab63faf765b98d22890307b931848381,cd9df2ade1ca21431041edcb14d5f17dd4911475861cec41755502771901127f,0eb4df990f6753bfc9e9029bf76f169c28456414
Climate_h4,0,1163,N+F,2026,4,43.9713337502139,4e63d0b84cd7266982bddd1882a7219cab63faf765b98d22890307b931848381,cd9df2ade1ca21431041edcb14d5f17dd4911475861cec41755502771901127f,0eb4df990f6753bfc9e9029bf76f169c28456414
Climate_h4,0,1164,N+F,2026,1,44.99444550029429,4e63d0b84cd7266982bddd1882a7219cab63faf765b98d22890307b931848381,cd9df2ade1ca21431041edcb14d5f17dd4911475861cec41755502771901127f,0eb4df990f6753bfc9e9029bf76f169c28456414
Climate_h4,0,1164,N+F,2026,2,45.10862919018719,4e63d0b84cd7266982bddd1882a7219cab63faf765b98d22890307b931848381,cd9df2ade1ca21431041edcb14d5f17dd4911475861cec41755502771901127f,0eb4df990f6753bfc9e9029bf76f169c28456414
Climate_h4,0,1164,N+F,2026,3,45.19959600679154,4e63d0b84cd7266982bddd1882a7219cab63faf765b98d22890307b931848381,cd9df2ade1ca21431041edcb14d5f17dd4911475861cec41755502771901127f,0eb4df990f6753bfc9e9029bf76f169c28456414
Climate_h4,0,1164,N+F,2026,4,45.27033801908619,4e63d0b84cd7266982bddd1882a7219cab63faf765b98d22890307b931848381,cd9df2ade1ca21431041edcb14d5f17dd4911475861cec41755502771901127f,0eb4df990f6753bfc9e9029bf76f169c28456414
Climate_h4,0,1165,N+F,2026,1,45.94082194659637,4e63d0b84cd7266982bddd1882a7219cab63faf765b98d22890307b931848381,cd9df2ade1ca21431041edcb14d5f17dd4911475861cec41755502771901127f,0eb4df990f6753bfc9e9029bf76f169c28456414
Climate_h4,0,1165,N+F,2026,2,46.0360424259732,4e63d0b84cd7266982bddd1882a7219cab63faf765b98d22890307b931848381,cd9df2ade1ca21431041edcb14d5f17dd4911475861cec41755502771901127f,0eb4df990f6753bfc9e9029bf76f169c28456414
Climate_h4,0,1165,N+F,2026,3,46.1135025841553,4e63d0b84cd7266982bddd1882a7219cab63faf765b98d22890307b931848381,cd9df2ade1ca21431041edcb14d5f17dd4911475861cec41755502771901127f,0eb4df990f6753bfc9e9029bf76f169c28456414
Climate_h4,0,1165,N+F,2026,4,46.16640286335877,4e63d0b84cd7266982bddd1882a7219cab63faf765b98d22890307b931848381,cd9df2ade1ca21431041edcb14d5f17dd4911475861cec41755502771901127f,0eb4df990f6753bfc9e9029bf76f169c28456414
Climate_h4,0,1166,N+F,2026,1,46.08392856433589,4e63d0b84cd7266982bddd1882a7219cab63faf765b98d22890307b931848381,cd9df2ade1ca21431041edcb14d5f17dd4911475861cec41755502771901127f,0eb4df990f6753bfc9e9029bf76f169c28456414
Climate_h4,0,1166,N+F,2026,2,46.16576018251426,4e63d0b84cd7266982bddd1882a7219cab63faf765b98d22890307b931848381,cd9df2ade1ca21431041edcb14d5f17dd4911475861cec41755502771901127f,0eb4df990f6753bfc9e9029bf76f169c28456414
Climate_h4,0,1166,N+F,2026,3,46.23160405893349,4e63d0b84cd7266982bddd1882a7219cab63faf765b98d22890307b931848381,cd9df2ade1ca21431041edcb14d5f17dd4911475861cec41755502771901127f,0eb4df990f6753bfc9e9029bf76f169c28456414
Climate_h4,0,1166,N+F,2026,4,46.282125080137924,4e63d0b84cd7266982bddd1882a7219cab63faf765b98d22890307b931848381,cd9df2ade1ca21431041edcb14d5f17dd4911475861cec41755502771901127f,0eb4df990f6753bfc9e9029bf76f169c28456414
Climate_h4,0,1167,N+F,2026,1,48.30574740385667,4e63d0b84cd7266982bddd1882a7219cab63faf765b98d22890307b931848381,cd9df2ade1ca21431041edcb14d5f17dd4911475861cec41755502771901127f,0eb4df990f6753bfc9e9029bf76f169c28456414
Climate_h4,0,1167,N+F,2026,2,48.35839797884144,4e63d0b84cd7266982bddd1882a7219cab63faf765b98d22890307b931848381,cd9df2ade1ca21431041edcb14d5f17dd4911475861cec41755502771901127f,0eb4df990f6753bfc9e9029bf76f169c28456414
Climate_h4,0,1167,N+F,2026,3,48.41052768671547,4e63d0b84cd7266982bddd1882a7219cab63faf765b98d22890307b931848381,cd9df2ade1ca21431041edcb14d5f17dd4911475861cec41755502771901127f,0eb4df990f6753bfc9e9029bf76f169c28456414
Climate_h4,0,1167,N+F,2026,4,48.436341213894096,4e63d0b84cd7266982bddd1882a7219cab63faf765b98d22890307b931848381,cd9df2ade1ca21431041edcb14d5f17dd4911475861cec41755502771901127f,0eb4df990f6753bfc9e9029bf76f169c28456414
Climate_h4,0,1168,N+F,2026,1,46.654878812242345,4e63d0b84cd7266982bddd1882a7219cab63faf765b98d22890307b931848381,cd9df2ade1ca21431041edcb14d5f17dd4911475861cec41755502771901127f,0eb4df990f6753bfc9e9029bf76f169c28456414
Climate_h4,0,1168,N+F,2026,2,46.70457082592135,4e63d0b84cd7266982bddd1882a7219cab63faf765b98d22890307b931848381,cd9df2ade1ca21431041edcb14d5f17dd4911475861cec41755502771901127f,0eb4df990f6753bfc9e9029bf76f169c28456414
Climate_h4,0,1168,N+F,2026,3,46.74436733657675,4e63d0b84cd7266982bddd1882a7219cab63faf765b98d22890307b931848381,cd9df2ade1ca21431041edcb14d5f17dd4911475861cec41755502771901127f,0eb4df990f6753bfc9e9029bf76f169c28456414
Climate_h4,0,1168,N+F,2026,4,46.77413583306701,4e63d0b84cd7266982bddd1882a7219cab63faf765b98d22890307b931848381,cd9df2ade1ca21431041edcb14d5f17dd4911475861cec41755502771901127f,0eb4df990f6753bfc9e9029bf76f169c28456414
Climate_h4,0,1169,N+F,2026,1,46.70187198995443,4e63d0b84cd7266982bddd1882a7219cab63faf765b98d22890307b931848381,cd9df2ade1ca21431041edcb14d5f17dd4911475861cec41755502771901127f,0eb4df990f6753bfc9e9029bf76f169c28456414
Climate_h4,0,1169,N+F,2026,2,46.74438938989361,4e63d0b84cd7266982bddd1882a7219cab63faf765b98d22890307b931848381,cd9df2ade1ca21431041edcb14d5f17dd4911475861cec41755502771901127f,0eb4df990f6753bfc9e9029bf76f169c28456414
Climate_h4,0,1169,N+F,2026,3,46.79162788559055,4e63d0b84cd7266982bddd1882a7219cab63faf765b98d22890307b931848381,cd9df2ade1ca21431041edcb14d5f17dd4911475861cec41755502771901127f,0eb4df990f6753bfc9e9029bf76f169c28456414
Climate_h4,0,1169,N+F,2026,4,46.83781221402947,4e63d0b84cd7266982bddd1882a7219cab63faf765b98d22890307b931848381,cd9df2ade1ca21431041edcb14d5f17dd4911475861cec41755502771901127f,0eb4df990f6753bfc9e9029bf76f169c28456414
Climate_h4,0,1170,N+F,2026,1,48.49910393063966,4e63d0b84cd7266982bddd1882a7219cab63faf765b98d22890307b931848381,cd9df2ade1ca21431041edcb14d5f17dd4911475861cec41755502771901127f,0eb4df990f6753bfc9e9029bf76f169c28456414
Climate_h4,0,1170,N+F,2026,2,48.53514928881805,4e63d0b84cd7266982bddd1882a7219cab63faf765b98d22890307b931848381,cd9df2ade1ca21431041edcb14d5f17dd4911475861cec41755502771901127f,0eb4df990f6753bfc9e9029bf76f169c28456414
Climate_h4,0,1170,N+F,2026,3,48.5866132863149,4e63d0b84cd7266982bddd1882a7219cab63faf765b98d22890307b931848381,cd9df2ade1ca21431041edcb14d5f17dd4911475861cec41755502771901127f,0eb4df990f6753bfc9e9029bf76f169c28456414
Climate_h4,0,1170,N+F,2026,4,48.65703972848301,4e63d0b84cd7266982bddd1882a7219cab63faf765b98d22890307b931848381,cd9df2ade1ca21431041edcb14d5f17dd4911475861cec41755502771901127f,0eb4df990f6753bfc9e9029bf76f169c28456414
Climate_h4,0,1171,N+F,2026,1,45.162701165170006,4e63d0b84cd7266982bddd1882a7219cab63faf765b98d22890307b931848381,cd9df2ade1ca21431041edcb14d5f17dd4911475861cec41755502771901127f,0eb4df990f6753bfc9e9029bf76f169c28456414
Climate_h4,0,1171,N+F,2026,2,45.22527348932788,4e63d0b84cd7266982bddd1882a7219cab63faf765b98d22890307b931848381,cd9df2ade1ca21431041edcb14d5f17dd4911475861cec41755502771901127f,0eb4df990f6753bfc9e9029bf76f169c28456414
Climate_h4,0,1171,N+F,2026,3,45.32278963962344,4e63d0b84cd7266982bddd1882a7219cab63faf765b98d22890307b931848381,cd9df2ade1ca21431041edcb14d5f17dd4911475861cec41755502771901127f,0eb4df990f6753bfc9e9029bf76f169c28456414
Climate_h4,0,1171,N+F,2026,4,45.45467524496419,4e63d0b84cd7266982bddd1882a7219cab63faf765b98d22890307b931848381,cd9df2ade1ca21431041edcb14d5f17dd4911475861cec41755502771901127f,0eb4df990f6753bfc9e9029bf76f169c28456414
Climate_h4,0,1172,N+F,2026,1,44.88793215894145,4e63d0b84cd7266982bddd1882a7219cab63faf765b98d22890307b931848381,cd9df2ade1ca21431041edcb14d5f17dd4911475861cec41755502771901127f,0eb4df990f6753bfc9e9029bf76f169c28456414
Climate_h4,0,1172,N+F,2026,2,44.996443318760505,4e63d0b84cd7266982bddd1882a7219cab63faf765b98d22890307b931848381,cd9df2ade1ca21431041edcb14d5f17dd4911475861cec41755502771901127f,0eb4df990f6753bfc9e9029bf76f169c28456414
Climate_h4,0,1172,N+F,2026,3,45.15158388237521,4e63d0b84cd7266982bddd1882a7219cab63faf765b98d22890307b931848381,cd9df2ade1ca21431041edcb14d5f17dd4911475861cec41755502771901127f,0eb4df990f6753bfc9e9029bf76f169c28456414
Climate_h4,0,1172,N+F,2026,4,45.3485498056365,4e63d0b84cd7266982bddd1882a7219cab63faf765b98d22890307b931848381,cd9df2ade1ca21431041edcb14d5f17dd4911475861cec41755502771901127f,0eb4df990f6753bfc9e9029bf76f169c28456414
Climate_h4,0,1173,N+F,2026,1,40.30278202846246,4e63d0b84cd7266982bddd1882a7219cab63faf765b98d22890307b931848381,cd9df2ade1ca21431041edcb14d5f17dd4911475861cec41755502771901127f,0eb4df990f6753bfc9e9029bf76f169c28456414
Climate_h4,0,1173,N+F,2026,2,40.48687531263238,4e63d0b84cd7266982bddd1882a7219cab63faf765b98d22890307b931848381,cd9df2ade1ca21431041edcb14d5f17dd4911475861cec41755502771901127f,0eb4df990f6753bfc9e9029bf76f169c28456414
Climate_h4,0,1173,N+F,2026,3,40.72622990301547,4e63d0b84cd7266982bddd1882a7219cab63faf765b98d22890307b931848381,cd9df2ade1ca21431041edcb14d5f17dd4911475861cec41755502771901127f,0eb4df990f6753bfc9e9029bf76f169c28456414
Climate_h4,0,1173,N+F,2026,4,40.99903022253422,4e63d0b84cd7266982bddd1882a7219cab63faf765b98d22890307b931848381,cd9df2ade1ca21431041edcb14d5f17dd4911475861cec41755502771901127f,0eb4df990f6753bfc9e9029bf76f169c28456414
Climate_h4,0,1174,N+F,2026,1,35.16198939020743,4e63d0b84cd7266982bddd1882a7219cab63faf765b98d22890307b931848381,cd9df2ade1ca21431041edcb14d5f17dd4911475861cec41755502771901127f,0eb4df990f6753bfc9e9029bf76f169c28456414
Climate_h4,0,1174,N+F,2026,2,35.44855506373375,4e63d0b84cd7266982bddd1882a7219cab63faf765b98d22890307b931848381,cd9df2ade1ca21431041edcb14d5f17dd4911475861cec41755502771901127f,0eb4df990f6753bfc9e9029bf76f169c28456414
Climate_h4,0,1174,N+F,2026,3,35.777514167216175,4e63d0b84cd7266982bddd1882a7219cab63faf765b98d22890307b931848381,cd9df2ade1ca21431041edcb14d5f17dd4911475861cec41755502771901127f,0eb4df990f6753bfc9e9029bf76f169c28456414
Climate_h4,0,1174,N+F,2026,4,36.12884014339699,4e63d0b84cd7266982bddd1882a7219cab63faf765b98d22890307b931848381,cd9df2ade1ca21431041edcb14d5f17dd4911475861cec41755502771901127f,0eb4df990f6753bfc9e9029bf76f169c28456414
Climate_h4,0,1175,N+F,2026,1,34.20959712550634,4e63d0b84cd7266982bddd1882a7219cab63faf765b98d22890307b931848381,cd9df2ade1ca21431041edcb14d5f17dd4911475861cec41755502771901127f,0eb4df990f6753bfc9e9029bf76f169c28456414
Climate_h4,0,1175,N+F,2026,2,34.589201426499926,4e63d0b84cd7266982bddd1882a7219cab63faf765b98d22890307b931848381,cd9df2ade1ca21431041edcb14d5f17dd4911475861cec41755502771901127f,0eb4df990f6753bfc9e9029bf76f169c28456414
Climate_h4,0,1175,N+F,2026,3,34.98538531369697,4e63d0b84cd7266982bddd1882a7219cab63faf765b98d22890307b931848381,cd9df2ade1ca21431041edcb14d5f17dd4911475861cec41755502771901127f,0eb4df990f6753bfc9e9029bf76f169c28456414
Climate_h4,0,1175,N+F,2026,4,35.4091965302088,4e63d0b84cd7266982bddd1882a7219cab63faf765b98d22890307b931848381,cd9df2ade1ca21431041edcb14d5f17dd4911475861cec41755502771901127f,0eb4df990f6753bfc9e9029bf76f169c28456414
Climate_h4,0,1176,N+F,2026,1,35.7181701037666,4e63d0b84cd7266982bddd1882a7219cab63faf765b98d22890307b931848381,cd9df2ade1ca21431041edcb14d5f17dd4911475861cec41755502771901127f,0eb4df990f6753bfc9e9029bf76f169c28456414
Climate_h4,0,1176,N+F,2026,2,36.14931609775638,4e63d0b84cd7266982bddd1882a7219cab63faf765b98d22890307b931848381,cd9df2ade1ca21431041edcb14d5f17dd4911475861cec41755502771901127f,0eb4df990f6753bfc9e9029bf76f169c28456414
Climate_h4,0,1176,N+F,2026,3,36.601092823039345,4e63d0b84cd7266982bddd1882a7219cab63faf765b98d22890307b931848381,cd9df2ade1ca21431041edcb14d5f17dd4911475861cec41755502771901127f,0eb4df990f6753bfc9e9029bf76f169c28456414
Climate_h4,0,1176,N+F,2026,4,37.07851644348269,4e63d0b84cd7266982bddd1882a7219cab63faf765b98d22890307b931848381,cd9df2ade1ca21431041edcb14d5f17dd4911475861cec41755502771901127f,0eb4df990f6753bfc9e9029bf76f169c28456414
Climate_h4,0,1177,N+F,2026,1,37.13241265930352,4e63d0b84cd7266982bddd1882a7219cab63faf765b98d22890307b931848381,cd9df2ade1ca21431041edcb14d5f17dd4911475861cec41755502771901127f,0eb4df990f6753bfc9e9029bf76f169c28456414
Climate_h4,0,1177,N+F,2026,2,37.61292675745769,4e63d0b84cd7266982bddd1882a7219cab63faf765b98d22890307b931848381,cd9df2ade1ca21431041edcb14d5f17dd4911475861cec41755502771901127f,0eb4df990f6753bfc9e9029bf76f169c28456414
Climate_h4,0,1177,N+F,2026,3,38.112855198601295,4e63d0b84cd7266982bddd1882a7219cab63faf765b98d22890307b931848381,cd9df2ade1ca21431041edcb14d5f17dd4911475861cec41755502771901127f,0eb4df990f6753bfc9e9029bf76f169c28456414
Climate_h4,0,1177,N+F,2026,4,38.64908652148686,4e63d0b84cd7266982bddd1882a7219cab63faf765b98d22890307b931848381,cd9df2ade1ca21431041edcb14d5f17dd4911475861cec41755502771901127f,0eb4df990f6753bfc9e9029bf76f169c28456414
Climate_h4,0,1178,N+F,2026,1,40.09596814808187,4e63d0b84cd7266982bddd1882a7219cab63faf765b98d22890307b931848381,cd9df2ade1ca21431041edcb14d5f17dd4911475861cec41755502771901127f,0eb4df990f6753bfc9e9029bf76f169c28456414
Climate_h4,0,1178,N+F,2026,2,40.60836963117099,4e63d0b84cd7266982bddd1882a7219cab63faf765b98d22890307b931848381,cd9df2ade1ca21431041edcb14d5f17dd4911475861cec41755502771901127f,0eb4df990f6753bfc9e9029bf76f169c28456414
Climate_h4,0,1178,N+F,2026,3,41.147894264077465,4e63d0b84cd7266982bddd1882a7219cab63faf765b98d22890307b931848381,cd9df2ade1ca21431041edcb14d5f17dd4911475861cec41755502771901127f,0eb4df990f6753bfc9e9029bf76f169c28456414
Climate_h4,0,1178,N+F,2026,4,41.71805978198034,4e63d0b84cd7266982bddd1882a7219cab63faf765b98d22890307b931848381,cd9df2ade1ca21431041edcb14d5f17dd4911475861cec41755502771901127f,0eb4df990f6753bfc9e9029bf76f169c28456414
Climate_h4,0,1179,N+F,2026,1,43.81457101231954,4e63d0b84cd7266982bddd1882a7219cab63faf765b98d22890307b931848381,cd9df2ade1ca21431041edcb14d5f17dd4911475861cec41755502771901127f,0eb4df990f6753bfc9e9029bf76f169c28456414
Climate_h4,0,1179,N+F,2026,2,44.37013498389438,4e63d0b84cd7266982bddd1882a7219cab63faf765b98d22890307b931848381,cd9df2ade1ca21431041edcb14d5f17dd4911475861cec41755502771901127f,0eb4df990f6753bfc9e9029bf76f169c28456414
Climate_h4,0,1179,N+F,2026,3,44.94420229757252,4e63d0b84cd7266982bddd1882a7219cab63faf765b98d22890307b931848381,cd9df2ade1ca21431041edcb14d5f17dd4911475861cec41755502771901127f,0eb4df990f6753bfc9e9029bf76f169c28456414
Climate_h4,0,1179,N+F,2026,4,45.529843655326985,4e63d0b84cd7266982bddd1882a7219cab63faf765b98d22890307b931848381,cd9df2ade1ca21431041edcb14d5f17dd4911475861cec41755502771901127f,0eb4df990f6753bfc9e9029bf76f169c28456414
Climate_h4,0,1180,N+F,2026,1,45.11661739208102,4e63d0b84cd7266982bddd1882a7219cab63faf765b98d22890307b931848381,cd9df2ade1ca21431041edcb14d5f17dd4911475861cec41755502771901127f,0eb4df990f6753bfc9e9029bf76f169c28456414
Climate_h4,0,1180,N+F,2026,2,45.68700671166571,4e63d0b84cd7266982bddd1882a7219cab63faf765b98d22890307b931848381,cd9df2ade1ca21431041edcb14d5f17dd4911475861cec41755502771901127f,0eb4df990f6753bfc9e9029bf76f169c28456414
Climate_h4,0,1180,N+F,2026,3,46.25595196710467,4e63d0b84cd7266982bddd1882a7219cab63faf765b98d22890307b931848381,cd9df2ade1ca21431041edcb14d5f17dd4911475861cec41755502771901127f,0eb4df990f6753bfc9e9029bf76f169c28456414
Climate_h4,0,1180,N+F,2026,4,46.8220337441659,4e63d0b84cd7266982bddd1882a7219cab63faf765b98d22890307b931848381,cd9df2ade1ca21431041edcb14d5f17dd4911475861cec41755502771901127f,0eb4df990f6753bfc9e9029bf76f169c28456414
Climate_h4,0,1181,N+F,2026,1,44.277390774776386,4e63d0b84cd7266982bddd1882a7219cab63faf765b98d22890307b931848381,cd9df2ade1ca21431041edcb14d5f17dd4911475861cec41755502771901127f,0eb4df990f6753bfc9e9029bf76f169c28456414
Climate_h4,0,1181,N+F,2026,2,44.849075844399685,4e63d0b84cd7266982bddd1882a7219cab63faf765b98d22890307b931848381,cd9df2ade1ca21431041edcb14d5f17dd4911475861cec41755502771901127f,0eb4df990f6753bfc9e9029bf76f169c28456414
Climate_h4,0,1181,N+F,2026,3,45.410064183344204,4e63d0b84cd7266982bddd1882a7219cab63faf765b98d22890307b931848381,cd9df2ade1ca21431041edcb14d5f17dd4911475861cec41755502771901127f,0eb4df990f6753bfc9e9029bf76f169c28456414
Climate_h4,0,1181,N+F,2026,4,45.95472872553569,4e63d0b84cd7266982bddd1882a7219cab63faf765b98d22890307b931848381,cd9df2ade1ca21431041edcb14d5f17dd4911475861cec41755502771901127f,0eb4df990f6753bfc9e9029bf76f169c28456414
Climate_h4,0,1182,N+F,2026,1,46.26958099650582,4e63d0b84cd7266982bddd1882a7219cab63faf765b98d22890307b931848381,cd9df2ade1ca21431041edcb14d5f17dd4911475861cec41755502771901127f,0eb4df990f6753bfc9e9029bf76f169c28456414
Climate_h4,0,1182,N+F,2026,2,46.82445182130332,4e63d0b84cd7266982bddd1882a7219cab63faf765b98d22890307b931848381,cd9df2ade1ca21431041edcb14d5f17dd4911475861cec41755502771901127f,0eb4df990f6753bfc9e9029bf76f169c28456414
Climate_h4,0,1182,N+F,2026,3,47.35911800672678,4e63d0b84cd7266982bddd1882a7219cab63faf765b98d22890307b931848381,cd9df2ade1ca21431041edcb14d5f17dd4911475861cec41755502771901127f,0eb4df990f6753bfc9e9029bf76f169c28456414
Climate_h4,0,1182,N+F,2026,4,47.873247421655044,4e63d0b84cd7266982bddd1882a7219cab63faf765b98d22890307b931848381,cd9df2ade1ca21431041edcb14d5f17dd4911475861cec41755502771901127f,0eb4df990f6753bfc9e9029bf76f169c28456414
Climate_h4,0,1183,N+F,2026,1,46.20717704821019,4e63d0b84cd7266982bddd1882a7219cab63faf765b98d22890307b931848381,cd9df2ade1ca21431041edcb14d5f17dd4911475861cec41755502771901127f,0eb4df990f6753bfc9e9029bf76f169c28456414
Climate_h4,0,1183,N+F,2026,2,46.73394948090824,4e63d0b84cd7266982bddd1882a7219cab63faf765b98d22890307b931848381,cd9df2ade1ca21431041edcb14d5f17dd4911475861cec41755502771901127f,0eb4df990f6753bfc9e9029bf76f169c28456414
Climate_h4,0,1183,N+F,2026,3,47.24432987415414,4e63d0b84cd7266982bddd1882a7219cab63faf765b98d22890307b931848381,cd9df2ade1ca21431041edcb14d5f17dd4911475861cec41755502771901127f,0eb4df990f6753bfc9e9029bf76f169c28456414
Climate_h4,0,1183,N+F,2026,4,47.70036868379448,4e63d0b84cd7266982bddd1882a7219cab63faf765b98d22890307b931848381,cd9df2ade1ca21431041edcb14d5f17dd4911475861cec41755502771901127f,0eb4df990f6753bfc9e9029bf76f169c28456414
Climate_h4,0,1184,N+F,2026,1,47.01655788047185,4e63d0b84cd7266982bddd1882a7219cab63faf765b98d22890307b931848381,cd9df2ade1ca21431041edcb14d5f17dd4911475861cec41755502771901127f,0eb4df990f6753bfc9e9029bf76f169c28456414
Climate_h4,0,1184,N+F,2026,2,47.51962122268153,4e63d0b84cd7266982bddd1882a7219cab63faf765b98d22890307b931848381,cd9df2ade1ca21431041edcb14d5f17dd4911475861cec41755502771901127f,0eb4df990f6753bfc9e9029bf76f169c28456414
Climate_h4,0,1184,N+F,2026,3,47.974616029895685,4e63d0b84cd7266982bddd1882a7219cab63faf765b98d22890307b931848381,cd9df2ade1ca21431041edcb14d5f17dd4911475861cec41755502771901127f,0eb4df990f6753bfc9e9029bf76f169c28456414
Climate_h4,0,1184,N+F,2026,4,48.369181253939985,4e63d0b84cd7266982bddd1882a7219cab63faf765b98d22890307b931848381,cd9df2ade1ca21431041edcb14d5f17dd4911475861cec41755502771901127f,0eb4df990f6753bfc9e9029bf76f169c28456414
Climate_h4,0,1185,N+F,2026,1,44.889477380648096,4e63d0b84cd7266982bddd1882a7219cab63faf765b98d22890307b931848381,cd9df2ade1ca21431041edcb14d5f17dd4911475861cec41755502771901127f,0eb4df990f6753bfc9e9029bf76f169c28456414
Climate_h4,0,1185,N+F,2026,2,45.35655545270665,4e63d0b84cd7266982bddd1882a7219cab63faf765b98d22890307b931848381,cd9df2ade1ca21431041edcb14d5f17dd4911475861cec41755502771901127f,0eb4df990f6753bfc9e9029bf76f169c28456414
Climate_h4,0,1185,N+F,2026,3,45.76732480676513,4e63d0b84cd7266982bddd1882a7219cab63faf765b98d22890307b931848381,cd9df2ade1ca21431041edcb14d5f17dd4911475861cec41755502771901127f,0eb4df990f6753bfc9e9029bf76f169c28456414
Climate_h4,0,1185,N+F,2026,4,46.12123318367301,4e63d0b84cd7266982bddd1882a7219cab63faf765b98d22890307b931848381,cd9df2ade1ca21431041edcb14d5f17dd4911475861cec41755502771901127f,0eb4df990f6753bfc9e9029bf76f169c28456414
Climate_h4,0,1186,N+F,2026,1,42.57175724582413,4e63d0b84cd7266982bddd1882a7219cab63faf765b98d22890307b931848381,cd9df2ade1ca21431041edcb14d5f17dd4911475861cec41755502771901127f,0eb4df990f6753bfc9e9029bf76f169c28456414
Climate_h4,0,1186,N+F,2026,2,43.01292328716301,4e63d0b84cd7266982bddd1882a7219cab63faf765b98d22890307b931848381,cd9df2ade1ca21431041edcb14d5f17dd4911475861cec41755502771901127f,0eb4df990f6753bfc9e9029bf76f169c28456414
Climate_h4,0,1186,N+F,2026,3,43.39594899134234,4e63d0b84cd7266982bddd1882a7219cab63faf765b98d22890307b931848381,cd9df2ade1ca21431041edcb14d5f17dd4911475861cec41755502771901127f,0eb4df990f6753bfc9e9029bf76f169c28456414
Climate_h4,0,1186,N+F,2026,4,43.71946482000112,4e63d0b84cd7266982bddd1882a7219cab63faf765b98d22890307b931848381,cd9df2ade1ca21431041edcb14d5f17dd4911475861cec41755502771901127f,0eb4df990f6753bfc9e9029bf76f169c28456414
Climate_h4,0,1187,N+F,2026,1,37.3696252297752,4e63d0b84cd7266982bddd1882a7219cab63faf765b98d22890307b931848381,cd9df2ade1ca21431041edcb14d5f17dd4911475861cec41755502771901127f,0eb4df990f6753bfc9e9029bf76f169c28456414
Climate_h4,0,1187,N+F,2026,2,37.80401952754278,4e63d0b84cd7266982bddd1882a7219cab63faf765b98d22890307b931848381,cd9df2ade1ca21431041edcb14d5f17dd4911475861cec41755502771901127f,0eb4df990f6753bfc9e9029bf76f169c28456414
Climate_h4,0,1187,N+F,2026,3,38.1780726705092,4e63d0b84cd7266982bddd1882a7219cab63faf765b98d22890307b931848381,cd9df2ade1ca21431041edcb14d5f17dd4911475861cec41755502771901127f,0eb4df990f6753bfc9e9029bf76f169c28456414
Climate_h4,0,1187,N+F,2026,4,38.50708078706419,4e63d0b84cd7266982bddd1882a7219cab63faf765b98d22890307b931848381,cd9df2ade1ca21431041edcb14d5f17dd4911475861cec41755502771901127f,0eb4df990f6753bfc9e9029bf76f169c28456414
Climate_h4,0,1188,N+F,2026,1,35.61436887483572,4e63d0b84cd7266982bddd1882a7219cab63faf765b98d22890307b931848381,cd9df2ade1ca21431041edcb14d5f17dd4911475861cec41755502771901127f,0eb4df990f6753bfc9e9029bf76f169c28456414
Climate_h4,0,1188,N+F,2026,2,36.048580847991104,4e63d0b84cd7266982bddd1882a7219cab63faf765b98d22890307b931848381,cd9df2ade1ca21431041edcb14d5f17dd4911475861cec41755502771901127f,0eb4df990f6753bfc9e9029bf76f169c28456414
Climate_h4,0,1188,N+F,2026,3,36.42895070180447,4e63d0b84cd7266982bddd1882a7219cab63faf765b98d22890307b931848381,cd9df2ade1ca21431041edcb14d5f17dd4911475861cec41755502771901127f,0eb4df990f6753bfc9e9029bf76f169c28456414
Climate_h4,0,1188,N+F,2026,4,36.7902597248018,4e63d0b84cd7266982bddd1882a7219cab63faf765b98d22890307b931848381,cd9df2ade1ca21431041edcb14d5f17dd4911475861cec41755502771901127f,0eb4df990f6753bfc9e9029bf76f169c28456414
Climate_h4,0,1189,N+F,2026,1,31.978739171368694,4e63d0b84cd7266982bddd1882a7219cab63faf765b98d22890307b931848381,cd9df2ade1ca21431041edcb14d5f17dd4911475861cec41755502771901127f,0eb4df990f6753bfc9e9029bf76f169c28456414
Climate_h4,0,1189,N+F,2026,2,32.46500659729729,4e63d0b84cd7266982bddd1882a7219cab63faf765b98d22890307b931848381,cd9df2ade1ca21431041edcb14d5f17dd4911475861cec41755502771901127f,0eb4df990f6753bfc9e9029bf76f169c28456414
Climate_h4,0,1189,N+F,2026,3,32.918841910288556,4e63d0b84cd7266982bddd1882a7219cab63faf765b98d22890307b931848381,cd9df2ade1ca21431041edcb14d5f17dd4911475861cec41755502771901127f,0eb4df990f6753bfc9e9029bf76f169c28456414
Climate_h4,0,1189,N+F,2026,4,33.361309726003995,4e63d0b84cd7266982bddd1882a7219cab63faf765b98d22890307b931848381,cd9df2ade1ca21431041edcb14d5f17dd4911475861cec41755502771901127f,0eb4df990f6753bfc9e9029bf76f169c28456414
Climate_h4,0,1190,N+F,2026,1,31.62164244541498,4e63d0b84cd7266982bddd1882a7219cab63faf765b98d22890307b931848381,cd9df2ade1ca21431041edcb14d5f17dd4911475861cec41755502771901127f,0eb4df990f6753bfc9e9029bf76f169c28456414
Climate_h4,0,1190,N+F,2026,2,32.14468828209752,4e63d0b84cd7266982bddd1882a7219cab63faf765b98d22890307b931848381,cd9df2ade1ca21431041edcb14d5f17dd4911475861cec41755502771901127f,0eb4df990f6753bfc9e9029bf76f169c28456414
Climate_h4,0,1190,N+F,2026,3,32.62928687138775,4e63d0b84cd7266982bddd1882a7219cab63faf765b98d22890307b931848381,cd9df2ade1ca21431041edcb14d5f17dd4911475861cec41755502771901127f,0eb4df990f6753bfc9e9029bf76f169c28456414
Climate_h4,0,1190,N+F,2026,4,33.11645230074907,4e63d0b84cd7266982bddd1882a7219cab63faf765b98d22890307b931848381,cd9df2ade1ca21431041edcb14d5f17dd4911475861cec41755502771901127f,0eb4df990f6753bfc9e9029bf76f169c28456414
Climate_h4,0,1191,N+F,2026,1,29.772771040475046,4e63d0b84cd7266982bddd1882a7219cab63faf765b98d22890307b931848381,cd9df2ade1ca21431041edcb14d5f17dd4911475861cec41755502771901127f,0eb4df990f6753bfc9e9029bf76f169c28456414
Climate_h4,0,1191,N+F,2026,2,30.3213206672292,4e63d0b84cd7266982bddd1882a7219cab63faf765b98d22890307b931848381,cd9df2ade1ca21431041edcb14d5f17dd4911475861cec41755502771901127f,0eb4df990f6753bfc9e9029bf76f169c28456414
Climate_h4,0,1191,N+F,2026,3,30.843286497345055,4e63d0b84cd7266982bddd1882a7219cab63faf765b98d22890307b931848381,cd9df2ade1ca21431041edcb14d5f17dd4911475861cec41755502771901127f,0eb4df990f6753bfc9e9029bf76f169c28456414
Climate_h4,0,1191,N+F,2026,4,31.375345943466794,4e63d0b84cd7266982bddd1882a7219cab63faf765b98d22890307b931848381,cd9df2ade1ca21431041edcb14d5f17dd4911475861cec41755502771901127f,0eb4df990f6753bfc9e9029bf76f169c28456414
Climate_h4,0,1192,N+F,2026,1,29.113040165746213,4e63d0b84cd7266982bddd1882a7219cab63faf765b98d22890307b931848381,cd9df2ade1ca21431041edcb14d5f17dd4911475861cec41755502771901127f,0eb4df990f6753bfc9e9029bf76f169c28456414
Climate_h4,0,1192,N+F,2026,2,29.669252558215554,4e63d0b84cd7266982bddd1882a7219cab63faf765b98d22890307b931848381,cd9df2ade1ca21431041edcb14d5f17dd4911475861cec41755502771901127f,0eb4df990f6753bfc9e9029bf76f169c28456414
Climate_h4,0,1192,N+F,2026,3,30.211282174727767,4e63d0b84cd7266982bddd1882a7219cab63faf765b98d22890307b931848381,cd9df2ade1ca21431041edcb14d5f17dd4911475861cec41755502771901127f,0eb4df990f6753bfc9e9029bf76f169c28456414
Climate_h4,0,1192,N+F,2026,4,30.748095875093505,4e63d0b84cd7266982bddd1882a7219cab63faf765b98d22890307b931848381,cd9df2ade1ca21431041edcb14d5f17dd4911475861cec41755502771901127f,0eb4df990f6753bfc9e9029bf76f169c28456414
Climate_h4,0,1193,N+F,2026,1,29.385320375194457,4e63d0b84cd7266982bddd1882a7219cab63faf765b98d22890307b931848381,cd9df2ade1ca21431041edcb14d5f17dd4911475861cec41755502771901127f,0eb4df990f6753bfc9e9029bf76f169c28456414
Climate_h4,0,1193,N+F,2026,2,29.97118649430569,4e63d0b84cd7266982bddd1882a7219cab63faf765b98d22890307b931848381,cd9df2ade1ca21431041edcb14d5f17dd4911475861cec41755502771901127f,0eb4df990f6753bfc9e9029bf76f169c28456414
Climate_h4,0,1193,N+F,2026,3,30.530591255198598,4e63d0b84cd7266982bddd1882a7219cab63faf765b98d22890307b931848381,cd9df2ade1ca21431041edcb14d5f17dd4911475861cec41755502771901127f,0eb4df990f6753bfc9e9029bf76f169c28456414
Climate_h4,0,1193,N+F,2026,4,31.075572512038434,4e63d0b84cd7266982bddd1882a7219cab63faf765b98d22890307b931848381,cd9df2ade1ca21431041edcb14d5f17dd4911475861cec41755502771901127f,0eb4df990f6753bfc9e9029bf76f169c28456414
Climate_h4,0,1194,N+F,2026,1,32.05413453184495,4e63d0b84cd7266982bddd1882a7219cab63faf765b98d22890307b931848381,cd9df2ade1ca21431041edcb14d5f17dd4911475861cec41755502771901127f,0eb4df990f6753bfc9e9029bf76f169c28456414
Climate_h4,0,1194,N+F,2026,2,32.643786516110715,4e63d0b84cd7266982bddd1882a7219cab63faf765b98d22890307b931848381,cd9df2ade1ca21431041edcb14d5f17dd4911475861cec41755502771901127f,0eb4df990f6753bfc9e9029bf76f169c28456414
Climate_h4,0,1194,N+F,2026,3,33.19638974441409,4e63d0b84cd7266982bddd1882a7219cab63faf765b98d22890307b931848381,cd9df2ade1ca21431041edcb14d5f17dd4911475861cec41755502771901127f,0eb4df990f6753bfc9e9029bf76f169c28456414
Climate_h4,0,1194,N+F,2026,4,33.72082254888835,4e63d0b84cd7266982bddd1882a7219cab63faf765b98d22890307b931848381,cd9df2ade1ca21431041edcb14d5f17dd4911475861cec41755502771901127f,0eb4df990f6753bfc9e9029bf76f169c28456414
Climate_h4,0,1195,N+F,2026,1,32.17202129757629,4e63d0b84cd7266982bddd1882a7219cab63faf765b98d22890307b931848381,cd9df2ade1ca21431041edcb14d5f17dd4911475861cec41755502771901127f,0eb4df990f6753bfc9e9029bf76f169c28456414
Climate_h4,0,1195,N+F,2026,2,32.74834895504619,4e63d0b84cd7266982bddd1882a7219cab63faf765b98d22890307b931848381,cd9df2ade1ca21431041edcb14d5f17dd4911475861cec41755502771901127f,0eb4df990f6753bfc9e9029bf76f169c28456414
Climate_h4,0,1195,N+F,2026,3,33.282258131785966,4e63d0b84cd7266982bddd1882a7219cab63faf765b98d22890307b931848381,cd9df2ade1ca21431041edcb14d5f17dd4911475861cec41755502771901127f,0eb4df990f6753bfc9e9029bf76f169c28456414
Climate_h4,0,1195,N+F,2026,4,33.77663729623008,4e63d0b84cd7266982bddd1882a7219cab63faf765b98d22890307b931848381,cd9df2ade1ca21431041edcb14d5f17dd4911475861cec41755502771901127f,0eb4df990f6753bfc9e9029bf76f169c28456414
Climate_h4,0,1196,N+F,2026,1,33.866953192535625,4e63d0b84cd7266982bddd1882a7219cab63faf765b98d22890307b931848381,cd9df2ade1ca21431041edcb14d5f17dd4911475861cec41755502771901127f,0eb4df990f6753bfc9e9029bf76f169c28456414
Climate_h4,0,1196,N+F,2026,2,34.41982128490304,4e63d0b84cd7266982bddd1882a7219cab63faf765b98d22890307b931848381,cd9df2ade1ca21431041edcb14d5f17dd4911475861cec41755502771901127f,0eb4df990f6753bfc9e9029bf76f169c28456414
Climate_h4,0,1196,N+F,2026,3,34.92119918475197,4e63d0b84cd7266982bddd1882a7219cab63faf765b98d22890307b931848381,cd9df2ade1ca21431041edcb14d5f17dd4911475861cec41755502771901127f,0eb4df990f6753bfc9e9029bf76f169c28456414
Climate_h4,0,1196,N+F,2026,4,35.37397505112293,4e63d0b84cd7266982bddd1882a7219cab63faf765b98d22890307b931848381,cd9df2ade1ca21431041edcb14d5f17dd4911475861cec41755502771901127f,0eb4df990f6753bfc9e9029bf76f169c28456414
Climate_h4,0,1197,N+F,2026,1,34.838342346444655,4e63d0b84cd7266982bddd1882a7219cab63faf765b98d22890307b931848381,cd9df2ade1ca21431041edcb14d5f17dd4911475861cec41755502771901127f,0eb4df990f6753bfc9e9029bf76f169c28456414
Climate_h4,0,1197,N+F,2026,2,35.3564574380917,4e63d0b84cd7266982bddd1882a7219cab63faf765b98d22890307b931848381,cd9df2ade1ca21431041edcb14d5f17dd4911475861cec41755502771901127f,0eb4df990f6753bfc9e9029bf76f169c28456414
Climate_h4,0,1197,N+F,2026,3,35.81601201140256,4e63d0b84cd7266982bddd1882a7219cab63faf765b98d22890307b931848381,cd9df2ade1ca21431041edcb14d5f17dd4911475861cec41755502771901127f,0eb4df990f6753bfc9e9029bf76f169c28456414
Climate_h4,0,1197,N+F,2026,4,36.22470608865798,4e63d0b84cd7266982bddd1882a7219cab63faf765b98d22890307b931848381,cd9df2ade1ca21431041edcb14d5f17dd4911475861cec41755502771901127f,0eb4df990f6753bfc9e9029bf76f169c28456414
Climate_h4,0,1198,N+F,2026,1,35.58201628744722,4e63d0b84cd7266982bddd1882a7219cab63faf765b98d22890307b931848381,cd9df2ade1ca21431041edcb14d5f17dd4911475861cec41755502771901127f,0eb4df990f6753bfc9e9029bf76f169c28456414
Climate_h4,0,1198,N+F,2026,2,36.06042498355925,4e63d0b84cd7266982bddd1882a7219cab63faf765b98d22890307b931848381,cd9df2ade1ca21431041edcb14d5f17dd4911475861cec41755502771901127f,0eb4df990f6753bfc9e9029bf76f169c28456414
Climate_h4,0,1198,N+F,2026,3,36.48118570266404,4e63d0b84cd7266982bddd1882a7219cab63faf765b98d22890307b931848381,cd9df2ade1ca21431041edcb14d5f17dd4911475861cec41755502771901127f,0eb4df990f6753bfc9e9029bf76f169c28456414
Climate_h4,0,1198,N+F,2026,4,36.852060749477396,4e63d0b84cd7266982bddd1882a7219cab63faf765b98d22890307b931848381,cd9df2ade1ca21431041edcb14d5f17dd4911475861cec41755502771901127f,0eb4df990f6753bfc9e9029bf76f169c28456414
Climate_h4,0,1199,N+F,2026,1,38.68802625698269,4e63d0b84cd7266982bddd1882a7219cab63faf765b98d22890307b931848381,cd9df2ade1ca21431041edcb14d5f17dd4911475861cec41755502771901127f,0eb4df990f6753bfc9e9029bf76f169c28456414
Climate_h4,0,1199,N+F,2026,2,39.11246572881822,4e63d0b84cd7266982bddd1882a7219cab63faf765b98d22890307b931848381,cd9df2ade1ca21431041edcb14d5f17dd4911475861cec41755502771901127f,0eb4df990f6753bfc9e9029bf76f169c28456414
Climate_h4,0,1199,N+F,2026,3,39.48356234142708,4e63d0b84cd7266982bddd1882a7219cab63faf765b98d22890307b931848381,cd9df2ade1ca21431041edcb14d5f17dd4911475861cec41755502771901127f,0eb4df990f6753bfc9e9029bf76f169c28456414
Climate_h4,0,1199,N+F,2026,4,39.8002976662215,4e63d0b84cd7266982bddd1882a7219cab63faf765b98d22890307b931848381,cd9df2ade1ca21431041edcb14d5f17dd4911475861cec41755502771901127f,0eb4df990f6753bfc9e9029bf76f169c28456414
Climate_h4,0,1200,N+F,2026,1,38.51843118868753,4e63d0b84cd7266982bddd1882a7219cab63faf765b98d22890307b931848381,cd9df2ade1ca21431041edcb14d5f17dd4911475861cec41755502771901127f,0eb4df990f6753bfc9e9029bf76f169c28456414
Climate_h4,0,1200,N+F,2026,2,38.90323555531056,4e63d0b84cd7266982bddd1882a7219cab63faf765b98d22890307b931848381,cd9df2ade1ca21431041edcb14d5f17dd4911475861cec41755502771901127f,0eb4df990f6753bfc9e9029bf76f169c28456414
Climate_h4,0,1200,N+F,2026,3,39.23272185512821,4e63d0b84cd7266982bddd1882a7219cab63faf765b98d22890307b931848381,cd9df2ade1ca21431041edcb14d5f17dd4911475861cec41755502771901127f,0eb4df990f6753bfc9e9029bf76f169c28456414
Climate_h4,0,1200,N+F,2026,4,39.52584252450973,4e63d0b84cd7266982bddd1882a7219cab63faf765b98d22890307b931848381,cd9df2ade1ca21431041edcb14d5f17dd4911475861cec41755502771901127f,0eb4df990f6753bfc9e9029bf76f169c28456414
Climate_h4,0,1201,N+F,2026,1,42.276109676089185,4e63d0b84cd7266982bddd1882a7219cab63faf765b98d22890307b931848381,cd9df2ade1ca21431041edcb14d5f17dd4911475861cec41755502771901127f,0eb4df990f6753bfc9e9029bf76f169c28456414
Climate_h4,0,1201,N+F,2026,2,42.59978039003556,4e63d0b84cd7266982bddd1882a7219cab63faf765b98d22890307b931848381,cd9df2ade1ca21431041edcb14d5f17dd4911475861cec41755502771901127f,0eb4df990f6753bfc9e9029bf76f169c28456414
Climate_h4,0,1201,N+F,2026,3,42.8895831105936,4e63d0b84cd7266982bddd1882a7219cab63faf765b98d22890307b931848381,cd9df2ade1ca21431041edcb14d5f17dd4911475861cec41755502771901127f,0eb4df990f6753bfc9e9029bf76f169c28456414
Climate_h4,0,1201,N+F,2026,4,43.14363091642942,4e63d0b84cd7266982bddd1882a7219cab63faf765b98d22890307b931848381,cd9df2ade1ca21431041edcb14d5f17dd4911475861cec41755502771901127f,0eb4df990f6753bfc9e9029bf76f169c28456414
Climate_h4,0,1202,N+F,2026,1,44.68686336698692,4e63d0b84cd7266982bddd1882a7219cab63faf765b98d22890307b931848381,cd9df2ade1ca21431041edcb14d5f17dd4911475861cec41755502771901127f,0eb4df990f6753bfc9e9029bf76f169c28456414
Climate_h4,0,1202,N+F,2026,2,44.969456440954716,4e63d0b84cd7266982bddd1882a7219cab63faf765b98d22890307b931848381,cd9df2ade1ca21431041edcb14d5f17dd4911475861cec41755502771901127f,0eb4df990f6753bfc9e9029bf76f169c28456414
Climate_h4,0,1202,N+F,2026,3,45.21819304393516,4e63d0b84cd7266982bddd1882a7219cab63faf765b98d22890307b931848381,cd9df2ade1ca21431041edcb14d5f17dd4911475861cec41755502771901127f,0eb4df990f6753bfc9e9029bf76f169c28456414
Climate_h4,0,1202,N+F,2026,4,45.421763367282495,4e63d0b84cd7266982bddd1882a7219cab63faf765b98d22890307b931848381,cd9df2ade1ca21431041edcb14d5f17dd4911475861cec41755502771901127f,0eb4df990f6753bfc9e9029bf76f169c28456414
Climate_h4,0,1203,N+F,2026,1,45.955367780522295,4e63d0b84cd7266982bddd1882a7219cab63faf765b98d22890307b931848381,cd9df2ade1ca21431041edcb14d5f17dd4911475861cec41755502771901127f,0eb4df990f6753bfc9e9029bf76f169c28456414
Climate_h4,0,1203,N+F,2026,2,46.20119142753254,4e63d0b84cd7266982bddd1882a7219cab63faf765b98d22890307b931848381,cd9df2ade1ca21431041edcb14d5f17dd4911475861cec41755502771901127f,0eb4df990f6753bfc9e9029bf76f169c28456414
Climate_h4,0,1203,N+F,2026,3,46.40078268521116,4e63d0b84cd7266982bddd1882a7219cab63faf765b98d22890307b931848381,cd9df2ade1ca21431041edcb14d5f17dd4911475861cec41755502771901127f,0eb4df990f6753bfc9e9029bf76f169c28456414
Climate_h4,0,1203,N+F,2026,4,46.55820424753942,4e63d0b84cd7266982bddd1882a7219cab63faf765b98d22890307b931848381,cd9df2ade1ca21431041edcb14d5f17dd4911475861cec41755502771901127f,0eb4df990f6753bfc9e9029bf76f169c28456414
Climate_h4,0,1204,N+F,2026,1,47.53002919279139,4e63d0b84cd7266982bddd1882a7219cab63faf765b98d22890307b931848381,cd9df2ade1ca21431041edcb14d5f17dd4911475861cec41755502771901127f,0eb4df990f6753bfc9e9029bf76f169c28456414
Climate_h4,0,1204,N+F,2026,2,47.72277507163904,4e63d0b84cd7266982bddd1882a7219cab63faf765b98d22890307b931848381,cd9df2ade1ca21431041edcb14d5f17dd4911475861cec41755502771901127f,0eb4df990f6753bfc9e9029bf76f169c28456414
Climate_h4,0,1204,N+F,2026,3,47.8748080728556,4e63d0b84cd7266982bddd1882a7219cab63faf765b98d22890307b931848381,cd9df2ade1ca21431041edcb14d5f17dd4911475861cec41755502771901127f,0eb4df990f6753bfc9e9029bf76f169c28456414
Climate_h4,0,1204,N+F,2026,4,47.98877458220994,4e63d0b84cd7266982bddd1882a7219cab63faf765b98d22890307b931848381,cd9df2ade1ca21431041edcb14d5f17dd4911475861cec41755502771901127f,0eb4df990f6753bfc9e9029bf76f169c28456414
Climate_h4,0,1205,N+F,2026,1,48.621801313660974,4e63d0b84cd7266982bddd1882a7219cab63faf765b98d22890307b931848381,cd9df2ade1ca21431041edcb14d5f17dd4911475861cec41755502771901127f,0eb4df990f6753bfc9e9029bf76f169c28456414
Climate_h4,0,1205,N+F,2026,2,48.77922820238323,4e63d0b84cd7266982bddd1882a7219cab63faf765b98d22890307b931848381,cd9df2ade1ca21431041edcb14d5f17dd4911475861cec41755502771901127f,0eb4df990f6753bfc9e9029bf76f169c28456414
Climate_h4,0,1205,N+F,2026,3,48.89504826226028,4e63d0b84cd7266982bddd1882a7219cab63faf765b98d22890307b931848381,cd9df2ade1ca21431041edcb14d5f17dd4911475861cec41755502771901127f,0eb4df990f6753bfc9e9029bf76f169c28456414
Climate_h4,0,1205,N+F,2026,4,48.98187576502503,4e63d0b84cd7266982bddd1882a7219cab63faf765b98d22890307b931848381,cd9df2ade1ca21431041edcb14d5f17dd4911475861cec41755502771901127f,0eb4df990f6753bfc9e9029bf76f169c28456414
Climate_h4,0,1206,N+F,2026,1,49.67588297543914,4e63d0b84cd7266982bddd1882a7219cab63faf765b98d22890307b931848381,cd9df2ade1ca21431041edcb14d5f17dd4911475861cec41755502771901127f,0eb4df990f6753bfc9e9029bf76f169c28456414
Climate_h4,0,1206,N+F,2026,2,49.79079242825254,4e63d0b84cd7266982bddd1882a7219cab63faf765b98d22890307b931848381,cd9df2ade1ca21431041edcb14d5f17dd4911475861cec41755502771901127f,0eb4df990f6753bfc9e9029bf76f169c28456414
Climate_h4,0,1206,N+F,2026,3,49.873577565610766,4e63d0b84cd7266982bddd1882a7219cab63faf765b98d22890307b931848381,cd9df2ade1ca21431041edcb14d5f17dd4911475861cec41755502771901127f,0eb4df990f6753bfc9e9029bf76f169c28456414
Climate_h4,0,1206,N+F,2026,4,49.93211654724991,4e63d0b84cd7266982bddd1882a7219cab63faf765b98d22890307b931848381,cd9df2ade1ca21431041edcb14d5f17dd4911475861cec41755502771901127f,0eb4df990f6753bfc9e9029bf76f169c28456414
Climate_h4,0,1207,N+F,2026,1,52.140684446275955,4e63d0b84cd7266982bddd1882a7219cab63faf765b98d22890307b931848381,cd9df2ade1ca21431041edcb14d5f17dd4911475861cec41755502771901127f,0eb4df990f6753bfc9e9029bf76f169c28456414
Climate_h4,0,1207,N+F,2026,2,52.211134419108895,4e63d0b84cd7266982bddd1882a7219cab63faf765b98d22890307b931848381,cd9df2ade1ca21431041edcb14d5f17dd4911475861cec41755502771901127f,0eb4df990f6753bfc9e9029bf76f169c28456414
Climate_h4,0,1207,N+F,2026,3,52.25683439543375,4e63d0b84cd7266982bddd1882a7219cab63faf765b98d22890307b931848381,cd9df2ade1ca21431041edcb14d5f17dd4911475861cec41755502771901127f,0eb4df990f6753bfc9e9029bf76f169c28456414
Climate_h4,0,1207,N+F,2026,4,52.2803519062035,4e63d0b84cd7266982bddd1882a7219cab63faf765b98d22890307b931848381,cd9df2ade1ca21431041edcb14d5f17dd4911475861cec41755502771901127f,0eb4df990f6753bfc9e9029bf76f169c28456414
Climate_h4,0,1208,N+F,2026,1,52.0531020907967,4e63d0b84cd7266982bddd1882a7219cab63faf765b98d22890307b931848381,cd9df2ade1ca21431041edcb14d5f17dd4911475861cec41755502771901127f,0eb4df990f6753bfc9e9029bf76f169c28456414
Climate_h4,0,1208,N+F,2026,2,52.09862994486958,4e63d0b84cd7266982bddd1882a7219cab63faf765b98d22890307b931848381,cd9df2ade1ca21431041edcb14d5f17dd4911475861cec41755502771901127f,0eb4df990f6753bfc9e9029bf76f169c28456414
Climate_h4,0,1208,N+F,2026,3,52.11571882266365,4e63d0b84cd7266982bddd1882a7219cab63faf765b98d22890307b931848381,cd9df2ade1ca21431041edcb14d5f17dd4911475861cec41755502771901127f,0eb4df990f6753bfc9e9029bf76f169c28456414
Climate_h4,0,1208,N+F,2026,4,52.11101883551075,4e63d0b84cd7266982bddd1882a7219cab63faf765b98d22890307b931848381,cd9df2ade1ca21431041edcb14d5f17dd4911475861cec41755502771901127f,0eb4df990f6753bfc9e9029bf76f169c28456414
Climate_h4,0,1209,N+F,2026,1,54.00716164395411,4e63d0b84cd7266982bddd1882a7219cab63faf765b98d22890307b931848381,cd9df2ade1ca21431041edcb14d5f17dd4911475861cec41755502771901127f,0eb4df990f6753bfc9e9029bf76f169c28456414
Climate_h4,0,1209,N+F,2026,2,53.957091312395455,4e63d0b84cd7266982bddd1882a7219cab63faf765b98d22890307b931848381,cd9df2ade1ca21431041edcb14d5f17dd4911475861cec41755502771901127f,0eb4df990f6753bfc9e9029bf76f169c28456414
Climate_h4,0,1209,N+F,2026,3,53.893095965674576,4e63d0b84cd7266982bddd1882a7219cab63faf765b98d22890307b931848381,cd9df2ade1ca21431041edcb14d5f17dd4911475861cec41755502771901127f,0eb4df990f6753bfc9e9029bf76f169c28456414
Climate_h4,0,1209,N+F,2026,4,53.81712367563577,4e63d0b84cd7266982bddd1882a7219cab63faf765b98d22890307b931848381,cd9df2ade1ca21431041edcb14d5f17dd4911475861cec41755502771901127f,0eb4df990f6753bfc9e9029bf76f169c28456414
Climate_h4,0,1210,N+F,2026,1,54.07329006222721,4e63d0b84cd7266982bddd1882a7219cab63faf765b98d22890307b931848381,cd9df2ade1ca21431041edcb14d5f17dd4911475861cec41755502771901127f,0eb4df990f6753bfc9e9029bf76f169c28456414
Climate_h4,0,1210,N+F,2026,2,53.99615578316066,4e63d0b84cd7266982bddd1882a7219cab63faf765b98d22890307b931848381,cd9df2ade1ca21431041edcb14d5f17dd4911475861cec41755502771901127f,0eb4df990f6753bfc9e9029bf76f169c28456414
Climate_h4,0,1210,N+F,2026,3,53.916369509442035,4e63d0b84cd7266982bddd1882a7219cab63faf765b98d22890307b931848381,cd9df2ade1ca21431041edcb14d5f17dd4911475861cec41755502771901127f,0eb4df990f6753bfc9e9029bf76f169c28456414
Climate_h4,0,1210,N+F,2026,4,53.84916991392765,4e63d0b84cd7266982bddd1882a7219cab63faf765b98d22890307b931848381,cd9df2ade1ca21431041edcb14d5f17dd4911475861cec41755502771901127f,0eb4df990f6753bfc9e9029bf76f169c28456414
Climate_h4,0,1211,N+F,2026,1,56.00006878487147,4e63d0b84cd7266982bddd1882a7219cab63faf765b98d22890307b931848381,cd9df2ade1ca21431041edcb14d5f17dd4911475861cec41755502771901127f,0eb4df990f6753bfc9e9029bf76f169c28456414
Climate_h4,0,1211,N+F,2026,2,55.895038586167544,4e63d0b84cd7266982bddd1882a7219cab63faf765b98d22890307b931848381,cd9df2ade1ca21431041edcb14d5f17dd4911475861cec41755502771901127f,0eb4df990f6753bfc9e9029bf76f169c28456414
Climate_h4,0,1211,N+F,2026,3,55.81197778722456,4e63d0b84cd7266982bddd1882a7219cab63faf765b98d22890307b931848381,cd9df2ade1ca21431041edcb14d5f17dd4911475861cec41755502771901127f,0eb4df990f6753bfc9e9029bf76f169c28456414
Climate_h4,0,1211,N+F,2026,4,55.756401115245765,4e63d0b84cd7266982bddd1882a7219cab63faf765b98d22890307b931848381,cd9df2ade1ca21431041edcb14d5f17dd4911475861cec41755502771901127f,0eb4df990f6753bfc9e9029bf76f169c28456414
Climate_h4,0,1212,N+F,2026,1,55.86351691701886,4e63d0b84cd7266982bddd1882a7219cab63faf765b98d22890307b931848381,cd9df2ade1ca21431041edcb14d5f17dd4911475861cec41755502771901127f,0eb4df990f6753bfc9e9029bf76f169c28456414
Climate_h4,0,1212,N+F,2026,2,55.75912811069142,4e63d0b84cd7266982bddd1882a7219cab63faf765b98d22890307b931848381,cd9df2ade1ca21431041edcb14d5f17dd4911475861cec41755502771901127f,0eb4df990f6753bfc9e9029bf76f169c28456414
Climate_h4,0,1212,N+F,2026,3,55.69550227577116,4e63d0b84cd7266982bddd1882a7219cab63faf765b98d22890307b931848381,cd9df2ade1ca21431041edcb14d5f17dd4911475861cec41755502771901127f,0eb4df990f6753bfc9e9029bf76f169c28456414
Climate_h4,0,1212,N+F,2026,4,55.66461877627163,4e63d0b84cd7266982bddd1882a7219cab63faf765b98d22890307b931848381,cd9df2ade1ca21431041edcb14d5f17dd4911475861cec41755502771901127f,0eb4df990f6753bfc9e9029bf76f169c28456414
Climate_h4,0,1213,N+F,2026,1,56.42411745701016,4e63d0b84cd7266982bddd1882a7219cab63faf765b98d22890307b931848381,cd9df2ade1ca21431041edcb14d5f17dd4911475861cec41755502771901127f,0eb4df990f6753bfc9e9029bf76f169c28456414
Climate_h4,0,1213,N+F,2026,2,56.33766089027426,4e63d0b84cd7266982bddd1882a7219cab63faf765b98d22890307b931848381,cd9df2ade1ca21431041edcb14d5f17dd4911475861cec41755502771901127f,0eb4df990f6753bfc9e9029bf76f169c28456414
Climate_h4,0,1213,N+F,2026,3,56.29482248582842,4e63d0b84cd7266982bddd1882a7219cab63faf765b98d22890307b931848381,cd9df2ade1ca21431041edcb14d5f17dd4911475861cec41755502771901127f,0eb4df990f6753bfc9e9029bf76f169c28456414
Climate_h4,0,1213,N+F,2026,4,56.30157198901948,4e63d0b84cd7266982bddd1882a7219cab63faf765b98d22890307b931848381,cd9df2ade1ca21431041edcb14d5f17dd4911475861cec41755502771901127f,0eb4df990f6753bfc9e9029bf76f169c28456414
Climate_h4,0,1214,N+F,2026,1,56.776288768172265,4e63d0b84cd7266982bddd1882a7219cab63faf765b98d22890307b931848381,cd9df2ade1ca21431041edcb14d5f17dd4911475861cec41755502771901127f,0eb4df990f6753bfc9e9029bf76f169c28456414
Climate_h4,0,1214,N+F,2026,2,56.71336466119208,4e63d0b84cd7266982bddd1882a7219cab63faf765b98d22890307b931848381,cd9df2ade1ca21431041edcb14d5f17dd4911475861cec41755502771901127f,0eb4df990f6753bfc9e9029bf76f169c28456414
Climate_h4,0,1214,N+F,2026,3,56.70844228154192,4e63d0b84cd7266982bddd1882a7219cab63faf765b98d22890307b931848381,cd9df2ade1ca21431041edcb14d5f17dd4911475861cec41755502771901127f,0eb4df990f6753bfc9e9029bf76f169c28456414
Climate_h4,0,1214,N+F,2026,4,56.74136807960101,4e63d0b84cd7266982bddd1882a7219cab63faf765b98d22890307b931848381,cd9df2ade1ca21431041edcb14d5f17dd4911475861cec41755502771901127f,0eb4df990f6753bfc9e9029bf76f169c28456414
Climate_h4,0,1215,N+F,2026,1,60.42516224145394,4e63d0b84cd7266982bddd1882a7219cab63faf765b98d22890307b931848381,cd9df2ade1ca21431041edcb14d5f17dd4911475861cec41755502771901127f,0eb4df990f6753bfc9e9029bf76f169c28456414
Climate_h4,0,1215,N+F,2026,2,60.37783258927874,4e63d0b84cd7266982bddd1882a7219cab63faf765b98d22890307b931848381,cd9df2ade1ca21431041edcb14d5f17dd4911475861cec41755502771901127f,0eb4df990f6753bfc9e9029bf76f169c28456414
Climate_h4,0,1215,N+F,2026,3,60.38009473502563,4e63d0b84cd7266982bddd1882a7219cab63faf765b98d22890307b931848381,cd9df2ade1ca21431041edcb14d5f17dd4911475861cec41755502771901127f,0eb4df990f6753bfc9e9029bf76f169c28456414
Climate_h4,0,1215,N+F,2026,4,60.40585224997871,4e63d0b84cd7266982bddd1882a7219cab63faf765b98d22890307b931848381,cd9df2ade1ca21431041edcb14d5f17dd4911475861cec41755502771901127f,0eb4df990f6753bfc9e9029bf76f169c28456414
Climate_h4,0,1216,N+F,2026,1,61.04338975740949,4e63d0b84cd7266982bddd1882a7219cab63faf765b98d22890307b931848381,cd9df2ade1ca21431041edcb14d5f17dd4911475861cec41755502771901127f,0eb4df990f6753bfc9e9029bf76f169c28456414
Climate_h4,0,1216,N+F,2026,2,61.018737567148634,4e63d0b84cd7266982bddd1882a7219cab63faf765b98d22890307b931848381,cd9df2ade1ca21431041edcb14d5f17dd4911475861cec41755502771901127f,0eb4df990f6753bfc9e9029bf76f169c28456414
Climate_h4,0,1216,N+F,2026,3,61.01687817342284,4e63d0b84cd7266982bddd1882a7219cab63faf765b98d22890307b931848381,cd9df2ade1ca21431041edcb14d5f17dd4911475861cec41755502771901127f,0eb4df990f6753bfc9e9029bf76f169c28456414
Climate_h4,0,1216,N+F,2026,4,61.070521603572416,4e63d0b84cd7266982bddd1882a7219cab63faf765b98d22890307b931848381,cd9df2ade1ca21431041edcb14d5f17dd4911475861cec41755502771901127f,0eb4df990f6753bfc9e9029bf76f169c28456414
Climate_h4,0,1217,N+F,2026,1,61.45658878529174,4e63d0b84cd7266982bddd1882a7219cab63faf765b98d22890307b931848381,cd9df2ade1ca21431041edcb14d5f17dd4911475861cec41755502771901127f,0eb4df990f6753bfc9e9029bf76f169c28456414
Climate_h4,0,1217,N+F,2026,2,61.42450584993805,4e63d0b84cd7266982bddd1882a7219cab63faf765b98d22890307b931848381,cd9df2ade1ca21431041edcb14d5f17dd4911475861cec41755502771901127f,0eb4df990f6753bfc9e9029bf76f169c28456414
Climate_h4,0,1217,N+F,2026,3,61.44878256288856,4e63d0b84cd7266982bddd1882a7219cab63faf765b98d22890307b931848381,cd9df2ade1ca21431041edcb14d5f17dd4911475861cec41755502771901127f,0eb4df990f6753bfc9e9029bf76f169c28456414
Climate_h4,0,1217,N+F,2026,4,61.53169291687499,4e63d0b84cd7266982bddd1882a7219cab63faf765b98d22890307b931848381,cd9df2ade1ca21431041edcb14d5f17dd4911475861cec41755502771901127f,0eb4df990f6753bfc9e9029bf76f169c28456414
Climate_h4,0,1218,N+F,2026,1,61.5908107785886,4e63d0b84cd7266982bddd1882a7219cab63faf765b98d22890307b931848381,cd9df2ade1ca21431041edcb14d5f17dd4911475861cec41755502771901127f,0eb4df990f6753bfc9e9029bf76f169c28456414
Climate_h4,0,1218,N+F,2026,2,61.6014777542931,4e63d0b84cd7266982bddd1882a7219cab63faf765b98d22890307b931848381,cd9df2ade1ca21431041edcb14d5f17dd4911475861cec41755502771901127f,0eb4df990f6753bfc9e9029bf76f169c28456414
Climate_h4,0,1218,N+F,2026,3,61.671247323831196,4e63d0b84cd7266982bddd1882a7219cab63faf765b98d22890307b931848381,cd9df2ade1ca21431041edcb14d5f17dd4911475861cec41755502771901127f,0eb4df990f6753bfc9e9029bf76f169c28456414
Climate_h4,0,1218,N+F,2026,4,61.79811402371014,4e63d0b84cd7266982bddd1882a7219cab63faf765b98d22890307b931848381,cd9df2ade1ca21431041edcb14d5f17dd4911475861cec41755502771901127f,0eb4df990f6753bfc9e9029bf76f169c28456414
Climate_h4,0,1219,N+F,2026,1,61.890136638280474,4e63d0b84cd7266982bddd1882a7219cab63faf765b98d22890307b931848381,cd9df2ade1ca21431041edcb14d5f17dd4911475861cec41755502771901127f,0eb4df990f6753bfc9e9029bf76f169c28456414
Climate_h4,0,1219,N+F,2026,2,61.94473808460774,4e63d0b84cd7266982bddd1882a7219cab63faf765b98d22890307b931848381,cd9df2ade1ca21431041edcb14d5f17dd4911475861cec41755502771901127f,0eb4df990f6753bfc9e9029bf76f169c28456414
Climate_h4,0,1219,N+F,2026,3,62.0552106613378,4e63d0b84cd7266982bddd1882a7219cab63faf765b98d22890307b931848381,cd9df2ade1ca21431041edcb14d5f17dd4911475861cec41755502771901127f,0eb4df990f6753bfc9e9029bf76f169c28456414
Climate_h4,0,1219,N+F,2026,4,62.219395003371666,4e63d0b84cd7266982bddd1882a7219cab63faf765b98d22890307b931848381,cd9df2ade1ca21431041edcb14d5f17dd4911475861cec41755502771901127f,0eb4df990f6753bfc9e9029bf76f169c28456414
Climate_h4,0,1220,N+F,2026,1,65.45870820700016,4e63d0b84cd7266982bddd1882a7219cab63faf765b98d22890307b931848381,cd9df2ade1ca21431041edcb14d5f17dd4911475861cec41755502771901127f,0eb4df990f6753bfc9e9029bf76f169c28456414
Climate_h4,0,1220,N+F,2026,2,65.52811102644684,4e63d0b84cd7266982bddd1882a7219cab63faf765b98d22890307b931848381,cd9df2ade1ca21431041edcb14d5f17dd4911475861cec41755502771901127f,0eb4df990f6753bfc9e9029bf76f169c28456414
Climate_h4,0,1220,N+F,2026,3,65.66198342891396,4e63d0b84cd7266982bddd1882a7219cab63faf765b98d22890307b931848381,cd9df2ade1ca21431041edcb14d5f17dd4911475861cec41755502771901127f,0eb4df990f6753bfc9e9029bf76f169c28456414
Climate_h4,0,1220,N+F,2026,4,65.83281399795248,4e63d0b84cd7266982bddd1882a7219cab63faf765b98d22890307b931848381,cd9df2ade1ca21431041edcb14d5f17dd4911475861cec41755502771901127f,0eb4df990f6753bfc9e9029bf76f169c28456414
Climate_h4,0,1221,N+F,2026,1,66.14800598794106,4e63d0b84cd7266982bddd1882a7219cab63faf765b98d22890307b931848381,cd9df2ade1ca21431041edcb14d5f17dd4911475861cec41755502771901127f,0eb4df990f6753bfc9e9029bf76f169c28456414
Climate_h4,0,1221,N+F,2026,2,66.26216990403269,4e63d0b84cd7266982bddd1882a7219cab63faf765b98d22890307b931848381,cd9df2ade1ca21431041edcb14d5f17dd4911475861cec41755502771901127f,0eb4df990f6753bfc9e9029bf76f169c28456414
Climate_h4,0,1221,N+F,2026,3,66.41761909800442,4e63d0b84cd7266982bddd1882a7219cab63faf765b98d22890307b931848381,cd9df2ade1ca21431041edcb14d5f17dd4911475861cec41755502771901127f,0eb4df990f6753bfc9e9029bf76f169c28456414
Climate_h4,0,1221,N+F,2026,4,66.61237130766496,4e63d0b84cd7266982bddd1882a7219cab63faf765b98d22890307b931848381,cd9df2ade1ca21431041edcb14d5f17dd4911475861cec41755502771901127f,0eb4df990f6753bfc9e9029bf76f169c28456414
Climate_h4,0,1222,N+F,2026,1,58.24550866331907,4e63d0b84cd7266982bddd1882a7219cab63faf765b98d22890307b931848381,cd9df2ade1ca21431041edcb14d5f17dd4911475861cec41755502771901127f,0eb4df990f6753bfc9e9029bf76f169c28456414
Climate_h4,0,1222,N+F,2026,2,58.42340493028937,4e63d0b84cd7266982bddd1882a7219cab63faf765b98d22890307b931848381,cd9df2ade1ca21431041edcb14d5f17dd4911475861cec41755502771901127f,0eb4df990f6753bfc9e9029bf76f169c28456414
Climate_h4,0,1222,N+F,2026,3,58.63864570199018,4e63d0b84cd7266982bddd1882a7219cab63faf765b98d22890307b931848381,cd9df2ade1ca21431041edcb14d5f17dd4911475861cec41755502771901127f,0eb4df990f6753bfc9e9029bf76f169c28456414
Climate_h4,0,1222,N+F,2026,4,58.902898167061046,4e63d0b84cd7266982bddd1882a7219cab63faf765b98d22890307b931848381,cd9df2ade1ca21431041edcb14d5f17dd4911475861cec41755502771901127f,0eb4df990f6753bfc9e9029bf76f169c28456414
Climate_h4,0,1223,N+F,2026,1,54.45541974752866,4e63d0b84cd7266982bddd1882a7219cab63faf765b98d22890307b931848381,cd9df2ade1ca21431041edcb14d5f17dd4911475861cec41755502771901127f,0eb4df990f6753bfc9e9029bf76f169c28456414
Climate_h4,0,1223,N+F,2026,2,54.71094156633557,4e63d0b84cd7266982bddd1882a7219cab63faf765b98d22890307b931848381,cd9df2ade1ca21431041edcb14d5f17dd4911475861cec41755502771901127f,0eb4df990f6753bfc9e9029bf76f169c28456414
Climate_h4,0,1223,N+F,2026,3,55.016909075964804,4e63d0b84cd7266982bddd1882a7219cab63faf765b98d22890307b931848381,cd9df2ade1ca21431041edcb14d5f17dd4911475861cec41755502771901127f,0eb4df990f6753bfc9e9029bf76f169c28456414
Climate_h4,0,1223,N+F,2026,4,55.35677845641118,4e63d0b84cd7266982bddd1882a7219cab63faf765b98d22890307b931848381,cd9df2ade1ca21431041edcb14d5f17dd4911475861cec41755502771901127f,0eb4df990f6753bfc9e9029bf76f169c28456414
Climate_h4,0,1224,N+F,2026,1,54.52415222375463,4e63d0b84cd7266982bddd1882a7219cab63faf765b98d22890307b931848381,cd9df2ade1ca21431041edcb14d5f17dd4911475861cec41755502771901127f,0eb4df990f6753bfc9e9029bf76f169c28456414
Climate_h4,0,1224,N+F,2026,2,54.85899740918904,4e63d0b84cd7266982bddd1882a7219cab63faf765b98d22890307b931848381,cd9df2ade1ca21431041edcb14d5f17dd4911475861cec41755502771901127f,0eb4df990f6753bfc9e9029bf76f169c28456414
Climate_h4,0,1224,N+F,2026,3,55.22592142786527,4e63d0b84cd7266982bddd1882a7219cab63faf765b98d22890307b931848381,cd9df2ade1ca21431041edcb14d5f17dd4911475861cec41755502771901127f,0eb4df990f6753bfc9e9029bf76f169c28456414
Climate_h4,0,1224,N+F,2026,4,55.616701947766586,4e63d0b84cd7266982bddd1882a7219cab63faf765b98d22890307b931848381,cd9df2ade1ca21431041edcb14d5f17dd4911475861cec41755502771901127f,0eb4df990f6753bfc9e9029bf76f169c28456414
Climate_h4,0,1225,N+F,2026,1,53.36067152964601,4e63d0b84cd7266982bddd1882a7219cab63faf765b98d22890307b931848381,cd9df2ade1ca21431041edcb14d5f17dd4911475861cec41755502771901127f,0eb4df990f6753bfc9e9029bf76f169c28456414
Climate_h4,0,1225,N+F,2026,2,53.762547657338715,4e63d0b84cd7266982bddd1882a7219cab63faf765b98d22890307b931848381,cd9df2ade1ca21431041edcb14d5f17dd4911475861cec41755502771901127f,0eb4df990f6753bfc9e9029bf76f169c28456414
Climate_h4,0,1225,N+F,2026,3,54.17329608959047,4e63d0b84cd7266982bddd1882a7219cab63faf765b98d22890307b931848381,cd9df2ade1ca21431041edcb14d5f17dd4911475861cec41755502771901127f,0eb4df990f6753bfc9e9029bf76f169c28456414
Climate_h4,0,1225,N+F,2026,4,54.60564773836882,4e63d0b84cd7266982bddd1882a7219cab63faf765b98d22890307b931848381,cd9df2ade1ca21431041edcb14d5f17dd4911475861cec41755502771901127f,0eb4df990f6753bfc9e9029bf76f169c28456414
Climate_h4,0,1226,N+F,2026,1,55.22339295624575,4e63d0b84cd7266982bddd1882a7219cab63faf765b98d22890307b931848381,cd9df2ade1ca21431041edcb14d5f17dd4911475861cec41755502771901127f,0eb4df990f6753bfc9e9029bf76f169c28456414
Climate_h4,0,1226,N+F,2026,2,55.65623843260118,4e63d0b84cd7266982bddd1882a7219cab63faf765b98d22890307b931848381,cd9df2ade1ca21431041edcb14d5f17dd4911475861cec41755502771901127f,0eb4df990f6753bfc9e9029bf76f169c28456414
Climate_h4,0,1226,N+F,2026,3,56.091950624954514,4e63d0b84cd7266982bddd1882a7219cab63faf765b98d22890307b931848381,cd9df2ade1ca21431041edcb14d5f17dd4911475861cec41755502771901127f,0eb4df990f6753bfc9e9029bf76f169c28456414
Climate_h4,0,1226,N+F,2026,4,56.54900305899087,4e63d0b84cd7266982bddd1882a7219cab63faf765b98d22890307b931848381,cd9df2ade1ca21431041edcb14d5f17dd4911475861cec41755502771901127f,0eb4df990f6753bfc9e9029bf76f169c28456414
Climate_h4,0,1227,N+F,2026,1,56.65669685204475,4e63d0b84cd7266982bddd1882a7219cab63faf765b98d22890307b931848381,cd9df2ade1ca21431041edcb14d5f17dd4911475861cec41755502771901127f,0eb4df990f6753bfc9e9029bf76f169c28456414
Climate_h4,0,1227,N+F,2026,2,57.11845277755622,4e63d0b84cd7266982bddd1882a7219cab63faf765b98d22890307b931848381,cd9df2ade1ca21431041edcb14d5f17dd4911475861cec41755502771901127f,0eb4df990f6753bfc9e9029bf76f169c28456414
Climate_h4,0,1227,N+F,2026,3,57.57352105686599,4e63d0b84cd7266982bddd1882a7219cab63faf765b98d22890307b931848381,cd9df2ade1ca21431041edcb14d5f17dd4911475861cec41755502771901127f,0eb4df990f6753bfc9e9029bf76f169c28456414
Climate_h4,0,1227,N+F,2026,4,58.057387745686135,4e63d0b84cd7266982bddd1882a7219cab63faf765b98d22890307b931848381,cd9df2ade1ca21431041edcb14d5f17dd4911475861cec41755502771901127f,0eb4df990f6753bfc9e9029bf76f169c28456414
Climate_h4,0,1228,N+F,2026,1,59.09083574549201,4e63d0b84cd7266982bddd1882a7219cab63faf765b98d22890307b931848381,cd9df2ade1ca21431041edcb14d5f17dd4911475861cec41755502771901127f,0eb4df990f6753bfc9e9029bf76f169c28456414
Climate_h4,0,1228,N+F,2026,2,59.557306622367996,4e63d0b84cd7266982bddd1882a7219cab63faf765b98d22890307b931848381,cd9df2ade1ca21431041edcb14d5f17dd4911475861cec41755502771901127f,0eb4df990f6753bfc9e9029bf76f169c28456414
Climate_h4,0,1228,N+F,2026,3,60.01603238949408,4e63d0b84cd7266982bddd1882a7219cab63faf765b98d22890307b931848381,cd9df2ade1ca21431041edcb14d5f17dd4911475861cec41755502771901127f,0eb4df990f6753bfc9e9029bf76f169c28456414
Climate_h4,0,1228,N+F,2026,4,60.47923635285986,4e63d0b84cd7266982bddd1882a7219cab63faf765b98d22890307b931848381,cd9df2ade1ca21431041edcb14d5f17dd4911475861cec41755502771901127f,0eb4df990f6753bfc9e9029bf76f169c28456414
Climate_h4,0,1229,N+F,2026,1,58.82986729079377,4e63d0b84cd7266982bddd1882a7219cab63faf765b98d22890307b931848381,cd9df2ade1ca21431041edcb14d5f17dd4911475861cec41755502771901127f,0eb4df990f6753bfc9e9029bf76f169c28456414
Climate_h4,0,1229,N+F,2026,2,59.316960869089115,4e63d0b84cd7266982bddd1882a7219cab63faf765b98d22890307b931848381,cd9df2ade1ca21431041edcb14d5f17dd4911475861cec41755502771901127f,0eb4df990f6753bfc9e9029bf76f169c28456414
Climate_h4,0,1229,N+F,2026,3,59.76303905924233,4e63d0b84cd7266982bddd1882a7219cab63faf765b98d22890307b931848381,cd9df2ade1ca21431041edcb14d5f17dd4911475861cec41755502771901127f,0eb4df990f6753bfc9e9029bf76f169c28456414
Climate_h4,0,1229,N+F,2026,4,60.18640719274068,4e63d0b84cd7266982bddd1882a7219cab63faf765b98d22890307b931848381,cd9df2ade1ca21431041edcb14d5f17dd4911475861cec41755502771901127f,0eb4df990f6753bfc9e9029bf76f169c28456414
Climate_h4,0,1230,N+F,2026,1,57.668863074364495,4e63d0b84cd7266982bddd1882a7219cab63faf765b98d22890307b931848381,cd9df2ade1ca21431041edcb14d5f17dd4911475861cec41755502771901127f,0eb4df990f6753bfc9e9029bf76f169c28456414
Climate_h4,0,1230,N+F,2026,2,58.14983737625123,4e63d0b84cd7266982bddd1882a7219cab63faf765b98d22890307b931848381,cd9df2ade1ca21431041edcb14d5f17dd4911475861cec41755502771901127f,0eb4df990f6753bfc9e9029bf76f169c28456414
Climate_h4,0,1230,N+F,2026,3,58.56614087037183,4e63d0b84cd7266982bddd1882a7219cab63faf765b98d22890307b931848381,cd9df2ade1ca21431041edcb14d5f17dd4911475861cec41755502771901127f,0eb4df990f6753bfc9e9029bf76f169c28456414
Climate_h4,0,1230,N+F,2026,4,58.94151760385949,4e63d0b84cd7266982bddd1882a7219cab63faf765b98d22890307b931848381,cd9df2ade1ca21431041edcb14d5f17dd4911475861cec41755502771901127f,0eb4df990f6753bfc9e9029bf76f169c28456414
Climate_h4,0,1231,N+F,2026,1,56.212731464039344,4e63d0b84cd7266982bddd1882a7219cab63faf765b98d22890307b931848381,cd9df2ade1ca21431041edcb14d5f17dd4911475861cec41755502771901127f,0eb4df990f6753bfc9e9029bf76f169c28456414
Climate_h4,0,1231,N+F,2026,2,56.66490352052417,4e63d0b84cd7266982bddd1882a7219cab63faf765b98d22890307b931848381,cd9df2ade1ca21431041edcb14d5f17dd4911475861cec41755502771901127f,0eb4df990f6753bfc9e9029bf76f169c28456414
Climate_h4,0,1231,N+F,2026,3,57.04431382438563,4e63d0b84cd7266982bddd1882a7219cab63faf765b98d22890307b931848381,cd9df2ade1ca21431041edcb14d5f17dd4911475861cec41755502771901127f,0eb4df990f6753bfc9e9029bf76f169c28456414
Climate_h4,0,1231,N+F,2026,4,57.35117194826402,4e63d0b84cd7266982bddd1882a7219cab63faf765b98d22890307b931848381,cd9df2ade1ca21431041edcb14d5f17dd4911475861cec41755502771901127f,0eb4df990f6753bfc9e9029bf76f169c28456414
Climate_h4,0,1232,N+F,2026,1,55.08793077476161,4e63d0b84cd7266982bddd1882a7219cab63faf765b98d22890307b931848381,cd9df2ade1ca21431041edcb14d5f17dd4911475861cec41755502771901127f,0eb4df990f6753bfc9e9029bf76f169c28456414
Climate_h4,0,1232,N+F,2026,2,55.5032391360621,4e63d0b84cd7266982bddd1882a7219cab63faf765b98d22890307b931848381,cd9df2ade1ca21431041edcb14d5f17dd4911475861cec41755502771901127f,0eb4df990f6753bfc9e9029bf76f169c28456414
Climate_h4,0,1232,N+F,2026,3,55.81855791891532,4e63d0b84cd7266982bddd1882a7219cab63faf765b98d22890307b931848381,cd9df2ade1ca21431041edcb14d5f17dd4911475861cec41755502771901127f,0eb4df990f6753bfc9e9029bf76f169c28456414
Climate_h4,0,1232,N+F,2026,4,56.0538283495904,4e63d0b84cd7266982bddd1882a7219cab63faf765b98d22890307b931848381,cd9df2ade1ca21431041edcb14d5f17dd4911475861cec41755502771901127f,0eb4df990f6753bfc9e9029bf76f169c28456414
Climate_h4,0,1233,N+F,2026,1,56.41318269715172,4e63d0b84cd7266982bddd1882a7219cab63faf765b98d22890307b931848381,cd9df2ade1ca21431041edcb14d5f17dd4911475861cec41755502771901127f,0eb4df990f6753bfc9e9029bf76f169c28456414
Climate_h4,0,1233,N+F,2026,2,56.75510475797297,4e63d0b84cd7266982bddd1882a7219cab63faf765b98d22890307b931848381,cd9df2ade1ca21431041edcb14d5f17dd4911475861cec41755502771901127f,0eb4df990f6753bfc9e9029bf76f169c28456414
Climate_h4,0,1233,N+F,2026,3,56.995367316323,4e63d0b84cd7266982bddd1882a7219cab63faf765b98d22890307b931848381,cd9df2ade1ca21431041edcb14d5f17dd4911475861cec41755502771901127f,0eb4df990f6753bfc9e9029bf76f169c28456414
Climate_h4,0,1233,N+F,2026,4,57.144801580484774,4e63d0b84cd7266982bddd1882a7219cab63faf765b98d22890307b931848381,cd9df2ade1ca21431041edcb14d5f17dd4911475861cec41755502771901127f,0eb4df990f6753bfc9e9029bf76f169c28456414
Climate_h4,0,1234,N+F,2026,1,57.008200063766346,4e63d0b84cd7266982bddd1882a7219cab63faf765b98d22890307b931848381,cd9df2ade1ca21431041edcb14d5f17dd4911475861cec41755502771901127f,0eb4df990f6753bfc9e9029bf76f169c28456414
Climate_h4,0,1234,N+F,2026,2,57.26352694418119,4e63d0b84cd7266982bddd1882a7219cab63faf765b98d22890307b931848381,cd9df2ade1ca21431041edcb14d5f17dd4911475861cec41755502771901127f,0eb4df990f6753bfc9e9029bf76f169c28456414
Climate_h4,0,1234,N+F,2026,3,57.41639530661096,4e63d0b84cd7266982bddd1882a7219cab63faf765b98d22890307b931848381,cd9df2ade1ca21431041edcb14d5f17dd4911475861cec41755502771901127f,0eb4df990f6753bfc9e9029bf76f169c28456414
Climate_h4,0,1234,N+F,2026,4,57.479336546957576,4e63d0b84cd7266982bddd1882a7219cab63faf765b98d22890307b931848381,cd9df2ade1ca21431041edcb14d5f17dd4911475861cec41755502771901127f,0eb4df990f6753bfc9e9029bf76f169c28456414
Climate_h4,0,1235,N+F,2026,1,56.861974035994145,4e63d0b84cd7266982bddd1882a7219cab63faf765b98d22890307b931848381,cd9df2ade1ca21431041edcb14d5f17dd4911475861cec41755502771901127f,0eb4df990f6753bfc9e9029bf76f169c28456414
Climate_h4,0,1235,N+F,2026,2,57.029291476783804,4e63d0b84cd7266982bddd1882a7219cab63faf765b98d22890307b931848381,cd9df2ade1ca21431041edcb14d5f17dd4911475861cec41755502771901127f,0eb4df990f6753bfc9e9029bf76f169c28456414
Climate_h4,0,1235,N+F,2026,3,57.09859691812273,4e63d0b84cd7266982bddd1882a7219cab63faf765b98d22890307b931848381,cd9df2ade1ca21431041edcb14d5f17dd4911475861cec41755502771901127f,0eb4df990f6753bfc9e9029bf76f169c28456414
Climate_h4,0,1235,N+F,2026,4,57.088328085477784,4e63d0b84cd7266982bddd1882a7219cab63faf765b98d22890307b931848381,cd9df2ade1ca21431041edcb14d5f17dd4911475861cec41755502771901127f,0eb4df990f6753bfc9e9029bf76f169c28456414
Climate_h4,0,1236,N+F,2026,1,56.35554523866521,4e63d0b84cd7266982bddd1882a7219cab63faf765b98d22890307b931848381,cd9df2ade1ca21431041edcb14d5f17dd4911475861cec41755502771901127f,0eb4df990f6753bfc9e9029bf76f169c28456414
Climate_h4,0,1236,N+F,2026,2,56.43195814884067,4e63d0b84cd7266982bddd1882a7219cab63faf765b98d22890307b931848381,cd9df2ade1ca21431041edcb14d5f17dd4911475861cec41755502771901127f,0eb4df990f6753bfc9e9029bf76f169c28456414
Climate_h4,0,1236,N+F,2026,3,56.4280783020604,4e63d0b84cd7266982bddd1882a7219cab63faf765b98d22890307b931848381,cd9df2ade1ca21431041edcb14d5f17dd4911475861cec41755502771901127f,0eb4df990f6753bfc9e9029bf76f169c28456414
Climate_h4,0,1236,N+F,2026,4,56.37097369819772,4e63d0b84cd7266982bddd1882a7219cab63faf765b98d22890307b931848381,cd9df2ade1ca21431041edcb14d5f17dd4911475861cec41755502771901127f,0eb4df990f6753bfc9e9029bf76f169c28456414
Climate_h4,0,1237,N+F,2026,1,55.23586585481079,4e63d0b84cd7266982bddd1882a7219cab63faf765b98d22890307b931848381,cd9df2ade1ca21431041edcb14d5f17dd4911475861cec41755502771901127f,0eb4df990f6753bfc9e9029bf76f169c28456414
Climate_h4,0,1237,N+F,2026,2,55.24799344485889,4e63d0b84cd7266982bddd1882a7219cab63faf765b98d22890307b931848381,cd9df2ade1ca21431041edcb14d5f17dd4911475861cec41755502771901127f,0eb4df990f6753bfc9e9029bf76f169c28456414
Climate_h4,0,1237,N+F,2026,3,55.2033602759681,4e63d0b84cd7266982bddd1882a7219cab63faf765b98d22890307b931848381,cd9df2ade1ca21431041edcb14d5f17dd4911475861cec41755502771901127f,0eb4df990f6753bfc9e9029bf76f169c28456414
Climate_h4,0,1237,N+F,2026,4,55.10705732181499,4e63d0b84cd7266982bddd1882a7219cab63faf765b98d22890307b931848381,cd9df2ade1ca21431041edcb14d5f17dd4911475861cec41755502771901127f,0eb4df990f6753bfc9e9029bf76f169c28456414
Climate_h4,0,1238,N+F,2026,1,53.16349659571375,4e63d0b84cd7266982bddd1882a7219cab63faf765b98d22890307b931848381,cd9df2ade1ca21431041edcb14d5f17dd4911475861cec41755502771901127f,0eb4df990f6753bfc9e9029bf76f169c28456414
Climate_h4,0,1238,N+F,2026,2,53.140704851783504,4e63d0b84cd7266982bddd1882a7219cab63faf765b98d22890307b931848381,cd9df2ade1ca21431041edcb14d5f17dd4911475861cec41755502771901127f,0eb4df990f6753bfc9e9029bf76f169c28456414
Climate_h4,0,1238,N+F,2026,3,53.06323713762381,4e63d0b84cd7266982bddd1882a7219cab63faf765b98d22890307b931848381,cd9df2ade1ca21431041edcb14d5f17dd4911475861cec41755502771901127f,0eb4df990f6753bfc9e9029bf76f169c28456414
Climate_h4,0,1238,N+F,2026,4,52.93920942556969,4e63d0b84cd7266982bddd1882a7219cab63faf765b98d22890307b931848381,cd9df2ade1ca21431041edcb14d5f17dd4911475861cec41755502771901127f,0eb4df990f6753bfc9e9029bf76f169c28456414
Climate_h4,0,1239,N+F,2026,1,52.484623433215695,4e63d0b84cd7266982bddd1882a7219cab63faf765b98d22890307b931848381,cd9df2ade1ca21431041edcb14d5f17dd4911475861cec41755502771901127f,0eb4df990f6753bfc9e9029bf76f169c28456414
Climate_h4,0,1239,N+F,2026,2,52.43814999275635,4e63d0b84cd7266982bddd1882a7219cab63faf765b98d22890307b931848381,cd9df2ade1ca21431041edcb14d5f17dd4911475861cec41755502771901127f,0eb4df990f6753bfc9e9029bf76f169c28456414
Climate_h4,0,1239,N+F,2026,3,52.339532618052566,4e63d0b84cd7266982bddd1882a7219cab63faf765b98d22890307b931848381,cd9df2ade1ca21431041edcb14d5f17dd4911475861cec41755502771901127f,0eb4df990f6753bfc9e9029bf76f169c28456414
Climate_h4,0,1239,N+F,2026,4,52.18839573204285,4e63d0b84cd7266982bddd1882a7219cab63faf765b98d22890307b931848381,cd9df2ade1ca21431041edcb14d5f17dd4911475861cec41755502771901127f,0eb4df990f6753bfc9e9029bf76f169c28456414
Climate_h4,0,1240,N+F,2026,1,50.81014776835579,4e63d0b84cd7266982bddd1882a7219cab63faf765b98d22890307b931848381,cd9df2ade1ca21431041edcb14d5f17dd4911475861cec41755502771901127f,0eb4df990f6753bfc9e9029bf76f169c28456414
Climate_h4,0,1240,N+F,2026,2,50.75161475102216,4e63d0b84cd7266982bddd1882a7219cab63faf765b98d22890307b931848381,cd9df2ade1ca21431041edcb14d5f17dd4911475861cec41755502771901127f,0eb4df990f6753bfc9e9029bf76f169c28456414
Climate_h4,0,1240,N+F,2026,3,50.631362713916886,4e63d0b84cd7266982bddd1882a7219cab63faf765b98d22890307b931848381,cd9df2ade1ca21431041edcb14d5f17dd4911475861cec41755502771901127f,0eb4df990f6753bfc9e9029bf76f169c28456414
Climate_h4,0,1240,N+F,2026,4,50.47278759270001,4e63d0b84cd7266982bddd1882a7219cab63faf765b98d22890307b931848381,cd9df2ade1ca21431041edcb14d5f17dd4911475861cec41755502771901127f,0eb4df990f6753bfc9e9029bf76f169c28456414
Climate_h4,0,1241,N+F,2026,1,50.329037243470786,4e63d0b84cd7266982bddd1882a7219cab63faf765b98d22890307b931848381,cd9df2ade1ca21431041edcb14d5f17dd4911475861cec41755502771901127f,0eb4df990f6753bfc9e9029bf76f169c28456414
Climate_h4,0,1241,N+F,2026,2,50.25030738142368,4e63d0b84cd7266982bddd1882a7219cab63faf765b98d22890307b931848381,cd9df2ade1ca21431041edcb14d5f17dd4911475861cec41755502771901127f,0eb4df990f6753bfc9e9029bf76f169c28456414
Climate_h4,0,1241,N+F,2026,3,50.12227088581333,4e63d0b84cd7266982bddd1882a7219cab63faf765b98d22890307b931848381,cd9df2ade1ca21431041edcb14d5f17dd4911475861cec41755502771901127f,0eb4df990f6753bfc9e9029bf76f169c28456414
Climate_h4,0,1241,N+F,2026,4,49.956129294384404,4e63d0b84cd7266982bddd1882a7219cab63faf765b98d22890307b931848381,cd9df2ade1ca21431041edcb14d5f17dd4911475861cec41755502771901127f,0eb4df990f6753bfc9e9029bf76f169c28456414
Climate_h4,0,1242,N+F,2026,1,50.91841028432856,4e63d0b84cd7266982bddd1882a7219cab63faf765b98d22890307b931848381,cd9df2ade1ca21431041edcb14d5f17dd4911475861cec41755502771901127f,0eb4df990f6753bfc9e9029bf76f169c28456414
Climate_h4,0,1242,N+F,2026,2,50.821744291328024,4e63d0b84cd7266982bddd1882a7219cab63faf765b98d22890307b931848381,cd9df2ade1ca21431041edcb14d5f17dd4911475861cec41755502771901127f,0eb4df990f6753bfc9e9029bf76f169c28456414
Climate_h4,0,1242,N+F,2026,3,50.679096511952764,4e63d0b84cd7266982bddd1882a7219cab63faf765b98d22890307b931848381,cd9df2ade1ca21431041edcb14d5f17dd4911475861cec41755502771901127f,0eb4df990f6753bfc9e9029bf76f169c28456414
Climate_h4,0,1242,N+F,2026,4,50.505086418402755,4e63d0b84cd7266982bddd1882a7219cab63faf765b98d22890307b931848381,cd9df2ade1ca21431041edcb14d5f17dd4911475861cec41755502771901127f,0eb4df990f6753bfc9e9029bf76f169c28456414
Climate_h4,0,1243,N+F,2026,1,51.19896143084184,4e63d0b84cd7266982bddd1882a7219cab63faf765b98d22890307b931848381,cd9df2ade1ca21431041edcb14d5f17dd4911475861cec41755502771901127f,0eb4df990f6753bfc9e9029bf76f169c28456414
Climate_h4,0,1243,N+F,2026,2,51.08808546458827,4e63d0b84cd7266982bddd1882a7219cab63faf765b98d22890307b931848381,cd9df2ade1ca21431041edcb14d5f17dd4911475861cec41755502771901127f,0eb4df990f6753bfc9e9029bf76f169c28456414
Climate_h4,0,1243,N+F,2026,3,50.93153444264886,4e63d0b84cd7266982bddd1882a7219cab63faf765b98d22890307b931848381,cd9df2ade1ca21431041edcb14d5f17dd4911475861cec41755502771901127f,0eb4df990f6753bfc9e9029bf76f169c28456414
Climate_h4,0,1243,N+F,2026,4,50.74560491790672,4e63d0b84cd7266982bddd1882a7219cab63faf765b98d22890307b931848381,cd9df2ade1ca21431041edcb14d5f17dd4911475861cec41755502771901127f,0eb4df990f6753bfc9e9029bf76f169c28456414
Climate_h4,0,1244,N+F,2026,1,54.22110271765146,4e63d0b84cd7266982bddd1882a7219cab63faf765b98d22890307b931848381,cd9df2ade1ca21431041edcb14d5f17dd4911475861cec41755502771901127f,0eb4df990f6753bfc9e9029bf76f169c28456414
Climate_h4,0,1244,N+F,2026,2,54.06674381414286,4e63d0b84cd7266982bddd1882a7219cab63faf765b98d22890307b931848381,cd9df2ade1ca21431041edcb14d5f17dd4911475861cec41755502771901127f,0eb4df990f6753bfc9e9029bf76f169c28456414
Climate_h4,0,1244,N+F,2026,3,53.877030366426695,4e63d0b84cd7266982bddd1882a7219cab63faf765b98d22890307b931848381,cd9df2ade1ca21431041edcb14d5f17dd4911475861cec41755502771901127f,0eb4df990f6753bfc9e9029bf76f169c28456414
Climate_h4,0,1244,N+F,2026,4,53.64894405447399,4e63d0b84cd7266982bddd1882a7219cab63faf765b98d22890307b931848381,cd9df2ade1ca21431041edcb14d5f17dd4911475861cec41755502771901127f,0eb4df990f6753bfc9e9029bf76f169c28456414
Climate_h4,0,1245,N+F,2026,1,53.4171537996349,4e63d0b84cd7266982bddd1882a7219cab63faf765b98d22890307b931848381,cd9df2ade1ca21431041edcb14d5f17dd4911475861cec41755502771901127f,0eb4df990f6753bfc9e9029bf76f169c28456414
Climate_h4,0,1245,N+F,2026,2,53.25128409220853,4e63d0b84cd7266982bddd1882a7219cab63faf765b98d22890307b931848381,cd9df2ade1ca21431041edcb14d5f17dd4911475861cec41755502771901127f,0eb4df990f6753bfc9e9029bf76f169c28456414
Climate_h4,0,1245,N+F,2026,3,53.03482540456616,4e63d0b84cd7266982bddd1882a7219cab63faf765b98d22890307b931848381,cd9df2ade1ca21431041edcb14d5f17dd4911475861cec41755502771901127f,0eb4df990f6753bfc9e9029bf76f169c28456414
Climate_h4,0,1245,N+F,2026,4,52.80260000137904,4e63d0b84cd7266982bddd1882a7219cab63faf765b98d22890307b931848381,cd9df2ade1ca21431041edcb14d5f17dd4911475861cec41755502771901127f,0eb4df990f6753bfc9e9029bf76f169c28456414
Climate_h4,0,1246,N+F,2026,1,53.043558203644984,4e63d0b84cd7266982bddd1882a7219cab63faf765b98d22890307b931848381,cd9df2ade1ca21431041edcb14d5f17dd4911475861cec41755502771901127f,0eb4df990f6753bfc9e9029bf76f169c28456414
Climate_h4,0,1246,N+F,2026,2,52.841671219042276,4e63d0b84cd7266982bddd1882a7219cab63faf765b98d22890307b931848381,cd9df2ade1ca21431041edcb14d5f17dd4911475861cec41755502771901127f,0eb4df990f6753bfc9e9029bf76f169c28456414
Climate_h4,0,1246,N+F,2026,3,52.61511171211871,4e63d0b84cd7266982bddd1882a7219cab63faf765b98d22890307b931848381,cd9df2ade1ca21431041edcb14d5f17dd4911475861cec41755502771901127f,0eb4df990f6753bfc9e9029bf76f169c28456414
Climate_h4,0,1246,N+F,2026,4,52.37361000382422,4e63d0b84cd7266982bddd1882a7219cab63faf765b98d22890307b931848381,cd9df2ade1ca21431041edcb14d5f17dd4911475861cec41755502771901127f,0eb4df990f6753bfc9e9029bf76f169c28456414
Climate_h4,0,1247,N+F,2026,1,52.63517344942263,4e63d0b84cd7266982bddd1882a7219cab63faf765b98d22890307b931848381,cd9df2ade1ca21431041edcb14d5f17dd4911475861cec41755502771901127f,0eb4df990f6753bfc9e9029bf76f169c28456414
Climate_h4,0,1247,N+F,2026,2,52.42885392979005,4e63d0b84cd7266982bddd1882a7219cab63faf765b98d22890307b931848381,cd9df2ade1ca21431041edcb14d5f17dd4911475861cec41755502771901127f,0eb4df990f6753bfc9e9029bf76f169c28456414
Climate_h4,0,1247,N+F,2026,3,52.20520139012043,4e63d0b84cd7266982bddd1882a7219cab63faf765b98d22890307b931848381,cd9df2ade1ca21431041edcb14d5f17dd4911475861cec41755502771901127f,0eb4df990f6753bfc9e9029bf76f169c28456414
Climate_h4,0,1247,N+F,2026,4,51.97421777972988,4e63d0b84cd7266982bddd1882a7219cab63faf765b98d22890307b931848381,cd9df2ade1ca21431041edcb14d5f17dd4911475861cec41755502771901127f,0eb4df990f6753bfc9e9029bf76f169c28456414
Climate_h4,0,1248,N+F,2026,1,53.007483612284986,4e63d0b84cd7266982bddd1882a7219cab63faf765b98d22890307b931848381,cd9df2ade1ca21431041edcb14d5f17dd4911475861cec41755502771901127f,0eb4df990f6753bfc9e9029bf76f169c28456414
Climate_h4,0,1248,N+F,2026,2,52.80499851674557,4e63d0b84cd7266982bddd1882a7219cab63faf765b98d22890307b931848381,cd9df2ade1ca21431041edcb14d5f17dd4911475861cec41755502771901127f,0eb4df990f6753bfc9e9029bf76f169c28456414
Climate_h4,0,1248,N+F,2026,3,52.59030523645909,4e63d0b84cd7266982bddd1882a7219cab63faf765b98d22890307b931848381,cd9df2ade1ca21431041edcb14d5f17dd4911475861cec41755502771901127f,0eb4df990f6753bfc9e9029bf76f169c28456414
Climate_h4,0,1248,N+F,2026,4,52.37057201561777,4e63d0b84cd7266982bddd1882a7219cab63faf765b98d22890307b931848381,cd9df2ade1ca21431041edcb14d5f17dd4911475861cec41755502771901127f,0eb4df990f6753bfc9e9029bf76f169c28456414
Climate_h4,0,1249,N+F,2026,1,53.33546695847699,4e63d0b84cd7266982bddd1882a7219cab63faf765b98d22890307b931848381,cd9df2ade1ca21431041edcb14d5f17dd4911475861cec41755502771901127f,0eb4df990f6753bfc9e9029bf76f169c28456414
Climate_h4,0,1249,N+F,2026,2,53.13251217892309,4e63d0b84cd7266982bddd1882a7219cab63faf765b98d22890307b931848381,cd9df2ade1ca21431041edcb14d5f17dd4911475861cec41755502771901127f,0eb4df990f6753bfc9e9029bf76f169c28456414
Climate_h4,0,1249,N+F,2026,3,52.92441203549715,4e63d0b84cd7266982bddd1882a7219cab63faf765b98d22890307b931848381,cd9df2ade1ca21431041edcb14d5f17dd4911475861cec41755502771901127f,0eb4df990f6753bfc9e9029bf76f169c28456414
Climate_h4,0,1249,N+F,2026,4,52.72064752747803,4e63d0b84cd7266982bddd1882a7219cab63faf765b98d22890307b931848381,cd9df2ade1ca21431041edcb14d5f17dd4911475861cec41755502771901127f,0eb4df990f6753bfc9e9029bf76f169c28456414
Climate_h4,0,1250,N+F,2026,1,52.82744808298948,4e63d0b84cd7266982bddd1882a7219cab63faf765b98d22890307b931848381,cd9df2ade1ca21431041edcb14d5f17dd4911475861cec41755502771901127f,0eb4df990f6753bfc9e9029bf76f169c28456414
Climate_h4,0,1250,N+F,2026,2,52.64382391169715,4e63d0b84cd7266982bddd1882a7219cab63faf765b98d22890307b931848381,cd9df2ade1ca21431041edcb14d5f17dd4911475861cec41755502771901127f,0eb4df990f6753bfc9e9029bf76f169c28456414
Climate_h4,0,1250,N+F,2026,3,52.46414776285662,4e63d0b84cd7266982bddd1882a7219cab63faf765b98d22890307b931848381,cd9df2ade1ca21431041edcb14d5f17dd4911475861cec41755502771901127f,0eb4df990f6753bfc9e9029bf76f169c28456414
Climate_h4,0,1250,N+F,2026,4,52.28819917361334,4e63d0b84cd7266982bddd1882a7219cab63faf765b98d22890307b931848381,cd9df2ade1ca21431041edcb14d5f17dd4911475861cec41755502771901127f,0eb4df990f6753bfc9e9029bf76f169c28456414
Climate_h4,0,1251,N+F,2026,1,53.404193600562046,4e63d0b84cd7266982bddd1882a7219cab63faf765b98d22890307b931848381,cd9df2ade1ca21431041edcb14d5f17dd4911475861cec41755502771901127f,0eb4df990f6753bfc9e9029bf76f169c28456414
Climate_h4,0,1251,N+F,2026,2,53.23568527783527,4e63d0b84cd7266982bddd1882a7219cab63faf765b98d22890307b931848381,cd9df2ade1ca21431041edcb14d5f17dd4911475861cec41755502771901127f,0eb4df990f6753bfc9e9029bf76f169c28456414
Climate_h4,0,1251,N+F,2026,3,53.07187896271208,4e63d0b84cd7266982bddd1882a7219cab63faf765b98d22890307b931848381,cd9df2ade1ca21431041edcb14d5f17dd4911475861cec41755502771901127f,0eb4df990f6753bfc9e9029bf76f169c28456414
Climate_h4,0,1251,N+F,2026,4,52.906757715783854,4e63d0b84cd7266982bddd1882a7219cab63faf765b98d22890307b931848381,cd9df2ade1ca21431041edcb14d5f17dd4911475861cec41755502771901127f,0eb4df990f6753bfc9e9029bf76f169c28456414
Climate_h4,0,1252,N+F,2026,1,54.35363645799704,4e63d0b84cd7266982bddd1882a7219cab63faf765b98d22890307b931848381,cd9df2ade1ca21431041edcb14d5f17dd4911475861cec41755502771901127f,0eb4df990f6753bfc9e9029bf76f169c28456414
Climate_h4,0,1252,N+F,2026,2,54.20523609570305,4e63d0b84cd7266982bddd1882a7219cab63faf765b98d22890307b931848381,cd9df2ade1ca21431041edcb14d5f17dd4911475861cec41755502771901127f,0eb4df990f6753bfc9e9029bf76f169c28456414
Climate_h4,0,1252,N+F,2026,3,54.053219340006315,4e63d0b84cd7266982bddd1882a7219cab63faf765b98d22890307b931848381,cd9df2ade1ca21431041edcb14d5f17dd4911475861cec41755502771901127f,0eb4df990f6753bfc9e9029bf76f169c28456414
Climate_h4,0,1252,N+F,2026,4,53.88814312730017,4e63d0b84cd7266982bddd1882a7219cab63faf765b98d22890307b931848381,cd9df2ade1ca21431041edcb14d5f17dd4911475861cec41755502771901127f,0eb4df990f6753bfc9e9029bf76f169c28456414
Climate_h4,0,1253,N+F,2026,1,53.93518888926768,4e63d0b84cd7266982bddd1882a7219cab63faf765b98d22890307b931848381,cd9df2ade1ca21431041edcb14d5f17dd4911475861cec41755502771901127f,0eb4df990f6753bfc9e9029bf76f169c28456414
Climate_h4,0,1253,N+F,2026,2,53.8001008296272,4e63d0b84cd7266982bddd1882a7219cab63faf765b98d22890307b931848381,cd9df2ade1ca21431041edcb14d5f17dd4911475861cec41755502771901127f,0eb4df990f6753bfc9e9029bf76f169c28456414
Climate_h4,0,1253,N+F,2026,3,53.64824782781725,4e63d0b84cd7266982bddd1882a7219cab63faf765b98d22890307b931848381,cd9df2ade1ca21431041edcb14d5f17dd4911475861cec41755502771901127f,0eb4df990f6753bfc9e9029bf76f169c28456414
Climate_h4,0,1253,N+F,2026,4,53.48746403703194,4e63d0b84cd7266982bddd1882a7219cab63faf765b98d22890307b931848381,cd9df2ade1ca21431041edcb14d5f17dd4911475861cec41755502771901127f,0eb4df990f6753bfc9e9029bf76f169c28456414
Climate_h4,0,1254,N+F,2026,1,55.02490865418193,4e63d0b84cd7266982bddd1882a7219cab63faf765b98d22890307b931848381,cd9df2ade1ca21431041edcb14d5f17dd4911475861cec41755502771901127f,0eb4df990f6753bfc9e9029bf76f169c28456414
Climate_h4,0,1254,N+F,2026,2,54.88046592690821,4e63d0b84cd7266982bddd1882a7219cab63faf765b98d22890307b931848381,cd9df2ade1ca21431041edcb14d5f17dd4911475861cec41755502771901127f,0eb4df990f6753bfc9e9029bf76f169c28456414
Climate_h4,0,1254,N+F,2026,3,54.725116989306045,4e63d0b84cd7266982bddd1882a7219cab63faf765b98d22890307b931848381,cd9df2ade1ca21431041edcb14d5f17dd4911475861cec41755502771901127f,0eb4df990f6753bfc9e9029bf76f169c28456414
Climate_h4,0,1254,N+F,2026,4,54.59272666958227,4e63d0b84cd7266982bddd1882a7219cab63faf765b98d22890307b931848381,cd9df2ade1ca21431041edcb14d5f17dd4911475861cec41755502771901127f,0eb4df990f6753bfc9e9029bf76f169c28456414
Climate_h4,0,1255,N+F,2026,1,57.06740528335208,4e63d0b84cd7266982bddd1882a7219cab63faf765b98d22890307b931848381,cd9df2ade1ca21431041edcb14d5f17dd4911475861cec41755502771901127f,0eb4df990f6753bfc9e9029bf76f169c28456414
Climate_h4,0,1255,N+F,2026,2,56.91059923425628,4e63d0b84cd7266982bddd1882a7219cab63faf765b98d22890307b931848381,cd9df2ade1ca21431041edcb14d5f17dd4911475861cec41755502771901127f,0eb4df990f6753bfc9e9029bf76f169c28456414
Climate_h4,0,1255,N+F,2026,3,56.77697192794168,4e63d0b84cd7266982bddd1882a7219cab63faf765b98d22890307b931848381,cd9df2ade1ca21431041edcb14d5f17dd4911475861cec41755502771901127f,0eb4df990f6753bfc9e9029bf76f169c28456414
Climate_h4,0,1255,N+F,2026,4,56.66541329480223,4e63d0b84cd7266982bddd1882a7219cab63faf765b98d22890307b931848381,cd9df2ade1ca21431041edcb14d5f17dd4911475861cec41755502771901127f,0eb4df990f6753bfc9e9029bf76f169c28456414
Climate_h4,0,1256,N+F,2026,1,58.065942304961325,4e63d0b84cd7266982bddd1882a7219cab63faf765b98d22890307b931848381,cd9df2ade1ca21431041edcb14d5f17dd4911475861cec41755502771901127f,0eb4df990f6753bfc9e9029bf76f169c28456414
Climate_h4,0,1256,N+F,2026,2,57.93099546353514,4e63d0b84cd7266982bddd1882a7219cab63faf765b98d22890307b931848381,cd9df2ade1ca21431041edcb14d5f17dd4911475861cec41755502771901127f,0eb4df990f6753bfc9e9029bf76f169c28456414
Climate_h4,0,1256,N+F,2026,3,57.81640034029127,4e63d0b84cd7266982bddd1882a7219cab63faf765b98d22890307b931848381,cd9df2ade1ca21431041edcb14d5f17dd4911475861cec41755502771901127f,0eb4df990f6753bfc9e9029bf76f169c28456414
Climate_h4,0,1256,N+F,2026,4,57.71054055580616,4e63d0b84cd7266982bddd1882a7219cab63faf765b98d22890307b931848381,cd9df2ade1ca21431041edcb14d5f17dd4911475861cec41755502771901127f,0eb4df990f6753bfc9e9029bf76f169c28456414
Climate_h4,0,1257,N+F,2026,1,62.75267155511215,4e63d0b84cd7266982bddd1882a7219cab63faf765b98d22890307b931848381,cd9df2ade1ca21431041edcb14d5f17dd4911475861cec41755502771901127f,0eb4df990f6753bfc9e9029bf76f169c28456414
Climate_h4,0,1257,N+F,2026,2,62.60611151567136,4e63d0b84cd7266982bddd1882a7219cab63faf765b98d22890307b931848381,cd9df2ade1ca21431041edcb14d5f17dd4911475861cec41755502771901127f,0eb4df990f6753bfc9e9029bf76f169c28456414
Climate_h4,0,1257,N+F,2026,3,62.47184178463,4e63d0b84cd7266982bddd1882a7219cab63faf765b98d22890307b931848381,cd9df2ade1ca21431041edcb14d5f17dd4911475861cec41755502771901127f,0eb4df990f6753bfc9e9029bf76f169c28456414
Climate_h4,0,1257,N+F,2026,4,62.341255411412796,4e63d0b84cd7266982bddd1882a7219cab63faf765b98d22890307b931848381,cd9df2ade1ca21431041edcb14d5f17dd4911475861cec41755502771901127f,0eb4df990f6753bfc9e9029bf76f169c28456414
Climate_h4,0,1258,N+F,2026,1,64.84864244109369,4e63d0b84cd7266982bddd1882a7219cab63faf765b98d22890307b931848381,cd9df2ade1ca21431041edcb14d5f17dd4911475861cec41755502771901127f,0eb4df990f6753bfc9e9029bf76f169c28456414
Climate_h4,0,1258,N+F,2026,2,64.68415945610887,4e63d0b84cd7266982bddd1882a7219cab63faf765b98d22890307b931848381,cd9df2ade1ca21431041edcb14d5f17dd4911475861cec41755502771901127f,0eb4df990f6753bfc9e9029bf76f169c28456414
Climate_h4,0,1258,N+F,2026,3,64.52629202490999,4e63d0b84cd7266982bddd1882a7219cab63faf765b98d22890307b931848381,cd9df2ade1ca21431041edcb14d5f17dd4911475861cec41755502771901127f,0eb4df990f6753bfc9e9029bf76f169c28456414
Climate_h4,0,1258,N+F,2026,4,64.37639275659437,4e63d0b84cd7266982bddd1882a7219cab63faf765b98d22890307b931848381,cd9df2ade1ca21431041edcb14d5f17dd4911475861cec41755502771901127f,0eb4df990f6753bfc9e9029bf76f169c28456414
Climate_h4,0,1259,N+F,2026,1,66.57637011969761,4e63d0b84cd7266982bddd1882a7219cab63faf765b98d22890307b931848381,cd9df2ade1ca21431041edcb14d5f17dd4911475861cec41755502771901127f,0eb4df990f6753bfc9e9029bf76f169c28456414
Climate_h4,0,1259,N+F,2026,2,66.37624846039532,4e63d0b84cd7266982bddd1882a7219cab63faf765b98d22890307b931848381,cd9df2ade1ca21431041edcb14d5f17dd4911475861cec41755502771901127f,0eb4df990f6753bfc9e9029bf76f169c28456414
Climate_h4,0,1259,N+F,2026,3,66.19068779986684,4e63d0b84cd7266982bddd1882a7219cab63faf765b98d22890307b931848381,cd9df2ade1ca21431041edcb14d5f17dd4911475861cec41755502771901127f,0eb4df990f6753bfc9e9029bf76f169c28456414
Climate_h4,0,1259,N+F,2026,4,66.00763162367993,4e63d0b84cd7266982bddd1882a7219cab63faf765b98d22890307b931848381,cd9df2ade1ca21431041edcb14d5f17dd4911475861cec41755502771901127f,0eb4df990f6753bfc9e9029bf76f169c28456414
Climate_h4,0,1260,N+F,2026,1,65.10367874903089,4e63d0b84cd7266982bddd1882a7219cab63faf765b98d22890307b931848381,cd9df2ade1ca21431041edcb14d5f17dd4911475861cec41755502771901127f,0eb4df990f6753bfc9e9029bf76f169c28456414
Climate_h4,0,1260,N+F,2026,2,64.89727997982803,4e63d0b84cd7266982bddd1882a7219cab63faf765b98d22890307b931848381,cd9df2ade1ca21431041edcb14d5f17dd4911475861cec41755502771901127f,0eb4df990f6753bfc9e9029bf76f169c28456414
Climate_h4,0,1260,N+F,2026,3,64.70097702804935,4e63d0b84cd7266982bddd1882a7219cab63faf765b98d22890307b931848381,cd9df2ade1ca21431041edcb14d5f17dd4911475861cec41755502771901127f,0eb4df990f6753bfc9e9029bf76f169c28456414
Climate_h4,0,1260,N+F,2026,4,64.51089041782654,4e63d0b84cd7266982bddd1882a7219cab63faf765b98d22890307b931848381,cd9df2ade1ca21431041edcb14d5f17dd4911475861cec41755502771901127f,0eb4df990f6753bfc9e9029bf76f169c28456414
Climate_h4,0,1261,N+F,2026,1,60.45477443785548,4e63d0b84cd7266982bddd1882a7219cab63faf765b98d22890307b931848381,cd9df2ade1ca21431041edcb14d5f17dd4911475861cec41755502771901127f,0eb4df990f6753bfc9e9029bf76f169c28456414
Climate_h4,0,1261,N+F,2026,2,60.26204784375337,4e63d0b84cd7266982bddd1882a7219cab63faf765b98d22890307b931848381,cd9df2ade1ca21431041edcb14d5f17dd4911475861cec41755502771901127f,0eb4df990f6753bfc9e9029bf76f169c28456414
Climate_h4,0,1261,N+F,2026,3,60.08421405596589,4e63d0b84cd7266982bddd1882a7219cab63faf765b98d22890307b931848381,cd9df2ade1ca21431041edcb14d5f17dd4911475861cec41755502771901127f,0eb4df990f6753bfc9e9029bf76f169c28456414
Climate_h4,0,1261,N+F,2026,4,59.930027812562116,4e63d0b84cd7266982bddd1882a7219cab63faf765b98d22890307b931848381,cd9df2ade1ca21431041edcb14d5f17dd4911475861cec41755502771901127f,0eb4df990f6753bfc9e9029bf76f169c28456414
Climate_h4,0,1262,N+F,2026,1,60.06678320996013,4e63d0b84cd7266982bddd1882a7219cab63faf765b98d22890307b931848381,cd9df2ade1ca21431041edcb14d5f17dd4911475861cec41755502771901127f,0eb4df990f6753bfc9e9029bf76f169c28456414
Climate_h4,0,1262,N+F,2026,2,59.89311525258887,4e63d0b84cd7266982bddd1882a7219cab63faf765b98d22890307b931848381,cd9df2ade1ca21431041edcb14d5f17dd4911475861cec41755502771901127f,0eb4df990f6753bfc9e9029bf76f169c28456414
Climate_h4,0,1262,N+F,2026,3,59.75183535549915,4e63d0b84cd7266982bddd1882a7219cab63faf765b98d22890307b931848381,cd9df2ade1ca21431041edcb14d5f17dd4911475861cec41755502771901127f,0eb4df990f6753bfc9e9029bf76f169c28456414
Climate_h4,0,1262,N+F,2026,4,59.61464642359532,4e63d0b84cd7266982bddd1882a7219cab63faf765b98d22890307b931848381,cd9df2ade1ca21431041edcb14d5f17dd4911475861cec41755502771901127f,0eb4df990f6753bfc9e9029bf76f169c28456414
Climate_h4,0,1263,N+F,2026,1,61.533349928448615,4e63d0b84cd7266982bddd1882a7219cab63faf765b98d22890307b931848381,cd9df2ade1ca21431041edcb14d5f17dd4911475861cec41755502771901127f,0eb4df990f6753bfc9e9029bf76f169c28456414
Climate_h4,0,1263,N+F,2026,2,61.383676500693966,4e63d0b84cd7266982bddd1882a7219cab63faf765b98d22890307b931848381,cd9df2ade1ca21431041edcb14d5f17dd4911475861cec41755502771901127f,0eb4df990f6753bfc9e9029bf76f169c28456414
Climate_h4,0,1263,N+F,2026,3,61.2470159212388,4e63d0b84cd7266982bddd1882a7219cab63faf765b98d22890307b931848381,cd9df2ade1ca21431041edcb14d5f17dd4911475861cec41755502771901127f,0eb4df990f6753bfc9e9029bf76f169c28456414
Climate_h4,0,1263,N+F,2026,4,61.10385639386561,4e63d0b84cd7266982bddd1882a7219cab63faf765b98d22890307b931848381,cd9df2ade1ca21431041edcb14d5f17dd4911475861cec41755502771901127f,0eb4df990f6753bfc9e9029bf76f169c28456414
Climate_h4,0,1264,N+F,2026,1,62.85811551545433,4e63d0b84cd7266982bddd1882a7219cab63faf765b98d22890307b931848381,cd9df2ade1ca21431041edcb14d5f17dd4911475861cec41755502771901127f,0eb4df990f6753bfc9e9029bf76f169c28456414
Climate_h4,0,1264,N+F,2026,2,62.7102184647236,4e63d0b84cd7266982bddd1882a7219cab63faf765b98d22890307b931848381,cd9df2ade1ca21431041edcb14d5f17dd4911475861cec41755502771901127f,0eb4df990f6753bfc9e9029bf76f169c28456414
Climate_h4,0,1264,N+F,2026,3,62.55971734146384,4e63d0b84cd7266982bddd1882a7219cab63faf765b98d22890307b931848381,cd9df2ade1ca21431041edcb14d5f17dd4911475861cec41755502771901127f,0eb4df990f6753bfc9e9029bf76f169c28456414
Climate_h4,0,1264,N+F,2026,4,62.42394843139357,4e63d0b84cd7266982bddd1882a7219cab63faf765b98d22890307b931848381,cd9df2ade1ca21431041edcb14d5f17dd4911475861cec41755502771901127f,0eb4df990f6753bfc9e9029bf76f169c28456414
Climate_h4,0,1265,N+F,2026,1,64.65572839041366,4e63d0b84cd7266982bddd1882a7219cab63faf765b98d22890307b931848381,cd9df2ade1ca21431041edcb14d5f17dd4911475861cec41755502771901127f,0eb4df990f6753bfc9e9029bf76f169c28456414
Climate_h4,0,1265,N+F,2026,2,64.4852549694155,4e63d0b84cd7266982bddd1882a7219cab63faf765b98d22890307b931848381,cd9df2ade1ca21431041edcb14d5f17dd4911475861cec41755502771901127f,0eb4df990f6753bfc9e9029bf76f169c28456414
Climate_h4,0,1265,N+F,2026,3,64.33061129302516,4e63d0b84cd7266982bddd1882a7219cab63faf765b98d22890307b931848381,cd9df2ade1ca21431041edcb14d5f17dd4911475861cec41755502771901127f,0eb4df990f6753bfc9e9029bf76f169c28456414
Climate_h4,0,1265,N+F,2026,4,64.22466854006255,4e63d0b84cd7266982bddd1882a7219cab63faf765b98d22890307b931848381,cd9df2ade1ca21431041edcb14d5f17dd4911475861cec41755502771901127f,0eb4df990f6753bfc9e9029bf76f169c28456414
Climate_h4,0,1266,N+F,2026,1,65.36903231292551,4e63d0b84cd7266982bddd1882a7219cab63faf765b98d22890307b931848381,cd9df2ade1ca21431041edcb14d5f17dd4911475861cec41755502771901127f,0eb4df990f6753bfc9e9029bf76f169c28456414
Climate_h4,0,1266,N+F,2026,2,65.20099821797739,4e63d0b84cd7266982bddd1882a7219cab63faf765b98d22890307b931848381,cd9df2ade1ca21431041edcb14d5f17dd4911475861cec41755502771901127f,0eb4df990f6753bfc9e9029bf76f169c28456414
Climate_h4,0,1266,N+F,2026,3,65.07662843894195,4e63d0b84cd7266982bddd1882a7219cab63faf765b98d22890307b931848381,cd9df2ade1ca21431041edcb14d5f17dd4911475861cec41755502771901127f,0eb4df990f6753bfc9e9029bf76f169c28456414
Climate_h4,0,1266,N+F,2026,4,65.00293910931263,4e63d0b84cd7266982bddd1882a7219cab63faf765b98d22890307b931848381,cd9df2ade1ca21431041edcb14d5f17dd4911475861cec41755502771901127f,0eb4df990f6753bfc9e9029bf76f169c28456414
Climate_h4,0,1267,N+F,2026,1,67.20444289690406,4e63d0b84cd7266982bddd1882a7219cab63faf765b98d22890307b931848381,cd9df2ade1ca21431041edcb14d5f17dd4911475861cec41755502771901127f,0eb4df990f6753bfc9e9029bf76f169c28456414
Climate_h4,0,1267,N+F,2026,2,67.05235466177886,4e63d0b84cd7266982bddd1882a7219cab63faf765b98d22890307b931848381,cd9df2ade1ca21431041edcb14d5f17dd4911475861cec41755502771901127f,0eb4df990f6753bfc9e9029bf76f169c28456414
Climate_h4,0,1267,N+F,2026,3,66.94550685612113,4e63d0b84cd7266982bddd1882a7219cab63faf765b98d22890307b931848381,cd9df2ade1ca21431041edcb14d5f17dd4911475861cec41755502771901127f,0eb4df990f6753bfc9e9029bf76f169c28456414
Climate_h4,0,1267,N+F,2026,4,66.89136849239758,4e63d0b84cd7266982bddd1882a7219cab63faf765b98d22890307b931848381,cd9df2ade1ca21431041edcb14d5f17dd4911475861cec41755502771901127f,0eb4df990f6753bfc9e9029bf76f169c28456414
Climate_h4,0,1268,N+F,2026,1,67.06374702861656,4e63d0b84cd7266982bddd1882a7219cab63faf765b98d22890307b931848381,cd9df2ade1ca21431041edcb14d5f17dd4911475861cec41755502771901127f,0eb4df990f6753bfc9e9029bf76f169c28456414
Climate_h4,0,1268,N+F,2026,2,66.93486365580976,4e63d0b84cd7266982bddd1882a7219cab63faf765b98d22890307b931848381,cd9df2ade1ca21431041edcb14d5f17dd4911475861cec41755502771901127f,0eb4df990f6753bfc9e9029bf76f169c28456414
Climate_h4,0,1268,N+F,2026,3,66.85381000326953,4e63d0b84cd7266982bddd1882a7219cab63faf765b98d22890307b931848381,cd9df2ade1ca21431041edcb14d5f17dd4911475861cec41755502771901127f,0eb4df990f6753bfc9e9029bf76f169c28456414
Climate_h4,0,1268,N+F,2026,4,66.80971461093613,4e63d0b84cd7266982bddd1882a7219cab63faf765b98d22890307b931848381,cd9df2ade1ca21431041edcb14d5f17dd4911475861cec41755502771901127f,0eb4df990f6753bfc9e9029bf76f169c28456414
