task_id,fold_id,origin_id,candidate_id,seed,horizon,y_pred,config_hash,feature_hash,code_commit
Climate_h4,0,1017,N+S+Q+F,2026,1,88.92931364316728,003695d3559cb4ce186d2eef8f147c9662c5bdaed5142ca138d558413558cfdb,cd9df2ade1ca21431041edcb14d5f17dd4911475861cec41755502771901127f,481e8c12964102690dfb236b9333146fae9e98ba
Climate_h4,0,1017,N+S+Q+F,2026,2,88.50154894657707,003695d3559cb4ce186d2eef8f147c9662c5bdaed5142ca138d558413558cfdb,cd9df2ade1ca21431041edcb14d5f17dd4911475861cec41755502771901127f,481e8c12964102690dfb236b9333146fae9e98ba
Climate_h4,0,1017,N+S+Q+F,2026,3,88.08960633410226,003695d3559cb4ce186d2eef8f147c9662c5bdaed5142ca138d558413558cfdb,cd9df2ade1ca21431041edcb14d5f17dd4911475861cec41755502771901127f,481e8c12964102690dfb236b9333146fae9e98ba
Climate_h4,0,1017,N+S+Q+F,2026,4,87.71289912888253,003695d3559cb4ce186d2eef8f147c9662c5bdaed5142ca138d558413558cfdb,cd9df2ade1ca21431041edcb14d5f17dd4911475861cec41755502771901127f,481e8c12964102690dfb236b9333146fae9e98ba
Climate_h4,0,1018,N+S+Q+F,2026,1,89.05126117510436,003695d3559cb4ce186d2eef8f147c9662c5bdaed5142ca138d558413558cfdb,cd9df2ade1ca21431041edcb14d5f17dd4911475861cec41755502771901127f,481e8c12964102690dfb236b9333146fae9e98ba
Climate_h4,0,1018,N+S+Q+F,2026,2,88.62238225439374,003695d3559cb4ce186d2eef8f147c9662c5bdaed5142ca138d558413558cfdb,cd9df2ade1ca21431041edcb14d5f17dd4911475861cec41755502771901127f,481e8c12964102690dfb236b9333146fae9e98ba
Climate_h4,0,1018,N+S+Q+F,2026,3,88.21105164262188,003695d3559cb4ce186d2eef8f147c9662c5bdaed5142ca138d558413558cfdb,cd9df2ade1ca21431041edcb14d5f17dd4911475861cec41755502771901127f,481e8c12964102690dfb236b9333146fae9e98ba
Climate_h4,0,1018,N+S+Q+F,2026,4,87.84037152198763,003695d3559cb4ce186d2eef8f147c9662c5bdaed5142ca138d558413558cfdb,cd9df2ade1ca21431041edcb14d5f17dd4911475861cec41755502771901127f,481e8c12964102690dfb236b9333146fae9e98ba
Climate_h4,0,1019,N+S+Q+F,2026,1,80.22485073503734,003695d3559cb4ce186d2eef8f147c9662c5bdaed5142ca138d558413558cfdb,cd9df2ade1ca21431041edcb14d5f17dd4911475861cec41755502771901127f,481e8c12964102690dfb236b9333146fae9e98ba
Climate_h4,0,1019,N+S+Q+F,2026,2,79.81916116148494,003695d3559cb4ce186d2eef8f147c9662c5bdaed5142ca138d558413558cfdb,cd9df2ade1ca21431041edcb14d5f17dd4911475861cec41755502771901127f,481e8c12964102690dfb236b9333146fae9e98ba
Climate_h4,0,1019,N+S+Q+F,2026,3,79.42514420957617,003695d3559cb4ce186d2eef8f147c9662c5bdaed5142ca138d558413558cfdb,cd9df2ade1ca21431041edcb14d5f17dd4911475861cec41755502771901127f,481e8c12964102690dfb236b9333146fae9e98ba
Climate_h4,0,1019,N+S+Q+F,2026,4,79.0786914655709,003695d3559cb4ce186d2eef8f147c9662c5bdaed5142ca138d558413558cfdb,cd9df2ade1ca21431041edcb14d5f17dd4911475861cec41755502771901127f,481e8c12964102690dfb236b9333146fae9e98ba
Climate_h4,0,1020,N+S+Q+F,2026,1,79.98570412254617,003695d3559cb4ce186d2eef8f147c9662c5bdaed5142ca138d558413558cfdb,cd9df2ade1ca21431041edcb14d5f17dd4911475861cec41755502771901127f,481e8c12964102690dfb236b9333146fae9e98ba
Climate_h4,0,1020,N+S+Q+F,2026,2,79.58626666623742,003695d3559cb4ce186d2eef8f147c9662c5bdaed5142ca138d558413558cfdb,cd9df2ade1ca21431041edcb14d5f17dd4911475861cec41755502771901127f,481e8c12964102690dfb236b9333146fae9e98ba
Climate_h4,0,1020,N+S+Q+F,2026,3,79.20853818543534,003695d3559cb4ce186d2eef8f147c9662c5bdaed5142ca138d558413558cfdb,cd9df2ade1ca21431041edcb14d5f17dd4911475861cec41755502771901127f,481e8c12964102690dfb236b9333146fae9e98ba
Climate_h4,0,1020,N+S+Q+F,2026,4,78.87879919525413,003695d3559cb4ce186d2eef8f147c9662c5bdaed5142ca138d558413558cfdb,cd9df2ade1ca21431041edcb14d5f17dd4911475861cec41755502771901127f,481e8c12964102690dfb236b9333146fae9e98ba
Climate_h4,0,1021,N+S+Q+F,2026,1,79.07573253648268,003695d3559cb4ce186d2eef8f147c9662c5bdaed5142ca138d558413558cfdb,cd9df2ade1ca21431041edcb14d5f17dd4911475861cec41755502771901127f,481e8c12964102690dfb236b9333146fae9e98ba
Climate_h4,0,1021,N+S+Q+F,2026,2,78.7050405897231,003695d3559cb4ce186d2eef8f147c9662c5bdaed5142ca138d558413558cfdb,cd9df2ade1ca21431041edcb14d5f17dd4911475861cec41755502771901127f,481e8c12964102690dfb236b9333146fae9e98ba
Climate_h4,0,1021,N+S+Q+F,2026,3,78.35136224379643,003695d3559cb4ce186d2eef8f147c9662c5bdaed5142ca138d558413558cfdb,cd9df2ade1ca21431041edcb14d5f17dd4911475861cec41755502771901127f,481e8c12964102690dfb236b9333146fae9e98ba
Climate_h4,0,1021,N+S+Q+F,2026,4,78.05567295301616,003695d3559cb4ce186d2eef8f147c9662c5bdaed5142ca138d558413558cfdb,cd9df2ade1ca21431041edcb14d5f17dd4911475861cec41755502771901127f,481e8c12964102690dfb236b9333146fae9e98ba
Climate_h4,0,1022,N+S+Q+F,2026,1,76.91979978849022,003695d3559cb4ce186d2eef8f147c9662c5bdaed5142ca138d558413558cfdb,cd9df2ade1ca21431041edcb14d5f17dd4911475861cec41755502771901127f,481e8c12964102690dfb236b9333146fae9e98ba
Climate_h4,0,1022,N+S+Q+F,2026,2,76.61706784097088,003695d3559cb4ce186d2eef8f147c9662c5bdaed5142ca138d558413558cfdb,cd9df2ade1ca21431041edcb14d5f17dd4911475861cec41755502771901127f,481e8c12964102690dfb236b9333146fae9e98ba
Climate_h4,0,1022,N+S+Q+F,2026,3,76.23447484687271,003695d3559cb4ce186d2eef8f147c9662c5bdaed5142ca138d558413558cfdb,cd9df2ade1ca21431041edcb14d5f17dd4911475861cec41755502771901127f,481e8c12964102690dfb236b9333146fae9e98ba
Climate_h4,0,1022,N+S+Q+F,2026,4,75.79181977329056,003695d3559cb4ce186d2eef8f147c9662c5bdaed5142ca138d558413558cfdb,cd9df2ade1ca21431041edcb14d5f17dd4911475861cec41755502771901127f,481e8c12964102690dfb236b9333146fae9e98ba
Climate_h4,0,1023,N+S+Q+F,2026,1,75.65099517428472,003695d3559cb4ce186d2eef8f147c9662c5bdaed5142ca138d558413558cfdb,cd9df2ade1ca21431041edcb14d5f17dd4911475861cec41755502771901127f,481e8c12964102690dfb236b9333146fae9e98ba
Climate_h4,0,1023,N+S+Q+F,2026,2,75.28450452830464,003695d3559cb4ce186d2eef8f147c9662c5bdaed5142ca138d558413558cfdb,cd9df2ade1ca21431041edcb14d5f17dd4911475861cec41755502771901127f,481e8c12964102690dfb236b9333146fae9e98ba
Climate_h4,0,1023,N+S+Q+F,2026,3,74.93865757284692,003695d3559cb4ce186d2eef8f147c9662c5bdaed5142ca138d558413558cfdb,cd9df2ade1ca21431041edcb14d5f17dd4911475861cec41755502771901127f,481e8c12964102690dfb236b9333146fae9e98ba
Climate_h4,0,1023,N+S+Q+F,2026,4,74.64271460400893,003695d3559cb4ce186d2eef8f147c9662c5bdaed5142ca138d558413558cfdb,cd9df2ade1ca21431041edcb14d5f17dd4911475861cec41755502771901127f,481e8c12964102690dfb236b9333146fae9e98ba
Climate_h4,0,1024,N+S+Q+F,2026,1,74.32807113936308,003695d3559cb4ce186d2eef8f147c9662c5bdaed5142ca138d558413558cfdb,cd9df2ade1ca21431041edcb14d5f17dd4911475861cec41755502771901127f,481e8c12964102690dfb236b9333146fae9e98ba
Climate_h4,0,1024,N+S+Q+F,2026,2,73.99484946647313,003695d3559cb4ce186d2eef8f147c9662c5bdaed5142ca138d558413558cfdb,cd9df2ade1ca21431041edcb14d5f17dd4911475861cec41755502771901127f,481e8c12964102690dfb236b9333146fae9e98ba
Climate_h4,0,1024,N+S+Q+F,2026,3,73.67982631031393,003695d3559cb4ce186d2eef8f147c9662c5bdaed5142ca138d558413558cfdb,cd9df2ade1ca21431041edcb14d5f17dd4911475861cec41755502771901127f,481e8c12964102690dfb236b9333146fae9e98ba
Climate_h4,0,1024,N+S+Q+F,2026,4,73.41810454797762,003695d3559cb4ce186d2eef8f147c9662c5bdaed5142ca138d558413558cfdb,cd9df2ade1ca21431041edcb14d5f17dd4911475861cec41755502771901127f,481e8c12964102690dfb236b9333146fae9e98ba
Climate_h4,0,1025,N+S+Q+F,2026,1,72.06209044143802,003695d3559cb4ce186d2eef8f147c9662c5bdaed5142ca138d558413558cfdb,cd9df2ade1ca21431041edcb14d5f17dd4911475861cec41755502771901127f,481e8c12964102690dfb236b9333146fae9e98ba
Climate_h4,0,1025,N+S+Q+F,2026,2,71.75720039671889,003695d3559cb4ce186d2eef8f147c9662c5bdaed5142ca138d558413558cfdb,cd9df2ade1ca21431041edcb14d5f17dd4911475861cec41755502771901127f,481e8c12964102690dfb236b9333146fae9e98ba
Climate_h4,0,1025,N+S+Q+F,2026,3,71.46918536030023,003695d3559cb4ce186d2eef8f147c9662c5bdaed5142ca138d558413558cfdb,cd9df2ade1ca21431041edcb14d5f17dd4911475861cec41755502771901127f,481e8c12964102690dfb236b9333146fae9e98ba
Climate_h4,0,1025,N+S+Q+F,2026,4,71.23155599890114,003695d3559cb4ce186d2eef8f147c9662c5bdaed5142ca138d558413558cfdb,cd9df2ade1ca21431041edcb14d5f17dd4911475861cec41755502771901127f,481e8c12964102690dfb236b9333146fae9e98ba
Climate_h4,0,1026,N+S+Q+F,2026,1,70.86078390053882,003695d3559cb4ce186d2eef8f147c9662c5bdaed5142ca138d558413558cfdb,cd9df2ade1ca21431041edcb14d5f17dd4911475861cec41755502771901127f,481e8c12964102690dfb236b9333146fae9e98ba
Climate_h4,0,1026,N+S+Q+F,2026,2,70.54175313759421,003695d3559cb4ce186d2eef8f147c9662c5bdaed5142ca138d558413558cfdb,cd9df2ade1ca21431041edcb14d5f17dd4911475861cec41755502771901127f,481e8c12964102690dfb236b9333146fae9e98ba
Climate_h4,0,1026,N+S+Q+F,2026,3,70.2442583870665,003695d3559cb4ce186d2eef8f147c9662c5bdaed5142ca138d558413558cfdb,cd9df2ade1ca21431041edcb14d5f17dd4911475861cec41755502771901127f,481e8c12964102690dfb236b9333146fae9e98ba
Climate_h4,0,1026,N+S+Q+F,2026,4,69.98039304764976,003695d3559cb4ce186d2eef8f147c9662c5bdaed5142ca138d558413558cfdb,cd9df2ade1ca21431041edcb14d5f17dd4911475861cec41755502771901127f,481e8c12964102690dfb236b9333146fae9e98ba
Climate_h4,0,1027,N+S+Q+F,2026,1,69.87186930748422,003695d3559cb4ce186d2eef8f147c9662c5bdaed5142ca138d558413558cfdb,cd9df2ade1ca21431041edcb14d5f17dd4911475861cec41755502771901127f,481e8c12964102690dfb236b9333146fae9e98ba
Climate_h4,0,1027,N+S+Q+F,2026,2,69.57457450456594,003695d3559cb4ce186d2eef8f147c9662c5bdaed5142ca138d558413558cfdb,cd9df2ade1ca21431041edcb14d5f17dd4911475861cec41755502771901127f,481e8c12964102690dfb236b9333146fae9e98ba
Climate_h4,0,1027,N+S+Q+F,2026,3,69.29458862819548,003695d3559cb4ce186d2eef8f147c9662c5bdaed5142ca138d558413558cfdb,cd9df2ade1ca21431041edcb14d5f17dd4911475861cec41755502771901127f,481e8c12964102690dfb236b9333146fae9e98ba
Climate_h4,0,1027,N+S+Q+F,2026,4,69.05136139665821,003695d3559cb4ce186d2eef8f147c9662c5bdaed5142ca138d558413558cfdb,cd9df2ade1ca21431041edcb14d5f17dd4911475861cec41755502771901127f,481e8c12964102690dfb236b9333146fae9e98ba
Climate_h4,0,1028,N+S+Q+F,2026,1,68.97283408541033,003695d3559cb4ce186d2eef8f147c9662c5bdaed5142ca138d558413558cfdb,cd9df2ade1ca21431041edcb14d5f17dd4911475861cec41755502771901127f,481e8c12964102690dfb236b9333146fae9e98ba
Climate_h4,0,1028,N+S+Q+F,2026,2,68.69860100088506,003695d3559cb4ce186d2eef8f147c9662c5bdaed5142ca138d558413558cfdb,cd9df2ade1ca21431041edcb14d5f17dd4911475861cec41755502771901127f,481e8c12964102690dfb236b9333146fae9e98ba
Climate_h4,0,1028,N+S+Q+F,2026,3,68.44333299390671,003695d3559cb4ce186d2eef8f147c9662c5bdaed5142ca138d558413558cfdb,cd9df2ade1ca21431041edcb14d5f17dd4911475861cec41755502771901127f,481e8c12964102690dfb236b9333146fae9e98ba
Climate_h4,0,1028,N+S+Q+F,2026,4,68.22267967054322,003695d3559cb4ce186d2eef8f147c9662c5bdaed5142ca138d558413558cfdb,cd9df2ade1ca21431041edcb14d5f17dd4911475861cec41755502771901127f,481e8c12964102690dfb236b9333146fae9e98ba
Climate_h4,0,1029,N+S+Q+F,2026,1,67.19126144749576,003695d3559cb4ce186d2eef8f147c9662c5bdaed5142ca138d558413558cfdb,cd9df2ade1ca21431041edcb14d5f17dd4911475861cec41755502771901127f,481e8c12964102690dfb236b9333146fae9e98ba
Climate_h4,0,1029,N+S+Q+F,2026,2,66.93922004671617,003695d3559cb4ce186d2eef8f147c9662c5bdaed5142ca138d558413558cfdb,cd9df2ade1ca21431041edcb14d5f17dd4911475861cec41755502771901127f,481e8c12964102690dfb236b9333146fae9e98ba
Climate_h4,0,1029,N+S+Q+F,2026,3,66.70177947255138,003695d3559cb4ce186d2eef8f147c9662c5bdaed5142ca138d558413558cfdb,cd9df2ade1ca21431041edcb14d5f17dd4911475861cec41755502771901127f,481e8c12964102690dfb236b9333146fae9e98ba
Climate_h4,0,1029,N+S+Q+F,2026,4,66.5004933808957,003695d3559cb4ce186d2eef8f147c9662c5bdaed5142ca138d558413558cfdb,cd9df2ade1ca21431041edcb14d5f17dd4911475861cec41755502771901127f,481e8c12964102690dfb236b9333146fae9e98ba
Climate_h4,0,1030,N+S+Q+F,2026,1,64.13007440654255,003695d3559cb4ce186d2eef8f147c9662c5bdaed5142ca138d558413558cfdb,cd9df2ade1ca21431041edcb14d5f17dd4911475861cec41755502771901127f,481e8c12964102690dfb236b9333146fae9e98ba
Climate_h4,0,1030,N+S+Q+F,2026,2,63.8501364624618,003695d3559cb4ce186d2eef8f147c9662c5bdaed5142ca138d558413558cfdb,cd9df2ade1ca21431041edcb14d5f17dd4911475861cec41755502771901127f,481e8c12964102690dfb236b9333146fae9e98ba
Climate_h4,0,1030,N+S+Q+F,2026,3,63.596525272320896,003695d3559cb4ce186d2eef8f147c9662c5bdaed5142ca138d558413558cfdb,cd9df2ade1ca21431041edcb14d5f17dd4911475861cec41755502771901127f,481e8c12964102690dfb236b9333146fae9e98ba
Climate_h4,0,1030,N+S+Q+F,2026,4,63.37947770687907,003695d3559cb4ce186d2eef8f147c9662c5bdaed5142ca138d558413558cfdb,cd9df2ade1ca21431041edcb14d5f17dd4911475861cec41755502771901127f,481e8c12964102690dfb236b9333146fae9e98ba
Climate_h4,0,1031,N+S+Q+F,2026,1,64.90049876225336,003695d3559cb4ce186d2eef8f147c9662c5bdaed5142ca138d558413558cfdb,cd9df2ade1ca21431041edcb14d5f17dd4911475861cec41755502771901127f,481e8c12964102690dfb236b9333146fae9e98ba
Climate_h4,0,1031,N+S+Q+F,2026,2,64.64926474704994,003695d3559cb4ce186d2eef8f147c9662c5bdaed5142ca138d558413558cfdb,cd9df2ade1ca21431041edcb14d5f17dd4911475861cec41755502771901127f,481e8c12964102690dfb236b9333146fae9e98ba
Climate_h4,0,1031,N+S+Q+F,2026,3,64.40157424463398,003695d3559cb4ce186d2eef8f147c9662c5bdaed5142ca138d558413558cfdb,cd9df2ade1ca21431041edcb14d5f17dd4911475861cec41755502771901127f,481e8c12964102690dfb236b9333146fae9e98ba
Climate_h4,0,1031,N+S+Q+F,2026,4,64.16129745624762,003695d3559cb4ce186d2eef8f147c9662c5bdaed5142ca138d558413558cfdb,cd9df2ade1ca21431041edcb14d5f17dd4911475861cec41755502771901127f,481e8c12964102690dfb236b9333146fae9e98ba
Climate_h4,0,1032,N+S+Q+F,2026,1,67.11372586556692,003695d3559cb4ce186d2eef8f147c9662c5bdaed5142ca138d558413558cfdb,cd9df2ade1ca21431041edcb14d5f17dd4911475861cec41755502771901127f,481e8c12964102690dfb236b9333146fae9e98ba
Climate_h4,0,1032,N+S+Q+F,2026,2,66.87965436319632,003695d3559cb4ce186d2eef8f147c9662c5bdaed5142ca138d558413558cfdb,cd9df2ade1ca21431041edcb14d5f17dd4911475861cec41755502771901127f,481e8c12964102690dfb236b9333146fae9e98ba
Climate_h4,0,1032,N+S+Q+F,2026,3,66.6439414058708,003695d3559cb4ce186d2eef8f147c9662c5bdaed5142ca138d558413558cfdb,cd9df2ade1ca21431041edcb14d5f17dd4911475861cec41755502771901127f,481e8c12964102690dfb236b9333146fae9e98ba
Climate_h4,0,1032,N+S+Q+F,2026,4,66.41919397202508,003695d3559cb4ce186d2eef8f147c9662c5bdaed5142ca138d558413558cfdb,cd9df2ade1ca21431041edcb14d5f17dd4911475861cec41755502771901127f,481e8c12964102690dfb236b9333146fae9e98ba
Climate_h4,0,1033,N+S+Q+F,2026,1,64.72628280891348,003695d3559cb4ce186d2eef8f147c9662c5bdaed5142ca138d558413558cfdb,cd9df2ade1ca21431041edcb14d5f17dd4911475861cec41755502771901127f,481e8c12964102690dfb236b9333146fae9e98ba
Climate_h4,0,1033,N+S+Q+F,2026,2,64.49666827981964,003695d3559cb4ce186d2eef8f147c9662c5bdaed5142ca138d558413558cfdb,cd9df2ade1ca21431041edcb14d5f17dd4911475861cec41755502771901127f,481e8c12964102690dfb236b9333146fae9e98ba
Climate_h4,0,1033,N+S+Q+F,2026,3,64.26443224767523,003695d3559cb4ce186d2eef8f147c9662c5bdaed5142ca138d558413558cfdb,cd9df2ade1ca21431041edcb14d5f17dd4911475861cec41755502771901127f,481e8c12964102690dfb236b9333146fae9e98ba
Climate_h4,0,1033,N+S+Q+F,2026,4,64.04980952660547,003695d3559cb4ce186d2eef8f147c9662c5bdaed5142ca138d558413558cfdb,cd9df2ade1ca21431041edcb14d5f17dd4911475861cec41755502771901127f,481e8c12964102690dfb236b9333146fae9e98ba
Climate_h4,0,1034,N+S+Q+F,2026,1,66.77035373462844,003695d3559cb4ce186d2eef8f147c9662c5bdaed5142ca138d558413558cfdb,cd9df2ade1ca21431041edcb14d5f17dd4911475861cec41755502771901127f,481e8c12964102690dfb236b9333146fae9e98ba
Climate_h4,0,1034,N+S+Q+F,2026,2,66.53773370491187,003695d3559cb4ce186d2eef8f147c9662c5bdaed5142ca138d558413558cfdb,cd9df2ade1ca21431041edcb14d5f17dd4911475861cec41755502771901127f,481e8c12964102690dfb236b9333146fae9e98ba
Climate_h4,0,1034,N+S+Q+F,2026,3,66.30592048484607,003695d3559cb4ce186d2eef8f147c9662c5bdaed5142ca138d558413558cfdb,cd9df2ade1ca21431041edcb14d5f17dd4911475861cec41755502771901127f,481e8c12964102690dfb236b9333146fae9e98ba
Climate_h4,0,1034,N+S+Q+F,2026,4,66.09436767478319,003695d3559cb4ce186d2eef8f147c9662c5bdaed5142ca138d558413558cfdb,cd9df2ade1ca21431041edcb14d5f17dd4911475861cec41755502771901127f,481e8c12964102690dfb236b9333146fae9e98ba
Climate_h4,0,1035,N+S+Q+F,2026,1,69.87737361959331,003695d3559cb4ce186d2eef8f147c9662c5bdaed5142ca138d558413558cfdb,cd9df2ade1ca21431041edcb14d5f17dd4911475861cec41755502771901127f,481e8c12964102690dfb236b9333146fae9e98ba
Climate_h4,0,1035,N+S+Q+F,2026,2,69.58883739584634,003695d3559cb4ce186d2eef8f147c9662c5bdaed5142ca138d558413558cfdb,cd9df2ade1ca21431041edcb14d5f17dd4911475861cec41755502771901127f,481e8c12964102690dfb236b9333146fae9e98ba
Climate_h4,0,1035,N+S+Q+F,2026,3,69.3017789596748,003695d3559cb4ce186d2eef8f147c9662c5bdaed5142ca138d558413558cfdb,cd9df2ade1ca21431041edcb14d5f17dd4911475861cec41755502771901127f,481e8c12964102690dfb236b9333146fae9e98ba
Climate_h4,0,1035,N+S+Q+F,2026,4,69.00062154018241,003695d3559cb4ce186d2eef8f147c9662c5bdaed5142ca138d558413558cfdb,cd9df2ade1ca21431041edcb14d5f17dd4911475861cec41755502771901127f,481e8c12964102690dfb236b9333146fae9e98ba
Climate_h4,0,1036,N+S+Q+F,2026,1,74.71592762057189,003695d3559cb4ce186d2eef8f147c9662c5bdaed5142ca138d558413558cfdb,cd9df2ade1ca21431041edcb14d5f17dd4911475861cec41755502771901127f,481e8c12964102690dfb236b9333146fae9e98ba
Climate_h4,0,1036,N+S+Q+F,2026,2,74.40607224149983,003695d3559cb4ce186d2eef8f147c9662c5bdaed5142ca138d558413558cfdb,cd9df2ade1ca21431041edcb14d5f17dd4911475861cec41755502771901127f,481e8c12964102690dfb236b9333146fae9e98ba
Climate_h4,0,1036,N+S+Q+F,2026,3,74.09712249160172,003695d3559cb4ce186d2eef8f147c9662c5bdaed5142ca138d558413558cfdb,cd9df2ade1ca21431041edcb14d5f17dd4911475861cec41755502771901127f,481e8c12964102690dfb236b9333146fae9e98ba
Climate_h4,0,1036,N+S+Q+F,2026,4,73.77889633375926,003695d3559cb4ce186d2eef8f147c9662c5bdaed5142ca138d558413558cfdb,cd9df2ade1ca21431041edcb14d5f17dd4911475861cec41755502771901127f,481e8c12964102690dfb236b9333146fae9e98ba
Climate_h4,0,1037,N+S+Q+F,2026,1,73.06726874931073,003695d3559cb4ce186d2eef8f147c9662c5bdaed5142ca138d558413558cfdb,cd9df2ade1ca21431041edcb14d5f17dd4911475861cec41755502771901127f,481e8c12964102690dfb236b9333146fae9e98ba
Climate_h4,0,1037,N+S+Q+F,2026,2,72.75406017280024,003695d3559cb4ce186d2eef8f147c9662c5bdaed5142ca138d558413558cfdb,cd9df2ade1ca21431041edcb14d5f17dd4911475861cec41755502771901127f,481e8c12964102690dfb236b9333146fae9e98ba
Climate_h4,0,1037,N+S+Q+F,2026,3,72.44171965566343,003695d3559cb4ce186d2eef8f147c9662c5bdaed5142ca138d558413558cfdb,cd9df2ade1ca21431041edcb14d5f17dd4911475861cec41755502771901127f,481e8c12964102690dfb236b9333146fae9e98ba
Climate_h4,0,1037,N+S+Q+F,2026,4,72.12789231306958,003695d3559cb4ce186d2eef8f147c9662c5bdaed5142ca138d558413558cfdb,cd9df2ade1ca21431041edcb14d5f17dd4911475861cec41755502771901127f,481e8c12964102690dfb236b9333146fae9e98ba
Climate_h4,0,1038,N+S+Q+F,2026,1,73.22849124426367,003695d3559cb4ce186d2eef8f147c9662c5bdaed5142ca138d558413558cfdb,cd9df2ade1ca21431041edcb14d5f17dd4911475861cec41755502771901127f,481e8c12964102690dfb236b9333146fae9e98ba
Climate_h4,0,1038,N+S+Q+F,2026,2,72.88726276156828,003695d3559cb4ce186d2eef8f147c9662c5bdaed5142ca138d558413558cfdb,cd9df2ade1ca21431041edcb14d5f17dd4911475861cec41755502771901127f,481e8c12964102690dfb236b9333146fae9e98ba
Climate_h4,0,1038,N+S+Q+F,2026,3,72.56180053227855,003695d3559cb4ce186d2eef8f147c9662c5bdaed5142ca138d558413558cfdb,cd9df2ade1ca21431041edcb14d5f17dd4911475861cec41755502771901127f,481e8c12964102690dfb236b9333146fae9e98ba
Climate_h4,0,1038,N+S+Q+F,2026,4,72.24991391283473,003695d3559cb4ce186d2eef8f147c9662c5bdaed5142ca138d558413558cfdb,cd9df2ade1ca21431041edcb14d5f17dd4911475861cec41755502771901127f,481e8c12964102690dfb236b9333146fae9e98ba
Climate_h4,0,1039,N+S+Q+F,2026,1,70.57961765721232,003695d3559cb4ce186d2eef8f147c9662c5bdaed5142ca138d558413558cfdb,cd9df2ade1ca21431041edcb14d5f17dd4911475861cec41755502771901127f,481e8c12964102690dfb236b9333146fae9e98ba
Climate_h4,0,1039,N+S+Q+F,2026,2,70.24029842641613,003695d3559cb4ce186d2eef8f147c9662c5bdaed5142ca138d558413558cfdb,cd9df2ade1ca21431041edcb14d5f17dd4911475861cec41755502771901127f,481e8c12964102690dfb236b9333146fae9e98ba
Climate_h4,0,1039,N+S+Q+F,2026,3,69.8903228482958,003695d3559cb4ce186d2eef8f147c9662c5bdaed5142ca138d558413558cfdb,cd9df2ade1ca21431041edcb14d5f17dd4911475861cec41755502771901127f,481e8c12964102690dfb236b9333146fae9e98ba
Climate_h4,0,1039,N+S+Q+F,2026,4,69.50839386704733,003695d3559cb4ce186d2eef8f147c9662c5bdaed5142ca138d558413558cfdb,cd9df2ade1ca21431041edcb14d5f17dd4911475861cec41755502771901127f,481e8c12964102690dfb236b9333146fae9e98ba
Climate_h4,0,1040,N+S+Q+F,2026,1,71.65457163104368,003695d3559cb4ce186d2eef8f147c9662c5bdaed5142ca138d558413558cfdb,cd9df2ade1ca21431041edcb14d5f17dd4911475861cec41755502771901127f,481e8c12964102690dfb236b9333146fae9e98ba
Climate_h4,0,1040,N+S+Q+F,2026,2,71.28631088946945,003695d3559cb4ce186d2eef8f147c9662c5bdaed5142ca138d558413558cfdb,cd9df2ade1ca21431041edcb14d5f17dd4911475861cec41755502771901127f,481e8c12964102690dfb236b9333146fae9e98ba
Climate_h4,0,1040,N+S+Q+F,2026,3,70.9388197781692,003695d3559cb4ce186d2eef8f147c9662c5bdaed5142ca138d558413558cfdb,cd9df2ade1ca21431041edcb14d5f17dd4911475861cec41755502771901127f,481e8c12964102690dfb236b9333146fae9e98ba
Climate_h4,0,1040,N+S+Q+F,2026,4,70.59885158847266,003695d3559cb4ce186d2eef8f147c9662c5bdaed5142ca138d558413558cfdb,cd9df2ade1ca21431041edcb14d5f17dd4911475861cec41755502771901127f,481e8c12964102690dfb236b9333146fae9e98ba
Climate_h4,0,1041,N+S+Q+F,2026,1,74.88365104440527,003695d3559cb4ce186d2eef8f147c9662c5bdaed5142ca138d558413558cfdb,cd9df2ade1ca21431041edcb14d5f17dd4911475861cec41755502771901127f,481e8c12964102690dfb236b9333146fae9e98ba
Climate_h4,0,1041,N+S+Q+F,2026,2,74.50794202983118,003695d3559cb4ce186d2eef8f147c9662c5bdaed5142ca138d558413558cfdb,cd9df2ade1ca21431041edcb14d5f17dd4911475861cec41755502771901127f,481e8c12964102690dfb236b9333146fae9e98ba
Climate_h4,0,1041,N+S+Q+F,2026,3,74.15421147295211,003695d3559cb4ce186d2eef8f147c9662c5bdaed5142ca138d558413558cfdb,cd9df2ade1ca21431041edcb14d5f17dd4911475861cec41755502771901127f,481e8c12964102690dfb236b9333146fae9e98ba
Climate_h4,0,1041,N+S+Q+F,2026,4,73.81924655479891,003695d3559cb4ce186d2eef8f147c9662c5bdaed5142ca138d558413558cfdb,cd9df2ade1ca21431041edcb14d5f17dd4911475861cec41755502771901127f,481e8c12964102690dfb236b9333146fae9e98ba
Climate_h4,0,1042,N+S+Q+F,2026,1,75.73287845061692,003695d3559cb4ce186d2eef8f147c9662c5bdaed5142ca138d558413558cfdb,cd9df2ade1ca21431041edcb14d5f17dd4911475861cec41755502771901127f,481e8c12964102690dfb236b9333146fae9e98ba
Climate_h4,0,1042,N+S+Q+F,2026,2,75.34354689570604,003695d3559cb4ce186d2eef8f147c9662c5bdaed5142ca138d558413558cfdb,cd9df2ade1ca21431041edcb14d5f17dd4911475861cec41755502771901127f,481e8c12964102690dfb236b9333146fae9e98ba
Climate_h4,0,1042,N+S+Q+F,2026,3,74.98404641685735,003695d3559cb4ce186d2eef8f147c9662c5bdaed5142ca138d558413558cfdb,cd9df2ade1ca21431041edcb14d5f17dd4911475861cec41755502771901127f,481e8c12964102690dfb236b9333146fae9e98ba
Climate_h4,0,1042,N+S+Q+F,2026,4,74.65270469429453,003695d3559cb4ce186d2eef8f147c9662c5bdaed5142ca138d558413558cfdb,cd9df2ade1ca21431041edcb14d5f17dd4911475861cec41755502771901127f,481e8c12964102690dfb236b9333146fae9e98ba
Climate_h4,0,1043,N+S+Q+F,2026,1,76.8992968776089,003695d3559cb4ce186d2eef8f147c9662c5bdaed5142ca138d558413558cfdb,cd9df2ade1ca21431041edcb14d5f17dd4911475861cec41755502771901127f,481e8c12964102690dfb236b9333146fae9e98ba
Climate_h4,0,1043,N+S+Q+F,2026,2,76.46454997470013,003695d3559cb4ce186d2eef8f147c9662c5bdaed5142ca138d558413558cfdb,cd9df2ade1ca21431041edcb14d5f17dd4911475861cec41755502771901127f,481e8c12964102690dfb236b9333146fae9e98ba
Climate_h4,0,1043,N+S+Q+F,2026,3,76.06851554112346,003695d3559cb4ce186d2eef8f147c9662c5bdaed5142ca138d558413558cfdb,cd9df2ade1ca21431041edcb14d5f17dd4911475861cec41755502771901127f,481e8c12964102690dfb236b9333146fae9e98ba
Climate_h4,0,1043,N+S+Q+F,2026,4,75.65927715351211,003695d3559cb4ce186d2eef8f147c9662c5bdaed5142ca138d558413558cfdb,cd9df2ade1ca21431041edcb14d5f17dd4911475861cec41755502771901127f,481e8c12964102690dfb236b9333146fae9e98ba
Climate_h4,0,1044,N+S+Q+F,2026,1,78.30899861670885,003695d3559cb4ce186d2eef8f147c9662c5bdaed5142ca138d558413558cfdb,cd9df2ade1ca21431041edcb14d5f17dd4911475861cec41755502771901127f,481e8c12964102690dfb236b9333146fae9e98ba
Climate_h4,0,1044,N+S+Q+F,2026,2,77.98569622864139,003695d3559cb4ce186d2eef8f147c9662c5bdaed5142ca138d558413558cfdb,cd9df2ade1ca21431041edcb14d5f17dd4911475861cec41755502771901127f,481e8c12964102690dfb236b9333146fae9e98ba
Climate_h4,0,1044,N+S+Q+F,2026,3,77.57750509817053,003695d3559cb4ce186d2eef8f147c9662c5bdaed5142ca138d558413558cfdb,cd9df2ade1ca21431041edcb14d5f17dd4911475861cec41755502771901127f,481e8c12964102690dfb236b9333146fae9e98ba
Climate_h4,0,1044,N+S+Q+F,2026,4,77.06310667991103,003695d3559cb4ce186d2eef8f147c9662c5bdaed5142ca138d558413558cfdb,cd9df2ade1ca21431041edcb14d5f17dd4911475861cec41755502771901127f,481e8c12964102690dfb236b9333146fae9e98ba
Climate_h4,0,1045,N+S+Q+F,2026,1,78.34167577758313,003695d3559cb4ce186d2eef8f147c9662c5bdaed5142ca138d558413558cfdb,cd9df2ade1ca21431041edcb14d5f17dd4911475861cec41755502771901127f,481e8c12964102690dfb236b9333146fae9e98ba
Climate_h4,0,1045,N+S+Q+F,2026,2,77.92540729051397,003695d3559cb4ce186d2eef8f147c9662c5bdaed5142ca138d558413558cfdb,cd9df2ade1ca21431041edcb14d5f17dd4911475861cec41755502771901127f,481e8c12964102690dfb236b9333146fae9e98ba
Climate_h4,0,1045,N+S+Q+F,2026,3,77.55069419526205,003695d3559cb4ce186d2eef8f147c9662c5bdaed5142ca138d558413558cfdb,cd9df2ade1ca21431041edcb14d5f17dd4911475861cec41755502771901127f,481e8c12964102690dfb236b9333146fae9e98ba
Climate_h4,0,1045,N+S+Q+F,2026,4,77.20838135447605,003695d3559cb4ce186d2eef8f147c9662c5bdaed5142ca138d558413558cfdb,cd9df2ade1ca21431041edcb14d5f17dd4911475861cec41755502771901127f,481e8c12964102690dfb236b9333146fae9e98ba
Climate_h4,0,1046,N+S+Q+F,2026,1,79.04449507818346,003695d3559cb4ce186d2eef8f147c9662c5bdaed5142ca138d558413558cfdb,cd9df2ade1ca21431041edcb14d5f17dd4911475861cec41755502771901127f,481e8c12964102690dfb236b9333146fae9e98ba
Climate_h4,0,1046,N+S+Q+F,2026,2,78.63103950550006,003695d3559cb4ce186d2eef8f147c9662c5bdaed5142ca138d558413558cfdb,cd9df2ade1ca21431041edcb14d5f17dd4911475861cec41755502771901127f,481e8c12964102690dfb236b9333146fae9e98ba
Climate_h4,0,1046,N+S+Q+F,2026,3,78.26168932756715,003695d3559cb4ce186d2eef8f147c9662c5bdaed5142ca138d558413558cfdb,cd9df2ade1ca21431041edcb14d5f17dd4911475861cec41755502771901127f,481e8c12964102690dfb236b9333146fae9e98ba
Climate_h4,0,1046,N+S+Q+F,2026,4,77.93067615285977,003695d3559cb4ce186d2eef8f147c9662c5bdaed5142ca138d558413558cfdb,cd9df2ade1ca21431041edcb14d5f17dd4911475861cec41755502771901127f,481e8c12964102690dfb236b9333146fae9e98ba
Climate_h4,0,1047,N+S+Q+F,2026,1,77.73021339318646,003695d3559cb4ce186d2eef8f147c9662c5bdaed5142ca138d558413558cfdb,cd9df2ade1ca21431041edcb14d5f17dd4911475861cec41755502771901127f,481e8c12964102690dfb236b9333146fae9e98ba
Climate_h4,0,1047,N+S+Q+F,2026,2,77.3261182766575,003695d3559cb4ce186d2eef8f147c9662c5bdaed5142ca138d558413558cfdb,cd9df2ade1ca21431041edcb14d5f17dd4911475861cec41755502771901127f,481e8c12964102690dfb236b9333146fae9e98ba
Climate_h4,0,1047,N+S+Q+F,2026,3,76.97312613910542,003695d3559cb4ce186d2eef8f147c9662c5bdaed5142ca138d558413558cfdb,cd9df2ade1ca21431041edcb14d5f17dd4911475861cec41755502771901127f,481e8c12964102690dfb236b9333146fae9e98ba
Climate_h4,0,1047,N+S+Q+F,2026,4,76.66923723147487,003695d3559cb4ce186d2eef8f147c9662c5bdaed5142ca138d558413558cfdb,cd9df2ade1ca21431041edcb14d5f17dd4911475861cec41755502771901127f,481e8c12964102690dfb236b9333146fae9e98ba
Climate_h4,0,1048,N+S+Q+F,2026,1,75.63630058419677,003695d3559cb4ce186d2eef8f147c9662c5bdaed5142ca138d558413558cfdb,cd9df2ade1ca21431041edcb14d5f17dd4911475861cec41755502771901127f,481e8c12964102690dfb236b9333146fae9e98ba
Climate_h4,0,1048,N+S+Q+F,2026,2,75.19523497607054,003695d3559cb4ce186d2eef8f147c9662c5bdaed5142ca138d558413558cfdb,cd9df2ade1ca21431041edcb14d5f17dd4911475861cec41755502771901127f,481e8c12964102690dfb236b9333146fae9e98ba
Climate_h4,0,1048,N+S+Q+F,2026,3,74.815227288317,003695d3559cb4ce186d2eef8f147c9662c5bdaed5142ca138d558413558cfdb,cd9df2ade1ca21431041edcb14d5f17dd4911475861cec41755502771901127f,481e8c12964102690dfb236b9333146fae9e98ba
Climate_h4,0,1048,N+S+Q+F,2026,4,74.47522099690943,003695d3559cb4ce186d2eef8f147c9662c5bdaed5142ca138d558413558cfdb,cd9df2ade1ca21431041edcb14d5f17dd4911475861cec41755502771901127f,481e8c12964102690dfb236b9333146fae9e98ba
Climate_h4,0,1049,N+S+Q+F,2026,1,76.46368157320474,003695d3559cb4ce186d2eef8f147c9662c5bdaed5142ca138d558413558cfdb,cd9df2ade1ca21431041edcb14d5f17dd4911475861cec41755502771901127f,481e8c12964102690dfb236b9333146fae9e98ba
Climate_h4,0,1049,N+S+Q+F,2026,2,76.03784429894543,003695d3559cb4ce186d2eef8f147c9662c5bdaed5142ca138d558413558cfdb,cd9df2ade1ca21431041edcb14d5f17dd4911475861cec41755502771901127f,481e8c12964102690dfb236b9333146fae9e98ba
Climate_h4,0,1049,N+S+Q+F,2026,3,75.67645040350617,003695d3559cb4ce186d2eef8f147c9662c5bdaed5142ca138d558413558cfdb,cd9df2ade1ca21431041edcb14d5f17dd4911475861cec41755502771901127f,481e8c12964102690dfb236b9333146fae9e98ba
Climate_h4,0,1049,N+S+Q+F,2026,4,75.36196604313807,003695d3559cb4ce186d2eef8f147c9662c5bdaed5142ca138d558413558cfdb,cd9df2ade1ca21431041edcb14d5f17dd4911475861cec41755502771901127f,481e8c12964102690dfb236b9333146fae9e98ba
Climate_h4,0,1050,N+S+Q+F,2026,1,77.76320605363541,003695d3559cb4ce186d2eef8f147c9662c5bdaed5142ca138d558413558cfdb,cd9df2ade1ca21431041edcb14d5f17dd4911475861cec41755502771901127f,481e8c12964102690dfb236b9333146fae9e98ba
Climate_h4,0,1050,N+S+Q+F,2026,2,77.36125621984435,003695d3559cb4ce186d2eef8f147c9662c5bdaed5142ca138d558413558cfdb,cd9df2ade1ca21431041edcb14d5f17dd4911475861cec41755502771901127f,481e8c12964102690dfb236b9333146fae9e98ba
Climate_h4,0,1050,N+S+Q+F,2026,3,77.03028054491465,003695d3559cb4ce186d2eef8f147c9662c5bdaed5142ca138d558413558cfdb,cd9df2ade1ca21431041edcb14d5f17dd4911475861cec41755502771901127f,481e8c12964102690dfb236b9333146fae9e98ba
Climate_h4,0,1050,N+S+Q+F,2026,4,76.75415604762951,003695d3559cb4ce186d2eef8f147c9662c5bdaed5142ca138d558413558cfdb,cd9df2ade1ca21431041edcb14d5f17dd4911475861cec41755502771901127f,481e8c12964102690dfb236b9333146fae9e98ba
Climate_h4,0,1051,N+S+Q+F,2026,1,78.59613061796048,003695d3559cb4ce186d2eef8f147c9662c5bdaed5142ca138d558413558cfdb,cd9df2ade1ca21431041edcb14d5f17dd4911475861cec41755502771901127f,481e8c12964102690dfb236b9333146fae9e98ba
Climate_h4,0,1051,N+S+Q+F,2026,2,78.20963358881892,003695d3559cb4ce186d2eef8f147c9662c5bdaed5142ca138d558413558cfdb,cd9df2ade1ca21431041edcb14d5f17dd4911475861cec41755502771901127f,481e8c12964102690dfb236b9333146fae9e98ba
Climate_h4,0,1051,N+S+Q+F,2026,3,77.89743759692986,003695d3559cb4ce186d2eef8f147c9662c5bdaed5142ca138d558413558cfdb,cd9df2ade1ca21431041edcb14d5f17dd4911475861cec41755502771901127f,481e8c12964102690dfb236b9333146fae9e98ba
Climate_h4,0,1051,N+S+Q+F,2026,4,77.65226922982546,003695d3559cb4ce186d2eef8f147c9662c5bdaed5142ca138d558413558cfdb,cd9df2ade1ca21431041edcb14d5f17dd4911475861cec41755502771901127f,481e8c12964102690dfb236b9333146fae9e98ba
Climate_h4,0,1052,N+S+Q+F,2026,1,79.28940044979232,003695d3559cb4ce186d2eef8f147c9662c5bdaed5142ca138d558413558cfdb,cd9df2ade1ca21431041edcb14d5f17dd4911475861cec41755502771901127f,481e8c12964102690dfb236b9333146fae9e98ba
Climate_h4,0,1052,N+S+Q+F,2026,2,78.88038293977844,003695d3559cb4ce186d2eef8f147c9662c5bdaed5142ca138d558413558cfdb,cd9df2ade1ca21431041edcb14d5f17dd4911475861cec41755502771901127f,481e8c12964102690dfb236b9333146fae9e98ba
Climate_h4,0,1052,N+S+Q+F,2026,3,78.54644066803817,003695d3559cb4ce186d2eef8f147c9662c5bdaed5142ca138d558413558cfdb,cd9df2ade1ca21431041edcb14d5f17dd4911475861cec41755502771901127f,481e8c12964102690dfb236b9333146fae9e98ba
Climate_h4,0,1052,N+S+Q+F,2026,4,78.25775639145795,003695d3559cb4ce186d2eef8f147c9662c5bdaed5142ca138d558413558cfdb,cd9df2ade1ca21431041edcb14d5f17dd4911475861cec41755502771901127f,481e8c12964102690dfb236b9333146fae9e98ba
Climate_h4,0,1053,N+S+Q+F,2026,1,78.66208321514407,003695d3559cb4ce186d2eef8f147c9662c5bdaed5142ca138d558413558cfdb,cd9df2ade1ca21431041edcb14d5f17dd4911475861cec41755502771901127f,481e8c12964102690dfb236b9333146fae9e98ba
Climate_h4,0,1053,N+S+Q+F,2026,2,78.27509884366613,003695d3559cb4ce186d2eef8f147c9662c5bdaed5142ca138d558413558cfdb,cd9df2ade1ca21431041edcb14d5f17dd4911475861cec41755502771901127f,481e8c12964102690dfb236b9333146fae9e98ba
Climate_h4,0,1053,N+S+Q+F,2026,3,77.96285972055233,003695d3559cb4ce186d2eef8f147c9662c5bdaed5142ca138d558413558cfdb,cd9df2ade1ca21431041edcb14d5f17dd4911475861cec41755502771901127f,481e8c12964102690dfb236b9333146fae9e98ba
Climate_h4,0,1053,N+S+Q+F,2026,4,77.70079042159612,003695d3559cb4ce186d2eef8f147c9662c5bdaed5142ca138d558413558cfdb,cd9df2ade1ca21431041edcb14d5f17dd4911475861cec41755502771901127f,481e8c12964102690dfb236b9333146fae9e98ba
Climate_h4,0,1054,N+S+Q+F,2026,1,79.27390570547169,003695d3559cb4ce186d2eef8f147c9662c5bdaed5142ca138d558413558cfdb,cd9df2ade1ca21431041edcb14d5f17dd4911475861cec41755502771901127f,481e8c12964102690dfb236b9333146fae9e98ba
Climate_h4,0,1054,N+S+Q+F,2026,2,78.9156993536561,003695d3559cb4ce186d2eef8f147c9662c5bdaed5142ca138d558413558cfdb,cd9df2ade1ca21431041edcb14d5f17dd4911475861cec41755502771901127f,481e8c12964102690dfb236b9333146fae9e98ba
Climate_h4,0,1054,N+S+Q+F,2026,3,78.63226534661054,003695d3559cb4ce186d2eef8f147c9662c5bdaed5142ca138d558413558cfdb,cd9df2ade1ca21431041edcb14d5f17dd4911475861cec41755502771901127f,481e8c12964102690dfb236b9333146fae9e98ba
Climate_h4,0,1054,N+S+Q+F,2026,4,78.40226924824383,003695d3559cb4ce186d2eef8f147c9662c5bdaed5142ca138d558413558cfdb,cd9df2ade1ca21431041edcb14d5f17dd4911475861cec41755502771901127f,481e8c12964102690dfb236b9333146fae9e98ba
Climate_h4,0,1055,N+S+Q+F,2026,1,78.77613805639957,003695d3559cb4ce186d2eef8f147c9662c5bdaed5142ca138d558413558cfdb,cd9df2ade1ca21431041edcb14d5f17dd4911475861cec41755502771901127f,481e8c12964102690dfb236b9333146fae9e98ba
Climate_h4,0,1055,N+S+Q+F,2026,2,78.44588857695432,003695d3559cb4ce186d2eef8f147c9662c5bdaed5142ca138d558413558cfdb,cd9df2ade1ca21431041edcb14d5f17dd4911475861cec41755502771901127f,481e8c12964102690dfb236b9333146fae9e98ba
Climate_h4,0,1055,N+S+Q+F,2026,3,78.1889182017439,003695d3559cb4ce186d2eef8f147c9662c5bdaed5142ca138d558413558cfdb,cd9df2ade1ca21431041edcb14d5f17dd4911475861cec41755502771901127f,481e8c12964102690dfb236b9333146fae9e98ba
Climate_h4,0,1055,N+S+Q+F,2026,4,77.98922285341706,003695d3559cb4ce186d2eef8f147c9662c5bdaed5142ca138d558413558cfdb,cd9df2ade1ca21431041edcb14d5f17dd4911475861cec41755502771901127f,481e8c12964102690dfb236b9333146fae9e98ba
Climate_h4,0,1056,N+S+Q+F,2026,1,78.64268050933492,003695d3559cb4ce186d2eef8f147c9662c5bdaed5142ca138d558413558cfdb,cd9df2ade1ca21431041edcb14d5f17dd4911475861cec41755502771901127f,481e8c12964102690dfb236b9333146fae9e98ba
Climate_h4,0,1056,N+S+Q+F,2026,2,78.28698519435014,003695d3559cb4ce186d2eef8f147c9662c5bdaed5142ca138d558413558cfdb,cd9df2ade1ca21431041edcb14d5f17dd4911475861cec41755502771901127f,481e8c12964102690dfb236b9333146fae9e98ba
Climate_h4,0,1056,N+S+Q+F,2026,3,78.01274660289504,003695d3559cb4ce186d2eef8f147c9662c5bdaed5142ca138d558413558cfdb,cd9df2ade1ca21431041edcb14d5f17dd4911475861cec41755502771901127f,481e8c12964102690dfb236b9333146fae9e98ba
Climate_h4,0,1056,N+S+Q+F,2026,4,77.75449084113728,003695d3559cb4ce186d2eef8f147c9662c5bdaed5142ca138d558413558cfdb,cd9df2ade1ca21431041edcb14d5f17dd4911475861cec41755502771901127f,481e8c12964102690dfb236b9333146fae9e98ba
Climate_h4,0,1057,N+S+Q+F,2026,1,78.54787804170655,003695d3559cb4ce186d2eef8f147c9662c5bdaed5142ca138d558413558cfdb,cd9df2ade1ca21431041edcb14d5f17dd4911475861cec41755502771901127f,481e8c12964102690dfb236b9333146fae9e98ba
Climate_h4,0,1057,N+S+Q+F,2026,2,78.21913620564415,003695d3559cb4ce186d2eef8f147c9662c5bdaed5142ca138d558413558cfdb,cd9df2ade1ca21431041edcb14d5f17dd4911475861cec41755502771901127f,481e8c12964102690dfb236b9333146fae9e98ba
Climate_h4,0,1057,N+S+Q+F,2026,3,77.96018789563077,003695d3559cb4ce186d2eef8f147c9662c5bdaed5142ca138d558413558cfdb,cd9df2ade1ca21431041edcb14d5f17dd4911475861cec41755502771901127f,481e8c12964102690dfb236b9333146fae9e98ba
Climate_h4,0,1057,N+S+Q+F,2026,4,77.74261492951655,003695d3559cb4ce186d2eef8f147c9662c5bdaed5142ca138d558413558cfdb,cd9df2ade1ca21431041edcb14d5f17dd4911475861cec41755502771901127f,481e8c12964102690dfb236b9333146fae9e98ba
Climate_h4,0,1058,N+S+Q+F,2026,1,78.31015699993416,003695d3559cb4ce186d2eef8f147c9662c5bdaed5142ca138d558413558cfdb,cd9df2ade1ca21431041edcb14d5f17dd4911475861cec41755502771901127f,481e8c12964102690dfb236b9333146fae9e98ba
Climate_h4,0,1058,N+S+Q+F,2026,2,77.99966973971138,003695d3559cb4ce186d2eef8f147c9662c5bdaed5142ca138d558413558cfdb,cd9df2ade1ca21431041edcb14d5f17dd4911475861cec41755502771901127f,481e8c12964102690dfb236b9333146fae9e98ba
Climate_h4,0,1058,N+S+Q+F,2026,3,77.75811408848973,003695d3559cb4ce186d2eef8f147c9662c5bdaed5142ca138d558413558cfdb,cd9df2ade1ca21431041edcb14d5f17dd4911475861cec41755502771901127f,481e8c12964102690dfb236b9333146fae9e98ba
Climate_h4,0,1058,N+S+Q+F,2026,4,77.56061560272927,003695d3559cb4ce186d2eef8f147c9662c5bdaed5142ca138d558413558cfdb,cd9df2ade1ca21431041edcb14d5f17dd4911475861cec41755502771901127f,481e8c12964102690dfb236b9333146fae9e98ba
Climate_h4,0,1059,N+S+Q+F,2026,1,78.27241362996581,003695d3559cb4ce186d2eef8f147c9662c5bdaed5142ca138d558413558cfdb,cd9df2ade1ca21431041edcb14d5f17dd4911475861cec41755502771901127f,481e8c12964102690dfb236b9333146fae9e98ba
Climate_h4,0,1059,N+S+Q+F,2026,2,77.98039827194441,003695d3559cb4ce186d2eef8f147c9662c5bdaed5142ca138d558413558cfdb,cd9df2ade1ca21431041edcb14d5f17dd4911475861cec41755502771901127f,481e8c12964102690dfb236b9333146fae9e98ba
Climate_h4,0,1059,N+S+Q+F,2026,3,77.75517207368891,003695d3559cb4ce186d2eef8f147c9662c5bdaed5142ca138d558413558cfdb,cd9df2ade1ca21431041edcb14d5f17dd4911475861cec41755502771901127f,481e8c12964102690dfb236b9333146fae9e98ba
Climate_h4,0,1059,N+S+Q+F,2026,4,77.57532357728054,003695d3559cb4ce186d2eef8f147c9662c5bdaed5142ca138d558413558cfdb,cd9df2ade1ca21431041edcb14d5f17dd4911475861cec41755502771901127f,481e8c12964102690dfb236b9333146fae9e98ba
Climate_h4,0,1060,N+S+Q+F,2026,1,77.1679802258755,003695d3559cb4ce186d2eef8f147c9662c5bdaed5142ca138d558413558cfdb,cd9df2ade1ca21431041edcb14d5f17dd4911475861cec41755502771901127f,481e8c12964102690dfb236b9333146fae9e98ba
Climate_h4,0,1060,N+S+Q+F,2026,2,76.89759145792188,003695d3559cb4ce186d2eef8f147c9662c5bdaed5142ca138d558413558cfdb,cd9df2ade1ca21431041edcb14d5f17dd4911475861cec41755502771901127f,481e8c12964102690dfb236b9333146fae9e98ba
Climate_h4,0,1060,N+S+Q+F,2026,3,76.68828678019548,003695d3559cb4ce186d2eef8f147c9662c5bdaed5142ca138d558413558cfdb,cd9df2ade1ca21431041edcb14d5f17dd4911475861cec41755502771901127f,481e8c12964102690dfb236b9333146fae9e98ba
Climate_h4,0,1060,N+S+Q+F,2026,4,76.5254606551467,003695d3559cb4ce186d2eef8f147c9662c5bdaed5142ca138d558413558cfdb,cd9df2ade1ca21431041edcb14d5f17dd4911475861cec41755502771901127f,481e8c12964102690dfb236b9333146fae9e98ba
Climate_h4,0,1061,N+S+Q+F,2026,1,75.67711836031604,003695d3559cb4ce186d2eef8f147c9662c5bdaed5142ca138d558413558cfdb,cd9df2ade1ca21431041edcb14d5f17dd4911475861cec41755502771901127f,481e8c12964102690dfb236b9333146fae9e98ba
Climate_h4,0,1061,N+S+Q+F,2026,2,75.38171403597048,003695d3559cb4ce186d2eef8f147c9662c5bdaed5142ca138d558413558cfdb,cd9df2ade1ca21431041edcb14d5f17dd4911475861cec41755502771901127f,481e8c12964102690dfb236b9333146fae9e98ba
Climate_h4,0,1061,N+S+Q+F,2026,3,75.13802165099895,003695d3559cb4ce186d2eef8f147c9662c5bdaed5142ca138d558413558cfdb,cd9df2ade1ca21431041edcb14d5f17dd4911475861cec41755502771901127f,481e8c12964102690dfb236b9333146fae9e98ba
Climate_h4,0,1061,N+S+Q+F,2026,4,74.91112336440219,003695d3559cb4ce186d2eef8f147c9662c5bdaed5142ca138d558413558cfdb,cd9df2ade1ca21431041edcb14d5f17dd4911475861cec41755502771901127f,481e8c12964102690dfb236b9333146fae9e98ba
Climate_h4,0,1062,N+S+Q+F,2026,1,73.94504487627762,003695d3559cb4ce186d2eef8f147c9662c5bdaed5142ca138d558413558cfdb,cd9df2ade1ca21431041edcb14d5f17dd4911475861cec41755502771901127f,481e8c12964102690dfb236b9333146fae9e98ba
Climate_h4,0,1062,N+S+Q+F,2026,2,73.66618971017523,003695d3559cb4ce186d2eef8f147c9662c5bdaed5142ca138d558413558cfdb,cd9df2ade1ca21431041edcb14d5f17dd4911475861cec41755502771901127f,481e8c12964102690dfb236b9333146fae9e98ba
Climate_h4,0,1062,N+S+Q+F,2026,3,73.43336715440181,003695d3559cb4ce186d2eef8f147c9662c5bdaed5142ca138d558413558cfdb,cd9df2ade1ca21431041edcb14d5f17dd4911475861cec41755502771901127f,481e8c12964102690dfb236b9333146fae9e98ba
Climate_h4,0,1062,N+S+Q+F,2026,4,73.22004048432582,003695d3559cb4ce186d2eef8f147c9662c5bdaed5142ca138d558413558cfdb,cd9df2ade1ca21431041edcb14d5f17dd4911475861cec41755502771901127f,481e8c12964102690dfb236b9333146fae9e98ba
Climate_h4,0,1063,N+S+Q+F,2026,1,70.98196030026737,003695d3559cb4ce186d2eef8f147c9662c5bdaed5142ca138d558413558cfdb,cd9df2ade1ca21431041edcb14d5f17dd4911475861cec41755502771901127f,481e8c12964102690dfb236b9333146fae9e98ba
Climate_h4,0,1063,N+S+Q+F,2026,2,70.71996634597193,003695d3559cb4ce186d2eef8f147c9662c5bdaed5142ca138d558413558cfdb,cd9df2ade1ca21431041edcb14d5f17dd4911475861cec41755502771901127f,481e8c12964102690dfb236b9333146fae9e98ba
Climate_h4,0,1063,N+S+Q+F,2026,3,70.50552687957966,003695d3559cb4ce186d2eef8f147c9662c5bdaed5142ca138d558413558cfdb,cd9df2ade1ca21431041edcb14d5f17dd4911475861cec41755502771901127f,481e8c12964102690dfb236b9333146fae9e98ba
Climate_h4,0,1063,N+S+Q+F,2026,4,70.31181888341274,003695d3559cb4ce186d2eef8f147c9662c5bdaed5142ca138d558413558cfdb,cd9df2ade1ca21431041edcb14d5f17dd4911475861cec41755502771901127f,481e8c12964102690dfb236b9333146fae9e98ba
Climate_h4,0,1064,N+S+Q+F,2026,1,69.82424167102995,003695d3559cb4ce186d2eef8f147c9662c5bdaed5142ca138d558413558cfdb,cd9df2ade1ca21431041edcb14d5f17dd4911475861cec41755502771901127f,481e8c12964102690dfb236b9333146fae9e98ba
Climate_h4,0,1064,N+S+Q+F,2026,2,69.5834488170855,003695d3559cb4ce186d2eef8f147c9662c5bdaed5142ca138d558413558cfdb,cd9df2ade1ca21431041edcb14d5f17dd4911475861cec41755502771901127f,481e8c12964102690dfb236b9333146fae9e98ba
Climate_h4,0,1064,N+S+Q+F,2026,3,69.38226978495595,003695d3559cb4ce186d2eef8f147c9662c5bdaed5142ca138d558413558cfdb,cd9df2ade1ca21431041edcb14d5f17dd4911475861cec41755502771901127f,481e8c12964102690dfb236b9333146fae9e98ba
Climate_h4,0,1064,N+S+Q+F,2026,4,69.20024333608276,003695d3559cb4ce186d2eef8f147c9662c5bdaed5142ca138d558413558cfdb,cd9df2ade1ca21431041edcb14d5f17dd4911475861cec41755502771901127f,481e8c12964102690dfb236b9333146fae9e98ba
Climate_h4,0,1065,N+S+Q+F,2026,1,70.8222933175486,003695d3559cb4ce186d2eef8f147c9662c5bdaed5142ca138d558413558cfdb,cd9df2ade1ca21431041edcb14d5f17dd4911475861cec41755502771901127f,481e8c12964102690dfb236b9333146fae9e98ba
Climate_h4,0,1065,N+S+Q+F,2026,2,70.54888319424852,003695d3559cb4ce186d2eef8f147c9662c5bdaed5142ca138d558413558cfdb,cd9df2ade1ca21431041edcb14d5f17dd4911475861cec41755502771901127f,481e8c12964102690dfb236b9333146fae9e98ba
Climate_h4,0,1065,N+S+Q+F,2026,3,70.30817669166414,003695d3559cb4ce186d2eef8f147c9662c5bdaed5142ca138d558413558cfdb,cd9df2ade1ca21431041edcb14d5f17dd4911475861cec41755502771901127f,481e8c12964102690dfb236b9333146fae9e98ba
Climate_h4,0,1065,N+S+Q+F,2026,4,70.06407702217321,003695d3559cb4ce186d2eef8f147c9662c5bdaed5142ca138d558413558cfdb,cd9df2ade1ca21431041edcb14d5f17dd4911475861cec41755502771901127f,481e8c12964102690dfb236b9333146fae9e98ba
Climate_h4,0,1066,N+S+Q+F,2026,1,69.56822836285062,003695d3559cb4ce186d2eef8f147c9662c5bdaed5142ca138d558413558cfdb,cd9df2ade1ca21431041edcb14d5f17dd4911475861cec41755502771901127f,481e8c12964102690dfb236b9333146fae9e98ba
Climate_h4,0,1066,N+S+Q+F,2026,2,69.30761671583875,003695d3559cb4ce186d2eef8f147c9662c5bdaed5142ca138d558413558cfdb,cd9df2ade1ca21431041edcb14d5f17dd4911475861cec41755502771901127f,481e8c12964102690dfb236b9333146fae9e98ba
Climate_h4,0,1066,N+S+Q+F,2026,3,69.08101541456321,003695d3559cb4ce186d2eef8f147c9662c5bdaed5142ca138d558413558cfdb,cd9df2ade1ca21431041edcb14d5f17dd4911475861cec41755502771901127f,481e8c12964102690dfb236b9333146fae9e98ba
Climate_h4,0,1066,N+S+Q+F,2026,4,68.85288016989679,003695d3559cb4ce186d2eef8f147c9662c5bdaed5142ca138d558413558cfdb,cd9df2ade1ca21431041edcb14d5f17dd4911475861cec41755502771901127f,481e8c12964102690dfb236b9333146fae9e98ba
Climate_h4,0,1067,N+S+Q+F,2026,1,67.26198275827304,003695d3559cb4ce186d2eef8f147c9662c5bdaed5142ca138d558413558cfdb,cd9df2ade1ca21431041edcb14d5f17dd4911475861cec41755502771901127f,481e8c12964102690dfb236b9333146fae9e98ba
Climate_h4,0,1067,N+S+Q+F,2026,2,67.01294594074247,003695d3559cb4ce186d2eef8f147c9662c5bdaed5142ca138d558413558cfdb,cd9df2ade1ca21431041edcb14d5f17dd4911475861cec41755502771901127f,481e8c12964102690dfb236b9333146fae9e98ba
Climate_h4,0,1067,N+S+Q+F,2026,3,66.79764431307291,003695d3559cb4ce186d2eef8f147c9662c5bdaed5142ca138d558413558cfdb,cd9df2ade1ca21431041edcb14d5f17dd4911475861cec41755502771901127f,481e8c12964102690dfb236b9333146fae9e98ba
Climate_h4,0,1067,N+S+Q+F,2026,4,66.58291950802048,003695d3559cb4ce186d2eef8f147c9662c5bdaed5142ca138d558413558cfdb,cd9df2ade1ca21431041edcb14d5f17dd4911475861cec41755502771901127f,481e8c12964102690dfb236b9333146fae9e98ba
Climate_h4,0,1068,N+S+Q+F,2026,1,63.0163392352342,003695d3559cb4ce186d2eef8f147c9662c5bdaed5142ca138d558413558cfdb,cd9df2ade1ca21431041edcb14d5f17dd4911475861cec41755502771901127f,481e8c12964102690dfb236b9333146fae9e98ba
Climate_h4,0,1068,N+S+Q+F,2026,2,62.790544114125744,003695d3559cb4ce186d2eef8f147c9662c5bdaed5142ca138d558413558cfdb,cd9df2ade1ca21431041edcb14d5f17dd4911475861cec41755502771901127f,481e8c12964102690dfb236b9333146fae9e98ba
Climate_h4,0,1068,N+S+Q+F,2026,3,62.58818364453168,003695d3559cb4ce186d2eef8f147c9662c5bdaed5142ca138d558413558cfdb,cd9df2ade1ca21431041edcb14d5f17dd4911475861cec41755502771901127f,481e8c12964102690dfb236b9333146fae9e98ba
Climate_h4,0,1068,N+S+Q+F,2026,4,62.390731262358905,003695d3559cb4ce186d2eef8f147c9662c5bdaed5142ca138d558413558cfdb,cd9df2ade1ca21431041edcb14d5f17dd4911475861cec41755502771901127f,481e8c12964102690dfb236b9333146fae9e98ba
Climate_h4,0,1069,N+S+Q+F,2026,1,62.170376172772976,003695d3559cb4ce186d2eef8f147c9662c5bdaed5142ca138d558413558cfdb,cd9df2ade1ca21431041edcb14d5f17dd4911475861cec41755502771901127f,481e8c12964102690dfb236b9333146fae9e98ba
Climate_h4,0,1069,N+S+Q+F,2026,2,61.90894813662364,003695d3559cb4ce186d2eef8f147c9662c5bdaed5142ca138d558413558cfdb,cd9df2ade1ca21431041edcb14d5f17dd4911475861cec41755502771901127f,481e8c12964102690dfb236b9333146fae9e98ba
Climate_h4,0,1069,N+S+Q+F,2026,3,61.67619649537225,003695d3559cb4ce186d2eef8f147c9662c5bdaed5142ca138d558413558cfdb,cd9df2ade1ca21431041edcb14d5f17dd4911475861cec41755502771901127f,481e8c12964102690dfb236b9333146fae9e98ba
Climate_h4,0,1069,N+S+Q+F,2026,4,61.38901436489123,003695d3559cb4ce186d2eef8f147c9662c5bdaed5142ca138d558413558cfdb,cd9df2ade1ca21431041edcb14d5f17dd4911475861cec41755502771901127f,481e8c12964102690dfb236b9333146fae9e98ba
Climate_h4,0,1070,N+S+Q+F,2026,1,61.85133652278881,003695d3559cb4ce186d2eef8f147c9662c5bdaed5142ca138d558413558cfdb,cd9df2ade1ca21431041edcb14d5f17dd4911475861cec41755502771901127f,481e8c12964102690dfb236b9333146fae9e98ba
Climate_h4,0,1070,N+S+Q+F,2026,2,61.73019646103506,003695d3559cb4ce186d2eef8f147c9662c5bdaed5142ca138d558413558cfdb,cd9df2ade1ca21431041edcb14d5f17dd4911475861cec41755502771901127f,481e8c12964102690dfb236b9333146fae9e98ba
Climate_h4,0,1070,N+S+Q+F,2026,3,61.500126990056216,003695d3559cb4ce186d2eef8f147c9662c5bdaed5142ca138d558413558cfdb,cd9df2ade1ca21431041edcb14d5f17dd4911475861cec41755502771901127f,481e8c12964102690dfb236b9333146fae9e98ba
Climate_h4,0,1070,N+S+Q+F,2026,4,61.11945990016412,003695d3559cb4ce186d2eef8f147c9662c5bdaed5142ca138d558413558cfdb,cd9df2ade1ca21431041edcb14d5f17dd4911475861cec41755502771901127f,481e8c12964102690dfb236b9333146fae9e98ba
Climate_h4,0,1071,N+S+Q+F,2026,1,58.167850073378496,003695d3559cb4ce186d2eef8f147c9662c5bdaed5142ca138d558413558cfdb,cd9df2ade1ca21431041edcb14d5f17dd4911475861cec41755502771901127f,481e8c12964102690dfb236b9333146fae9e98ba
Climate_h4,0,1071,N+S+Q+F,2026,2,57.96538749896237,003695d3559cb4ce186d2eef8f147c9662c5bdaed5142ca138d558413558cfdb,cd9df2ade1ca21431041edcb14d5f17dd4911475861cec41755502771901127f,481e8c12964102690dfb236b9333146fae9e98ba
Climate_h4,0,1071,N+S+Q+F,2026,3,57.773767137666,003695d3559cb4ce186d2eef8f147c9662c5bdaed5142ca138d558413558cfdb,cd9df2ade1ca21431041edcb14d5f17dd4911475861cec41755502771901127f,481e8c12964102690dfb236b9333146fae9e98ba
Climate_h4,0,1071,N+S+Q+F,2026,4,57.5699234717333,003695d3559cb4ce186d2eef8f147c9662c5bdaed5142ca138d558413558cfdb,cd9df2ade1ca21431041edcb14d5f17dd4911475861cec41755502771901127f,481e8c12964102690dfb236b9333146fae9e98ba
Climate_h4,0,1072,N+S+Q+F,2026,1,55.81311854499576,003695d3559cb4ce186d2eef8f147c9662c5bdaed5142ca138d558413558cfdb,cd9df2ade1ca21431041edcb14d5f17dd4911475861cec41755502771901127f,481e8c12964102690dfb236b9333146fae9e98ba
Climate_h4,0,1072,N+S+Q+F,2026,2,55.62237095932955,003695d3559cb4ce186d2eef8f147c9662c5bdaed5142ca138d558413558cfdb,cd9df2ade1ca21431041edcb14d5f17dd4911475861cec41755502771901127f,481e8c12964102690dfb236b9333146fae9e98ba
Climate_h4,0,1072,N+S+Q+F,2026,3,55.44143600792858,003695d3559cb4ce186d2eef8f147c9662c5bdaed5142ca138d558413558cfdb,cd9df2ade1ca21431041edcb14d5f17dd4911475861cec41755502771901127f,481e8c12964102690dfb236b9333146fae9e98ba
Climate_h4,0,1072,N+S+Q+F,2026,4,55.252750545908555,003695d3559cb4ce186d2eef8f147c9662c5bdaed5142ca138d558413558cfdb,cd9df2ade1ca21431041edcb14d5f17dd4911475861cec41755502771901127f,481e8c12964102690dfb236b9333146fae9e98ba
Climate_h4,0,1073,N+S+Q+F,2026,1,52.281583308232086,003695d3559cb4ce186d2eef8f147c9662c5bdaed5142ca138d558413558cfdb,cd9df2ade1ca21431041edcb14d5f17dd4911475861cec41755502771901127f,481e8c12964102690dfb236b9333146fae9e98ba
Climate_h4,0,1073,N+S+Q+F,2026,2,52.10332148334255,003695d3559cb4ce186d2eef8f147c9662c5bdaed5142ca138d558413558cfdb,cd9df2ade1ca21431041edcb14d5f17dd4911475861cec41755502771901127f,481e8c12964102690dfb236b9333146fae9e98ba
Climate_h4,0,1073,N+S+Q+F,2026,3,51.938217356250924,003695d3559cb4ce186d2eef8f147c9662c5bdaed5142ca138d558413558cfdb,cd9df2ade1ca21431041edcb14d5f17dd4911475861cec41755502771901127f,481e8c12964102690dfb236b9333146fae9e98ba
Climate_h4,0,1073,N+S+Q+F,2026,4,51.76426234493146,003695d3559cb4ce186d2eef8f147c9662c5bdaed5142ca138d558413558cfdb,cd9df2ade1ca21431041edcb14d5f17dd4911475861cec41755502771901127f,481e8c12964102690dfb236b9333146fae9e98ba
Climate_h4,0,1074,N+S+Q+F,2026,1,52.05871457424951,003695d3559cb4ce186d2eef8f147c9662c5bdaed5142ca138d558413558cfdb,cd9df2ade1ca21431041edcb14d5f17dd4911475861cec41755502771901127f,481e8c12964102690dfb236b9333146fae9e98ba
Climate_h4,0,1074,N+S+Q+F,2026,2,51.906392939017834,003695d3559cb4ce186d2eef8f147c9662c5bdaed5142ca138d558413558cfdb,cd9df2ade1ca21431041edcb14d5f17dd4911475861cec41755502771901127f,481e8c12964102690dfb236b9333146fae9e98ba
Climate_h4,0,1074,N+S+Q+F,2026,3,51.714388651716575,003695d3559cb4ce186d2eef8f147c9662c5bdaed5142ca138d558413558cfdb,cd9df2ade1ca21431041edcb14d5f17dd4911475861cec41755502771901127f,481e8c12964102690dfb236b9333146fae9e98ba
Climate_h4,0,1074,N+S+Q+F,2026,4,51.44818660491205,003695d3559cb4ce186d2eef8f147c9662c5bdaed5142ca138d558413558cfdb,cd9df2ade1ca21431041edcb14d5f17dd4911475861cec41755502771901127f,481e8c12964102690dfb236b9333146fae9e98ba
Climate_h4,0,1075,N+S+Q+F,2026,1,53.33469911587115,003695d3559cb4ce186d2eef8f147c9662c5bdaed5142ca138d558413558cfdb,cd9df2ade1ca21431041edcb14d5f17dd4911475861cec41755502771901127f,481e8c12964102690dfb236b9333146fae9e98ba
Climate_h4,0,1075,N+S+Q+F,2026,2,53.15331801663734,003695d3559cb4ce186d2eef8f147c9662c5bdaed5142ca138d558413558cfdb,cd9df2ade1ca21431041edcb14d5f17dd4911475861cec41755502771901127f,481e8c12964102690dfb236b9333146fae9e98ba
Climate_h4,0,1075,N+S+Q+F,2026,3,52.97976600095204,003695d3559cb4ce186d2eef8f147c9662c5bdaed5142ca138d558413558cfdb,cd9df2ade1ca21431041edcb14d5f17dd4911475861cec41755502771901127f,481e8c12964102690dfb236b9333146fae9e98ba
Climate_h4,0,1075,N+S+Q+F,2026,4,52.79053285168032,003695d3559cb4ce186d2eef8f147c9662c5bdaed5142ca138d558413558cfdb,cd9df2ade1ca21431041edcb14d5f17dd4911475861cec41755502771901127f,481e8c12964102690dfb236b9333146fae9e98ba
Climate_h4,0,1076,N+S+Q+F,2026,1,54.573961957594506,003695d3559cb4ce186d2eef8f147c9662c5bdaed5142ca138d558413558cfdb,cd9df2ade1ca21431041edcb14d5f17dd4911475861cec41755502771901127f,481e8c12964102690dfb236b9333146fae9e98ba
Climate_h4,0,1076,N+S+Q+F,2026,2,54.55642741698493,003695d3559cb4ce186d2eef8f147c9662c5bdaed5142ca138d558413558cfdb,cd9df2ade1ca21431041edcb14d5f17dd4911475861cec41755502771901127f,481e8c12964102690dfb236b9333146fae9e98ba
Climate_h4,0,1076,N+S+Q+F,2026,3,54.371979397250016,003695d3559cb4ce186d2eef8f147c9662c5bdaed5142ca138d558413558cfdb,cd9df2ade1ca21431041edcb14d5f17dd4911475861cec41755502771901127f,481e8c12964102690dfb236b9333146fae9e98ba
Climate_h4,0,1076,N+S+Q+F,2026,4,53.99259908512717,003695d3559cb4ce186d2eef8f147c9662c5bdaed5142ca138d558413558cfdb,cd9df2ade1ca21431041edcb14d5f17dd4911475861cec41755502771901127f,481e8c12964102690dfb236b9333146fae9e98ba
Climate_h4,0,1077,N+S+Q+F,2026,1,53.37170067279282,003695d3559cb4ce186d2eef8f147c9662c5bdaed5142ca138d558413558cfdb,cd9df2ade1ca21431041edcb14d5f17dd4911475861cec41755502771901127f,481e8c12964102690dfb236b9333146fae9e98ba
Climate_h4,0,1077,N+S+Q+F,2026,2,53.23465883851875,003695d3559cb4ce186d2eef8f147c9662c5bdaed5142ca138d558413558cfdb,cd9df2ade1ca21431041edcb14d5f17dd4911475861cec41755502771901127f,481e8c12964102690dfb236b9333146fae9e98ba
Climate_h4,0,1077,N+S+Q+F,2026,3,53.10015217698626,003695d3559cb4ce186d2eef8f147c9662c5bdaed5142ca138d558413558cfdb,cd9df2ade1ca21431041edcb14d5f17dd4911475861cec41755502771901127f,481e8c12964102690dfb236b9333146fae9e98ba
Climate_h4,0,1077,N+S+Q+F,2026,4,52.96023346312567,003695d3559cb4ce186d2eef8f147c9662c5bdaed5142ca138d558413558cfdb,cd9df2ade1ca21431041edcb14d5f17dd4911475861cec41755502771901127f,481e8c12964102690dfb236b9333146fae9e98ba
Climate_h4,0,1078,N+S+Q+F,2026,1,49.82327801272238,003695d3559cb4ce186d2eef8f147c9662c5bdaed5142ca138d558413558cfdb,cd9df2ade1ca21431041edcb14d5f17dd4911475861cec41755502771901127f,481e8c12964102690dfb236b9333146fae9e98ba
Climate_h4,0,1078,N+S+Q+F,2026,2,49.63773301957357,003695d3559cb4ce186d2eef8f147c9662c5bdaed5142ca138d558413558cfdb,cd9df2ade1ca21431041edcb14d5f17dd4911475861cec41755502771901127f,481e8c12964102690dfb236b9333146fae9e98ba
Climate_h4,0,1078,N+S+Q+F,2026,3,49.480392601896845,003695d3559cb4ce186d2eef8f147c9662c5bdaed5142ca138d558413558cfdb,cd9df2ade1ca21431041edcb14d5f17dd4911475861cec41755502771901127f,481e8c12964102690dfb236b9333146fae9e98ba
Climate_h4,0,1078,N+S+Q+F,2026,4,49.322125647889386,003695d3559cb4ce186d2eef8f147c9662c5bdaed5142ca138d558413558cfdb,cd9df2ade1ca21431041edcb14d5f17dd4911475861cec41755502771901127f,481e8c12964102690dfb236b9333146fae9e98ba
Climate_h4,0,1079,N+S+Q+F,2026,1,46.14798716859747,003695d3559cb4ce186d2eef8f147c9662c5bdaed5142ca138d558413558cfdb,cd9df2ade1ca21431041edcb14d5f17dd4911475861cec41755502771901127f,481e8c12964102690dfb236b9333146fae9e98ba
Climate_h4,0,1079,N+S+Q+F,2026,2,46.009813842139906,003695d3559cb4ce186d2eef8f147c9662c5bdaed5142ca138d558413558cfdb,cd9df2ade1ca21431041edcb14d5f17dd4911475861cec41755502771901127f,481e8c12964102690dfb236b9333146fae9e98ba
Climate_h4,0,1079,N+S+Q+F,2026,3,45.869224032883075,003695d3559cb4ce186d2eef8f147c9662c5bdaed5142ca138d558413558cfdb,cd9df2ade1ca21431041edcb14d5f17dd4911475861cec41755502771901127f,481e8c12964102690dfb236b9333146fae9e98ba
Climate_h4,0,1079,N+S+Q+F,2026,4,45.701494994796334,003695d3559cb4ce186d2eef8f147c9662c5bdaed5142ca138d558413558cfdb,cd9df2ade1ca21431041edcb14d5f17dd4911475861cec41755502771901127f,481e8c12964102690dfb236b9333146fae9e98ba
Climate_h4,0,1080,N+S+Q+F,2026,1,46.955886219101195,003695d3559cb4ce186d2eef8f147c9662c5bdaed5142ca138d558413558cfdb,cd9df2ade1ca21431041edcb14d5f17dd4911475861cec41755502771901127f,481e8c12964102690dfb236b9333146fae9e98ba
Climate_h4,0,1080,N+S+Q+F,2026,2,46.83376062562118,003695d3559cb4ce186d2eef8f147c9662c5bdaed5142ca138d558413558cfdb,cd9df2ade1ca21431041edcb14d5f17dd4911475861cec41755502771901127f,481e8c12964102690dfb236b9333146fae9e98ba
Climate_h4,0,1080,N+S+Q+F,2026,3,46.7044839814893,003695d3559cb4ce186d2eef8f147c9662c5bdaed5142ca138d558413558cfdb,cd9df2ade1ca21431041edcb14d5f17dd4911475861cec41755502771901127f,481e8c12964102690dfb236b9333146fae9e98ba
Climate_h4,0,1080,N+S+Q+F,2026,4,46.55035361679939,003695d3559cb4ce186d2eef8f147c9662c5bdaed5142ca138d558413558cfdb,cd9df2ade1ca21431041edcb14d5f17dd4911475861cec41755502771901127f,481e8c12964102690dfb236b9333146fae9e98ba
Climate_h4,0,1081,N+S+Q+F,2026,1,46.91614422361851,003695d3559cb4ce186d2eef8f147c9662c5bdaed5142ca138d558413558cfdb,cd9df2ade1ca21431041edcb14d5f17dd4911475861cec41755502771901127f,481e8c12964102690dfb236b9333146fae9e98ba
Climate_h4,0,1081,N+S+Q+F,2026,2,46.80937532092493,003695d3559cb4ce186d2eef8f147c9662c5bdaed5142ca138d558413558cfdb,cd9df2ade1ca21431041edcb14d5f17dd4911475861cec41755502771901127f,481e8c12964102690dfb236b9333146fae9e98ba
Climate_h4,0,1081,N+S+Q+F,2026,3,46.69594875901434,003695d3559cb4ce186d2eef8f147c9662c5bdaed5142ca138d558413558cfdb,cd9df2ade1ca21431041edcb14d5f17dd4911475861cec41755502771901127f,481e8c12964102690dfb236b9333146fae9e98ba
Climate_h4,0,1081,N+S+Q+F,2026,4,46.559146821567964,003695d3559cb4ce186d2eef8f147c9662c5bdaed5142ca138d558413558cfdb,cd9df2ade1ca21431041edcb14d5f17dd4911475861cec41755502771901127f,481e8c12964102690dfb236b9333146fae9e98ba
Climate_h4,0,1082,N+S+Q+F,2026,1,46.026727236864396,003695d3559cb4ce186d2eef8f147c9662c5bdaed5142ca138d558413558cfdb,cd9df2ade1ca21431041edcb14d5f17dd4911475861cec41755502771901127f,481e8c12964102690dfb236b9333146fae9e98ba
Climate_h4,0,1082,N+S+Q+F,2026,2,45.892386117605824,003695d3559cb4ce186d2eef8f147c9662c5bdaed5142ca138d558413558cfdb,cd9df2ade1ca21431041edcb14d5f17dd4911475861cec41755502771901127f,481e8c12964102690dfb236b9333146fae9e98ba
Climate_h4,0,1082,N+S+Q+F,2026,3,45.760787407869465,003695d3559cb4ce186d2eef8f147c9662c5bdaed5142ca138d558413558cfdb,cd9df2ade1ca21431041edcb14d5f17dd4911475861cec41755502771901127f,481e8c12964102690dfb236b9333146fae9e98ba
Climate_h4,0,1082,N+S+Q+F,2026,4,45.57094102257554,003695d3559cb4ce186d2eef8f147c9662c5bdaed5142ca138d558413558cfdb,cd9df2ade1ca21431041edcb14d5f17dd4911475861cec41755502771901127f,481e8c12964102690dfb236b9333146fae9e98ba
Climate_h4,0,1083,N+S+Q+F,2026,1,44.59295368336791,003695d3559cb4ce186d2eef8f147c9662c5bdaed5142ca138d558413558cfdb,cd9df2ade1ca21431041edcb14d5f17dd4911475861cec41755502771901127f,481e8c12964102690dfb236b9333146fae9e98ba
Climate_h4,0,1083,N+S+Q+F,2026,2,44.56890112334382,003695d3559cb4ce186d2eef8f147c9662c5bdaed5142ca138d558413558cfdb,cd9df2ade1ca21431041edcb14d5f17dd4911475861cec41755502771901127f,481e8c12964102690dfb236b9333146fae9e98ba
Climate_h4,0,1083,N+S+Q+F,2026,3,44.44697995305811,003695d3559cb4ce186d2eef8f147c9662c5bdaed5142ca138d558413558cfdb,cd9df2ade1ca21431041edcb14d5f17dd4911475861cec41755502771901127f,481e8c12964102690dfb236b9333146fae9e98ba
Climate_h4,0,1083,N+S+Q+F,2026,4,44.19152311528705,003695d3559cb4ce186d2eef8f147c9662c5bdaed5142ca138d558413558cfdb,cd9df2ade1ca21431041edcb14d5f17dd4911475861cec41755502771901127f,481e8c12964102690dfb236b9333146fae9e98ba
Climate_h4,0,1084,N+S+Q+F,2026,1,44.8953739050896,003695d3559cb4ce186d2eef8f147c9662c5bdaed5142ca138d558413558cfdb,cd9df2ade1ca21431041edcb14d5f17dd4911475861cec41755502771901127f,481e8c12964102690dfb236b9333146fae9e98ba
Climate_h4,0,1084,N+S+Q+F,2026,2,44.80594159242329,003695d3559cb4ce186d2eef8f147c9662c5bdaed5142ca138d558413558cfdb,cd9df2ade1ca21431041edcb14d5f17dd4911475861cec41755502771901127f,481e8c12964102690dfb236b9333146fae9e98ba
Climate_h4,0,1084,N+S+Q+F,2026,3,44.71273357787038,003695d3559cb4ce186d2eef8f147c9662c5bdaed5142ca138d558413558cfdb,cd9df2ade1ca21431041edcb14d5f17dd4911475861cec41755502771901127f,481e8c12964102690dfb236b9333146fae9e98ba
Climate_h4,0,1084,N+S+Q+F,2026,4,44.59561706807285,003695d3559cb4ce186d2eef8f147c9662c5bdaed5142ca138d558413558cfdb,cd9df2ade1ca21431041edcb14d5f17dd4911475861cec41755502771901127f,481e8c12964102690dfb236b9333146fae9e98ba
Climate_h4,0,1085,N+S+Q+F,2026,1,43.28439332656648,003695d3559cb4ce186d2eef8f147c9662c5bdaed5142ca138d558413558cfdb,cd9df2ade1ca21431041edcb14d5f17dd4911475861cec41755502771901127f,481e8c12964102690dfb236b9333146fae9e98ba
Climate_h4,0,1085,N+S+Q+F,2026,2,43.2119315695475,003695d3559cb4ce186d2eef8f147c9662c5bdaed5142ca138d558413558cfdb,cd9df2ade1ca21431041edcb14d5f17dd4911475861cec41755502771901127f,481e8c12964102690dfb236b9333146fae9e98ba
Climate_h4,0,1085,N+S+Q+F,2026,3,43.140819305340905,003695d3559cb4ce186d2eef8f147c9662c5bdaed5142ca138d558413558cfdb,cd9df2ade1ca21431041edcb14d5f17dd4911475861cec41755502771901127f,481e8c12964102690dfb236b9333146fae9e98ba
Climate_h4,0,1085,N+S+Q+F,2026,4,43.04673401278963,003695d3559cb4ce186d2eef8f147c9662c5bdaed5142ca138d558413558cfdb,cd9df2ade1ca21431041edcb14d5f17dd4911475861cec41755502771901127f,481e8c12964102690dfb236b9333146fae9e98ba
Climate_h4,0,1086,N+S+Q+F,2026,1,42.33901323349342,003695d3559cb4ce186d2eef8f147c9662c5bdaed5142ca138d558413558cfdb,cd9df2ade1ca21431041edcb14d5f17dd4911475861cec41755502771901127f,481e8c12964102690dfb236b9333146fae9e98ba
Climate_h4,0,1086,N+S+Q+F,2026,2,42.28471063696374,003695d3559cb4ce186d2eef8f147c9662c5bdaed5142ca138d558413558cfdb,cd9df2ade1ca21431041edcb14d5f17dd4911475861cec41755502771901127f,481e8c12964102690dfb236b9333146fae9e98ba
Climate_h4,0,1086,N+S+Q+F,2026,3,42.228138400436315,003695d3559cb4ce186d2eef8f147c9662c5bdaed5142ca138d558413558cfdb,cd9df2ade1ca21431041edcb14d5f17dd4911475861cec41755502771901127f,481e8c12964102690dfb236b9333146fae9e98ba
Climate_h4,0,1086,N+S+Q+F,2026,4,42.16217103878913,003695d3559cb4ce186d2eef8f147c9662c5bdaed5142ca138d558413558cfdb,cd9df2ade1ca21431041edcb14d5f17dd4911475861cec41755502771901127f,481e8c12964102690dfb236b9333146fae9e98ba
Climate_h4,0,1087,N+S+Q+F,2026,1,43.9959527095318,003695d3559cb4ce186d2eef8f147c9662c5bdaed5142ca138d558413558cfdb,cd9df2ade1ca21431041edcb14d5f17dd4911475861cec41755502771901127f,481e8c12964102690dfb236b9333146fae9e98ba
Climate_h4,0,1087,N+S+Q+F,2026,2,43.932013789059994,003695d3559cb4ce186d2eef8f147c9662c5bdaed5142ca138d558413558cfdb,cd9df2ade1ca21431041edcb14d5f17dd4911475861cec41755502771901127f,481e8c12964102690dfb236b9333146fae9e98ba
Climate_h4,0,1087,N+S+Q+F,2026,3,43.87487560706302,003695d3559cb4ce186d2eef8f147c9662c5bdaed5142ca138d558413558cfdb,cd9df2ade1ca21431041edcb14d5f17dd4911475861cec41755502771901127f,481e8c12964102690dfb236b9333146fae9e98ba
Climate_h4,0,1087,N+S+Q+F,2026,4,43.80809491920851,003695d3559cb4ce186d2eef8f147c9662c5bdaed5142ca138d558413558cfdb,cd9df2ade1ca21431041edcb14d5f17dd4911475861cec41755502771901127f,481e8c12964102690dfb236b9333146fae9e98ba
Climate_h4,0,1088,N+S+Q+F,2026,1,45.894805586450026,003695d3559cb4ce186d2eef8f147c9662c5bdaed5142ca138d558413558cfdb,cd9df2ade1ca21431041edcb14d5f17dd4911475861cec41755502771901127f,481e8c12964102690dfb236b9333146fae9e98ba
Climate_h4,0,1088,N+S+Q+F,2026,2,45.84144373934883,003695d3559cb4ce186d2eef8f147c9662c5bdaed5142ca138d558413558cfdb,cd9df2ade1ca21431041edcb14d5f17dd4911475861cec41755502771901127f,481e8c12964102690dfb236b9333146fae9e98ba
Climate_h4,0,1088,N+S+Q+F,2026,3,45.79076496626105,003695d3559cb4ce186d2eef8f147c9662c5bdaed5142ca138d558413558cfdb,cd9df2ade1ca21431041edcb14d5f17dd4911475861cec41755502771901127f,481e8c12964102690dfb236b9333146fae9e98ba
Climate_h4,0,1088,N+S+Q+F,2026,4,45.73619720564477,003695d3559cb4ce186d2eef8f147c9662c5bdaed5142ca138d558413558cfdb,cd9df2ade1ca21431041edcb14d5f17dd4911475861cec41755502771901127f,481e8c12964102690dfb236b9333146fae9e98ba
Climate_h4,0,1089,N+S+Q+F,2026,1,44.17267072882698,003695d3559cb4ce186d2eef8f147c9662c5bdaed5142ca138d558413558cfdb,cd9df2ade1ca21431041edcb14d5f17dd4911475861cec41755502771901127f,481e8c12964102690dfb236b9333146fae9e98ba
Climate_h4,0,1089,N+S+Q+F,2026,2,44.136173274001294,003695d3559cb4ce186d2eef8f147c9662c5bdaed5142ca138d558413558cfdb,cd9df2ade1ca21431041edcb14d5f17dd4911475861cec41755502771901127f,481e8c12964102690dfb236b9333146fae9e98ba
Climate_h4,0,1089,N+S+Q+F,2026,3,44.10837825744021,003695d3559cb4ce186d2eef8f147c9662c5bdaed5142ca138d558413558cfdb,cd9df2ade1ca21431041edcb14d5f17dd4911475861cec41755502771901127f,481e8c12964102690dfb236b9333146fae9e98ba
Climate_h4,0,1089,N+S+Q+F,2026,4,44.07662634078026,003695d3559cb4ce186d2eef8f147c9662c5bdaed5142ca138d558413558cfdb,cd9df2ade1ca21431041edcb14d5f17dd4911475861cec41755502771901127f,481e8c12964102690dfb236b9333146fae9e98ba
Climate_h4,0,1090,N+S+Q+F,2026,1,44.03891309841474,003695d3559cb4ce186d2eef8f147c9662c5bdaed5142ca138d558413558cfdb,cd9df2ade1ca21431041edcb14d5f17dd4911475861cec41755502771901127f,481e8c12964102690dfb236b9333146fae9e98ba
Climate_h4,0,1090,N+S+Q+F,2026,2,44.02117479551087,003695d3559cb4ce186d2eef8f147c9662c5bdaed5142ca138d558413558cfdb,cd9df2ade1ca21431041edcb14d5f17dd4911475861cec41755502771901127f,481e8c12964102690dfb236b9333146fae9e98ba
Climate_h4,0,1090,N+S+Q+F,2026,3,44.00856807739909,003695d3559cb4ce186d2eef8f147c9662c5bdaed5142ca138d558413558cfdb,cd9df2ade1ca21431041edcb14d5f17dd4911475861cec41755502771901127f,481e8c12964102690dfb236b9333146fae9e98ba
Climate_h4,0,1090,N+S+Q+F,2026,4,43.99983554325512,003695d3559cb4ce186d2eef8f147c9662c5bdaed5142ca138d558413558cfdb,cd9df2ade1ca21431041edcb14d5f17dd4911475861cec41755502771901127f,481e8c12964102690dfb236b9333146fae9e98ba
Climate_h4,0,1091,N+S+Q+F,2026,1,41.680116781072336,003695d3559cb4ce186d2eef8f147c9662c5bdaed5142ca138d558413558cfdb,cd9df2ade1ca21431041edcb14d5f17dd4911475861cec41755502771901127f,481e8c12964102690dfb236b9333146fae9e98ba
Climate_h4,0,1091,N+S+Q+F,2026,2,41.6150188345829,003695d3559cb4ce186d2eef8f147c9662c5bdaed5142ca138d558413558cfdb,cd9df2ade1ca21431041edcb14d5f17dd4911475861cec41755502771901127f,481e8c12964102690dfb236b9333146fae9e98ba
Climate_h4,0,1091,N+S+Q+F,2026,3,41.59366035082396,003695d3559cb4ce186d2eef8f147c9662c5bdaed5142ca138d558413558cfdb,cd9df2ade1ca21431041edcb14d5f17dd4911475861cec41755502771901127f,481e8c12964102690dfb236b9333146fae9e98ba
Climate_h4,0,1091,N+S+Q+F,2026,4,41.591838004937934,003695d3559cb4ce186d2eef8f147c9662c5bdaed5142ca138d558413558cfdb,cd9df2ade1ca21431041edcb14d5f17dd4911475861cec41755502771901127f,481e8c12964102690dfb236b9333146fae9e98ba
Climate_h4,0,1092,N+S+Q+F,2026,1,42.2662937734426,003695d3559cb4ce186d2eef8f147c9662c5bdaed5142ca138d558413558cfdb,cd9df2ade1ca21431041edcb14d5f17dd4911475861cec41755502771901127f,481e8c12964102690dfb236b9333146fae9e98ba
Climate_h4,0,1092,N+S+Q+F,2026,2,42.247201449161444,003695d3559cb4ce186d2eef8f147c9662c5bdaed5142ca138d558413558cfdb,cd9df2ade1ca21431041edcb14d5f17dd4911475861cec41755502771901127f,481e8c12964102690dfb236b9333146fae9e98ba
Climate_h4,0,1092,N+S+Q+F,2026,3,42.2489307124003,003695d3559cb4ce186d2eef8f147c9662c5bdaed5142ca138d558413558cfdb,cd9df2ade1ca21431041edcb14d5f17dd4911475861cec41755502771901127f,481e8c12964102690dfb236b9333146fae9e98ba
Climate_h4,0,1092,N+S+Q+F,2026,4,42.253152976725644,003695d3559cb4ce186d2eef8f147c9662c5bdaed5142ca138d558413558cfdb,cd9df2ade1ca21431041edcb14d5f17dd4911475861cec41755502771901127f,481e8c12964102690dfb236b9333146fae9e98ba
Climate_h4,0,1093,N+S+Q+F,2026,1,41.78760303356997,003695d3559cb4ce186d2eef8f147c9662c5bdaed5142ca138d558413558cfdb,cd9df2ade1ca21431041edcb14d5f17dd4911475861cec41755502771901127f,481e8c12964102690dfb236b9333146fae9e98ba
Climate_h4,0,1093,N+S+Q+F,2026,2,41.7853751584557,003695d3559cb4ce186d2eef8f147c9662c5bdaed5142ca138d558413558cfdb,cd9df2ade1ca21431041edcb14d5f17dd4911475861cec41755502771901127f,481e8c12964102690dfb236b9333146fae9e98ba
Climate_h4,0,1093,N+S+Q+F,2026,3,41.81276653464825,003695d3559cb4ce186d2eef8f147c9662c5bdaed5142ca138d558413558cfdb,cd9df2ade1ca21431041edcb14d5f17dd4911475861cec41755502771901127f,481e8c12964102690dfb236b9333146fae9e98ba
Climate_h4,0,1093,N+S+Q+F,2026,4,41.85279114084392,003695d3559cb4ce186d2eef8f147c9662c5bdaed5142ca138d558413558cfdb,cd9df2ade1ca21431041edcb14d5f17dd4911475861cec41755502771901127f,481e8c12964102690dfb236b9333146fae9e98ba
Climate_h4,0,1094,N+S+Q+F,2026,1,42.173504270994435,003695d3559cb4ce186d2eef8f147c9662c5bdaed5142ca138d558413558cfdb,cd9df2ade1ca21431041edcb14d5f17dd4911475861cec41755502771901127f,481e8c12964102690dfb236b9333146fae9e98ba
Climate_h4,0,1094,N+S+Q+F,2026,2,42.197682807774584,003695d3559cb4ce186d2eef8f147c9662c5bdaed5142ca138d558413558cfdb,cd9df2ade1ca21431041edcb14d5f17dd4911475861cec41755502771901127f,481e8c12964102690dfb236b9333146fae9e98ba
Climate_h4,0,1094,N+S+Q+F,2026,3,42.2508197566617,003695d3559cb4ce186d2eef8f147c9662c5bdaed5142ca138d558413558cfdb,cd9df2ade1ca21431041edcb14d5f17dd4911475861cec41755502771901127f,481e8c12964102690dfb236b9333146fae9e98ba
Climate_h4,0,1094,N+S+Q+F,2026,4,42.32681861253731,003695d3559cb4ce186d2eef8f147c9662c5bdaed5142ca138d558413558cfdb,cd9df2ade1ca21431041edcb14d5f17dd4911475861cec41755502771901127f,481e8c12964102690dfb236b9333146fae9e98ba
Climate_h4,0,1095,N+S+Q+F,2026,1,42.54307463982884,003695d3559cb4ce186d2eef8f147c9662c5bdaed5142ca138d558413558cfdb,cd9df2ade1ca21431041edcb14d5f17dd4911475861cec41755502771901127f,481e8c12964102690dfb236b9333146fae9e98ba
Climate_h4,0,1095,N+S+Q+F,2026,2,42.58413965386716,003695d3559cb4ce186d2eef8f147c9662c5bdaed5142ca138d558413558cfdb,cd9df2ade1ca21431041edcb14d5f17dd4911475861cec41755502771901127f,481e8c12964102690dfb236b9333146fae9e98ba
Climate_h4,0,1095,N+S+Q+F,2026,3,42.660590980165864,003695d3559cb4ce186d2eef8f147c9662c5bdaed5142ca138d558413558cfdb,cd9df2ade1ca21431041edcb14d5f17dd4911475861cec41755502771901127f,481e8c12964102690dfb236b9333146fae9e98ba
Climate_h4,0,1095,N+S+Q+F,2026,4,42.762895699752825,003695d3559cb4ce186d2eef8f147c9662c5bdaed5142ca138d558413558cfdb,cd9df2ade1ca21431041edcb14d5f17dd4911475861cec41755502771901127f,481e8c12964102690dfb236b9333146fae9e98ba
Climate_h4,0,1096,N+S+Q+F,2026,1,43.20380512335613,003695d3559cb4ce186d2eef8f147c9662c5bdaed5142ca138d558413558cfdb,cd9df2ade1ca21431041edcb14d5f17dd4911475861cec41755502771901127f,481e8c12964102690dfb236b9333146fae9e98ba
Climate_h4,0,1096,N+S+Q+F,2026,2,43.30365439655221,003695d3559cb4ce186d2eef8f147c9662c5bdaed5142ca138d558413558cfdb,cd9df2ade1ca21431041edcb14d5f17dd4911475861cec41755502771901127f,481e8c12964102690dfb236b9333146fae9e98ba
Climate_h4,0,1096,N+S+Q+F,2026,3,43.36859679438873,003695d3559cb4ce186d2eef8f147c9662c5bdaed5142ca138d558413558cfdb,cd9df2ade1ca21431041edcb14d5f17dd4911475861cec41755502771901127f,481e8c12964102690dfb236b9333146fae9e98ba
Climate_h4,0,1096,N+S+Q+F,2026,4,43.37254628868533,003695d3559cb4ce186d2eef8f147c9662c5bdaed5142ca138d558413558cfdb,cd9df2ade1ca21431041edcb14d5f17dd4911475861cec41755502771901127f,481e8c12964102690dfb236b9333146fae9e98ba
Climate_h4,0,1097,N+S+Q+F,2026,1,47.104685311804324,003695d3559cb4ce186d2eef8f147c9662c5bdaed5142ca138d558413558cfdb,cd9df2ade1ca21431041edcb14d5f17dd4911475861cec41755502771901127f,481e8c12964102690dfb236b9333146fae9e98ba
Climate_h4,0,1097,N+S+Q+F,2026,2,47.16253019959324,003695d3559cb4ce186d2eef8f147c9662c5bdaed5142ca138d558413558cfdb,cd9df2ade1ca21431041edcb14d5f17dd4911475861cec41755502771901127f,481e8c12964102690dfb236b9333146fae9e98ba
Climate_h4,0,1097,N+S+Q+F,2026,3,47.25544054770271,003695d3559cb4ce186d2eef8f147c9662c5bdaed5142ca138d558413558cfdb,cd9df2ade1ca21431041edcb14d5f17dd4911475861cec41755502771901127f,481e8c12964102690dfb236b9333146fae9e98ba
Climate_h4,0,1097,N+S+Q+F,2026,4,47.37118305209422,003695d3559cb4ce186d2eef8f147c9662c5bdaed5142ca138d558413558cfdb,cd9df2ade1ca21431041edcb14d5f17dd4911475861cec41755502771901127f,481e8c12964102690dfb236b9333146fae9e98ba
Climate_h4,0,1098,N+S+Q+F,2026,1,45.76464124633158,003695d3559cb4ce186d2eef8f147c9662c5bdaed5142ca138d558413558cfdb,cd9df2ade1ca21431041edcb14d5f17dd4911475861cec41755502771901127f,481e8c12964102690dfb236b9333146fae9e98ba
Climate_h4,0,1098,N+S+Q+F,2026,2,45.8331267746775,003695d3559cb4ce186d2eef8f147c9662c5bdaed5142ca138d558413558cfdb,cd9df2ade1ca21431041edcb14d5f17dd4911475861cec41755502771901127f,481e8c12964102690dfb236b9333146fae9e98ba
Climate_h4,0,1098,N+S+Q+F,2026,3,45.94885030967865,003695d3559cb4ce186d2eef8f147c9662c5bdaed5142ca138d558413558cfdb,cd9df2ade1ca21431041edcb14d5f17dd4911475861cec41755502771901127f,481e8c12964102690dfb236b9333146fae9e98ba
Climate_h4,0,1098,N+S+Q+F,2026,4,46.091785137140285,003695d3559cb4ce186d2eef8f147c9662c5bdaed5142ca138d558413558cfdb,cd9df2ade1ca21431041edcb14d5f17dd4911475861cec41755502771901127f,481e8c12964102690dfb236b9333146fae9e98ba
Climate_h4,0,1099,N+S+Q+F,2026,1,44.34856335882867,003695d3559cb4ce186d2eef8f147c9662c5bdaed5142ca138d558413558cfdb,cd9df2ade1ca21431041edcb14d5f17dd4911475861cec41755502771901127f,481e8c12964102690dfb236b9333146fae9e98ba
Climate_h4,0,1099,N+S+Q+F,2026,2,44.439459614964676,003695d3559cb4ce186d2eef8f147c9662c5bdaed5142ca138d558413558cfdb,cd9df2ade1ca21431041edcb14d5f17dd4911475861cec41755502771901127f,481e8c12964102690dfb236b9333146fae9e98ba
Climate_h4,0,1099,N+S+Q+F,2026,3,44.57409214701341,003695d3559cb4ce186d2eef8f147c9662c5bdaed5142ca138d558413558cfdb,cd9df2ade1ca21431041edcb14d5f17dd4911475861cec41755502771901127f,481e8c12964102690dfb236b9333146fae9e98ba
Climate_h4,0,1099,N+S+Q+F,2026,4,44.75091392510763,003695d3559cb4ce186d2eef8f147c9662c5bdaed5142ca138d558413558cfdb,cd9df2ade1ca21431041edcb14d5f17dd4911475861cec41755502771901127f,481e8c12964102690dfb236b9333146fae9e98ba
Climate_h4,0,1100,N+S+Q+F,2026,1,45.307158620262946,003695d3559cb4ce186d2eef8f147c9662c5bdaed5142ca138d558413558cfdb,cd9df2ade1ca21431041edcb14d5f17dd4911475861cec41755502771901127f,481e8c12964102690dfb236b9333146fae9e98ba
Climate_h4,0,1100,N+S+Q+F,2026,2,45.38196698545747,003695d3559cb4ce186d2eef8f147c9662c5bdaed5142ca138d558413558cfdb,cd9df2ade1ca21431041edcb14d5f17dd4911475861cec41755502771901127f,481e8c12964102690dfb236b9333146fae9e98ba
Climate_h4,0,1100,N+S+Q+F,2026,3,45.50051838025766,003695d3559cb4ce186d2eef8f147c9662c5bdaed5142ca138d558413558cfdb,cd9df2ade1ca21431041edcb14d5f17dd4911475861cec41755502771901127f,481e8c12964102690dfb236b9333146fae9e98ba
Climate_h4,0,1100,N+S+Q+F,2026,4,45.641668961361674,003695d3559cb4ce186d2eef8f147c9662c5bdaed5142ca138d558413558cfdb,cd9df2ade1ca21431041edcb14d5f17dd4911475861cec41755502771901127f,481e8c12964102690dfb236b9333146fae9e98ba
Climate_h4,0,1101,N+S+Q+F,2026,1,43.06393369883173,003695d3559cb4ce186d2eef8f147c9662c5bdaed5142ca138d558413558cfdb,cd9df2ade1ca21431041edcb14d5f17dd4911475861cec41755502771901127f,481e8c12964102690dfb236b9333146fae9e98ba
Climate_h4,0,1101,N+S+Q+F,2026,2,43.14489280335327,003695d3559cb4ce186d2eef8f147c9662c5bdaed5142ca138d558413558cfdb,cd9df2ade1ca21431041edcb14d5f17dd4911475861cec41755502771901127f,481e8c12964102690dfb236b9333146fae9e98ba
Climate_h4,0,1101,N+S+Q+F,2026,3,43.28090501402543,003695d3559cb4ce186d2eef8f147c9662c5bdaed5142ca138d558413558cfdb,cd9df2ade1ca21431041edcb14d5f17dd4911475861cec41755502771901127f,481e8c12964102690dfb236b9333146fae9e98ba
Climate_h4,0,1101,N+S+Q+F,2026,4,43.44484674472422,003695d3559cb4ce186d2eef8f147c9662c5bdaed5142ca138d558413558cfdb,cd9df2ade1ca21431041edcb14d5f17dd4911475861cec41755502771901127f,481e8c12964102690dfb236b9333146fae9e98ba
Climate_h4,0,1102,N+S+Q+F,2026,1,42.959470936904374,003695d3559cb4ce186d2eef8f147c9662c5bdaed5142ca138d558413558cfdb,cd9df2ade1ca21431041edcb14d5f17dd4911475861cec41755502771901127f,481e8c12964102690dfb236b9333146fae9e98ba
Climate_h4,0,1102,N+S+Q+F,2026,2,43.070723727800235,003695d3559cb4ce186d2eef8f147c9662c5bdaed5142ca138d558413558cfdb,cd9df2ade1ca21431041edcb14d5f17dd4911475861cec41755502771901127f,481e8c12964102690dfb236b9333146fae9e98ba
Climate_h4,0,1102,N+S+Q+F,2026,3,43.22356286735902,003695d3559cb4ce186d2eef8f147c9662c5bdaed5142ca138d558413558cfdb,cd9df2ade1ca21431041edcb14d5f17dd4911475861cec41755502771901127f,481e8c12964102690dfb236b9333146fae9e98ba
Climate_h4,0,1102,N+S+Q+F,2026,4,43.42006211108499,003695d3559cb4ce186d2eef8f147c9662c5bdaed5142ca138d558413558cfdb,cd9df2ade1ca21431041edcb14d5f17dd4911475861cec41755502771901127f,481e8c12964102690dfb236b9333146fae9e98ba
Climate_h4,0,1103,N+S+Q+F,2026,1,43.16321829450234,003695d3559cb4ce186d2eef8f147c9662c5bdaed5142ca138d558413558cfdb,cd9df2ade1ca21431041edcb14d5f17dd4911475861cec41755502771901127f,481e8c12964102690dfb236b9333146fae9e98ba
Climate_h4,0,1103,N+S+Q+F,2026,2,43.28872765260355,003695d3559cb4ce186d2eef8f147c9662c5bdaed5142ca138d558413558cfdb,cd9df2ade1ca21431041edcb14d5f17dd4911475861cec41755502771901127f,481e8c12964102690dfb236b9333146fae9e98ba
Climate_h4,0,1103,N+S+Q+F,2026,3,43.46560703358079,003695d3559cb4ce186d2eef8f147c9662c5bdaed5142ca138d558413558cfdb,cd9df2ade1ca21431041edcb14d5f17dd4911475861cec41755502771901127f,481e8c12964102690dfb236b9333146fae9e98ba
Climate_h4,0,1103,N+S+Q+F,2026,4,43.686627949150946,003695d3559cb4ce186d2eef8f147c9662c5bdaed5142ca138d558413558cfdb,cd9df2ade1ca21431041edcb14d5f17dd4911475861cec41755502771901127f,481e8c12964102690dfb236b9333146fae9e98ba
Climate_h4,0,1104,N+S+Q+F,2026,1,43.662875004063885,003695d3559cb4ce186d2eef8f147c9662c5bdaed5142ca138d558413558cfdb,cd9df2ade1ca21431041edcb14d5f17dd4911475861cec41755502771901127f,481e8c12964102690dfb236b9333146fae9e98ba
Climate_h4,0,1104,N+S+Q+F,2026,2,43.792126365735186,003695d3559cb4ce186d2eef8f147c9662c5bdaed5142ca138d558413558cfdb,cd9df2ade1ca21431041edcb14d5f17dd4911475861cec41755502771901127f,481e8c12964102690dfb236b9333146fae9e98ba
Climate_h4,0,1104,N+S+Q+F,2026,3,43.96082638065095,003695d3559cb4ce186d2eef8f147c9662c5bdaed5142ca138d558413558cfdb,cd9df2ade1ca21431041edcb14d5f17dd4911475861cec41755502771901127f,481e8c12964102690dfb236b9333146fae9e98ba
Climate_h4,0,1104,N+S+Q+F,2026,4,44.15604207544967,003695d3559cb4ce186d2eef8f147c9662c5bdaed5142ca138d558413558cfdb,cd9df2ade1ca21431041edcb14d5f17dd4911475861cec41755502771901127f,481e8c12964102690dfb236b9333146fae9e98ba
Climate_h4,0,1105,N+S+Q+F,2026,1,45.09426039116807,003695d3559cb4ce186d2eef8f147c9662c5bdaed5142ca138d558413558cfdb,cd9df2ade1ca21431041edcb14d5f17dd4911475861cec41755502771901127f,481e8c12964102690dfb236b9333146fae9e98ba
Climate_h4,0,1105,N+S+Q+F,2026,2,45.23863568852611,003695d3559cb4ce186d2eef8f147c9662c5bdaed5142ca138d558413558cfdb,cd9df2ade1ca21431041edcb14d5f17dd4911475861cec41755502771901127f,481e8c12964102690dfb236b9333146fae9e98ba
Climate_h4,0,1105,N+S+Q+F,2026,3,45.42336322928331,003695d3559cb4ce186d2eef8f147c9662c5bdaed5142ca138d558413558cfdb,cd9df2ade1ca21431041edcb14d5f17dd4911475861cec41755502771901127f,481e8c12964102690dfb236b9333146fae9e98ba
Climate_h4,0,1105,N+S+Q+F,2026,4,45.63602736202111,003695d3559cb4ce186d2eef8f147c9662c5bdaed5142ca138d558413558cfdb,cd9df2ade1ca21431041edcb14d5f17dd4911475861cec41755502771901127f,481e8c12964102690dfb236b9333146fae9e98ba
Climate_h4,0,1106,N+S+Q+F,2026,1,38.818362134885135,003695d3559cb4ce186d2eef8f147c9662c5bdaed5142ca138d558413558cfdb,cd9df2ade1ca21431041edcb14d5f17dd4911475861cec41755502771901127f,481e8c12964102690dfb236b9333146fae9e98ba
Climate_h4,0,1106,N+S+Q+F,2026,2,38.97707361927698,003695d3559cb4ce186d2eef8f147c9662c5bdaed5142ca138d558413558cfdb,cd9df2ade1ca21431041edcb14d5f17dd4911475861cec41755502771901127f,481e8c12964102690dfb236b9333146fae9e98ba
Climate_h4,0,1106,N+S+Q+F,2026,3,39.193831477749846,003695d3559cb4ce186d2eef8f147c9662c5bdaed5142ca138d558413558cfdb,cd9df2ade1ca21431041edcb14d5f17dd4911475861cec41755502771901127f,481e8c12964102690dfb236b9333146fae9e98ba
Climate_h4,0,1106,N+S+Q+F,2026,4,39.44648182654021,003695d3559cb4ce186d2eef8f147c9662c5bdaed5142ca138d558413558cfdb,cd9df2ade1ca21431041edcb14d5f17dd4911475861cec41755502771901127f,481e8c12964102690dfb236b9333146fae9e98ba
Climate_h4,0,1107,N+S+Q+F,2026,1,39.415530005759145,003695d3559cb4ce186d2eef8f147c9662c5bdaed5142ca138d558413558cfdb,cd9df2ade1ca21431041edcb14d5f17dd4911475861cec41755502771901127f,481e8c12964102690dfb236b9333146fae9e98ba
Climate_h4,0,1107,N+S+Q+F,2026,2,39.60467635396803,003695d3559cb4ce186d2eef8f147c9662c5bdaed5142ca138d558413558cfdb,cd9df2ade1ca21431041edcb14d5f17dd4911475861cec41755502771901127f,481e8c12964102690dfb236b9333146fae9e98ba
Climate_h4,0,1107,N+S+Q+F,2026,3,39.83493815888748,003695d3559cb4ce186d2eef8f147c9662c5bdaed5142ca138d558413558cfdb,cd9df2ade1ca21431041edcb14d5f17dd4911475861cec41755502771901127f,481e8c12964102690dfb236b9333146fae9e98ba
Climate_h4,0,1107,N+S+Q+F,2026,4,40.122496185515274,003695d3559cb4ce186d2eef8f147c9662c5bdaed5142ca138d558413558cfdb,cd9df2ade1ca21431041edcb14d5f17dd4911475861cec41755502771901127f,481e8c12964102690dfb236b9333146fae9e98ba
Climate_h4,0,1108,N+S+Q+F,2026,1,40.81420086525368,003695d3559cb4ce186d2eef8f147c9662c5bdaed5142ca138d558413558cfdb,cd9df2ade1ca21431041edcb14d5f17dd4911475861cec41755502771901127f,481e8c12964102690dfb236b9333146fae9e98ba
Climate_h4,0,1108,N+S+Q+F,2026,2,41.014807727697544,003695d3559cb4ce186d2eef8f147c9662c5bdaed5142ca138d558413558cfdb,cd9df2ade1ca21431041edcb14d5f17dd4911475861cec41755502771901127f,481e8c12964102690dfb236b9333146fae9e98ba
Climate_h4,0,1108,N+S+Q+F,2026,3,41.2675371039958,003695d3559cb4ce186d2eef8f147c9662c5bdaed5142ca138d558413558cfdb,cd9df2ade1ca21431041edcb14d5f17dd4911475861cec41755502771901127f,481e8c12964102690dfb236b9333146fae9e98ba
Climate_h4,0,1108,N+S+Q+F,2026,4,41.566865163417674,003695d3559cb4ce186d2eef8f147c9662c5bdaed5142ca138d558413558cfdb,cd9df2ade1ca21431041edcb14d5f17dd4911475861cec41755502771901127f,481e8c12964102690dfb236b9333146fae9e98ba
Climate_h4,0,1109,N+S+Q+F,2026,1,41.51931330738162,003695d3559cb4ce186d2eef8f147c9662c5bdaed5142ca138d558413558cfdb,cd9df2ade1ca21431041edcb14d5f17dd4911475861cec41755502771901127f,481e8c12964102690dfb236b9333146fae9e98ba
Climate_h4,0,1109,N+S+Q+F,2026,2,41.7016848123796,003695d3559cb4ce186d2eef8f147c9662c5bdaed5142ca138d558413558cfdb,cd9df2ade1ca21431041edcb14d5f17dd4911475861cec41755502771901127f,481e8c12964102690dfb236b9333146fae9e98ba
Climate_h4,0,1109,N+S+Q+F,2026,3,41.923852691828834,003695d3559cb4ce186d2eef8f147c9662c5bdaed5142ca138d558413558cfdb,cd9df2ade1ca21431041edcb14d5f17dd4911475861cec41755502771901127f,481e8c12964102690dfb236b9333146fae9e98ba
Climate_h4,0,1109,N+S+Q+F,2026,4,42.16993785152583,003695d3559cb4ce186d2eef8f147c9662c5bdaed5142ca138d558413558cfdb,cd9df2ade1ca21431041edcb14d5f17dd4911475861cec41755502771901127f,481e8c12964102690dfb236b9333146fae9e98ba
Climate_h4,0,1110,N+S+Q+F,2026,1,41.645660939520035,003695d3559cb4ce186d2eef8f147c9662c5bdaed5142ca138d558413558cfdb,cd9df2ade1ca21431041edcb14d5f17dd4911475861cec41755502771901127f,481e8c12964102690dfb236b9333146fae9e98ba
Climate_h4,0,1110,N+S+Q+F,2026,2,41.845054281177184,003695d3559cb4ce186d2eef8f147c9662c5bdaed5142ca138d558413558cfdb,cd9df2ade1ca21431041edcb14d5f17dd4911475861cec41755502771901127f,481e8c12964102690dfb236b9333146fae9e98ba
Climate_h4,0,1110,N+S+Q+F,2026,3,42.077873773214186,003695d3559cb4ce186d2eef8f147c9662c5bdaed5142ca138d558413558cfdb,cd9df2ade1ca21431041edcb14d5f17dd4911475861cec41755502771901127f,481e8c12964102690dfb236b9333146fae9e98ba
Climate_h4,0,1110,N+S+Q+F,2026,4,42.34699589823858,003695d3559cb4ce186d2eef8f147c9662c5bdaed5142ca138d558413558cfdb,cd9df2ade1ca21431041edcb14d5f17dd4911475861cec41755502771901127f,481e8c12964102690dfb236b9333146fae9e98ba
Climate_h4,0,1111,N+S+Q+F,2026,1,44.53694004049955,003695d3559cb4ce186d2eef8f147c9662c5bdaed5142ca138d558413558cfdb,cd9df2ade1ca21431041edcb14d5f17dd4911475861cec41755502771901127f,481e8c12964102690dfb236b9333146fae9e98ba
Climate_h4,0,1111,N+S+Q+F,2026,2,44.7464000831522,003695d3559cb4ce186d2eef8f147c9662c5bdaed5142ca138d558413558cfdb,cd9df2ade1ca21431041edcb14d5f17dd4911475861cec41755502771901127f,481e8c12964102690dfb236b9333146fae9e98ba
Climate_h4,0,1111,N+S+Q+F,2026,3,44.9934836082135,003695d3559cb4ce186d2eef8f147c9662c5bdaed5142ca138d558413558cfdb,cd9df2ade1ca21431041edcb14d5f17dd4911475861cec41755502771901127f,481e8c12964102690dfb236b9333146fae9e98ba
Climate_h4,0,1111,N+S+Q+F,2026,4,45.2685892298017,003695d3559cb4ce186d2eef8f147c9662c5bdaed5142ca138d558413558cfdb,cd9df2ade1ca21431041edcb14d5f17dd4911475861cec41755502771901127f,481e8c12964102690dfb236b9333146fae9e98ba
Climate_h4,0,1112,N+S+Q+F,2026,1,42.76042955783526,003695d3559cb4ce186d2eef8f147c9662c5bdaed5142ca138d558413558cfdb,cd9df2ade1ca21431041edcb14d5f17dd4911475861cec41755502771901127f,481e8c12964102690dfb236b9333146fae9e98ba
Climate_h4,0,1112,N+S+Q+F,2026,2,42.98978059639791,003695d3559cb4ce186d2eef8f147c9662c5bdaed5142ca138d558413558cfdb,cd9df2ade1ca21431041edcb14d5f17dd4911475861cec41755502771901127f,481e8c12964102690dfb236b9333146fae9e98ba
Climate_h4,0,1112,N+S+Q+F,2026,3,43.25583479511076,003695d3559cb4ce186d2eef8f147c9662c5bdaed5142ca138d558413558cfdb,cd9df2ade1ca21431041edcb14d5f17dd4911475861cec41755502771901127f,481e8c12964102690dfb236b9333146fae9e98ba
Climate_h4,0,1112,N+S+Q+F,2026,4,43.54745718290116,003695d3559cb4ce186d2eef8f147c9662c5bdaed5142ca138d558413558cfdb,cd9df2ade1ca21431041edcb14d5f17dd4911475861cec41755502771901127f,481e8c12964102690dfb236b9333146fae9e98ba
Climate_h4,0,1113,N+S+Q+F,2026,1,39.66442361191398,003695d3559cb4ce186d2eef8f147c9662c5bdaed5142ca138d558413558cfdb,cd9df2ade1ca21431041edcb14d5f17dd4911475861cec41755502771901127f,481e8c12964102690dfb236b9333146fae9e98ba
Climate_h4,0,1113,N+S+Q+F,2026,2,39.92971176519277,003695d3559cb4ce186d2eef8f147c9662c5bdaed5142ca138d558413558cfdb,cd9df2ade1ca21431041edcb14d5f17dd4911475861cec41755502771901127f,481e8c12964102690dfb236b9333146fae9e98ba
Climate_h4,0,1113,N+S+Q+F,2026,3,40.16983338815757,003695d3559cb4ce186d2eef8f147c9662c5bdaed5142ca138d558413558cfdb,cd9df2ade1ca21431041edcb14d5f17dd4911475861cec41755502771901127f,481e8c12964102690dfb236b9333146fae9e98ba
Climate_h4,0,1113,N+S+Q+F,2026,4,40.36609053129886,003695d3559cb4ce186d2eef8f147c9662c5bdaed5142ca138d558413558cfdb,cd9df2ade1ca21431041edcb14d5f17dd4911475861cec41755502771901127f,481e8c12964102690dfb236b9333146fae9e98ba
Climate_h4,0,1114,N+S+Q+F,2026,1,41.807632972224916,003695d3559cb4ce186d2eef8f147c9662c5bdaed5142ca138d558413558cfdb,cd9df2ade1ca21431041edcb14d5f17dd4911475861cec41755502771901127f,481e8c12964102690dfb236b9333146fae9e98ba
Climate_h4,0,1114,N+S+Q+F,2026,2,42.04855623864837,003695d3559cb4ce186d2eef8f147c9662c5bdaed5142ca138d558413558cfdb,cd9df2ade1ca21431041edcb14d5f17dd4911475861cec41755502771901127f,481e8c12964102690dfb236b9333146fae9e98ba
Climate_h4,0,1114,N+S+Q+F,2026,3,42.301653812402435,003695d3559cb4ce186d2eef8f147c9662c5bdaed5142ca138d558413558cfdb,cd9df2ade1ca21431041edcb14d5f17dd4911475861cec41755502771901127f,481e8c12964102690dfb236b9333146fae9e98ba
Climate_h4,0,1114,N+S+Q+F,2026,4,42.567853617335544,003695d3559cb4ce186d2eef8f147c9662c5bdaed5142ca138d558413558cfdb,cd9df2ade1ca21431041edcb14d5f17dd4911475861cec41755502771901127f,481e8c12964102690dfb236b9333146fae9e98ba
Climate_h4,0,1115,N+S+Q+F,2026,1,45.61308730423399,003695d3559cb4ce186d2eef8f147c9662c5bdaed5142ca138d558413558cfdb,cd9df2ade1ca21431041edcb14d5f17dd4911475861cec41755502771901127f,481e8c12964102690dfb236b9333146fae9e98ba
Climate_h4,0,1115,N+S+Q+F,2026,2,45.85859706635241,003695d3559cb4ce186d2eef8f147c9662c5bdaed5142ca138d558413558cfdb,cd9df2ade1ca21431041edcb14d5f17dd4911475861cec41755502771901127f,481e8c12964102690dfb236b9333146fae9e98ba
Climate_h4,0,1115,N+S+Q+F,2026,3,46.11381000362946,003695d3559cb4ce186d2eef8f147c9662c5bdaed5142ca138d558413558cfdb,cd9df2ade1ca21431041edcb14d5f17dd4911475861cec41755502771901127f,481e8c12964102690dfb236b9333146fae9e98ba
Climate_h4,0,1115,N+S+Q+F,2026,4,46.38236858218378,003695d3559cb4ce186d2eef8f147c9662c5bdaed5142ca138d558413558cfdb,cd9df2ade1ca21431041edcb14d5f17dd4911475861cec41755502771901127f,481e8c12964102690dfb236b9333146fae9e98ba
Climate_h4,0,1116,N+S+Q+F,2026,1,46.819434700179656,003695d3559cb4ce186d2eef8f147c9662c5bdaed5142ca138d558413558cfdb,cd9df2ade1ca21431041edcb14d5f17dd4911475861cec41755502771901127f,481e8c12964102690dfb236b9333146fae9e98ba
Climate_h4,0,1116,N+S+Q+F,2026,2,47.06760823134628,003695d3559cb4ce186d2eef8f147c9662c5bdaed5142ca138d558413558cfdb,cd9df2ade1ca21431041edcb14d5f17dd4911475861cec41755502771901127f,481e8c12964102690dfb236b9333146fae9e98ba
Climate_h4,0,1116,N+S+Q+F,2026,3,47.33073758691604,003695d3559cb4ce186d2eef8f147c9662c5bdaed5142ca138d558413558cfdb,cd9df2ade1ca21431041edcb14d5f17dd4911475861cec41755502771901127f,481e8c12964102690dfb236b9333146fae9e98ba
Climate_h4,0,1116,N+S+Q+F,2026,4,47.60815482949689,003695d3559cb4ce186d2eef8f147c9662c5bdaed5142ca138d558413558cfdb,cd9df2ade1ca21431041edcb14d5f17dd4911475861cec41755502771901127f,481e8c12964102690dfb236b9333146fae9e98ba
Climate_h4,0,1117,N+S+Q+F,2026,1,45.38492751101903,003695d3559cb4ce186d2eef8f147c9662c5bdaed5142ca138d558413558cfdb,cd9df2ade1ca21431041edcb14d5f17dd4911475861cec41755502771901127f,481e8c12964102690dfb236b9333146fae9e98ba
Climate_h4,0,1117,N+S+Q+F,2026,2,45.59713584860596,003695d3559cb4ce186d2eef8f147c9662c5bdaed5142ca138d558413558cfdb,cd9df2ade1ca21431041edcb14d5f17dd4911475861cec41755502771901127f,481e8c12964102690dfb236b9333146fae9e98ba
Climate_h4,0,1117,N+S+Q+F,2026,3,45.83725418670673,003695d3559cb4ce186d2eef8f147c9662c5bdaed5142ca138d558413558cfdb,cd9df2ade1ca21431041edcb14d5f17dd4911475861cec41755502771901127f,481e8c12964102690dfb236b9333146fae9e98ba
Climate_h4,0,1117,N+S+Q+F,2026,4,46.10494910726787,003695d3559cb4ce186d2eef8f147c9662c5bdaed5142ca138d558413558cfdb,cd9df2ade1ca21431041edcb14d5f17dd4911475861cec41755502771901127f,481e8c12964102690dfb236b9333146fae9e98ba
Climate_h4,0,1118,N+S+Q+F,2026,1,47.41829820191907,003695d3559cb4ce186d2eef8f147c9662c5bdaed5142ca138d558413558cfdb,cd9df2ade1ca21431041edcb14d5f17dd4911475861cec41755502771901127f,481e8c12964102690dfb236b9333146fae9e98ba
Climate_h4,0,1118,N+S+Q+F,2026,2,47.65249267675419,003695d3559cb4ce186d2eef8f147c9662c5bdaed5142ca138d558413558cfdb,cd9df2ade1ca21431041edcb14d5f17dd4911475861cec41755502771901127f,481e8c12964102690dfb236b9333146fae9e98ba
Climate_h4,0,1118,N+S+Q+F,2026,3,47.88551351170982,003695d3559cb4ce186d2eef8f147c9662c5bdaed5142ca138d558413558cfdb,cd9df2ade1ca21431041edcb14d5f17dd4911475861cec41755502771901127f,481e8c12964102690dfb236b9333146fae9e98ba
Climate_h4,0,1118,N+S+Q+F,2026,4,48.11583402127871,003695d3559cb4ce186d2eef8f147c9662c5bdaed5142ca138d558413558cfdb,cd9df2ade1ca21431041edcb14d5f17dd4911475861cec41755502771901127f,481e8c12964102690dfb236b9333146fae9e98ba
Climate_h4,0,1119,N+S+Q+F,2026,1,46.646792377588504,003695d3559cb4ce186d2eef8f147c9662c5bdaed5142ca138d558413558cfdb,cd9df2ade1ca21431041edcb14d5f17dd4911475861cec41755502771901127f,481e8c12964102690dfb236b9333146fae9e98ba
Climate_h4,0,1119,N+S+Q+F,2026,2,46.88306548378521,003695d3559cb4ce186d2eef8f147c9662c5bdaed5142ca138d558413558cfdb,cd9df2ade1ca21431041edcb14d5f17dd4911475861cec41755502771901127f,481e8c12964102690dfb236b9333146fae9e98ba
Climate_h4,0,1119,N+S+Q+F,2026,3,47.11471091681466,003695d3559cb4ce186d2eef8f147c9662c5bdaed5142ca138d558413558cfdb,cd9df2ade1ca21431041edcb14d5f17dd4911475861cec41755502771901127f,481e8c12964102690dfb236b9333146fae9e98ba
Climate_h4,0,1119,N+S+Q+F,2026,4,47.33613799983599,003695d3559cb4ce186d2eef8f147c9662c5bdaed5142ca138d558413558cfdb,cd9df2ade1ca21431041edcb14d5f17dd4911475861cec41755502771901127f,481e8c12964102690dfb236b9333146fae9e98ba
Climate_h4,0,1120,N+S+Q+F,2026,1,47.569072990883164,003695d3559cb4ce186d2eef8f147c9662c5bdaed5142ca138d558413558cfdb,cd9df2ade1ca21431041edcb14d5f17dd4911475861cec41755502771901127f,481e8c12964102690dfb236b9333146fae9e98ba
Climate_h4,0,1120,N+S+Q+F,2026,2,47.82284974723849,003695d3559cb4ce186d2eef8f147c9662c5bdaed5142ca138d558413558cfdb,cd9df2ade1ca21431041edcb14d5f17dd4911475861cec41755502771901127f,481e8c12964102690dfb236b9333146fae9e98ba
Climate_h4,0,1120,N+S+Q+F,2026,3,48.060024451961375,003695d3559cb4ce186d2eef8f147c9662c5bdaed5142ca138d558413558cfdb,cd9df2ade1ca21431041edcb14d5f17dd4911475861cec41755502771901127f,481e8c12964102690dfb236b9333146fae9e98ba
Climate_h4,0,1120,N+S+Q+F,2026,4,48.297659634629824,003695d3559cb4ce186d2eef8f147c9662c5bdaed5142ca138d558413558cfdb,cd9df2ade1ca21431041edcb14d5f17dd4911475861cec41755502771901127f,481e8c12964102690dfb236b9333146fae9e98ba
Climate_h4,0,1121,N+S+Q+F,2026,1,47.082246960161065,003695d3559cb4ce186d2eef8f147c9662c5bdaed5142ca138d558413558cfdb,cd9df2ade1ca21431041edcb14d5f17dd4911475861cec41755502771901127f,481e8c12964102690dfb236b9333146fae9e98ba
Climate_h4,0,1121,N+S+Q+F,2026,2,47.340647096743716,003695d3559cb4ce186d2eef8f147c9662c5bdaed5142ca138d558413558cfdb,cd9df2ade1ca21431041edcb14d5f17dd4911475861cec41755502771901127f,481e8c12964102690dfb236b9333146fae9e98ba
Climate_h4,0,1121,N+S+Q+F,2026,3,47.589313879849,003695d3559cb4ce186d2eef8f147c9662c5bdaed5142ca138d558413558cfdb,cd9df2ade1ca21431041edcb14d5f17dd4911475861cec41755502771901127f,481e8c12964102690dfb236b9333146fae9e98ba
Climate_h4,0,1121,N+S+Q+F,2026,4,47.842438104104026,003695d3559cb4ce186d2eef8f147c9662c5bdaed5142ca138d558413558cfdb,cd9df2ade1ca21431041edcb14d5f17dd4911475861cec41755502771901127f,481e8c12964102690dfb236b9333146fae9e98ba
Climate_h4,0,1122,N+S+Q+F,2026,1,49.07320416713156,003695d3559cb4ce186d2eef8f147c9662c5bdaed5142ca138d558413558cfdb,cd9df2ade1ca21431041edcb14d5f17dd4911475861cec41755502771901127f,481e8c12964102690dfb236b9333146fae9e98ba
Climate_h4,0,1122,N+S+Q+F,2026,2,49.38264129337921,003695d3559cb4ce186d2eef8f147c9662c5bdaed5142ca138d558413558cfdb,cd9df2ade1ca21431041edcb14d5f17dd4911475861cec41755502771901127f,481e8c12964102690dfb236b9333146fae9e98ba
Climate_h4,0,1122,N+S+Q+F,2026,3,49.58371320167757,003695d3559cb4ce186d2eef8f147c9662c5bdaed5142ca138d558413558cfdb,cd9df2ade1ca21431041edcb14d5f17dd4911475861cec41755502771901127f,481e8c12964102690dfb236b9333146fae9e98ba
Climate_h4,0,1122,N+S+Q+F,2026,4,49.671857040394904,003695d3559cb4ce186d2eef8f147c9662c5bdaed5142ca138d558413558cfdb,cd9df2ade1ca21431041edcb14d5f17dd4911475861cec41755502771901127f,481e8c12964102690dfb236b9333146fae9e98ba
Climate_h4,0,1123,N+S+Q+F,2026,1,47.87543229313236,003695d3559cb4ce186d2eef8f147c9662c5bdaed5142ca138d558413558cfdb,cd9df2ade1ca21431041edcb14d5f17dd4911475861cec41755502771901127f,481e8c12964102690dfb236b9333146fae9e98ba
Climate_h4,0,1123,N+S+Q+F,2026,2,48.11420800192387,003695d3559cb4ce186d2eef8f147c9662c5bdaed5142ca138d558413558cfdb,cd9df2ade1ca21431041edcb14d5f17dd4911475861cec41755502771901127f,481e8c12964102690dfb236b9333146fae9e98ba
Climate_h4,0,1123,N+S+Q+F,2026,3,48.342370381437014,003695d3559cb4ce186d2eef8f147c9662c5bdaed5142ca138d558413558cfdb,cd9df2ade1ca21431041edcb14d5f17dd4911475861cec41755502771901127f,481e8c12964102690dfb236b9333146fae9e98ba
Climate_h4,0,1123,N+S+Q+F,2026,4,48.565710881640115,003695d3559cb4ce186d2eef8f147c9662c5bdaed5142ca138d558413558cfdb,cd9df2ade1ca21431041edcb14d5f17dd4911475861cec41755502771901127f,481e8c12964102690dfb236b9333146fae9e98ba
Climate_h4,0,1124,N+S+Q+F,2026,1,49.33416120179521,003695d3559cb4ce186d2eef8f147c9662c5bdaed5142ca138d558413558cfdb,cd9df2ade1ca21431041edcb14d5f17dd4911475861cec41755502771901127f,481e8c12964102690dfb236b9333146fae9e98ba
Climate_h4,0,1124,N+S+Q+F,2026,2,49.57229241460021,003695d3559cb4ce186d2eef8f147c9662c5bdaed5142ca138d558413558cfdb,cd9df2ade1ca21431041edcb14d5f17dd4911475861cec41755502771901127f,481e8c12964102690dfb236b9333146fae9e98ba
Climate_h4,0,1124,N+S+Q+F,2026,3,49.79444667457329,003695d3559cb4ce186d2eef8f147c9662c5bdaed5142ca138d558413558cfdb,cd9df2ade1ca21431041edcb14d5f17dd4911475861cec41755502771901127f,481e8c12964102690dfb236b9333146fae9e98ba
Climate_h4,0,1124,N+S+Q+F,2026,4,50.01721789499887,003695d3559cb4ce186d2eef8f147c9662c5bdaed5142ca138d558413558cfdb,cd9df2ade1ca21431041edcb14d5f17dd4911475861cec41755502771901127f,481e8c12964102690dfb236b9333146fae9e98ba
Climate_h4,0,1125,N+S+Q+F,2026,1,50.18976613774279,003695d3559cb4ce186d2eef8f147c9662c5bdaed5142ca138d558413558cfdb,cd9df2ade1ca21431041edcb14d5f17dd4911475861cec41755502771901127f,481e8c12964102690dfb236b9333146fae9e98ba
Climate_h4,0,1125,N+S+Q+F,2026,2,50.42899702621334,003695d3559cb4ce186d2eef8f147c9662c5bdaed5142ca138d558413558cfdb,cd9df2ade1ca21431041edcb14d5f17dd4911475861cec41755502771901127f,481e8c12964102690dfb236b9333146fae9e98ba
Climate_h4,0,1125,N+S+Q+F,2026,3,50.65392657620005,003695d3559cb4ce186d2eef8f147c9662c5bdaed5142ca138d558413558cfdb,cd9df2ade1ca21431041edcb14d5f17dd4911475861cec41755502771901127f,481e8c12964102690dfb236b9333146fae9e98ba
Climate_h4,0,1125,N+S+Q+F,2026,4,50.882318500881446,003695d3559cb4ce186d2eef8f147c9662c5bdaed5142ca138d558413558cfdb,cd9df2ade1ca21431041edcb14d5f17dd4911475861cec41755502771901127f,481e8c12964102690dfb236b9333146fae9e98ba
Climate_h4,0,1126,N+S+Q+F,2026,1,50.78405191976253,003695d3559cb4ce186d2eef8f147c9662c5bdaed5142ca138d558413558cfdb,cd9df2ade1ca21431041edcb14d5f17dd4911475861cec41755502771901127f,481e8c12964102690dfb236b9333146fae9e98ba
Climate_h4,0,1126,N+S+Q+F,2026,2,50.9720292147416,003695d3559cb4ce186d2eef8f147c9662c5bdaed5142ca138d558413558cfdb,cd9df2ade1ca21431041edcb14d5f17dd4911475861cec41755502771901127f,481e8c12964102690dfb236b9333146fae9e98ba
Climate_h4,0,1126,N+S+Q+F,2026,3,51.153472986132456,003695d3559cb4ce186d2eef8f147c9662c5bdaed5142ca138d558413558cfdb,cd9df2ade1ca21431041edcb14d5f17dd4911475861cec41755502771901127f,481e8c12964102690dfb236b9333146fae9e98ba
Climate_h4,0,1126,N+S+Q+F,2026,4,51.32936054253815,003695d3559cb4ce186d2eef8f147c9662c5bdaed5142ca138d558413558cfdb,cd9df2ade1ca21431041edcb14d5f17dd4911475861cec41755502771901127f,481e8c12964102690dfb236b9333146fae9e98ba
Climate_h4,0,1127,N+S+Q+F,2026,1,51.00598248144031,003695d3559cb4ce186d2eef8f147c9662c5bdaed5142ca138d558413558cfdb,cd9df2ade1ca21431041edcb14d5f17dd4911475861cec41755502771901127f,481e8c12964102690dfb236b9333146fae9e98ba
Climate_h4,0,1127,N+S+Q+F,2026,2,51.1965245632105,003695d3559cb4ce186d2eef8f147c9662c5bdaed5142ca138d558413558cfdb,cd9df2ade1ca21431041edcb14d5f17dd4911475861cec41755502771901127f,481e8c12964102690dfb236b9333146fae9e98ba
Climate_h4,0,1127,N+S+Q+F,2026,3,51.378515026939276,003695d3559cb4ce186d2eef8f147c9662c5bdaed5142ca138d558413558cfdb,cd9df2ade1ca21431041edcb14d5f17dd4911475861cec41755502771901127f,481e8c12964102690dfb236b9333146fae9e98ba
Climate_h4,0,1127,N+S+Q+F,2026,4,51.557519082039086,003695d3559cb4ce186d2eef8f147c9662c5bdaed5142ca138d558413558cfdb,cd9df2ade1ca21431041edcb14d5f17dd4911475861cec41755502771901127f,481e8c12964102690dfb236b9333146fae9e98ba
Climate_h4,0,1128,N+S+Q+F,2026,1,49.889848021225035,003695d3559cb4ce186d2eef8f147c9662c5bdaed5142ca138d558413558cfdb,cd9df2ade1ca21431041edcb14d5f17dd4911475861cec41755502771901127f,481e8c12964102690dfb236b9333146fae9e98ba
Climate_h4,0,1128,N+S+Q+F,2026,2,50.08200141709426,003695d3559cb4ce186d2eef8f147c9662c5bdaed5142ca138d558413558cfdb,cd9df2ade1ca21431041edcb14d5f17dd4911475861cec41755502771901127f,481e8c12964102690dfb236b9333146fae9e98ba
Climate_h4,0,1128,N+S+Q+F,2026,3,50.273703843331994,003695d3559cb4ce186d2eef8f147c9662c5bdaed5142ca138d558413558cfdb,cd9df2ade1ca21431041edcb14d5f17dd4911475861cec41755502771901127f,481e8c12964102690dfb236b9333146fae9e98ba
Climate_h4,0,1128,N+S+Q+F,2026,4,50.4762557864491,003695d3559cb4ce186d2eef8f147c9662c5bdaed5142ca138d558413558cfdb,cd9df2ade1ca21431041edcb14d5f17dd4911475861cec41755502771901127f,481e8c12964102690dfb236b9333146fae9e98ba
Climate_h4,0,1129,N+S+Q+F,2026,1,49.84850060895077,003695d3559cb4ce186d2eef8f147c9662c5bdaed5142ca138d558413558cfdb,cd9df2ade1ca21431041edcb14d5f17dd4911475861cec41755502771901127f,481e8c12964102690dfb236b9333146fae9e98ba
Climate_h4,0,1129,N+S+Q+F,2026,2,50.04493103201634,003695d3559cb4ce186d2eef8f147c9662c5bdaed5142ca138d558413558cfdb,cd9df2ade1ca21431041edcb14d5f17dd4911475861cec41755502771901127f,481e8c12964102690dfb236b9333146fae9e98ba
Climate_h4,0,1129,N+S+Q+F,2026,3,50.242952529597,003695d3559cb4ce186d2eef8f147c9662c5bdaed5142ca138d558413558cfdb,cd9df2ade1ca21431041edcb14d5f17dd4911475861cec41755502771901127f,481e8c12964102690dfb236b9333146fae9e98ba
Climate_h4,0,1129,N+S+Q+F,2026,4,50.45224811333031,003695d3559cb4ce186d2eef8f147c9662c5bdaed5142ca138d558413558cfdb,cd9df2ade1ca21431041edcb14d5f17dd4911475861cec41755502771901127f,481e8c12964102690dfb236b9333146fae9e98ba
Climate_h4,0,1130,N+S+Q+F,2026,1,51.51097390240099,003695d3559cb4ce186d2eef8f147c9662c5bdaed5142ca138d558413558cfdb,cd9df2ade1ca21431041edcb14d5f17dd4911475861cec41755502771901127f,481e8c12964102690dfb236b9333146fae9e98ba
Climate_h4,0,1130,N+S+Q+F,2026,2,51.664653433376664,003695d3559cb4ce186d2eef8f147c9662c5bdaed5142ca138d558413558cfdb,cd9df2ade1ca21431041edcb14d5f17dd4911475861cec41755502771901127f,481e8c12964102690dfb236b9333146fae9e98ba
Climate_h4,0,1130,N+S+Q+F,2026,3,51.8220865171542,003695d3559cb4ce186d2eef8f147c9662c5bdaed5142ca138d558413558cfdb,cd9df2ade1ca21431041edcb14d5f17dd4911475861cec41755502771901127f,481e8c12964102690dfb236b9333146fae9e98ba
Climate_h4,0,1130,N+S+Q+F,2026,4,51.94666489662914,003695d3559cb4ce186d2eef8f147c9662c5bdaed5142ca138d558413558cfdb,cd9df2ade1ca21431041edcb14d5f17dd4911475861cec41755502771901127f,481e8c12964102690dfb236b9333146fae9e98ba
Climate_h4,0,1131,N+S+Q+F,2026,1,53.6459223837513,003695d3559cb4ce186d2eef8f147c9662c5bdaed5142ca138d558413558cfdb,cd9df2ade1ca21431041edcb14d5f17dd4911475861cec41755502771901127f,481e8c12964102690dfb236b9333146fae9e98ba
Climate_h4,0,1131,N+S+Q+F,2026,2,53.796656854666054,003695d3559cb4ce186d2eef8f147c9662c5bdaed5142ca138d558413558cfdb,cd9df2ade1ca21431041edcb14d5f17dd4911475861cec41755502771901127f,481e8c12964102690dfb236b9333146fae9e98ba
Climate_h4,0,1131,N+S+Q+F,2026,3,53.947355052155864,003695d3559cb4ce186d2eef8f147c9662c5bdaed5142ca138d558413558cfdb,cd9df2ade1ca21431041edcb14d5f17dd4911475861cec41755502771901127f,481e8c12964102690dfb236b9333146fae9e98ba
Climate_h4,0,1131,N+S+Q+F,2026,4,54.09769075544895,003695d3559cb4ce186d2eef8f147c9662c5bdaed5142ca138d558413558cfdb,cd9df2ade1ca21431041edcb14d5f17dd4911475861cec41755502771901127f,481e8c12964102690dfb236b9333146fae9e98ba
Climate_h4,0,1132,N+S+Q+F,2026,1,54.19189209119784,003695d3559cb4ce186d2eef8f147c9662c5bdaed5142ca138d558413558cfdb,cd9df2ade1ca21431041edcb14d5f17dd4911475861cec41755502771901127f,481e8c12964102690dfb236b9333146fae9e98ba
Climate_h4,0,1132,N+S+Q+F,2026,2,54.346510212478755,003695d3559cb4ce186d2eef8f147c9662c5bdaed5142ca138d558413558cfdb,cd9df2ade1ca21431041edcb14d5f17dd4911475861cec41755502771901127f,481e8c12964102690dfb236b9333146fae9e98ba
Climate_h4,0,1132,N+S+Q+F,2026,3,54.502745083746724,003695d3559cb4ce186d2eef8f147c9662c5bdaed5142ca138d558413558cfdb,cd9df2ade1ca21431041edcb14d5f17dd4911475861cec41755502771901127f,481e8c12964102690dfb236b9333146fae9e98ba
Climate_h4,0,1132,N+S+Q+F,2026,4,54.66380422406499,003695d3559cb4ce186d2eef8f147c9662c5bdaed5142ca138d558413558cfdb,cd9df2ade1ca21431041edcb14d5f17dd4911475861cec41755502771901127f,481e8c12964102690dfb236b9333146fae9e98ba
Climate_h4,0,1133,N+S+Q+F,2026,1,51.1906217474178,003695d3559cb4ce186d2eef8f147c9662c5bdaed5142ca138d558413558cfdb,cd9df2ade1ca21431041edcb14d5f17dd4911475861cec41755502771901127f,481e8c12964102690dfb236b9333146fae9e98ba
Climate_h4,0,1133,N+S+Q+F,2026,2,51.363911313839154,003695d3559cb4ce186d2eef8f147c9662c5bdaed5142ca138d558413558cfdb,cd9df2ade1ca21431041edcb14d5f17dd4911475861cec41755502771901127f,481e8c12964102690dfb236b9333146fae9e98ba
Climate_h4,0,1133,N+S+Q+F,2026,3,51.53562042356718,003695d3559cb4ce186d2eef8f147c9662c5bdaed5142ca138d558413558cfdb,cd9df2ade1ca21431041edcb14d5f17dd4911475861cec41755502771901127f,481e8c12964102690dfb236b9333146fae9e98ba
Climate_h4,0,1133,N+S+Q+F,2026,4,51.71808189265399,003695d3559cb4ce186d2eef8f147c9662c5bdaed5142ca138d558413558cfdb,cd9df2ade1ca21431041edcb14d5f17dd4911475861cec41755502771901127f,481e8c12964102690dfb236b9333146fae9e98ba
Climate_h4,0,1134,N+S+Q+F,2026,1,49.19523658600749,003695d3559cb4ce186d2eef8f147c9662c5bdaed5142ca138d558413558cfdb,cd9df2ade1ca21431041edcb14d5f17dd4911475861cec41755502771901127f,481e8c12964102690dfb236b9333146fae9e98ba
Climate_h4,0,1134,N+S+Q+F,2026,2,49.3899954385629,003695d3559cb4ce186d2eef8f147c9662c5bdaed5142ca138d558413558cfdb,cd9df2ade1ca21431041edcb14d5f17dd4911475861cec41755502771901127f,481e8c12964102690dfb236b9333146fae9e98ba
Climate_h4,0,1134,N+S+Q+F,2026,3,49.58422799654383,003695d3559cb4ce186d2eef8f147c9662c5bdaed5142ca138d558413558cfdb,cd9df2ade1ca21431041edcb14d5f17dd4911475861cec41755502771901127f,481e8c12964102690dfb236b9333146fae9e98ba
Climate_h4,0,1134,N+S+Q+F,2026,4,49.793148986241874,003695d3559cb4ce186d2eef8f147c9662c5bdaed5142ca138d558413558cfdb,cd9df2ade1ca21431041edcb14d5f17dd4911475861cec41755502771901127f,481e8c12964102690dfb236b9333146fae9e98ba
Climate_h4,0,1135,N+S+Q+F,2026,1,47.68100909929014,003695d3559cb4ce186d2eef8f147c9662c5bdaed5142ca138d558413558cfdb,cd9df2ade1ca21431041edcb14d5f17dd4911475861cec41755502771901127f,481e8c12964102690dfb236b9333146fae9e98ba
Climate_h4,0,1135,N+S+Q+F,2026,2,47.83320000227721,003695d3559cb4ce186d2eef8f147c9662c5bdaed5142ca138d558413558cfdb,cd9df2ade1ca21431041edcb14d5f17dd4911475861cec41755502771901127f,481e8c12964102690dfb236b9333146fae9e98ba
Climate_h4,0,1135,N+S+Q+F,2026,3,47.98782699985101,003695d3559cb4ce186d2eef8f147c9662c5bdaed5142ca138d558413558cfdb,cd9df2ade1ca21431041edcb14d5f17dd4911475861cec41755502771901127f,481e8c12964102690dfb236b9333146fae9e98ba
Climate_h4,0,1135,N+S+Q+F,2026,4,48.139752517992584,003695d3559cb4ce186d2eef8f147c9662c5bdaed5142ca138d558413558cfdb,cd9df2ade1ca21431041edcb14d5f17dd4911475861cec41755502771901127f,481e8c12964102690dfb236b9333146fae9e98ba
Climate_h4,0,1136,N+S+Q+F,2026,1,47.92608385539804,003695d3559cb4ce186d2eef8f147c9662c5bdaed5142ca138d558413558cfdb,cd9df2ade1ca21431041edcb14d5f17dd4911475861cec41755502771901127f,481e8c12964102690dfb236b9333146fae9e98ba
Climate_h4,0,1136,N+S+Q+F,2026,2,48.08843285832898,003695d3559cb4ce186d2eef8f147c9662c5bdaed5142ca138d558413558cfdb,cd9df2ade1ca21431041edcb14d5f17dd4911475861cec41755502771901127f,481e8c12964102690dfb236b9333146fae9e98ba
Climate_h4,0,1136,N+S+Q+F,2026,3,48.25136128210572,003695d3559cb4ce186d2eef8f147c9662c5bdaed5142ca138d558413558cfdb,cd9df2ade1ca21431041edcb14d5f17dd4911475861cec41755502771901127f,481e8c12964102690dfb236b9333146fae9e98ba
Climate_h4,0,1136,N+S+Q+F,2026,4,48.41692434942054,003695d3559cb4ce186d2eef8f147c9662c5bdaed5142ca138d558413558cfdb,cd9df2ade1ca21431041edcb14d5f17dd4911475861cec41755502771901127f,481e8c12964102690dfb236b9333146fae9e98ba
Climate_h4,0,1137,N+S+Q+F,2026,1,48.10368896560998,003695d3559cb4ce186d2eef8f147c9662c5bdaed5142ca138d558413558cfdb,cd9df2ade1ca21431041edcb14d5f17dd4911475861cec41755502771901127f,481e8c12964102690dfb236b9333146fae9e98ba
Climate_h4,0,1137,N+S+Q+F,2026,2,48.433867804836645,003695d3559cb4ce186d2eef8f147c9662c5bdaed5142ca138d558413558cfdb,cd9df2ade1ca21431041edcb14d5f17dd4911475861cec41755502771901127f,481e8c12964102690dfb236b9333146fae9e98ba
Climate_h4,0,1137,N+S+Q+F,2026,3,48.58949036841224,003695d3559cb4ce186d2eef8f147c9662c5bdaed5142ca138d558413558cfdb,cd9df2ade1ca21431041edcb14d5f17dd4911475861cec41755502771901127f,481e8c12964102690dfb236b9333146fae9e98ba
Climate_h4,0,1137,N+S+Q+F,2026,4,48.57240074056874,003695d3559cb4ce186d2eef8f147c9662c5bdaed5142ca138d558413558cfdb,cd9df2ade1ca21431041edcb14d5f17dd4911475861cec41755502771901127f,481e8c12964102690dfb236b9333146fae9e98ba
Climate_h4,0,1138,N+S+Q+F,2026,1,48.54447072099049,003695d3559cb4ce186d2eef8f147c9662c5bdaed5142ca138d558413558cfdb,cd9df2ade1ca21431041edcb14d5f17dd4911475861cec41755502771901127f,481e8c12964102690dfb236b9333146fae9e98ba
Climate_h4,0,1138,N+S+Q+F,2026,2,48.74762334288605,003695d3559cb4ce186d2eef8f147c9662c5bdaed5142ca138d558413558cfdb,cd9df2ade1ca21431041edcb14d5f17dd4911475861cec41755502771901127f,481e8c12964102690dfb236b9333146fae9e98ba
Climate_h4,0,1138,N+S+Q+F,2026,3,48.94839996037519,003695d3559cb4ce186d2eef8f147c9662c5bdaed5142ca138d558413558cfdb,cd9df2ade1ca21431041edcb14d5f17dd4911475861cec41755502771901127f,481e8c12964102690dfb236b9333146fae9e98ba
Climate_h4,0,1138,N+S+Q+F,2026,4,49.16591391097207,003695d3559cb4ce186d2eef8f147c9662c5bdaed5142ca138d558413558cfdb,cd9df2ade1ca21431041edcb14d5f17dd4911475861cec41755502771901127f,481e8c12964102690dfb236b9333146fae9e98ba
Climate_h4,0,1139,N+S+Q+F,2026,1,46.43290539958258,003695d3559cb4ce186d2eef8f147c9662c5bdaed5142ca138d558413558cfdb,cd9df2ade1ca21431041edcb14d5f17dd4911475861cec41755502771901127f,481e8c12964102690dfb236b9333146fae9e98ba
Climate_h4,0,1139,N+S+Q+F,2026,2,46.61274778169611,003695d3559cb4ce186d2eef8f147c9662c5bdaed5142ca138d558413558cfdb,cd9df2ade1ca21431041edcb14d5f17dd4911475861cec41755502771901127f,481e8c12964102690dfb236b9333146fae9e98ba
Climate_h4,0,1139,N+S+Q+F,2026,3,46.79227381705716,003695d3559cb4ce186d2eef8f147c9662c5bdaed5142ca138d558413558cfdb,cd9df2ade1ca21431041edcb14d5f17dd4911475861cec41755502771901127f,481e8c12964102690dfb236b9333146fae9e98ba
Climate_h4,0,1139,N+S+Q+F,2026,4,46.96337266146082,003695d3559cb4ce186d2eef8f147c9662c5bdaed5142ca138d558413558cfdb,cd9df2ade1ca21431041edcb14d5f17dd4911475861cec41755502771901127f,481e8c12964102690dfb236b9333146fae9e98ba
Climate_h4,0,1140,N+S+Q+F,2026,1,47.61338122605499,003695d3559cb4ce186d2eef8f147c9662c5bdaed5142ca138d558413558cfdb,cd9df2ade1ca21431041edcb14d5f17dd4911475861cec41755502771901127f,481e8c12964102690dfb236b9333146fae9e98ba
Climate_h4,0,1140,N+S+Q+F,2026,2,47.79939538005527,003695d3559cb4ce186d2eef8f147c9662c5bdaed5142ca138d558413558cfdb,cd9df2ade1ca21431041edcb14d5f17dd4911475861cec41755502771901127f,481e8c12964102690dfb236b9333146fae9e98ba
Climate_h4,0,1140,N+S+Q+F,2026,3,47.98199610815609,003695d3559cb4ce186d2eef8f147c9662c5bdaed5142ca138d558413558cfdb,cd9df2ade1ca21431041edcb14d5f17dd4911475861cec41755502771901127f,481e8c12964102690dfb236b9333146fae9e98ba
Climate_h4,0,1140,N+S+Q+F,2026,4,48.156520321329474,003695d3559cb4ce186d2eef8f147c9662c5bdaed5142ca138d558413558cfdb,cd9df2ade1ca21431041edcb14d5f17dd4911475861cec41755502771901127f,481e8c12964102690dfb236b9333146fae9e98ba
Climate_h4,0,1141,N+S+Q+F,2026,1,47.454807731767396,003695d3559cb4ce186d2eef8f147c9662c5bdaed5142ca138d558413558cfdb,cd9df2ade1ca21431041edcb14d5f17dd4911475861cec41755502771901127f,481e8c12964102690dfb236b9333146fae9e98ba
Climate_h4,0,1141,N+S+Q+F,2026,2,47.65644809773256,003695d3559cb4ce186d2eef8f147c9662c5bdaed5142ca138d558413558cfdb,cd9df2ade1ca21431041edcb14d5f17dd4911475861cec41755502771901127f,481e8c12964102690dfb236b9333146fae9e98ba
Climate_h4,0,1141,N+S+Q+F,2026,3,47.84747912043695,003695d3559cb4ce186d2eef8f147c9662c5bdaed5142ca138d558413558cfdb,cd9df2ade1ca21431041edcb14d5f17dd4911475861cec41755502771901127f,481e8c12964102690dfb236b9333146fae9e98ba
Climate_h4,0,1141,N+S+Q+F,2026,4,48.03675437983972,003695d3559cb4ce186d2eef8f147c9662c5bdaed5142ca138d558413558cfdb,cd9df2ade1ca21431041edcb14d5f17dd4911475861cec41755502771901127f,481e8c12964102690dfb236b9333146fae9e98ba
Climate_h4,0,1142,N+S+Q+F,2026,1,46.987615843043685,003695d3559cb4ce186d2eef8f147c9662c5bdaed5142ca138d558413558cfdb,cd9df2ade1ca21431041edcb14d5f17dd4911475861cec41755502771901127f,481e8c12964102690dfb236b9333146fae9e98ba
Climate_h4,0,1142,N+S+Q+F,2026,2,47.19369607382981,003695d3559cb4ce186d2eef8f147c9662c5bdaed5142ca138d558413558cfdb,cd9df2ade1ca21431041edcb14d5f17dd4911475861cec41755502771901127f,481e8c12964102690dfb236b9333146fae9e98ba
Climate_h4,0,1142,N+S+Q+F,2026,3,47.39117645997764,003695d3559cb4ce186d2eef8f147c9662c5bdaed5142ca138d558413558cfdb,cd9df2ade1ca21431041edcb14d5f17dd4911475861cec41755502771901127f,481e8c12964102690dfb236b9333146fae9e98ba
Climate_h4,0,1142,N+S+Q+F,2026,4,47.59078470244842,003695d3559cb4ce186d2eef8f147c9662c5bdaed5142ca138d558413558cfdb,cd9df2ade1ca21431041edcb14d5f17dd4911475861cec41755502771901127f,481e8c12964102690dfb236b9333146fae9e98ba
Climate_h4,0,1143,N+S+Q+F,2026,1,45.229176496268266,003695d3559cb4ce186d2eef8f147c9662c5bdaed5142ca138d558413558cfdb,cd9df2ade1ca21431041edcb14d5f17dd4911475861cec41755502771901127f,481e8c12964102690dfb236b9333146fae9e98ba
Climate_h4,0,1143,N+S+Q+F,2026,2,45.40067173374638,003695d3559cb4ce186d2eef8f147c9662c5bdaed5142ca138d558413558cfdb,cd9df2ade1ca21431041edcb14d5f17dd4911475861cec41755502771901127f,481e8c12964102690dfb236b9333146fae9e98ba
Climate_h4,0,1143,N+S+Q+F,2026,3,45.56630962221843,003695d3559cb4ce186d2eef8f147c9662c5bdaed5142ca138d558413558cfdb,cd9df2ade1ca21431041edcb14d5f17dd4911475861cec41755502771901127f,481e8c12964102690dfb236b9333146fae9e98ba
Climate_h4,0,1143,N+S+Q+F,2026,4,45.68652987579813,003695d3559cb4ce186d2eef8f147c9662c5bdaed5142ca138d558413558cfdb,cd9df2ade1ca21431041edcb14d5f17dd4911475861cec41755502771901127f,481e8c12964102690dfb236b9333146fae9e98ba
Climate_h4,0,1144,N+S+Q+F,2026,1,42.52042006635394,003695d3559cb4ce186d2eef8f147c9662c5bdaed5142ca138d558413558cfdb,cd9df2ade1ca21431041edcb14d5f17dd4911475861cec41755502771901127f,481e8c12964102690dfb236b9333146fae9e98ba
Climate_h4,0,1144,N+S+Q+F,2026,2,42.83500615565472,003695d3559cb4ce186d2eef8f147c9662c5bdaed5142ca138d558413558cfdb,cd9df2ade1ca21431041edcb14d5f17dd4911475861cec41755502771901127f,481e8c12964102690dfb236b9333146fae9e98ba
Climate_h4,0,1144,N+S+Q+F,2026,3,43.017948423741444,003695d3559cb4ce186d2eef8f147c9662c5bdaed5142ca138d558413558cfdb,cd9df2ade1ca21431041edcb14d5f17dd4911475861cec41755502771901127f,481e8c12964102690dfb236b9333146fae9e98ba
Climate_h4,0,1144,N+S+Q+F,2026,4,43.057442267051044,003695d3559cb4ce186d2eef8f147c9662c5bdaed5142ca138d558413558cfdb,cd9df2ade1ca21431041edcb14d5f17dd4911475861cec41755502771901127f,481e8c12964102690dfb236b9333146fae9e98ba
Climate_h4,0,1145,N+S+Q+F,2026,1,39.84275674918795,003695d3559cb4ce186d2eef8f147c9662c5bdaed5142ca138d558413558cfdb,cd9df2ade1ca21431041edcb14d5f17dd4911475861cec41755502771901127f,481e8c12964102690dfb236b9333146fae9e98ba
Climate_h4,0,1145,N+S+Q+F,2026,2,40.07923050046239,003695d3559cb4ce186d2eef8f147c9662c5bdaed5142ca138d558413558cfdb,cd9df2ade1ca21431041edcb14d5f17dd4911475861cec41755502771901127f,481e8c12964102690dfb236b9333146fae9e98ba
Climate_h4,0,1145,N+S+Q+F,2026,3,40.30377834946536,003695d3559cb4ce186d2eef8f147c9662c5bdaed5142ca138d558413558cfdb,cd9df2ade1ca21431041edcb14d5f17dd4911475861cec41755502771901127f,481e8c12964102690dfb236b9333146fae9e98ba
Climate_h4,0,1145,N+S+Q+F,2026,4,40.51952114175926,003695d3559cb4ce186d2eef8f147c9662c5bdaed5142ca138d558413558cfdb,cd9df2ade1ca21431041edcb14d5f17dd4911475861cec41755502771901127f,481e8c12964102690dfb236b9333146fae9e98ba
Climate_h4,0,1146,N+S+Q+F,2026,1,38.29044822772721,003695d3559cb4ce186d2eef8f147c9662c5bdaed5142ca138d558413558cfdb,cd9df2ade1ca21431041edcb14d5f17dd4911475861cec41755502771901127f,481e8c12964102690dfb236b9333146fae9e98ba
Climate_h4,0,1146,N+S+Q+F,2026,2,38.536416546528805,003695d3559cb4ce186d2eef8f147c9662c5bdaed5142ca138d558413558cfdb,cd9df2ade1ca21431041edcb14d5f17dd4911475861cec41755502771901127f,481e8c12964102690dfb236b9333146fae9e98ba
Climate_h4,0,1146,N+S+Q+F,2026,3,38.774537225213116,003695d3559cb4ce186d2eef8f147c9662c5bdaed5142ca138d558413558cfdb,cd9df2ade1ca21431041edcb14d5f17dd4911475861cec41755502771901127f,481e8c12964102690dfb236b9333146fae9e98ba
Climate_h4,0,1146,N+S+Q+F,2026,4,39.00628148355526,003695d3559cb4ce186d2eef8f147c9662c5bdaed5142ca138d558413558cfdb,cd9df2ade1ca21431041edcb14d5f17dd4911475861cec41755502771901127f,481e8c12964102690dfb236b9333146fae9e98ba
Climate_h4,0,1147,N+S+Q+F,2026,1,39.62634916797607,003695d3559cb4ce186d2eef8f147c9662c5bdaed5142ca138d558413558cfdb,cd9df2ade1ca21431041edcb14d5f17dd4911475861cec41755502771901127f,481e8c12964102690dfb236b9333146fae9e98ba
Climate_h4,0,1147,N+S+Q+F,2026,2,39.88205566181752,003695d3559cb4ce186d2eef8f147c9662c5bdaed5142ca138d558413558cfdb,cd9df2ade1ca21431041edcb14d5f17dd4911475861cec41755502771901127f,481e8c12964102690dfb236b9333146fae9e98ba
Climate_h4,0,1147,N+S+Q+F,2026,3,40.125815850315824,003695d3559cb4ce186d2eef8f147c9662c5bdaed5142ca138d558413558cfdb,cd9df2ade1ca21431041edcb14d5f17dd4911475861cec41755502771901127f,481e8c12964102690dfb236b9333146fae9e98ba
Climate_h4,0,1147,N+S+Q+F,2026,4,40.365430878828136,003695d3559cb4ce186d2eef8f147c9662c5bdaed5142ca138d558413558cfdb,cd9df2ade1ca21431041edcb14d5f17dd4911475861cec41755502771901127f,481e8c12964102690dfb236b9333146fae9e98ba
Climate_h4,0,1148,N+S+Q+F,2026,1,38.839471800136856,003695d3559cb4ce186d2eef8f147c9662c5bdaed5142ca138d558413558cfdb,cd9df2ade1ca21431041edcb14d5f17dd4911475861cec41755502771901127f,481e8c12964102690dfb236b9333146fae9e98ba
Climate_h4,0,1148,N+S+Q+F,2026,2,39.11876520720652,003695d3559cb4ce186d2eef8f147c9662c5bdaed5142ca138d558413558cfdb,cd9df2ade1ca21431041edcb14d5f17dd4911475861cec41755502771901127f,481e8c12964102690dfb236b9333146fae9e98ba
Climate_h4,0,1148,N+S+Q+F,2026,3,39.34231856460769,003695d3559cb4ce186d2eef8f147c9662c5bdaed5142ca138d558413558cfdb,cd9df2ade1ca21431041edcb14d5f17dd4911475861cec41755502771901127f,481e8c12964102690dfb236b9333146fae9e98ba
Climate_h4,0,1148,N+S+Q+F,2026,4,39.50246593109525,003695d3559cb4ce186d2eef8f147c9662c5bdaed5142ca138d558413558cfdb,cd9df2ade1ca21431041edcb14d5f17dd4911475861cec41755502771901127f,481e8c12964102690dfb236b9333146fae9e98ba
Climate_h4,0,1149,N+S+Q+F,2026,1,40.16572103780143,003695d3559cb4ce186d2eef8f147c9662c5bdaed5142ca138d558413558cfdb,cd9df2ade1ca21431041edcb14d5f17dd4911475861cec41755502771901127f,481e8c12964102690dfb236b9333146fae9e98ba
Climate_h4,0,1149,N+S+Q+F,2026,2,40.40405439276105,003695d3559cb4ce186d2eef8f147c9662c5bdaed5142ca138d558413558cfdb,cd9df2ade1ca21431041edcb14d5f17dd4911475861cec41755502771901127f,481e8c12964102690dfb236b9333146fae9e98ba
Climate_h4,0,1149,N+S+Q+F,2026,3,40.63761218516624,003695d3559cb4ce186d2eef8f147c9662c5bdaed5142ca138d558413558cfdb,cd9df2ade1ca21431041edcb14d5f17dd4911475861cec41755502771901127f,481e8c12964102690dfb236b9333146fae9e98ba
Climate_h4,0,1149,N+S+Q+F,2026,4,40.86541809765808,003695d3559cb4ce186d2eef8f147c9662c5bdaed5142ca138d558413558cfdb,cd9df2ade1ca21431041edcb14d5f17dd4911475861cec41755502771901127f,481e8c12964102690dfb236b9333146fae9e98ba
Climate_h4,0,1150,N+S+Q+F,2026,1,40.17176764271207,003695d3559cb4ce186d2eef8f147c9662c5bdaed5142ca138d558413558cfdb,cd9df2ade1ca21431041edcb14d5f17dd4911475861cec41755502771901127f,481e8c12964102690dfb236b9333146fae9e98ba
Climate_h4,0,1150,N+S+Q+F,2026,2,40.41365527342353,003695d3559cb4ce186d2eef8f147c9662c5bdaed5142ca138d558413558cfdb,cd9df2ade1ca21431041edcb14d5f17dd4911475861cec41755502771901127f,481e8c12964102690dfb236b9333146fae9e98ba
Climate_h4,0,1150,N+S+Q+F,2026,3,40.65005323213985,003695d3559cb4ce186d2eef8f147c9662c5bdaed5142ca138d558413558cfdb,cd9df2ade1ca21431041edcb14d5f17dd4911475861cec41755502771901127f,481e8c12964102690dfb236b9333146fae9e98ba
Climate_h4,0,1150,N+S+Q+F,2026,4,40.88498193413099,003695d3559cb4ce186d2eef8f147c9662c5bdaed5142ca138d558413558cfdb,cd9df2ade1ca21431041edcb14d5f17dd4911475861cec41755502771901127f,481e8c12964102690dfb236b9333146fae9e98ba
Climate_h4,0,1151,N+S+Q+F,2026,1,40.90379663686577,003695d3559cb4ce186d2eef8f147c9662c5bdaed5142ca138d558413558cfdb,cd9df2ade1ca21431041edcb14d5f17dd4911475861cec41755502771901127f,481e8c12964102690dfb236b9333146fae9e98ba
Climate_h4,0,1151,N+S+Q+F,2026,2,41.151184750797924,003695d3559cb4ce186d2eef8f147c9662c5bdaed5142ca138d558413558cfdb,cd9df2ade1ca21431041edcb14d5f17dd4911475861cec41755502771901127f,481e8c12964102690dfb236b9333146fae9e98ba
Climate_h4,0,1151,N+S+Q+F,2026,3,41.391319106692215,003695d3559cb4ce186d2eef8f147c9662c5bdaed5142ca138d558413558cfdb,cd9df2ade1ca21431041edcb14d5f17dd4911475861cec41755502771901127f,481e8c12964102690dfb236b9333146fae9e98ba
Climate_h4,0,1151,N+S+Q+F,2026,4,41.6314545078819,003695d3559cb4ce186d2eef8f147c9662c5bdaed5142ca138d558413558cfdb,cd9df2ade1ca21431041edcb14d5f17dd4911475861cec41755502771901127f,481e8c12964102690dfb236b9333146fae9e98ba
Climate_h4,0,1152,N+S+Q+F,2026,1,40.780938508056906,003695d3559cb4ce186d2eef8f147c9662c5bdaed5142ca138d558413558cfdb,cd9df2ade1ca21431041edcb14d5f17dd4911475861cec41755502771901127f,481e8c12964102690dfb236b9333146fae9e98ba
Climate_h4,0,1152,N+S+Q+F,2026,2,40.966617506636965,003695d3559cb4ce186d2eef8f147c9662c5bdaed5142ca138d558413558cfdb,cd9df2ade1ca21431041edcb14d5f17dd4911475861cec41755502771901127f,481e8c12964102690dfb236b9333146fae9e98ba
Climate_h4,0,1152,N+S+Q+F,2026,3,41.16921895952384,003695d3559cb4ce186d2eef8f147c9662c5bdaed5142ca138d558413558cfdb,cd9df2ade1ca21431041edcb14d5f17dd4911475861cec41755502771901127f,481e8c12964102690dfb236b9333146fae9e98ba
Climate_h4,0,1152,N+S+Q+F,2026,4,41.382466490784324,003695d3559cb4ce186d2eef8f147c9662c5bdaed5142ca138d558413558cfdb,cd9df2ade1ca21431041edcb14d5f17dd4911475861cec41755502771901127f,481e8c12964102690dfb236b9333146fae9e98ba
Climate_h4,0,1153,N+S+Q+F,2026,1,39.912024847550825,003695d3559cb4ce186d2eef8f147c9662c5bdaed5142ca138d558413558cfdb,cd9df2ade1ca21431041edcb14d5f17dd4911475861cec41755502771901127f,481e8c12964102690dfb236b9333146fae9e98ba
Climate_h4,0,1153,N+S+Q+F,2026,2,40.25917099027695,003695d3559cb4ce186d2eef8f147c9662c5bdaed5142ca138d558413558cfdb,cd9df2ade1ca21431041edcb14d5f17dd4911475861cec41755502771901127f,481e8c12964102690dfb236b9333146fae9e98ba
Climate_h4,0,1153,N+S+Q+F,2026,3,40.448546004351094,003695d3559cb4ce186d2eef8f147c9662c5bdaed5142ca138d558413558cfdb,cd9df2ade1ca21431041edcb14d5f17dd4911475861cec41755502771901127f,481e8c12964102690dfb236b9333146fae9e98ba
Climate_h4,0,1153,N+S+Q+F,2026,4,40.46868223420079,003695d3559cb4ce186d2eef8f147c9662c5bdaed5142ca138d558413558cfdb,cd9df2ade1ca21431041edcb14d5f17dd4911475861cec41755502771901127f,481e8c12964102690dfb236b9333146fae9e98ba
Climate_h4,0,1154,N+S+Q+F,2026,1,40.58606990100111,003695d3559cb4ce186d2eef8f147c9662c5bdaed5142ca138d558413558cfdb,cd9df2ade1ca21431041edcb14d5f17dd4911475861cec41755502771901127f,481e8c12964102690dfb236b9333146fae9e98ba
Climate_h4,0,1154,N+S+Q+F,2026,2,40.81668370049445,003695d3559cb4ce186d2eef8f147c9662c5bdaed5142ca138d558413558cfdb,cd9df2ade1ca21431041edcb14d5f17dd4911475861cec41755502771901127f,481e8c12964102690dfb236b9333146fae9e98ba
Climate_h4,0,1154,N+S+Q+F,2026,3,41.03330733453952,003695d3559cb4ce186d2eef8f147c9662c5bdaed5142ca138d558413558cfdb,cd9df2ade1ca21431041edcb14d5f17dd4911475861cec41755502771901127f,481e8c12964102690dfb236b9333146fae9e98ba
Climate_h4,0,1154,N+S+Q+F,2026,4,41.24250450798783,003695d3559cb4ce186d2eef8f147c9662c5bdaed5142ca138d558413558cfdb,cd9df2ade1ca21431041edcb14d5f17dd4911475861cec41755502771901127f,481e8c12964102690dfb236b9333146fae9e98ba
Climate_h4,0,1155,N+S+Q+F,2026,1,39.415293896805565,003695d3559cb4ce186d2eef8f147c9662c5bdaed5142ca138d558413558cfdb,cd9df2ade1ca21431041edcb14d5f17dd4911475861cec41755502771901127f,481e8c12964102690dfb236b9333146fae9e98ba
Climate_h4,0,1155,N+S+Q+F,2026,2,39.64882771828583,003695d3559cb4ce186d2eef8f147c9662c5bdaed5142ca138d558413558cfdb,cd9df2ade1ca21431041edcb14d5f17dd4911475861cec41755502771901127f,481e8c12964102690dfb236b9333146fae9e98ba
Climate_h4,0,1155,N+S+Q+F,2026,3,39.86897942231035,003695d3559cb4ce186d2eef8f147c9662c5bdaed5142ca138d558413558cfdb,cd9df2ade1ca21431041edcb14d5f17dd4911475861cec41755502771901127f,481e8c12964102690dfb236b9333146fae9e98ba
Climate_h4,0,1155,N+S+Q+F,2026,4,40.09250180213422,003695d3559cb4ce186d2eef8f147c9662c5bdaed5142ca138d558413558cfdb,cd9df2ade1ca21431041edcb14d5f17dd4911475861cec41755502771901127f,481e8c12964102690dfb236b9333146fae9e98ba
Climate_h4,0,1156,N+S+Q+F,2026,1,38.677155178962245,003695d3559cb4ce186d2eef8f147c9662c5bdaed5142ca138d558413558cfdb,cd9df2ade1ca21431041edcb14d5f17dd4911475861cec41755502771901127f,481e8c12964102690dfb236b9333146fae9e98ba
Climate_h4,0,1156,N+S+Q+F,2026,2,38.84285806487798,003695d3559cb4ce186d2eef8f147c9662c5bdaed5142ca138d558413558cfdb,cd9df2ade1ca21431041edcb14d5f17dd4911475861cec41755502771901127f,481e8c12964102690dfb236b9333146fae9e98ba
Climate_h4,0,1156,N+S+Q+F,2026,3,39.034256676413136,003695d3559cb4ce186d2eef8f147c9662c5bdaed5142ca138d558413558cfdb,cd9df2ade1ca21431041edcb14d5f17dd4911475861cec41755502771901127f,481e8c12964102690dfb236b9333146fae9e98ba
Climate_h4,0,1156,N+S+Q+F,2026,4,39.24273158297221,003695d3559cb4ce186d2eef8f147c9662c5bdaed5142ca138d558413558cfdb,cd9df2ade1ca21431041edcb14d5f17dd4911475861cec41755502771901127f,481e8c12964102690dfb236b9333146fae9e98ba
Climate_h4,0,1157,N+S+Q+F,2026,1,38.58099426444445,003695d3559cb4ce186d2eef8f147c9662c5bdaed5142ca138d558413558cfdb,cd9df2ade1ca21431041edcb14d5f17dd4911475861cec41755502771901127f,481e8c12964102690dfb236b9333146fae9e98ba
Climate_h4,0,1157,N+S+Q+F,2026,2,38.764242671055214,003695d3559cb4ce186d2eef8f147c9662c5bdaed5142ca138d558413558cfdb,cd9df2ade1ca21431041edcb14d5f17dd4911475861cec41755502771901127f,481e8c12964102690dfb236b9333146fae9e98ba
Climate_h4,0,1157,N+S+Q+F,2026,3,38.943285570679514,003695d3559cb4ce186d2eef8f147c9662c5bdaed5142ca138d558413558cfdb,cd9df2ade1ca21431041edcb14d5f17dd4911475861cec41755502771901127f,481e8c12964102690dfb236b9333146fae9e98ba
Climate_h4,0,1157,N+S+Q+F,2026,4,39.11575210271759,003695d3559cb4ce186d2eef8f147c9662c5bdaed5142ca138d558413558cfdb,cd9df2ade1ca21431041edcb14d5f17dd4911475861cec41755502771901127f,481e8c12964102690dfb236b9333146fae9e98ba
Climate_h4,0,1158,N+S+Q+F,2026,1,37.24263643353605,003695d3559cb4ce186d2eef8f147c9662c5bdaed5142ca138d558413558cfdb,cd9df2ade1ca21431041edcb14d5f17dd4911475861cec41755502771901127f,481e8c12964102690dfb236b9333146fae9e98ba
Climate_h4,0,1158,N+S+Q+F,2026,2,37.42461924057044,003695d3559cb4ce186d2eef8f147c9662c5bdaed5142ca138d558413558cfdb,cd9df2ade1ca21431041edcb14d5f17dd4911475861cec41755502771901127f,481e8c12964102690dfb236b9333146fae9e98ba
Climate_h4,0,1158,N+S+Q+F,2026,3,37.60377254540324,003695d3559cb4ce186d2eef8f147c9662c5bdaed5142ca138d558413558cfdb,cd9df2ade1ca21431041edcb14d5f17dd4911475861cec41755502771901127f,481e8c12964102690dfb236b9333146fae9e98ba
Climate_h4,0,1158,N+S+Q+F,2026,4,37.78332491952992,003695d3559cb4ce186d2eef8f147c9662c5bdaed5142ca138d558413558cfdb,cd9df2ade1ca21431041edcb14d5f17dd4911475861cec41755502771901127f,481e8c12964102690dfb236b9333146fae9e98ba
Climate_h4,0,1159,N+S+Q+F,2026,1,37.95523414691729,003695d3559cb4ce186d2eef8f147c9662c5bdaed5142ca138d558413558cfdb,cd9df2ade1ca21431041edcb14d5f17dd4911475861cec41755502771901127f,481e8c12964102690dfb236b9333146fae9e98ba
Climate_h4,0,1159,N+S+Q+F,2026,2,38.147191302082945,003695d3559cb4ce186d2eef8f147c9662c5bdaed5142ca138d558413558cfdb,cd9df2ade1ca21431041edcb14d5f17dd4911475861cec41755502771901127f,481e8c12964102690dfb236b9333146fae9e98ba
Climate_h4,0,1159,N+S+Q+F,2026,3,38.33877853628822,003695d3559cb4ce186d2eef8f147c9662c5bdaed5142ca138d558413558cfdb,cd9df2ade1ca21431041edcb14d5f17dd4911475861cec41755502771901127f,481e8c12964102690dfb236b9333146fae9e98ba
Climate_h4,0,1159,N+S+Q+F,2026,4,38.537687713814066,003695d3559cb4ce186d2eef8f147c9662c5bdaed5142ca138d558413558cfdb,cd9df2ade1ca21431041edcb14d5f17dd4911475861cec41755502771901127f,481e8c12964102690dfb236b9333146fae9e98ba
Climate_h4,0,1160,N+S+Q+F,2026,1,39.933893394190235,003695d3559cb4ce186d2eef8f147c9662c5bdaed5142ca138d558413558cfdb,cd9df2ade1ca21431041edcb14d5f17dd4911475861cec41755502771901127f,481e8c12964102690dfb236b9333146fae9e98ba
Climate_h4,0,1160,N+S+Q+F,2026,2,40.13049722043929,003695d3559cb4ce186d2eef8f147c9662c5bdaed5142ca138d558413558cfdb,cd9df2ade1ca21431041edcb14d5f17dd4911475861cec41755502771901127f,481e8c12964102690dfb236b9333146fae9e98ba
Climate_h4,0,1160,N+S+Q+F,2026,3,40.330352761195456,003695d3559cb4ce186d2eef8f147c9662c5bdaed5142ca138d558413558cfdb,cd9df2ade1ca21431041edcb14d5f17dd4911475861cec41755502771901127f,481e8c12964102690dfb236b9333146fae9e98ba
Climate_h4,0,1160,N+S+Q+F,2026,4,40.54273611275554,003695d3559cb4ce186d2eef8f147c9662c5bdaed5142ca138d558413558cfdb,cd9df2ade1ca21431041edcb14d5f17dd4911475861cec41755502771901127f,481e8c12964102690dfb236b9333146fae9e98ba
Climate_h4,0,1161,N+S+Q+F,2026,1,42.021453403164685,003695d3559cb4ce186d2eef8f147c9662c5bdaed5142ca138d558413558cfdb,cd9df2ade1ca21431041edcb14d5f17dd4911475861cec41755502771901127f,481e8c12964102690dfb236b9333146fae9e98ba
Climate_h4,0,1161,N+S+Q+F,2026,2,42.255836621647916,003695d3559cb4ce186d2eef8f147c9662c5bdaed5142ca138d558413558cfdb,cd9df2ade1ca21431041edcb14d5f17dd4911475861cec41755502771901127f,481e8c12964102690dfb236b9333146fae9e98ba
Climate_h4,0,1161,N+S+Q+F,2026,3,42.415349329699254,003695d3559cb4ce186d2eef8f147c9662c5bdaed5142ca138d558413558cfdb,cd9df2ade1ca21431041edcb14d5f17dd4911475861cec41755502771901127f,481e8c12964102690dfb236b9333146fae9e98ba
Climate_h4,0,1161,N+S+Q+F,2026,4,42.48964245457319,003695d3559cb4ce186d2eef8f147c9662c5bdaed5142ca138d558413558cfdb,cd9df2ade1ca21431041edcb14d5f17dd4911475861cec41755502771901127f,481e8c12964102690dfb236b9333146fae9e98ba
Climate_h4,0,1162,N+S+Q+F,2026,1,42.116096009241915,003695d3559cb4ce186d2eef8f147c9662c5bdaed5142ca138d558413558cfdb,cd9df2ade1ca21431041edcb14d5f17dd4911475861cec41755502771901127f,481e8c12964102690dfb236b9333146fae9e98ba
Climate_h4,0,1162,N+S+Q+F,2026,2,42.29955490400742,003695d3559cb4ce186d2eef8f147c9662c5bdaed5142ca138d558413558cfdb,cd9df2ade1ca21431041edcb14d5f17dd4911475861cec41755502771901127f,481e8c12964102690dfb236b9333146fae9e98ba
Climate_h4,0,1162,N+S+Q+F,2026,3,42.48293142303098,003695d3559cb4ce186d2eef8f147c9662c5bdaed5142ca138d558413558cfdb,cd9df2ade1ca21431041edcb14d5f17dd4911475861cec41755502771901127f,481e8c12964102690dfb236b9333146fae9e98ba
Climate_h4,0,1162,N+S+Q+F,2026,4,42.66389185176695,003695d3559cb4ce186d2eef8f147c9662c5bdaed5142ca138d558413558cfdb,cd9df2ade1ca21431041edcb14d5f17dd4911475861cec41755502771901127f,481e8c12964102690dfb236b9333146fae9e98ba
Climate_h4,0,1163,N+S+Q+F,2026,1,43.65500095907476,003695d3559cb4ce186d2eef8f147c9662c5bdaed5142ca138d558413558cfdb,cd9df2ade1ca21431041edcb14d5f17dd4911475861cec41755502771901127f,481e8c12964102690dfb236b9333146fae9e98ba
Climate_h4,0,1163,N+S+Q+F,2026,2,43.83154858347648,003695d3559cb4ce186d2eef8f147c9662c5bdaed5142ca138d558413558cfdb,cd9df2ade1ca21431041edcb14d5f17dd4911475861cec41755502771901127f,481e8c12964102690dfb236b9333146fae9e98ba
Climate_h4,0,1163,N+S+Q+F,2026,3,44.00768426244524,003695d3559cb4ce186d2eef8f147c9662c5bdaed5142ca138d558413558cfdb,cd9df2ade1ca21431041edcb14d5f17dd4911475861cec41755502771901127f,481e8c12964102690dfb236b9333146fae9e98ba
Climate_h4,0,1163,N+S+Q+F,2026,4,44.18615778300677,003695d3559cb4ce186d2eef8f147c9662c5bdaed5142ca138d558413558cfdb,cd9df2ade1ca21431041edcb14d5f17dd4911475861cec41755502771901127f,481e8c12964102690dfb236b9333146fae9e98ba
Climate_h4,0,1164,N+S+Q+F,2026,1,45.024859908762366,003695d3559cb4ce186d2eef8f147c9662c5bdaed5142ca138d558413558cfdb,cd9df2ade1ca21431041edcb14d5f17dd4911475861cec41755502771901127f,481e8c12964102690dfb236b9333146fae9e98ba
Climate_h4,0,1164,N+S+Q+F,2026,2,45.20513423332455,003695d3559cb4ce186d2eef8f147c9662c5bdaed5142ca138d558413558cfdb,cd9df2ade1ca21431041edcb14d5f17dd4911475861cec41755502771901127f,481e8c12964102690dfb236b9333146fae9e98ba
Climate_h4,0,1164,N+S+Q+F,2026,3,45.38299578444976,003695d3559cb4ce186d2eef8f147c9662c5bdaed5142ca138d558413558cfdb,cd9df2ade1ca21431041edcb14d5f17dd4911475861cec41755502771901127f,481e8c12964102690dfb236b9333146fae9e98ba
Climate_h4,0,1164,N+S+Q+F,2026,4,45.56934679731105,003695d3559cb4ce186d2eef8f147c9662c5bdaed5142ca138d558413558cfdb,cd9df2ade1ca21431041edcb14d5f17dd4911475861cec41755502771901127f,481e8c12964102690dfb236b9333146fae9e98ba
Climate_h4,0,1165,N+S+Q+F,2026,1,45.945980214305294,003695d3559cb4ce186d2eef8f147c9662c5bdaed5142ca138d558413558cfdb,cd9df2ade1ca21431041edcb14d5f17dd4911475861cec41755502771901127f,481e8c12964102690dfb236b9333146fae9e98ba
Climate_h4,0,1165,N+S+Q+F,2026,2,46.07514667187875,003695d3559cb4ce186d2eef8f147c9662c5bdaed5142ca138d558413558cfdb,cd9df2ade1ca21431041edcb14d5f17dd4911475861cec41755502771901127f,481e8c12964102690dfb236b9333146fae9e98ba
Climate_h4,0,1165,N+S+Q+F,2026,3,46.20791103516944,003695d3559cb4ce186d2eef8f147c9662c5bdaed5142ca138d558413558cfdb,cd9df2ade1ca21431041edcb14d5f17dd4911475861cec41755502771901127f,481e8c12964102690dfb236b9333146fae9e98ba
Climate_h4,0,1165,N+S+Q+F,2026,4,46.33294429352386,003695d3559cb4ce186d2eef8f147c9662c5bdaed5142ca138d558413558cfdb,cd9df2ade1ca21431041edcb14d5f17dd4911475861cec41755502771901127f,481e8c12964102690dfb236b9333146fae9e98ba
Climate_h4,0,1166,N+S+Q+F,2026,1,46.10479175419522,003695d3559cb4ce186d2eef8f147c9662c5bdaed5142ca138d558413558cfdb,cd9df2ade1ca21431041edcb14d5f17dd4911475861cec41755502771901127f,481e8c12964102690dfb236b9333146fae9e98ba
Climate_h4,0,1166,N+S+Q+F,2026,2,46.238217874379814,003695d3559cb4ce186d2eef8f147c9662c5bdaed5142ca138d558413558cfdb,cd9df2ade1ca21431041edcb14d5f17dd4911475861cec41755502771901127f,481e8c12964102690dfb236b9333146fae9e98ba
Climate_h4,0,1166,N+S+Q+F,2026,3,46.37638192652287,003695d3559cb4ce186d2eef8f147c9662c5bdaed5142ca138d558413558cfdb,cd9df2ade1ca21431041edcb14d5f17dd4911475861cec41755502771901127f,481e8c12964102690dfb236b9333146fae9e98ba
Climate_h4,0,1166,N+S+Q+F,2026,4,46.513176712383434,003695d3559cb4ce186d2eef8f147c9662c5bdaed5142ca138d558413558cfdb,cd9df2ade1ca21431041edcb14d5f17dd4911475861cec41755502771901127f,481e8c12964102690dfb236b9333146fae9e98ba
Climate_h4,0,1167,N+S+Q+F,2026,1,48.339328083459115,003695d3559cb4ce186d2eef8f147c9662c5bdaed5142ca138d558413558cfdb,cd9df2ade1ca21431041edcb14d5f17dd4911475861cec41755502771901127f,481e8c12964102690dfb236b9333146fae9e98ba
Climate_h4,0,1167,N+S+Q+F,2026,2,48.47283801973886,003695d3559cb4ce186d2eef8f147c9662c5bdaed5142ca138d558413558cfdb,cd9df2ade1ca21431041edcb14d5f17dd4911475861cec41755502771901127f,481e8c12964102690dfb236b9333146fae9e98ba
Climate_h4,0,1167,N+S+Q+F,2026,3,48.61215652725801,003695d3559cb4ce186d2eef8f147c9662c5bdaed5142ca138d558413558cfdb,cd9df2ade1ca21431041edcb14d5f17dd4911475861cec41755502771901127f,481e8c12964102690dfb236b9333146fae9e98ba
Climate_h4,0,1167,N+S+Q+F,2026,4,48.755882056011515,003695d3559cb4ce186d2eef8f147c9662c5bdaed5142ca138d558413558cfdb,cd9df2ade1ca21431041edcb14d5f17dd4911475861cec41755502771901127f,481e8c12964102690dfb236b9333146fae9e98ba
Climate_h4,0,1168,N+S+Q+F,2026,1,46.72814728084193,003695d3559cb4ce186d2eef8f147c9662c5bdaed5142ca138d558413558cfdb,cd9df2ade1ca21431041edcb14d5f17dd4911475861cec41755502771901127f,481e8c12964102690dfb236b9333146fae9e98ba
Climate_h4,0,1168,N+S+Q+F,2026,2,46.87247373413349,003695d3559cb4ce186d2eef8f147c9662c5bdaed5142ca138d558413558cfdb,cd9df2ade1ca21431041edcb14d5f17dd4911475861cec41755502771901127f,481e8c12964102690dfb236b9333146fae9e98ba
Climate_h4,0,1168,N+S+Q+F,2026,3,47.01765950134404,003695d3559cb4ce186d2eef8f147c9662c5bdaed5142ca138d558413558cfdb,cd9df2ade1ca21431041edcb14d5f17dd4911475861cec41755502771901127f,481e8c12964102690dfb236b9333146fae9e98ba
Climate_h4,0,1168,N+S+Q+F,2026,4,47.17093476530228,003695d3559cb4ce186d2eef8f147c9662c5bdaed5142ca138d558413558cfdb,cd9df2ade1ca21431041edcb14d5f17dd4911475861cec41755502771901127f,481e8c12964102690dfb236b9333146fae9e98ba
Climate_h4,0,1169,N+S+Q+F,2026,1,46.782774280611875,003695d3559cb4ce186d2eef8f147c9662c5bdaed5142ca138d558413558cfdb,cd9df2ade1ca21431041edcb14d5f17dd4911475861cec41755502771901127f,481e8c12964102690dfb236b9333146fae9e98ba
Climate_h4,0,1169,N+S+Q+F,2026,2,46.93812228186234,003695d3559cb4ce186d2eef8f147c9662c5bdaed5142ca138d558413558cfdb,cd9df2ade1ca21431041edcb14d5f17dd4911475861cec41755502771901127f,481e8c12964102690dfb236b9333146fae9e98ba
Climate_h4,0,1169,N+S+Q+F,2026,3,47.15616470321428,003695d3559cb4ce186d2eef8f147c9662c5bdaed5142ca138d558413558cfdb,cd9df2ade1ca21431041edcb14d5f17dd4911475861cec41755502771901127f,481e8c12964102690dfb236b9333146fae9e98ba
Climate_h4,0,1169,N+S+Q+F,2026,4,47.33807477377221,003695d3559cb4ce186d2eef8f147c9662c5bdaed5142ca138d558413558cfdb,cd9df2ade1ca21431041edcb14d5f17dd4911475861cec41755502771901127f,481e8c12964102690dfb236b9333146fae9e98ba
Climate_h4,0,1170,N+S+Q+F,2026,1,48.5546316081754,003695d3559cb4ce186d2eef8f147c9662c5bdaed5142ca138d558413558cfdb,cd9df2ade1ca21431041edcb14d5f17dd4911475861cec41755502771901127f,481e8c12964102690dfb236b9333146fae9e98ba
Climate_h4,0,1170,N+S+Q+F,2026,2,48.65368397995005,003695d3559cb4ce186d2eef8f147c9662c5bdaed5142ca138d558413558cfdb,cd9df2ade1ca21431041edcb14d5f17dd4911475861cec41755502771901127f,481e8c12964102690dfb236b9333146fae9e98ba
Climate_h4,0,1170,N+S+Q+F,2026,3,48.763266026626454,003695d3559cb4ce186d2eef8f147c9662c5bdaed5142ca138d558413558cfdb,cd9df2ade1ca21431041edcb14d5f17dd4911475861cec41755502771901127f,481e8c12964102690dfb236b9333146fae9e98ba
Climate_h4,0,1170,N+S+Q+F,2026,4,48.87446332401566,003695d3559cb4ce186d2eef8f147c9662c5bdaed5142ca138d558413558cfdb,cd9df2ade1ca21431041edcb14d5f17dd4911475861cec41755502771901127f,481e8c12964102690dfb236b9333146fae9e98ba
Climate_h4,0,1171,N+S+Q+F,2026,1,45.23845362488679,003695d3559cb4ce186d2eef8f147c9662c5bdaed5142ca138d558413558cfdb,cd9df2ade1ca21431041edcb14d5f17dd4911475861cec41755502771901127f,481e8c12964102690dfb236b9333146fae9e98ba
Climate_h4,0,1171,N+S+Q+F,2026,2,45.35543078702205,003695d3559cb4ce186d2eef8f147c9662c5bdaed5142ca138d558413558cfdb,cd9df2ade1ca21431041edcb14d5f17dd4911475861cec41755502771901127f,481e8c12964102690dfb236b9333146fae9e98ba
Climate_h4,0,1171,N+S+Q+F,2026,3,45.4820300991866,003695d3559cb4ce186d2eef8f147c9662c5bdaed5142ca138d558413558cfdb,cd9df2ade1ca21431041edcb14d5f17dd4911475861cec41755502771901127f,481e8c12964102690dfb236b9333146fae9e98ba
Climate_h4,0,1171,N+S+Q+F,2026,4,45.61377355527136,003695d3559cb4ce186d2eef8f147c9662c5bdaed5142ca138d558413558cfdb,cd9df2ade1ca21431041edcb14d5f17dd4911475861cec41755502771901127f,481e8c12964102690dfb236b9333146fae9e98ba
Climate_h4,0,1172,N+S+Q+F,2026,1,44.94569392686858,003695d3559cb4ce186d2eef8f147c9662c5bdaed5142ca138d558413558cfdb,cd9df2ade1ca21431041edcb14d5f17dd4911475861cec41755502771901127f,481e8c12964102690dfb236b9333146fae9e98ba
Climate_h4,0,1172,N+S+Q+F,2026,2,45.08004473336587,003695d3559cb4ce186d2eef8f147c9662c5bdaed5142ca138d558413558cfdb,cd9df2ade1ca21431041edcb14d5f17dd4911475861cec41755502771901127f,481e8c12964102690dfb236b9333146fae9e98ba
Climate_h4,0,1172,N+S+Q+F,2026,3,45.22482427829263,003695d3559cb4ce186d2eef8f147c9662c5bdaed5142ca138d558413558cfdb,cd9df2ade1ca21431041edcb14d5f17dd4911475861cec41755502771901127f,481e8c12964102690dfb236b9333146fae9e98ba
Climate_h4,0,1172,N+S+Q+F,2026,4,45.381595150712585,003695d3559cb4ce186d2eef8f147c9662c5bdaed5142ca138d558413558cfdb,cd9df2ade1ca21431041edcb14d5f17dd4911475861cec41755502771901127f,481e8c12964102690dfb236b9333146fae9e98ba
Climate_h4,0,1173,N+S+Q+F,2026,1,40.33344423545089,003695d3559cb4ce186d2eef8f147c9662c5bdaed5142ca138d558413558cfdb,cd9df2ade1ca21431041edcb14d5f17dd4911475861cec41755502771901127f,481e8c12964102690dfb236b9333146fae9e98ba
Climate_h4,0,1173,N+S+Q+F,2026,2,40.4897789191287,003695d3559cb4ce186d2eef8f147c9662c5bdaed5142ca138d558413558cfdb,cd9df2ade1ca21431041edcb14d5f17dd4911475861cec41755502771901127f,481e8c12964102690dfb236b9333146fae9e98ba
Climate_h4,0,1173,N+S+Q+F,2026,3,40.66439302726664,003695d3559cb4ce186d2eef8f147c9662c5bdaed5142ca138d558413558cfdb,cd9df2ade1ca21431041edcb14d5f17dd4911475861cec41755502771901127f,481e8c12964102690dfb236b9333146fae9e98ba
Climate_h4,0,1173,N+S+Q+F,2026,4,40.85312183401378,003695d3559cb4ce186d2eef8f147c9662c5bdaed5142ca138d558413558cfdb,cd9df2ade1ca21431041edcb14d5f17dd4911475861cec41755502771901127f,481e8c12964102690dfb236b9333146fae9e98ba
Climate_h4,0,1174,N+S+Q+F,2026,1,35.11837773528865,003695d3559cb4ce186d2eef8f147c9662c5bdaed5142ca138d558413558cfdb,cd9df2ade1ca21431041edcb14d5f17dd4911475861cec41755502771901127f,481e8c12964102690dfb236b9333146fae9e98ba
Climate_h4,0,1174,N+S+Q+F,2026,2,35.26800700540905,003695d3559cb4ce186d2eef8f147c9662c5bdaed5142ca138d558413558cfdb,cd9df2ade1ca21431041edcb14d5f17dd4911475861cec41755502771901127f,481e8c12964102690dfb236b9333146fae9e98ba
Climate_h4,0,1174,N+S+Q+F,2026,3,35.44048824054495,003695d3559cb4ce186d2eef8f147c9662c5bdaed5142ca138d558413558cfdb,cd9df2ade1ca21431041edcb14d5f17dd4911475861cec41755502771901127f,481e8c12964102690dfb236b9333146fae9e98ba
Climate_h4,0,1174,N+S+Q+F,2026,4,35.6205216978491,003695d3559cb4ce186d2eef8f147c9662c5bdaed5142ca138d558413558cfdb,cd9df2ade1ca21431041edcb14d5f17dd4911475861cec41755502771901127f,481e8c12964102690dfb236b9333146fae9e98ba
Climate_h4,0,1175,N+S+Q+F,2026,1,34.08777862836368,003695d3559cb4ce186d2eef8f147c9662c5bdaed5142ca138d558413558cfdb,cd9df2ade1ca21431041edcb14d5f17dd4911475861cec41755502771901127f,481e8c12964102690dfb236b9333146fae9e98ba
Climate_h4,0,1175,N+S+Q+F,2026,2,34.26781533563221,003695d3559cb4ce186d2eef8f147c9662c5bdaed5142ca138d558413558cfdb,cd9df2ade1ca21431041edcb14d5f17dd4911475861cec41755502771901127f,481e8c12964102690dfb236b9333146fae9e98ba
Climate_h4,0,1175,N+S+Q+F,2026,3,34.46617911179033,003695d3559cb4ce186d2eef8f147c9662c5bdaed5142ca138d558413558cfdb,cd9df2ade1ca21431041edcb14d5f17dd4911475861cec41755502771901127f,481e8c12964102690dfb236b9333146fae9e98ba
Climate_h4,0,1175,N+S+Q+F,2026,4,34.68131108220754,003695d3559cb4ce186d2eef8f147c9662c5bdaed5142ca138d558413558cfdb,cd9df2ade1ca21431041edcb14d5f17dd4911475861cec41755502771901127f,481e8c12964102690dfb236b9333146fae9e98ba
Climate_h4,0,1176,N+S+Q+F,2026,1,35.51850606677188,003695d3559cb4ce186d2eef8f147c9662c5bdaed5142ca138d558413558cfdb,cd9df2ade1ca21431041edcb14d5f17dd4911475861cec41755502771901127f,481e8c12964102690dfb236b9333146fae9e98ba
Climate_h4,0,1176,N+S+Q+F,2026,2,35.713959691442135,003695d3559cb4ce186d2eef8f147c9662c5bdaed5142ca138d558413558cfdb,cd9df2ade1ca21431041edcb14d5f17dd4911475861cec41755502771901127f,481e8c12964102690dfb236b9333146fae9e98ba
Climate_h4,0,1176,N+S+Q+F,2026,3,35.93162817938867,003695d3559cb4ce186d2eef8f147c9662c5bdaed5142ca138d558413558cfdb,cd9df2ade1ca21431041edcb14d5f17dd4911475861cec41755502771901127f,481e8c12964102690dfb236b9333146fae9e98ba
Climate_h4,0,1176,N+S+Q+F,2026,4,36.165096332429066,003695d3559cb4ce186d2eef8f147c9662c5bdaed5142ca138d558413558cfdb,cd9df2ade1ca21431041edcb14d5f17dd4911475861cec41755502771901127f,481e8c12964102690dfb236b9333146fae9e98ba
Climate_h4,0,1177,N+S+Q+F,2026,1,36.897953770373675,003695d3559cb4ce186d2eef8f147c9662c5bdaed5142ca138d558413558cfdb,cd9df2ade1ca21431041edcb14d5f17dd4911475861cec41755502771901127f,481e8c12964102690dfb236b9333146fae9e98ba
Climate_h4,0,1177,N+S+Q+F,2026,2,37.12645935479007,003695d3559cb4ce186d2eef8f147c9662c5bdaed5142ca138d558413558cfdb,cd9df2ade1ca21431041edcb14d5f17dd4911475861cec41755502771901127f,481e8c12964102690dfb236b9333146fae9e98ba
Climate_h4,0,1177,N+S+Q+F,2026,3,37.37316362915862,003695d3559cb4ce186d2eef8f147c9662c5bdaed5142ca138d558413558cfdb,cd9df2ade1ca21431041edcb14d5f17dd4911475861cec41755502771901127f,481e8c12964102690dfb236b9333146fae9e98ba
Climate_h4,0,1177,N+S+Q+F,2026,4,37.6411361317126,003695d3559cb4ce186d2eef8f147c9662c5bdaed5142ca138d558413558cfdb,cd9df2ade1ca21431041edcb14d5f17dd4911475861cec41755502771901127f,481e8c12964102690dfb236b9333146fae9e98ba
Climate_h4,0,1178,N+S+Q+F,2026,1,39.82043192891795,003695d3559cb4ce186d2eef8f147c9662c5bdaed5142ca138d558413558cfdb,cd9df2ade1ca21431041edcb14d5f17dd4911475861cec41755502771901127f,481e8c12964102690dfb236b9333146fae9e98ba
Climate_h4,0,1178,N+S+Q+F,2026,2,40.02778711973385,003695d3559cb4ce186d2eef8f147c9662c5bdaed5142ca138d558413558cfdb,cd9df2ade1ca21431041edcb14d5f17dd4911475861cec41755502771901127f,481e8c12964102690dfb236b9333146fae9e98ba
Climate_h4,0,1178,N+S+Q+F,2026,3,40.25151991131886,003695d3559cb4ce186d2eef8f147c9662c5bdaed5142ca138d558413558cfdb,cd9df2ade1ca21431041edcb14d5f17dd4911475861cec41755502771901127f,481e8c12964102690dfb236b9333146fae9e98ba
Climate_h4,0,1178,N+S+Q+F,2026,4,40.474302676217285,003695d3559cb4ce186d2eef8f147c9662c5bdaed5142ca138d558413558cfdb,cd9df2ade1ca21431041edcb14d5f17dd4911475861cec41755502771901127f,481e8c12964102690dfb236b9333146fae9e98ba
Climate_h4,0,1179,N+S+Q+F,2026,1,43.51671839807453,003695d3559cb4ce186d2eef8f147c9662c5bdaed5142ca138d558413558cfdb,cd9df2ade1ca21431041edcb14d5f17dd4911475861cec41755502771901127f,481e8c12964102690dfb236b9333146fae9e98ba
Climate_h4,0,1179,N+S+Q+F,2026,2,43.76096497333399,003695d3559cb4ce186d2eef8f147c9662c5bdaed5142ca138d558413558cfdb,cd9df2ade1ca21431041edcb14d5f17dd4911475861cec41755502771901127f,481e8c12964102690dfb236b9333146fae9e98ba
Climate_h4,0,1179,N+S+Q+F,2026,3,44.01725800155112,003695d3559cb4ce186d2eef8f147c9662c5bdaed5142ca138d558413558cfdb,cd9df2ade1ca21431041edcb14d5f17dd4911475861cec41755502771901127f,481e8c12964102690dfb236b9333146fae9e98ba
Climate_h4,0,1179,N+S+Q+F,2026,4,44.27618866019816,003695d3559cb4ce186d2eef8f147c9662c5bdaed5142ca138d558413558cfdb,cd9df2ade1ca21431041edcb14d5f17dd4911475861cec41755502771901127f,481e8c12964102690dfb236b9333146fae9e98ba
Climate_h4,0,1180,N+S+Q+F,2026,1,44.8125578846505,003695d3559cb4ce186d2eef8f147c9662c5bdaed5142ca138d558413558cfdb,cd9df2ade1ca21431041edcb14d5f17dd4911475861cec41755502771901127f,481e8c12964102690dfb236b9333146fae9e98ba
Climate_h4,0,1180,N+S+Q+F,2026,2,45.076414946674696,003695d3559cb4ce186d2eef8f147c9662c5bdaed5142ca138d558413558cfdb,cd9df2ade1ca21431041edcb14d5f17dd4911475861cec41755502771901127f,481e8c12964102690dfb236b9333146fae9e98ba
Climate_h4,0,1180,N+S+Q+F,2026,3,45.34858186912136,003695d3559cb4ce186d2eef8f147c9662c5bdaed5142ca138d558413558cfdb,cd9df2ade1ca21431041edcb14d5f17dd4911475861cec41755502771901127f,481e8c12964102690dfb236b9333146fae9e98ba
Climate_h4,0,1180,N+S+Q+F,2026,4,45.62646390670149,003695d3559cb4ce186d2eef8f147c9662c5bdaed5142ca138d558413558cfdb,cd9df2ade1ca21431041edcb14d5f17dd4911475861cec41755502771901127f,481e8c12964102690dfb236b9333146fae9e98ba
Climate_h4,0,1181,N+S+Q+F,2026,1,43.96719704183488,003695d3559cb4ce186d2eef8f147c9662c5bdaed5142ca138d558413558cfdb,cd9df2ade1ca21431041edcb14d5f17dd4911475861cec41755502771901127f,481e8c12964102690dfb236b9333146fae9e98ba
Climate_h4,0,1181,N+S+Q+F,2026,2,44.24278057094502,003695d3559cb4ce186d2eef8f147c9662c5bdaed5142ca138d558413558cfdb,cd9df2ade1ca21431041edcb14d5f17dd4911475861cec41755502771901127f,481e8c12964102690dfb236b9333146fae9e98ba
Climate_h4,0,1181,N+S+Q+F,2026,3,44.52549616131046,003695d3559cb4ce186d2eef8f147c9662c5bdaed5142ca138d558413558cfdb,cd9df2ade1ca21431041edcb14d5f17dd4911475861cec41755502771901127f,481e8c12964102690dfb236b9333146fae9e98ba
Climate_h4,0,1181,N+S+Q+F,2026,4,44.81760626653163,003695d3559cb4ce186d2eef8f147c9662c5bdaed5142ca138d558413558cfdb,cd9df2ade1ca21431041edcb14d5f17dd4911475861cec41755502771901127f,481e8c12964102690dfb236b9333146fae9e98ba
Climate_h4,0,1182,N+S+Q+F,2026,1,45.96399624625209,003695d3559cb4ce186d2eef8f147c9662c5bdaed5142ca138d558413558cfdb,cd9df2ade1ca21431041edcb14d5f17dd4911475861cec41755502771901127f,481e8c12964102690dfb236b9333146fae9e98ba
Climate_h4,0,1182,N+S+Q+F,2026,2,46.251732249976214,003695d3559cb4ce186d2eef8f147c9662c5bdaed5142ca138d558413558cfdb,cd9df2ade1ca21431041edcb14d5f17dd4911475861cec41755502771901127f,481e8c12964102690dfb236b9333146fae9e98ba
Climate_h4,0,1182,N+S+Q+F,2026,3,46.54336253292436,003695d3559cb4ce186d2eef8f147c9662c5bdaed5142ca138d558413558cfdb,cd9df2ade1ca21431041edcb14d5f17dd4911475861cec41755502771901127f,481e8c12964102690dfb236b9333146fae9e98ba
Climate_h4,0,1182,N+S+Q+F,2026,4,46.85031935669004,003695d3559cb4ce186d2eef8f147c9662c5bdaed5142ca138d558413558cfdb,cd9df2ade1ca21431041edcb14d5f17dd4911475861cec41755502771901127f,481e8c12964102690dfb236b9333146fae9e98ba
Climate_h4,0,1183,N+S+Q+F,2026,1,45.912814327660236,003695d3559cb4ce186d2eef8f147c9662c5bdaed5142ca138d558413558cfdb,cd9df2ade1ca21431041edcb14d5f17dd4911475861cec41755502771901127f,481e8c12964102690dfb236b9333146fae9e98ba
Climate_h4,0,1183,N+S+Q+F,2026,2,46.16218599033747,003695d3559cb4ce186d2eef8f147c9662c5bdaed5142ca138d558413558cfdb,cd9df2ade1ca21431041edcb14d5f17dd4911475861cec41755502771901127f,481e8c12964102690dfb236b9333146fae9e98ba
Climate_h4,0,1183,N+S+Q+F,2026,3,46.41697501652522,003695d3559cb4ce186d2eef8f147c9662c5bdaed5142ca138d558413558cfdb,cd9df2ade1ca21431041edcb14d5f17dd4911475861cec41755502771901127f,481e8c12964102690dfb236b9333146fae9e98ba
Climate_h4,0,1183,N+S+Q+F,2026,4,46.66196750149976,003695d3559cb4ce186d2eef8f147c9662c5bdaed5142ca138d558413558cfdb,cd9df2ade1ca21431041edcb14d5f17dd4911475861cec41755502771901127f,481e8c12964102690dfb236b9333146fae9e98ba
Climate_h4,0,1184,N+S+Q+F,2026,1,46.738797918808025,003695d3559cb4ce186d2eef8f147c9662c5bdaed5142ca138d558413558cfdb,cd9df2ade1ca21431041edcb14d5f17dd4911475861cec41755502771901127f,481e8c12964102690dfb236b9333146fae9e98ba
Climate_h4,0,1184,N+S+Q+F,2026,2,46.9873475090495,003695d3559cb4ce186d2eef8f147c9662c5bdaed5142ca138d558413558cfdb,cd9df2ade1ca21431041edcb14d5f17dd4911475861cec41755502771901127f,481e8c12964102690dfb236b9333146fae9e98ba
Climate_h4,0,1184,N+S+Q+F,2026,3,47.23507885190729,003695d3559cb4ce186d2eef8f147c9662c5bdaed5142ca138d558413558cfdb,cd9df2ade1ca21431041edcb14d5f17dd4911475861cec41755502771901127f,481e8c12964102690dfb236b9333146fae9e98ba
Climate_h4,0,1184,N+S+Q+F,2026,4,47.47742731855276,003695d3559cb4ce186d2eef8f147c9662c5bdaed5142ca138d558413558cfdb,cd9df2ade1ca21431041edcb14d5f17dd4911475861cec41755502771901127f,481e8c12964102690dfb236b9333146fae9e98ba
Climate_h4,0,1185,N+S+Q+F,2026,1,44.634674081936154,003695d3559cb4ce186d2eef8f147c9662c5bdaed5142ca138d558413558cfdb,cd9df2ade1ca21431041edcb14d5f17dd4911475861cec41755502771901127f,481e8c12964102690dfb236b9333146fae9e98ba
Climate_h4,0,1185,N+S+Q+F,2026,2,44.884814016182155,003695d3559cb4ce186d2eef8f147c9662c5bdaed5142ca138d558413558cfdb,cd9df2ade1ca21431041edcb14d5f17dd4911475861cec41755502771901127f,481e8c12964102690dfb236b9333146fae9e98ba
Climate_h4,0,1185,N+S+Q+F,2026,3,45.132922319433035,003695d3559cb4ce186d2eef8f147c9662c5bdaed5142ca138d558413558cfdb,cd9df2ade1ca21431041edcb14d5f17dd4911475861cec41755502771901127f,481e8c12964102690dfb236b9333146fae9e98ba
Climate_h4,0,1185,N+S+Q+F,2026,4,45.380446400458695,003695d3559cb4ce186d2eef8f147c9662c5bdaed5142ca138d558413558cfdb,cd9df2ade1ca21431041edcb14d5f17dd4911475861cec41755502771901127f,481e8c12964102690dfb236b9333146fae9e98ba
Climate_h4,0,1186,N+S+Q+F,2026,1,42.35469601525202,003695d3559cb4ce186d2eef8f147c9662c5bdaed5142ca138d558413558cfdb,cd9df2ade1ca21431041edcb14d5f17dd4911475861cec41755502771901127f,481e8c12964102690dfb236b9333146fae9e98ba
Climate_h4,0,1186,N+S+Q+F,2026,2,42.61222467066213,003695d3559cb4ce186d2eef8f147c9662c5bdaed5142ca138d558413558cfdb,cd9df2ade1ca21431041edcb14d5f17dd4911475861cec41755502771901127f,481e8c12964102690dfb236b9333146fae9e98ba
Climate_h4,0,1186,N+S+Q+F,2026,3,42.86564129880754,003695d3559cb4ce186d2eef8f147c9662c5bdaed5142ca138d558413558cfdb,cd9df2ade1ca21431041edcb14d5f17dd4911475861cec41755502771901127f,481e8c12964102690dfb236b9333146fae9e98ba
Climate_h4,0,1186,N+S+Q+F,2026,4,43.1243065837049,003695d3559cb4ce186d2eef8f147c9662c5bdaed5142ca138d558413558cfdb,cd9df2ade1ca21431041edcb14d5f17dd4911475861cec41755502771901127f,481e8c12964102690dfb236b9333146fae9e98ba
Climate_h4,0,1187,N+S+Q+F,2026,1,37.17966687049286,003695d3559cb4ce186d2eef8f147c9662c5bdaed5142ca138d558413558cfdb,cd9df2ade1ca21431041edcb14d5f17dd4911475861cec41755502771901127f,481e8c12964102690dfb236b9333146fae9e98ba
Climate_h4,0,1187,N+S+Q+F,2026,2,37.406062839200224,003695d3559cb4ce186d2eef8f147c9662c5bdaed5142ca138d558413558cfdb,cd9df2ade1ca21431041edcb14d5f17dd4911475861cec41755502771901127f,481e8c12964102690dfb236b9333146fae9e98ba
Climate_h4,0,1187,N+S+Q+F,2026,3,37.63310299220611,003695d3559cb4ce186d2eef8f147c9662c5bdaed5142ca138d558413558cfdb,cd9df2ade1ca21431041edcb14d5f17dd4911475861cec41755502771901127f,481e8c12964102690dfb236b9333146fae9e98ba
Climate_h4,0,1187,N+S+Q+F,2026,4,37.843924486531364,003695d3559cb4ce186d2eef8f147c9662c5bdaed5142ca138d558413558cfdb,cd9df2ade1ca21431041edcb14d5f17dd4911475861cec41755502771901127f,481e8c12964102690dfb236b9333146fae9e98ba
Climate_h4,0,1188,N+S+Q+F,2026,1,35.43594107757322,003695d3559cb4ce186d2eef8f147c9662c5bdaed5142ca138d558413558cfdb,cd9df2ade1ca21431041edcb14d5f17dd4911475861cec41755502771901127f,481e8c12964102690dfb236b9333146fae9e98ba
Climate_h4,0,1188,N+S+Q+F,2026,2,35.68169477336751,003695d3559cb4ce186d2eef8f147c9662c5bdaed5142ca138d558413558cfdb,cd9df2ade1ca21431041edcb14d5f17dd4911475861cec41755502771901127f,481e8c12964102690dfb236b9333146fae9e98ba
Climate_h4,0,1188,N+S+Q+F,2026,3,35.92290216546116,003695d3559cb4ce186d2eef8f147c9662c5bdaed5142ca138d558413558cfdb,cd9df2ade1ca21431041edcb14d5f17dd4911475861cec41755502771901127f,481e8c12964102690dfb236b9333146fae9e98ba
Climate_h4,0,1188,N+S+Q+F,2026,4,36.159718704029096,003695d3559cb4ce186d2eef8f147c9662c5bdaed5142ca138d558413558cfdb,cd9df2ade1ca21431041edcb14d5f17dd4911475861cec41755502771901127f,481e8c12964102690dfb236b9333146fae9e98ba
Climate_h4,0,1189,N+S+Q+F,2026,1,31.798370874978986,003695d3559cb4ce186d2eef8f147c9662c5bdaed5142ca138d558413558cfdb,cd9df2ade1ca21431041edcb14d5f17dd4911475861cec41755502771901127f,481e8c12964102690dfb236b9333146fae9e98ba
Climate_h4,0,1189,N+S+Q+F,2026,2,32.08448212865562,003695d3559cb4ce186d2eef8f147c9662c5bdaed5142ca138d558413558cfdb,cd9df2ade1ca21431041edcb14d5f17dd4911475861cec41755502771901127f,481e8c12964102690dfb236b9333146fae9e98ba
Climate_h4,0,1189,N+S+Q+F,2026,3,32.38004832382164,003695d3559cb4ce186d2eef8f147c9662c5bdaed5142ca138d558413558cfdb,cd9df2ade1ca21431041edcb14d5f17dd4911475861cec41755502771901127f,481e8c12964102690dfb236b9333146fae9e98ba
Climate_h4,0,1189,N+S+Q+F,2026,4,32.68759760174067,003695d3559cb4ce186d2eef8f147c9662c5bdaed5142ca138d558413558cfdb,cd9df2ade1ca21431041edcb14d5f17dd4911475861cec41755502771901127f,481e8c12964102690dfb236b9333146fae9e98ba
Climate_h4,0,1190,N+S+Q+F,2026,1,31.423171389886775,003695d3559cb4ce186d2eef8f147c9662c5bdaed5142ca138d558413558cfdb,cd9df2ade1ca21431041edcb14d5f17dd4911475861cec41755502771901127f,481e8c12964102690dfb236b9333146fae9e98ba
Climate_h4,0,1190,N+S+Q+F,2026,2,31.73086434397236,003695d3559cb4ce186d2eef8f147c9662c5bdaed5142ca138d558413558cfdb,cd9df2ade1ca21431041edcb14d5f17dd4911475861cec41755502771901127f,481e8c12964102690dfb236b9333146fae9e98ba
Climate_h4,0,1190,N+S+Q+F,2026,3,32.04188221651557,003695d3559cb4ce186d2eef8f147c9662c5bdaed5142ca138d558413558cfdb,cd9df2ade1ca21431041edcb14d5f17dd4911475861cec41755502771901127f,481e8c12964102690dfb236b9333146fae9e98ba
Climate_h4,0,1190,N+S+Q+F,2026,4,32.37925365802548,003695d3559cb4ce186d2eef8f147c9662c5bdaed5142ca138d558413558cfdb,cd9df2ade1ca21431041edcb14d5f17dd4911475861cec41755502771901127f,481e8c12964102690dfb236b9333146fae9e98ba
Climate_h4,0,1191,N+S+Q+F,2026,1,29.529401873936596,003695d3559cb4ce186d2eef8f147c9662c5bdaed5142ca138d558413558cfdb,cd9df2ade1ca21431041edcb14d5f17dd4911475861cec41755502771901127f,481e8c12964102690dfb236b9333146fae9e98ba
Climate_h4,0,1191,N+S+Q+F,2026,2,29.813051920426528,003695d3559cb4ce186d2eef8f147c9662c5bdaed5142ca138d558413558cfdb,cd9df2ade1ca21431041edcb14d5f17dd4911475861cec41755502771901127f,481e8c12964102690dfb236b9333146fae9e98ba
Climate_h4,0,1191,N+S+Q+F,2026,3,30.130275960069863,003695d3559cb4ce186d2eef8f147c9662c5bdaed5142ca138d558413558cfdb,cd9df2ade1ca21431041edcb14d5f17dd4911475861cec41755502771901127f,481e8c12964102690dfb236b9333146fae9e98ba
Climate_h4,0,1191,N+S+Q+F,2026,4,30.484334546392525,003695d3559cb4ce186d2eef8f147c9662c5bdaed5142ca138d558413558cfdb,cd9df2ade1ca21431041edcb14d5f17dd4911475861cec41755502771901127f,481e8c12964102690dfb236b9333146fae9e98ba
Climate_h4,0,1192,N+S+Q+F,2026,1,28.908369966625703,003695d3559cb4ce186d2eef8f147c9662c5bdaed5142ca138d558413558cfdb,cd9df2ade1ca21431041edcb14d5f17dd4911475861cec41755502771901127f,481e8c12964102690dfb236b9333146fae9e98ba
Climate_h4,0,1192,N+S+Q+F,2026,2,29.216966351544507,003695d3559cb4ce186d2eef8f147c9662c5bdaed5142ca138d558413558cfdb,cd9df2ade1ca21431041edcb14d5f17dd4911475861cec41755502771901127f,481e8c12964102690dfb236b9333146fae9e98ba
Climate_h4,0,1192,N+S+Q+F,2026,3,29.533025503058496,003695d3559cb4ce186d2eef8f147c9662c5bdaed5142ca138d558413558cfdb,cd9df2ade1ca21431041edcb14d5f17dd4911475861cec41755502771901127f,481e8c12964102690dfb236b9333146fae9e98ba
Climate_h4,0,1192,N+S+Q+F,2026,4,29.857074435448034,003695d3559cb4ce186d2eef8f147c9662c5bdaed5142ca138d558413558cfdb,cd9df2ade1ca21431041edcb14d5f17dd4911475861cec41755502771901127f,481e8c12964102690dfb236b9333146fae9e98ba
Climate_h4,0,1193,N+S+Q+F,2026,1,29.162851640034926,003695d3559cb4ce186d2eef8f147c9662c5bdaed5142ca138d558413558cfdb,cd9df2ade1ca21431041edcb14d5f17dd4911475861cec41755502771901127f,481e8c12964102690dfb236b9333146fae9e98ba
Climate_h4,0,1193,N+S+Q+F,2026,2,29.491812166280276,003695d3559cb4ce186d2eef8f147c9662c5bdaed5142ca138d558413558cfdb,cd9df2ade1ca21431041edcb14d5f17dd4911475861cec41755502771901127f,481e8c12964102690dfb236b9333146fae9e98ba
Climate_h4,0,1193,N+S+Q+F,2026,3,29.82607406719116,003695d3559cb4ce186d2eef8f147c9662c5bdaed5142ca138d558413558cfdb,cd9df2ade1ca21431041edcb14d5f17dd4911475861cec41755502771901127f,481e8c12964102690dfb236b9333146fae9e98ba
Climate_h4,0,1193,N+S+Q+F,2026,4,30.173147027002244,003695d3559cb4ce186d2eef8f147c9662c5bdaed5142ca138d558413558cfdb,cd9df2ade1ca21431041edcb14d5f17dd4911475861cec41755502771901127f,481e8c12964102690dfb236b9333146fae9e98ba
Climate_h4,0,1194,N+S+Q+F,2026,1,31.804693990625665,003695d3559cb4ce186d2eef8f147c9662c5bdaed5142ca138d558413558cfdb,cd9df2ade1ca21431041edcb14d5f17dd4911475861cec41755502771901127f,481e8c12964102690dfb236b9333146fae9e98ba
Climate_h4,0,1194,N+S+Q+F,2026,2,32.14865487852311,003695d3559cb4ce186d2eef8f147c9662c5bdaed5142ca138d558413558cfdb,cd9df2ade1ca21431041edcb14d5f17dd4911475861cec41755502771901127f,481e8c12964102690dfb236b9333146fae9e98ba
Climate_h4,0,1194,N+S+Q+F,2026,3,32.491292350960684,003695d3559cb4ce186d2eef8f147c9662c5bdaed5142ca138d558413558cfdb,cd9df2ade1ca21431041edcb14d5f17dd4911475861cec41755502771901127f,481e8c12964102690dfb236b9333146fae9e98ba
Climate_h4,0,1194,N+S+Q+F,2026,4,32.84830315069388,003695d3559cb4ce186d2eef8f147c9662c5bdaed5142ca138d558413558cfdb,cd9df2ade1ca21431041edcb14d5f17dd4911475861cec41755502771901127f,481e8c12964102690dfb236b9333146fae9e98ba
Climate_h4,0,1195,N+S+Q+F,2026,1,31.9231511473992,003695d3559cb4ce186d2eef8f147c9662c5bdaed5142ca138d558413558cfdb,cd9df2ade1ca21431041edcb14d5f17dd4911475861cec41755502771901127f,481e8c12964102690dfb236b9333146fae9e98ba
Climate_h4,0,1195,N+S+Q+F,2026,2,32.272102715770416,003695d3559cb4ce186d2eef8f147c9662c5bdaed5142ca138d558413558cfdb,cd9df2ade1ca21431041edcb14d5f17dd4911475861cec41755502771901127f,481e8c12964102690dfb236b9333146fae9e98ba
Climate_h4,0,1195,N+S+Q+F,2026,3,32.622733787386295,003695d3559cb4ce186d2eef8f147c9662c5bdaed5142ca138d558413558cfdb,cd9df2ade1ca21431041edcb14d5f17dd4911475861cec41755502771901127f,481e8c12964102690dfb236b9333146fae9e98ba
Climate_h4,0,1195,N+S+Q+F,2026,4,32.98642418660293,003695d3559cb4ce186d2eef8f147c9662c5bdaed5142ca138d558413558cfdb,cd9df2ade1ca21431041edcb14d5f17dd4911475861cec41755502771901127f,481e8c12964102690dfb236b9333146fae9e98ba
Climate_h4,0,1196,N+S+Q+F,2026,1,33.780398134353874,003695d3559cb4ce186d2eef8f147c9662c5bdaed5142ca138d558413558cfdb,cd9df2ade1ca21431041edcb14d5f17dd4911475861cec41755502771901127f,481e8c12964102690dfb236b9333146fae9e98ba
Climate_h4,0,1196,N+S+Q+F,2026,2,34.18081461285669,003695d3559cb4ce186d2eef8f147c9662c5bdaed5142ca138d558413558cfdb,cd9df2ade1ca21431041edcb14d5f17dd4911475861cec41755502771901127f,481e8c12964102690dfb236b9333146fae9e98ba
Climate_h4,0,1196,N+S+Q+F,2026,3,34.48130042679973,003695d3559cb4ce186d2eef8f147c9662c5bdaed5142ca138d558413558cfdb,cd9df2ade1ca21431041edcb14d5f17dd4911475861cec41755502771901127f,481e8c12964102690dfb236b9333146fae9e98ba
Climate_h4,0,1196,N+S+Q+F,2026,4,34.674724483593984,003695d3559cb4ce186d2eef8f147c9662c5bdaed5142ca138d558413558cfdb,cd9df2ade1ca21431041edcb14d5f17dd4911475861cec41755502771901127f,481e8c12964102690dfb236b9333146fae9e98ba
Climate_h4,0,1197,N+S+Q+F,2026,1,34.60699944637929,003695d3559cb4ce186d2eef8f147c9662c5bdaed5142ca138d558413558cfdb,cd9df2ade1ca21431041edcb14d5f17dd4911475861cec41755502771901127f,481e8c12964102690dfb236b9333146fae9e98ba
Climate_h4,0,1197,N+S+Q+F,2026,2,34.93435915537546,003695d3559cb4ce186d2eef8f147c9662c5bdaed5142ca138d558413558cfdb,cd9df2ade1ca21431041edcb14d5f17dd4911475861cec41755502771901127f,481e8c12964102690dfb236b9333146fae9e98ba
Climate_h4,0,1197,N+S+Q+F,2026,3,35.2567485835832,003695d3559cb4ce186d2eef8f147c9662c5bdaed5142ca138d558413558cfdb,cd9df2ade1ca21431041edcb14d5f17dd4911475861cec41755502771901127f,481e8c12964102690dfb236b9333146fae9e98ba
Climate_h4,0,1197,N+S+Q+F,2026,4,35.58175892719371,003695d3559cb4ce186d2eef8f147c9662c5bdaed5142ca138d558413558cfdb,cd9df2ade1ca21431041edcb14d5f17dd4911475861cec41755502771901127f,481e8c12964102690dfb236b9333146fae9e98ba
Climate_h4,0,1198,N+S+Q+F,2026,1,35.37091185348053,003695d3559cb4ce186d2eef8f147c9662c5bdaed5142ca138d558413558cfdb,cd9df2ade1ca21431041edcb14d5f17dd4911475861cec41755502771901127f,481e8c12964102690dfb236b9333146fae9e98ba
Climate_h4,0,1198,N+S+Q+F,2026,2,35.70407033329218,003695d3559cb4ce186d2eef8f147c9662c5bdaed5142ca138d558413558cfdb,cd9df2ade1ca21431041edcb14d5f17dd4911475861cec41755502771901127f,481e8c12964102690dfb236b9333146fae9e98ba
Climate_h4,0,1198,N+S+Q+F,2026,3,36.035789331152195,003695d3559cb4ce186d2eef8f147c9662c5bdaed5142ca138d558413558cfdb,cd9df2ade1ca21431041edcb14d5f17dd4911475861cec41755502771901127f,481e8c12964102690dfb236b9333146fae9e98ba
Climate_h4,0,1198,N+S+Q+F,2026,4,36.3794728975335,003695d3559cb4ce186d2eef8f147c9662c5bdaed5142ca138d558413558cfdb,cd9df2ade1ca21431041edcb14d5f17dd4911475861cec41755502771901127f,481e8c12964102690dfb236b9333146fae9e98ba
Climate_h4,0,1199,N+S+Q+F,2026,1,38.51655165308916,003695d3559cb4ce186d2eef8f147c9662c5bdaed5142ca138d558413558cfdb,cd9df2ade1ca21431041edcb14d5f17dd4911475861cec41755502771901127f,481e8c12964102690dfb236b9333146fae9e98ba
Climate_h4,0,1199,N+S+Q+F,2026,2,38.85072186004021,003695d3559cb4ce186d2eef8f147c9662c5bdaed5142ca138d558413558cfdb,cd9df2ade1ca21431041edcb14d5f17dd4911475861cec41755502771901127f,481e8c12964102690dfb236b9333146fae9e98ba
Climate_h4,0,1199,N+S+Q+F,2026,3,39.17916346918854,003695d3559cb4ce186d2eef8f147c9662c5bdaed5142ca138d558413558cfdb,cd9df2ade1ca21431041edcb14d5f17dd4911475861cec41755502771901127f,481e8c12964102690dfb236b9333146fae9e98ba
Climate_h4,0,1199,N+S+Q+F,2026,4,39.519492145466906,003695d3559cb4ce186d2eef8f147c9662c5bdaed5142ca138d558413558cfdb,cd9df2ade1ca21431041edcb14d5f17dd4911475861cec41755502771901127f,481e8c12964102690dfb236b9333146fae9e98ba
Climate_h4,0,1200,N+S+Q+F,2026,1,38.365782450020504,003695d3559cb4ce186d2eef8f147c9662c5bdaed5142ca138d558413558cfdb,cd9df2ade1ca21431041edcb14d5f17dd4911475861cec41755502771901127f,481e8c12964102690dfb236b9333146fae9e98ba
Climate_h4,0,1200,N+S+Q+F,2026,2,38.65221799286704,003695d3559cb4ce186d2eef8f147c9662c5bdaed5142ca138d558413558cfdb,cd9df2ade1ca21431041edcb14d5f17dd4911475861cec41755502771901127f,481e8c12964102690dfb236b9333146fae9e98ba
Climate_h4,0,1200,N+S+Q+F,2026,3,38.94141700035229,003695d3559cb4ce186d2eef8f147c9662c5bdaed5142ca138d558413558cfdb,cd9df2ade1ca21431041edcb14d5f17dd4911475861cec41755502771901127f,481e8c12964102690dfb236b9333146fae9e98ba
Climate_h4,0,1200,N+S+Q+F,2026,4,39.230266301130946,003695d3559cb4ce186d2eef8f147c9662c5bdaed5142ca138d558413558cfdb,cd9df2ade1ca21431041edcb14d5f17dd4911475861cec41755502771901127f,481e8c12964102690dfb236b9333146fae9e98ba
Climate_h4,0,1201,N+S+Q+F,2026,1,42.152985644013356,003695d3559cb4ce186d2eef8f147c9662c5bdaed5142ca138d558413558cfdb,cd9df2ade1ca21431041edcb14d5f17dd4911475861cec41755502771901127f,481e8c12964102690dfb236b9333146fae9e98ba
Climate_h4,0,1201,N+S+Q+F,2026,2,42.42986738231194,003695d3559cb4ce186d2eef8f147c9662c5bdaed5142ca138d558413558cfdb,cd9df2ade1ca21431041edcb14d5f17dd4911475861cec41755502771901127f,481e8c12964102690dfb236b9333146fae9e98ba
Climate_h4,0,1201,N+S+Q+F,2026,3,42.712933076530526,003695d3559cb4ce186d2eef8f147c9662c5bdaed5142ca138d558413558cfdb,cd9df2ade1ca21431041edcb14d5f17dd4911475861cec41755502771901127f,481e8c12964102690dfb236b9333146fae9e98ba
Climate_h4,0,1201,N+S+Q+F,2026,4,43.00067653113523,003695d3559cb4ce186d2eef8f147c9662c5bdaed5142ca138d558413558cfdb,cd9df2ade1ca21431041edcb14d5f17dd4911475861cec41755502771901127f,481e8c12964102690dfb236b9333146fae9e98ba
Climate_h4,0,1202,N+S+Q+F,2026,1,44.59406398059119,003695d3559cb4ce186d2eef8f147c9662c5bdaed5142ca138d558413558cfdb,cd9df2ade1ca21431041edcb14d5f17dd4911475861cec41755502771901127f,481e8c12964102690dfb236b9333146fae9e98ba
Climate_h4,0,1202,N+S+Q+F,2026,2,44.858752668849384,003695d3559cb4ce186d2eef8f147c9662c5bdaed5142ca138d558413558cfdb,cd9df2ade1ca21431041edcb14d5f17dd4911475861cec41755502771901127f,481e8c12964102690dfb236b9333146fae9e98ba
Climate_h4,0,1202,N+S+Q+F,2026,3,45.133531436936686,003695d3559cb4ce186d2eef8f147c9662c5bdaed5142ca138d558413558cfdb,cd9df2ade1ca21431041edcb14d5f17dd4911475861cec41755502771901127f,481e8c12964102690dfb236b9333146fae9e98ba
Climate_h4,0,1202,N+S+Q+F,2026,4,45.42415381472746,003695d3559cb4ce186d2eef8f147c9662c5bdaed5142ca138d558413558cfdb,cd9df2ade1ca21431041edcb14d5f17dd4911475861cec41755502771901127f,481e8c12964102690dfb236b9333146fae9e98ba
Climate_h4,0,1203,N+S+Q+F,2026,1,45.90088395521046,003695d3559cb4ce186d2eef8f147c9662c5bdaed5142ca138d558413558cfdb,cd9df2ade1ca21431041edcb14d5f17dd4911475861cec41755502771901127f,481e8c12964102690dfb236b9333146fae9e98ba
Climate_h4,0,1203,N+S+Q+F,2026,2,46.170229293895716,003695d3559cb4ce186d2eef8f147c9662c5bdaed5142ca138d558413558cfdb,cd9df2ade1ca21431041edcb14d5f17dd4911475861cec41755502771901127f,481e8c12964102690dfb236b9333146fae9e98ba
Climate_h4,0,1203,N+S+Q+F,2026,3,46.44714213704615,003695d3559cb4ce186d2eef8f147c9662c5bdaed5142ca138d558413558cfdb,cd9df2ade1ca21431041edcb14d5f17dd4911475861cec41755502771901127f,481e8c12964102690dfb236b9333146fae9e98ba
Climate_h4,0,1203,N+S+Q+F,2026,4,46.74872211390358,003695d3559cb4ce186d2eef8f147c9662c5bdaed5142ca138d558413558cfdb,cd9df2ade1ca21431041edcb14d5f17dd4911475861cec41755502771901127f,481e8c12964102690dfb236b9333146fae9e98ba
Climate_h4,0,1204,N+S+Q+F,2026,1,47.485997751311864,003695d3559cb4ce186d2eef8f147c9662c5bdaed5142ca138d558413558cfdb,cd9df2ade1ca21431041edcb14d5f17dd4911475861cec41755502771901127f,481e8c12964102690dfb236b9333146fae9e98ba
Climate_h4,0,1204,N+S+Q+F,2026,2,47.70395868253694,003695d3559cb4ce186d2eef8f147c9662c5bdaed5142ca138d558413558cfdb,cd9df2ade1ca21431041edcb14d5f17dd4911475861cec41755502771901127f,481e8c12964102690dfb236b9333146fae9e98ba
Climate_h4,0,1204,N+S+Q+F,2026,3,47.93944774808049,003695d3559cb4ce186d2eef8f147c9662c5bdaed5142ca138d558413558cfdb,cd9df2ade1ca21431041edcb14d5f17dd4911475861cec41755502771901127f,481e8c12964102690dfb236b9333146fae9e98ba
Climate_h4,0,1204,N+S+Q+F,2026,4,48.15437312358148,003695d3559cb4ce186d2eef8f147c9662c5bdaed5142ca138d558413558cfdb,cd9df2ade1ca21431041edcb14d5f17dd4911475861cec41755502771901127f,481e8c12964102690dfb236b9333146fae9e98ba
Climate_h4,0,1205,N+S+Q+F,2026,1,48.59926878687798,003695d3559cb4ce186d2eef8f147c9662c5bdaed5142ca138d558413558cfdb,cd9df2ade1ca21431041edcb14d5f17dd4911475861cec41755502771901127f,481e8c12964102690dfb236b9333146fae9e98ba
Climate_h4,0,1205,N+S+Q+F,2026,2,48.808123459914796,003695d3559cb4ce186d2eef8f147c9662c5bdaed5142ca138d558413558cfdb,cd9df2ade1ca21431041edcb14d5f17dd4911475861cec41755502771901127f,481e8c12964102690dfb236b9333146fae9e98ba
Climate_h4,0,1205,N+S+Q+F,2026,3,49.03670805842959,003695d3559cb4ce186d2eef8f147c9662c5bdaed5142ca138d558413558cfdb,cd9df2ade1ca21431041edcb14d5f17dd4911475861cec41755502771901127f,481e8c12964102690dfb236b9333146fae9e98ba
Climate_h4,0,1205,N+S+Q+F,2026,4,49.292516942361324,003695d3559cb4ce186d2eef8f147c9662c5bdaed5142ca138d558413558cfdb,cd9df2ade1ca21431041edcb14d5f17dd4911475861cec41755502771901127f,481e8c12964102690dfb236b9333146fae9e98ba
Climate_h4,0,1206,N+S+Q+F,2026,1,49.68682981785175,003695d3559cb4ce186d2eef8f147c9662c5bdaed5142ca138d558413558cfdb,cd9df2ade1ca21431041edcb14d5f17dd4911475861cec41755502771901127f,481e8c12964102690dfb236b9333146fae9e98ba
Climate_h4,0,1206,N+S+Q+F,2026,2,49.88407882363429,003695d3559cb4ce186d2eef8f147c9662c5bdaed5142ca138d558413558cfdb,cd9df2ade1ca21431041edcb14d5f17dd4911475861cec41755502771901127f,481e8c12964102690dfb236b9333146fae9e98ba
Climate_h4,0,1206,N+S+Q+F,2026,3,50.105657426414886,003695d3559cb4ce186d2eef8f147c9662c5bdaed5142ca138d558413558cfdb,cd9df2ade1ca21431041edcb14d5f17dd4911475861cec41755502771901127f,481e8c12964102690dfb236b9333146fae9e98ba
Climate_h4,0,1206,N+S+Q+F,2026,4,50.36279169727539,003695d3559cb4ce186d2eef8f147c9662c5bdaed5142ca138d558413558cfdb,cd9df2ade1ca21431041edcb14d5f17dd4911475861cec41755502771901127f,481e8c12964102690dfb236b9333146fae9e98ba
Climate_h4,0,1207,N+S+Q+F,2026,1,52.18573761010558,003695d3559cb4ce186d2eef8f147c9662c5bdaed5142ca138d558413558cfdb,cd9df2ade1ca21431041edcb14d5f17dd4911475861cec41755502771901127f,481e8c12964102690dfb236b9333146fae9e98ba
Climate_h4,0,1207,N+S+Q+F,2026,2,52.37345509829719,003695d3559cb4ce186d2eef8f147c9662c5bdaed5142ca138d558413558cfdb,cd9df2ade1ca21431041edcb14d5f17dd4911475861cec41755502771901127f,481e8c12964102690dfb236b9333146fae9e98ba
Climate_h4,0,1207,N+S+Q+F,2026,3,52.590584858886025,003695d3559cb4ce186d2eef8f147c9662c5bdaed5142ca138d558413558cfdb,cd9df2ade1ca21431041edcb14d5f17dd4911475861cec41755502771901127f,481e8c12964102690dfb236b9333146fae9e98ba
Climate_h4,0,1207,N+S+Q+F,2026,4,52.84879412668309,003695d3559cb4ce186d2eef8f147c9662c5bdaed5142ca138d558413558cfdb,cd9df2ade1ca21431041edcb14d5f17dd4911475861cec41755502771901127f,481e8c12964102690dfb236b9333146fae9e98ba
Climate_h4,0,1208,N+S+Q+F,2026,1,52.10910965756772,003695d3559cb4ce186d2eef8f147c9662c5bdaed5142ca138d558413558cfdb,cd9df2ade1ca21431041edcb14d5f17dd4911475861cec41755502771901127f,481e8c12964102690dfb236b9333146fae9e98ba
Climate_h4,0,1208,N+S+Q+F,2026,2,52.25019718769822,003695d3559cb4ce186d2eef8f147c9662c5bdaed5142ca138d558413558cfdb,cd9df2ade1ca21431041edcb14d5f17dd4911475861cec41755502771901127f,481e8c12964102690dfb236b9333146fae9e98ba
Climate_h4,0,1208,N+S+Q+F,2026,3,52.41947950490419,003695d3559cb4ce186d2eef8f147c9662c5bdaed5142ca138d558413558cfdb,cd9df2ade1ca21431041edcb14d5f17dd4911475861cec41755502771901127f,481e8c12964102690dfb236b9333146fae9e98ba
Climate_h4,0,1208,N+S+Q+F,2026,4,52.58932821074537,003695d3559cb4ce186d2eef8f147c9662c5bdaed5142ca138d558413558cfdb,cd9df2ade1ca21431041edcb14d5f17dd4911475861cec41755502771901127f,481e8c12964102690dfb236b9333146fae9e98ba
Climate_h4,0,1209,N+S+Q+F,2026,1,54.11121621195585,003695d3559cb4ce186d2eef8f147c9662c5bdaed5142ca138d558413558cfdb,cd9df2ade1ca21431041edcb14d5f17dd4911475861cec41755502771901127f,481e8c12964102690dfb236b9333146fae9e98ba
Climate_h4,0,1209,N+S+Q+F,2026,2,54.20042083739811,003695d3559cb4ce186d2eef8f147c9662c5bdaed5142ca138d558413558cfdb,cd9df2ade1ca21431041edcb14d5f17dd4911475861cec41755502771901127f,481e8c12964102690dfb236b9333146fae9e98ba
Climate_h4,0,1209,N+S+Q+F,2026,3,54.32891455387125,003695d3559cb4ce186d2eef8f147c9662c5bdaed5142ca138d558413558cfdb,cd9df2ade1ca21431041edcb14d5f17dd4911475861cec41755502771901127f,481e8c12964102690dfb236b9333146fae9e98ba
Climate_h4,0,1209,N+S+Q+F,2026,4,54.47946789213903,003695d3559cb4ce186d2eef8f147c9662c5bdaed5142ca138d558413558cfdb,cd9df2ade1ca21431041edcb14d5f17dd4911475861cec41755502771901127f,481e8c12964102690dfb236b9333146fae9e98ba
Climate_h4,0,1210,N+S+Q+F,2026,1,54.19864023068532,003695d3559cb4ce186d2eef8f147c9662c5bdaed5142ca138d558413558cfdb,cd9df2ade1ca21431041edcb14d5f17dd4911475861cec41755502771901127f,481e8c12964102690dfb236b9333146fae9e98ba
Climate_h4,0,1210,N+S+Q+F,2026,2,54.28610251622368,003695d3559cb4ce186d2eef8f147c9662c5bdaed5142ca138d558413558cfdb,cd9df2ade1ca21431041edcb14d5f17dd4911475861cec41755502771901127f,481e8c12964102690dfb236b9333146fae9e98ba
Climate_h4,0,1210,N+S+Q+F,2026,3,54.40759480405457,003695d3559cb4ce186d2eef8f147c9662c5bdaed5142ca138d558413558cfdb,cd9df2ade1ca21431041edcb14d5f17dd4911475861cec41755502771901127f,481e8c12964102690dfb236b9333146fae9e98ba
Climate_h4,0,1210,N+S+Q+F,2026,4,54.565442044705605,003695d3559cb4ce186d2eef8f147c9662c5bdaed5142ca138d558413558cfdb,cd9df2ade1ca21431041edcb14d5f17dd4911475861cec41755502771901127f,481e8c12964102690dfb236b9333146fae9e98ba
Climate_h4,0,1211,N+S+Q+F,2026,1,56.14451515687759,003695d3559cb4ce186d2eef8f147c9662c5bdaed5142ca138d558413558cfdb,cd9df2ade1ca21431041edcb14d5f17dd4911475861cec41755502771901127f,481e8c12964102690dfb236b9333146fae9e98ba
Climate_h4,0,1211,N+S+Q+F,2026,2,56.2221232435285,003695d3559cb4ce186d2eef8f147c9662c5bdaed5142ca138d558413558cfdb,cd9df2ade1ca21431041edcb14d5f17dd4911475861cec41755502771901127f,481e8c12964102690dfb236b9333146fae9e98ba
Climate_h4,0,1211,N+S+Q+F,2026,3,56.34289463950207,003695d3559cb4ce186d2eef8f147c9662c5bdaed5142ca138d558413558cfdb,cd9df2ade1ca21431041edcb14d5f17dd4911475861cec41755502771901127f,481e8c12964102690dfb236b9333146fae9e98ba
Climate_h4,0,1211,N+S+Q+F,2026,4,56.50265188391676,003695d3559cb4ce186d2eef8f147c9662c5bdaed5142ca138d558413558cfdb,cd9df2ade1ca21431041edcb14d5f17dd4911475861cec41755502771901127f,481e8c12964102690dfb236b9333146fae9e98ba
Climate_h4,0,1212,N+S+Q+F,2026,1,56.02398121228529,003695d3559cb4ce186d2eef8f147c9662c5bdaed5142ca138d558413558cfdb,cd9df2ade1ca21431041edcb14d5f17dd4911475861cec41755502771901127f,481e8c12964102690dfb236b9333146fae9e98ba
Climate_h4,0,1212,N+S+Q+F,2026,2,56.109092121954454,003695d3559cb4ce186d2eef8f147c9662c5bdaed5142ca138d558413558cfdb,cd9df2ade1ca21431041edcb14d5f17dd4911475861cec41755502771901127f,481e8c12964102690dfb236b9333146fae9e98ba
Climate_h4,0,1212,N+S+Q+F,2026,3,56.238839657309136,003695d3559cb4ce186d2eef8f147c9662c5bdaed5142ca138d558413558cfdb,cd9df2ade1ca21431041edcb14d5f17dd4911475861cec41755502771901127f,481e8c12964102690dfb236b9333146fae9e98ba
Climate_h4,0,1212,N+S+Q+F,2026,4,56.41385064722863,003695d3559cb4ce186d2eef8f147c9662c5bdaed5142ca138d558413558cfdb,cd9df2ade1ca21431041edcb14d5f17dd4911475861cec41755502771901127f,481e8c12964102690dfb236b9333146fae9e98ba
Climate_h4,0,1213,N+S+Q+F,2026,1,56.5559666115936,003695d3559cb4ce186d2eef8f147c9662c5bdaed5142ca138d558413558cfdb,cd9df2ade1ca21431041edcb14d5f17dd4911475861cec41755502771901127f,481e8c12964102690dfb236b9333146fae9e98ba
Climate_h4,0,1213,N+S+Q+F,2026,2,56.60039376612337,003695d3559cb4ce186d2eef8f147c9662c5bdaed5142ca138d558413558cfdb,cd9df2ade1ca21431041edcb14d5f17dd4911475861cec41755502771901127f,481e8c12964102690dfb236b9333146fae9e98ba
Climate_h4,0,1213,N+S+Q+F,2026,3,56.692330861858956,003695d3559cb4ce186d2eef8f147c9662c5bdaed5142ca138d558413558cfdb,cd9df2ade1ca21431041edcb14d5f17dd4911475861cec41755502771901127f,481e8c12964102690dfb236b9333146fae9e98ba
Climate_h4,0,1213,N+S+Q+F,2026,4,56.819973331809116,003695d3559cb4ce186d2eef8f147c9662c5bdaed5142ca138d558413558cfdb,cd9df2ade1ca21431041edcb14d5f17dd4911475861cec41755502771901127f,481e8c12964102690dfb236b9333146fae9e98ba
Climate_h4,0,1214,N+S+Q+F,2026,1,56.88905769454936,003695d3559cb4ce186d2eef8f147c9662c5bdaed5142ca138d558413558cfdb,cd9df2ade1ca21431041edcb14d5f17dd4911475861cec41755502771901127f,481e8c12964102690dfb236b9333146fae9e98ba
Climate_h4,0,1214,N+S+Q+F,2026,2,56.94202539201536,003695d3559cb4ce186d2eef8f147c9662c5bdaed5142ca138d558413558cfdb,cd9df2ade1ca21431041edcb14d5f17dd4911475861cec41755502771901127f,481e8c12964102690dfb236b9333146fae9e98ba
Climate_h4,0,1214,N+S+Q+F,2026,3,57.048844969581054,003695d3559cb4ce186d2eef8f147c9662c5bdaed5142ca138d558413558cfdb,cd9df2ade1ca21431041edcb14d5f17dd4911475861cec41755502771901127f,481e8c12964102690dfb236b9333146fae9e98ba
Climate_h4,0,1214,N+S+Q+F,2026,4,57.19172722301101,003695d3559cb4ce186d2eef8f147c9662c5bdaed5142ca138d558413558cfdb,cd9df2ade1ca21431041edcb14d5f17dd4911475861cec41755502771901127f,481e8c12964102690dfb236b9333146fae9e98ba
Climate_h4,0,1215,N+S+Q+F,2026,1,60.51107840543742,003695d3559cb4ce186d2eef8f147c9662c5bdaed5142ca138d558413558cfdb,cd9df2ade1ca21431041edcb14d5f17dd4911475861cec41755502771901127f,481e8c12964102690dfb236b9333146fae9e98ba
Climate_h4,0,1215,N+S+Q+F,2026,2,60.567265107195475,003695d3559cb4ce186d2eef8f147c9662c5bdaed5142ca138d558413558cfdb,cd9df2ade1ca21431041edcb14d5f17dd4911475861cec41755502771901127f,481e8c12964102690dfb236b9333146fae9e98ba
Climate_h4,0,1215,N+S+Q+F,2026,3,60.68020584323107,003695d3559cb4ce186d2eef8f147c9662c5bdaed5142ca138d558413558cfdb,cd9df2ade1ca21431041edcb14d5f17dd4911475861cec41755502771901127f,481e8c12964102690dfb236b9333146fae9e98ba
Climate_h4,0,1215,N+S+Q+F,2026,4,60.833326221926235,003695d3559cb4ce186d2eef8f147c9662c5bdaed5142ca138d558413558cfdb,cd9df2ade1ca21431041edcb14d5f17dd4911475861cec41755502771901127f,481e8c12964102690dfb236b9333146fae9e98ba
Climate_h4,0,1216,N+S+Q+F,2026,1,61.1043317756599,003695d3559cb4ce186d2eef8f147c9662c5bdaed5142ca138d558413558cfdb,cd9df2ade1ca21431041edcb14d5f17dd4911475861cec41755502771901127f,481e8c12964102690dfb236b9333146fae9e98ba
Climate_h4,0,1216,N+S+Q+F,2026,2,61.17624000747252,003695d3559cb4ce186d2eef8f147c9662c5bdaed5142ca138d558413558cfdb,cd9df2ade1ca21431041edcb14d5f17dd4911475861cec41755502771901127f,481e8c12964102690dfb236b9333146fae9e98ba
Climate_h4,0,1216,N+S+Q+F,2026,3,61.293047171387286,003695d3559cb4ce186d2eef8f147c9662c5bdaed5142ca138d558413558cfdb,cd9df2ade1ca21431041edcb14d5f17dd4911475861cec41755502771901127f,481e8c12964102690dfb236b9333146fae9e98ba
Climate_h4,0,1216,N+S+Q+F,2026,4,61.467118532105374,003695d3559cb4ce186d2eef8f147c9662c5bdaed5142ca138d558413558cfdb,cd9df2ade1ca21431041edcb14d5f17dd4911475861cec41755502771901127f,481e8c12964102690dfb236b9333146fae9e98ba
Climate_h4,0,1217,N+S+Q+F,2026,1,61.49918362129604,003695d3559cb4ce186d2eef8f147c9662c5bdaed5142ca138d558413558cfdb,cd9df2ade1ca21431041edcb14d5f17dd4911475861cec41755502771901127f,481e8c12964102690dfb236b9333146fae9e98ba
Climate_h4,0,1217,N+S+Q+F,2026,2,61.526086752083216,003695d3559cb4ce186d2eef8f147c9662c5bdaed5142ca138d558413558cfdb,cd9df2ade1ca21431041edcb14d5f17dd4911475861cec41755502771901127f,481e8c12964102690dfb236b9333146fae9e98ba
Climate_h4,0,1217,N+S+Q+F,2026,3,61.60484087780297,003695d3559cb4ce186d2eef8f147c9662c5bdaed5142ca138d558413558cfdb,cd9df2ade1ca21431041edcb14d5f17dd4911475861cec41755502771901127f,481e8c12964102690dfb236b9333146fae9e98ba
Climate_h4,0,1217,N+S+Q+F,2026,4,61.707680861302926,003695d3559cb4ce186d2eef8f147c9662c5bdaed5142ca138d558413558cfdb,cd9df2ade1ca21431041edcb14d5f17dd4911475861cec41755502771901127f,481e8c12964102690dfb236b9333146fae9e98ba
Climate_h4,0,1218,N+S+Q+F,2026,1,61.62940216559142,003695d3559cb4ce186d2eef8f147c9662c5bdaed5142ca138d558413558cfdb,cd9df2ade1ca21431041edcb14d5f17dd4911475861cec41755502771901127f,481e8c12964102690dfb236b9333146fae9e98ba
Climate_h4,0,1218,N+S+Q+F,2026,2,61.677409127984106,003695d3559cb4ce186d2eef8f147c9662c5bdaed5142ca138d558413558cfdb,cd9df2ade1ca21431041edcb14d5f17dd4911475861cec41755502771901127f,481e8c12964102690dfb236b9333146fae9e98ba
Climate_h4,0,1218,N+S+Q+F,2026,3,61.77109965605792,003695d3559cb4ce186d2eef8f147c9662c5bdaed5142ca138d558413558cfdb,cd9df2ade1ca21431041edcb14d5f17dd4911475861cec41755502771901127f,481e8c12964102690dfb236b9333146fae9e98ba
Climate_h4,0,1218,N+S+Q+F,2026,4,61.89564833486783,003695d3559cb4ce186d2eef8f147c9662c5bdaed5142ca138d558413558cfdb,cd9df2ade1ca21431041edcb14d5f17dd4911475861cec41755502771901127f,481e8c12964102690dfb236b9333146fae9e98ba
Climate_h4,0,1219,N+S+Q+F,2026,1,61.90099951320886,003695d3559cb4ce186d2eef8f147c9662c5bdaed5142ca138d558413558cfdb,cd9df2ade1ca21431041edcb14d5f17dd4911475861cec41755502771901127f,481e8c12964102690dfb236b9333146fae9e98ba
Climate_h4,0,1219,N+S+Q+F,2026,2,61.96211400739227,003695d3559cb4ce186d2eef8f147c9662c5bdaed5142ca138d558413558cfdb,cd9df2ade1ca21431041edcb14d5f17dd4911475861cec41755502771901127f,481e8c12964102690dfb236b9333146fae9e98ba
Climate_h4,0,1219,N+S+Q+F,2026,3,62.06679663620687,003695d3559cb4ce186d2eef8f147c9662c5bdaed5142ca138d558413558cfdb,cd9df2ade1ca21431041edcb14d5f17dd4911475861cec41755502771901127f,481e8c12964102690dfb236b9333146fae9e98ba
Climate_h4,0,1219,N+S+Q+F,2026,4,62.209799020089854,003695d3559cb4ce186d2eef8f147c9662c5bdaed5142ca138d558413558cfdb,cd9df2ade1ca21431041edcb14d5f17dd4911475861cec41755502771901127f,481e8c12964102690dfb236b9333146fae9e98ba
Climate_h4,0,1220,N+S+Q+F,2026,1,65.44283362982422,003695d3559cb4ce186d2eef8f147c9662c5bdaed5142ca138d558413558cfdb,cd9df2ade1ca21431041edcb14d5f17dd4911475861cec41755502771901127f,481e8c12964102690dfb236b9333146fae9e98ba
Climate_h4,0,1220,N+S+Q+F,2026,2,65.50391265462954,003695d3559cb4ce186d2eef8f147c9662c5bdaed5142ca138d558413558cfdb,cd9df2ade1ca21431041edcb14d5f17dd4911475861cec41755502771901127f,481e8c12964102690dfb236b9333146fae9e98ba
Climate_h4,0,1220,N+S+Q+F,2026,3,65.6179077698682,003695d3559cb4ce186d2eef8f147c9662c5bdaed5142ca138d558413558cfdb,cd9df2ade1ca21431041edcb14d5f17dd4911475861cec41755502771901127f,481e8c12964102690dfb236b9333146fae9e98ba
Climate_h4,0,1220,N+S+Q+F,2026,4,65.76225371224268,003695d3559cb4ce186d2eef8f147c9662c5bdaed5142ca138d558413558cfdb,cd9df2ade1ca21431041edcb14d5f17dd4911475861cec41755502771901127f,481e8c12964102690dfb236b9333146fae9e98ba
Climate_h4,0,1221,N+S+Q+F,2026,1,66.10483503015827,003695d3559cb4ce186d2eef8f147c9662c5bdaed5142ca138d558413558cfdb,cd9df2ade1ca21431041edcb14d5f17dd4911475861cec41755502771901127f,481e8c12964102690dfb236b9333146fae9e98ba
Climate_h4,0,1221,N+S+Q+F,2026,2,66.19023802024175,003695d3559cb4ce186d2eef8f147c9662c5bdaed5142ca138d558413558cfdb,cd9df2ade1ca21431041edcb14d5f17dd4911475861cec41755502771901127f,481e8c12964102690dfb236b9333146fae9e98ba
Climate_h4,0,1221,N+S+Q+F,2026,3,66.30945380210224,003695d3559cb4ce186d2eef8f147c9662c5bdaed5142ca138d558413558cfdb,cd9df2ade1ca21431041edcb14d5f17dd4911475861cec41755502771901127f,481e8c12964102690dfb236b9333146fae9e98ba
Climate_h4,0,1221,N+S+Q+F,2026,4,66.47282817740886,003695d3559cb4ce186d2eef8f147c9662c5bdaed5142ca138d558413558cfdb,cd9df2ade1ca21431041edcb14d5f17dd4911475861cec41755502771901127f,481e8c12964102690dfb236b9333146fae9e98ba
Climate_h4,0,1222,N+S+Q+F,2026,1,58.20355561100005,003695d3559cb4ce186d2eef8f147c9662c5bdaed5142ca138d558413558cfdb,cd9df2ade1ca21431041edcb14d5f17dd4911475861cec41755502771901127f,481e8c12964102690dfb236b9333146fae9e98ba
Climate_h4,0,1222,N+S+Q+F,2026,2,58.29943940009203,003695d3559cb4ce186d2eef8f147c9662c5bdaed5142ca138d558413558cfdb,cd9df2ade1ca21431041edcb14d5f17dd4911475861cec41755502771901127f,481e8c12964102690dfb236b9333146fae9e98ba
Climate_h4,0,1222,N+S+Q+F,2026,3,58.4488149959694,003695d3559cb4ce186d2eef8f147c9662c5bdaed5142ca138d558413558cfdb,cd9df2ade1ca21431041edcb14d5f17dd4911475861cec41755502771901127f,481e8c12964102690dfb236b9333146fae9e98ba
Climate_h4,0,1222,N+S+Q+F,2026,4,58.61709817191318,003695d3559cb4ce186d2eef8f147c9662c5bdaed5142ca138d558413558cfdb,cd9df2ade1ca21431041edcb14d5f17dd4911475861cec41755502771901127f,481e8c12964102690dfb236b9333146fae9e98ba
Climate_h4,0,1223,N+S+Q+F,2026,1,54.38051365655438,003695d3559cb4ce186d2eef8f147c9662c5bdaed5142ca138d558413558cfdb,cd9df2ade1ca21431041edcb14d5f17dd4911475861cec41755502771901127f,481e8c12964102690dfb236b9333146fae9e98ba
Climate_h4,0,1223,N+S+Q+F,2026,2,54.50171472245707,003695d3559cb4ce186d2eef8f147c9662c5bdaed5142ca138d558413558cfdb,cd9df2ade1ca21431041edcb14d5f17dd4911475861cec41755502771901127f,481e8c12964102690dfb236b9333146fae9e98ba
Climate_h4,0,1223,N+S+Q+F,2026,3,54.67544080798901,003695d3559cb4ce186d2eef8f147c9662c5bdaed5142ca138d558413558cfdb,cd9df2ade1ca21431041edcb14d5f17dd4911475861cec41755502771901127f,481e8c12964102690dfb236b9333146fae9e98ba
Climate_h4,0,1223,N+S+Q+F,2026,4,54.86343783012407,003695d3559cb4ce186d2eef8f147c9662c5bdaed5142ca138d558413558cfdb,cd9df2ade1ca21431041edcb14d5f17dd4911475861cec41755502771901127f,481e8c12964102690dfb236b9333146fae9e98ba
Climate_h4,0,1224,N+S+Q+F,2026,1,54.395343434902514,003695d3559cb4ce186d2eef8f147c9662c5bdaed5142ca138d558413558cfdb,cd9df2ade1ca21431041edcb14d5f17dd4911475861cec41755502771901127f,481e8c12964102690dfb236b9333146fae9e98ba
Climate_h4,0,1224,N+S+Q+F,2026,2,54.53768221665833,003695d3559cb4ce186d2eef8f147c9662c5bdaed5142ca138d558413558cfdb,cd9df2ade1ca21431041edcb14d5f17dd4911475861cec41755502771901127f,481e8c12964102690dfb236b9333146fae9e98ba
Climate_h4,0,1224,N+S+Q+F,2026,3,54.72420851670589,003695d3559cb4ce186d2eef8f147c9662c5bdaed5142ca138d558413558cfdb,cd9df2ade1ca21431041edcb14d5f17dd4911475861cec41755502771901127f,481e8c12964102690dfb236b9333146fae9e98ba
Climate_h4,0,1224,N+S+Q+F,2026,4,54.93601169835222,003695d3559cb4ce186d2eef8f147c9662c5bdaed5142ca138d558413558cfdb,cd9df2ade1ca21431041edcb14d5f17dd4911475861cec41755502771901127f,481e8c12964102690dfb236b9333146fae9e98ba
Climate_h4,0,1225,N+S+Q+F,2026,1,53.161200764204374,003695d3559cb4ce186d2eef8f147c9662c5bdaed5142ca138d558413558cfdb,cd9df2ade1ca21431041edcb14d5f17dd4911475861cec41755502771901127f,481e8c12964102690dfb236b9333146fae9e98ba
Climate_h4,0,1225,N+S+Q+F,2026,2,53.31670984259848,003695d3559cb4ce186d2eef8f147c9662c5bdaed5142ca138d558413558cfdb,cd9df2ade1ca21431041edcb14d5f17dd4911475861cec41755502771901127f,481e8c12964102690dfb236b9333146fae9e98ba
Climate_h4,0,1225,N+S+Q+F,2026,3,53.51860272862543,003695d3559cb4ce186d2eef8f147c9662c5bdaed5142ca138d558413558cfdb,cd9df2ade1ca21431041edcb14d5f17dd4911475861cec41755502771901127f,481e8c12964102690dfb236b9333146fae9e98ba
Climate_h4,0,1225,N+S+Q+F,2026,4,53.75573810556368,003695d3559cb4ce186d2eef8f147c9662c5bdaed5142ca138d558413558cfdb,cd9df2ade1ca21431041edcb14d5f17dd4911475861cec41755502771901127f,481e8c12964102690dfb236b9333146fae9e98ba
Climate_h4,0,1226,N+S+Q+F,2026,1,54.952628256522914,003695d3559cb4ce186d2eef8f147c9662c5bdaed5142ca138d558413558cfdb,cd9df2ade1ca21431041edcb14d5f17dd4911475861cec41755502771901127f,481e8c12964102690dfb236b9333146fae9e98ba
Climate_h4,0,1226,N+S+Q+F,2026,2,55.062854701738964,003695d3559cb4ce186d2eef8f147c9662c5bdaed5142ca138d558413558cfdb,cd9df2ade1ca21431041edcb14d5f17dd4911475861cec41755502771901127f,481e8c12964102690dfb236b9333146fae9e98ba
Climate_h4,0,1226,N+S+Q+F,2026,3,55.22002567721886,003695d3559cb4ce186d2eef8f147c9662c5bdaed5142ca138d558413558cfdb,cd9df2ade1ca21431041edcb14d5f17dd4911475861cec41755502771901127f,481e8c12964102690dfb236b9333146fae9e98ba
Climate_h4,0,1226,N+S+Q+F,2026,4,55.38413733035547,003695d3559cb4ce186d2eef8f147c9662c5bdaed5142ca138d558413558cfdb,cd9df2ade1ca21431041edcb14d5f17dd4911475861cec41755502771901127f,481e8c12964102690dfb236b9333146fae9e98ba
Climate_h4,0,1227,N+S+Q+F,2026,1,56.35048790716899,003695d3559cb4ce186d2eef8f147c9662c5bdaed5142ca138d558413558cfdb,cd9df2ade1ca21431041edcb14d5f17dd4911475861cec41755502771901127f,481e8c12964102690dfb236b9333146fae9e98ba
Climate_h4,0,1227,N+S+Q+F,2026,2,56.4791615268603,003695d3559cb4ce186d2eef8f147c9662c5bdaed5142ca138d558413558cfdb,cd9df2ade1ca21431041edcb14d5f17dd4911475861cec41755502771901127f,481e8c12964102690dfb236b9333146fae9e98ba
Climate_h4,0,1227,N+S+Q+F,2026,3,56.647211674522815,003695d3559cb4ce186d2eef8f147c9662c5bdaed5142ca138d558413558cfdb,cd9df2ade1ca21431041edcb14d5f17dd4911475861cec41755502771901127f,481e8c12964102690dfb236b9333146fae9e98ba
Climate_h4,0,1227,N+S+Q+F,2026,4,56.83298691382267,003695d3559cb4ce186d2eef8f147c9662c5bdaed5142ca138d558413558cfdb,cd9df2ade1ca21431041edcb14d5f17dd4911475861cec41755502771901127f,481e8c12964102690dfb236b9333146fae9e98ba
Climate_h4,0,1228,N+S+Q+F,2026,1,58.76064510598038,003695d3559cb4ce186d2eef8f147c9662c5bdaed5142ca138d558413558cfdb,cd9df2ade1ca21431041edcb14d5f17dd4911475861cec41755502771901127f,481e8c12964102690dfb236b9333146fae9e98ba
Climate_h4,0,1228,N+S+Q+F,2026,2,58.888790624105134,003695d3559cb4ce186d2eef8f147c9662c5bdaed5142ca138d558413558cfdb,cd9df2ade1ca21431041edcb14d5f17dd4911475861cec41755502771901127f,481e8c12964102690dfb236b9333146fae9e98ba
Climate_h4,0,1228,N+S+Q+F,2026,3,59.05661917553437,003695d3559cb4ce186d2eef8f147c9662c5bdaed5142ca138d558413558cfdb,cd9df2ade1ca21431041edcb14d5f17dd4911475861cec41755502771901127f,481e8c12964102690dfb236b9333146fae9e98ba
Climate_h4,0,1228,N+S+Q+F,2026,4,59.24568618647033,003695d3559cb4ce186d2eef8f147c9662c5bdaed5142ca138d558413558cfdb,cd9df2ade1ca21431041edcb14d5f17dd4911475861cec41755502771901127f,481e8c12964102690dfb236b9333146fae9e98ba
Climate_h4,0,1229,N+S+Q+F,2026,1,58.478989492722,003695d3559cb4ce186d2eef8f147c9662c5bdaed5142ca138d558413558cfdb,cd9df2ade1ca21431041edcb14d5f17dd4911475861cec41755502771901127f,481e8c12964102690dfb236b9333146fae9e98ba
Climate_h4,0,1229,N+S+Q+F,2026,2,58.615109170048946,003695d3559cb4ce186d2eef8f147c9662c5bdaed5142ca138d558413558cfdb,cd9df2ade1ca21431041edcb14d5f17dd4911475861cec41755502771901127f,481e8c12964102690dfb236b9333146fae9e98ba
Climate_h4,0,1229,N+S+Q+F,2026,3,58.780545218847635,003695d3559cb4ce186d2eef8f147c9662c5bdaed5142ca138d558413558cfdb,cd9df2ade1ca21431041edcb14d5f17dd4911475861cec41755502771901127f,481e8c12964102690dfb236b9333146fae9e98ba
Climate_h4,0,1229,N+S+Q+F,2026,4,58.96784139692694,003695d3559cb4ce186d2eef8f147c9662c5bdaed5142ca138d558413558cfdb,cd9df2ade1ca21431041edcb14d5f17dd4911475861cec41755502771901127f,481e8c12964102690dfb236b9333146fae9e98ba
Climate_h4,0,1230,N+S+Q+F,2026,1,57.246463554645906,003695d3559cb4ce186d2eef8f147c9662c5bdaed5142ca138d558413558cfdb,cd9df2ade1ca21431041edcb14d5f17dd4911475861cec41755502771901127f,481e8c12964102690dfb236b9333146fae9e98ba
Climate_h4,0,1230,N+S+Q+F,2026,2,57.323866269992855,003695d3559cb4ce186d2eef8f147c9662c5bdaed5142ca138d558413558cfdb,cd9df2ade1ca21431041edcb14d5f17dd4911475861cec41755502771901127f,481e8c12964102690dfb236b9333146fae9e98ba
Climate_h4,0,1230,N+S+Q+F,2026,3,57.45289863019956,003695d3559cb4ce186d2eef8f147c9662c5bdaed5142ca138d558413558cfdb,cd9df2ade1ca21431041edcb14d5f17dd4911475861cec41755502771901127f,481e8c12964102690dfb236b9333146fae9e98ba
Climate_h4,0,1230,N+S+Q+F,2026,4,57.602450188412355,003695d3559cb4ce186d2eef8f147c9662c5bdaed5142ca138d558413558cfdb,cd9df2ade1ca21431041edcb14d5f17dd4911475861cec41755502771901127f,481e8c12964102690dfb236b9333146fae9e98ba
Climate_h4,0,1231,N+S+Q+F,2026,1,55.843761324381674,003695d3559cb4ce186d2eef8f147c9662c5bdaed5142ca138d558413558cfdb,cd9df2ade1ca21431041edcb14d5f17dd4911475861cec41755502771901127f,481e8c12964102690dfb236b9333146fae9e98ba
Climate_h4,0,1231,N+S+Q+F,2026,2,55.948185530609614,003695d3559cb4ce186d2eef8f147c9662c5bdaed5142ca138d558413558cfdb,cd9df2ade1ca21431041edcb14d5f17dd4911475861cec41755502771901127f,481e8c12964102690dfb236b9333146fae9e98ba
Climate_h4,0,1231,N+S+Q+F,2026,3,56.07660630281644,003695d3559cb4ce186d2eef8f147c9662c5bdaed5142ca138d558413558cfdb,cd9df2ade1ca21431041edcb14d5f17dd4911475861cec41755502771901127f,481e8c12964102690dfb236b9333146fae9e98ba
Climate_h4,0,1231,N+S+Q+F,2026,4,56.19856342046903,003695d3559cb4ce186d2eef8f147c9662c5bdaed5142ca138d558413558cfdb,cd9df2ade1ca21431041edcb14d5f17dd4911475861cec41755502771901127f,481e8c12964102690dfb236b9333146fae9e98ba
Climate_h4,0,1232,N+S+Q+F,2026,1,54.74734875271537,003695d3559cb4ce186d2eef8f147c9662c5bdaed5142ca138d558413558cfdb,cd9df2ade1ca21431041edcb14d5f17dd4911475861cec41755502771901127f,481e8c12964102690dfb236b9333146fae9e98ba
Climate_h4,0,1232,N+S+Q+F,2026,2,54.85086698543359,003695d3559cb4ce186d2eef8f147c9662c5bdaed5142ca138d558413558cfdb,cd9df2ade1ca21431041edcb14d5f17dd4911475861cec41755502771901127f,481e8c12964102690dfb236b9333146fae9e98ba
Climate_h4,0,1232,N+S+Q+F,2026,3,54.97402594502263,003695d3559cb4ce186d2eef8f147c9662c5bdaed5142ca138d558413558cfdb,cd9df2ade1ca21431041edcb14d5f17dd4911475861cec41755502771901127f,481e8c12964102690dfb236b9333146fae9e98ba
Climate_h4,0,1232,N+S+Q+F,2026,4,55.09591018536551,003695d3559cb4ce186d2eef8f147c9662c5bdaed5142ca138d558413558cfdb,cd9df2ade1ca21431041edcb14d5f17dd4911475861cec41755502771901127f,481e8c12964102690dfb236b9333146fae9e98ba
Climate_h4,0,1233,N+S+Q+F,2026,1,56.10005486991934,003695d3559cb4ce186d2eef8f147c9662c5bdaed5142ca138d558413558cfdb,cd9df2ade1ca21431041edcb14d5f17dd4911475861cec41755502771901127f,481e8c12964102690dfb236b9333146fae9e98ba
Climate_h4,0,1233,N+S+Q+F,2026,2,56.19519631298459,003695d3559cb4ce186d2eef8f147c9662c5bdaed5142ca138d558413558cfdb,cd9df2ade1ca21431041edcb14d5f17dd4911475861cec41755502771901127f,481e8c12964102690dfb236b9333146fae9e98ba
Climate_h4,0,1233,N+S+Q+F,2026,3,56.31073094888601,003695d3559cb4ce186d2eef8f147c9662c5bdaed5142ca138d558413558cfdb,cd9df2ade1ca21431041edcb14d5f17dd4911475861cec41755502771901127f,481e8c12964102690dfb236b9333146fae9e98ba
Climate_h4,0,1233,N+S+Q+F,2026,4,56.425327076084436,003695d3559cb4ce186d2eef8f147c9662c5bdaed5142ca138d558413558cfdb,cd9df2ade1ca21431041edcb14d5f17dd4911475861cec41755502771901127f,481e8c12964102690dfb236b9333146fae9e98ba
Climate_h4,0,1234,N+S+Q+F,2026,1,56.75727221866513,003695d3559cb4ce186d2eef8f147c9662c5bdaed5142ca138d558413558cfdb,cd9df2ade1ca21431041edcb14d5f17dd4911475861cec41755502771901127f,481e8c12964102690dfb236b9333146fae9e98ba
Climate_h4,0,1234,N+S+Q+F,2026,2,56.84366818308468,003695d3559cb4ce186d2eef8f147c9662c5bdaed5142ca138d558413558cfdb,cd9df2ade1ca21431041edcb14d5f17dd4911475861cec41755502771901127f,481e8c12964102690dfb236b9333146fae9e98ba
Climate_h4,0,1234,N+S+Q+F,2026,3,56.948931216545255,003695d3559cb4ce186d2eef8f147c9662c5bdaed5142ca138d558413558cfdb,cd9df2ade1ca21431041edcb14d5f17dd4911475861cec41755502771901127f,481e8c12964102690dfb236b9333146fae9e98ba
Climate_h4,0,1234,N+S+Q+F,2026,4,57.058199911550005,003695d3559cb4ce186d2eef8f147c9662c5bdaed5142ca138d558413558cfdb,cd9df2ade1ca21431041edcb14d5f17dd4911475861cec41755502771901127f,481e8c12964102690dfb236b9333146fae9e98ba
Climate_h4,0,1235,N+S+Q+F,2026,1,56.67366052152578,003695d3559cb4ce186d2eef8f147c9662c5bdaed5142ca138d558413558cfdb,cd9df2ade1ca21431041edcb14d5f17dd4911475861cec41755502771901127f,481e8c12964102690dfb236b9333146fae9e98ba
Climate_h4,0,1235,N+S+Q+F,2026,2,56.71138445671077,003695d3559cb4ce186d2eef8f147c9662c5bdaed5142ca138d558413558cfdb,cd9df2ade1ca21431041edcb14d5f17dd4911475861cec41755502771901127f,481e8c12964102690dfb236b9333146fae9e98ba
Climate_h4,0,1235,N+S+Q+F,2026,3,56.76580371638055,003695d3559cb4ce186d2eef8f147c9662c5bdaed5142ca138d558413558cfdb,cd9df2ade1ca21431041edcb14d5f17dd4911475861cec41755502771901127f,481e8c12964102690dfb236b9333146fae9e98ba
Climate_h4,0,1235,N+S+Q+F,2026,4,56.807642862575975,003695d3559cb4ce186d2eef8f147c9662c5bdaed5142ca138d558413558cfdb,cd9df2ade1ca21431041edcb14d5f17dd4911475861cec41755502771901127f,481e8c12964102690dfb236b9333146fae9e98ba
Climate_h4,0,1236,N+S+Q+F,2026,1,56.24076068054196,003695d3559cb4ce186d2eef8f147c9662c5bdaed5142ca138d558413558cfdb,cd9df2ade1ca21431041edcb14d5f17dd4911475861cec41755502771901127f,481e8c12964102690dfb236b9333146fae9e98ba
Climate_h4,0,1236,N+S+Q+F,2026,2,56.26446604388313,003695d3559cb4ce186d2eef8f147c9662c5bdaed5142ca138d558413558cfdb,cd9df2ade1ca21431041edcb14d5f17dd4911475861cec41755502771901127f,481e8c12964102690dfb236b9333146fae9e98ba
Climate_h4,0,1236,N+S+Q+F,2026,3,56.30907063488384,003695d3559cb4ce186d2eef8f147c9662c5bdaed5142ca138d558413558cfdb,cd9df2ade1ca21431041edcb14d5f17dd4911475861cec41755502771901127f,481e8c12964102690dfb236b9333146fae9e98ba
Climate_h4,0,1236,N+S+Q+F,2026,4,56.34834780655716,003695d3559cb4ce186d2eef8f147c9662c5bdaed5142ca138d558413558cfdb,cd9df2ade1ca21431041edcb14d5f17dd4911475861cec41755502771901127f,481e8c12964102690dfb236b9333146fae9e98ba
Climate_h4,0,1237,N+S+Q+F,2026,1,55.195103542514275,003695d3559cb4ce186d2eef8f147c9662c5bdaed5142ca138d558413558cfdb,cd9df2ade1ca21431041edcb14d5f17dd4911475861cec41755502771901127f,481e8c12964102690dfb236b9333146fae9e98ba
Climate_h4,0,1237,N+S+Q+F,2026,2,55.215999753930035,003695d3559cb4ce186d2eef8f147c9662c5bdaed5142ca138d558413558cfdb,cd9df2ade1ca21431041edcb14d5f17dd4911475861cec41755502771901127f,481e8c12964102690dfb236b9333146fae9e98ba
Climate_h4,0,1237,N+S+Q+F,2026,3,55.25615379723817,003695d3559cb4ce186d2eef8f147c9662c5bdaed5142ca138d558413558cfdb,cd9df2ade1ca21431041edcb14d5f17dd4911475861cec41755502771901127f,481e8c12964102690dfb236b9333146fae9e98ba
Climate_h4,0,1237,N+S+Q+F,2026,4,55.301665705240744,003695d3559cb4ce186d2eef8f147c9662c5bdaed5142ca138d558413558cfdb,cd9df2ade1ca21431041edcb14d5f17dd4911475861cec41755502771901127f,481e8c12964102690dfb236b9333146fae9e98ba
Climate_h4,0,1238,N+S+Q+F,2026,1,53.191110818502686,003695d3559cb4ce186d2eef8f147c9662c5bdaed5142ca138d558413558cfdb,cd9df2ade1ca21431041edcb14d5f17dd4911475861cec41755502771901127f,481e8c12964102690dfb236b9333146fae9e98ba
Climate_h4,0,1238,N+S+Q+F,2026,2,53.21292773816705,003695d3559cb4ce186d2eef8f147c9662c5bdaed5142ca138d558413558cfdb,cd9df2ade1ca21431041edcb14d5f17dd4911475861cec41755502771901127f,481e8c12964102690dfb236b9333146fae9e98ba
Climate_h4,0,1238,N+S+Q+F,2026,3,53.25341901499614,003695d3559cb4ce186d2eef8f147c9662c5bdaed5142ca138d558413558cfdb,cd9df2ade1ca21431041edcb14d5f17dd4911475861cec41755502771901127f,481e8c12964102690dfb236b9333146fae9e98ba
Climate_h4,0,1238,N+S+Q+F,2026,4,53.30097197282747,003695d3559cb4ce186d2eef8f147c9662c5bdaed5142ca138d558413558cfdb,cd9df2ade1ca21431041edcb14d5f17dd4911475861cec41755502771901127f,481e8c12964102690dfb236b9333146fae9e98ba
Climate_h4,0,1239,N+S+Q+F,2026,1,52.515515080757574,003695d3559cb4ce186d2eef8f147c9662c5bdaed5142ca138d558413558cfdb,cd9df2ade1ca21431041edcb14d5f17dd4911475861cec41755502771901127f,481e8c12964102690dfb236b9333146fae9e98ba
Climate_h4,0,1239,N+S+Q+F,2026,2,52.49025990856481,003695d3559cb4ce186d2eef8f147c9662c5bdaed5142ca138d558413558cfdb,cd9df2ade1ca21431041edcb14d5f17dd4911475861cec41755502771901127f,481e8c12964102690dfb236b9333146fae9e98ba
Climate_h4,0,1239,N+S+Q+F,2026,3,52.48365445814296,003695d3559cb4ce186d2eef8f147c9662c5bdaed5142ca138d558413558cfdb,cd9df2ade1ca21431041edcb14d5f17dd4911475861cec41755502771901127f,481e8c12964102690dfb236b9333146fae9e98ba
Climate_h4,0,1239,N+S+Q+F,2026,4,52.46497124354054,003695d3559cb4ce186d2eef8f147c9662c5bdaed5142ca138d558413558cfdb,cd9df2ade1ca21431041edcb14d5f17dd4911475861cec41755502771901127f,481e8c12964102690dfb236b9333146fae9e98ba
Climate_h4,0,1240,N+S+Q+F,2026,1,50.86078827566606,003695d3559cb4ce186d2eef8f147c9662c5bdaed5142ca138d558413558cfdb,cd9df2ade1ca21431041edcb14d5f17dd4911475861cec41755502771901127f,481e8c12964102690dfb236b9333146fae9e98ba
Climate_h4,0,1240,N+S+Q+F,2026,2,50.843039955211594,003695d3559cb4ce186d2eef8f147c9662c5bdaed5142ca138d558413558cfdb,cd9df2ade1ca21431041edcb14d5f17dd4911475861cec41755502771901127f,481e8c12964102690dfb236b9333146fae9e98ba
Climate_h4,0,1240,N+S+Q+F,2026,3,50.84255866486478,003695d3559cb4ce186d2eef8f147c9662c5bdaed5142ca138d558413558cfdb,cd9df2ade1ca21431041edcb14d5f17dd4911475861cec41755502771901127f,481e8c12964102690dfb236b9333146fae9e98ba
Climate_h4,0,1240,N+S+Q+F,2026,4,50.84017631756508,003695d3559cb4ce186d2eef8f147c9662c5bdaed5142ca138d558413558cfdb,cd9df2ade1ca21431041edcb14d5f17dd4911475861cec41755502771901127f,481e8c12964102690dfb236b9333146fae9e98ba
Climate_h4,0,1241,N+S+Q+F,2026,1,50.389991179237136,003695d3559cb4ce186d2eef8f147c9662c5bdaed5142ca138d558413558cfdb,cd9df2ade1ca21431041edcb14d5f17dd4911475861cec41755502771901127f,481e8c12964102690dfb236b9333146fae9e98ba
Climate_h4,0,1241,N+S+Q+F,2026,2,50.37492052204669,003695d3559cb4ce186d2eef8f147c9662c5bdaed5142ca138d558413558cfdb,cd9df2ade1ca21431041edcb14d5f17dd4911475861cec41755502771901127f,481e8c12964102690dfb236b9333146fae9e98ba
Climate_h4,0,1241,N+S+Q+F,2026,3,50.38385709718287,003695d3559cb4ce186d2eef8f147c9662c5bdaed5142ca138d558413558cfdb,cd9df2ade1ca21431041edcb14d5f17dd4911475861cec41755502771901127f,481e8c12964102690dfb236b9333146fae9e98ba
Climate_h4,0,1241,N+S+Q+F,2026,4,50.393845644737794,003695d3559cb4ce186d2eef8f147c9662c5bdaed5142ca138d558413558cfdb,cd9df2ade1ca21431041edcb14d5f17dd4911475861cec41755502771901127f,481e8c12964102690dfb236b9333146fae9e98ba
Climate_h4,0,1242,N+S+Q+F,2026,1,51.004434215735394,003695d3559cb4ce186d2eef8f147c9662c5bdaed5142ca138d558413558cfdb,cd9df2ade1ca21431041edcb14d5f17dd4911475861cec41755502771901127f,481e8c12964102690dfb236b9333146fae9e98ba
Climate_h4,0,1242,N+S+Q+F,2026,2,50.99777694864892,003695d3559cb4ce186d2eef8f147c9662c5bdaed5142ca138d558413558cfdb,cd9df2ade1ca21431041edcb14d5f17dd4911475861cec41755502771901127f,481e8c12964102690dfb236b9333146fae9e98ba
Climate_h4,0,1242,N+S+Q+F,2026,3,51.011135116755575,003695d3559cb4ce186d2eef8f147c9662c5bdaed5142ca138d558413558cfdb,cd9df2ade1ca21431041edcb14d5f17dd4911475861cec41755502771901127f,481e8c12964102690dfb236b9333146fae9e98ba
Climate_h4,0,1242,N+S+Q+F,2026,4,51.03220535328568,003695d3559cb4ce186d2eef8f147c9662c5bdaed5142ca138d558413558cfdb,cd9df2ade1ca21431041edcb14d5f17dd4911475861cec41755502771901127f,481e8c12964102690dfb236b9333146fae9e98ba
Climate_h4,0,1243,N+S+Q+F,2026,1,51.271030188339864,003695d3559cb4ce186d2eef8f147c9662c5bdaed5142ca138d558413558cfdb,cd9df2ade1ca21431041edcb14d5f17dd4911475861cec41755502771901127f,481e8c12964102690dfb236b9333146fae9e98ba
Climate_h4,0,1243,N+S+Q+F,2026,2,51.22723075737504,003695d3559cb4ce186d2eef8f147c9662c5bdaed5142ca138d558413558cfdb,cd9df2ade1ca21431041edcb14d5f17dd4911475861cec41755502771901127f,481e8c12964102690dfb236b9333146fae9e98ba
Climate_h4,0,1243,N+S+Q+F,2026,3,51.21525066716636,003695d3559cb4ce186d2eef8f147c9662c5bdaed5142ca138d558413558cfdb,cd9df2ade1ca21431041edcb14d5f17dd4911475861cec41755502771901127f,481e8c12964102690dfb236b9333146fae9e98ba
Climate_h4,0,1243,N+S+Q+F,2026,4,51.176610807842394,003695d3559cb4ce186d2eef8f147c9662c5bdaed5142ca138d558413558cfdb,cd9df2ade1ca21431041edcb14d5f17dd4911475861cec41755502771901127f,481e8c12964102690dfb236b9333146fae9e98ba
Climate_h4,0,1244,N+S+Q+F,2026,1,54.30660445047695,003695d3559cb4ce186d2eef8f147c9662c5bdaed5142ca138d558413558cfdb,cd9df2ade1ca21431041edcb14d5f17dd4911475861cec41755502771901127f,481e8c12964102690dfb236b9333146fae9e98ba
Climate_h4,0,1244,N+S+Q+F,2026,2,54.246117408471875,003695d3559cb4ce186d2eef8f147c9662c5bdaed5142ca138d558413558cfdb,cd9df2ade1ca21431041edcb14d5f17dd4911475861cec41755502771901127f,481e8c12964102690dfb236b9333146fae9e98ba
Climate_h4,0,1244,N+S+Q+F,2026,3,54.225507597651934,003695d3559cb4ce186d2eef8f147c9662c5bdaed5142ca138d558413558cfdb,cd9df2ade1ca21431041edcb14d5f17dd4911475861cec41755502771901127f,481e8c12964102690dfb236b9333146fae9e98ba
Climate_h4,0,1244,N+S+Q+F,2026,4,54.20483007766618,003695d3559cb4ce186d2eef8f147c9662c5bdaed5142ca138d558413558cfdb,cd9df2ade1ca21431041edcb14d5f17dd4911475861cec41755502771901127f,481e8c12964102690dfb236b9333146fae9e98ba
Climate_h4,0,1245,N+S+Q+F,2026,1,53.5171099971488,003695d3559cb4ce186d2eef8f147c9662c5bdaed5142ca138d558413558cfdb,cd9df2ade1ca21431041edcb14d5f17dd4911475861cec41755502771901127f,481e8c12964102690dfb236b9333146fae9e98ba
Climate_h4,0,1245,N+S+Q+F,2026,2,53.46650691253276,003695d3559cb4ce186d2eef8f147c9662c5bdaed5142ca138d558413558cfdb,cd9df2ade1ca21431041edcb14d5f17dd4911475861cec41755502771901127f,481e8c12964102690dfb236b9333146fae9e98ba
Climate_h4,0,1245,N+S+Q+F,2026,3,53.44308536343559,003695d3559cb4ce186d2eef8f147c9662c5bdaed5142ca138d558413558cfdb,cd9df2ade1ca21431041edcb14d5f17dd4911475861cec41755502771901127f,481e8c12964102690dfb236b9333146fae9e98ba
Climate_h4,0,1245,N+S+Q+F,2026,4,53.43576814796228,003695d3559cb4ce186d2eef8f147c9662c5bdaed5142ca138d558413558cfdb,cd9df2ade1ca21431041edcb14d5f17dd4911475861cec41755502771901127f,481e8c12964102690dfb236b9333146fae9e98ba
Climate_h4,0,1246,N+S+Q+F,2026,1,53.16490194508113,003695d3559cb4ce186d2eef8f147c9662c5bdaed5142ca138d558413558cfdb,cd9df2ade1ca21431041edcb14d5f17dd4911475861cec41755502771901127f,481e8c12964102690dfb236b9333146fae9e98ba
Climate_h4,0,1246,N+S+Q+F,2026,2,53.112829448675186,003695d3559cb4ce186d2eef8f147c9662c5bdaed5142ca138d558413558cfdb,cd9df2ade1ca21431041edcb14d5f17dd4911475861cec41755502771901127f,481e8c12964102690dfb236b9333146fae9e98ba
Climate_h4,0,1246,N+S+Q+F,2026,3,53.09972740074504,003695d3559cb4ce186d2eef8f147c9662c5bdaed5142ca138d558413558cfdb,cd9df2ade1ca21431041edcb14d5f17dd4911475861cec41755502771901127f,481e8c12964102690dfb236b9333146fae9e98ba
Climate_h4,0,1246,N+S+Q+F,2026,4,53.10170457393608,003695d3559cb4ce186d2eef8f147c9662c5bdaed5142ca138d558413558cfdb,cd9df2ade1ca21431041edcb14d5f17dd4911475861cec41755502771901127f,481e8c12964102690dfb236b9333146fae9e98ba
Climate_h4,0,1247,N+S+Q+F,2026,1,52.77782324010896,003695d3559cb4ce186d2eef8f147c9662c5bdaed5142ca138d558413558cfdb,cd9df2ade1ca21431041edcb14d5f17dd4911475861cec41755502771901127f,481e8c12964102690dfb236b9333146fae9e98ba
Climate_h4,0,1247,N+S+Q+F,2026,2,52.73578224253783,003695d3559cb4ce186d2eef8f147c9662c5bdaed5142ca138d558413558cfdb,cd9df2ade1ca21431041edcb14d5f17dd4911475861cec41755502771901127f,481e8c12964102690dfb236b9333146fae9e98ba
Climate_h4,0,1247,N+S+Q+F,2026,3,52.73545276930246,003695d3559cb4ce186d2eef8f147c9662c5bdaed5142ca138d558413558cfdb,cd9df2ade1ca21431041edcb14d5f17dd4911475861cec41755502771901127f,481e8c12964102690dfb236b9333146fae9e98ba
Climate_h4,0,1247,N+S+Q+F,2026,4,52.75462389183264,003695d3559cb4ce186d2eef8f147c9662c5bdaed5142ca138d558413558cfdb,cd9df2ade1ca21431041edcb14d5f17dd4911475861cec41755502771901127f,481e8c12964102690dfb236b9333146fae9e98ba
Climate_h4,0,1248,N+S+Q+F,2026,1,53.14503377383913,003695d3559cb4ce186d2eef8f147c9662c5bdaed5142ca138d558413558cfdb,cd9df2ade1ca21431041edcb14d5f17dd4911475861cec41755502771901127f,481e8c12964102690dfb236b9333146fae9e98ba
Climate_h4,0,1248,N+S+Q+F,2026,2,53.08070683663841,003695d3559cb4ce186d2eef8f147c9662c5bdaed5142ca138d558413558cfdb,cd9df2ade1ca21431041edcb14d5f17dd4911475861cec41755502771901127f,481e8c12964102690dfb236b9333146fae9e98ba
Climate_h4,0,1248,N+S+Q+F,2026,3,53.06019112557269,003695d3559cb4ce186d2eef8f147c9662c5bdaed5142ca138d558413558cfdb,cd9df2ade1ca21431041edcb14d5f17dd4911475861cec41755502771901127f,481e8c12964102690dfb236b9333146fae9e98ba
Climate_h4,0,1248,N+S+Q+F,2026,4,53.04948936637968,003695d3559cb4ce186d2eef8f147c9662c5bdaed5142ca138d558413558cfdb,cd9df2ade1ca21431041edcb14d5f17dd4911475861cec41755502771901127f,481e8c12964102690dfb236b9333146fae9e98ba
Climate_h4,0,1249,N+S+Q+F,2026,1,53.46146556177708,003695d3559cb4ce186d2eef8f147c9662c5bdaed5142ca138d558413558cfdb,cd9df2ade1ca21431041edcb14d5f17dd4911475861cec41755502771901127f,481e8c12964102690dfb236b9333146fae9e98ba
Climate_h4,0,1249,N+S+Q+F,2026,2,53.3927028900235,003695d3559cb4ce186d2eef8f147c9662c5bdaed5142ca138d558413558cfdb,cd9df2ade1ca21431041edcb14d5f17dd4911475861cec41755502771901127f,481e8c12964102690dfb236b9333146fae9e98ba
Climate_h4,0,1249,N+S+Q+F,2026,3,53.380621583268,003695d3559cb4ce186d2eef8f147c9662c5bdaed5142ca138d558413558cfdb,cd9df2ade1ca21431041edcb14d5f17dd4911475861cec41755502771901127f,481e8c12964102690dfb236b9333146fae9e98ba
Climate_h4,0,1249,N+S+Q+F,2026,4,53.38417685168371,003695d3559cb4ce186d2eef8f147c9662c5bdaed5142ca138d558413558cfdb,cd9df2ade1ca21431041edcb14d5f17dd4911475861cec41755502771901127f,481e8c12964102690dfb236b9333146fae9e98ba
Climate_h4,0,1250,N+S+Q+F,2026,1,52.94723541424492,003695d3559cb4ce186d2eef8f147c9662c5bdaed5142ca138d558413558cfdb,cd9df2ade1ca21431041edcb14d5f17dd4911475861cec41755502771901127f,481e8c12964102690dfb236b9333146fae9e98ba
Climate_h4,0,1250,N+S+Q+F,2026,2,52.89894614072631,003695d3559cb4ce186d2eef8f147c9662c5bdaed5142ca138d558413558cfdb,cd9df2ade1ca21431041edcb14d5f17dd4911475861cec41755502771901127f,481e8c12964102690dfb236b9333146fae9e98ba
Climate_h4,0,1250,N+S+Q+F,2026,3,52.902798881526124,003695d3559cb4ce186d2eef8f147c9662c5bdaed5142ca138d558413558cfdb,cd9df2ade1ca21431041edcb14d5f17dd4911475861cec41755502771901127f,481e8c12964102690dfb236b9333146fae9e98ba
Climate_h4,0,1250,N+S+Q+F,2026,4,52.93116517577008,003695d3559cb4ce186d2eef8f147c9662c5bdaed5142ca138d558413558cfdb,cd9df2ade1ca21431041edcb14d5f17dd4911475861cec41755502771901127f,481e8c12964102690dfb236b9333146fae9e98ba
Climate_h4,0,1251,N+S+Q+F,2026,1,53.521053130421656,003695d3559cb4ce186d2eef8f147c9662c5bdaed5142ca138d558413558cfdb,cd9df2ade1ca21431041edcb14d5f17dd4911475861cec41755502771901127f,481e8c12964102690dfb236b9333146fae9e98ba
Climate_h4,0,1251,N+S+Q+F,2026,2,53.483419082737896,003695d3559cb4ce186d2eef8f147c9662c5bdaed5142ca138d558413558cfdb,cd9df2ade1ca21431041edcb14d5f17dd4911475861cec41755502771901127f,481e8c12964102690dfb236b9333146fae9e98ba
Climate_h4,0,1251,N+S+Q+F,2026,3,53.50375347559817,003695d3559cb4ce186d2eef8f147c9662c5bdaed5142ca138d558413558cfdb,cd9df2ade1ca21431041edcb14d5f17dd4911475861cec41755502771901127f,481e8c12964102690dfb236b9333146fae9e98ba
Climate_h4,0,1251,N+S+Q+F,2026,4,53.5497497098663,003695d3559cb4ce186d2eef8f147c9662c5bdaed5142ca138d558413558cfdb,cd9df2ade1ca21431041edcb14d5f17dd4911475861cec41755502771901127f,481e8c12964102690dfb236b9333146fae9e98ba
Climate_h4,0,1252,N+S+Q+F,2026,1,54.43928637863436,003695d3559cb4ce186d2eef8f147c9662c5bdaed5142ca138d558413558cfdb,cd9df2ade1ca21431041edcb14d5f17dd4911475861cec41755502771901127f,481e8c12964102690dfb236b9333146fae9e98ba
Climate_h4,0,1252,N+S+Q+F,2026,2,54.37201428368569,003695d3559cb4ce186d2eef8f147c9662c5bdaed5142ca138d558413558cfdb,cd9df2ade1ca21431041edcb14d5f17dd4911475861cec41755502771901127f,481e8c12964102690dfb236b9333146fae9e98ba
Climate_h4,0,1252,N+S+Q+F,2026,3,54.363620910022235,003695d3559cb4ce186d2eef8f147c9662c5bdaed5142ca138d558413558cfdb,cd9df2ade1ca21431041edcb14d5f17dd4911475861cec41755502771901127f,481e8c12964102690dfb236b9333146fae9e98ba
Climate_h4,0,1252,N+S+Q+F,2026,4,54.35958089289674,003695d3559cb4ce186d2eef8f147c9662c5bdaed5142ca138d558413558cfdb,cd9df2ade1ca21431041edcb14d5f17dd4911475861cec41755502771901127f,481e8c12964102690dfb236b9333146fae9e98ba
Climate_h4,0,1253,N+S+Q+F,2026,1,54.005542203763554,003695d3559cb4ce186d2eef8f147c9662c5bdaed5142ca138d558413558cfdb,cd9df2ade1ca21431041edcb14d5f17dd4911475861cec41755502771901127f,481e8c12964102690dfb236b9333146fae9e98ba
Climate_h4,0,1253,N+S+Q+F,2026,2,53.950970814899,003695d3559cb4ce186d2eef8f147c9662c5bdaed5142ca138d558413558cfdb,cd9df2ade1ca21431041edcb14d5f17dd4911475861cec41755502771901127f,481e8c12964102690dfb236b9333146fae9e98ba
Climate_h4,0,1253,N+S+Q+F,2026,3,53.95144226195616,003695d3559cb4ce186d2eef8f147c9662c5bdaed5142ca138d558413558cfdb,cd9df2ade1ca21431041edcb14d5f17dd4911475861cec41755502771901127f,481e8c12964102690dfb236b9333146fae9e98ba
Climate_h4,0,1253,N+S+Q+F,2026,4,53.965012553664444,003695d3559cb4ce186d2eef8f147c9662c5bdaed5142ca138d558413558cfdb,cd9df2ade1ca21431041edcb14d5f17dd4911475861cec41755502771901127f,481e8c12964102690dfb236b9333146fae9e98ba
Climate_h4,0,1254,N+S+Q+F,2026,1,55.093052457143386,003695d3559cb4ce186d2eef8f147c9662c5bdaed5142ca138d558413558cfdb,cd9df2ade1ca21431041edcb14d5f17dd4911475861cec41755502771901127f,481e8c12964102690dfb236b9333146fae9e98ba
Climate_h4,0,1254,N+S+Q+F,2026,2,55.04928618103357,003695d3559cb4ce186d2eef8f147c9662c5bdaed5142ca138d558413558cfdb,cd9df2ade1ca21431041edcb14d5f17dd4911475861cec41755502771901127f,481e8c12964102690dfb236b9333146fae9e98ba
Climate_h4,0,1254,N+S+Q+F,2026,3,55.06383107202374,003695d3559cb4ce186d2eef8f147c9662c5bdaed5142ca138d558413558cfdb,cd9df2ade1ca21431041edcb14d5f17dd4911475861cec41755502771901127f,481e8c12964102690dfb236b9333146fae9e98ba
Climate_h4,0,1254,N+S+Q+F,2026,4,55.10002787734397,003695d3559cb4ce186d2eef8f147c9662c5bdaed5142ca138d558413558cfdb,cd9df2ade1ca21431041edcb14d5f17dd4911475861cec41755502771901127f,481e8c12964102690dfb236b9333146fae9e98ba
Climate_h4,0,1255,N+S+Q+F,2026,1,57.14179290510507,003695d3559cb4ce186d2eef8f147c9662c5bdaed5142ca138d558413558cfdb,cd9df2ade1ca21431041edcb14d5f17dd4911475861cec41755502771901127f,481e8c12964102690dfb236b9333146fae9e98ba
Climate_h4,0,1255,N+S+Q+F,2026,2,57.10421645254534,003695d3559cb4ce186d2eef8f147c9662c5bdaed5142ca138d558413558cfdb,cd9df2ade1ca21431041edcb14d5f17dd4911475861cec41755502771901127f,481e8c12964102690dfb236b9333146fae9e98ba
Climate_h4,0,1255,N+S+Q+F,2026,3,57.12895617510869,003695d3559cb4ce186d2eef8f147c9662c5bdaed5142ca138d558413558cfdb,cd9df2ade1ca21431041edcb14d5f17dd4911475861cec41755502771901127f,481e8c12964102690dfb236b9333146fae9e98ba
Climate_h4,0,1255,N+S+Q+F,2026,4,57.18265797521412,003695d3559cb4ce186d2eef8f147c9662c5bdaed5142ca138d558413558cfdb,cd9df2ade1ca21431041edcb14d5f17dd4911475861cec41755502771901127f,481e8c12964102690dfb236b9333146fae9e98ba
Climate_h4,0,1256,N+S+Q+F,2026,1,58.160490288194126,003695d3559cb4ce186d2eef8f147c9662c5bdaed5142ca138d558413558cfdb,cd9df2ade1ca21431041edcb14d5f17dd4911475861cec41755502771901127f,481e8c12964102690dfb236b9333146fae9e98ba
Climate_h4,0,1256,N+S+Q+F,2026,2,58.13670316345375,003695d3559cb4ce186d2eef8f147c9662c5bdaed5142ca138d558413558cfdb,cd9df2ade1ca21431041edcb14d5f17dd4911475861cec41755502771901127f,481e8c12964102690dfb236b9333146fae9e98ba
Climate_h4,0,1256,N+S+Q+F,2026,3,58.16921954396079,003695d3559cb4ce186d2eef8f147c9662c5bdaed5142ca138d558413558cfdb,cd9df2ade1ca21431041edcb14d5f17dd4911475861cec41755502771901127f,481e8c12964102690dfb236b9333146fae9e98ba
Climate_h4,0,1256,N+S+Q+F,2026,4,58.2331078439187,003695d3559cb4ce186d2eef8f147c9662c5bdaed5142ca138d558413558cfdb,cd9df2ade1ca21431041edcb14d5f17dd4911475861cec41755502771901127f,481e8c12964102690dfb236b9333146fae9e98ba
Climate_h4,0,1257,N+S+Q+F,2026,1,62.82766329323482,003695d3559cb4ce186d2eef8f147c9662c5bdaed5142ca138d558413558cfdb,cd9df2ade1ca21431041edcb14d5f17dd4911475861cec41755502771901127f,481e8c12964102690dfb236b9333146fae9e98ba
Climate_h4,0,1257,N+S+Q+F,2026,2,62.759152391046804,003695d3559cb4ce186d2eef8f147c9662c5bdaed5142ca138d558413558cfdb,cd9df2ade1ca21431041edcb14d5f17dd4911475861cec41755502771901127f,481e8c12964102690dfb236b9333146fae9e98ba
Climate_h4,0,1257,N+S+Q+F,2026,3,62.74920352126523,003695d3559cb4ce186d2eef8f147c9662c5bdaed5142ca138d558413558cfdb,cd9df2ade1ca21431041edcb14d5f17dd4911475861cec41755502771901127f,481e8c12964102690dfb236b9333146fae9e98ba
Climate_h4,0,1257,N+S+Q+F,2026,4,62.745802555087856,003695d3559cb4ce186d2eef8f147c9662c5bdaed5142ca138d558413558cfdb,cd9df2ade1ca21431041edcb14d5f17dd4911475861cec41755502771901127f,481e8c12964102690dfb236b9333146fae9e98ba
Climate_h4,0,1258,N+S+Q+F,2026,1,64.91790467416163,003695d3559cb4ce186d2eef8f147c9662c5bdaed5142ca138d558413558cfdb,cd9df2ade1ca21431041edcb14d5f17dd4911475861cec41755502771901127f,481e8c12964102690dfb236b9333146fae9e98ba
Climate_h4,0,1258,N+S+Q+F,2026,2,64.85329332814956,003695d3559cb4ce186d2eef8f147c9662c5bdaed5142ca138d558413558cfdb,cd9df2ade1ca21431041edcb14d5f17dd4911475861cec41755502771901127f,481e8c12964102690dfb236b9333146fae9e98ba
Climate_h4,0,1258,N+S+Q+F,2026,3,64.84479614098093,003695d3559cb4ce186d2eef8f147c9662c5bdaed5142ca138d558413558cfdb,cd9df2ade1ca21431041edcb14d5f17dd4911475861cec41755502771901127f,481e8c12964102690dfb236b9333146fae9e98ba
Climate_h4,0,1258,N+S+Q+F,2026,4,64.85802500819103,003695d3559cb4ce186d2eef8f147c9662c5bdaed5142ca138d558413558cfdb,cd9df2ade1ca21431041edcb14d5f17dd4911475861cec41755502771901127f,481e8c12964102690dfb236b9333146fae9e98ba
Climate_h4,0,1259,N+S+Q+F,2026,1,66.66775528771403,003695d3559cb4ce186d2eef8f147c9662c5bdaed5142ca138d558413558cfdb,cd9df2ade1ca21431041edcb14d5f17dd4911475861cec41755502771901127f,481e8c12964102690dfb236b9333146fae9e98ba
Climate_h4,0,1259,N+S+Q+F,2026,2,66.59849015040315,003695d3559cb4ce186d2eef8f147c9662c5bdaed5142ca138d558413558cfdb,cd9df2ade1ca21431041edcb14d5f17dd4911475861cec41755502771901127f,481e8c12964102690dfb236b9333146fae9e98ba
Climate_h4,0,1259,N+S+Q+F,2026,3,66.59110777786265,003695d3559cb4ce186d2eef8f147c9662c5bdaed5142ca138d558413558cfdb,cd9df2ade1ca21431041edcb14d5f17dd4911475861cec41755502771901127f,481e8c12964102690dfb236b9333146fae9e98ba
Climate_h4,0,1259,N+S+Q+F,2026,4,66.60700570877448,003695d3559cb4ce186d2eef8f147c9662c5bdaed5142ca138d558413558cfdb,cd9df2ade1ca21431041edcb14d5f17dd4911475861cec41755502771901127f,481e8c12964102690dfb236b9333146fae9e98ba
Climate_h4,0,1260,N+S+Q+F,2026,1,65.22166045577606,003695d3559cb4ce186d2eef8f147c9662c5bdaed5142ca138d558413558cfdb,cd9df2ade1ca21431041edcb14d5f17dd4911475861cec41755502771901127f,481e8c12964102690dfb236b9333146fae9e98ba
Climate_h4,0,1260,N+S+Q+F,2026,2,65.16374790230064,003695d3559cb4ce186d2eef8f147c9662c5bdaed5142ca138d558413558cfdb,cd9df2ade1ca21431041edcb14d5f17dd4911475861cec41755502771901127f,481e8c12964102690dfb236b9333146fae9e98ba
Climate_h4,0,1260,N+S+Q+F,2026,3,65.16619495027783,003695d3559cb4ce186d2eef8f147c9662c5bdaed5142ca138d558413558cfdb,cd9df2ade1ca21431041edcb14d5f17dd4911475861cec41755502771901127f,481e8c12964102690dfb236b9333146fae9e98ba
Climate_h4,0,1260,N+S+Q+F,2026,4,65.19914872090511,003695d3559cb4ce186d2eef8f147c9662c5bdaed5142ca138d558413558cfdb,cd9df2ade1ca21431041edcb14d5f17dd4911475861cec41755502771901127f,481e8c12964102690dfb236b9333146fae9e98ba
Climate_h4,0,1261,N+S+Q+F,2026,1,60.58074918667285,003695d3559cb4ce186d2eef8f147c9662c5bdaed5142ca138d558413558cfdb,cd9df2ade1ca21431041edcb14d5f17dd4911475861cec41755502771901127f,481e8c12964102690dfb236b9333146fae9e98ba
Climate_h4,0,1261,N+S+Q+F,2026,2,60.50213365693514,003695d3559cb4ce186d2eef8f147c9662c5bdaed5142ca138d558413558cfdb,cd9df2ade1ca21431041edcb14d5f17dd4911475861cec41755502771901127f,481e8c12964102690dfb236b9333146fae9e98ba
Climate_h4,0,1261,N+S+Q+F,2026,3,60.48529894570763,003695d3559cb4ce186d2eef8f147c9662c5bdaed5142ca138d558413558cfdb,cd9df2ade1ca21431041edcb14d5f17dd4911475861cec41755502771901127f,481e8c12964102690dfb236b9333146fae9e98ba
Climate_h4,0,1261,N+S+Q+F,2026,4,60.4821445196951,003695d3559cb4ce186d2eef8f147c9662c5bdaed5142ca138d558413558cfdb,cd9df2ade1ca21431041edcb14d5f17dd4911475861cec41755502771901127f,481e8c12964102690dfb236b9333146fae9e98ba
Climate_h4,0,1262,N+S+Q+F,2026,1,60.181100829296035,003695d3559cb4ce186d2eef8f147c9662c5bdaed5142ca138d558413558cfdb,cd9df2ade1ca21431041edcb14d5f17dd4911475861cec41755502771901127f,481e8c12964102690dfb236b9333146fae9e98ba
Climate_h4,0,1262,N+S+Q+F,2026,2,60.110508186868,003695d3559cb4ce186d2eef8f147c9662c5bdaed5142ca138d558413558cfdb,cd9df2ade1ca21431041edcb14d5f17dd4911475861cec41755502771901127f,481e8c12964102690dfb236b9333146fae9e98ba
Climate_h4,0,1262,N+S+Q+F,2026,3,60.1042553749015,003695d3559cb4ce186d2eef8f147c9662c5bdaed5142ca138d558413558cfdb,cd9df2ade1ca21431041edcb14d5f17dd4911475861cec41755502771901127f,481e8c12964102690dfb236b9333146fae9e98ba
Climate_h4,0,1262,N+S+Q+F,2026,4,60.11594077211945,003695d3559cb4ce186d2eef8f147c9662c5bdaed5142ca138d558413558cfdb,cd9df2ade1ca21431041edcb14d5f17dd4911475861cec41755502771901127f,481e8c12964102690dfb236b9333146fae9e98ba
Climate_h4,0,1263,N+S+Q+F,2026,1,61.61737718090711,003695d3559cb4ce186d2eef8f147c9662c5bdaed5142ca138d558413558cfdb,cd9df2ade1ca21431041edcb14d5f17dd4911475861cec41755502771901127f,481e8c12964102690dfb236b9333146fae9e98ba
Climate_h4,0,1263,N+S+Q+F,2026,2,61.54896107223995,003695d3559cb4ce186d2eef8f147c9662c5bdaed5142ca138d558413558cfdb,cd9df2ade1ca21431041edcb14d5f17dd4911475861cec41755502771901127f,481e8c12964102690dfb236b9333146fae9e98ba
Climate_h4,0,1263,N+S+Q+F,2026,3,61.54738201439706,003695d3559cb4ce186d2eef8f147c9662c5bdaed5142ca138d558413558cfdb,cd9df2ade1ca21431041edcb14d5f17dd4911475861cec41755502771901127f,481e8c12964102690dfb236b9333146fae9e98ba
Climate_h4,0,1263,N+S+Q+F,2026,4,61.57447852428229,003695d3559cb4ce186d2eef8f147c9662c5bdaed5142ca138d558413558cfdb,cd9df2ade1ca21431041edcb14d5f17dd4911475861cec41755502771901127f,481e8c12964102690dfb236b9333146fae9e98ba
Climate_h4,0,1264,N+S+Q+F,2026,1,62.91511633493655,003695d3559cb4ce186d2eef8f147c9662c5bdaed5142ca138d558413558cfdb,cd9df2ade1ca21431041edcb14d5f17dd4911475861cec41755502771901127f,481e8c12964102690dfb236b9333146fae9e98ba
Climate_h4,0,1264,N+S+Q+F,2026,2,62.85049402741769,003695d3559cb4ce186d2eef8f147c9662c5bdaed5142ca138d558413558cfdb,cd9df2ade1ca21431041edcb14d5f17dd4911475861cec41755502771901127f,481e8c12964102690dfb236b9333146fae9e98ba
Climate_h4,0,1264,N+S+Q+F,2026,3,62.849673460768216,003695d3559cb4ce186d2eef8f147c9662c5bdaed5142ca138d558413558cfdb,cd9df2ade1ca21431041edcb14d5f17dd4911475861cec41755502771901127f,481e8c12964102690dfb236b9333146fae9e98ba
Climate_h4,0,1264,N+S+Q+F,2026,4,62.88732626531569,003695d3559cb4ce186d2eef8f147c9662c5bdaed5142ca138d558413558cfdb,cd9df2ade1ca21431041edcb14d5f17dd4911475861cec41755502771901127f,481e8c12964102690dfb236b9333146fae9e98ba
Climate_h4,0,1265,N+S+Q+F,2026,1,64.70026482951498,003695d3559cb4ce186d2eef8f147c9662c5bdaed5142ca138d558413558cfdb,cd9df2ade1ca21431041edcb14d5f17dd4911475861cec41755502771901127f,481e8c12964102690dfb236b9333146fae9e98ba
Climate_h4,0,1265,N+S+Q+F,2026,2,64.59389072044245,003695d3559cb4ce186d2eef8f147c9662c5bdaed5142ca138d558413558cfdb,cd9df2ade1ca21431041edcb14d5f17dd4911475861cec41755502771901127f,481e8c12964102690dfb236b9333146fae9e98ba
Climate_h4,0,1265,N+S+Q+F,2026,3,64.55309801433604,003695d3559cb4ce186d2eef8f147c9662c5bdaed5142ca138d558413558cfdb,cd9df2ade1ca21431041edcb14d5f17dd4911475861cec41755502771901127f,481e8c12964102690dfb236b9333146fae9e98ba
Climate_h4,0,1265,N+S+Q+F,2026,4,64.53389858719562,003695d3559cb4ce186d2eef8f147c9662c5bdaed5142ca138d558413558cfdb,cd9df2ade1ca21431041edcb14d5f17dd4911475861cec41755502771901127f,481e8c12964102690dfb236b9333146fae9e98ba
Climate_h4,0,1266,N+S+Q+F,2026,1,65.44678935733015,003695d3559cb4ce186d2eef8f147c9662c5bdaed5142ca138d558413558cfdb,cd9df2ade1ca21431041edcb14d5f17dd4911475861cec41755502771901127f,481e8c12964102690dfb236b9333146fae9e98ba
Climate_h4,0,1266,N+S+Q+F,2026,2,65.36113404695467,003695d3559cb4ce186d2eef8f147c9662c5bdaed5142ca138d558413558cfdb,cd9df2ade1ca21431041edcb14d5f17dd4911475861cec41755502771901127f,481e8c12964102690dfb236b9333146fae9e98ba
Climate_h4,0,1266,N+S+Q+F,2026,3,65.33727296037289,003695d3559cb4ce186d2eef8f147c9662c5bdaed5142ca138d558413558cfdb,cd9df2ade1ca21431041edcb14d5f17dd4911475861cec41755502771901127f,481e8c12964102690dfb236b9333146fae9e98ba
Climate_h4,0,1266,N+S+Q+F,2026,4,65.34060204604899,003695d3559cb4ce186d2eef8f147c9662c5bdaed5142ca138d558413558cfdb,cd9df2ade1ca21431041edcb14d5f17dd4911475861cec41755502771901127f,481e8c12964102690dfb236b9333146fae9e98ba
Climate_h4,0,1267,N+S+Q+F,2026,1,67.27937048917707,003695d3559cb4ce186d2eef8f147c9662c5bdaed5142ca138d558413558cfdb,cd9df2ade1ca21431041edcb14d5f17dd4911475861cec41755502771901127f,481e8c12964102690dfb236b9333146fae9e98ba
Climate_h4,0,1267,N+S+Q+F,2026,2,67.19675251231855,003695d3559cb4ce186d2eef8f147c9662c5bdaed5142ca138d558413558cfdb,cd9df2ade1ca21431041edcb14d5f17dd4911475861cec41755502771901127f,481e8c12964102690dfb236b9333146fae9e98ba
Climate_h4,0,1267,N+S+Q+F,2026,3,67.17747623429022,003695d3559cb4ce186d2eef8f147c9662c5bdaed5142ca138d558413558cfdb,cd9df2ade1ca21431041edcb14d5f17dd4911475861cec41755502771901127f,481e8c12964102690dfb236b9333146fae9e98ba
Climate_h4,0,1267,N+S+Q+F,2026,4,67.19180227265024,003695d3559cb4ce186d2eef8f147c9662c5bdaed5142ca138d558413558cfdb,cd9df2ade1ca21431041edcb14d5f17dd4911475861cec41755502771901127f,481e8c12964102690dfb236b9333146fae9e98ba
Climate_h4,0,1268,N+S+Q+F,2026,1,67.12425179996694,003695d3559cb4ce186d2eef8f147c9662c5bdaed5142ca138d558413558cfdb,cd9df2ade1ca21431041edcb14d5f17dd4911475861cec41755502771901127f,481e8c12964102690dfb236b9333146fae9e98ba
Climate_h4,0,1268,N+S+Q+F,2026,2,67.05462266461922,003695d3559cb4ce186d2eef8f147c9662c5bdaed5142ca138d558413558cfdb,cd9df2ade1ca21431041edcb14d5f17dd4911475861cec41755502771901127f,481e8c12964102690dfb236b9333146fae9e98ba
Climate_h4,0,1268,N+S+Q+F,2026,3,67.04894524135753,003695d3559cb4ce186d2eef8f147c9662c5bdaed5142ca138d558413558cfdb,cd9df2ade1ca21431041edcb14d5f17dd4911475861cec41755502771901127f,481e8c12964102690dfb236b9333146fae9e98ba
Climate_h4,0,1268,N+S+Q+F,2026,4,67.07959245419468,003695d3559cb4ce186d2eef8f147c9662c5bdaed5142ca138d558413558cfdb,cd9df2ade1ca21431041edcb14d5f17dd4911475861cec41755502771901127f,481e8c12964102690dfb236b9333146fae9e98ba
