task_id,fold_id,origin_id,candidate_id,seed,horizon,y_pred,config_hash,feature_hash,code_commit
Climate_h4,0,1017,N,2026,1,88.6498714755217,7af3279b444ee011c7f4ba8a6219a2511255d14458c75b6ca71d87b89fe581db,cd9df2ade1ca21431041edcb14d5f17dd4911475861cec41755502771901127f,0eb4df990f6753bfc9e9029bf76f169c28456414
Climate_h4,0,1017,N,2026,2,87.94967993880925,7af3279b444ee011c7f4ba8a6219a2511255d14458c75b6ca71d87b89fe581db,cd9df2ade1ca21431041edcb14d5f17dd4911475861cec41755502771901127f,0eb4df990f6753bfc9e9029bf76f169c28456414
Climate_h4,0,1017,N,2026,3,87.26625528668941,7af3279b444ee011c7f4ba8a6219a2511255d14458c75b6ca71d87b89fe581db,cd9df2ade1ca21431041edcb14d5f17dd4911475861cec41755502771901127f,0eb4df990f6753bfc9e9029bf76f169c28456414
Climate_h4,0,1017,N,2026,4,86.61472350776563,7af3279b444ee011c7f4ba8a6219a2511255d14458c75b6ca71d87b89fe581db,cd9df2ade1ca21431041edcb14d5f17dd4911475861cec41755502771901127f,0eb4df990f6753bfc9e9029bf76f169c28456414
Climate_h4,0,1018,N,2026,1,88.77002781086058,7af3279b444ee011c7f4ba8a6219a2511255d14458c75b6ca71d87b89fe581db,cd9df2ade1ca21431041edcb14d5f17dd4911475861cec41755502771901127f,0eb4df990f6753bfc9e9029bf76f169c28456414
Climate_h4,0,1018,N,2026,2,88.06644443480305,7af3279b444ee011c7f4ba8a6219a2511255d14458c75b6ca71d87b89fe581db,cd9df2ade1ca21431041edcb14d5f17dd4911475861cec41755502771901127f,0eb4df990f6753bfc9e9029bf76f169c28456414
Climate_h4,0,1018,N,2026,3,87.38827025139182,7af3279b444ee011c7f4ba8a6219a2511255d14458c75b6ca71d87b89fe581db,cd9df2ade1ca21431041edcb14d5f17dd4911475861cec41755502771901127f,0eb4df990f6753bfc9e9029bf76f169c28456414
Climate_h4,0,1018,N,2026,4,86.74491127015838,7af3279b444ee011c7f4ba8a6219a2511255d14458c75b6ca71d87b89fe581db,cd9df2ade1ca21431041edcb14d5f17dd4911475861cec41755502771901127f,0eb4df990f6753bfc9e9029bf76f169c28456414
Climate_h4,0,1019,N,2026,1,79.92482584087526,7af3279b444ee011c7f4ba8a6219a2511255d14458c75b6ca71d87b89fe581db,cd9df2ade1ca21431041edcb14d5f17dd4911475861cec41755502771901127f,0eb4df990f6753bfc9e9029bf76f169c28456414
Climate_h4,0,1019,N,2026,2,79.26801984298459,7af3279b444ee011c7f4ba8a6219a2511255d14458c75b6ca71d87b89fe581db,cd9df2ade1ca21431041edcb14d5f17dd4911475861cec41755502771901127f,0eb4df990f6753bfc9e9029bf76f169c28456414
Climate_h4,0,1019,N,2026,3,78.64136401650127,7af3279b444ee011c7f4ba8a6219a2511255d14458c75b6ca71d87b89fe581db,cd9df2ade1ca21431041edcb14d5f17dd4911475861cec41755502771901127f,0eb4df990f6753bfc9e9029bf76f169c28456414
Climate_h4,0,1019,N,2026,4,78.05793502612612,7af3279b444ee011c7f4ba8a6219a2511255d14458c75b6ca71d87b89fe581db,cd9df2ade1ca21431041edcb14d5f17dd4911475861cec41755502771901127f,0eb4df990f6753bfc9e9029bf76f169c28456414
Climate_h4,0,1020,N,2026,1,79.73201419934797,7af3279b444ee011c7f4ba8a6219a2511255d14458c75b6ca71d87b89fe581db,cd9df2ade1ca21431041edcb14d5f17dd4911475861cec41755502771901127f,0eb4df990f6753bfc9e9029bf76f169c28456414
Climate_h4,0,1020,N,2026,2,79.12107603289301,7af3279b444ee011c7f4ba8a6219a2511255d14458c75b6ca71d87b89fe581db,cd9df2ade1ca21431041edcb14d5f17dd4911475861cec41755502771901127f,0eb4df990f6753bfc9e9029bf76f169c28456414
Climate_h4,0,1020,N,2026,3,78.54633016462192,7af3279b444ee011c7f4ba8a6219a2511255d14458c75b6ca71d87b89fe581db,cd9df2ade1ca21431041edcb14d5f17dd4911475861cec41755502771901127f,0eb4df990f6753bfc9e9029bf76f169c28456414
Climate_h4,0,1020,N,2026,4,78.01198918200582,7af3279b444ee011c7f4ba8a6219a2511255d14458c75b6ca71d87b89fe581db,cd9df2ade1ca21431041edcb14d5f17dd4911475861cec41755502771901127f,0eb4df990f6753bfc9e9029bf76f169c28456414
Climate_h4,0,1021,N,2026,1,78.85093484388813,7af3279b444ee011c7f4ba8a6219a2511255d14458c75b6ca71d87b89fe581db,cd9df2ade1ca21431041edcb14d5f17dd4911475861cec41755502771901127f,0eb4df990f6753bfc9e9029bf76f169c28456414
Climate_h4,0,1021,N,2026,2,78.2945339368472,7af3279b444ee011c7f4ba8a6219a2511255d14458c75b6ca71d87b89fe581db,cd9df2ade1ca21431041edcb14d5f17dd4911475861cec41755502771901127f,0eb4df990f6753bfc9e9029bf76f169c28456414
Climate_h4,0,1021,N,2026,3,77.7693900352873,7af3279b444ee011c7f4ba8a6219a2511255d14458c75b6ca71d87b89fe581db,cd9df2ade1ca21431041edcb14d5f17dd4911475861cec41755502771901127f,0eb4df990f6753bfc9e9029bf76f169c28456414
Climate_h4,0,1021,N,2026,4,77.29453133543862,7af3279b444ee011c7f4ba8a6219a2511255d14458c75b6ca71d87b89fe581db,cd9df2ade1ca21431041edcb14d5f17dd4911475861cec41755502771901127f,0eb4df990f6753bfc9e9029bf76f169c28456414
Climate_h4,0,1022,N,2026,1,76.57831643395592,7af3279b444ee011c7f4ba8a6219a2511255d14458c75b6ca71d87b89fe581db,cd9df2ade1ca21431041edcb14d5f17dd4911475861cec41755502771901127f,0eb4df990f6753bfc9e9029bf76f169c28456414
Climate_h4,0,1022,N,2026,2,76.07854778384352,7af3279b444ee011c7f4ba8a6219a2511255d14458c75b6ca71d87b89fe581db,cd9df2ade1ca21431041edcb14d5f17dd4911475861cec41755502771901127f,0eb4df990f6753bfc9e9029bf76f169c28456414
Climate_h4,0,1022,N,2026,3,75.61956391049016,7af3279b444ee011c7f4ba8a6219a2511255d14458c75b6ca71d87b89fe581db,cd9df2ade1ca21431041edcb14d5f17dd4911475861cec41755502771901127f,0eb4df990f6753bfc9e9029bf76f169c28456414
Climate_h4,0,1022,N,2026,4,75.20973995559777,7af3279b444ee011c7f4ba8a6219a2511255d14458c75b6ca71d87b89fe581db,cd9df2ade1ca21431041edcb14d5f17dd4911475861cec41755502771901127f,0eb4df990f6753bfc9e9029bf76f169c28456414
Climate_h4,0,1023,N,2026,1,75.52792149471482,7af3279b444ee011c7f4ba8a6219a2511255d14458c75b6ca71d87b89fe581db,cd9df2ade1ca21431041edcb14d5f17dd4911475861cec41755502771901127f,0eb4df990f6753bfc9e9029bf76f169c28456414
Climate_h4,0,1023,N,2026,2,75.09344207152765,7af3279b444ee011c7f4ba8a6219a2511255d14458c75b6ca71d87b89fe581db,cd9df2ade1ca21431041edcb14d5f17dd4911475861cec41755502771901127f,0eb4df990f6753bfc9e9029bf76f169c28456414
Climate_h4,0,1023,N,2026,3,74.69641106727578,7af3279b444ee011c7f4ba8a6219a2511255d14458c75b6ca71d87b89fe581db,cd9df2ade1ca21431041edcb14d5f17dd4911475861cec41755502771901127f,0eb4df990f6753bfc9e9029bf76f169c28456414
Climate_h4,0,1023,N,2026,4,74.3637625235474,7af3279b444ee011c7f4ba8a6219a2511255d14458c75b6ca71d87b89fe581db,cd9df2ade1ca21431041edcb14d5f17dd4911475861cec41755502771901127f,0eb4df990f6753bfc9e9029bf76f169c28456414
Climate_h4,0,1024,N,2026,1,74.24760120942898,7af3279b444ee011c7f4ba8a6219a2511255d14458c75b6ca71d87b89fe581db,cd9df2ade1ca21431041edcb14d5f17dd4911475861cec41755502771901127f,0eb4df990f6753bfc9e9029bf76f169c28456414
Climate_h4,0,1024,N,2026,2,73.88299678439593,7af3279b444ee011c7f4ba8a6219a2511255d14458c75b6ca71d87b89fe581db,cd9df2ade1ca21431041edcb14d5f17dd4911475861cec41755502771901127f,0eb4df990f6753bfc9e9029bf76f169c28456414
Climate_h4,0,1024,N,2026,3,73.5640877009755,7af3279b444ee011c7f4ba8a6219a2511255d14458c75b6ca71d87b89fe581db,cd9df2ade1ca21431041edcb14d5f17dd4911475861cec41755502771901127f,0eb4df990f6753bfc9e9029bf76f169c28456414
Climate_h4,0,1024,N,2026,4,73.29374963865756,7af3279b444ee011c7f4ba8a6219a2511255d14458c75b6ca71d87b89fe581db,cd9df2ade1ca21431041edcb14d5f17dd4911475861cec41755502771901127f,0eb4df990f6753bfc9e9029bf76f169c28456414
Climate_h4,0,1025,N,2026,1,72.02918858968994,7af3279b444ee011c7f4ba8a6219a2511255d14458c75b6ca71d87b89fe581db,cd9df2ade1ca21431041edcb14d5f17dd4911475861cec41755502771901127f,0eb4df990f6753bfc9e9029bf76f169c28456414
Climate_h4,0,1025,N,2026,2,71.74895077817234,7af3279b444ee011c7f4ba8a6219a2511255d14458c75b6ca71d87b89fe581db,cd9df2ade1ca21431041edcb14d5f17dd4911475861cec41755502771901127f,0eb4df990f6753bfc9e9029bf76f169c28456414
Climate_h4,0,1025,N,2026,3,71.49587988854007,7af3279b444ee011c7f4ba8a6219a2511255d14458c75b6ca71d87b89fe581db,cd9df2ade1ca21431041edcb14d5f17dd4911475861cec41755502771901127f,0eb4df990f6753bfc9e9029bf76f169c28456414
Climate_h4,0,1025,N,2026,4,71.26745642126357,7af3279b444ee011c7f4ba8a6219a2511255d14458c75b6ca71d87b89fe581db,cd9df2ade1ca21431041edcb14d5f17dd4911475861cec41755502771901127f,0eb4df990f6753bfc9e9029bf76f169c28456414
Climate_h4,0,1026,N,2026,1,70.90610790101586,7af3279b444ee011c7f4ba8a6219a2511255d14458c75b6ca71d87b89fe581db,cd9df2ade1ca21431041edcb14d5f17dd4911475861cec41755502771901127f,0eb4df990f6753bfc9e9029bf76f169c28456414
Climate_h4,0,1026,N,2026,2,70.69178950235946,7af3279b444ee011c7f4ba8a6219a2511255d14458c75b6ca71d87b89fe581db,cd9df2ade1ca21431041edcb14d5f17dd4911475861cec41755502771901127f,0eb4df990f6753bfc9e9029bf76f169c28456414
Climate_h4,0,1026,N,2026,3,70.47853354413337,7af3279b444ee011c7f4ba8a6219a2511255d14458c75b6ca71d87b89fe581db,cd9df2ade1ca21431041edcb14d5f17dd4911475861cec41755502771901127f,0eb4df990f6753bfc9e9029bf76f169c28456414
Climate_h4,0,1026,N,2026,4,70.28402975509024,7af3279b444ee011c7f4ba8a6219a2511255d14458c75b6ca71d87b89fe581db,cd9df2ade1ca21431041edcb14d5f17dd4911475861cec41755502771901127f,0eb4df990f6753bfc9e9029bf76f169c28456414
Climate_h4,0,1027,N,2026,1,69.96574884386489,7af3279b444ee011c7f4ba8a6219a2511255d14458c75b6ca71d87b89fe581db,cd9df2ade1ca21431041edcb14d5f17dd4911475861cec41755502771901127f,0eb4df990f6753bfc9e9029bf76f169c28456414
Climate_h4,0,1027,N,2026,2,69.78928812251408,7af3279b444ee011c7f4ba8a6219a2511255d14458c75b6ca71d87b89fe581db,cd9df2ade1ca21431041edcb14d5f17dd4911475861cec41755502771901127f,0eb4df990f6753bfc9e9029bf76f169c28456414
Climate_h4,0,1027,N,2026,3,69.60913780765445,7af3279b444ee011c7f4ba8a6219a2511255d14458c75b6ca71d87b89fe581db,cd9df2ade1ca21431041edcb14d5f17dd4911475861cec41755502771901127f,0eb4df990f6753bfc9e9029bf76f169c28456414
Climate_h4,0,1027,N,2026,4,69.44005662903217,7af3279b444ee011c7f4ba8a6219a2511255d14458c75b6ca71d87b89fe581db,cd9df2ade1ca21431041edcb14d5f17dd4911475861cec41755502771901127f,0eb4df990f6753bfc9e9029bf76f169c28456414
Climate_h4,0,1028,N,2026,1,69.08564418757719,7af3279b444ee011c7f4ba8a6219a2511255d14458c75b6ca71d87b89fe581db,cd9df2ade1ca21431041edcb14d5f17dd4911475861cec41755502771901127f,0eb4df990f6753bfc9e9029bf76f169c28456414
Climate_h4,0,1028,N,2026,2,68.93921949290446,7af3279b444ee011c7f4ba8a6219a2511255d14458c75b6ca71d87b89fe581db,cd9df2ade1ca21431041edcb14d5f17dd4911475861cec41755502771901127f,0eb4df990f6753bfc9e9029bf76f169c28456414
Climate_h4,0,1028,N,2026,3,68.78298111493989,7af3279b444ee011c7f4ba8a6219a2511255d14458c75b6ca71d87b89fe581db,cd9df2ade1ca21431041edcb14d5f17dd4911475861cec41755502771901127f,0eb4df990f6753bfc9e9029bf76f169c28456414
Climate_h4,0,1028,N,2026,4,68.61887839580714,7af3279b444ee011c7f4ba8a6219a2511255d14458c75b6ca71d87b89fe581db,cd9df2ade1ca21431041edcb14d5f17dd4911475861cec41755502771901127f,0eb4df990f6753bfc9e9029bf76f169c28456414
Climate_h4,0,1029,N,2026,1,67.31912874569761,7af3279b444ee011c7f4ba8a6219a2511255d14458c75b6ca71d87b89fe581db,cd9df2ade1ca21431041edcb14d5f17dd4911475861cec41755502771901127f,0eb4df990f6753bfc9e9029bf76f169c28456414
Climate_h4,0,1029,N,2026,2,67.20310194273205,7af3279b444ee011c7f4ba8a6219a2511255d14458c75b6ca71d87b89fe581db,cd9df2ade1ca21431041edcb14d5f17dd4911475861cec41755502771901127f,0eb4df990f6753bfc9e9029bf76f169c28456414
Climate_h4,0,1029,N,2026,3,67.05738961808281,7af3279b444ee011c7f4ba8a6219a2511255d14458c75b6ca71d87b89fe581db,cd9df2ade1ca21431041edcb14d5f17dd4911475861cec41755502771901127f,0eb4df990f6753bfc9e9029bf76f169c28456414
Climate_h4,0,1029,N,2026,4,66.89156303687075,7af3279b444ee011c7f4ba8a6219a2511255d14458c75b6ca71d87b89fe581db,cd9df2ade1ca21431041edcb14d5f17dd4911475861cec41755502771901127f,0eb4df990f6753bfc9e9029bf76f169c28456414
Climate_h4,0,1030,N,2026,1,64.31120263505004,7af3279b444ee011c7f4ba8a6219a2511255d14458c75b6ca71d87b89fe581db,cd9df2ade1ca21431041edcb14d5f17dd4911475861cec41755502771901127f,0eb4df990f6753bfc9e9029bf76f169c28456414
Climate_h4,0,1030,N,2026,2,64.21507094180686,7af3279b444ee011c7f4ba8a6219a2511255d14458c75b6ca71d87b89fe581db,cd9df2ade1ca21431041edcb14d5f17dd4911475861cec41755502771901127f,0eb4df990f6753bfc9e9029bf76f169c28456414
Climate_h4,0,1030,N,2026,3,64.07790843848747,7af3279b444ee011c7f4ba8a6219a2511255d14458c75b6ca71d87b89fe581db,cd9df2ade1ca21431041edcb14d5f17dd4911475861cec41755502771901127f,0eb4df990f6753bfc9e9029bf76f169c28456414
Climate_h4,0,1030,N,2026,4,63.92951834979715,7af3279b444ee011c7f4ba8a6219a2511255d14458c75b6ca71d87b89fe581db,cd9df2ade1ca21431041edcb14d5f17dd4911475861cec41755502771901127f,0eb4df990f6753bfc9e9029bf76f169c28456414
Climate_h4,0,1031,N,2026,1,65.05127086208401,7af3279b444ee011c7f4ba8a6219a2511255d14458c75b6ca71d87b89fe581db,cd9df2ade1ca21431041edcb14d5f17dd4911475861cec41755502771901127f,0eb4df990f6753bfc9e9029bf76f169c28456414
Climate_h4,0,1031,N,2026,2,64.95385381114298,7af3279b444ee011c7f4ba8a6219a2511255d14458c75b6ca71d87b89fe581db,cd9df2ade1ca21431041edcb14d5f17dd4911475861cec41755502771901127f,0eb4df990f6753bfc9e9029bf76f169c28456414
Climate_h4,0,1031,N,2026,3,64.82429595297288,7af3279b444ee011c7f4ba8a6219a2511255d14458c75b6ca71d87b89fe581db,cd9df2ade1ca21431041edcb14d5f17dd4911475861cec41755502771901127f,0eb4df990f6753bfc9e9029bf76f169c28456414
Climate_h4,0,1031,N,2026,4,64.63995398936098,7af3279b444ee011c7f4ba8a6219a2511255d14458c75b6ca71d87b89fe581db,cd9df2ade1ca21431041edcb14d5f17dd4911475861cec41755502771901127f,0eb4df990f6753bfc9e9029bf76f169c28456414
Climate_h4,0,1032,N,2026,1,67.24745922397248,7af3279b444ee011c7f4ba8a6219a2511255d14458c75b6ca71d87b89fe581db,cd9df2ade1ca21431041edcb14d5f17dd4911475861cec41755502771901127f,0eb4df990f6753bfc9e9029bf76f169c28456414
Climate_h4,0,1032,N,2026,2,67.13571920868831,7af3279b444ee011c7f4ba8a6219a2511255d14458c75b6ca71d87b89fe581db,cd9df2ade1ca21431041edcb14d5f17dd4911475861cec41755502771901127f,0eb4df990f6753bfc9e9029bf76f169c28456414
Climate_h4,0,1032,N,2026,3,66.9528677245796,7af3279b444ee011c7f4ba8a6219a2511255d14458c75b6ca71d87b89fe581db,cd9df2ade1ca21431041edcb14d5f17dd4911475861cec41755502771901127f,0eb4df990f6753bfc9e9029bf76f169c28456414
Climate_h4,0,1032,N,2026,4,66.703204650332,7af3279b444ee011c7f4ba8a6219a2511255d14458c75b6ca71d87b89fe581db,cd9df2ade1ca21431041edcb14d5f17dd4911475861cec41755502771901127f,0eb4df990f6753bfc9e9029bf76f169c28456414
Climate_h4,0,1033,N,2026,1,64.83967696186072,7af3279b444ee011c7f4ba8a6219a2511255d14458c75b6ca71d87b89fe581db,cd9df2ade1ca21431041edcb14d5f17dd4911475861cec41755502771901127f,0eb4df990f6753bfc9e9029bf76f169c28456414
Climate_h4,0,1033,N,2026,2,64.67527064510382,7af3279b444ee011c7f4ba8a6219a2511255d14458c75b6ca71d87b89fe581db,cd9df2ade1ca21431041edcb14d5f17dd4911475861cec41755502771901127f,0eb4df990f6753bfc9e9029bf76f169c28456414
Climate_h4,0,1033,N,2026,3,64.43563725217841,7af3279b444ee011c7f4ba8a6219a2511255d14458c75b6ca71d87b89fe581db,cd9df2ade1ca21431041edcb14d5f17dd4911475861cec41755502771901127f,0eb4df990f6753bfc9e9029bf76f169c28456414
Climate_h4,0,1033,N,2026,4,64.157845090273,7af3279b444ee011c7f4ba8a6219a2511255d14458c75b6ca71d87b89fe581db,cd9df2ade1ca21431041edcb14d5f17dd4911475861cec41755502771901127f,0eb4df990f6753bfc9e9029bf76f169c28456414
Climate_h4,0,1034,N,2026,1,66.83778311254332,7af3279b444ee011c7f4ba8a6219a2511255d14458c75b6ca71d87b89fe581db,cd9df2ade1ca21431041edcb14d5f17dd4911475861cec41755502771901127f,0eb4df990f6753bfc9e9029bf76f169c28456414
Climate_h4,0,1034,N,2026,2,66.60297526292453,7af3279b444ee011c7f4ba8a6219a2511255d14458c75b6ca71d87b89fe581db,cd9df2ade1ca21431041edcb14d5f17dd4911475861cec41755502771901127f,0eb4df990f6753bfc9e9029bf76f169c28456414
Climate_h4,0,1034,N,2026,3,66.32176240959757,7af3279b444ee011c7f4ba8a6219a2511255d14458c75b6ca71d87b89fe581db,cd9df2ade1ca21431041edcb14d5f17dd4911475861cec41755502771901127f,0eb4df990f6753bfc9e9029bf76f169c28456414
Climate_h4,0,1034,N,2026,4,65.99014181133848,7af3279b444ee011c7f4ba8a6219a2511255d14458c75b6ca71d87b89fe581db,cd9df2ade1ca21431041edcb14d5f17dd4911475861cec41755502771901127f,0eb4df990f6753bfc9e9029bf76f169c28456414
Climate_h4,0,1035,N,2026,1,69.91029614470314,7af3279b444ee011c7f4ba8a6219a2511255d14458c75b6ca71d87b89fe581db,cd9df2ade1ca21431041edcb14d5f17dd4911475861cec41755502771901127f,0eb4df990f6753bfc9e9029bf76f169c28456414
Climate_h4,0,1035,N,2026,2,69.61549923385738,7af3279b444ee011c7f4ba8a6219a2511255d14458c75b6ca71d87b89fe581db,cd9df2ade1ca21431041edcb14d5f17dd4911475861cec41755502771901127f,0eb4df990f6753bfc9e9029bf76f169c28456414
Climate_h4,0,1035,N,2026,3,69.26471457887983,7af3279b444ee011c7f4ba8a6219a2511255d14458c75b6ca71d87b89fe581db,cd9df2ade1ca21431041edcb14d5f17dd4911475861cec41755502771901127f,0eb4df990f6753bfc9e9029bf76f169c28456414
Climate_h4,0,1035,N,2026,4,68.84285173895688,7af3279b444ee011c7f4ba8a6219a2511255d14458c75b6ca71d87b89fe581db,cd9df2ade1ca21431041edcb14d5f17dd4911475861cec41755502771901127f,0eb4df990f6753bfc9e9029bf76f169c28456414
Climate_h4,0,1036,N,2026,1,74.7143984886985,7af3279b444ee011c7f4ba8a6219a2511255d14458c75b6ca71d87b89fe581db,cd9df2ade1ca21431041edcb14d5f17dd4911475861cec41755502771901127f,0eb4df990f6753bfc9e9029bf76f169c28456414
Climate_h4,0,1036,N,2026,2,74.32636135112125,7af3279b444ee011c7f4ba8a6219a2511255d14458c75b6ca71d87b89fe581db,cd9df2ade1ca21431041edcb14d5f17dd4911475861cec41755502771901127f,0eb4df990f6753bfc9e9029bf76f169c28456414
Climate_h4,0,1036,N,2026,3,73.86609692935812,7af3279b444ee011c7f4ba8a6219a2511255d14458c75b6ca71d87b89fe581db,cd9df2ade1ca21431041edcb14d5f17dd4911475861cec41755502771901127f,0eb4df990f6753bfc9e9029bf76f169c28456414
Climate_h4,0,1036,N,2026,4,73.33644474742793,7af3279b444ee011c7f4ba8a6219a2511255d14458c75b6ca71d87b89fe581db,cd9df2ade1ca21431041edcb14d5f17dd4911475861cec41755502771901127f,0eb4df990f6753bfc9e9029bf76f169c28456414
Climate_h4,0,1037,N,2026,1,72.9847489932932,7af3279b444ee011c7f4ba8a6219a2511255d14458c75b6ca71d87b89fe581db,cd9df2ade1ca21431041edcb14d5f17dd4911475861cec41755502771901127f,0eb4df990f6753bfc9e9029bf76f169c28456414
Climate_h4,0,1037,N,2026,2,72.50146456719938,7af3279b444ee011c7f4ba8a6219a2511255d14458c75b6ca71d87b89fe581db,cd9df2ade1ca21431041edcb14d5f17dd4911475861cec41755502771901127f,0eb4df990f6753bfc9e9029bf76f169c28456414
Climate_h4,0,1037,N,2026,3,71.95204557091654,7af3279b444ee011c7f4ba8a6219a2511255d14458c75b6ca71d87b89fe581db,cd9df2ade1ca21431041edcb14d5f17dd4911475861cec41755502771901127f,0eb4df990f6753bfc9e9029bf76f169c28456414
Climate_h4,0,1037,N,2026,4,71.35680114218104,7af3279b444ee011c7f4ba8a6219a2511255d14458c75b6ca71d87b89fe581db,cd9df2ade1ca21431041edcb14d5f17dd4911475861cec41755502771901127f,0eb4df990f6753bfc9e9029bf76f169c28456414
Climate_h4,0,1038,N,2026,1,73.09778267919714,7af3279b444ee011c7f4ba8a6219a2511255d14458c75b6ca71d87b89fe581db,cd9df2ade1ca21431041edcb14d5f17dd4911475861cec41755502771901127f,0eb4df990f6753bfc9e9029bf76f169c28456414
Climate_h4,0,1038,N,2026,2,72.52425962091061,7af3279b444ee011c7f4ba8a6219a2511255d14458c75b6ca71d87b89fe581db,cd9df2ade1ca21431041edcb14d5f17dd4911475861cec41755502771901127f,0eb4df990f6753bfc9e9029bf76f169c28456414
Climate_h4,0,1038,N,2026,3,71.91281641619344,7af3279b444ee011c7f4ba8a6219a2511255d14458c75b6ca71d87b89fe581db,cd9df2ade1ca21431041edcb14d5f17dd4911475861cec41755502771901127f,0eb4df990f6753bfc9e9029bf76f169c28456414
Climate_h4,0,1038,N,2026,4,71.24546557572147,7af3279b444ee011c7f4ba8a6219a2511255d14458c75b6ca71d87b89fe581db,cd9df2ade1ca21431041edcb14d5f17dd4911475861cec41755502771901127f,0eb4df990f6753bfc9e9029bf76f169c28456414
Climate_h4,0,1039,N,2026,1,70.31413673621174,7af3279b444ee011c7f4ba8a6219a2511255d14458c75b6ca71d87b89fe581db,cd9df2ade1ca21431041edcb14d5f17dd4911475861cec41755502771901127f,0eb4df990f6753bfc9e9029bf76f169c28456414
Climate_h4,0,1039,N,2026,2,69.6929042431128,7af3279b444ee011c7f4ba8a6219a2511255d14458c75b6ca71d87b89fe581db,cd9df2ade1ca21431041edcb14d5f17dd4911475861cec41755502771901127f,0eb4df990f6753bfc9e9029bf76f169c28456414
Climate_h4,0,1039,N,2026,3,69.02685127438266,7af3279b444ee011c7f4ba8a6219a2511255d14458c75b6ca71d87b89fe581db,cd9df2ade1ca21431041edcb14d5f17dd4911475861cec41755502771901127f,0eb4df990f6753bfc9e9029bf76f169c28456414
Climate_h4,0,1039,N,2026,4,68.28796535264655,7af3279b444ee011c7f4ba8a6219a2511255d14458c75b6ca71d87b89fe581db,cd9df2ade1ca21431041edcb14d5f17dd4911475861cec41755502771901127f,0eb4df990f6753bfc9e9029bf76f169c28456414
Climate_h4,0,1040,N,2026,1,71.40025286277285,7af3279b444ee011c7f4ba8a6219a2511255d14458c75b6ca71d87b89fe581db,cd9df2ade1ca21431041edcb14d5f17dd4911475861cec41755502771901127f,0eb4df990f6753bfc9e9029bf76f169c28456414
Climate_h4,0,1040,N,2026,2,70.71367594404562,7af3279b444ee011c7f4ba8a6219a2511255d14458c75b6ca71d87b89fe581db,cd9df2ade1ca21431041edcb14d5f17dd4911475861cec41755502771901127f,0eb4df990f6753bfc9e9029bf76f169c28456414
Climate_h4,0,1040,N,2026,3,69.96779675499202,7af3279b444ee011c7f4ba8a6219a2511255d14458c75b6ca71d87b89fe581db,cd9df2ade1ca21431041edcb14d5f17dd4911475861cec41755502771901127f,0eb4df990f6753bfc9e9029bf76f169c28456414
Climate_h4,0,1040,N,2026,4,69.1508867189202,7af3279b444ee011c7f4ba8a6219a2511255d14458c75b6ca71d87b89fe581db,cd9df2ade1ca21431041edcb14d5f17dd4911475861cec41755502771901127f,0eb4df990f6753bfc9e9029bf76f169c28456414
Climate_h4,0,1041,N,2026,1,74.57383130121484,7af3279b444ee011c7f4ba8a6219a2511255d14458c75b6ca71d87b89fe581db,cd9df2ade1ca21431041edcb14d5f17dd4911475861cec41755502771901127f,0eb4df990f6753bfc9e9029bf76f169c28456414
Climate_h4,0,1041,N,2026,2,73.78987136663108,7af3279b444ee011c7f4ba8a6219a2511255d14458c75b6ca71d87b89fe581db,cd9df2ade1ca21431041edcb14d5f17dd4911475861cec41755502771901127f,0eb4df990f6753bfc9e9029bf76f169c28456414
Climate_h4,0,1041,N,2026,3,72.9512610833084,7af3279b444ee011c7f4ba8a6219a2511255d14458c75b6ca71d87b89fe581db,cd9df2ade1ca21431041edcb14d5f17dd4911475861cec41755502771901127f,0eb4df990f6753bfc9e9029bf76f169c28456414
Climate_h4,0,1041,N,2026,4,72.07854876076115,7af3279b444ee011c7f4ba8a6219a2511255d14458c75b6ca71d87b89fe581db,cd9df2ade1ca21431041edcb14d5f17dd4911475861cec41755502771901127f,0eb4df990f6753bfc9e9029bf76f169c28456414
Climate_h4,0,1042,N,2026,1,75.34808789315811,7af3279b444ee011c7f4ba8a6219a2511255d14458c75b6ca71d87b89fe581db,cd9df2ade1ca21431041edcb14d5f17dd4911475861cec41755502771901127f,0eb4df990f6753bfc9e9029bf76f169c28456414
Climate_h4,0,1042,N,2026,2,74.46941802961777,7af3279b444ee011c7f4ba8a6219a2511255d14458c75b6ca71d87b89fe581db,cd9df2ade1ca21431041edcb14d5f17dd4911475861cec41755502771901127f,0eb4df990f6753bfc9e9029bf76f169c28456414
Climate_h4,0,1042,N,2026,3,73.57553648269938,7af3279b444ee011c7f4ba8a6219a2511255d14458c75b6ca71d87b89fe581db,cd9df2ade1ca21431041edcb14d5f17dd4911475861cec41755502771901127f,0eb4df990f6753bfc9e9029bf76f169c28456414
Climate_h4,0,1042,N,2026,4,72.67244683808299,7af3279b444ee011c7f4ba8a6219a2511255d14458c75b6ca71d87b89fe581db,cd9df2ade1ca21431041edcb14d5f17dd4911475861cec41755502771901127f,0eb4df990f6753bfc9e9029bf76f169c28456414
Climate_h4,0,1043,N,2026,1,76.45641125368262,7af3279b444ee011c7f4ba8a6219a2511255d14458c75b6ca71d87b89fe581db,cd9df2ade1ca21431041edcb14d5f17dd4911475861cec41755502771901127f,0eb4df990f6753bfc9e9029bf76f169c28456414
Climate_h4,0,1043,N,2026,2,75.52054558017649,7af3279b444ee011c7f4ba8a6219a2511255d14458c75b6ca71d87b89fe581db,cd9df2ade1ca21431041edcb14d5f17dd4911475861cec41755502771901127f,0eb4df990f6753bfc9e9029bf76f169c28456414
Climate_h4,0,1043,N,2026,3,74.59457646153135,7af3279b444ee011c7f4ba8a6219a2511255d14458c75b6ca71d87b89fe581db,cd9df2ade1ca21431041edcb14d5f17dd4911475861cec41755502771901127f,0eb4df990f6753bfc9e9029bf76f169c28456414
Climate_h4,0,1043,N,2026,4,73.6896031075287,7af3279b444ee011c7f4ba8a6219a2511255d14458c75b6ca71d87b89fe581db,cd9df2ade1ca21431041edcb14d5f17dd4911475861cec41755502771901127f,0eb4df990f6753bfc9e9029bf76f169c28456414
Climate_h4,0,1044,N,2026,1,77.59001371571631,7af3279b444ee011c7f4ba8a6219a2511255d14458c75b6ca71d87b89fe581db,cd9df2ade1ca21431041edcb14d5f17dd4911475861cec41755502771901127f,0eb4df990f6753bfc9e9029bf76f169c28456414
Climate_h4,0,1044,N,2026,2,76.61412246201553,7af3279b444ee011c7f4ba8a6219a2511255d14458c75b6ca71d87b89fe581db,cd9df2ade1ca21431041edcb14d5f17dd4911475861cec41755502771901127f,0eb4df990f6753bfc9e9029bf76f169c28456414
Climate_h4,0,1044,N,2026,3,75.68127744692266,7af3279b444ee011c7f4ba8a6219a2511255d14458c75b6ca71d87b89fe581db,cd9df2ade1ca21431041edcb14d5f17dd4911475861cec41755502771901127f,0eb4df990f6753bfc9e9029bf76f169c28456414
Climate_h4,0,1044,N,2026,4,74.79870615076516,7af3279b444ee011c7f4ba8a6219a2511255d14458c75b6ca71d87b89fe581db,cd9df2ade1ca21431041edcb14d5f17dd4911475861cec41755502771901127f,0eb4df990f6753bfc9e9029bf76f169c28456414
Climate_h4,0,1045,N,2026,1,77.80057458944663,7af3279b444ee011c7f4ba8a6219a2511255d14458c75b6ca71d87b89fe581db,cd9df2ade1ca21431041edcb14d5f17dd4911475861cec41755502771901127f,0eb4df990f6753bfc9e9029bf76f169c28456414
Climate_h4,0,1045,N,2026,2,76.81871295622331,7af3279b444ee011c7f4ba8a6219a2511255d14458c75b6ca71d87b89fe581db,cd9df2ade1ca21431041edcb14d5f17dd4911475861cec41755502771901127f,0eb4df990f6753bfc9e9029bf76f169c28456414
Climate_h4,0,1045,N,2026,3,75.90927426901662,7af3279b444ee011c7f4ba8a6219a2511255d14458c75b6ca71d87b89fe581db,cd9df2ade1ca21431041edcb14d5f17dd4911475861cec41755502771901127f,0eb4df990f6753bfc9e9029bf76f169c28456414
Climate_h4,0,1045,N,2026,4,75.03807060887308,7af3279b444ee011c7f4ba8a6219a2511255d14458c75b6ca71d87b89fe581db,cd9df2ade1ca21431041edcb14d5f17dd4911475861cec41755502771901127f,0eb4df990f6753bfc9e9029bf76f169c28456414
Climate_h4,0,1046,N,2026,1,78.50513780589077,7af3279b444ee011c7f4ba8a6219a2511255d14458c75b6ca71d87b89fe581db,cd9df2ade1ca21431041edcb14d5f17dd4911475861cec41755502771901127f,0eb4df990f6753bfc9e9029bf76f169c28456414
Climate_h4,0,1046,N,2026,2,77.54705311855805,7af3279b444ee011c7f4ba8a6219a2511255d14458c75b6ca71d87b89fe581db,cd9df2ade1ca21431041edcb14d5f17dd4911475861cec41755502771901127f,0eb4df990f6753bfc9e9029bf76f169c28456414
Climate_h4,0,1046,N,2026,3,76.64838673072128,7af3279b444ee011c7f4ba8a6219a2511255d14458c75b6ca71d87b89fe581db,cd9df2ade1ca21431041edcb14d5f17dd4911475861cec41755502771901127f,0eb4df990f6753bfc9e9029bf76f169c28456414
Climate_h4,0,1046,N,2026,4,75.79784786825638,7af3279b444ee011c7f4ba8a6219a2511255d14458c75b6ca71d87b89fe581db,cd9df2ade1ca21431041edcb14d5f17dd4911475861cec41755502771901127f,0eb4df990f6753bfc9e9029bf76f169c28456414
Climate_h4,0,1047,N,2026,1,77.21825879135005,7af3279b444ee011c7f4ba8a6219a2511255d14458c75b6ca71d87b89fe581db,cd9df2ade1ca21431041edcb14d5f17dd4911475861cec41755502771901127f,0eb4df990f6753bfc9e9029bf76f169c28456414
Climate_h4,0,1047,N,2026,2,76.27844281488785,7af3279b444ee011c7f4ba8a6219a2511255d14458c75b6ca71d87b89fe581db,cd9df2ade1ca21431041edcb14d5f17dd4911475861cec41755502771901127f,0eb4df990f6753bfc9e9029bf76f169c28456414
Climate_h4,0,1047,N,2026,3,75.40980093529768,7af3279b444ee011c7f4ba8a6219a2511255d14458c75b6ca71d87b89fe581db,cd9df2ade1ca21431041edcb14d5f17dd4911475861cec41755502771901127f,0eb4df990f6753bfc9e9029bf76f169c28456414
Climate_h4,0,1047,N,2026,4,74.60108282654063,7af3279b444ee011c7f4ba8a6219a2511255d14458c75b6ca71d87b89fe581db,cd9df2ade1ca21431041edcb14d5f17dd4911475861cec41755502771901127f,0eb4df990f6753bfc9e9029bf76f169c28456414
Climate_h4,0,1048,N,2026,1,75.1657243494306,7af3279b444ee011c7f4ba8a6219a2511255d14458c75b6ca71d87b89fe581db,cd9df2ade1ca21431041edcb14d5f17dd4911475861cec41755502771901127f,0eb4df990f6753bfc9e9029bf76f169c28456414
Climate_h4,0,1048,N,2026,2,74.26595963077845,7af3279b444ee011c7f4ba8a6219a2511255d14458c75b6ca71d87b89fe581db,cd9df2ade1ca21431041edcb14d5f17dd4911475861cec41755502771901127f,0eb4df990f6753bfc9e9029bf76f169c28456414
Climate_h4,0,1048,N,2026,3,73.44768775716713,7af3279b444ee011c7f4ba8a6219a2511255d14458c75b6ca71d87b89fe581db,cd9df2ade1ca21431041edcb14d5f17dd4911475861cec41755502771901127f,0eb4df990f6753bfc9e9029bf76f169c28456414
Climate_h4,0,1048,N,2026,4,72.71394326797478,7af3279b444ee011c7f4ba8a6219a2511255d14458c75b6ca71d87b89fe581db,cd9df2ade1ca21431041edcb14d5f17dd4911475861cec41755502771901127f,0eb4df990f6753bfc9e9029bf76f169c28456414
Climate_h4,0,1049,N,2026,1,76.02763136400736,7af3279b444ee011c7f4ba8a6219a2511255d14458c75b6ca71d87b89fe581db,cd9df2ade1ca21431041edcb14d5f17dd4911475861cec41755502771901127f,0eb4df990f6753bfc9e9029bf76f169c28456414
Climate_h4,0,1049,N,2026,2,75.17537214246566,7af3279b444ee011c7f4ba8a6219a2511255d14458c75b6ca71d87b89fe581db,cd9df2ade1ca21431041edcb14d5f17dd4911475861cec41755502771901127f,0eb4df990f6753bfc9e9029bf76f169c28456414
Climate_h4,0,1049,N,2026,3,74.42449204173525,7af3279b444ee011c7f4ba8a6219a2511255d14458c75b6ca71d87b89fe581db,cd9df2ade1ca21431041edcb14d5f17dd4911475861cec41755502771901127f,0eb4df990f6753bfc9e9029bf76f169c28456414
Climate_h4,0,1049,N,2026,4,73.75770989305978,7af3279b444ee011c7f4ba8a6219a2511255d14458c75b6ca71d87b89fe581db,cd9df2ade1ca21431041edcb14d5f17dd4911475861cec41755502771901127f,0eb4df990f6753bfc9e9029bf76f169c28456414
Climate_h4,0,1050,N,2026,1,77.3695606550534,7af3279b444ee011c7f4ba8a6219a2511255d14458c75b6ca71d87b89fe581db,cd9df2ade1ca21431041edcb14d5f17dd4911475861cec41755502771901127f,0eb4df990f6753bfc9e9029bf76f169c28456414
Climate_h4,0,1050,N,2026,2,76.58319395629326,7af3279b444ee011c7f4ba8a6219a2511255d14458c75b6ca71d87b89fe581db,cd9df2ade1ca21431041edcb14d5f17dd4911475861cec41755502771901127f,0eb4df990f6753bfc9e9029bf76f169c28456414
Climate_h4,0,1050,N,2026,3,75.89321306231065,7af3279b444ee011c7f4ba8a6219a2511255d14458c75b6ca71d87b89fe581db,cd9df2ade1ca21431041edcb14d5f17dd4911475861cec41755502771901127f,0eb4df990f6753bfc9e9029bf76f169c28456414
Climate_h4,0,1050,N,2026,4,75.28619846993556,7af3279b444ee011c7f4ba8a6219a2511255d14458c75b6ca71d87b89fe581db,cd9df2ade1ca21431041edcb14d5f17dd4911475861cec41755502771901127f,0eb4df990f6753bfc9e9029bf76f169c28456414
Climate_h4,0,1051,N,2026,1,78.26836802282284,7af3279b444ee011c7f4ba8a6219a2511255d14458c75b6ca71d87b89fe581db,cd9df2ade1ca21431041edcb14d5f17dd4911475861cec41755502771901127f,0eb4df990f6753bfc9e9029bf76f169c28456414
Climate_h4,0,1051,N,2026,2,77.53898046312707,7af3279b444ee011c7f4ba8a6219a2511255d14458c75b6ca71d87b89fe581db,cd9df2ade1ca21431041edcb14d5f17dd4911475861cec41755502771901127f,0eb4df990f6753bfc9e9029bf76f169c28456414
Climate_h4,0,1051,N,2026,3,76.9044840129382,7af3279b444ee011c7f4ba8a6219a2511255d14458c75b6ca71d87b89fe581db,cd9df2ade1ca21431041edcb14d5f17dd4911475861cec41755502771901127f,0eb4df990f6753bfc9e9029bf76f169c28456414
Climate_h4,0,1051,N,2026,4,76.37294772132232,7af3279b444ee011c7f4ba8a6219a2511255d14458c75b6ca71d87b89fe581db,cd9df2ade1ca21431041edcb14d5f17dd4911475861cec41755502771901127f,0eb4df990f6753bfc9e9029bf76f169c28456414
Climate_h4,0,1052,N,2026,1,79.01665501475789,7af3279b444ee011c7f4ba8a6219a2511255d14458c75b6ca71d87b89fe581db,cd9df2ade1ca21431041edcb14d5f17dd4911475861cec41755502771901127f,0eb4df990f6753bfc9e9029bf76f169c28456414
Climate_h4,0,1052,N,2026,2,78.33884090292675,7af3279b444ee011c7f4ba8a6219a2511255d14458c75b6ca71d87b89fe581db,cd9df2ade1ca21431041edcb14d5f17dd4911475861cec41755502771901127f,0eb4df990f6753bfc9e9029bf76f169c28456414
Climate_h4,0,1052,N,2026,3,77.77512893840469,7af3279b444ee011c7f4ba8a6219a2511255d14458c75b6ca71d87b89fe581db,cd9df2ade1ca21431041edcb14d5f17dd4911475861cec41755502771901127f,0eb4df990f6753bfc9e9029bf76f169c28456414
Climate_h4,0,1052,N,2026,4,77.32310521736815,7af3279b444ee011c7f4ba8a6219a2511255d14458c75b6ca71d87b89fe581db,cd9df2ade1ca21431041edcb14d5f17dd4911475861cec41755502771901127f,0eb4df990f6753bfc9e9029bf76f169c28456414
Climate_h4,0,1053,N,2026,1,78.43061443791768,7af3279b444ee011c7f4ba8a6219a2511255d14458c75b6ca71d87b89fe581db,cd9df2ade1ca21431041edcb14d5f17dd4911475861cec41755502771901127f,0eb4df990f6753bfc9e9029bf76f169c28456414
Climate_h4,0,1053,N,2026,2,77.83166630163359,7af3279b444ee011c7f4ba8a6219a2511255d14458c75b6ca71d87b89fe581db,cd9df2ade1ca21431041edcb14d5f17dd4911475861cec41755502771901127f,0eb4df990f6753bfc9e9029bf76f169c28456414
Climate_h4,0,1053,N,2026,3,77.35247176851165,7af3279b444ee011c7f4ba8a6219a2511255d14458c75b6ca71d87b89fe581db,cd9df2ade1ca21431041edcb14d5f17dd4911475861cec41755502771901127f,0eb4df990f6753bfc9e9029bf76f169c28456414
Climate_h4,0,1053,N,2026,4,76.97713358764308,7af3279b444ee011c7f4ba8a6219a2511255d14458c75b6ca71d87b89fe581db,cd9df2ade1ca21431041edcb14d5f17dd4911475861cec41755502771901127f,0eb4df990f6753bfc9e9029bf76f169c28456414
Climate_h4,0,1054,N,2026,1,79.0974685905632,7af3279b444ee011c7f4ba8a6219a2511255d14458c75b6ca71d87b89fe581db,cd9df2ade1ca21431041edcb14d5f17dd4911475861cec41755502771901127f,0eb4df990f6753bfc9e9029bf76f169c28456414
Climate_h4,0,1054,N,2026,2,78.57701099628532,7af3279b444ee011c7f4ba8a6219a2511255d14458c75b6ca71d87b89fe581db,cd9df2ade1ca21431041edcb14d5f17dd4911475861cec41755502771901127f,0eb4df990f6753bfc9e9029bf76f169c28456414
Climate_h4,0,1054,N,2026,3,78.16915728120195,7af3279b444ee011c7f4ba8a6219a2511255d14458c75b6ca71d87b89fe581db,cd9df2ade1ca21431041edcb14d5f17dd4911475861cec41755502771901127f,0eb4df990f6753bfc9e9029bf76f169c28456414
Climate_h4,0,1054,N,2026,4,77.85479507840174,7af3279b444ee011c7f4ba8a6219a2511255d14458c75b6ca71d87b89fe581db,cd9df2ade1ca21431041edcb14d5f17dd4911475861cec41755502771901127f,0eb4df990f6753bfc9e9029bf76f169c28456414
Climate_h4,0,1055,N,2026,1,78.65532434463807,7af3279b444ee011c7f4ba8a6219a2511255d14458c75b6ca71d87b89fe581db,cd9df2ade1ca21431041edcb14d5f17dd4911475861cec41755502771901127f,0eb4df990f6753bfc9e9029bf76f169c28456414
Climate_h4,0,1055,N,2026,2,78.207997534434,7af3279b444ee011c7f4ba8a6219a2511255d14458c75b6ca71d87b89fe581db,cd9df2ade1ca21431041edcb14d5f17dd4911475861cec41755502771901127f,0eb4df990f6753bfc9e9029bf76f169c28456414
Climate_h4,0,1055,N,2026,3,77.86261450133219,7af3279b444ee011c7f4ba8a6219a2511255d14458c75b6ca71d87b89fe581db,cd9df2ade1ca21431041edcb14d5f17dd4911475861cec41755502771901127f,0eb4df990f6753bfc9e9029bf76f169c28456414
Climate_h4,0,1055,N,2026,4,77.6167062408022,7af3279b444ee011c7f4ba8a6219a2511255d14458c75b6ca71d87b89fe581db,cd9df2ade1ca21431041edcb14d5f17dd4911475861cec41755502771901127f,0eb4df990f6753bfc9e9029bf76f169c28456414
Climate_h4,0,1056,N,2026,1,78.60929333664217,7af3279b444ee011c7f4ba8a6219a2511255d14458c75b6ca71d87b89fe581db,cd9df2ade1ca21431041edcb14d5f17dd4911475861cec41755502771901127f,0eb4df990f6753bfc9e9029bf76f169c28456414
Climate_h4,0,1056,N,2026,2,78.2285954465329,7af3279b444ee011c7f4ba8a6219a2511255d14458c75b6ca71d87b89fe581db,cd9df2ade1ca21431041edcb14d5f17dd4911475861cec41755502771901127f,0eb4df990f6753bfc9e9029bf76f169c28456414
Climate_h4,0,1056,N,2026,3,77.95229921836516,7af3279b444ee011c7f4ba8a6219a2511255d14458c75b6ca71d87b89fe581db,cd9df2ade1ca21431041edcb14d5f17dd4911475861cec41755502771901127f,0eb4df990f6753bfc9e9029bf76f169c28456414
Climate_h4,0,1056,N,2026,4,77.76691507638913,7af3279b444ee011c7f4ba8a6219a2511255d14458c75b6ca71d87b89fe581db,cd9df2ade1ca21431041edcb14d5f17dd4911475861cec41755502771901127f,0eb4df990f6753bfc9e9029bf76f169c28456414
Climate_h4,0,1057,N,2026,1,78.54896765536104,7af3279b444ee011c7f4ba8a6219a2511255d14458c75b6ca71d87b89fe581db,cd9df2ade1ca21431041edcb14d5f17dd4911475861cec41755502771901127f,0eb4df990f6753bfc9e9029bf76f169c28456414
Climate_h4,0,1057,N,2026,2,78.24680645837678,7af3279b444ee011c7f4ba8a6219a2511255d14458c75b6ca71d87b89fe581db,cd9df2ade1ca21431041edcb14d5f17dd4911475861cec41755502771901127f,0eb4df990f6753bfc9e9029bf76f169c28456414
Climate_h4,0,1057,N,2026,3,78.03452760670856,7af3279b444ee011c7f4ba8a6219a2511255d14458c75b6ca71d87b89fe581db,cd9df2ade1ca21431041edcb14d5f17dd4911475861cec41755502771901127f,0eb4df990f6753bfc9e9029bf76f169c28456414
Climate_h4,0,1057,N,2026,4,77.91187110315435,7af3279b444ee011c7f4ba8a6219a2511255d14458c75b6ca71d87b89fe581db,cd9df2ade1ca21431041edcb14d5f17dd4911475861cec41755502771901127f,0eb4df990f6753bfc9e9029bf76f169c28456414
Climate_h4,0,1058,N,2026,1,78.3757504308273,7af3279b444ee011c7f4ba8a6219a2511255d14458c75b6ca71d87b89fe581db,cd9df2ade1ca21431041edcb14d5f17dd4911475861cec41755502771901127f,0eb4df990f6753bfc9e9029bf76f169c28456414
Climate_h4,0,1058,N,2026,2,78.13896212981751,7af3279b444ee011c7f4ba8a6219a2511255d14458c75b6ca71d87b89fe581db,cd9df2ade1ca21431041edcb14d5f17dd4911475861cec41755502771901127f,0eb4df990f6753bfc9e9029bf76f169c28456414
Climate_h4,0,1058,N,2026,3,77.98916562080079,7af3279b444ee011c7f4ba8a6219a2511255d14458c75b6ca71d87b89fe581db,cd9df2ade1ca21431041edcb14d5f17dd4911475861cec41755502771901127f,0eb4df990f6753bfc9e9029bf76f169c28456414
Climate_h4,0,1058,N,2026,4,77.91561523064891,7af3279b444ee011c7f4ba8a6219a2511255d14458c75b6ca71d87b89fe581db,cd9df2ade1ca21431041edcb14d5f17dd4911475861cec41755502771901127f,0eb4df990f6753bfc9e9029bf76f169c28456414
Climate_h4,0,1059,N,2026,1,78.38818842517264,7af3279b444ee011c7f4ba8a6219a2511255d14458c75b6ca71d87b89fe581db,cd9df2ade1ca21431041edcb14d5f17dd4911475861cec41755502771901127f,0eb4df990f6753bfc9e9029bf76f169c28456414
Climate_h4,0,1059,N,2026,2,78.21101741171445,7af3279b444ee011c7f4ba8a6219a2511255d14458c75b6ca71d87b89fe581db,cd9df2ade1ca21431041edcb14d5f17dd4911475861cec41755502771901127f,0eb4df990f6753bfc9e9029bf76f169c28456414
Climate_h4,0,1059,N,2026,3,78.10746243305138,7af3279b444ee011c7f4ba8a6219a2511255d14458c75b6ca71d87b89fe581db,cd9df2ade1ca21431041edcb14d5f17dd4911475861cec41755502771901127f,0eb4df990f6753bfc9e9029bf76f169c28456414
Climate_h4,0,1059,N,2026,4,78.04968647544335,7af3279b444ee011c7f4ba8a6219a2511255d14458c75b6ca71d87b89fe581db,cd9df2ade1ca21431041edcb14d5f17dd4911475861cec41755502771901127f,0eb4df990f6753bfc9e9029bf76f169c28456414
Climate_h4,0,1060,N,2026,1,77.32424935332529,7af3279b444ee011c7f4ba8a6219a2511255d14458c75b6ca71d87b89fe581db,cd9df2ade1ca21431041edcb14d5f17dd4911475861cec41755502771901127f,0eb4df990f6753bfc9e9029bf76f169c28456414
Climate_h4,0,1060,N,2026,2,77.19901184126513,7af3279b444ee011c7f4ba8a6219a2511255d14458c75b6ca71d87b89fe581db,cd9df2ade1ca21431041edcb14d5f17dd4911475861cec41755502771901127f,0eb4df990f6753bfc9e9029bf76f169c28456414
Climate_h4,0,1060,N,2026,3,77.11447397896768,7af3279b444ee011c7f4ba8a6219a2511255d14458c75b6ca71d87b89fe581db,cd9df2ade1ca21431041edcb14d5f17dd4911475861cec41755502771901127f,0eb4df990f6753bfc9e9029bf76f169c28456414
Climate_h4,0,1060,N,2026,4,77.04575469530708,7af3279b444ee011c7f4ba8a6219a2511255d14458c75b6ca71d87b89fe581db,cd9df2ade1ca21431041edcb14d5f17dd4911475861cec41755502771901127f,0eb4df990f6753bfc9e9029bf76f169c28456414
Climate_h4,0,1061,N,2026,1,75.872878543848,7af3279b444ee011c7f4ba8a6219a2511255d14458c75b6ca71d87b89fe581db,cd9df2ade1ca21431041edcb14d5f17dd4911475861cec41755502771901127f,0eb4df990f6753bfc9e9029bf76f169c28456414
Climate_h4,0,1061,N,2026,2,75.77220408710596,7af3279b444ee011c7f4ba8a6219a2511255d14458c75b6ca71d87b89fe581db,cd9df2ade1ca21431041edcb14d5f17dd4911475861cec41755502771901127f,0eb4df990f6753bfc9e9029bf76f169c28456414
Climate_h4,0,1061,N,2026,3,75.68259521842128,7af3279b444ee011c7f4ba8a6219a2511255d14458c75b6ca71d87b89fe581db,cd9df2ade1ca21431041edcb14d5f17dd4911475861cec41755502771901127f,0eb4df990f6753bfc9e9029bf76f169c28456414
Climate_h4,0,1061,N,2026,4,75.62171513590329,7af3279b444ee011c7f4ba8a6219a2511255d14458c75b6ca71d87b89fe581db,cd9df2ade1ca21431041edcb14d5f17dd4911475861cec41755502771901127f,0eb4df990f6753bfc9e9029bf76f169c28456414
Climate_h4,0,1062,N,2026,1,74.1449202671217,7af3279b444ee011c7f4ba8a6219a2511255d14458c75b6ca71d87b89fe581db,cd9df2ade1ca21431041edcb14d5f17dd4911475861cec41755502771901127f,0eb4df990f6753bfc9e9029bf76f169c28456414
Climate_h4,0,1062,N,2026,2,74.0452188728906,7af3279b444ee011c7f4ba8a6219a2511255d14458c75b6ca71d87b89fe581db,cd9df2ade1ca21431041edcb14d5f17dd4911475861cec41755502771901127f,0eb4df990f6753bfc9e9029bf76f169c28456414
Climate_h4,0,1062,N,2026,3,73.96959150392321,7af3279b444ee011c7f4ba8a6219a2511255d14458c75b6ca71d87b89fe581db,cd9df2ade1ca21431041edcb14d5f17dd4911475861cec41755502771901127f,0eb4df990f6753bfc9e9029bf76f169c28456414
Climate_h4,0,1062,N,2026,4,73.93610797609604,7af3279b444ee011c7f4ba8a6219a2511255d14458c75b6ca71d87b89fe581db,cd9df2ade1ca21431041edcb14d5f17dd4911475861cec41755502771901127f,0eb4df990f6753bfc9e9029bf76f169c28456414
Climate_h4,0,1063,N,2026,1,71.17293145158267,7af3279b444ee011c7f4ba8a6219a2511255d14458c75b6ca71d87b89fe581db,cd9df2ade1ca21431041edcb14d5f17dd4911475861cec41755502771901127f,0eb4df990f6753bfc9e9029bf76f169c28456414
Climate_h4,0,1063,N,2026,2,71.0983554422649,7af3279b444ee011c7f4ba8a6219a2511255d14458c75b6ca71d87b89fe581db,cd9df2ade1ca21431041edcb14d5f17dd4911475861cec41755502771901127f,0eb4df990f6753bfc9e9029bf76f169c28456414
Climate_h4,0,1063,N,2026,3,71.06012501721695,7af3279b444ee011c7f4ba8a6219a2511255d14458c75b6ca71d87b89fe581db,cd9df2ade1ca21431041edcb14d5f17dd4911475861cec41755502771901127f,0eb4df990f6753bfc9e9029bf76f169c28456414
Climate_h4,0,1063,N,2026,4,71.04383036101444,7af3279b444ee011c7f4ba8a6219a2511255d14458c75b6ca71d87b89fe581db,cd9df2ade1ca21431041edcb14d5f17dd4911475861cec41755502771901127f,0eb4df990f6753bfc9e9029bf76f169c28456414
Climate_h4,0,1064,N,2026,1,70.01443572792806,7af3279b444ee011c7f4ba8a6219a2511255d14458c75b6ca71d87b89fe581db,cd9df2ade1ca21431041edcb14d5f17dd4911475861cec41755502771901127f,0eb4df990f6753bfc9e9029bf76f169c28456414
Climate_h4,0,1064,N,2026,2,69.97705807424948,7af3279b444ee011c7f4ba8a6219a2511255d14458c75b6ca71d87b89fe581db,cd9df2ade1ca21431041edcb14d5f17dd4911475861cec41755502771901127f,0eb4df990f6753bfc9e9029bf76f169c28456414
Climate_h4,0,1064,N,2026,3,69.9547793146676,7af3279b444ee011c7f4ba8a6219a2511255d14458c75b6ca71d87b89fe581db,cd9df2ade1ca21431041edcb14d5f17dd4911475861cec41755502771901127f,0eb4df990f6753bfc9e9029bf76f169c28456414
Climate_h4,0,1064,N,2026,4,69.9502388153654,7af3279b444ee011c7f4ba8a6219a2511255d14458c75b6ca71d87b89fe581db,cd9df2ade1ca21431041edcb14d5f17dd4911475861cec41755502771901127f,0eb4df990f6753bfc9e9029bf76f169c28456414
Climate_h4,0,1065,N,2026,1,71.04926722728064,7af3279b444ee011c7f4ba8a6219a2511255d14458c75b6ca71d87b89fe581db,cd9df2ade1ca21431041edcb14d5f17dd4911475861cec41755502771901127f,0eb4df990f6753bfc9e9029bf76f169c28456414
Climate_h4,0,1065,N,2026,2,71.0198646307344,7af3279b444ee011c7f4ba8a6219a2511255d14458c75b6ca71d87b89fe581db,cd9df2ade1ca21431041edcb14d5f17dd4911475861cec41755502771901127f,0eb4df990f6753bfc9e9029bf76f169c28456414
Climate_h4,0,1065,N,2026,3,70.99955706404405,7af3279b444ee011c7f4ba8a6219a2511255d14458c75b6ca71d87b89fe581db,cd9df2ade1ca21431041edcb14d5f17dd4911475861cec41755502771901127f,0eb4df990f6753bfc9e9029bf76f169c28456414
Climate_h4,0,1065,N,2026,4,70.99088685749696,7af3279b444ee011c7f4ba8a6219a2511255d14458c75b6ca71d87b89fe581db,cd9df2ade1ca21431041edcb14d5f17dd4911475861cec41755502771901127f,0eb4df990f6753bfc9e9029bf76f169c28456414
Climate_h4,0,1066,N,2026,1,69.79499630351064,7af3279b444ee011c7f4ba8a6219a2511255d14458c75b6ca71d87b89fe581db,cd9df2ade1ca21431041edcb14d5f17dd4911475861cec41755502771901127f,0eb4df990f6753bfc9e9029bf76f169c28456414
Climate_h4,0,1066,N,2026,2,69.77029359756166,7af3279b444ee011c7f4ba8a6219a2511255d14458c75b6ca71d87b89fe581db,cd9df2ade1ca21431041edcb14d5f17dd4911475861cec41755502771901127f,0eb4df990f6753bfc9e9029bf76f169c28456414
Climate_h4,0,1066,N,2026,3,69.74853583354701,7af3279b444ee011c7f4ba8a6219a2511255d14458c75b6ca71d87b89fe581db,cd9df2ade1ca21431041edcb14d5f17dd4911475861cec41755502771901127f,0eb4df990f6753bfc9e9029bf76f169c28456414
Climate_h4,0,1066,N,2026,4,69.73342179560413,7af3279b444ee011c7f4ba8a6219a2511255d14458c75b6ca71d87b89fe581db,cd9df2ade1ca21431041edcb14d5f17dd4911475861cec41755502771901127f,0eb4df990f6753bfc9e9029bf76f169c28456414
Climate_h4,0,1067,N,2026,1,67.48794855072121,7af3279b444ee011c7f4ba8a6219a2511255d14458c75b6ca71d87b89fe581db,cd9df2ade1ca21431041edcb14d5f17dd4911475861cec41755502771901127f,0eb4df990f6753bfc9e9029bf76f169c28456414
Climate_h4,0,1067,N,2026,2,67.46326145404166,7af3279b444ee011c7f4ba8a6219a2511255d14458c75b6ca71d87b89fe581db,cd9df2ade1ca21431041edcb14d5f17dd4911475861cec41755502771901127f,0eb4df990f6753bfc9e9029bf76f169c28456414
Climate_h4,0,1067,N,2026,3,67.44067985059557,7af3279b444ee011c7f4ba8a6219a2511255d14458c75b6ca71d87b89fe581db,cd9df2ade1ca21431041edcb14d5f17dd4911475861cec41755502771901127f,0eb4df990f6753bfc9e9029bf76f169c28456414
Climate_h4,0,1067,N,2026,4,67.41296403616145,7af3279b444ee011c7f4ba8a6219a2511255d14458c75b6ca71d87b89fe581db,cd9df2ade1ca21431041edcb14d5f17dd4911475861cec41755502771901127f,0eb4df990f6753bfc9e9029bf76f169c28456414
Climate_h4,0,1068,N,2026,1,63.22768628123257,7af3279b444ee011c7f4ba8a6219a2511255d14458c75b6ca71d87b89fe581db,cd9df2ade1ca21431041edcb14d5f17dd4911475861cec41755502771901127f,0eb4df990f6753bfc9e9029bf76f169c28456414
Climate_h4,0,1068,N,2026,2,63.217554455521565,7af3279b444ee011c7f4ba8a6219a2511255d14458c75b6ca71d87b89fe581db,cd9df2ade1ca21431041edcb14d5f17dd4911475861cec41755502771901127f,0eb4df990f6753bfc9e9029bf76f169c28456414
Climate_h4,0,1068,N,2026,3,63.19831775603073,7af3279b444ee011c7f4ba8a6219a2511255d14458c75b6ca71d87b89fe581db,cd9df2ade1ca21431041edcb14d5f17dd4911475861cec41755502771901127f,0eb4df990f6753bfc9e9029bf76f169c28456414
Climate_h4,0,1068,N,2026,4,63.16668419798674,7af3279b444ee011c7f4ba8a6219a2511255d14458c75b6ca71d87b89fe581db,cd9df2ade1ca21431041edcb14d5f17dd4911475861cec41755502771901127f,0eb4df990f6753bfc9e9029bf76f169c28456414
Climate_h4,0,1069,N,2026,1,62.40157832808324,7af3279b444ee011c7f4ba8a6219a2511255d14458c75b6ca71d87b89fe581db,cd9df2ade1ca21431041edcb14d5f17dd4911475861cec41755502771901127f,0eb4df990f6753bfc9e9029bf76f169c28456414
Climate_h4,0,1069,N,2026,2,62.38719690042882,7af3279b444ee011c7f4ba8a6219a2511255d14458c75b6ca71d87b89fe581db,cd9df2ade1ca21431041edcb14d5f17dd4911475861cec41755502771901127f,0eb4df990f6753bfc9e9029bf76f169c28456414
Climate_h4,0,1069,N,2026,3,62.35884469144355,7af3279b444ee011c7f4ba8a6219a2511255d14458c75b6ca71d87b89fe581db,cd9df2ade1ca21431041edcb14d5f17dd4911475861cec41755502771901127f,0eb4df990f6753bfc9e9029bf76f169c28456414
Climate_h4,0,1069,N,2026,4,62.30121424511073,7af3279b444ee011c7f4ba8a6219a2511255d14458c75b6ca71d87b89fe581db,cd9df2ade1ca21431041edcb14d5f17dd4911475861cec41755502771901127f,0eb4df990f6753bfc9e9029bf76f169c28456414
Climate_h4,0,1070,N,2026,1,61.81817105798534,7af3279b444ee011c7f4ba8a6219a2511255d14458c75b6ca71d87b89fe581db,cd9df2ade1ca21431041edcb14d5f17dd4911475861cec41755502771901127f,0eb4df990f6753bfc9e9029bf76f169c28456414
Climate_h4,0,1070,N,2026,2,61.78682283114499,7af3279b444ee011c7f4ba8a6219a2511255d14458c75b6ca71d87b89fe581db,cd9df2ade1ca21431041edcb14d5f17dd4911475861cec41755502771901127f,0eb4df990f6753bfc9e9029bf76f169c28456414
Climate_h4,0,1070,N,2026,3,61.72749512752326,7af3279b444ee011c7f4ba8a6219a2511255d14458c75b6ca71d87b89fe581db,cd9df2ade1ca21431041edcb14d5f17dd4911475861cec41755502771901127f,0eb4df990f6753bfc9e9029bf76f169c28456414
Climate_h4,0,1070,N,2026,4,61.64062072015624,7af3279b444ee011c7f4ba8a6219a2511255d14458c75b6ca71d87b89fe581db,cd9df2ade1ca21431041edcb14d5f17dd4911475861cec41755502771901127f,0eb4df990f6753bfc9e9029bf76f169c28456414
Climate_h4,0,1071,N,2026,1,58.330369519431784,7af3279b444ee011c7f4ba8a6219a2511255d14458c75b6ca71d87b89fe581db,cd9df2ade1ca21431041edcb14d5f17dd4911475861cec41755502771901127f,0eb4df990f6753bfc9e9029bf76f169c28456414
Climate_h4,0,1071,N,2026,2,58.29428827777364,7af3279b444ee011c7f4ba8a6219a2511255d14458c75b6ca71d87b89fe581db,cd9df2ade1ca21431041edcb14d5f17dd4911475861cec41755502771901127f,0eb4df990f6753bfc9e9029bf76f169c28456414
Climate_h4,0,1071,N,2026,3,58.2265567000872,7af3279b444ee011c7f4ba8a6219a2511255d14458c75b6ca71d87b89fe581db,cd9df2ade1ca21431041edcb14d5f17dd4911475861cec41755502771901127f,0eb4df990f6753bfc9e9029bf76f169c28456414
Climate_h4,0,1071,N,2026,4,58.133239289608,7af3279b444ee011c7f4ba8a6219a2511255d14458c75b6ca71d87b89fe581db,cd9df2ade1ca21431041edcb14d5f17dd4911475861cec41755502771901127f,0eb4df990f6753bfc9e9029bf76f169c28456414
Climate_h4,0,1072,N,2026,1,55.96588776336106,7af3279b444ee011c7f4ba8a6219a2511255d14458c75b6ca71d87b89fe581db,cd9df2ade1ca21431041edcb14d5f17dd4911475861cec41755502771901127f,0eb4df990f6753bfc9e9029bf76f169c28456414
Climate_h4,0,1072,N,2026,2,55.92301432507547,7af3279b444ee011c7f4ba8a6219a2511255d14458c75b6ca71d87b89fe581db,cd9df2ade1ca21431041edcb14d5f17dd4911475861cec41755502771901127f,0eb4df990f6753bfc9e9029bf76f169c28456414
Climate_h4,0,1072,N,2026,3,55.85357778794991,7af3279b444ee011c7f4ba8a6219a2511255d14458c75b6ca71d87b89fe581db,cd9df2ade1ca21431041edcb14d5f17dd4911475861cec41755502771901127f,0eb4df990f6753bfc9e9029bf76f169c28456414
Climate_h4,0,1072,N,2026,4,55.765807038454824,7af3279b444ee011c7f4ba8a6219a2511255d14458c75b6ca71d87b89fe581db,cd9df2ade1ca21431041edcb14d5f17dd4911475861cec41755502771901127f,0eb4df990f6753bfc9e9029bf76f169c28456414
Climate_h4,0,1073,N,2026,1,52.4184995864011,7af3279b444ee011c7f4ba8a6219a2511255d14458c75b6ca71d87b89fe581db,cd9df2ade1ca21431041edcb14d5f17dd4911475861cec41755502771901127f,0eb4df990f6753bfc9e9029bf76f169c28456414
Climate_h4,0,1073,N,2026,2,52.38182606249682,7af3279b444ee011c7f4ba8a6219a2511255d14458c75b6ca71d87b89fe581db,cd9df2ade1ca21431041edcb14d5f17dd4911475861cec41755502771901127f,0eb4df990f6753bfc9e9029bf76f169c28456414
Climate_h4,0,1073,N,2026,3,52.32735969882476,7af3279b444ee011c7f4ba8a6219a2511255d14458c75b6ca71d87b89fe581db,cd9df2ade1ca21431041edcb14d5f17dd4911475861cec41755502771901127f,0eb4df990f6753bfc9e9029bf76f169c28456414
Climate_h4,0,1073,N,2026,4,52.24549495821073,7af3279b444ee011c7f4ba8a6219a2511255d14458c75b6ca71d87b89fe581db,cd9df2ade1ca21431041edcb14d5f17dd4911475861cec41755502771901127f,0eb4df990f6753bfc9e9029bf76f169c28456414
Climate_h4,0,1074,N,2026,1,52.11392140313499,7af3279b444ee011c7f4ba8a6219a2511255d14458c75b6ca71d87b89fe581db,cd9df2ade1ca21431041edcb14d5f17dd4911475861cec41755502771901127f,0eb4df990f6753bfc9e9029bf76f169c28456414
Climate_h4,0,1074,N,2026,2,52.08505006499634,7af3279b444ee011c7f4ba8a6219a2511255d14458c75b6ca71d87b89fe581db,cd9df2ade1ca21431041edcb14d5f17dd4911475861cec41755502771901127f,0eb4df990f6753bfc9e9029bf76f169c28456414
Climate_h4,0,1074,N,2026,3,52.028158667738865,7af3279b444ee011c7f4ba8a6219a2511255d14458c75b6ca71d87b89fe581db,cd9df2ade1ca21431041edcb14d5f17dd4911475861cec41755502771901127f,0eb4df990f6753bfc9e9029bf76f169c28456414
Climate_h4,0,1074,N,2026,4,51.93239507810091,7af3279b444ee011c7f4ba8a6219a2511255d14458c75b6ca71d87b89fe581db,cd9df2ade1ca21431041edcb14d5f17dd4911475861cec41755502771901127f,0eb4df990f6753bfc9e9029bf76f169c28456414
Climate_h4,0,1075,N,2026,1,53.47330961214724,7af3279b444ee011c7f4ba8a6219a2511255d14458c75b6ca71d87b89fe581db,cd9df2ade1ca21431041edcb14d5f17dd4911475861cec41755502771901127f,0eb4df990f6753bfc9e9029bf76f169c28456414
Climate_h4,0,1075,N,2026,2,53.42543633221878,7af3279b444ee011c7f4ba8a6219a2511255d14458c75b6ca71d87b89fe581db,cd9df2ade1ca21431041edcb14d5f17dd4911475861cec41755502771901127f,0eb4df990f6753bfc9e9029bf76f169c28456414
Climate_h4,0,1075,N,2026,3,53.341344935408166,7af3279b444ee011c7f4ba8a6219a2511255d14458c75b6ca71d87b89fe581db,cd9df2ade1ca21431041edcb14d5f17dd4911475861cec41755502771901127f,0eb4df990f6753bfc9e9029bf76f169c28456414
Climate_h4,0,1075,N,2026,4,53.2339836241542,7af3279b444ee011c7f4ba8a6219a2511255d14458c75b6ca71d87b89fe581db,cd9df2ade1ca21431041edcb14d5f17dd4911475861cec41755502771901127f,0eb4df990f6753bfc9e9029bf76f169c28456414
Climate_h4,0,1076,N,2026,1,54.37778175078033,7af3279b444ee011c7f4ba8a6219a2511255d14458c75b6ca71d87b89fe581db,cd9df2ade1ca21431041edcb14d5f17dd4911475861cec41755502771901127f,0eb4df990f6753bfc9e9029bf76f169c28456414
Climate_h4,0,1076,N,2026,2,54.29250260531271,7af3279b444ee011c7f4ba8a6219a2511255d14458c75b6ca71d87b89fe581db,cd9df2ade1ca21431041edcb14d5f17dd4911475861cec41755502771901127f,0eb4df990f6753bfc9e9029bf76f169c28456414
Climate_h4,0,1076,N,2026,3,54.189546675299596,7af3279b444ee011c7f4ba8a6219a2511255d14458c75b6ca71d87b89fe581db,cd9df2ade1ca21431041edcb14d5f17dd4911475861cec41755502771901127f,0eb4df990f6753bfc9e9029bf76f169c28456414
Climate_h4,0,1076,N,2026,4,54.071179612028004,7af3279b444ee011c7f4ba8a6219a2511255d14458c75b6ca71d87b89fe581db,cd9df2ade1ca21431041edcb14d5f17dd4911475861cec41755502771901127f,0eb4df990f6753bfc9e9029bf76f169c28456414
Climate_h4,0,1077,N,2026,1,53.426907881294575,7af3279b444ee011c7f4ba8a6219a2511255d14458c75b6ca71d87b89fe581db,cd9df2ade1ca21431041edcb14d5f17dd4911475861cec41755502771901127f,0eb4df990f6753bfc9e9029bf76f169c28456414
Climate_h4,0,1077,N,2026,2,53.32741236657399,7af3279b444ee011c7f4ba8a6219a2511255d14458c75b6ca71d87b89fe581db,cd9df2ade1ca21431041edcb14d5f17dd4911475861cec41755502771901127f,0eb4df990f6753bfc9e9029bf76f169c28456414
Climate_h4,0,1077,N,2026,3,53.2188921043264,7af3279b444ee011c7f4ba8a6219a2511255d14458c75b6ca71d87b89fe581db,cd9df2ade1ca21431041edcb14d5f17dd4911475861cec41755502771901127f,0eb4df990f6753bfc9e9029bf76f169c28456414
Climate_h4,0,1077,N,2026,4,53.09725741035524,7af3279b444ee011c7f4ba8a6219a2511255d14458c75b6ca71d87b89fe581db,cd9df2ade1ca21431041edcb14d5f17dd4911475861cec41755502771901127f,0eb4df990f6753bfc9e9029bf76f169c28456414
Climate_h4,0,1078,N,2026,1,49.916926899967805,7af3279b444ee011c7f4ba8a6219a2511255d14458c75b6ca71d87b89fe581db,cd9df2ade1ca21431041edcb14d5f17dd4911475861cec41755502771901127f,0eb4df990f6753bfc9e9029bf76f169c28456414
Climate_h4,0,1078,N,2026,2,49.82731750110985,7af3279b444ee011c7f4ba8a6219a2511255d14458c75b6ca71d87b89fe581db,cd9df2ade1ca21431041edcb14d5f17dd4911475861cec41755502771901127f,0eb4df990f6753bfc9e9029bf76f169c28456414
Climate_h4,0,1078,N,2026,3,49.732276477028634,7af3279b444ee011c7f4ba8a6219a2511255d14458c75b6ca71d87b89fe581db,cd9df2ade1ca21431041edcb14d5f17dd4911475861cec41755502771901127f,0eb4df990f6753bfc9e9029bf76f169c28456414
Climate_h4,0,1078,N,2026,4,49.60769401934495,7af3279b444ee011c7f4ba8a6219a2511255d14458c75b6ca71d87b89fe581db,cd9df2ade1ca21431041edcb14d5f17dd4911475861cec41755502771901127f,0eb4df990f6753bfc9e9029bf76f169c28456414
Climate_h4,0,1079,N,2026,1,46.18823173112634,7af3279b444ee011c7f4ba8a6219a2511255d14458c75b6ca71d87b89fe581db,cd9df2ade1ca21431041edcb14d5f17dd4911475861cec41755502771901127f,0eb4df990f6753bfc9e9029bf76f169c28456414
Climate_h4,0,1079,N,2026,2,46.12565792905673,7af3279b444ee011c7f4ba8a6219a2511255d14458c75b6ca71d87b89fe581db,cd9df2ade1ca21431041edcb14d5f17dd4911475861cec41755502771901127f,0eb4df990f6753bfc9e9029bf76f169c28456414
Climate_h4,0,1079,N,2026,3,46.04254019156828,7af3279b444ee011c7f4ba8a6219a2511255d14458c75b6ca71d87b89fe581db,cd9df2ade1ca21431041edcb14d5f17dd4911475861cec41755502771901127f,0eb4df990f6753bfc9e9029bf76f169c28456414
Climate_h4,0,1079,N,2026,4,45.906912754174535,7af3279b444ee011c7f4ba8a6219a2511255d14458c75b6ca71d87b89fe581db,cd9df2ade1ca21431041edcb14d5f17dd4911475861cec41755502771901127f,0eb4df990f6753bfc9e9029bf76f169c28456414
Climate_h4,0,1080,N,2026,1,47.005181776942614,7af3279b444ee011c7f4ba8a6219a2511255d14458c75b6ca71d87b89fe581db,cd9df2ade1ca21431041edcb14d5f17dd4911475861cec41755502771901127f,0eb4df990f6753bfc9e9029bf76f169c28456414
Climate_h4,0,1080,N,2026,2,46.943264300142474,7af3279b444ee011c7f4ba8a6219a2511255d14458c75b6ca71d87b89fe581db,cd9df2ade1ca21431041edcb14d5f17dd4911475861cec41755502771901127f,0eb4df990f6753bfc9e9029bf76f169c28456414
Climate_h4,0,1080,N,2026,3,46.83849473844377,7af3279b444ee011c7f4ba8a6219a2511255d14458c75b6ca71d87b89fe581db,cd9df2ade1ca21431041edcb14d5f17dd4911475861cec41755502771901127f,0eb4df990f6753bfc9e9029bf76f169c28456414
Climate_h4,0,1080,N,2026,4,46.668895190028756,7af3279b444ee011c7f4ba8a6219a2511255d14458c75b6ca71d87b89fe581db,cd9df2ade1ca21431041edcb14d5f17dd4911475861cec41755502771901127f,0eb4df990f6753bfc9e9029bf76f169c28456414
Climate_h4,0,1081,N,2026,1,46.94662596939609,7af3279b444ee011c7f4ba8a6219a2511255d14458c75b6ca71d87b89fe581db,cd9df2ade1ca21431041edcb14d5f17dd4911475861cec41755502771901127f,0eb4df990f6753bfc9e9029bf76f169c28456414
Climate_h4,0,1081,N,2026,2,46.85996369457138,7af3279b444ee011c7f4ba8a6219a2511255d14458c75b6ca71d87b89fe581db,cd9df2ade1ca21431041edcb14d5f17dd4911475861cec41755502771901127f,0eb4df990f6753bfc9e9029bf76f169c28456414
Climate_h4,0,1081,N,2026,3,46.7180049103762,7af3279b444ee011c7f4ba8a6219a2511255d14458c75b6ca71d87b89fe581db,cd9df2ade1ca21431041edcb14d5f17dd4911475861cec41755502771901127f,0eb4df990f6753bfc9e9029bf76f169c28456414
Climate_h4,0,1081,N,2026,4,46.52380174753893,7af3279b444ee011c7f4ba8a6219a2511255d14458c75b6ca71d87b89fe581db,cd9df2ade1ca21431041edcb14d5f17dd4911475861cec41755502771901127f,0eb4df990f6753bfc9e9029bf76f169c28456414
Climate_h4,0,1082,N,2026,1,46.053048640246054,7af3279b444ee011c7f4ba8a6219a2511255d14458c75b6ca71d87b89fe581db,cd9df2ade1ca21431041edcb14d5f17dd4911475861cec41755502771901127f,0eb4df990f6753bfc9e9029bf76f169c28456414
Climate_h4,0,1082,N,2026,2,45.933733725772946,7af3279b444ee011c7f4ba8a6219a2511255d14458c75b6ca71d87b89fe581db,cd9df2ade1ca21431041edcb14d5f17dd4911475861cec41755502771901127f,0eb4df990f6753bfc9e9029bf76f169c28456414
Climate_h4,0,1082,N,2026,3,45.76992428125804,7af3279b444ee011c7f4ba8a6219a2511255d14458c75b6ca71d87b89fe581db,cd9df2ade1ca21431041edcb14d5f17dd4911475861cec41755502771901127f,0eb4df990f6753bfc9e9029bf76f169c28456414
Climate_h4,0,1082,N,2026,4,45.5846081612364,7af3279b444ee011c7f4ba8a6219a2511255d14458c75b6ca71d87b89fe581db,cd9df2ade1ca21431041edcb14d5f17dd4911475861cec41755502771901127f,0eb4df990f6753bfc9e9029bf76f169c28456414
Climate_h4,0,1083,N,2026,1,44.38893833643822,7af3279b444ee011c7f4ba8a6219a2511255d14458c75b6ca71d87b89fe581db,cd9df2ade1ca21431041edcb14d5f17dd4911475861cec41755502771901127f,0eb4df990f6753bfc9e9029bf76f169c28456414
Climate_h4,0,1083,N,2026,2,44.24936898819717,7af3279b444ee011c7f4ba8a6219a2511255d14458c75b6ca71d87b89fe581db,cd9df2ade1ca21431041edcb14d5f17dd4911475861cec41755502771901127f,0eb4df990f6753bfc9e9029bf76f169c28456414
Climate_h4,0,1083,N,2026,3,44.09714026852129,7af3279b444ee011c7f4ba8a6219a2511255d14458c75b6ca71d87b89fe581db,cd9df2ade1ca21431041edcb14d5f17dd4911475861cec41755502771901127f,0eb4df990f6753bfc9e9029bf76f169c28456414
Climate_h4,0,1083,N,2026,4,43.920309507730224,7af3279b444ee011c7f4ba8a6219a2511255d14458c75b6ca71d87b89fe581db,cd9df2ade1ca21431041edcb14d5f17dd4911475861cec41755502771901127f,0eb4df990f6753bfc9e9029bf76f169c28456414
Climate_h4,0,1084,N,2026,1,44.82744110798803,7af3279b444ee011c7f4ba8a6219a2511255d14458c75b6ca71d87b89fe581db,cd9df2ade1ca21431041edcb14d5f17dd4911475861cec41755502771901127f,0eb4df990f6753bfc9e9029bf76f169c28456414
Climate_h4,0,1084,N,2026,2,44.687467243863374,7af3279b444ee011c7f4ba8a6219a2511255d14458c75b6ca71d87b89fe581db,cd9df2ade1ca21431041edcb14d5f17dd4911475861cec41755502771901127f,0eb4df990f6753bfc9e9029bf76f169c28456414
Climate_h4,0,1084,N,2026,3,44.53259397386758,7af3279b444ee011c7f4ba8a6219a2511255d14458c75b6ca71d87b89fe581db,cd9df2ade1ca21431041edcb14d5f17dd4911475861cec41755502771901127f,0eb4df990f6753bfc9e9029bf76f169c28456414
Climate_h4,0,1084,N,2026,4,44.35394643417624,7af3279b444ee011c7f4ba8a6219a2511255d14458c75b6ca71d87b89fe581db,cd9df2ade1ca21431041edcb14d5f17dd4911475861cec41755502771901127f,0eb4df990f6753bfc9e9029bf76f169c28456414
Climate_h4,0,1085,N,2026,1,43.21301131430235,7af3279b444ee011c7f4ba8a6219a2511255d14458c75b6ca71d87b89fe581db,cd9df2ade1ca21431041edcb14d5f17dd4911475861cec41755502771901127f,0eb4df990f6753bfc9e9029bf76f169c28456414
Climate_h4,0,1085,N,2026,2,43.08049719906702,7af3279b444ee011c7f4ba8a6219a2511255d14458c75b6ca71d87b89fe581db,cd9df2ade1ca21431041edcb14d5f17dd4911475861cec41755502771901127f,0eb4df990f6753bfc9e9029bf76f169c28456414
Climate_h4,0,1085,N,2026,3,42.93108942054977,7af3279b444ee011c7f4ba8a6219a2511255d14458c75b6ca71d87b89fe581db,cd9df2ade1ca21431041edcb14d5f17dd4911475861cec41755502771901127f,0eb4df990f6753bfc9e9029bf76f169c28456414
Climate_h4,0,1085,N,2026,4,42.756769044768134,7af3279b444ee011c7f4ba8a6219a2511255d14458c75b6ca71d87b89fe581db,cd9df2ade1ca21431041edcb14d5f17dd4911475861cec41755502771901127f,0eb4df990f6753bfc9e9029bf76f169c28456414
Climate_h4,0,1086,N,2026,1,42.27292646276614,7af3279b444ee011c7f4ba8a6219a2511255d14458c75b6ca71d87b89fe581db,cd9df2ade1ca21431041edcb14d5f17dd4911475861cec41755502771901127f,0eb4df990f6753bfc9e9029bf76f169c28456414
Climate_h4,0,1086,N,2026,2,42.143441088486654,7af3279b444ee011c7f4ba8a6219a2511255d14458c75b6ca71d87b89fe581db,cd9df2ade1ca21431041edcb14d5f17dd4911475861cec41755502771901127f,0eb4df990f6753bfc9e9029bf76f169c28456414
Climate_h4,0,1086,N,2026,3,41.998827366106255,7af3279b444ee011c7f4ba8a6219a2511255d14458c75b6ca71d87b89fe581db,cd9df2ade1ca21431041edcb14d5f17dd4911475861cec41755502771901127f,0eb4df990f6753bfc9e9029bf76f169c28456414
Climate_h4,0,1086,N,2026,4,41.84548089644996,7af3279b444ee011c7f4ba8a6219a2511255d14458c75b6ca71d87b89fe581db,cd9df2ade1ca21431041edcb14d5f17dd4911475861cec41755502771901127f,0eb4df990f6753bfc9e9029bf76f169c28456414
Climate_h4,0,1087,N,2026,1,43.92659343991576,7af3279b444ee011c7f4ba8a6219a2511255d14458c75b6ca71d87b89fe581db,cd9df2ade1ca21431041edcb14d5f17dd4911475861cec41755502771901127f,0eb4df990f6753bfc9e9029bf76f169c28456414
Climate_h4,0,1087,N,2026,2,43.78330038604938,7af3279b444ee011c7f4ba8a6219a2511255d14458c75b6ca71d87b89fe581db,cd9df2ade1ca21431041edcb14d5f17dd4911475861cec41755502771901127f,0eb4df990f6753bfc9e9029bf76f169c28456414
Climate_h4,0,1087,N,2026,3,43.646741834470745,7af3279b444ee011c7f4ba8a6219a2511255d14458c75b6ca71d87b89fe581db,cd9df2ade1ca21431041edcb14d5f17dd4911475861cec41755502771901127f,0eb4df990f6753bfc9e9029bf76f169c28456414
Climate_h4,0,1087,N,2026,4,43.505186941084645,7af3279b444ee011c7f4ba8a6219a2511255d14458c75b6ca71d87b89fe581db,cd9df2ade1ca21431041edcb14d5f17dd4911475861cec41755502771901127f,0eb4df990f6753bfc9e9029bf76f169c28456414
Climate_h4,0,1088,N,2026,1,45.800825336695496,7af3279b444ee011c7f4ba8a6219a2511255d14458c75b6ca71d87b89fe581db,cd9df2ade1ca21431041edcb14d5f17dd4911475861cec41755502771901127f,0eb4df990f6753bfc9e9029bf76f169c28456414
Climate_h4,0,1088,N,2026,2,45.64405244604361,7af3279b444ee011c7f4ba8a6219a2511255d14458c75b6ca71d87b89fe581db,cd9df2ade1ca21431041edcb14d5f17dd4911475861cec41755502771901127f,0eb4df990f6753bfc9e9029bf76f169c28456414
Climate_h4,0,1088,N,2026,3,45.504356228270254,7af3279b444ee011c7f4ba8a6219a2511255d14458c75b6ca71d87b89fe581db,cd9df2ade1ca21431041edcb14d5f17dd4911475861cec41755502771901127f,0eb4df990f6753bfc9e9029bf76f169c28456414
Climate_h4,0,1088,N,2026,4,45.35454303020463,7af3279b444ee011c7f4ba8a6219a2511255d14458c75b6ca71d87b89fe581db,cd9df2ade1ca21431041edcb14d5f17dd4911475861cec41755502771901127f,0eb4df990f6753bfc9e9029bf76f169c28456414
Climate_h4,0,1089,N,2026,1,44.06042564226533,7af3279b444ee011c7f4ba8a6219a2511255d14458c75b6ca71d87b89fe581db,cd9df2ade1ca21431041edcb14d5f17dd4911475861cec41755502771901127f,0eb4df990f6753bfc9e9029bf76f169c28456414
Climate_h4,0,1089,N,2026,2,43.911985604217776,7af3279b444ee011c7f4ba8a6219a2511255d14458c75b6ca71d87b89fe581db,cd9df2ade1ca21431041edcb14d5f17dd4911475861cec41755502771901127f,0eb4df990f6753bfc9e9029bf76f169c28456414
Climate_h4,0,1089,N,2026,3,43.77381385369212,7af3279b444ee011c7f4ba8a6219a2511255d14458c75b6ca71d87b89fe581db,cd9df2ade1ca21431041edcb14d5f17dd4911475861cec41755502771901127f,0eb4df990f6753bfc9e9029bf76f169c28456414
Climate_h4,0,1089,N,2026,4,43.61621260480577,7af3279b444ee011c7f4ba8a6219a2511255d14458c75b6ca71d87b89fe581db,cd9df2ade1ca21431041edcb14d5f17dd4911475861cec41755502771901127f,0eb4df990f6753bfc9e9029bf76f169c28456414
Climate_h4,0,1090,N,2026,1,43.91990907304731,7af3279b444ee011c7f4ba8a6219a2511255d14458c75b6ca71d87b89fe581db,cd9df2ade1ca21431041edcb14d5f17dd4911475861cec41755502771901127f,0eb4df990f6753bfc9e9029bf76f169c28456414
Climate_h4,0,1090,N,2026,2,43.77146519500858,7af3279b444ee011c7f4ba8a6219a2511255d14458c75b6ca71d87b89fe581db,cd9df2ade1ca21431041edcb14d5f17dd4911475861cec41755502771901127f,0eb4df990f6753bfc9e9029bf76f169c28456414
Climate_h4,0,1090,N,2026,3,43.62349271635227,7af3279b444ee011c7f4ba8a6219a2511255d14458c75b6ca71d87b89fe581db,cd9df2ade1ca21431041edcb14d5f17dd4911475861cec41755502771901127f,0eb4df990f6753bfc9e9029bf76f169c28456414
Climate_h4,0,1090,N,2026,4,43.46628916095569,7af3279b444ee011c7f4ba8a6219a2511255d14458c75b6ca71d87b89fe581db,cd9df2ade1ca21431041edcb14d5f17dd4911475861cec41755502771901127f,0eb4df990f6753bfc9e9029bf76f169c28456414
Climate_h4,0,1091,N,2026,1,41.622978231523824,7af3279b444ee011c7f4ba8a6219a2511255d14458c75b6ca71d87b89fe581db,cd9df2ade1ca21431041edcb14d5f17dd4911475861cec41755502771901127f,0eb4df990f6753bfc9e9029bf76f169c28456414
Climate_h4,0,1091,N,2026,2,41.48069755092666,7af3279b444ee011c7f4ba8a6219a2511255d14458c75b6ca71d87b89fe581db,cd9df2ade1ca21431041edcb14d5f17dd4911475861cec41755502771901127f,0eb4df990f6753bfc9e9029bf76f169c28456414
Climate_h4,0,1091,N,2026,3,41.34570352846579,7af3279b444ee011c7f4ba8a6219a2511255d14458c75b6ca71d87b89fe581db,cd9df2ade1ca21431041edcb14d5f17dd4911475861cec41755502771901127f,0eb4df990f6753bfc9e9029bf76f169c28456414
Climate_h4,0,1091,N,2026,4,41.207709458679986,7af3279b444ee011c7f4ba8a6219a2511255d14458c75b6ca71d87b89fe581db,cd9df2ade1ca21431041edcb14d5f17dd4911475861cec41755502771901127f,0eb4df990f6753bfc9e9029bf76f169c28456414
Climate_h4,0,1092,N,2026,1,42.15974838271118,7af3279b444ee011c7f4ba8a6219a2511255d14458c75b6ca71d87b89fe581db,cd9df2ade1ca21431041edcb14d5f17dd4911475861cec41755502771901127f,0eb4df990f6753bfc9e9029bf76f169c28456414
Climate_h4,0,1092,N,2026,2,42.023621562096636,7af3279b444ee011c7f4ba8a6219a2511255d14458c75b6ca71d87b89fe581db,cd9df2ade1ca21431041edcb14d5f17dd4911475861cec41755502771901127f,0eb4df990f6753bfc9e9029bf76f169c28456414
Climate_h4,0,1092,N,2026,3,41.90152189364005,7af3279b444ee011c7f4ba8a6219a2511255d14458c75b6ca71d87b89fe581db,cd9df2ade1ca21431041edcb14d5f17dd4911475861cec41755502771901127f,0eb4df990f6753bfc9e9029bf76f169c28456414
Climate_h4,0,1092,N,2026,4,41.77992503860874,7af3279b444ee011c7f4ba8a6219a2511255d14458c75b6ca71d87b89fe581db,cd9df2ade1ca21431041edcb14d5f17dd4911475861cec41755502771901127f,0eb4df990f6753bfc9e9029bf76f169c28456414
Climate_h4,0,1093,N,2026,1,41.68531504359056,7af3279b444ee011c7f4ba8a6219a2511255d14458c75b6ca71d87b89fe581db,cd9df2ade1ca21431041edcb14d5f17dd4911475861cec41755502771901127f,0eb4df990f6753bfc9e9029bf76f169c28456414
Climate_h4,0,1093,N,2026,2,41.55584386035946,7af3279b444ee011c7f4ba8a6219a2511255d14458c75b6ca71d87b89fe581db,cd9df2ade1ca21431041edcb14d5f17dd4911475861cec41755502771901127f,0eb4df990f6753bfc9e9029bf76f169c28456414
Climate_h4,0,1093,N,2026,3,41.44895378115014,7af3279b444ee011c7f4ba8a6219a2511255d14458c75b6ca71d87b89fe581db,cd9df2ade1ca21431041edcb14d5f17dd4911475861cec41755502771901127f,0eb4df990f6753bfc9e9029bf76f169c28456414
Climate_h4,0,1093,N,2026,4,41.36194934651079,7af3279b444ee011c7f4ba8a6219a2511255d14458c75b6ca71d87b89fe581db,cd9df2ade1ca21431041edcb14d5f17dd4911475861cec41755502771901127f,0eb4df990f6753bfc9e9029bf76f169c28456414
Climate_h4,0,1094,N,2026,1,42.062373110104005,7af3279b444ee011c7f4ba8a6219a2511255d14458c75b6ca71d87b89fe581db,cd9df2ade1ca21431041edcb14d5f17dd4911475861cec41755502771901127f,0eb4df990f6753bfc9e9029bf76f169c28456414
Climate_h4,0,1094,N,2026,2,41.94209424776197,7af3279b444ee011c7f4ba8a6219a2511255d14458c75b6ca71d87b89fe581db,cd9df2ade1ca21431041edcb14d5f17dd4911475861cec41755502771901127f,0eb4df990f6753bfc9e9029bf76f169c28456414
Climate_h4,0,1094,N,2026,3,41.86611803794502,7af3279b444ee011c7f4ba8a6219a2511255d14458c75b6ca71d87b89fe581db,cd9df2ade1ca21431041edcb14d5f17dd4911475861cec41755502771901127f,0eb4df990f6753bfc9e9029bf76f169c28456414
Climate_h4,0,1094,N,2026,4,41.81146723667422,7af3279b444ee011c7f4ba8a6219a2511255d14458c75b6ca71d87b89fe581db,cd9df2ade1ca21431041edcb14d5f17dd4911475861cec41755502771901127f,0eb4df990f6753bfc9e9029bf76f169c28456414
Climate_h4,0,1095,N,2026,1,42.432439615579355,7af3279b444ee011c7f4ba8a6219a2511255d14458c75b6ca71d87b89fe581db,cd9df2ade1ca21431041edcb14d5f17dd4911475861cec41755502771901127f,0eb4df990f6753bfc9e9029bf76f169c28456414
Climate_h4,0,1095,N,2026,2,42.33768947778113,7af3279b444ee011c7f4ba8a6219a2511255d14458c75b6ca71d87b89fe581db,cd9df2ade1ca21431041edcb14d5f17dd4911475861cec41755502771901127f,0eb4df990f6753bfc9e9029bf76f169c28456414
Climate_h4,0,1095,N,2026,3,42.290765955956196,7af3279b444ee011c7f4ba8a6219a2511255d14458c75b6ca71d87b89fe581db,cd9df2ade1ca21431041edcb14d5f17dd4911475861cec41755502771901127f,0eb4df990f6753bfc9e9029bf76f169c28456414
Climate_h4,0,1095,N,2026,4,42.27462353644042,7af3279b444ee011c7f4ba8a6219a2511255d14458c75b6ca71d87b89fe581db,cd9df2ade1ca21431041edcb14d5f17dd4911475861cec41755502771901127f,0eb4df990f6753bfc9e9029bf76f169c28456414
Climate_h4,0,1096,N,2026,1,42.97986727015469,7af3279b444ee011c7f4ba8a6219a2511255d14458c75b6ca71d87b89fe581db,cd9df2ade1ca21431041edcb14d5f17dd4911475861cec41755502771901127f,0eb4df990f6753bfc9e9029bf76f169c28456414
Climate_h4,0,1096,N,2026,2,42.90931288040639,7af3279b444ee011c7f4ba8a6219a2511255d14458c75b6ca71d87b89fe581db,cd9df2ade1ca21431041edcb14d5f17dd4911475861cec41755502771901127f,0eb4df990f6753bfc9e9029bf76f169c28456414
Climate_h4,0,1096,N,2026,3,42.89656885590854,7af3279b444ee011c7f4ba8a6219a2511255d14458c75b6ca71d87b89fe581db,cd9df2ade1ca21431041edcb14d5f17dd4911475861cec41755502771901127f,0eb4df990f6753bfc9e9029bf76f169c28456414
Climate_h4,0,1096,N,2026,4,42.92481659251455,7af3279b444ee011c7f4ba8a6219a2511255d14458c75b6ca71d87b89fe581db,cd9df2ade1ca21431041edcb14d5f17dd4911475861cec41755502771901127f,0eb4df990f6753bfc9e9029bf76f169c28456414
Climate_h4,0,1097,N,2026,1,47.0162082138836,7af3279b444ee011c7f4ba8a6219a2511255d14458c75b6ca71d87b89fe581db,cd9df2ade1ca21431041edcb14d5f17dd4911475861cec41755502771901127f,0eb4df990f6753bfc9e9029bf76f169c28456414
Climate_h4,0,1097,N,2026,2,46.96047395531967,7af3279b444ee011c7f4ba8a6219a2511255d14458c75b6ca71d87b89fe581db,cd9df2ade1ca21431041edcb14d5f17dd4911475861cec41755502771901127f,0eb4df990f6753bfc9e9029bf76f169c28456414
Climate_h4,0,1097,N,2026,3,46.97082839283887,7af3279b444ee011c7f4ba8a6219a2511255d14458c75b6ca71d87b89fe581db,cd9df2ade1ca21431041edcb14d5f17dd4911475861cec41755502771901127f,0eb4df990f6753bfc9e9029bf76f169c28456414
Climate_h4,0,1097,N,2026,4,47.019986034117665,7af3279b444ee011c7f4ba8a6219a2511255d14458c75b6ca71d87b89fe581db,cd9df2ade1ca21431041edcb14d5f17dd4911475861cec41755502771901127f,0eb4df990f6753bfc9e9029bf76f169c28456414
Climate_h4,0,1098,N,2026,1,45.69019067179495,7af3279b444ee011c7f4ba8a6219a2511255d14458c75b6ca71d87b89fe581db,cd9df2ade1ca21431041edcb14d5f17dd4911475861cec41755502771901127f,0eb4df990f6753bfc9e9029bf76f169c28456414
Climate_h4,0,1098,N,2026,2,45.66596902041976,7af3279b444ee011c7f4ba8a6219a2511255d14458c75b6ca71d87b89fe581db,cd9df2ade1ca21431041edcb14d5f17dd4911475861cec41755502771901127f,0eb4df990f6753bfc9e9029bf76f169c28456414
Climate_h4,0,1098,N,2026,3,45.706059392812996,7af3279b444ee011c7f4ba8a6219a2511255d14458c75b6ca71d87b89fe581db,cd9df2ade1ca21431041edcb14d5f17dd4911475861cec41755502771901127f,0eb4df990f6753bfc9e9029bf76f169c28456414
Climate_h4,0,1098,N,2026,4,45.79281170294582,7af3279b444ee011c7f4ba8a6219a2511255d14458c75b6ca71d87b89fe581db,cd9df2ade1ca21431041edcb14d5f17dd4911475861cec41755502771901127f,0eb4df990f6753bfc9e9029bf76f169c28456414
Climate_h4,0,1099,N,2026,1,44.30053821139213,7af3279b444ee011c7f4ba8a6219a2511255d14458c75b6ca71d87b89fe581db,cd9df2ade1ca21431041edcb14d5f17dd4911475861cec41755502771901127f,0eb4df990f6753bfc9e9029bf76f169c28456414
Climate_h4,0,1099,N,2026,2,44.31669718108764,7af3279b444ee011c7f4ba8a6219a2511255d14458c75b6ca71d87b89fe581db,cd9df2ade1ca21431041edcb14d5f17dd4911475861cec41755502771901127f,0eb4df990f6753bfc9e9029bf76f169c28456414
Climate_h4,0,1099,N,2026,3,44.402628454808536,7af3279b444ee011c7f4ba8a6219a2511255d14458c75b6ca71d87b89fe581db,cd9df2ade1ca21431041edcb14d5f17dd4911475861cec41755502771901127f,0eb4df990f6753bfc9e9029bf76f169c28456414
Climate_h4,0,1099,N,2026,4,44.53636122775258,7af3279b444ee011c7f4ba8a6219a2511255d14458c75b6ca71d87b89fe581db,cd9df2ade1ca21431041edcb14d5f17dd4911475861cec41755502771901127f,0eb4df990f6753bfc9e9029bf76f169c28456414
Climate_h4,0,1100,N,2026,1,45.29225357629199,7af3279b444ee011c7f4ba8a6219a2511255d14458c75b6ca71d87b89fe581db,cd9df2ade1ca21431041edcb14d5f17dd4911475861cec41755502771901127f,0eb4df990f6753bfc9e9029bf76f169c28456414
Climate_h4,0,1100,N,2026,2,45.35514617592333,7af3279b444ee011c7f4ba8a6219a2511255d14458c75b6ca71d87b89fe581db,cd9df2ade1ca21431041edcb14d5f17dd4911475861cec41755502771901127f,0eb4df990f6753bfc9e9029bf76f169c28456414
Climate_h4,0,1100,N,2026,3,45.484693838910005,7af3279b444ee011c7f4ba8a6219a2511255d14458c75b6ca71d87b89fe581db,cd9df2ade1ca21431041edcb14d5f17dd4911475861cec41755502771901127f,0eb4df990f6753bfc9e9029bf76f169c28456414
Climate_h4,0,1100,N,2026,4,45.653086006852625,7af3279b444ee011c7f4ba8a6219a2511255d14458c75b6ca71d87b89fe581db,cd9df2ade1ca21431041edcb14d5f17dd4911475861cec41755502771901127f,0eb4df990f6753bfc9e9029bf76f169c28456414
Climate_h4,0,1101,N,2026,1,43.109918398629496,7af3279b444ee011c7f4ba8a6219a2511255d14458c75b6ca71d87b89fe581db,cd9df2ade1ca21431041edcb14d5f17dd4911475861cec41755502771901127f,0eb4df990f6753bfc9e9029bf76f169c28456414
Climate_h4,0,1101,N,2026,2,43.22924031480968,7af3279b444ee011c7f4ba8a6219a2511255d14458c75b6ca71d87b89fe581db,cd9df2ade1ca21431041edcb14d5f17dd4911475861cec41755502771901127f,0eb4df990f6753bfc9e9029bf76f169c28456414
Climate_h4,0,1101,N,2026,3,43.40571205820179,7af3279b444ee011c7f4ba8a6219a2511255d14458c75b6ca71d87b89fe581db,cd9df2ade1ca21431041edcb14d5f17dd4911475861cec41755502771901127f,0eb4df990f6753bfc9e9029bf76f169c28456414
Climate_h4,0,1101,N,2026,4,43.5966685056698,7af3279b444ee011c7f4ba8a6219a2511255d14458c75b6ca71d87b89fe581db,cd9df2ade1ca21431041edcb14d5f17dd4911475861cec41755502771901127f,0eb4df990f6753bfc9e9029bf76f169c28456414
Climate_h4,0,1102,N,2026,1,43.04599539714665,7af3279b444ee011c7f4ba8a6219a2511255d14458c75b6ca71d87b89fe581db,cd9df2ade1ca21431041edcb14d5f17dd4911475861cec41755502771901127f,0eb4df990f6753bfc9e9029bf76f169c28456414
Climate_h4,0,1102,N,2026,2,43.21095815224969,7af3279b444ee011c7f4ba8a6219a2511255d14458c75b6ca71d87b89fe581db,cd9df2ade1ca21431041edcb14d5f17dd4911475861cec41755502771901127f,0eb4df990f6753bfc9e9029bf76f169c28456414
Climate_h4,0,1102,N,2026,3,43.4082298157144,7af3279b444ee011c7f4ba8a6219a2511255d14458c75b6ca71d87b89fe581db,cd9df2ade1ca21431041edcb14d5f17dd4911475861cec41755502771901127f,0eb4df990f6753bfc9e9029bf76f169c28456414
Climate_h4,0,1102,N,2026,4,43.62136888196638,7af3279b444ee011c7f4ba8a6219a2511255d14458c75b6ca71d87b89fe581db,cd9df2ade1ca21431041edcb14d5f17dd4911475861cec41755502771901127f,0eb4df990f6753bfc9e9029bf76f169c28456414
Climate_h4,0,1103,N,2026,1,43.279533514691515,7af3279b444ee011c7f4ba8a6219a2511255d14458c75b6ca71d87b89fe581db,cd9df2ade1ca21431041edcb14d5f17dd4911475861cec41755502771901127f,0eb4df990f6753bfc9e9029bf76f169c28456414
Climate_h4,0,1103,N,2026,2,43.46238051988549,7af3279b444ee011c7f4ba8a6219a2511255d14458c75b6ca71d87b89fe581db,cd9df2ade1ca21431041edcb14d5f17dd4911475861cec41755502771901127f,0eb4df990f6753bfc9e9029bf76f169c28456414
Climate_h4,0,1103,N,2026,3,43.678757381081134,7af3279b444ee011c7f4ba8a6219a2511255d14458c75b6ca71d87b89fe581db,cd9df2ade1ca21431041edcb14d5f17dd4911475861cec41755502771901127f,0eb4df990f6753bfc9e9029bf76f169c28456414
Climate_h4,0,1103,N,2026,4,43.93291928503781,7af3279b444ee011c7f4ba8a6219a2511255d14458c75b6ca71d87b89fe581db,cd9df2ade1ca21431041edcb14d5f17dd4911475861cec41755502771901127f,0eb4df990f6753bfc9e9029bf76f169c28456414
Climate_h4,0,1104,N,2026,1,43.76393395396291,7af3279b444ee011c7f4ba8a6219a2511255d14458c75b6ca71d87b89fe581db,cd9df2ade1ca21431041edcb14d5f17dd4911475861cec41755502771901127f,0eb4df990f6753bfc9e9029bf76f169c28456414
Climate_h4,0,1104,N,2026,2,43.961409410887434,7af3279b444ee011c7f4ba8a6219a2511255d14458c75b6ca71d87b89fe581db,cd9df2ade1ca21431041edcb14d5f17dd4911475861cec41755502771901127f,0eb4df990f6753bfc9e9029bf76f169c28456414
Climate_h4,0,1104,N,2026,3,44.21378404755893,7af3279b444ee011c7f4ba8a6219a2511255d14458c75b6ca71d87b89fe581db,cd9df2ade1ca21431041edcb14d5f17dd4911475861cec41755502771901127f,0eb4df990f6753bfc9e9029bf76f169c28456414
Climate_h4,0,1104,N,2026,4,44.508408805301464,7af3279b444ee011c7f4ba8a6219a2511255d14458c75b6ca71d87b89fe581db,cd9df2ade1ca21431041edcb14d5f17dd4911475861cec41755502771901127f,0eb4df990f6753bfc9e9029bf76f169c28456414
Climate_h4,0,1105,N,2026,1,45.19661433858231,7af3279b444ee011c7f4ba8a6219a2511255d14458c75b6ca71d87b89fe581db,cd9df2ade1ca21431041edcb14d5f17dd4911475861cec41755502771901127f,0eb4df990f6753bfc9e9029bf76f169c28456414
Climate_h4,0,1105,N,2026,2,45.42350371484417,7af3279b444ee011c7f4ba8a6219a2511255d14458c75b6ca71d87b89fe581db,cd9df2ade1ca21431041edcb14d5f17dd4911475861cec41755502771901127f,0eb4df990f6753bfc9e9029bf76f169c28456414
Climate_h4,0,1105,N,2026,3,45.70787201726813,7af3279b444ee011c7f4ba8a6219a2511255d14458c75b6ca71d87b89fe581db,cd9df2ade1ca21431041edcb14d5f17dd4911475861cec41755502771901127f,0eb4df990f6753bfc9e9029bf76f169c28456414
Climate_h4,0,1105,N,2026,4,46.03803405980889,7af3279b444ee011c7f4ba8a6219a2511255d14458c75b6ca71d87b89fe581db,cd9df2ade1ca21431041edcb14d5f17dd4911475861cec41755502771901127f,0eb4df990f6753bfc9e9029bf76f169c28456414
Climate_h4,0,1106,N,2026,1,38.96261198909256,7af3279b444ee011c7f4ba8a6219a2511255d14458c75b6ca71d87b89fe581db,cd9df2ade1ca21431041edcb14d5f17dd4911475861cec41755502771901127f,0eb4df990f6753bfc9e9029bf76f169c28456414
Climate_h4,0,1106,N,2026,2,39.2512449101466,7af3279b444ee011c7f4ba8a6219a2511255d14458c75b6ca71d87b89fe581db,cd9df2ade1ca21431041edcb14d5f17dd4911475861cec41755502771901127f,0eb4df990f6753bfc9e9029bf76f169c28456414
Climate_h4,0,1106,N,2026,3,39.60141675142555,7af3279b444ee011c7f4ba8a6219a2511255d14458c75b6ca71d87b89fe581db,cd9df2ade1ca21431041edcb14d5f17dd4911475861cec41755502771901127f,0eb4df990f6753bfc9e9029bf76f169c28456414
Climate_h4,0,1106,N,2026,4,40.00282079754261,7af3279b444ee011c7f4ba8a6219a2511255d14458c75b6ca71d87b89fe581db,cd9df2ade1ca21431041edcb14d5f17dd4911475861cec41755502771901127f,0eb4df990f6753bfc9e9029bf76f169c28456414
Climate_h4,0,1107,N,2026,1,39.61257736161189,7af3279b444ee011c7f4ba8a6219a2511255d14458c75b6ca71d87b89fe581db,cd9df2ade1ca21431041edcb14d5f17dd4911475861cec41755502771901127f,0eb4df990f6753bfc9e9029bf76f169c28456414
Climate_h4,0,1107,N,2026,2,39.96050300114598,7af3279b444ee011c7f4ba8a6219a2511255d14458c75b6ca71d87b89fe581db,cd9df2ade1ca21431041edcb14d5f17dd4911475861cec41755502771901127f,0eb4df990f6753bfc9e9029bf76f169c28456414
Climate_h4,0,1107,N,2026,3,40.37153924748765,7af3279b444ee011c7f4ba8a6219a2511255d14458c75b6ca71d87b89fe581db,cd9df2ade1ca21431041edcb14d5f17dd4911475861cec41755502771901127f,0eb4df990f6753bfc9e9029bf76f169c28456414
Climate_h4,0,1107,N,2026,4,40.817326222563146,7af3279b444ee011c7f4ba8a6219a2511255d14458c75b6ca71d87b89fe581db,cd9df2ade1ca21431041edcb14d5f17dd4911475861cec41755502771901127f,0eb4df990f6753bfc9e9029bf76f169c28456414
Climate_h4,0,1108,N,2026,1,41.05213316172552,7af3279b444ee011c7f4ba8a6219a2511255d14458c75b6ca71d87b89fe581db,cd9df2ade1ca21431041edcb14d5f17dd4911475861cec41755502771901127f,0eb4df990f6753bfc9e9029bf76f169c28456414
Climate_h4,0,1108,N,2026,2,41.451423363413014,7af3279b444ee011c7f4ba8a6219a2511255d14458c75b6ca71d87b89fe581db,cd9df2ade1ca21431041edcb14d5f17dd4911475861cec41755502771901127f,0eb4df990f6753bfc9e9029bf76f169c28456414
Climate_h4,0,1108,N,2026,3,41.89493944120842,7af3279b444ee011c7f4ba8a6219a2511255d14458c75b6ca71d87b89fe581db,cd9df2ade1ca21431041edcb14d5f17dd4911475861cec41755502771901127f,0eb4df990f6753bfc9e9029bf76f169c28456414
Climate_h4,0,1108,N,2026,4,42.356138135935126,7af3279b444ee011c7f4ba8a6219a2511255d14458c75b6ca71d87b89fe581db,cd9df2ade1ca21431041edcb14d5f17dd4911475861cec41755502771901127f,0eb4df990f6753bfc9e9029bf76f169c28456414
Climate_h4,0,1109,N,2026,1,41.79542777797978,7af3279b444ee011c7f4ba8a6219a2511255d14458c75b6ca71d87b89fe581db,cd9df2ade1ca21431041edcb14d5f17dd4911475861cec41755502771901127f,0eb4df990f6753bfc9e9029bf76f169c28456414
Climate_h4,0,1109,N,2026,2,42.22295304079926,7af3279b444ee011c7f4ba8a6219a2511255d14458c75b6ca71d87b89fe581db,cd9df2ade1ca21431041edcb14d5f17dd4911475861cec41755502771901127f,0eb4df990f6753bfc9e9029bf76f169c28456414
Climate_h4,0,1109,N,2026,3,42.677187598450985,7af3279b444ee011c7f4ba8a6219a2511255d14458c75b6ca71d87b89fe581db,cd9df2ade1ca21431041edcb14d5f17dd4911475861cec41755502771901127f,0eb4df990f6753bfc9e9029bf76f169c28456414
Climate_h4,0,1109,N,2026,4,43.15806369950571,7af3279b444ee011c7f4ba8a6219a2511255d14458c75b6ca71d87b89fe581db,cd9df2ade1ca21431041edcb14d5f17dd4911475861cec41755502771901127f,0eb4df990f6753bfc9e9029bf76f169c28456414
Climate_h4,0,1110,N,2026,1,41.94520888192389,7af3279b444ee011c7f4ba8a6219a2511255d14458c75b6ca71d87b89fe581db,cd9df2ade1ca21431041edcb14d5f17dd4911475861cec41755502771901127f,0eb4df990f6753bfc9e9029bf76f169c28456414
Climate_h4,0,1110,N,2026,2,42.382836456903455,7af3279b444ee011c7f4ba8a6219a2511255d14458c75b6ca71d87b89fe581db,cd9df2ade1ca21431041edcb14d5f17dd4911475861cec41755502771901127f,0eb4df990f6753bfc9e9029bf76f169c28456414
Climate_h4,0,1110,N,2026,3,42.857091607395866,7af3279b444ee011c7f4ba8a6219a2511255d14458c75b6ca71d87b89fe581db,cd9df2ade1ca21431041edcb14d5f17dd4911475861cec41755502771901127f,0eb4df990f6753bfc9e9029bf76f169c28456414
Climate_h4,0,1110,N,2026,4,43.37340849645696,7af3279b444ee011c7f4ba8a6219a2511255d14458c75b6ca71d87b89fe581db,cd9df2ade1ca21431041edcb14d5f17dd4911475861cec41755502771901127f,0eb4df990f6753bfc9e9029bf76f169c28456414
Climate_h4,0,1111,N,2026,1,44.82638407280952,7af3279b444ee011c7f4ba8a6219a2511255d14458c75b6ca71d87b89fe581db,cd9df2ade1ca21431041edcb14d5f17dd4911475861cec41755502771901127f,0eb4df990f6753bfc9e9029bf76f169c28456414
Climate_h4,0,1111,N,2026,2,45.26955928818833,7af3279b444ee011c7f4ba8a6219a2511255d14458c75b6ca71d87b89fe581db,cd9df2ade1ca21431041edcb14d5f17dd4911475861cec41755502771901127f,0eb4df990f6753bfc9e9029bf76f169c28456414
Climate_h4,0,1111,N,2026,3,45.7650885249689,7af3279b444ee011c7f4ba8a6219a2511255d14458c75b6ca71d87b89fe581db,cd9df2ade1ca21431041edcb14d5f17dd4911475861cec41755502771901127f,0eb4df990f6753bfc9e9029bf76f169c28456414
Climate_h4,0,1111,N,2026,4,46.280274313466485,7af3279b444ee011c7f4ba8a6219a2511255d14458c75b6ca71d87b89fe581db,cd9df2ade1ca21431041edcb14d5f17dd4911475861cec41755502771901127f,0eb4df990f6753bfc9e9029bf76f169c28456414
Climate_h4,0,1112,N,2026,1,43.04205362832013,7af3279b444ee011c7f4ba8a6219a2511255d14458c75b6ca71d87b89fe581db,cd9df2ade1ca21431041edcb14d5f17dd4911475861cec41755502771901127f,0eb4df990f6753bfc9e9029bf76f169c28456414
Climate_h4,0,1112,N,2026,2,43.51965927035973,7af3279b444ee011c7f4ba8a6219a2511255d14458c75b6ca71d87b89fe581db,cd9df2ade1ca21431041edcb14d5f17dd4911475861cec41755502771901127f,0eb4df990f6753bfc9e9029bf76f169c28456414
Climate_h4,0,1112,N,2026,3,44.0257493252893,7af3279b444ee011c7f4ba8a6219a2511255d14458c75b6ca71d87b89fe581db,cd9df2ade1ca21431041edcb14d5f17dd4911475861cec41755502771901127f,0eb4df990f6753bfc9e9029bf76f169c28456414
Climate_h4,0,1112,N,2026,4,44.51683358053975,7af3279b444ee011c7f4ba8a6219a2511255d14458c75b6ca71d87b89fe581db,cd9df2ade1ca21431041edcb14d5f17dd4911475861cec41755502771901127f,0eb4df990f6753bfc9e9029bf76f169c28456414
Climate_h4,0,1113,N,2026,1,39.883882005270394,7af3279b444ee011c7f4ba8a6219a2511255d14458c75b6ca71d87b89fe581db,cd9df2ade1ca21431041edcb14d5f17dd4911475861cec41755502771901127f,0eb4df990f6753bfc9e9029bf76f169c28456414
Climate_h4,0,1113,N,2026,2,40.38967995572369,7af3279b444ee011c7f4ba8a6219a2511255d14458c75b6ca71d87b89fe581db,cd9df2ade1ca21431041edcb14d5f17dd4911475861cec41755502771901127f,0eb4df990f6753bfc9e9029bf76f169c28456414
Climate_h4,0,1113,N,2026,3,40.88803449751984,7af3279b444ee011c7f4ba8a6219a2511255d14458c75b6ca71d87b89fe581db,cd9df2ade1ca21431041edcb14d5f17dd4911475861cec41755502771901127f,0eb4df990f6753bfc9e9029bf76f169c28456414
Climate_h4,0,1113,N,2026,4,41.35909328815486,7af3279b444ee011c7f4ba8a6219a2511255d14458c75b6ca71d87b89fe581db,cd9df2ade1ca21431041edcb14d5f17dd4911475861cec41755502771901127f,0eb4df990f6753bfc9e9029bf76f169c28456414
Climate_h4,0,1114,N,2026,1,42.109035242703584,7af3279b444ee011c7f4ba8a6219a2511255d14458c75b6ca71d87b89fe581db,cd9df2ade1ca21431041edcb14d5f17dd4911475861cec41755502771901127f,0eb4df990f6753bfc9e9029bf76f169c28456414
Climate_h4,0,1114,N,2026,2,42.5950529174024,7af3279b444ee011c7f4ba8a6219a2511255d14458c75b6ca71d87b89fe581db,cd9df2ade1ca21431041edcb14d5f17dd4911475861cec41755502771901127f,0eb4df990f6753bfc9e9029bf76f169c28456414
Climate_h4,0,1114,N,2026,3,43.06050445899623,7af3279b444ee011c7f4ba8a6219a2511255d14458c75b6ca71d87b89fe581db,cd9df2ade1ca21431041edcb14d5f17dd4911475861cec41755502771901127f,0eb4df990f6753bfc9e9029bf76f169c28456414
Climate_h4,0,1114,N,2026,4,43.50771041404122,7af3279b444ee011c7f4ba8a6219a2511255d14458c75b6ca71d87b89fe581db,cd9df2ade1ca21431041edcb14d5f17dd4911475861cec41755502771901127f,0eb4df990f6753bfc9e9029bf76f169c28456414
Climate_h4,0,1115,N,2026,1,45.8800279421591,7af3279b444ee011c7f4ba8a6219a2511255d14458c75b6ca71d87b89fe581db,cd9df2ade1ca21431041edcb14d5f17dd4911475861cec41755502771901127f,0eb4df990f6753bfc9e9029bf76f169c28456414
Climate_h4,0,1115,N,2026,2,46.31890532373711,7af3279b444ee011c7f4ba8a6219a2511255d14458c75b6ca71d87b89fe581db,cd9df2ade1ca21431041edcb14d5f17dd4911475861cec41755502771901127f,0eb4df990f6753bfc9e9029bf76f169c28456414
Climate_h4,0,1115,N,2026,3,46.746225987394936,7af3279b444ee011c7f4ba8a6219a2511255d14458c75b6ca71d87b89fe581db,cd9df2ade1ca21431041edcb14d5f17dd4911475861cec41755502771901127f,0eb4df990f6753bfc9e9029bf76f169c28456414
Climate_h4,0,1115,N,2026,4,47.16494740647742,7af3279b444ee011c7f4ba8a6219a2511255d14458c75b6ca71d87b89fe581db,cd9df2ade1ca21431041edcb14d5f17dd4911475861cec41755502771901127f,0eb4df990f6753bfc9e9029bf76f169c28456414
Climate_h4,0,1116,N,2026,1,47.044539250853596,7af3279b444ee011c7f4ba8a6219a2511255d14458c75b6ca71d87b89fe581db,cd9df2ade1ca21431041edcb14d5f17dd4911475861cec41755502771901127f,0eb4df990f6753bfc9e9029bf76f169c28456414
Climate_h4,0,1116,N,2026,2,47.444044431971456,7af3279b444ee011c7f4ba8a6219a2511255d14458c75b6ca71d87b89fe581db,cd9df2ade1ca21431041edcb14d5f17dd4911475861cec41755502771901127f,0eb4df990f6753bfc9e9029bf76f169c28456414
Climate_h4,0,1116,N,2026,3,47.84414616415427,7af3279b444ee011c7f4ba8a6219a2511255d14458c75b6ca71d87b89fe581db,cd9df2ade1ca21431041edcb14d5f17dd4911475861cec41755502771901127f,0eb4df990f6753bfc9e9029bf76f169c28456414
Climate_h4,0,1116,N,2026,4,48.23755564628294,7af3279b444ee011c7f4ba8a6219a2511255d14458c75b6ca71d87b89fe581db,cd9df2ade1ca21431041edcb14d5f17dd4911475861cec41755502771901127f,0eb4df990f6753bfc9e9029bf76f169c28456414
Climate_h4,0,1117,N,2026,1,45.61390221584185,7af3279b444ee011c7f4ba8a6219a2511255d14458c75b6ca71d87b89fe581db,cd9df2ade1ca21431041edcb14d5f17dd4911475861cec41755502771901127f,0eb4df990f6753bfc9e9029bf76f169c28456414
Climate_h4,0,1117,N,2026,2,45.993028789637584,7af3279b444ee011c7f4ba8a6219a2511255d14458c75b6ca71d87b89fe581db,cd9df2ade1ca21431041edcb14d5f17dd4911475861cec41755502771901127f,0eb4df990f6753bfc9e9029bf76f169c28456414
Climate_h4,0,1117,N,2026,3,46.379656437397486,7af3279b444ee011c7f4ba8a6219a2511255d14458c75b6ca71d87b89fe581db,cd9df2ade1ca21431041edcb14d5f17dd4911475861cec41755502771901127f,0eb4df990f6753bfc9e9029bf76f169c28456414
Climate_h4,0,1117,N,2026,4,46.77959950886261,7af3279b444ee011c7f4ba8a6219a2511255d14458c75b6ca71d87b89fe581db,cd9df2ade1ca21431041edcb14d5f17dd4911475861cec41755502771901127f,0eb4df990f6753bfc9e9029bf76f169c28456414
Climate_h4,0,1118,N,2026,1,47.57033045871216,7af3279b444ee011c7f4ba8a6219a2511255d14458c75b6ca71d87b89fe581db,cd9df2ade1ca21431041edcb14d5f17dd4911475861cec41755502771901127f,0eb4df990f6753bfc9e9029bf76f169c28456414
Climate_h4,0,1118,N,2026,2,47.92775799733892,7af3279b444ee011c7f4ba8a6219a2511255d14458c75b6ca71d87b89fe581db,cd9df2ade1ca21431041edcb14d5f17dd4911475861cec41755502771901127f,0eb4df990f6753bfc9e9029bf76f169c28456414
Climate_h4,0,1118,N,2026,3,48.312840312619535,7af3279b444ee011c7f4ba8a6219a2511255d14458c75b6ca71d87b89fe581db,cd9df2ade1ca21431041edcb14d5f17dd4911475861cec41755502771901127f,0eb4df990f6753bfc9e9029bf76f169c28456414
Climate_h4,0,1118,N,2026,4,48.68538844949058,7af3279b444ee011c7f4ba8a6219a2511255d14458c75b6ca71d87b89fe581db,cd9df2ade1ca21431041edcb14d5f17dd4911475861cec41755502771901127f,0eb4df990f6753bfc9e9029bf76f169c28456414
Climate_h4,0,1119,N,2026,1,46.76696666116614,7af3279b444ee011c7f4ba8a6219a2511255d14458c75b6ca71d87b89fe581db,cd9df2ade1ca21431041edcb14d5f17dd4911475861cec41755502771901127f,0eb4df990f6753bfc9e9029bf76f169c28456414
Climate_h4,0,1119,N,2026,2,47.13296054231167,7af3279b444ee011c7f4ba8a6219a2511255d14458c75b6ca71d87b89fe581db,cd9df2ade1ca21431041edcb14d5f17dd4911475861cec41755502771901127f,0eb4df990f6753bfc9e9029bf76f169c28456414
Climate_h4,0,1119,N,2026,3,47.49796644930828,7af3279b444ee011c7f4ba8a6219a2511255d14458c75b6ca71d87b89fe581db,cd9df2ade1ca21431041edcb14d5f17dd4911475861cec41755502771901127f,0eb4df990f6753bfc9e9029bf76f169c28456414
Climate_h4,0,1119,N,2026,4,47.818786723397054,7af3279b444ee011c7f4ba8a6219a2511255d14458c75b6ca71d87b89fe581db,cd9df2ade1ca21431041edcb14d5f17dd4911475861cec41755502771901127f,0eb4df990f6753bfc9e9029bf76f169c28456414
Climate_h4,0,1120,N,2026,1,47.68511143836851,7af3279b444ee011c7f4ba8a6219a2511255d14458c75b6ca71d87b89fe581db,cd9df2ade1ca21431041edcb14d5f17dd4911475861cec41755502771901127f,0eb4df990f6753bfc9e9029bf76f169c28456414
Climate_h4,0,1120,N,2026,2,48.03494036389238,7af3279b444ee011c7f4ba8a6219a2511255d14458c75b6ca71d87b89fe581db,cd9df2ade1ca21431041edcb14d5f17dd4911475861cec41755502771901127f,0eb4df990f6753bfc9e9029bf76f169c28456414
Climate_h4,0,1120,N,2026,3,48.34786443533204,7af3279b444ee011c7f4ba8a6219a2511255d14458c75b6ca71d87b89fe581db,cd9df2ade1ca21431041edcb14d5f17dd4911475861cec41755502771901127f,0eb4df990f6753bfc9e9029bf76f169c28456414
Climate_h4,0,1120,N,2026,4,48.624391677371456,7af3279b444ee011c7f4ba8a6219a2511255d14458c75b6ca71d87b89fe581db,cd9df2ade1ca21431041edcb14d5f17dd4911475861cec41755502771901127f,0eb4df990f6753bfc9e9029bf76f169c28456414
Climate_h4,0,1121,N,2026,1,47.175854197338815,7af3279b444ee011c7f4ba8a6219a2511255d14458c75b6ca71d87b89fe581db,cd9df2ade1ca21431041edcb14d5f17dd4911475861cec41755502771901127f,0eb4df990f6753bfc9e9029bf76f169c28456414
Climate_h4,0,1121,N,2026,2,47.4773307526913,7af3279b444ee011c7f4ba8a6219a2511255d14458c75b6ca71d87b89fe581db,cd9df2ade1ca21431041edcb14d5f17dd4911475861cec41755502771901127f,0eb4df990f6753bfc9e9029bf76f169c28456414
Climate_h4,0,1121,N,2026,3,47.75195890707586,7af3279b444ee011c7f4ba8a6219a2511255d14458c75b6ca71d87b89fe581db,cd9df2ade1ca21431041edcb14d5f17dd4911475861cec41755502771901127f,0eb4df990f6753bfc9e9029bf76f169c28456414
Climate_h4,0,1121,N,2026,4,48.01783743357211,7af3279b444ee011c7f4ba8a6219a2511255d14458c75b6ca71d87b89fe581db,cd9df2ade1ca21431041edcb14d5f17dd4911475861cec41755502771901127f,0eb4df990f6753bfc9e9029bf76f169c28456414
Climate_h4,0,1122,N,2026,1,48.95422801137659,7af3279b444ee011c7f4ba8a6219a2511255d14458c75b6ca71d87b89fe581db,cd9df2ade1ca21431041edcb14d5f17dd4911475861cec41755502771901127f,0eb4df990f6753bfc9e9029bf76f169c28456414
Climate_h4,0,1122,N,2026,2,49.20936768248826,7af3279b444ee011c7f4ba8a6219a2511255d14458c75b6ca71d87b89fe581db,cd9df2ade1ca21431041edcb14d5f17dd4911475861cec41755502771901127f,0eb4df990f6753bfc9e9029bf76f169c28456414
Climate_h4,0,1122,N,2026,3,49.46506708392222,7af3279b444ee011c7f4ba8a6219a2511255d14458c75b6ca71d87b89fe581db,cd9df2ade1ca21431041edcb14d5f17dd4911475861cec41755502771901127f,0eb4df990f6753bfc9e9029bf76f169c28456414
Climate_h4,0,1122,N,2026,4,49.704571414124985,7af3279b444ee011c7f4ba8a6219a2511255d14458c75b6ca71d87b89fe581db,cd9df2ade1ca21431041edcb14d5f17dd4911475861cec41755502771901127f,0eb4df990f6753bfc9e9029bf76f169c28456414
Climate_h4,0,1123,N,2026,1,47.879256075277866,7af3279b444ee011c7f4ba8a6219a2511255d14458c75b6ca71d87b89fe581db,cd9df2ade1ca21431041edcb14d5f17dd4911475861cec41755502771901127f,0eb4df990f6753bfc9e9029bf76f169c28456414
Climate_h4,0,1123,N,2026,2,48.129011027866724,7af3279b444ee011c7f4ba8a6219a2511255d14458c75b6ca71d87b89fe581db,cd9df2ade1ca21431041edcb14d5f17dd4911475861cec41755502771901127f,0eb4df990f6753bfc9e9029bf76f169c28456414
Climate_h4,0,1123,N,2026,3,48.36826393525336,7af3279b444ee011c7f4ba8a6219a2511255d14458c75b6ca71d87b89fe581db,cd9df2ade1ca21431041edcb14d5f17dd4911475861cec41755502771901127f,0eb4df990f6753bfc9e9029bf76f169c28456414
Climate_h4,0,1123,N,2026,4,48.584702469797776,7af3279b444ee011c7f4ba8a6219a2511255d14458c75b6ca71d87b89fe581db,cd9df2ade1ca21431041edcb14d5f17dd4911475861cec41755502771901127f,0eb4df990f6753bfc9e9029bf76f169c28456414
Climate_h4,0,1124,N,2026,1,49.33507237914114,7af3279b444ee011c7f4ba8a6219a2511255d14458c75b6ca71d87b89fe581db,cd9df2ade1ca21431041edcb14d5f17dd4911475861cec41755502771901127f,0eb4df990f6753bfc9e9029bf76f169c28456414
Climate_h4,0,1124,N,2026,2,49.56626812392067,7af3279b444ee011c7f4ba8a6219a2511255d14458c75b6ca71d87b89fe581db,cd9df2ade1ca21431041edcb14d5f17dd4911475861cec41755502771901127f,0eb4df990f6753bfc9e9029bf76f169c28456414
Climate_h4,0,1124,N,2026,3,49.77647602070301,7af3279b444ee011c7f4ba8a6219a2511255d14458c75b6ca71d87b89fe581db,cd9df2ade1ca21431041edcb14d5f17dd4911475861cec41755502771901127f,0eb4df990f6753bfc9e9029bf76f169c28456414
Climate_h4,0,1124,N,2026,4,49.96866538340808,7af3279b444ee011c7f4ba8a6219a2511255d14458c75b6ca71d87b89fe581db,cd9df2ade1ca21431041edcb14d5f17dd4911475861cec41755502771901127f,0eb4df990f6753bfc9e9029bf76f169c28456414
Climate_h4,0,1125,N,2026,1,50.175996204114554,7af3279b444ee011c7f4ba8a6219a2511255d14458c75b6ca71d87b89fe581db,cd9df2ade1ca21431041edcb14d5f17dd4911475861cec41755502771901127f,0eb4df990f6753bfc9e9029bf76f169c28456414
Climate_h4,0,1125,N,2026,2,50.381660830999316,7af3279b444ee011c7f4ba8a6219a2511255d14458c75b6ca71d87b89fe581db,cd9df2ade1ca21431041edcb14d5f17dd4911475861cec41755502771901127f,0eb4df990f6753bfc9e9029bf76f169c28456414
Climate_h4,0,1125,N,2026,3,50.56763538730757,7af3279b444ee011c7f4ba8a6219a2511255d14458c75b6ca71d87b89fe581db,cd9df2ade1ca21431041edcb14d5f17dd4911475861cec41755502771901127f,0eb4df990f6753bfc9e9029bf76f169c28456414
Climate_h4,0,1125,N,2026,4,50.73597541955351,7af3279b444ee011c7f4ba8a6219a2511255d14458c75b6ca71d87b89fe581db,cd9df2ade1ca21431041edcb14d5f17dd4911475861cec41755502771901127f,0eb4df990f6753bfc9e9029bf76f169c28456414
Climate_h4,0,1126,N,2026,1,50.7761241444579,7af3279b444ee011c7f4ba8a6219a2511255d14458c75b6ca71d87b89fe581db,cd9df2ade1ca21431041edcb14d5f17dd4911475861cec41755502771901127f,0eb4df990f6753bfc9e9029bf76f169c28456414
Climate_h4,0,1126,N,2026,2,50.95484117413617,7af3279b444ee011c7f4ba8a6219a2511255d14458c75b6ca71d87b89fe581db,cd9df2ade1ca21431041edcb14d5f17dd4911475861cec41755502771901127f,0eb4df990f6753bfc9e9029bf76f169c28456414
Climate_h4,0,1126,N,2026,3,51.11626751054596,7af3279b444ee011c7f4ba8a6219a2511255d14458c75b6ca71d87b89fe581db,cd9df2ade1ca21431041edcb14d5f17dd4911475861cec41755502771901127f,0eb4df990f6753bfc9e9029bf76f169c28456414
Climate_h4,0,1126,N,2026,4,51.27338893118415,7af3279b444ee011c7f4ba8a6219a2511255d14458c75b6ca71d87b89fe581db,cd9df2ade1ca21431041edcb14d5f17dd4911475861cec41755502771901127f,0eb4df990f6753bfc9e9029bf76f169c28456414
Climate_h4,0,1127,N,2026,1,50.96495481030281,7af3279b444ee011c7f4ba8a6219a2511255d14458c75b6ca71d87b89fe581db,cd9df2ade1ca21431041edcb14d5f17dd4911475861cec41755502771901127f,0eb4df990f6753bfc9e9029bf76f169c28456414
Climate_h4,0,1127,N,2026,2,51.114739484354615,7af3279b444ee011c7f4ba8a6219a2511255d14458c75b6ca71d87b89fe581db,cd9df2ade1ca21431041edcb14d5f17dd4911475861cec41755502771901127f,0eb4df990f6753bfc9e9029bf76f169c28456414
Climate_h4,0,1127,N,2026,3,51.26537710573339,7af3279b444ee011c7f4ba8a6219a2511255d14458c75b6ca71d87b89fe581db,cd9df2ade1ca21431041edcb14d5f17dd4911475861cec41755502771901127f,0eb4df990f6753bfc9e9029bf76f169c28456414
Climate_h4,0,1127,N,2026,4,51.41504694881013,7af3279b444ee011c7f4ba8a6219a2511255d14458c75b6ca71d87b89fe581db,cd9df2ade1ca21431041edcb14d5f17dd4911475861cec41755502771901127f,0eb4df990f6753bfc9e9029bf76f169c28456414
Climate_h4,0,1128,N,2026,1,49.83291309340032,7af3279b444ee011c7f4ba8a6219a2511255d14458c75b6ca71d87b89fe581db,cd9df2ade1ca21431041edcb14d5f17dd4911475861cec41755502771901127f,0eb4df990f6753bfc9e9029bf76f169c28456414
Climate_h4,0,1128,N,2026,2,49.97442447300912,7af3279b444ee011c7f4ba8a6219a2511255d14458c75b6ca71d87b89fe581db,cd9df2ade1ca21431041edcb14d5f17dd4911475861cec41755502771901127f,0eb4df990f6753bfc9e9029bf76f169c28456414
Climate_h4,0,1128,N,2026,3,50.123344975580096,7af3279b444ee011c7f4ba8a6219a2511255d14458c75b6ca71d87b89fe581db,cd9df2ade1ca21431041edcb14d5f17dd4911475861cec41755502771901127f,0eb4df990f6753bfc9e9029bf76f169c28456414
Climate_h4,0,1128,N,2026,4,50.283080823649016,7af3279b444ee011c7f4ba8a6219a2511255d14458c75b6ca71d87b89fe581db,cd9df2ade1ca21431041edcb14d5f17dd4911475861cec41755502771901127f,0eb4df990f6753bfc9e9029bf76f169c28456414
Climate_h4,0,1129,N,2026,1,49.78504069223318,7af3279b444ee011c7f4ba8a6219a2511255d14458c75b6ca71d87b89fe581db,cd9df2ade1ca21431041edcb14d5f17dd4911475861cec41755502771901127f,0eb4df990f6753bfc9e9029bf76f169c28456414
Climate_h4,0,1129,N,2026,2,49.924729075388974,7af3279b444ee011c7f4ba8a6219a2511255d14458c75b6ca71d87b89fe581db,cd9df2ade1ca21431041edcb14d5f17dd4911475861cec41755502771901127f,0eb4df990f6753bfc9e9029bf76f169c28456414
Climate_h4,0,1129,N,2026,3,50.083827097913755,7af3279b444ee011c7f4ba8a6219a2511255d14458c75b6ca71d87b89fe581db,cd9df2ade1ca21431041edcb14d5f17dd4911475861cec41755502771901127f,0eb4df990f6753bfc9e9029bf76f169c28456414
Climate_h4,0,1129,N,2026,4,50.22853368967615,7af3279b444ee011c7f4ba8a6219a2511255d14458c75b6ca71d87b89fe581db,cd9df2ade1ca21431041edcb14d5f17dd4911475861cec41755502771901127f,0eb4df990f6753bfc9e9029bf76f169c28456414
Climate_h4,0,1130,N,2026,1,51.477165551921544,7af3279b444ee011c7f4ba8a6219a2511255d14458c75b6ca71d87b89fe581db,cd9df2ade1ca21431041edcb14d5f17dd4911475861cec41755502771901127f,0eb4df990f6753bfc9e9029bf76f169c28456414
Climate_h4,0,1130,N,2026,2,51.62515734460746,7af3279b444ee011c7f4ba8a6219a2511255d14458c75b6ca71d87b89fe581db,cd9df2ade1ca21431041edcb14d5f17dd4911475861cec41755502771901127f,0eb4df990f6753bfc9e9029bf76f169c28456414
Climate_h4,0,1130,N,2026,3,51.76288075344612,7af3279b444ee011c7f4ba8a6219a2511255d14458c75b6ca71d87b89fe581db,cd9df2ade1ca21431041edcb14d5f17dd4911475861cec41755502771901127f,0eb4df990f6753bfc9e9029bf76f169c28456414
Climate_h4,0,1130,N,2026,4,51.903564488152206,7af3279b444ee011c7f4ba8a6219a2511255d14458c75b6ca71d87b89fe581db,cd9df2ade1ca21431041edcb14d5f17dd4911475861cec41755502771901127f,0eb4df990f6753bfc9e9029bf76f169c28456414
Climate_h4,0,1131,N,2026,1,53.62166112217145,7af3279b444ee011c7f4ba8a6219a2511255d14458c75b6ca71d87b89fe581db,cd9df2ade1ca21431041edcb14d5f17dd4911475861cec41755502771901127f,0eb4df990f6753bfc9e9029bf76f169c28456414
Climate_h4,0,1131,N,2026,2,53.74737531358914,7af3279b444ee011c7f4ba8a6219a2511255d14458c75b6ca71d87b89fe581db,cd9df2ade1ca21431041edcb14d5f17dd4911475861cec41755502771901127f,0eb4df990f6753bfc9e9029bf76f169c28456414
Climate_h4,0,1131,N,2026,3,53.87646105275565,7af3279b444ee011c7f4ba8a6219a2511255d14458c75b6ca71d87b89fe581db,cd9df2ade1ca21431041edcb14d5f17dd4911475861cec41755502771901127f,0eb4df990f6753bfc9e9029bf76f169c28456414
Climate_h4,0,1131,N,2026,4,54.02144180838953,7af3279b444ee011c7f4ba8a6219a2511255d14458c75b6ca71d87b89fe581db,cd9df2ade1ca21431041edcb14d5f17dd4911475861cec41755502771901127f,0eb4df990f6753bfc9e9029bf76f169c28456414
Climate_h4,0,1132,N,2026,1,54.150521895850176,7af3279b444ee011c7f4ba8a6219a2511255d14458c75b6ca71d87b89fe581db,cd9df2ade1ca21431041edcb14d5f17dd4911475861cec41755502771901127f,0eb4df990f6753bfc9e9029bf76f169c28456414
Climate_h4,0,1132,N,2026,2,54.26694895547361,7af3279b444ee011c7f4ba8a6219a2511255d14458c75b6ca71d87b89fe581db,cd9df2ade1ca21431041edcb14d5f17dd4911475861cec41755502771901127f,0eb4df990f6753bfc9e9029bf76f169c28456414
Climate_h4,0,1132,N,2026,3,54.401054730007814,7af3279b444ee011c7f4ba8a6219a2511255d14458c75b6ca71d87b89fe581db,cd9df2ade1ca21431041edcb14d5f17dd4911475861cec41755502771901127f,0eb4df990f6753bfc9e9029bf76f169c28456414
Climate_h4,0,1132,N,2026,4,54.54512920121634,7af3279b444ee011c7f4ba8a6219a2511255d14458c75b6ca71d87b89fe581db,cd9df2ade1ca21431041edcb14d5f17dd4911475861cec41755502771901127f,0eb4df990f6753bfc9e9029bf76f169c28456414
Climate_h4,0,1133,N,2026,1,51.12920978724731,7af3279b444ee011c7f4ba8a6219a2511255d14458c75b6ca71d87b89fe581db,cd9df2ade1ca21431041edcb14d5f17dd4911475861cec41755502771901127f,0eb4df990f6753bfc9e9029bf76f169c28456414
Climate_h4,0,1133,N,2026,2,51.268228703524876,7af3279b444ee011c7f4ba8a6219a2511255d14458c75b6ca71d87b89fe581db,cd9df2ade1ca21431041edcb14d5f17dd4911475861cec41755502771901127f,0eb4df990f6753bfc9e9029bf76f169c28456414
Climate_h4,0,1133,N,2026,3,51.41895381234429,7af3279b444ee011c7f4ba8a6219a2511255d14458c75b6ca71d87b89fe581db,cd9df2ade1ca21431041edcb14d5f17dd4911475861cec41755502771901127f,0eb4df990f6753bfc9e9029bf76f169c28456414
Climate_h4,0,1133,N,2026,4,51.57817258739055,7af3279b444ee011c7f4ba8a6219a2511255d14458c75b6ca71d87b89fe581db,cd9df2ade1ca21431041edcb14d5f17dd4911475861cec41755502771901127f,0eb4df990f6753bfc9e9029bf76f169c28456414
Climate_h4,0,1134,N,2026,1,49.13986169726066,7af3279b444ee011c7f4ba8a6219a2511255d14458c75b6ca71d87b89fe581db,cd9df2ade1ca21431041edcb14d5f17dd4911475861cec41755502771901127f,0eb4df990f6753bfc9e9029bf76f169c28456414
Climate_h4,0,1134,N,2026,2,49.306616637046915,7af3279b444ee011c7f4ba8a6219a2511255d14458c75b6ca71d87b89fe581db,cd9df2ade1ca21431041edcb14d5f17dd4911475861cec41755502771901127f,0eb4df990f6753bfc9e9029bf76f169c28456414
Climate_h4,0,1134,N,2026,3,49.481957494839975,7af3279b444ee011c7f4ba8a6219a2511255d14458c75b6ca71d87b89fe581db,cd9df2ade1ca21431041edcb14d5f17dd4911475861cec41755502771901127f,0eb4df990f6753bfc9e9029bf76f169c28456414
Climate_h4,0,1134,N,2026,4,49.6639566217608,7af3279b444ee011c7f4ba8a6219a2511255d14458c75b6ca71d87b89fe581db,cd9df2ade1ca21431041edcb14d5f17dd4911475861cec41755502771901127f,0eb4df990f6753bfc9e9029bf76f169c28456414
Climate_h4,0,1135,N,2026,1,47.67779584888242,7af3279b444ee011c7f4ba8a6219a2511255d14458c75b6ca71d87b89fe581db,cd9df2ade1ca21431041edcb14d5f17dd4911475861cec41755502771901127f,0eb4df990f6753bfc9e9029bf76f169c28456414
Climate_h4,0,1135,N,2026,2,47.878928950368795,7af3279b444ee011c7f4ba8a6219a2511255d14458c75b6ca71d87b89fe581db,cd9df2ade1ca21431041edcb14d5f17dd4911475861cec41755502771901127f,0eb4df990f6753bfc9e9029bf76f169c28456414
Climate_h4,0,1135,N,2026,3,48.08272401726737,7af3279b444ee011c7f4ba8a6219a2511255d14458c75b6ca71d87b89fe581db,cd9df2ade1ca21431041edcb14d5f17dd4911475861cec41755502771901127f,0eb4df990f6753bfc9e9029bf76f169c28456414
Climate_h4,0,1135,N,2026,4,48.28029650573862,7af3279b444ee011c7f4ba8a6219a2511255d14458c75b6ca71d87b89fe581db,cd9df2ade1ca21431041edcb14d5f17dd4911475861cec41755502771901127f,0eb4df990f6753bfc9e9029bf76f169c28456414
Climate_h4,0,1136,N,2026,1,47.9516718342801,7af3279b444ee011c7f4ba8a6219a2511255d14458c75b6ca71d87b89fe581db,cd9df2ade1ca21431041edcb14d5f17dd4911475861cec41755502771901127f,0eb4df990f6753bfc9e9029bf76f169c28456414
Climate_h4,0,1136,N,2026,2,48.176927607916795,7af3279b444ee011c7f4ba8a6219a2511255d14458c75b6ca71d87b89fe581db,cd9df2ade1ca21431041edcb14d5f17dd4911475861cec41755502771901127f,0eb4df990f6753bfc9e9029bf76f169c28456414
Climate_h4,0,1136,N,2026,3,48.39105784527844,7af3279b444ee011c7f4ba8a6219a2511255d14458c75b6ca71d87b89fe581db,cd9df2ade1ca21431041edcb14d5f17dd4911475861cec41755502771901127f,0eb4df990f6753bfc9e9029bf76f169c28456414
Climate_h4,0,1136,N,2026,4,48.600200108700534,7af3279b444ee011c7f4ba8a6219a2511255d14458c75b6ca71d87b89fe581db,cd9df2ade1ca21431041edcb14d5f17dd4911475861cec41755502771901127f,0eb4df990f6753bfc9e9029bf76f169c28456414
Climate_h4,0,1137,N,2026,1,47.837215193492064,7af3279b444ee011c7f4ba8a6219a2511255d14458c75b6ca71d87b89fe581db,cd9df2ade1ca21431041edcb14d5f17dd4911475861cec41755502771901127f,0eb4df990f6753bfc9e9029bf76f169c28456414
Climate_h4,0,1137,N,2026,2,48.07510362605884,7af3279b444ee011c7f4ba8a6219a2511255d14458c75b6ca71d87b89fe581db,cd9df2ade1ca21431041edcb14d5f17dd4911475861cec41755502771901127f,0eb4df990f6753bfc9e9029bf76f169c28456414
Climate_h4,0,1137,N,2026,3,48.30112947638143,7af3279b444ee011c7f4ba8a6219a2511255d14458c75b6ca71d87b89fe581db,cd9df2ade1ca21431041edcb14d5f17dd4911475861cec41755502771901127f,0eb4df990f6753bfc9e9029bf76f169c28456414
Climate_h4,0,1137,N,2026,4,48.55456806878688,7af3279b444ee011c7f4ba8a6219a2511255d14458c75b6ca71d87b89fe581db,cd9df2ade1ca21431041edcb14d5f17dd4911475861cec41755502771901127f,0eb4df990f6753bfc9e9029bf76f169c28456414
Climate_h4,0,1138,N,2026,1,48.58033775766154,7af3279b444ee011c7f4ba8a6219a2511255d14458c75b6ca71d87b89fe581db,cd9df2ade1ca21431041edcb14d5f17dd4911475861cec41755502771901127f,0eb4df990f6753bfc9e9029bf76f169c28456414
Climate_h4,0,1138,N,2026,2,48.82687536453182,7af3279b444ee011c7f4ba8a6219a2511255d14458c75b6ca71d87b89fe581db,cd9df2ade1ca21431041edcb14d5f17dd4911475861cec41755502771901127f,0eb4df990f6753bfc9e9029bf76f169c28456414
Climate_h4,0,1138,N,2026,3,49.09321469735367,7af3279b444ee011c7f4ba8a6219a2511255d14458c75b6ca71d87b89fe581db,cd9df2ade1ca21431041edcb14d5f17dd4911475861cec41755502771901127f,0eb4df990f6753bfc9e9029bf76f169c28456414
Climate_h4,0,1138,N,2026,4,49.39975792226224,7af3279b444ee011c7f4ba8a6219a2511255d14458c75b6ca71d87b89fe581db,cd9df2ade1ca21431041edcb14d5f17dd4911475861cec41755502771901127f,0eb4df990f6753bfc9e9029bf76f169c28456414
Climate_h4,0,1139,N,2026,1,46.478122776390585,7af3279b444ee011c7f4ba8a6219a2511255d14458c75b6ca71d87b89fe581db,cd9df2ade1ca21431041edcb14d5f17dd4911475861cec41755502771901127f,0eb4df990f6753bfc9e9029bf76f169c28456414
Climate_h4,0,1139,N,2026,2,46.771974969957945,7af3279b444ee011c7f4ba8a6219a2511255d14458c75b6ca71d87b89fe581db,cd9df2ade1ca21431041edcb14d5f17dd4911475861cec41755502771901127f,0eb4df990f6753bfc9e9029bf76f169c28456414
Climate_h4,0,1139,N,2026,3,47.099438752912484,7af3279b444ee011c7f4ba8a6219a2511255d14458c75b6ca71d87b89fe581db,cd9df2ade1ca21431041edcb14d5f17dd4911475861cec41755502771901127f,0eb4df990f6753bfc9e9029bf76f169c28456414
Climate_h4,0,1139,N,2026,4,47.44362604267442,7af3279b444ee011c7f4ba8a6219a2511255d14458c75b6ca71d87b89fe581db,cd9df2ade1ca21431041edcb14d5f17dd4911475861cec41755502771901127f,0eb4df990f6753bfc9e9029bf76f169c28456414
Climate_h4,0,1140,N,2026,1,47.7020979028288,7af3279b444ee011c7f4ba8a6219a2511255d14458c75b6ca71d87b89fe581db,cd9df2ade1ca21431041edcb14d5f17dd4911475861cec41755502771901127f,0eb4df990f6753bfc9e9029bf76f169c28456414
Climate_h4,0,1140,N,2026,2,48.044310701897835,7af3279b444ee011c7f4ba8a6219a2511255d14458c75b6ca71d87b89fe581db,cd9df2ade1ca21431041edcb14d5f17dd4911475861cec41755502771901127f,0eb4df990f6753bfc9e9029bf76f169c28456414
Climate_h4,0,1140,N,2026,3,48.39713136670064,7af3279b444ee011c7f4ba8a6219a2511255d14458c75b6ca71d87b89fe581db,cd9df2ade1ca21431041edcb14d5f17dd4911475861cec41755502771901127f,0eb4df990f6753bfc9e9029bf76f169c28456414
Climate_h4,0,1140,N,2026,4,48.72915270729585,7af3279b444ee011c7f4ba8a6219a2511255d14458c75b6ca71d87b89fe581db,cd9df2ade1ca21431041edcb14d5f17dd4911475861cec41755502771901127f,0eb4df990f6753bfc9e9029bf76f169c28456414
Climate_h4,0,1141,N,2026,1,47.5805009162259,7af3279b444ee011c7f4ba8a6219a2511255d14458c75b6ca71d87b89fe581db,cd9df2ade1ca21431041edcb14d5f17dd4911475861cec41755502771901127f,0eb4df990f6753bfc9e9029bf76f169c28456414
Climate_h4,0,1141,N,2026,2,47.95033618346926,7af3279b444ee011c7f4ba8a6219a2511255d14458c75b6ca71d87b89fe581db,cd9df2ade1ca21431041edcb14d5f17dd4911475861cec41755502771901127f,0eb4df990f6753bfc9e9029bf76f169c28456414
Climate_h4,0,1141,N,2026,3,48.29128877833408,7af3279b444ee011c7f4ba8a6219a2511255d14458c75b6ca71d87b89fe581db,cd9df2ade1ca21431041edcb14d5f17dd4911475861cec41755502771901127f,0eb4df990f6753bfc9e9029bf76f169c28456414
Climate_h4,0,1141,N,2026,4,48.618423004729834,7af3279b444ee011c7f4ba8a6219a2511255d14458c75b6ca71d87b89fe581db,cd9df2ade1ca21431041edcb14d5f17dd4911475861cec41755502771901127f,0eb4df990f6753bfc9e9029bf76f169c28456414
Climate_h4,0,1142,N,2026,1,47.13808012346816,7af3279b444ee011c7f4ba8a6219a2511255d14458c75b6ca71d87b89fe581db,cd9df2ade1ca21431041edcb14d5f17dd4911475861cec41755502771901127f,0eb4df990f6753bfc9e9029bf76f169c28456414
Climate_h4,0,1142,N,2026,2,47.498178846785926,7af3279b444ee011c7f4ba8a6219a2511255d14458c75b6ca71d87b89fe581db,cd9df2ade1ca21431041edcb14d5f17dd4911475861cec41755502771901127f,0eb4df990f6753bfc9e9029bf76f169c28456414
Climate_h4,0,1142,N,2026,3,47.83548930750297,7af3279b444ee011c7f4ba8a6219a2511255d14458c75b6ca71d87b89fe581db,cd9df2ade1ca21431041edcb14d5f17dd4911475861cec41755502771901127f,0eb4df990f6753bfc9e9029bf76f169c28456414
Climate_h4,0,1142,N,2026,4,48.1631171667558,7af3279b444ee011c7f4ba8a6219a2511255d14458c75b6ca71d87b89fe581db,cd9df2ade1ca21431041edcb14d5f17dd4911475861cec41755502771901127f,0eb4df990f6753bfc9e9029bf76f169c28456414
Climate_h4,0,1143,N,2026,1,45.39025374821497,7af3279b444ee011c7f4ba8a6219a2511255d14458c75b6ca71d87b89fe581db,cd9df2ade1ca21431041edcb14d5f17dd4911475861cec41755502771901127f,0eb4df990f6753bfc9e9029bf76f169c28456414
Climate_h4,0,1143,N,2026,2,45.759069583058505,7af3279b444ee011c7f4ba8a6219a2511255d14458c75b6ca71d87b89fe581db,cd9df2ade1ca21431041edcb14d5f17dd4911475861cec41755502771901127f,0eb4df990f6753bfc9e9029bf76f169c28456414
Climate_h4,0,1143,N,2026,3,46.10646076154281,7af3279b444ee011c7f4ba8a6219a2511255d14458c75b6ca71d87b89fe581db,cd9df2ade1ca21431041edcb14d5f17dd4911475861cec41755502771901127f,0eb4df990f6753bfc9e9029bf76f169c28456414
Climate_h4,0,1143,N,2026,4,46.438897940697274,7af3279b444ee011c7f4ba8a6219a2511255d14458c75b6ca71d87b89fe581db,cd9df2ade1ca21431041edcb14d5f17dd4911475861cec41755502771901127f,0eb4df990f6753bfc9e9029bf76f169c28456414
Climate_h4,0,1144,N,2026,1,42.43959092722468,7af3279b444ee011c7f4ba8a6219a2511255d14458c75b6ca71d87b89fe581db,cd9df2ade1ca21431041edcb14d5f17dd4911475861cec41755502771901127f,0eb4df990f6753bfc9e9029bf76f169c28456414
Climate_h4,0,1144,N,2026,2,42.83013299409961,7af3279b444ee011c7f4ba8a6219a2511255d14458c75b6ca71d87b89fe581db,cd9df2ade1ca21431041edcb14d5f17dd4911475861cec41755502771901127f,0eb4df990f6753bfc9e9029bf76f169c28456414
Climate_h4,0,1144,N,2026,3,43.19557629553001,7af3279b444ee011c7f4ba8a6219a2511255d14458c75b6ca71d87b89fe581db,cd9df2ade1ca21431041edcb14d5f17dd4911475861cec41755502771901127f,0eb4df990f6753bfc9e9029bf76f169c28456414
Climate_h4,0,1144,N,2026,4,43.54360383979031,7af3279b444ee011c7f4ba8a6219a2511255d14458c75b6ca71d87b89fe581db,cd9df2ade1ca21431041edcb14d5f17dd4911475861cec41755502771901127f,0eb4df990f6753bfc9e9029bf76f169c28456414
Climate_h4,0,1145,N,2026,1,39.981211327988184,7af3279b444ee011c7f4ba8a6219a2511255d14458c75b6ca71d87b89fe581db,cd9df2ade1ca21431041edcb14d5f17dd4911475861cec41755502771901127f,0eb4df990f6753bfc9e9029bf76f169c28456414
Climate_h4,0,1145,N,2026,2,40.39892462414663,7af3279b444ee011c7f4ba8a6219a2511255d14458c75b6ca71d87b89fe581db,cd9df2ade1ca21431041edcb14d5f17dd4911475861cec41755502771901127f,0eb4df990f6753bfc9e9029bf76f169c28456414
Climate_h4,0,1145,N,2026,3,40.788185867983344,7af3279b444ee011c7f4ba8a6219a2511255d14458c75b6ca71d87b89fe581db,cd9df2ade1ca21431041edcb14d5f17dd4911475861cec41755502771901127f,0eb4df990f6753bfc9e9029bf76f169c28456414
Climate_h4,0,1145,N,2026,4,41.15428816914751,7af3279b444ee011c7f4ba8a6219a2511255d14458c75b6ca71d87b89fe581db,cd9df2ade1ca21431041edcb14d5f17dd4911475861cec41755502771901127f,0eb4df990f6753bfc9e9029bf76f169c28456414
Climate_h4,0,1146,N,2026,1,38.459147189988215,7af3279b444ee011c7f4ba8a6219a2511255d14458c75b6ca71d87b89fe581db,cd9df2ade1ca21431041edcb14d5f17dd4911475861cec41755502771901127f,0eb4df990f6753bfc9e9029bf76f169c28456414
Climate_h4,0,1146,N,2026,2,38.90295237423,7af3279b444ee011c7f4ba8a6219a2511255d14458c75b6ca71d87b89fe581db,cd9df2ade1ca21431041edcb14d5f17dd4911475861cec41755502771901127f,0eb4df990f6753bfc9e9029bf76f169c28456414
Climate_h4,0,1146,N,2026,3,39.311491212508685,7af3279b444ee011c7f4ba8a6219a2511255d14458c75b6ca71d87b89fe581db,cd9df2ade1ca21431041edcb14d5f17dd4911475861cec41755502771901127f,0eb4df990f6753bfc9e9029bf76f169c28456414
Climate_h4,0,1146,N,2026,4,39.676195927314964,7af3279b444ee011c7f4ba8a6219a2511255d14458c75b6ca71d87b89fe581db,cd9df2ade1ca21431041edcb14d5f17dd4911475861cec41755502771901127f,0eb4df990f6753bfc9e9029bf76f169c28456414
Climate_h4,0,1147,N,2026,1,39.81461645915619,7af3279b444ee011c7f4ba8a6219a2511255d14458c75b6ca71d87b89fe581db,cd9df2ade1ca21431041edcb14d5f17dd4911475861cec41755502771901127f,0eb4df990f6753bfc9e9029bf76f169c28456414
Climate_h4,0,1147,N,2026,2,40.26475532181259,7af3279b444ee011c7f4ba8a6219a2511255d14458c75b6ca71d87b89fe581db,cd9df2ade1ca21431041edcb14d5f17dd4911475861cec41755502771901127f,0eb4df990f6753bfc9e9029bf76f169c28456414
Climate_h4,0,1147,N,2026,3,40.6581573990904,7af3279b444ee011c7f4ba8a6219a2511255d14458c75b6ca71d87b89fe581db,cd9df2ade1ca21431041edcb14d5f17dd4911475861cec41755502771901127f,0eb4df990f6753bfc9e9029bf76f169c28456414
Climate_h4,0,1147,N,2026,4,40.992830159073485,7af3279b444ee011c7f4ba8a6219a2511255d14458c75b6ca71d87b89fe581db,cd9df2ade1ca21431041edcb14d5f17dd4911475861cec41755502771901127f,0eb4df990f6753bfc9e9029bf76f169c28456414
Climate_h4,0,1148,N,2026,1,38.94989712808823,7af3279b444ee011c7f4ba8a6219a2511255d14458c75b6ca71d87b89fe581db,cd9df2ade1ca21431041edcb14d5f17dd4911475861cec41755502771901127f,0eb4df990f6753bfc9e9029bf76f169c28456414
Climate_h4,0,1148,N,2026,2,39.38356021758164,7af3279b444ee011c7f4ba8a6219a2511255d14458c75b6ca71d87b89fe581db,cd9df2ade1ca21431041edcb14d5f17dd4911475861cec41755502771901127f,0eb4df990f6753bfc9e9029bf76f169c28456414
Climate_h4,0,1148,N,2026,3,39.74758936475545,7af3279b444ee011c7f4ba8a6219a2511255d14458c75b6ca71d87b89fe581db,cd9df2ade1ca21431041edcb14d5f17dd4911475861cec41755502771901127f,0eb4df990f6753bfc9e9029bf76f169c28456414
Climate_h4,0,1148,N,2026,4,40.08501129328612,7af3279b444ee011c7f4ba8a6219a2511255d14458c75b6ca71d87b89fe581db,cd9df2ade1ca21431041edcb14d5f17dd4911475861cec41755502771901127f,0eb4df990f6753bfc9e9029bf76f169c28456414
Climate_h4,0,1149,N,2026,1,40.34124935325186,7af3279b444ee011c7f4ba8a6219a2511255d14458c75b6ca71d87b89fe581db,cd9df2ade1ca21431041edcb14d5f17dd4911475861cec41755502771901127f,0eb4df990f6753bfc9e9029bf76f169c28456414
Climate_h4,0,1149,N,2026,2,40.72620033534681,7af3279b444ee011c7f4ba8a6219a2511255d14458c75b6ca71d87b89fe581db,cd9df2ade1ca21431041edcb14d5f17dd4911475861cec41755502771901127f,0eb4df990f6753bfc9e9029bf76f169c28456414
Climate_h4,0,1149,N,2026,3,41.07879843494301,7af3279b444ee011c7f4ba8a6219a2511255d14458c75b6ca71d87b89fe581db,cd9df2ade1ca21431041edcb14d5f17dd4911475861cec41755502771901127f,0eb4df990f6753bfc9e9029bf76f169c28456414
Climate_h4,0,1149,N,2026,4,41.41761744577741,7af3279b444ee011c7f4ba8a6219a2511255d14458c75b6ca71d87b89fe581db,cd9df2ade1ca21431041edcb14d5f17dd4911475861cec41755502771901127f,0eb4df990f6753bfc9e9029bf76f169c28456414
Climate_h4,0,1150,N,2026,1,40.307237331784854,7af3279b444ee011c7f4ba8a6219a2511255d14458c75b6ca71d87b89fe581db,cd9df2ade1ca21431041edcb14d5f17dd4911475861cec41755502771901127f,0eb4df990f6753bfc9e9029bf76f169c28456414
Climate_h4,0,1150,N,2026,2,40.682364646488374,7af3279b444ee011c7f4ba8a6219a2511255d14458c75b6ca71d87b89fe581db,cd9df2ade1ca21431041edcb14d5f17dd4911475861cec41755502771901127f,0eb4df990f6753bfc9e9029bf76f169c28456414
Climate_h4,0,1150,N,2026,3,41.036495196618304,7af3279b444ee011c7f4ba8a6219a2511255d14458c75b6ca71d87b89fe581db,cd9df2ade1ca21431041edcb14d5f17dd4911475861cec41755502771901127f,0eb4df990f6753bfc9e9029bf76f169c28456414
Climate_h4,0,1150,N,2026,4,41.36468861099631,7af3279b444ee011c7f4ba8a6219a2511255d14458c75b6ca71d87b89fe581db,cd9df2ade1ca21431041edcb14d5f17dd4911475861cec41755502771901127f,0eb4df990f6753bfc9e9029bf76f169c28456414
Climate_h4,0,1151,N,2026,1,41.032970969817434,7af3279b444ee011c7f4ba8a6219a2511255d14458c75b6ca71d87b89fe581db,cd9df2ade1ca21431041edcb14d5f17dd4911475861cec41755502771901127f,0eb4df990f6753bfc9e9029bf76f169c28456414
Climate_h4,0,1151,N,2026,2,41.40771353807133,7af3279b444ee011c7f4ba8a6219a2511255d14458c75b6ca71d87b89fe581db,cd9df2ade1ca21431041edcb14d5f17dd4911475861cec41755502771901127f,0eb4df990f6753bfc9e9029bf76f169c28456414
Climate_h4,0,1151,N,2026,3,41.74950155862626,7af3279b444ee011c7f4ba8a6219a2511255d14458c75b6ca71d87b89fe581db,cd9df2ade1ca21431041edcb14d5f17dd4911475861cec41755502771901127f,0eb4df990f6753bfc9e9029bf76f169c28456414
Climate_h4,0,1151,N,2026,4,42.04414898757702,7af3279b444ee011c7f4ba8a6219a2511255d14458c75b6ca71d87b89fe581db,cd9df2ade1ca21431041edcb14d5f17dd4911475861cec41755502771901127f,0eb4df990f6753bfc9e9029bf76f169c28456414
Climate_h4,0,1152,N,2026,1,40.97395870929946,7af3279b444ee011c7f4ba8a6219a2511255d14458c75b6ca71d87b89fe581db,cd9df2ade1ca21431041edcb14d5f17dd4911475861cec41755502771901127f,0eb4df990f6753bfc9e9029bf76f169c28456414
Climate_h4,0,1152,N,2026,2,41.33413043553658,7af3279b444ee011c7f4ba8a6219a2511255d14458c75b6ca71d87b89fe581db,cd9df2ade1ca21431041edcb14d5f17dd4911475861cec41755502771901127f,0eb4df990f6753bfc9e9029bf76f169c28456414
Climate_h4,0,1152,N,2026,3,41.64309567963025,7af3279b444ee011c7f4ba8a6219a2511255d14458c75b6ca71d87b89fe581db,cd9df2ade1ca21431041edcb14d5f17dd4911475861cec41755502771901127f,0eb4df990f6753bfc9e9029bf76f169c28456414
Climate_h4,0,1152,N,2026,4,41.907761700720016,7af3279b444ee011c7f4ba8a6219a2511255d14458c75b6ca71d87b89fe581db,cd9df2ade1ca21431041edcb14d5f17dd4911475861cec41755502771901127f,0eb4df990f6753bfc9e9029bf76f169c28456414
Climate_h4,0,1153,N,2026,1,39.780118209176855,7af3279b444ee011c7f4ba8a6219a2511255d14458c75b6ca71d87b89fe581db,cd9df2ade1ca21431041edcb14d5f17dd4911475861cec41755502771901127f,0eb4df990f6753bfc9e9029bf76f169c28456414
Climate_h4,0,1153,N,2026,2,40.11696429275079,7af3279b444ee011c7f4ba8a6219a2511255d14458c75b6ca71d87b89fe581db,cd9df2ade1ca21431041edcb14d5f17dd4911475861cec41755502771901127f,0eb4df990f6753bfc9e9029bf76f169c28456414
Climate_h4,0,1153,N,2026,3,40.40535121518344,7af3279b444ee011c7f4ba8a6219a2511255d14458c75b6ca71d87b89fe581db,cd9df2ade1ca21431041edcb14d5f17dd4911475861cec41755502771901127f,0eb4df990f6753bfc9e9029bf76f169c28456414
Climate_h4,0,1153,N,2026,4,40.63938647966945,7af3279b444ee011c7f4ba8a6219a2511255d14458c75b6ca71d87b89fe581db,cd9df2ade1ca21431041edcb14d5f17dd4911475861cec41755502771901127f,0eb4df990f6753bfc9e9029bf76f169c28456414
Climate_h4,0,1154,N,2026,1,40.68496139191583,7af3279b444ee011c7f4ba8a6219a2511255d14458c75b6ca71d87b89fe581db,cd9df2ade1ca21431041edcb14d5f17dd4911475861cec41755502771901127f,0eb4df990f6753bfc9e9029bf76f169c28456414
Climate_h4,0,1154,N,2026,2,40.994191600374144,7af3279b444ee011c7f4ba8a6219a2511255d14458c75b6ca71d87b89fe581db,cd9df2ade1ca21431041edcb14d5f17dd4911475861cec41755502771901127f,0eb4df990f6753bfc9e9029bf76f169c28456414
Climate_h4,0,1154,N,2026,3,41.247703244800604,7af3279b444ee011c7f4ba8a6219a2511255d14458c75b6ca71d87b89fe581db,cd9df2ade1ca21431041edcb14d5f17dd4911475861cec41755502771901127f,0eb4df990f6753bfc9e9029bf76f169c28456414
Climate_h4,0,1154,N,2026,4,41.4258527561019,7af3279b444ee011c7f4ba8a6219a2511255d14458c75b6ca71d87b89fe581db,cd9df2ade1ca21431041edcb14d5f17dd4911475861cec41755502771901127f,0eb4df990f6753bfc9e9029bf76f169c28456414
Climate_h4,0,1155,N,2026,1,39.49504919040997,7af3279b444ee011c7f4ba8a6219a2511255d14458c75b6ca71d87b89fe581db,cd9df2ade1ca21431041edcb14d5f17dd4911475861cec41755502771901127f,0eb4df990f6753bfc9e9029bf76f169c28456414
Climate_h4,0,1155,N,2026,2,39.77202088750242,7af3279b444ee011c7f4ba8a6219a2511255d14458c75b6ca71d87b89fe581db,cd9df2ade1ca21431041edcb14d5f17dd4911475861cec41755502771901127f,0eb4df990f6753bfc9e9029bf76f169c28456414
Climate_h4,0,1155,N,2026,3,39.977019028808186,7af3279b444ee011c7f4ba8a6219a2511255d14458c75b6ca71d87b89fe581db,cd9df2ade1ca21431041edcb14d5f17dd4911475861cec41755502771901127f,0eb4df990f6753bfc9e9029bf76f169c28456414
Climate_h4,0,1155,N,2026,4,40.125690711467655,7af3279b444ee011c7f4ba8a6219a2511255d14458c75b6ca71d87b89fe581db,cd9df2ade1ca21431041edcb14d5f17dd4911475861cec41755502771901127f,0eb4df990f6753bfc9e9029bf76f169c28456414
Climate_h4,0,1156,N,2026,1,38.80030051180398,7af3279b444ee011c7f4ba8a6219a2511255d14458c75b6ca71d87b89fe581db,cd9df2ade1ca21431041edcb14d5f17dd4911475861cec41755502771901127f,0eb4df990f6753bfc9e9029bf76f169c28456414
Climate_h4,0,1156,N,2026,2,39.02776053946239,7af3279b444ee011c7f4ba8a6219a2511255d14458c75b6ca71d87b89fe581db,cd9df2ade1ca21431041edcb14d5f17dd4911475861cec41755502771901127f,0eb4df990f6753bfc9e9029bf76f169c28456414
Climate_h4,0,1156,N,2026,3,39.2052773457059,7af3279b444ee011c7f4ba8a6219a2511255d14458c75b6ca71d87b89fe581db,cd9df2ade1ca21431041edcb14d5f17dd4911475861cec41755502771901127f,0eb4df990f6753bfc9e9029bf76f169c28456414
Climate_h4,0,1156,N,2026,4,39.32068868597914,7af3279b444ee011c7f4ba8a6219a2511255d14458c75b6ca71d87b89fe581db,cd9df2ade1ca21431041edcb14d5f17dd4911475861cec41755502771901127f,0eb4df990f6753bfc9e9029bf76f169c28456414
Climate_h4,0,1157,N,2026,1,38.60932743036916,7af3279b444ee011c7f4ba8a6219a2511255d14458c75b6ca71d87b89fe581db,cd9df2ade1ca21431041edcb14d5f17dd4911475861cec41755502771901127f,0eb4df990f6753bfc9e9029bf76f169c28456414
Climate_h4,0,1157,N,2026,2,38.80422872619423,7af3279b444ee011c7f4ba8a6219a2511255d14458c75b6ca71d87b89fe581db,cd9df2ade1ca21431041edcb14d5f17dd4911475861cec41755502771901127f,0eb4df990f6753bfc9e9029bf76f169c28456414
Climate_h4,0,1157,N,2026,3,38.945344357072834,7af3279b444ee011c7f4ba8a6219a2511255d14458c75b6ca71d87b89fe581db,cd9df2ade1ca21431041edcb14d5f17dd4911475861cec41755502771901127f,0eb4df990f6753bfc9e9029bf76f169c28456414
Climate_h4,0,1157,N,2026,4,39.04224966270212,7af3279b444ee011c7f4ba8a6219a2511255d14458c75b6ca71d87b89fe581db,cd9df2ade1ca21431041edcb14d5f17dd4911475861cec41755502771901127f,0eb4df990f6753bfc9e9029bf76f169c28456414
Climate_h4,0,1158,N,2026,1,37.25135217135391,7af3279b444ee011c7f4ba8a6219a2511255d14458c75b6ca71d87b89fe581db,cd9df2ade1ca21431041edcb14d5f17dd4911475861cec41755502771901127f,0eb4df990f6753bfc9e9029bf76f169c28456414
Climate_h4,0,1158,N,2026,2,37.42609419044076,7af3279b444ee011c7f4ba8a6219a2511255d14458c75b6ca71d87b89fe581db,cd9df2ade1ca21431041edcb14d5f17dd4911475861cec41755502771901127f,0eb4df990f6753bfc9e9029bf76f169c28456414
Climate_h4,0,1158,N,2026,3,37.55841996310081,7af3279b444ee011c7f4ba8a6219a2511255d14458c75b6ca71d87b89fe581db,cd9df2ade1ca21431041edcb14d5f17dd4911475861cec41755502771901127f,0eb4df990f6753bfc9e9029bf76f169c28456414
Climate_h4,0,1158,N,2026,4,37.65567792026747,7af3279b444ee011c7f4ba8a6219a2511255d14458c75b6ca71d87b89fe581db,cd9df2ade1ca21431041edcb14d5f17dd4911475861cec41755502771901127f,0eb4df990f6753bfc9e9029bf76f169c28456414
Climate_h4,0,1159,N,2026,1,37.94194652943786,7af3279b444ee011c7f4ba8a6219a2511255d14458c75b6ca71d87b89fe581db,cd9df2ade1ca21431041edcb14d5f17dd4911475861cec41755502771901127f,0eb4df990f6753bfc9e9029bf76f169c28456414
Climate_h4,0,1159,N,2026,2,38.10067239426962,7af3279b444ee011c7f4ba8a6219a2511255d14458c75b6ca71d87b89fe581db,cd9df2ade1ca21431041edcb14d5f17dd4911475861cec41755502771901127f,0eb4df990f6753bfc9e9029bf76f169c28456414
Climate_h4,0,1159,N,2026,3,38.22701995198875,7af3279b444ee011c7f4ba8a6219a2511255d14458c75b6ca71d87b89fe581db,cd9df2ade1ca21431041edcb14d5f17dd4911475861cec41755502771901127f,0eb4df990f6753bfc9e9029bf76f169c28456414
Climate_h4,0,1159,N,2026,4,38.33682855048446,7af3279b444ee011c7f4ba8a6219a2511255d14458c75b6ca71d87b89fe581db,cd9df2ade1ca21431041edcb14d5f17dd4911475861cec41755502771901127f,0eb4df990f6753bfc9e9029bf76f169c28456414
Climate_h4,0,1160,N,2026,1,39.906028950756784,7af3279b444ee011c7f4ba8a6219a2511255d14458c75b6ca71d87b89fe581db,cd9df2ade1ca21431041edcb14d5f17dd4911475861cec41755502771901127f,0eb4df990f6753bfc9e9029bf76f169c28456414
Climate_h4,0,1160,N,2026,2,40.045214297443216,7af3279b444ee011c7f4ba8a6219a2511255d14458c75b6ca71d87b89fe581db,cd9df2ade1ca21431041edcb14d5f17dd4911475861cec41755502771901127f,0eb4df990f6753bfc9e9029bf76f169c28456414
Climate_h4,0,1160,N,2026,3,40.17182396310927,7af3279b444ee011c7f4ba8a6219a2511255d14458c75b6ca71d87b89fe581db,cd9df2ade1ca21431041edcb14d5f17dd4911475861cec41755502771901127f,0eb4df990f6753bfc9e9029bf76f169c28456414
Climate_h4,0,1160,N,2026,4,40.28375874911189,7af3279b444ee011c7f4ba8a6219a2511255d14458c75b6ca71d87b89fe581db,cd9df2ade1ca21431041edcb14d5f17dd4911475861cec41755502771901127f,0eb4df990f6753bfc9e9029bf76f169c28456414
Climate_h4,0,1161,N,2026,1,41.84842216306339,7af3279b444ee011c7f4ba8a6219a2511255d14458c75b6ca71d87b89fe581db,cd9df2ade1ca21431041edcb14d5f17dd4911475861cec41755502771901127f,0eb4df990f6753bfc9e9029bf76f169c28456414
Climate_h4,0,1161,N,2026,2,41.97755705476537,7af3279b444ee011c7f4ba8a6219a2511255d14458c75b6ca71d87b89fe581db,cd9df2ade1ca21431041edcb14d5f17dd4911475861cec41755502771901127f,0eb4df990f6753bfc9e9029bf76f169c28456414
Climate_h4,0,1161,N,2026,3,42.09752702074465,7af3279b444ee011c7f4ba8a6219a2511255d14458c75b6ca71d87b89fe581db,cd9df2ade1ca21431041edcb14d5f17dd4911475861cec41755502771901127f,0eb4df990f6753bfc9e9029bf76f169c28456414
Climate_h4,0,1161,N,2026,4,42.209750930433316,7af3279b444ee011c7f4ba8a6219a2511255d14458c75b6ca71d87b89fe581db,cd9df2ade1ca21431041edcb14d5f17dd4911475861cec41755502771901127f,0eb4df990f6753bfc9e9029bf76f169c28456414
Climate_h4,0,1162,N,2026,1,42.06026141412403,7af3279b444ee011c7f4ba8a6219a2511255d14458c75b6ca71d87b89fe581db,cd9df2ade1ca21431041edcb14d5f17dd4911475861cec41755502771901127f,0eb4df990f6753bfc9e9029bf76f169c28456414
Climate_h4,0,1162,N,2026,2,42.18413161397691,7af3279b444ee011c7f4ba8a6219a2511255d14458c75b6ca71d87b89fe581db,cd9df2ade1ca21431041edcb14d5f17dd4911475861cec41755502771901127f,0eb4df990f6753bfc9e9029bf76f169c28456414
Climate_h4,0,1162,N,2026,3,42.30590014379803,7af3279b444ee011c7f4ba8a6219a2511255d14458c75b6ca71d87b89fe581db,cd9df2ade1ca21431041edcb14d5f17dd4911475861cec41755502771901127f,0eb4df990f6753bfc9e9029bf76f169c28456414
Climate_h4,0,1162,N,2026,4,42.41633949433586,7af3279b444ee011c7f4ba8a6219a2511255d14458c75b6ca71d87b89fe581db,cd9df2ade1ca21431041edcb14d5f17dd4911475861cec41755502771901127f,0eb4df990f6753bfc9e9029bf76f169c28456414
Climate_h4,0,1163,N,2026,1,43.60389197525381,7af3279b444ee011c7f4ba8a6219a2511255d14458c75b6ca71d87b89fe581db,cd9df2ade1ca21431041edcb14d5f17dd4911475861cec41755502771901127f,0eb4df990f6753bfc9e9029bf76f169c28456414
Climate_h4,0,1163,N,2026,2,43.71883713575858,7af3279b444ee011c7f4ba8a6219a2511255d14458c75b6ca71d87b89fe581db,cd9df2ade1ca21431041edcb14d5f17dd4911475861cec41755502771901127f,0eb4df990f6753bfc9e9029bf76f169c28456414
Climate_h4,0,1163,N,2026,3,43.829352607080615,7af3279b444ee011c7f4ba8a6219a2511255d14458c75b6ca71d87b89fe581db,cd9df2ade1ca21431041edcb14d5f17dd4911475861cec41755502771901127f,0eb4df990f6753bfc9e9029bf76f169c28456414
Climate_h4,0,1163,N,2026,4,43.916602313689395,7af3279b444ee011c7f4ba8a6219a2511255d14458c75b6ca71d87b89fe581db,cd9df2ade1ca21431041edcb14d5f17dd4911475861cec41755502771901127f,0eb4df990f6753bfc9e9029bf76f169c28456414
Climate_h4,0,1164,N,2026,1,44.96718531835324,7af3279b444ee011c7f4ba8a6219a2511255d14458c75b6ca71d87b89fe581db,cd9df2ade1ca21431041edcb14d5f17dd4911475861cec41755502771901127f,0eb4df990f6753bfc9e9029bf76f169c28456414
Climate_h4,0,1164,N,2026,2,45.07110741146937,7af3279b444ee011c7f4ba8a6219a2511255d14458c75b6ca71d87b89fe581db,cd9df2ade1ca21431041edcb14d5f17dd4911475861cec41755502771901127f,0eb4df990f6753bfc9e9029bf76f169c28456414
Climate_h4,0,1164,N,2026,3,45.155102228784926,7af3279b444ee011c7f4ba8a6219a2511255d14458c75b6ca71d87b89fe581db,cd9df2ade1ca21431041edcb14d5f17dd4911475861cec41755502771901127f,0eb4df990f6753bfc9e9029bf76f169c28456414
Climate_h4,0,1164,N,2026,4,45.22348028451229,7af3279b444ee011c7f4ba8a6219a2511255d14458c75b6ca71d87b89fe581db,cd9df2ade1ca21431041edcb14d5f17dd4911475861cec41755502771901127f,0eb4df990f6753bfc9e9029bf76f169c28456414
Climate_h4,0,1165,N,2026,1,45.91033731423842,7af3279b444ee011c7f4ba8a6219a2511255d14458c75b6ca71d87b89fe581db,cd9df2ade1ca21431041edcb14d5f17dd4911475861cec41755502771901127f,0eb4df990f6753bfc9e9029bf76f169c28456414
Climate_h4,0,1165,N,2026,2,45.9940451891867,7af3279b444ee011c7f4ba8a6219a2511255d14458c75b6ca71d87b89fe581db,cd9df2ade1ca21431041edcb14d5f17dd4911475861cec41755502771901127f,0eb4df990f6753bfc9e9029bf76f169c28456414
Climate_h4,0,1165,N,2026,3,46.062715728190646,7af3279b444ee011c7f4ba8a6219a2511255d14458c75b6ca71d87b89fe581db,cd9df2ade1ca21431041edcb14d5f17dd4911475861cec41755502771901127f,0eb4df990f6753bfc9e9029bf76f169c28456414
Climate_h4,0,1165,N,2026,4,46.11279181196239,7af3279b444ee011c7f4ba8a6219a2511255d14458c75b6ca71d87b89fe581db,cd9df2ade1ca21431041edcb14d5f17dd4911475861cec41755502771901127f,0eb4df990f6753bfc9e9029bf76f169c28456414
Climate_h4,0,1166,N,2026,1,46.05010157180221,7af3279b444ee011c7f4ba8a6219a2511255d14458c75b6ca71d87b89fe581db,cd9df2ade1ca21431041edcb14d5f17dd4911475861cec41755502771901127f,0eb4df990f6753bfc9e9029bf76f169c28456414
Climate_h4,0,1166,N,2026,2,46.11834855179407,7af3279b444ee011c7f4ba8a6219a2511255d14458c75b6ca71d87b89fe581db,cd9df2ade1ca21431041edcb14d5f17dd4911475861cec41755502771901127f,0eb4df990f6753bfc9e9029bf76f169c28456414
Climate_h4,0,1166,N,2026,3,46.17298539768988,7af3279b444ee011c7f4ba8a6219a2511255d14458c75b6ca71d87b89fe581db,cd9df2ade1ca21431041edcb14d5f17dd4911475861cec41755502771901127f,0eb4df990f6753bfc9e9029bf76f169c28456414
Climate_h4,0,1166,N,2026,4,46.21899655123898,7af3279b444ee011c7f4ba8a6219a2511255d14458c75b6ca71d87b89fe581db,cd9df2ade1ca21431041edcb14d5f17dd4911475861cec41755502771901127f,0eb4df990f6753bfc9e9029bf76f169c28456414
Climate_h4,0,1167,N,2026,1,48.272919224185124,7af3279b444ee011c7f4ba8a6219a2511255d14458c75b6ca71d87b89fe581db,cd9df2ade1ca21431041edcb14d5f17dd4911475861cec41755502771901127f,0eb4df990f6753bfc9e9029bf76f169c28456414
Climate_h4,0,1167,N,2026,2,48.312437325911226,7af3279b444ee011c7f4ba8a6219a2511255d14458c75b6ca71d87b89fe581db,cd9df2ade1ca21431041edcb14d5f17dd4911475861cec41755502771901127f,0eb4df990f6753bfc9e9029bf76f169c28456414
Climate_h4,0,1167,N,2026,3,48.354204432487094,7af3279b444ee011c7f4ba8a6219a2511255d14458c75b6ca71d87b89fe581db,cd9df2ade1ca21431041edcb14d5f17dd4911475861cec41755502771901127f,0eb4df990f6753bfc9e9029bf76f169c28456414
Climate_h4,0,1167,N,2026,4,48.37592841613058,7af3279b444ee011c7f4ba8a6219a2511255d14458c75b6ca71d87b89fe581db,cd9df2ade1ca21431041edcb14d5f17dd4911475861cec41755502771901127f,0eb4df990f6753bfc9e9029bf76f169c28456414
Climate_h4,0,1168,N,2026,1,46.62214597072283,7af3279b444ee011c7f4ba8a6219a2511255d14458c75b6ca71d87b89fe581db,cd9df2ade1ca21431041edcb14d5f17dd4911475861cec41755502771901127f,0eb4df990f6753bfc9e9029bf76f169c28456414
Climate_h4,0,1168,N,2026,2,46.65871107838148,7af3279b444ee011c7f4ba8a6219a2511255d14458c75b6ca71d87b89fe581db,cd9df2ade1ca21431041edcb14d5f17dd4911475861cec41755502771901127f,0eb4df990f6753bfc9e9029bf76f169c28456414
Climate_h4,0,1168,N,2026,3,46.688042157857595,7af3279b444ee011c7f4ba8a6219a2511255d14458c75b6ca71d87b89fe581db,cd9df2ade1ca21431041edcb14d5f17dd4911475861cec41755502771901127f,0eb4df990f6753bfc9e9029bf76f169c28456414
Climate_h4,0,1168,N,2026,4,46.71372281936888,7af3279b444ee011c7f4ba8a6219a2511255d14458c75b6ca71d87b89fe581db,cd9df2ade1ca21431041edcb14d5f17dd4911475861cec41755502771901127f,0eb4df990f6753bfc9e9029bf76f169c28456414
Climate_h4,0,1169,N,2026,1,46.66859260376729,7af3279b444ee011c7f4ba8a6219a2511255d14458c75b6ca71d87b89fe581db,cd9df2ade1ca21431041edcb14d5f17dd4911475861cec41755502771901127f,0eb4df990f6753bfc9e9029bf76f169c28456414
Climate_h4,0,1169,N,2026,2,46.697412181728346,7af3279b444ee011c7f4ba8a6219a2511255d14458c75b6ca71d87b89fe581db,cd9df2ade1ca21431041edcb14d5f17dd4911475861cec41755502771901127f,0eb4df990f6753bfc9e9029bf76f169c28456414
Climate_h4,0,1169,N,2026,3,46.73326575369274,7af3279b444ee011c7f4ba8a6219a2511255d14458c75b6ca71d87b89fe581db,cd9df2ade1ca21431041edcb14d5f17dd4911475861cec41755502771901127f,0eb4df990f6753bfc9e9029bf76f169c28456414
Climate_h4,0,1169,N,2026,4,46.774683153447924,7af3279b444ee011c7f4ba8a6219a2511255d14458c75b6ca71d87b89fe581db,cd9df2ade1ca21431041edcb14d5f17dd4911475861cec41755502771901127f,0eb4df990f6753bfc9e9029bf76f169c28456414
Climate_h4,0,1170,N,2026,1,48.4670340358076,7af3279b444ee011c7f4ba8a6219a2511255d14458c75b6ca71d87b89fe581db,cd9df2ade1ca21431041edcb14d5f17dd4911475861cec41755502771901127f,0eb4df990f6753bfc9e9029bf76f169c28456414
Climate_h4,0,1170,N,2026,2,48.49074834147851,7af3279b444ee011c7f4ba8a6219a2511255d14458c75b6ca71d87b89fe581db,cd9df2ade1ca21431041edcb14d5f17dd4911475861cec41755502771901127f,0eb4df990f6753bfc9e9029bf76f169c28456414
Climate_h4,0,1170,N,2026,3,48.532065775449794,7af3279b444ee011c7f4ba8a6219a2511255d14458c75b6ca71d87b89fe581db,cd9df2ade1ca21431041edcb14d5f17dd4911475861cec41755502771901127f,0eb4df990f6753bfc9e9029bf76f169c28456414
Climate_h4,0,1170,N,2026,4,48.59898540927462,7af3279b444ee011c7f4ba8a6219a2511255d14458c75b6ca71d87b89fe581db,cd9df2ade1ca21431041edcb14d5f17dd4911475861cec41755502771901127f,0eb4df990f6753bfc9e9029bf76f169c28456414
Climate_h4,0,1171,N,2026,1,45.13142892628797,7af3279b444ee011c7f4ba8a6219a2511255d14458c75b6ca71d87b89fe581db,cd9df2ade1ca21431041edcb14d5f17dd4911475861cec41755502771901127f,0eb4df990f6753bfc9e9029bf76f169c28456414
Climate_h4,0,1171,N,2026,2,45.18158423414198,7af3279b444ee011c7f4ba8a6219a2511255d14458c75b6ca71d87b89fe581db,cd9df2ade1ca21431041edcb14d5f17dd4911475861cec41755502771901127f,0eb4df990f6753bfc9e9029bf76f169c28456414
Climate_h4,0,1171,N,2026,3,45.2677665369537,7af3279b444ee011c7f4ba8a6219a2511255d14458c75b6ca71d87b89fe581db,cd9df2ade1ca21431041edcb14d5f17dd4911475861cec41755502771901127f,0eb4df990f6753bfc9e9029bf76f169c28456414
Climate_h4,0,1171,N,2026,4,45.39575990178696,7af3279b444ee011c7f4ba8a6219a2511255d14458c75b6ca71d87b89fe581db,cd9df2ade1ca21431041edcb14d5f17dd4911475861cec41755502771901127f,0eb4df990f6753bfc9e9029bf76f169c28456414
Climate_h4,0,1172,N,2026,1,44.85628844479019,7af3279b444ee011c7f4ba8a6219a2511255d14458c75b6ca71d87b89fe581db,cd9df2ade1ca21431041edcb14d5f17dd4911475861cec41755502771901127f,0eb4df990f6753bfc9e9029bf76f169c28456414
Climate_h4,0,1172,N,2026,2,44.95101335855353,7af3279b444ee011c7f4ba8a6219a2511255d14458c75b6ca71d87b89fe581db,cd9df2ade1ca21431041edcb14d5f17dd4911475861cec41755502771901127f,0eb4df990f6753bfc9e9029bf76f169c28456414
Climate_h4,0,1172,N,2026,3,45.095543437563265,7af3279b444ee011c7f4ba8a6219a2511255d14458c75b6ca71d87b89fe581db,cd9df2ade1ca21431041edcb14d5f17dd4911475861cec41755502771901127f,0eb4df990f6753bfc9e9029bf76f169c28456414
Climate_h4,0,1172,N,2026,4,45.2876735714788,7af3279b444ee011c7f4ba8a6219a2511255d14458c75b6ca71d87b89fe581db,cd9df2ade1ca21431041edcb14d5f17dd4911475861cec41755502771901127f,0eb4df990f6753bfc9e9029bf76f169c28456414
Climate_h4,0,1173,N,2026,1,40.28162305805002,7af3279b444ee011c7f4ba8a6219a2511255d14458c75b6ca71d87b89fe581db,cd9df2ade1ca21431041edcb14d5f17dd4911475861cec41755502771901127f,0eb4df990f6753bfc9e9029bf76f169c28456414
Climate_h4,0,1173,N,2026,2,40.459365938693075,7af3279b444ee011c7f4ba8a6219a2511255d14458c75b6ca71d87b89fe581db,cd9df2ade1ca21431041edcb14d5f17dd4911475861cec41755502771901127f,0eb4df990f6753bfc9e9029bf76f169c28456414
Climate_h4,0,1173,N,2026,3,40.68858224515322,7af3279b444ee011c7f4ba8a6219a2511255d14458c75b6ca71d87b89fe581db,cd9df2ade1ca21431041edcb14d5f17dd4911475861cec41755502771901127f,0eb4df990f6753bfc9e9029bf76f169c28456414
Climate_h4,0,1173,N,2026,4,40.95981840957768,7af3279b444ee011c7f4ba8a6219a2511255d14458c75b6ca71d87b89fe581db,cd9df2ade1ca21431041edcb14d5f17dd4911475861cec41755502771901127f,0eb4df990f6753bfc9e9029bf76f169c28456414
Climate_h4,0,1174,N,2026,1,35.15236875974059,7af3279b444ee011c7f4ba8a6219a2511255d14458c75b6ca71d87b89fe581db,cd9df2ade1ca21431041edcb14d5f17dd4911475861cec41755502771901127f,0eb4df990f6753bfc9e9029bf76f169c28456414
Climate_h4,0,1174,N,2026,2,35.43401973220092,7af3279b444ee011c7f4ba8a6219a2511255d14458c75b6ca71d87b89fe581db,cd9df2ade1ca21431041edcb14d5f17dd4911475861cec41755502771901127f,0eb4df990f6753bfc9e9029bf76f169c28456414
Climate_h4,0,1174,N,2026,3,35.75828751931399,7af3279b444ee011c7f4ba8a6219a2511255d14458c75b6ca71d87b89fe581db,cd9df2ade1ca21431041edcb14d5f17dd4911475861cec41755502771901127f,0eb4df990f6753bfc9e9029bf76f169c28456414
Climate_h4,0,1174,N,2026,4,36.10669677403965,7af3279b444ee011c7f4ba8a6219a2511255d14458c75b6ca71d87b89fe581db,cd9df2ade1ca21431041edcb14d5f17dd4911475861cec41755502771901127f,0eb4df990f6753bfc9e9029bf76f169c28456414
Climate_h4,0,1175,N,2026,1,34.207361449317354,7af3279b444ee011c7f4ba8a6219a2511255d14458c75b6ca71d87b89fe581db,cd9df2ade1ca21431041edcb14d5f17dd4911475861cec41755502771901127f,0eb4df990f6753bfc9e9029bf76f169c28456414
Climate_h4,0,1175,N,2026,2,34.584662027942464,7af3279b444ee011c7f4ba8a6219a2511255d14458c75b6ca71d87b89fe581db,cd9df2ade1ca21431041edcb14d5f17dd4911475861cec41755502771901127f,0eb4df990f6753bfc9e9029bf76f169c28456414
Climate_h4,0,1175,N,2026,3,34.980333345906736,7af3279b444ee011c7f4ba8a6219a2511255d14458c75b6ca71d87b89fe581db,cd9df2ade1ca21431041edcb14d5f17dd4911475861cec41755502771901127f,0eb4df990f6753bfc9e9029bf76f169c28456414
Climate_h4,0,1175,N,2026,4,35.40164153703906,7af3279b444ee011c7f4ba8a6219a2511255d14458c75b6ca71d87b89fe581db,cd9df2ade1ca21431041edcb14d5f17dd4911475861cec41755502771901127f,0eb4df990f6753bfc9e9029bf76f169c28456414
Climate_h4,0,1176,N,2026,1,35.71317426369553,7af3279b444ee011c7f4ba8a6219a2511255d14458c75b6ca71d87b89fe581db,cd9df2ade1ca21431041edcb14d5f17dd4911475861cec41755502771901127f,0eb4df990f6753bfc9e9029bf76f169c28456414
Climate_h4,0,1176,N,2026,2,36.145844626207214,7af3279b444ee011c7f4ba8a6219a2511255d14458c75b6ca71d87b89fe581db,cd9df2ade1ca21431041edcb14d5f17dd4911475861cec41755502771901127f,0eb4df990f6753bfc9e9029bf76f169c28456414
Climate_h4,0,1176,N,2026,3,36.59654008530414,7af3279b444ee011c7f4ba8a6219a2511255d14458c75b6ca71d87b89fe581db,cd9df2ade1ca21431041edcb14d5f17dd4911475861cec41755502771901127f,0eb4df990f6753bfc9e9029bf76f169c28456414
Climate_h4,0,1176,N,2026,4,37.07619878079878,7af3279b444ee011c7f4ba8a6219a2511255d14458c75b6ca71d87b89fe581db,cd9df2ade1ca21431041edcb14d5f17dd4911475861cec41755502771901127f,0eb4df990f6753bfc9e9029bf76f169c28456414
Climate_h4,0,1177,N,2026,1,37.120049982755674,7af3279b444ee011c7f4ba8a6219a2511255d14458c75b6ca71d87b89fe581db,cd9df2ade1ca21431041edcb14d5f17dd4911475861cec41755502771901127f,0eb4df990f6753bfc9e9029bf76f169c28456414
Climate_h4,0,1177,N,2026,2,37.595553546461566,7af3279b444ee011c7f4ba8a6219a2511255d14458c75b6ca71d87b89fe581db,cd9df2ade1ca21431041edcb14d5f17dd4911475861cec41755502771901127f,0eb4df990f6753bfc9e9029bf76f169c28456414
Climate_h4,0,1177,N,2026,3,38.09148453091713,7af3279b444ee011c7f4ba8a6219a2511255d14458c75b6ca71d87b89fe581db,cd9df2ade1ca21431041edcb14d5f17dd4911475861cec41755502771901127f,0eb4df990f6753bfc9e9029bf76f169c28456414
Climate_h4,0,1177,N,2026,4,38.62611279506709,7af3279b444ee011c7f4ba8a6219a2511255d14458c75b6ca71d87b89fe581db,cd9df2ade1ca21431041edcb14d5f17dd4911475861cec41755502771901127f,0eb4df990f6753bfc9e9029bf76f169c28456414
Climate_h4,0,1178,N,2026,1,40.074068736134144,7af3279b444ee011c7f4ba8a6219a2511255d14458c75b6ca71d87b89fe581db,cd9df2ade1ca21431041edcb14d5f17dd4911475861cec41755502771901127f,0eb4df990f6753bfc9e9029bf76f169c28456414
Climate_h4,0,1178,N,2026,2,40.57640622939253,7af3279b444ee011c7f4ba8a6219a2511255d14458c75b6ca71d87b89fe581db,cd9df2ade1ca21431041edcb14d5f17dd4911475861cec41755502771901127f,0eb4df990f6753bfc9e9029bf76f169c28456414
Climate_h4,0,1178,N,2026,3,41.108297217415014,7af3279b444ee011c7f4ba8a6219a2511255d14458c75b6ca71d87b89fe581db,cd9df2ade1ca21431041edcb14d5f17dd4911475861cec41755502771901127f,0eb4df990f6753bfc9e9029bf76f169c28456414
Climate_h4,0,1178,N,2026,4,41.67537323676553,7af3279b444ee011c7f4ba8a6219a2511255d14458c75b6ca71d87b89fe581db,cd9df2ade1ca21431041edcb14d5f17dd4911475861cec41755502771901127f,0eb4df990f6753bfc9e9029bf76f169c28456414
Climate_h4,0,1179,N,2026,1,43.762725144200935,7af3279b444ee011c7f4ba8a6219a2511255d14458c75b6ca71d87b89fe581db,cd9df2ade1ca21431041edcb14d5f17dd4911475861cec41755502771901127f,0eb4df990f6753bfc9e9029bf76f169c28456414
Climate_h4,0,1179,N,2026,2,44.28278272503205,7af3279b444ee011c7f4ba8a6219a2511255d14458c75b6ca71d87b89fe581db,cd9df2ade1ca21431041edcb14d5f17dd4911475861cec41755502771901127f,0eb4df990f6753bfc9e9029bf76f169c28456414
Climate_h4,0,1179,N,2026,3,44.82871507898818,7af3279b444ee011c7f4ba8a6219a2511255d14458c75b6ca71d87b89fe581db,cd9df2ade1ca21431041edcb14d5f17dd4911475861cec41755502771901127f,0eb4df990f6753bfc9e9029bf76f169c28456414
Climate_h4,0,1179,N,2026,4,45.39058852058044,7af3279b444ee011c7f4ba8a6219a2511255d14458c75b6ca71d87b89fe581db,cd9df2ade1ca21431041edcb14d5f17dd4911475861cec41755502771901127f,0eb4df990f6753bfc9e9029bf76f169c28456414
Climate_h4,0,1180,N,2026,1,45.063768127733034,7af3279b444ee011c7f4ba8a6219a2511255d14458c75b6ca71d87b89fe581db,cd9df2ade1ca21431041edcb14d5f17dd4911475861cec41755502771901127f,0eb4df990f6753bfc9e9029bf76f169c28456414
Climate_h4,0,1180,N,2026,2,45.59805647140213,7af3279b444ee011c7f4ba8a6219a2511255d14458c75b6ca71d87b89fe581db,cd9df2ade1ca21431041edcb14d5f17dd4911475861cec41755502771901127f,0eb4df990f6753bfc9e9029bf76f169c28456414
Climate_h4,0,1180,N,2026,3,46.13892358387764,7af3279b444ee011c7f4ba8a6219a2511255d14458c75b6ca71d87b89fe581db,cd9df2ade1ca21431041edcb14d5f17dd4911475861cec41755502771901127f,0eb4df990f6753bfc9e9029bf76f169c28456414
Climate_h4,0,1180,N,2026,4,46.681153401667835,7af3279b444ee011c7f4ba8a6219a2511255d14458c75b6ca71d87b89fe581db,cd9df2ade1ca21431041edcb14d5f17dd4911475861cec41755502771901127f,0eb4df990f6753bfc9e9029bf76f169c28456414
Climate_h4,0,1181,N,2026,1,44.23075724669644,7af3279b444ee011c7f4ba8a6219a2511255d14458c75b6ca71d87b89fe581db,cd9df2ade1ca21431041edcb14d5f17dd4911475861cec41755502771901127f,0eb4df990f6753bfc9e9029bf76f169c28456414
Climate_h4,0,1181,N,2026,2,44.76875882674589,7af3279b444ee011c7f4ba8a6219a2511255d14458c75b6ca71d87b89fe581db,cd9df2ade1ca21431041edcb14d5f17dd4911475861cec41755502771901127f,0eb4df990f6753bfc9e9029bf76f169c28456414
Climate_h4,0,1181,N,2026,3,45.30246446697666,7af3279b444ee011c7f4ba8a6219a2511255d14458c75b6ca71d87b89fe581db,cd9df2ade1ca21431041edcb14d5f17dd4911475861cec41755502771901127f,0eb4df990f6753bfc9e9029bf76f169c28456414
Climate_h4,0,1181,N,2026,4,45.82305427181957,7af3279b444ee011c7f4ba8a6219a2511255d14458c75b6ca71d87b89fe581db,cd9df2ade1ca21431041edcb14d5f17dd4911475861cec41755502771901127f,0eb4df990f6753bfc9e9029bf76f169c28456414
Climate_h4,0,1182,N,2026,1,46.22549936606272,7af3279b444ee011c7f4ba8a6219a2511255d14458c75b6ca71d87b89fe581db,cd9df2ade1ca21431041edcb14d5f17dd4911475861cec41755502771901127f,0eb4df990f6753bfc9e9029bf76f169c28456414
Climate_h4,0,1182,N,2026,2,46.74636263518603,7af3279b444ee011c7f4ba8a6219a2511255d14458c75b6ca71d87b89fe581db,cd9df2ade1ca21431041edcb14d5f17dd4911475861cec41755502771901127f,0eb4df990f6753bfc9e9029bf76f169c28456414
Climate_h4,0,1182,N,2026,3,47.254978063894924,7af3279b444ee011c7f4ba8a6219a2511255d14458c75b6ca71d87b89fe581db,cd9df2ade1ca21431041edcb14d5f17dd4911475861cec41755502771901127f,0eb4df990f6753bfc9e9029bf76f169c28456414
Climate_h4,0,1182,N,2026,4,47.743964031405454,7af3279b444ee011c7f4ba8a6219a2511255d14458c75b6ca71d87b89fe581db,cd9df2ade1ca21431041edcb14d5f17dd4911475861cec41755502771901127f,0eb4df990f6753bfc9e9029bf76f169c28456414
Climate_h4,0,1183,N,2026,1,46.16746674519665,7af3279b444ee011c7f4ba8a6219a2511255d14458c75b6ca71d87b89fe581db,cd9df2ade1ca21431041edcb14d5f17dd4911475861cec41755502771901127f,0eb4df990f6753bfc9e9029bf76f169c28456414
Climate_h4,0,1183,N,2026,2,46.66372368587676,7af3279b444ee011c7f4ba8a6219a2511255d14458c75b6ca71d87b89fe581db,cd9df2ade1ca21431041edcb14d5f17dd4911475861cec41755502771901127f,0eb4df990f6753bfc9e9029bf76f169c28456414
Climate_h4,0,1183,N,2026,3,47.147907383832916,7af3279b444ee011c7f4ba8a6219a2511255d14458c75b6ca71d87b89fe581db,cd9df2ade1ca21431041edcb14d5f17dd4911475861cec41755502771901127f,0eb4df990f6753bfc9e9029bf76f169c28456414
Climate_h4,0,1183,N,2026,4,47.580237475413675,7af3279b444ee011c7f4ba8a6219a2511255d14458c75b6ca71d87b89fe581db,cd9df2ade1ca21431041edcb14d5f17dd4911475861cec41755502771901127f,0eb4df990f6753bfc9e9029bf76f169c28456414
Climate_h4,0,1184,N,2026,1,46.97211817594906,7af3279b444ee011c7f4ba8a6219a2511255d14458c75b6ca71d87b89fe581db,cd9df2ade1ca21431041edcb14d5f17dd4911475861cec41755502771901127f,0eb4df990f6753bfc9e9029bf76f169c28456414
Climate_h4,0,1184,N,2026,2,47.44214892899825,7af3279b444ee011c7f4ba8a6219a2511255d14458c75b6ca71d87b89fe581db,cd9df2ade1ca21431041edcb14d5f17dd4911475861cec41755502771901127f,0eb4df990f6753bfc9e9029bf76f169c28456414
Climate_h4,0,1184,N,2026,3,47.87031682956953,7af3279b444ee011c7f4ba8a6219a2511255d14458c75b6ca71d87b89fe581db,cd9df2ade1ca21431041edcb14d5f17dd4911475861cec41755502771901127f,0eb4df990f6753bfc9e9029bf76f169c28456414
Climate_h4,0,1184,N,2026,4,48.24046204653139,7af3279b444ee011c7f4ba8a6219a2511255d14458c75b6ca71d87b89fe581db,cd9df2ade1ca21431041edcb14d5f17dd4911475861cec41755502771901127f,0eb4df990f6753bfc9e9029bf76f169c28456414
Climate_h4,0,1185,N,2026,1,44.84590039831618,7af3279b444ee011c7f4ba8a6219a2511255d14458c75b6ca71d87b89fe581db,cd9df2ade1ca21431041edcb14d5f17dd4911475861cec41755502771901127f,0eb4df990f6753bfc9e9029bf76f169c28456414
Climate_h4,0,1185,N,2026,2,45.280214815114135,7af3279b444ee011c7f4ba8a6219a2511255d14458c75b6ca71d87b89fe581db,cd9df2ade1ca21431041edcb14d5f17dd4911475861cec41755502771901127f,0eb4df990f6753bfc9e9029bf76f169c28456414
Climate_h4,0,1185,N,2026,3,45.66345189927415,7af3279b444ee011c7f4ba8a6219a2511255d14458c75b6ca71d87b89fe581db,cd9df2ade1ca21431041edcb14d5f17dd4911475861cec41755502771901127f,0eb4df990f6753bfc9e9029bf76f169c28456414
Climate_h4,0,1185,N,2026,4,45.99268349734308,7af3279b444ee011c7f4ba8a6219a2511255d14458c75b6ca71d87b89fe581db,cd9df2ade1ca21431041edcb14d5f17dd4911475861cec41755502771901127f,0eb4df990f6753bfc9e9029bf76f169c28456414
Climate_h4,0,1186,N,2026,1,42.52771477026518,7af3279b444ee011c7f4ba8a6219a2511255d14458c75b6ca71d87b89fe581db,cd9df2ade1ca21431041edcb14d5f17dd4911475861cec41755502771901127f,0eb4df990f6753bfc9e9029bf76f169c28456414
Climate_h4,0,1186,N,2026,2,42.93493769179774,7af3279b444ee011c7f4ba8a6219a2511255d14458c75b6ca71d87b89fe581db,cd9df2ade1ca21431041edcb14d5f17dd4911475861cec41755502771901127f,0eb4df990f6753bfc9e9029bf76f169c28456414
Climate_h4,0,1186,N,2026,3,43.29023750105542,7af3279b444ee011c7f4ba8a6219a2511255d14458c75b6ca71d87b89fe581db,cd9df2ade1ca21431041edcb14d5f17dd4911475861cec41755502771901127f,0eb4df990f6753bfc9e9029bf76f169c28456414
Climate_h4,0,1186,N,2026,4,43.58819954645319,7af3279b444ee011c7f4ba8a6219a2511255d14458c75b6ca71d87b89fe581db,cd9df2ade1ca21431041edcb14d5f17dd4911475861cec41755502771901127f,0eb4df990f6753bfc9e9029bf76f169c28456414
Climate_h4,0,1187,N,2026,1,37.33689396720062,7af3279b444ee011c7f4ba8a6219a2511255d14458c75b6ca71d87b89fe581db,cd9df2ade1ca21431041edcb14d5f17dd4911475861cec41755502771901127f,0eb4df990f6753bfc9e9029bf76f169c28456414
Climate_h4,0,1187,N,2026,2,37.74473321625126,7af3279b444ee011c7f4ba8a6219a2511255d14458c75b6ca71d87b89fe581db,cd9df2ade1ca21431041edcb14d5f17dd4911475861cec41755502771901127f,0eb4df990f6753bfc9e9029bf76f169c28456414
Climate_h4,0,1187,N,2026,3,38.09228902512762,7af3279b444ee011c7f4ba8a6219a2511255d14458c75b6ca71d87b89fe581db,cd9df2ade1ca21431041edcb14d5f17dd4911475861cec41755502771901127f,0eb4df990f6753bfc9e9029bf76f169c28456414
Climate_h4,0,1187,N,2026,4,38.398958240079246,7af3279b444ee011c7f4ba8a6219a2511255d14458c75b6ca71d87b89fe581db,cd9df2ade1ca21431041edcb14d5f17dd4911475861cec41755502771901127f,0eb4df990f6753bfc9e9029bf76f169c28456414
Climate_h4,0,1188,N,2026,1,35.581643774422886,7af3279b444ee011c7f4ba8a6219a2511255d14458c75b6ca71d87b89fe581db,cd9df2ade1ca21431041edcb14d5f17dd4911475861cec41755502771901127f,0eb4df990f6753bfc9e9029bf76f169c28456414
Climate_h4,0,1188,N,2026,2,35.98432905061756,7af3279b444ee011c7f4ba8a6219a2511255d14458c75b6ca71d87b89fe581db,cd9df2ade1ca21431041edcb14d5f17dd4911475861cec41755502771901127f,0eb4df990f6753bfc9e9029bf76f169c28456414
Climate_h4,0,1188,N,2026,3,36.34028215870005,7af3279b444ee011c7f4ba8a6219a2511255d14458c75b6ca71d87b89fe581db,cd9df2ade1ca21431041edcb14d5f17dd4911475861cec41755502771901127f,0eb4df990f6753bfc9e9029bf76f169c28456414
Climate_h4,0,1188,N,2026,4,36.675148932439456,7af3279b444ee011c7f4ba8a6219a2511255d14458c75b6ca71d87b89fe581db,cd9df2ade1ca21431041edcb14d5f17dd4911475861cec41755502771901127f,0eb4df990f6753bfc9e9029bf76f169c28456414
Climate_h4,0,1189,N,2026,1,31.921251869428154,7af3279b444ee011c7f4ba8a6219a2511255d14458c75b6ca71d87b89fe581db,cd9df2ade1ca21431041edcb14d5f17dd4911475861cec41755502771901127f,0eb4df990f6753bfc9e9029bf76f169c28456414
Climate_h4,0,1189,N,2026,2,32.34399583374817,7af3279b444ee011c7f4ba8a6219a2511255d14458c75b6ca71d87b89fe581db,cd9df2ade1ca21431041edcb14d5f17dd4911475861cec41755502771901127f,0eb4df990f6753bfc9e9029bf76f169c28456414
Climate_h4,0,1189,N,2026,3,32.737559632781235,7af3279b444ee011c7f4ba8a6219a2511255d14458c75b6ca71d87b89fe581db,cd9df2ade1ca21431041edcb14d5f17dd4911475861cec41755502771901127f,0eb4df990f6753bfc9e9029bf76f169c28456414
Climate_h4,0,1189,N,2026,4,33.11619291278899,7af3279b444ee011c7f4ba8a6219a2511255d14458c75b6ca71d87b89fe581db,cd9df2ade1ca21431041edcb14d5f17dd4911475861cec41755502771901127f,0eb4df990f6753bfc9e9029bf76f169c28456414
Climate_h4,0,1190,N,2026,1,31.556274897537403,7af3279b444ee011c7f4ba8a6219a2511255d14458c75b6ca71d87b89fe581db,cd9df2ade1ca21431041edcb14d5f17dd4911475861cec41755502771901127f,0eb4df990f6753bfc9e9029bf76f169c28456414
Climate_h4,0,1190,N,2026,2,32.00656058721794,7af3279b444ee011c7f4ba8a6219a2511255d14458c75b6ca71d87b89fe581db,cd9df2ade1ca21431041edcb14d5f17dd4911475861cec41755502771901127f,0eb4df990f6753bfc9e9029bf76f169c28456414
Climate_h4,0,1190,N,2026,3,32.433424942795554,7af3279b444ee011c7f4ba8a6219a2511255d14458c75b6ca71d87b89fe581db,cd9df2ade1ca21431041edcb14d5f17dd4911475861cec41755502771901127f,0eb4df990f6753bfc9e9029bf76f169c28456414
Climate_h4,0,1190,N,2026,4,32.851957495843045,7af3279b444ee011c7f4ba8a6219a2511255d14458c75b6ca71d87b89fe581db,cd9df2ade1ca21431041edcb14d5f17dd4911475861cec41755502771901127f,0eb4df990f6753bfc9e9029bf76f169c28456414
Climate_h4,0,1191,N,2026,1,29.72330386862069,7af3279b444ee011c7f4ba8a6219a2511255d14458c75b6ca71d87b89fe581db,cd9df2ade1ca21431041edcb14d5f17dd4911475861cec41755502771901127f,0eb4df990f6753bfc9e9029bf76f169c28456414
Climate_h4,0,1191,N,2026,2,30.210205195416684,7af3279b444ee011c7f4ba8a6219a2511255d14458c75b6ca71d87b89fe581db,cd9df2ade1ca21431041edcb14d5f17dd4911475861cec41755502771901127f,0eb4df990f6753bfc9e9029bf76f169c28456414
Climate_h4,0,1191,N,2026,3,30.67816061607524,7af3279b444ee011c7f4ba8a6219a2511255d14458c75b6ca71d87b89fe581db,cd9df2ade1ca21431041edcb14d5f17dd4911475861cec41755502771901127f,0eb4df990f6753bfc9e9029bf76f169c28456414
Climate_h4,0,1191,N,2026,4,31.146447259234453,7af3279b444ee011c7f4ba8a6219a2511255d14458c75b6ca71d87b89fe581db,cd9df2ade1ca21431041edcb14d5f17dd4911475861cec41755502771901127f,0eb4df990f6753bfc9e9029bf76f169c28456414
Climate_h4,0,1192,N,2026,1,29.087382521767633,7af3279b444ee011c7f4ba8a6219a2511255d14458c75b6ca71d87b89fe581db,cd9df2ade1ca21431041edcb14d5f17dd4911475861cec41755502771901127f,0eb4df990f6753bfc9e9029bf76f169c28456414
Climate_h4,0,1192,N,2026,2,29.60598872531805,7af3279b444ee011c7f4ba8a6219a2511255d14458c75b6ca71d87b89fe581db,cd9df2ade1ca21431041edcb14d5f17dd4911475861cec41755502771901127f,0eb4df990f6753bfc9e9029bf76f169c28456414
Climate_h4,0,1192,N,2026,3,30.115310661392485,7af3279b444ee011c7f4ba8a6219a2511255d14458c75b6ca71d87b89fe581db,cd9df2ade1ca21431041edcb14d5f17dd4911475861cec41755502771901127f,0eb4df990f6753bfc9e9029bf76f169c28456414
Climate_h4,0,1192,N,2026,4,30.610946414627303,7af3279b444ee011c7f4ba8a6219a2511255d14458c75b6ca71d87b89fe581db,cd9df2ade1ca21431041edcb14d5f17dd4911475861cec41755502771901127f,0eb4df990f6753bfc9e9029bf76f169c28456414
Climate_h4,0,1193,N,2026,1,29.35795678920776,7af3279b444ee011c7f4ba8a6219a2511255d14458c75b6ca71d87b89fe581db,cd9df2ade1ca21431041edcb14d5f17dd4911475861cec41755502771901127f,0eb4df990f6753bfc9e9029bf76f169c28456414
Climate_h4,0,1193,N,2026,2,29.905204513665637,7af3279b444ee011c7f4ba8a6219a2511255d14458c75b6ca71d87b89fe581db,cd9df2ade1ca21431041edcb14d5f17dd4911475861cec41755502771901127f,0eb4df990f6753bfc9e9029bf76f169c28456414
Climate_h4,0,1193,N,2026,3,30.431344009124857,7af3279b444ee011c7f4ba8a6219a2511255d14458c75b6ca71d87b89fe581db,cd9df2ade1ca21431041edcb14d5f17dd4911475861cec41755502771901127f,0eb4df990f6753bfc9e9029bf76f169c28456414
Climate_h4,0,1193,N,2026,4,30.934798624660992,7af3279b444ee011c7f4ba8a6219a2511255d14458c75b6ca71d87b89fe581db,cd9df2ade1ca21431041edcb14d5f17dd4911475861cec41755502771901127f,0eb4df990f6753bfc9e9029bf76f169c28456414
Climate_h4,0,1194,N,2026,1,32.00760268750618,7af3279b444ee011c7f4ba8a6219a2511255d14458c75b6ca71d87b89fe581db,cd9df2ade1ca21431041edcb14d5f17dd4911475861cec41755502771901127f,0eb4df990f6753bfc9e9029bf76f169c28456414
Climate_h4,0,1194,N,2026,2,32.548785881961926,7af3279b444ee011c7f4ba8a6219a2511255d14458c75b6ca71d87b89fe581db,cd9df2ade1ca21431041edcb14d5f17dd4911475861cec41755502771901127f,0eb4df990f6753bfc9e9029bf76f169c28456414
Climate_h4,0,1194,N,2026,3,33.06318737973165,7af3279b444ee011c7f4ba8a6219a2511255d14458c75b6ca71d87b89fe581db,cd9df2ade1ca21431041edcb14d5f17dd4911475861cec41755502771901127f,0eb4df990f6753bfc9e9029bf76f169c28456414
Climate_h4,0,1194,N,2026,4,33.543717853684484,7af3279b444ee011c7f4ba8a6219a2511255d14458c75b6ca71d87b89fe581db,cd9df2ade1ca21431041edcb14d5f17dd4911475861cec41755502771901127f,0eb4df990f6753bfc9e9029bf76f169c28456414
Climate_h4,0,1195,N,2026,1,32.11520216489981,7af3279b444ee011c7f4ba8a6219a2511255d14458c75b6ca71d87b89fe581db,cd9df2ade1ca21431041edcb14d5f17dd4911475861cec41755502771901127f,0eb4df990f6753bfc9e9029bf76f169c28456414
Climate_h4,0,1195,N,2026,2,32.6409358481277,7af3279b444ee011c7f4ba8a6219a2511255d14458c75b6ca71d87b89fe581db,cd9df2ade1ca21431041edcb14d5f17dd4911475861cec41755502771901127f,0eb4df990f6753bfc9e9029bf76f169c28456414
Climate_h4,0,1195,N,2026,3,33.13161720631119,7af3279b444ee011c7f4ba8a6219a2511255d14458c75b6ca71d87b89fe581db,cd9df2ade1ca21431041edcb14d5f17dd4911475861cec41755502771901127f,0eb4df990f6753bfc9e9029bf76f169c28456414
Climate_h4,0,1195,N,2026,4,33.58293274967437,7af3279b444ee011c7f4ba8a6219a2511255d14458c75b6ca71d87b89fe581db,cd9df2ade1ca21431041edcb14d5f17dd4911475861cec41755502771901127f,0eb4df990f6753bfc9e9029bf76f169c28456414
Climate_h4,0,1196,N,2026,1,33.79783719527201,7af3279b444ee011c7f4ba8a6219a2511255d14458c75b6ca71d87b89fe581db,cd9df2ade1ca21431041edcb14d5f17dd4911475861cec41755502771901127f,0eb4df990f6753bfc9e9029bf76f169c28456414
Climate_h4,0,1196,N,2026,2,34.293274129259025,7af3279b444ee011c7f4ba8a6219a2511255d14458c75b6ca71d87b89fe581db,cd9df2ade1ca21431041edcb14d5f17dd4911475861cec41755502771901127f,0eb4df990f6753bfc9e9029bf76f169c28456414
Climate_h4,0,1196,N,2026,3,34.74950579767292,7af3279b444ee011c7f4ba8a6219a2511255d14458c75b6ca71d87b89fe581db,cd9df2ade1ca21431041edcb14d5f17dd4911475861cec41755502771901127f,0eb4df990f6753bfc9e9029bf76f169c28456414
Climate_h4,0,1196,N,2026,4,35.15738892170487,7af3279b444ee011c7f4ba8a6219a2511255d14458c75b6ca71d87b89fe581db,cd9df2ade1ca21431041edcb14d5f17dd4911475861cec41755502771901127f,0eb4df990f6753bfc9e9029bf76f169c28456414
Climate_h4,0,1197,N,2026,1,34.76644584660794,7af3279b444ee011c7f4ba8a6219a2511255d14458c75b6ca71d87b89fe581db,cd9df2ade1ca21431041edcb14d5f17dd4911475861cec41755502771901127f,0eb4df990f6753bfc9e9029bf76f169c28456414
Climate_h4,0,1197,N,2026,2,35.226942492976754,7af3279b444ee011c7f4ba8a6219a2511255d14458c75b6ca71d87b89fe581db,cd9df2ade1ca21431041edcb14d5f17dd4911475861cec41755502771901127f,0eb4df990f6753bfc9e9029bf76f169c28456414
Climate_h4,0,1197,N,2026,3,35.64118422239238,7af3279b444ee011c7f4ba8a6219a2511255d14458c75b6ca71d87b89fe581db,cd9df2ade1ca21431041edcb14d5f17dd4911475861cec41755502771901127f,0eb4df990f6753bfc9e9029bf76f169c28456414
Climate_h4,0,1197,N,2026,4,36.00591405686432,7af3279b444ee011c7f4ba8a6219a2511255d14458c75b6ca71d87b89fe581db,cd9df2ade1ca21431041edcb14d5f17dd4911475861cec41755502771901127f,0eb4df990f6753bfc9e9029bf76f169c28456414
Climate_h4,0,1198,N,2026,1,35.51023565511258,7af3279b444ee011c7f4ba8a6219a2511255d14458c75b6ca71d87b89fe581db,cd9df2ade1ca21431041edcb14d5f17dd4911475861cec41755502771901127f,0eb4df990f6753bfc9e9029bf76f169c28456414
Climate_h4,0,1198,N,2026,2,35.93091767534021,7af3279b444ee011c7f4ba8a6219a2511255d14458c75b6ca71d87b89fe581db,cd9df2ade1ca21431041edcb14d5f17dd4911475861cec41755502771901127f,0eb4df990f6753bfc9e9029bf76f169c28456414
Climate_h4,0,1198,N,2026,3,36.30591473161302,7af3279b444ee011c7f4ba8a6219a2511255d14458c75b6ca71d87b89fe581db,cd9df2ade1ca21431041edcb14d5f17dd4911475861cec41755502771901127f,0eb4df990f6753bfc9e9029bf76f169c28456414
Climate_h4,0,1198,N,2026,4,36.63248743549387,7af3279b444ee011c7f4ba8a6219a2511255d14458c75b6ca71d87b89fe581db,cd9df2ade1ca21431041edcb14d5f17dd4911475861cec41755502771901127f,0eb4df990f6753bfc9e9029bf76f169c28456414
Climate_h4,0,1199,N,2026,1,38.61565907378217,7af3279b444ee011c7f4ba8a6219a2511255d14458c75b6ca71d87b89fe581db,cd9df2ade1ca21431041edcb14d5f17dd4911475861cec41755502771901127f,0eb4df990f6753bfc9e9029bf76f169c28456414
Climate_h4,0,1199,N,2026,2,38.982901620655454,7af3279b444ee011c7f4ba8a6219a2511255d14458c75b6ca71d87b89fe581db,cd9df2ade1ca21431041edcb14d5f17dd4911475861cec41755502771901127f,0eb4df990f6753bfc9e9029bf76f169c28456414
Climate_h4,0,1199,N,2026,3,39.30960920615411,7af3279b444ee011c7f4ba8a6219a2511255d14458c75b6ca71d87b89fe581db,cd9df2ade1ca21431041edcb14d5f17dd4911475861cec41755502771901127f,0eb4df990f6753bfc9e9029bf76f169c28456414
Climate_h4,0,1199,N,2026,4,39.58341215508428,7af3279b444ee011c7f4ba8a6219a2511255d14458c75b6ca71d87b89fe581db,cd9df2ade1ca21431041edcb14d5f17dd4911475861cec41755502771901127f,0eb4df990f6753bfc9e9029bf76f169c28456414
Climate_h4,0,1200,N,2026,1,38.44618716751019,7af3279b444ee011c7f4ba8a6219a2511255d14458c75b6ca71d87b89fe581db,cd9df2ade1ca21431041edcb14d5f17dd4911475861cec41755502771901127f,0eb4df990f6753bfc9e9029bf76f169c28456414
Climate_h4,0,1200,N,2026,2,38.77349122728537,7af3279b444ee011c7f4ba8a6219a2511255d14458c75b6ca71d87b89fe581db,cd9df2ade1ca21431041edcb14d5f17dd4911475861cec41755502771901127f,0eb4df990f6753bfc9e9029bf76f169c28456414
Climate_h4,0,1200,N,2026,3,39.057775105763554,7af3279b444ee011c7f4ba8a6219a2511255d14458c75b6ca71d87b89fe581db,cd9df2ade1ca21431041edcb14d5f17dd4911475861cec41755502771901127f,0eb4df990f6753bfc9e9029bf76f169c28456414
Climate_h4,0,1200,N,2026,4,39.30735999658186,7af3279b444ee011c7f4ba8a6219a2511255d14458c75b6ca71d87b89fe581db,cd9df2ade1ca21431041edcb14d5f17dd4911475861cec41755502771901127f,0eb4df990f6753bfc9e9029bf76f169c28456414
Climate_h4,0,1201,N,2026,1,42.20621251899622,7af3279b444ee011c7f4ba8a6219a2511255d14458c75b6ca71d87b89fe581db,cd9df2ade1ca21431041edcb14d5f17dd4911475861cec41755502771901127f,0eb4df990f6753bfc9e9029bf76f169c28456414
Climate_h4,0,1201,N,2026,2,42.47544427181067,7af3279b444ee011c7f4ba8a6219a2511255d14458c75b6ca71d87b89fe581db,cd9df2ade1ca21431041edcb14d5f17dd4911475861cec41755502771901127f,0eb4df990f6753bfc9e9029bf76f169c28456414
Climate_h4,0,1201,N,2026,3,42.72174310721073,7af3279b444ee011c7f4ba8a6219a2511255d14458c75b6ca71d87b89fe581db,cd9df2ade1ca21431041edcb14d5f17dd4911475861cec41755502771901127f,0eb4df990f6753bfc9e9029bf76f169c28456414
Climate_h4,0,1201,N,2026,4,42.93504455509674,7af3279b444ee011c7f4ba8a6219a2511255d14458c75b6ca71d87b89fe581db,cd9df2ade1ca21431041edcb14d5f17dd4911475861cec41755502771901127f,0eb4df990f6753bfc9e9029bf76f169c28456414
Climate_h4,0,1202,N,2026,1,44.61926283149994,7af3279b444ee011c7f4ba8a6219a2511255d14458c75b6ca71d87b89fe581db,cd9df2ade1ca21431041edcb14d5f17dd4911475861cec41755502771901127f,0eb4df990f6753bfc9e9029bf76f169c28456414
Climate_h4,0,1202,N,2026,2,44.848065909724994,7af3279b444ee011c7f4ba8a6219a2511255d14458c75b6ca71d87b89fe581db,cd9df2ade1ca21431041edcb14d5f17dd4911475861cec41755502771901127f,0eb4df990f6753bfc9e9029bf76f169c28456414
Climate_h4,0,1202,N,2026,3,45.05478549360371,7af3279b444ee011c7f4ba8a6219a2511255d14458c75b6ca71d87b89fe581db,cd9df2ade1ca21431041edcb14d5f17dd4911475861cec41755502771901127f,0eb4df990f6753bfc9e9029bf76f169c28456414
Climate_h4,0,1202,N,2026,4,45.21788802333481,7af3279b444ee011c7f4ba8a6219a2511255d14458c75b6ca71d87b89fe581db,cd9df2ade1ca21431041edcb14d5f17dd4911475861cec41755502771901127f,0eb4df990f6753bfc9e9029bf76f169c28456414
Climate_h4,0,1203,N,2026,1,45.8887460972595,7af3279b444ee011c7f4ba8a6219a2511255d14458c75b6ca71d87b89fe581db,cd9df2ade1ca21431041edcb14d5f17dd4911475861cec41755502771901127f,0eb4df990f6753bfc9e9029bf76f169c28456414
Climate_h4,0,1203,N,2026,2,46.08077473343613,7af3279b444ee011c7f4ba8a6219a2511255d14458c75b6ca71d87b89fe581db,cd9df2ade1ca21431041edcb14d5f17dd4911475861cec41755502771901127f,0eb4df990f6753bfc9e9029bf76f169c28456414
Climate_h4,0,1203,N,2026,3,46.23953041090947,7af3279b444ee011c7f4ba8a6219a2511255d14458c75b6ca71d87b89fe581db,cd9df2ade1ca21431041edcb14d5f17dd4911475861cec41755502771901127f,0eb4df990f6753bfc9e9029bf76f169c28456414
Climate_h4,0,1203,N,2026,4,46.35655040591193,7af3279b444ee011c7f4ba8a6219a2511255d14458c75b6ca71d87b89fe581db,cd9df2ade1ca21431041edcb14d5f17dd4911475861cec41755502771901127f,0eb4df990f6753bfc9e9029bf76f169c28456414
Climate_h4,0,1204,N,2026,1,47.47046430754435,7af3279b444ee011c7f4ba8a6219a2511255d14458c75b6ca71d87b89fe581db,cd9df2ade1ca21431041edcb14d5f17dd4911475861cec41755502771901127f,0eb4df990f6753bfc9e9029bf76f169c28456414
Climate_h4,0,1204,N,2026,2,47.61668306536074,7af3279b444ee011c7f4ba8a6219a2511255d14458c75b6ca71d87b89fe581db,cd9df2ade1ca21431041edcb14d5f17dd4911475861cec41755502771901127f,0eb4df990f6753bfc9e9029bf76f169c28456414
Climate_h4,0,1204,N,2026,3,47.7298786524629,7af3279b444ee011c7f4ba8a6219a2511255d14458c75b6ca71d87b89fe581db,cd9df2ade1ca21431041edcb14d5f17dd4911475861cec41755502771901127f,0eb4df990f6753bfc9e9029bf76f169c28456414
Climate_h4,0,1204,N,2026,4,47.808076709723395,7af3279b444ee011c7f4ba8a6219a2511255d14458c75b6ca71d87b89fe581db,cd9df2ade1ca21431041edcb14d5f17dd4911475861cec41755502771901127f,0eb4df990f6753bfc9e9029bf76f169c28456414
Climate_h4,0,1205,N,2026,1,48.56112092230198,7af3279b444ee011c7f4ba8a6219a2511255d14458c75b6ca71d87b89fe581db,cd9df2ade1ca21431041edcb14d5f17dd4911475861cec41755502771901127f,0eb4df990f6753bfc9e9029bf76f169c28456414
Climate_h4,0,1205,N,2026,2,48.66755146183649,7af3279b444ee011c7f4ba8a6219a2511255d14458c75b6ca71d87b89fe581db,cd9df2ade1ca21431041edcb14d5f17dd4911475861cec41755502771901127f,0eb4df990f6753bfc9e9029bf76f169c28456414
Climate_h4,0,1205,N,2026,3,48.745660313288404,7af3279b444ee011c7f4ba8a6219a2511255d14458c75b6ca71d87b89fe581db,cd9df2ade1ca21431041edcb14d5f17dd4911475861cec41755502771901127f,0eb4df990f6753bfc9e9029bf76f169c28456414
Climate_h4,0,1205,N,2026,4,48.79341364434461,7af3279b444ee011c7f4ba8a6219a2511255d14458c75b6ca71d87b89fe581db,cd9df2ade1ca21431041edcb14d5f17dd4911475861cec41755502771901127f,0eb4df990f6753bfc9e9029bf76f169c28456414
Climate_h4,0,1206,N,2026,1,49.62362570842141,7af3279b444ee011c7f4ba8a6219a2511255d14458c75b6ca71d87b89fe581db,cd9df2ade1ca21431041edcb14d5f17dd4911475861cec41755502771901127f,0eb4df990f6753bfc9e9029bf76f169c28456414
Climate_h4,0,1206,N,2026,2,49.693964716577284,7af3279b444ee011c7f4ba8a6219a2511255d14458c75b6ca71d87b89fe581db,cd9df2ade1ca21431041edcb14d5f17dd4911475861cec41755502771901127f,0eb4df990f6753bfc9e9029bf76f169c28456414
Climate_h4,0,1206,N,2026,3,49.741948192753256,7af3279b444ee011c7f4ba8a6219a2511255d14458c75b6ca71d87b89fe581db,cd9df2ade1ca21431041edcb14d5f17dd4911475861cec41755502771901127f,0eb4df990f6753bfc9e9029bf76f169c28456414
Climate_h4,0,1206,N,2026,4,49.76490642750247,7af3279b444ee011c7f4ba8a6219a2511255d14458c75b6ca71d87b89fe581db,cd9df2ade1ca21431041edcb14d5f17dd4911475861cec41755502771901127f,0eb4df990f6753bfc9e9029bf76f169c28456414
Climate_h4,0,1207,N,2026,1,52.099207047561514,7af3279b444ee011c7f4ba8a6219a2511255d14458c75b6ca71d87b89fe581db,cd9df2ade1ca21431041edcb14d5f17dd4911475861cec41755502771901127f,0eb4df990f6753bfc9e9029bf76f169c28456414
Climate_h4,0,1207,N,2026,2,52.13322419292765,7af3279b444ee011c7f4ba8a6219a2511255d14458c75b6ca71d87b89fe581db,cd9df2ade1ca21431041edcb14d5f17dd4911475861cec41755502771901127f,0eb4df990f6753bfc9e9029bf76f169c28456414
Climate_h4,0,1207,N,2026,3,52.14902053110851,7af3279b444ee011c7f4ba8a6219a2511255d14458c75b6ca71d87b89fe581db,cd9df2ade1ca21431041edcb14d5f17dd4911475861cec41755502771901127f,0eb4df990f6753bfc9e9029bf76f169c28456414
Climate_h4,0,1207,N,2026,4,52.141767268720216,7af3279b444ee011c7f4ba8a6219a2511255d14458c75b6ca71d87b89fe581db,cd9df2ade1ca21431041edcb14d5f17dd4911475861cec41755502771901127f,0eb4df990f6753bfc9e9029bf76f169c28456414
Climate_h4,0,1208,N,2026,1,52.01219069264136,7af3279b444ee011c7f4ba8a6219a2511255d14458c75b6ca71d87b89fe581db,cd9df2ade1ca21431041edcb14d5f17dd4911475861cec41755502771901127f,0eb4df990f6753bfc9e9029bf76f169c28456414
Climate_h4,0,1208,N,2026,2,52.01832665895882,7af3279b444ee011c7f4ba8a6219a2511255d14458c75b6ca71d87b89fe581db,cd9df2ade1ca21431041edcb14d5f17dd4911475861cec41755502771901127f,0eb4df990f6753bfc9e9029bf76f169c28456414
Climate_h4,0,1208,N,2026,3,52.008258892426184,7af3279b444ee011c7f4ba8a6219a2511255d14458c75b6ca71d87b89fe581db,cd9df2ade1ca21431041edcb14d5f17dd4911475861cec41755502771901127f,0eb4df990f6753bfc9e9029bf76f169c28456414
Climate_h4,0,1208,N,2026,4,51.97064909272212,7af3279b444ee011c7f4ba8a6219a2511255d14458c75b6ca71d87b89fe581db,cd9df2ade1ca21431041edcb14d5f17dd4911475861cec41755502771901127f,0eb4df990f6753bfc9e9029bf76f169c28456414
Climate_h4,0,1209,N,2026,1,54.02577990060314,7af3279b444ee011c7f4ba8a6219a2511255d14458c75b6ca71d87b89fe581db,cd9df2ade1ca21431041edcb14d5f17dd4911475861cec41755502771901127f,0eb4df990f6753bfc9e9029bf76f169c28456414
Climate_h4,0,1209,N,2026,2,53.99743031123021,7af3279b444ee011c7f4ba8a6219a2511255d14458c75b6ca71d87b89fe581db,cd9df2ade1ca21431041edcb14d5f17dd4911475861cec41755502771901127f,0eb4df990f6753bfc9e9029bf76f169c28456414
Climate_h4,0,1209,N,2026,3,53.94802809529868,7af3279b444ee011c7f4ba8a6219a2511255d14458c75b6ca71d87b89fe581db,cd9df2ade1ca21431041edcb14d5f17dd4911475861cec41755502771901127f,0eb4df990f6753bfc9e9029bf76f169c28456414
Climate_h4,0,1209,N,2026,4,53.89150565838326,7af3279b444ee011c7f4ba8a6219a2511255d14458c75b6ca71d87b89fe581db,cd9df2ade1ca21431041edcb14d5f17dd4911475861cec41755502771901127f,0eb4df990f6753bfc9e9029bf76f169c28456414
Climate_h4,0,1210,N,2026,1,54.08720418488945,7af3279b444ee011c7f4ba8a6219a2511255d14458c75b6ca71d87b89fe581db,cd9df2ade1ca21431041edcb14d5f17dd4911475861cec41755502771901127f,0eb4df990f6753bfc9e9029bf76f169c28456414
Climate_h4,0,1210,N,2026,2,54.024390866723735,7af3279b444ee011c7f4ba8a6219a2511255d14458c75b6ca71d87b89fe581db,cd9df2ade1ca21431041edcb14d5f17dd4911475861cec41755502771901127f,0eb4df990f6753bfc9e9029bf76f169c28456414
Climate_h4,0,1210,N,2026,3,53.95838511844364,7af3279b444ee011c7f4ba8a6219a2511255d14458c75b6ca71d87b89fe581db,cd9df2ade1ca21431041edcb14d5f17dd4911475861cec41755502771901127f,0eb4df990f6753bfc9e9029bf76f169c28456414
Climate_h4,0,1210,N,2026,4,53.90545806809977,7af3279b444ee011c7f4ba8a6219a2511255d14458c75b6ca71d87b89fe581db,cd9df2ade1ca21431041edcb14d5f17dd4911475861cec41755502771901127f,0eb4df990f6753bfc9e9029bf76f169c28456414
Climate_h4,0,1211,N,2026,1,56.012983101922494,7af3279b444ee011c7f4ba8a6219a2511255d14458c75b6ca71d87b89fe581db,cd9df2ade1ca21431041edcb14d5f17dd4911475861cec41755502771901127f,0eb4df990f6753bfc9e9029bf76f169c28456414
Climate_h4,0,1211,N,2026,2,55.9255583743762,7af3279b444ee011c7f4ba8a6219a2511255d14458c75b6ca71d87b89fe581db,cd9df2ade1ca21431041edcb14d5f17dd4911475861cec41755502771901127f,0eb4df990f6753bfc9e9029bf76f169c28456414
Climate_h4,0,1211,N,2026,3,55.854935291296584,7af3279b444ee011c7f4ba8a6219a2511255d14458c75b6ca71d87b89fe581db,cd9df2ade1ca21431041edcb14d5f17dd4911475861cec41755502771901127f,0eb4df990f6753bfc9e9029bf76f169c28456414
Climate_h4,0,1211,N,2026,4,55.81694299846086,7af3279b444ee011c7f4ba8a6219a2511255d14458c75b6ca71d87b89fe581db,cd9df2ade1ca21431041edcb14d5f17dd4911475861cec41755502771901127f,0eb4df990f6753bfc9e9029bf76f169c28456414
Climate_h4,0,1212,N,2026,1,55.870267250693935,7af3279b444ee011c7f4ba8a6219a2511255d14458c75b6ca71d87b89fe581db,cd9df2ade1ca21431041edcb14d5f17dd4911475861cec41755502771901127f,0eb4df990f6753bfc9e9029bf76f169c28456414
Climate_h4,0,1212,N,2026,2,55.7798871904805,7af3279b444ee011c7f4ba8a6219a2511255d14458c75b6ca71d87b89fe581db,cd9df2ade1ca21431041edcb14d5f17dd4911475861cec41755502771901127f,0eb4df990f6753bfc9e9029bf76f169c28456414
Climate_h4,0,1212,N,2026,3,55.726964883270895,7af3279b444ee011c7f4ba8a6219a2511255d14458c75b6ca71d87b89fe581db,cd9df2ade1ca21431041edcb14d5f17dd4911475861cec41755502771901127f,0eb4df990f6753bfc9e9029bf76f169c28456414
Climate_h4,0,1212,N,2026,4,55.7124559348695,7af3279b444ee011c7f4ba8a6219a2511255d14458c75b6ca71d87b89fe581db,cd9df2ade1ca21431041edcb14d5f17dd4911475861cec41755502771901127f,0eb4df990f6753bfc9e9029bf76f169c28456414
Climate_h4,0,1213,N,2026,1,56.43067273471544,7af3279b444ee011c7f4ba8a6219a2511255d14458c75b6ca71d87b89fe581db,cd9df2ade1ca21431041edcb14d5f17dd4911475861cec41755502771901127f,0eb4df990f6753bfc9e9029bf76f169c28456414
Climate_h4,0,1213,N,2026,2,56.3558750500492,7af3279b444ee011c7f4ba8a6219a2511255d14458c75b6ca71d87b89fe581db,cd9df2ade1ca21431041edcb14d5f17dd4911475861cec41755502771901127f,0eb4df990f6753bfc9e9029bf76f169c28456414
Climate_h4,0,1213,N,2026,3,56.3243365394783,7af3279b444ee011c7f4ba8a6219a2511255d14458c75b6ca71d87b89fe581db,cd9df2ade1ca21431041edcb14d5f17dd4911475861cec41755502771901127f,0eb4df990f6753bfc9e9029bf76f169c28456414
Climate_h4,0,1213,N,2026,4,56.34556748516364,7af3279b444ee011c7f4ba8a6219a2511255d14458c75b6ca71d87b89fe581db,cd9df2ade1ca21431041edcb14d5f17dd4911475861cec41755502771901127f,0eb4df990f6753bfc9e9029bf76f169c28456414
Climate_h4,0,1214,N,2026,1,56.782312880377084,7af3279b444ee011c7f4ba8a6219a2511255d14458c75b6ca71d87b89fe581db,cd9df2ade1ca21431041edcb14d5f17dd4911475861cec41755502771901127f,0eb4df990f6753bfc9e9029bf76f169c28456414
Climate_h4,0,1214,N,2026,2,56.73308923039873,7af3279b444ee011c7f4ba8a6219a2511255d14458c75b6ca71d87b89fe581db,cd9df2ade1ca21431041edcb14d5f17dd4911475861cec41755502771901127f,0eb4df990f6753bfc9e9029bf76f169c28456414
Climate_h4,0,1214,N,2026,3,56.73832915152657,7af3279b444ee011c7f4ba8a6219a2511255d14458c75b6ca71d87b89fe581db,cd9df2ade1ca21431041edcb14d5f17dd4911475861cec41755502771901127f,0eb4df990f6753bfc9e9029bf76f169c28456414
Climate_h4,0,1214,N,2026,4,56.78765050539994,7af3279b444ee011c7f4ba8a6219a2511255d14458c75b6ca71d87b89fe581db,cd9df2ade1ca21431041edcb14d5f17dd4911475861cec41755502771901127f,0eb4df990f6753bfc9e9029bf76f169c28456414
Climate_h4,0,1215,N,2026,1,60.44305959631571,7af3279b444ee011c7f4ba8a6219a2511255d14458c75b6ca71d87b89fe581db,cd9df2ade1ca21431041edcb14d5f17dd4911475861cec41755502771901127f,0eb4df990f6753bfc9e9029bf76f169c28456414
Climate_h4,0,1215,N,2026,2,60.41686968445034,7af3279b444ee011c7f4ba8a6219a2511255d14458c75b6ca71d87b89fe581db,cd9df2ade1ca21431041edcb14d5f17dd4911475861cec41755502771901127f,0eb4df990f6753bfc9e9029bf76f169c28456414
Climate_h4,0,1215,N,2026,3,60.433465212315625,7af3279b444ee011c7f4ba8a6219a2511255d14458c75b6ca71d87b89fe581db,cd9df2ade1ca21431041edcb14d5f17dd4911475861cec41755502771901127f,0eb4df990f6753bfc9e9029bf76f169c28456414
Climate_h4,0,1215,N,2026,4,60.479151477695616,7af3279b444ee011c7f4ba8a6219a2511255d14458c75b6ca71d87b89fe581db,cd9df2ade1ca21431041edcb14d5f17dd4911475861cec41755502771901127f,0eb4df990f6753bfc9e9029bf76f169c28456414
Climate_h4,0,1216,N,2026,1,61.06079742632942,7af3279b444ee011c7f4ba8a6219a2511255d14458c75b6ca71d87b89fe581db,cd9df2ade1ca21431041edcb14d5f17dd4911475861cec41755502771901127f,0eb4df990f6753bfc9e9029bf76f169c28456414
Climate_h4,0,1216,N,2026,2,61.049846513443214,7af3279b444ee011c7f4ba8a6219a2511255d14458c75b6ca71d87b89fe581db,cd9df2ade1ca21431041edcb14d5f17dd4911475861cec41755502771901127f,0eb4df990f6753bfc9e9029bf76f169c28456414
Climate_h4,0,1216,N,2026,3,61.06519381474978,7af3279b444ee011c7f4ba8a6219a2511255d14458c75b6ca71d87b89fe581db,cd9df2ade1ca21431041edcb14d5f17dd4911475861cec41755502771901127f,0eb4df990f6753bfc9e9029bf76f169c28456414
Climate_h4,0,1216,N,2026,4,61.13281100721784,7af3279b444ee011c7f4ba8a6219a2511255d14458c75b6ca71d87b89fe581db,cd9df2ade1ca21431041edcb14d5f17dd4911475861cec41755502771901127f,0eb4df990f6753bfc9e9029bf76f169c28456414
Climate_h4,0,1217,N,2026,1,61.47900439344673,7af3279b444ee011c7f4ba8a6219a2511255d14458c75b6ca71d87b89fe581db,cd9df2ade1ca21431041edcb14d5f17dd4911475861cec41755502771901127f,0eb4df990f6753bfc9e9029bf76f169c28456414
Climate_h4,0,1217,N,2026,2,61.47191272996603,7af3279b444ee011c7f4ba8a6219a2511255d14458c75b6ca71d87b89fe581db,cd9df2ade1ca21431041edcb14d5f17dd4911475861cec41755502771901127f,0eb4df990f6753bfc9e9029bf76f169c28456414
Climate_h4,0,1217,N,2026,3,61.513192328990534,7af3279b444ee011c7f4ba8a6219a2511255d14458c75b6ca71d87b89fe581db,cd9df2ade1ca21431041edcb14d5f17dd4911475861cec41755502771901127f,0eb4df990f6753bfc9e9029bf76f169c28456414
Climate_h4,0,1217,N,2026,4,61.61882402529634,7af3279b444ee011c7f4ba8a6219a2511255d14458c75b6ca71d87b89fe581db,cd9df2ade1ca21431041edcb14d5f17dd4911475861cec41755502771901127f,0eb4df990f6753bfc9e9029bf76f169c28456414
Climate_h4,0,1218,N,2026,1,61.604141416276825,7af3279b444ee011c7f4ba8a6219a2511255d14458c75b6ca71d87b89fe581db,cd9df2ade1ca21431041edcb14d5f17dd4911475861cec41755502771901127f,0eb4df990f6753bfc9e9029bf76f169c28456414
Climate_h4,0,1218,N,2026,2,61.6299093893564,7af3279b444ee011c7f4ba8a6219a2511255d14458c75b6ca71d87b89fe581db,cd9df2ade1ca21431041edcb14d5f17dd4911475861cec41755502771901127f,0eb4df990f6753bfc9e9029bf76f169c28456414
Climate_h4,0,1218,N,2026,3,61.71446922930789,7af3279b444ee011c7f4ba8a6219a2511255d14458c75b6ca71d87b89fe581db,cd9df2ade1ca21431041edcb14d5f17dd4911475861cec41755502771901127f,0eb4df990f6753bfc9e9029bf76f169c28456414
Climate_h4,0,1218,N,2026,4,61.85797748687435,7af3279b444ee011c7f4ba8a6219a2511255d14458c75b6ca71d87b89fe581db,cd9df2ade1ca21431041edcb14d5f17dd4911475861cec41755502771901127f,0eb4df990f6753bfc9e9029bf76f169c28456414
Climate_h4,0,1219,N,2026,1,61.905735114199786,7af3279b444ee011c7f4ba8a6219a2511255d14458c75b6ca71d87b89fe581db,cd9df2ade1ca21431041edcb14d5f17dd4911475861cec41755502771901127f,0eb4df990f6753bfc9e9029bf76f169c28456414
Climate_h4,0,1219,N,2026,2,61.97471139307249,7af3279b444ee011c7f4ba8a6219a2511255d14458c75b6ca71d87b89fe581db,cd9df2ade1ca21431041edcb14d5f17dd4911475861cec41755502771901127f,0eb4df990f6753bfc9e9029bf76f169c28456414
Climate_h4,0,1219,N,2026,3,62.09992950593643,7af3279b444ee011c7f4ba8a6219a2511255d14458c75b6ca71d87b89fe581db,cd9df2ade1ca21431041edcb14d5f17dd4911475861cec41755502771901127f,0eb4df990f6753bfc9e9029bf76f169c28456414
Climate_h4,0,1219,N,2026,4,62.27917063792315,7af3279b444ee011c7f4ba8a6219a2511255d14458c75b6ca71d87b89fe581db,cd9df2ade1ca21431041edcb14d5f17dd4911475861cec41755502771901127f,0eb4df990f6753bfc9e9029bf76f169c28456414
Climate_h4,0,1220,N,2026,1,65.48857435457509,7af3279b444ee011c7f4ba8a6219a2511255d14458c75b6ca71d87b89fe581db,cd9df2ade1ca21431041edcb14d5f17dd4911475861cec41755502771901127f,0eb4df990f6753bfc9e9029bf76f169c28456414
Climate_h4,0,1220,N,2026,2,65.58820761263254,7af3279b444ee011c7f4ba8a6219a2511255d14458c75b6ca71d87b89fe581db,cd9df2ade1ca21431041edcb14d5f17dd4911475861cec41755502771901127f,0eb4df990f6753bfc9e9029bf76f169c28456414
Climate_h4,0,1220,N,2026,3,65.73806824631076,7af3279b444ee011c7f4ba8a6219a2511255d14458c75b6ca71d87b89fe581db,cd9df2ade1ca21431041edcb14d5f17dd4911475861cec41755502771901127f,0eb4df990f6753bfc9e9029bf76f169c28456414
Climate_h4,0,1220,N,2026,4,65.93382232516683,7af3279b444ee011c7f4ba8a6219a2511255d14458c75b6ca71d87b89fe581db,cd9df2ade1ca21431041edcb14d5f17dd4911475861cec41755502771901127f,0eb4df990f6753bfc9e9029bf76f169c28456414
Climate_h4,0,1221,N,2026,1,66.16727694270735,7af3279b444ee011c7f4ba8a6219a2511255d14458c75b6ca71d87b89fe581db,cd9df2ade1ca21431041edcb14d5f17dd4911475861cec41755502771901127f,0eb4df990f6753bfc9e9029bf76f169c28456414
Climate_h4,0,1221,N,2026,2,66.29483921801643,7af3279b444ee011c7f4ba8a6219a2511255d14458c75b6ca71d87b89fe581db,cd9df2ade1ca21431041edcb14d5f17dd4911475861cec41755502771901127f,0eb4df990f6753bfc9e9029bf76f169c28456414
Climate_h4,0,1221,N,2026,3,66.46713636119382,7af3279b444ee011c7f4ba8a6219a2511255d14458c75b6ca71d87b89fe581db,cd9df2ade1ca21431041edcb14d5f17dd4911475861cec41755502771901127f,0eb4df990f6753bfc9e9029bf76f169c28456414
Climate_h4,0,1221,N,2026,4,66.67576489012109,7af3279b444ee011c7f4ba8a6219a2511255d14458c75b6ca71d87b89fe581db,cd9df2ade1ca21431041edcb14d5f17dd4911475861cec41755502771901127f,0eb4df990f6753bfc9e9029bf76f169c28456414
Climate_h4,0,1222,N,2026,1,58.25605050244605,7af3279b444ee011c7f4ba8a6219a2511255d14458c75b6ca71d87b89fe581db,cd9df2ade1ca21431041edcb14d5f17dd4911475861cec41755502771901127f,0eb4df990f6753bfc9e9029bf76f169c28456414
Climate_h4,0,1222,N,2026,2,58.44488813137228,7af3279b444ee011c7f4ba8a6219a2511255d14458c75b6ca71d87b89fe581db,cd9df2ade1ca21431041edcb14d5f17dd4911475861cec41755502771901127f,0eb4df990f6753bfc9e9029bf76f169c28456414
Climate_h4,0,1222,N,2026,3,58.673564943898086,7af3279b444ee011c7f4ba8a6219a2511255d14458c75b6ca71d87b89fe581db,cd9df2ade1ca21431041edcb14d5f17dd4911475861cec41755502771901127f,0eb4df990f6753bfc9e9029bf76f169c28456414
Climate_h4,0,1222,N,2026,4,58.95346761105553,7af3279b444ee011c7f4ba8a6219a2511255d14458c75b6ca71d87b89fe581db,cd9df2ade1ca21431041edcb14d5f17dd4911475861cec41755502771901127f,0eb4df990f6753bfc9e9029bf76f169c28456414
Climate_h4,0,1223,N,2026,1,54.46003291487731,7af3279b444ee011c7f4ba8a6219a2511255d14458c75b6ca71d87b89fe581db,cd9df2ade1ca21431041edcb14d5f17dd4911475861cec41755502771901127f,0eb4df990f6753bfc9e9029bf76f169c28456414
Climate_h4,0,1223,N,2026,2,54.72536341412096,7af3279b444ee011c7f4ba8a6219a2511255d14458c75b6ca71d87b89fe581db,cd9df2ade1ca21431041edcb14d5f17dd4911475861cec41755502771901127f,0eb4df990f6753bfc9e9029bf76f169c28456414
Climate_h4,0,1223,N,2026,3,55.04105702230294,7af3279b444ee011c7f4ba8a6219a2511255d14458c75b6ca71d87b89fe581db,cd9df2ade1ca21431041edcb14d5f17dd4911475861cec41755502771901127f,0eb4df990f6753bfc9e9029bf76f169c28456414
Climate_h4,0,1223,N,2026,4,55.39738724808047,7af3279b444ee011c7f4ba8a6219a2511255d14458c75b6ca71d87b89fe581db,cd9df2ade1ca21431041edcb14d5f17dd4911475861cec41755502771901127f,0eb4df990f6753bfc9e9029bf76f169c28456414
Climate_h4,0,1224,N,2026,1,54.53799654556832,7af3279b444ee011c7f4ba8a6219a2511255d14458c75b6ca71d87b89fe581db,cd9df2ade1ca21431041edcb14d5f17dd4911475861cec41755502771901127f,0eb4df990f6753bfc9e9029bf76f169c28456414
Climate_h4,0,1224,N,2026,2,54.88325816876161,7af3279b444ee011c7f4ba8a6219a2511255d14458c75b6ca71d87b89fe581db,cd9df2ade1ca21431041edcb14d5f17dd4911475861cec41755502771901127f,0eb4df990f6753bfc9e9029bf76f169c28456414
Climate_h4,0,1224,N,2026,3,55.2638969747822,7af3279b444ee011c7f4ba8a6219a2511255d14458c75b6ca71d87b89fe581db,cd9df2ade1ca21431041edcb14d5f17dd4911475861cec41755502771901127f,0eb4df990f6753bfc9e9029bf76f169c28456414
Climate_h4,0,1224,N,2026,4,55.668392420181554,7af3279b444ee011c7f4ba8a6219a2511255d14458c75b6ca71d87b89fe581db,cd9df2ade1ca21431041edcb14d5f17dd4911475861cec41755502771901127f,0eb4df990f6753bfc9e9029bf76f169c28456414
Climate_h4,0,1225,N,2026,1,53.38680457615327,7af3279b444ee011c7f4ba8a6219a2511255d14458c75b6ca71d87b89fe581db,cd9df2ade1ca21431041edcb14d5f17dd4911475861cec41755502771901127f,0eb4df990f6753bfc9e9029bf76f169c28456414
Climate_h4,0,1225,N,2026,2,53.806545464577674,7af3279b444ee011c7f4ba8a6219a2511255d14458c75b6ca71d87b89fe581db,cd9df2ade1ca21431041edcb14d5f17dd4911475861cec41755502771901127f,0eb4df990f6753bfc9e9029bf76f169c28456414
Climate_h4,0,1225,N,2026,3,54.235592678034,7af3279b444ee011c7f4ba8a6219a2511255d14458c75b6ca71d87b89fe581db,cd9df2ade1ca21431041edcb14d5f17dd4911475861cec41755502771901127f,0eb4df990f6753bfc9e9029bf76f169c28456414
Climate_h4,0,1225,N,2026,4,54.684094682078275,7af3279b444ee011c7f4ba8a6219a2511255d14458c75b6ca71d87b89fe581db,cd9df2ade1ca21431041edcb14d5f17dd4911475861cec41755502771901127f,0eb4df990f6753bfc9e9029bf76f169c28456414
Climate_h4,0,1226,N,2026,1,55.263518670873715,7af3279b444ee011c7f4ba8a6219a2511255d14458c75b6ca71d87b89fe581db,cd9df2ade1ca21431041edcb14d5f17dd4911475861cec41755502771901127f,0eb4df990f6753bfc9e9029bf76f169c28456414
Climate_h4,0,1226,N,2026,2,55.72889844809786,7af3279b444ee011c7f4ba8a6219a2511255d14458c75b6ca71d87b89fe581db,cd9df2ade1ca21431041edcb14d5f17dd4911475861cec41755502771901127f,0eb4df990f6753bfc9e9029bf76f169c28456414
Climate_h4,0,1226,N,2026,3,56.18780644274798,7af3279b444ee011c7f4ba8a6219a2511255d14458c75b6ca71d87b89fe581db,cd9df2ade1ca21431041edcb14d5f17dd4911475861cec41755502771901127f,0eb4df990f6753bfc9e9029bf76f169c28456414
Climate_h4,0,1226,N,2026,4,56.67020276358016,7af3279b444ee011c7f4ba8a6219a2511255d14458c75b6ca71d87b89fe581db,cd9df2ade1ca21431041edcb14d5f17dd4911475861cec41755502771901127f,0eb4df990f6753bfc9e9029bf76f169c28456414
Climate_h4,0,1227,N,2026,1,56.70095918642384,7af3279b444ee011c7f4ba8a6219a2511255d14458c75b6ca71d87b89fe581db,cd9df2ade1ca21431041edcb14d5f17dd4911475861cec41755502771901127f,0eb4df990f6753bfc9e9029bf76f169c28456414
Climate_h4,0,1227,N,2026,2,57.19201206790223,7af3279b444ee011c7f4ba8a6219a2511255d14458c75b6ca71d87b89fe581db,cd9df2ade1ca21431041edcb14d5f17dd4911475861cec41755502771901127f,0eb4df990f6753bfc9e9029bf76f169c28456414
Climate_h4,0,1227,N,2026,3,57.67385670393437,7af3279b444ee011c7f4ba8a6219a2511255d14458c75b6ca71d87b89fe581db,cd9df2ade1ca21431041edcb14d5f17dd4911475861cec41755502771901127f,0eb4df990f6753bfc9e9029bf76f169c28456414
Climate_h4,0,1227,N,2026,4,58.17897636408668,7af3279b444ee011c7f4ba8a6219a2511255d14458c75b6ca71d87b89fe581db,cd9df2ade1ca21431041edcb14d5f17dd4911475861cec41755502771901127f,0eb4df990f6753bfc9e9029bf76f169c28456414
Climate_h4,0,1228,N,2026,1,59.14922787537909,7af3279b444ee011c7f4ba8a6219a2511255d14458c75b6ca71d87b89fe581db,cd9df2ade1ca21431041edcb14d5f17dd4911475861cec41755502771901127f,0eb4df990f6753bfc9e9029bf76f169c28456414
Climate_h4,0,1228,N,2026,2,59.65243029979029,7af3279b444ee011c7f4ba8a6219a2511255d14458c75b6ca71d87b89fe581db,cd9df2ade1ca21431041edcb14d5f17dd4911475861cec41755502771901127f,0eb4df990f6753bfc9e9029bf76f169c28456414
Climate_h4,0,1228,N,2026,3,60.14138936386964,7af3279b444ee011c7f4ba8a6219a2511255d14458c75b6ca71d87b89fe581db,cd9df2ade1ca21431041edcb14d5f17dd4911475861cec41755502771901127f,0eb4df990f6753bfc9e9029bf76f169c28456414
Climate_h4,0,1228,N,2026,4,60.62773281102929,7af3279b444ee011c7f4ba8a6219a2511255d14458c75b6ca71d87b89fe581db,cd9df2ade1ca21431041edcb14d5f17dd4911475861cec41755502771901127f,0eb4df990f6753bfc9e9029bf76f169c28456414
Climate_h4,0,1229,N,2026,1,58.87640730976029,7af3279b444ee011c7f4ba8a6219a2511255d14458c75b6ca71d87b89fe581db,cd9df2ade1ca21431041edcb14d5f17dd4911475861cec41755502771901127f,0eb4df990f6753bfc9e9029bf76f169c28456414
Climate_h4,0,1229,N,2026,2,59.39219127002239,7af3279b444ee011c7f4ba8a6219a2511255d14458c75b6ca71d87b89fe581db,cd9df2ade1ca21431041edcb14d5f17dd4911475861cec41755502771901127f,0eb4df990f6753bfc9e9029bf76f169c28456414
Climate_h4,0,1229,N,2026,3,59.86551076859595,7af3279b444ee011c7f4ba8a6219a2511255d14458c75b6ca71d87b89fe581db,cd9df2ade1ca21431041edcb14d5f17dd4911475861cec41755502771901127f,0eb4df990f6753bfc9e9029bf76f169c28456414
Climate_h4,0,1229,N,2026,4,60.308351459431535,7af3279b444ee011c7f4ba8a6219a2511255d14458c75b6ca71d87b89fe581db,cd9df2ade1ca21431041edcb14d5f17dd4911475861cec41755502771901127f,0eb4df990f6753bfc9e9029bf76f169c28456414
Climate_h4,0,1230,N,2026,1,57.6997371339193,7af3279b444ee011c7f4ba8a6219a2511255d14458c75b6ca71d87b89fe581db,cd9df2ade1ca21431041edcb14d5f17dd4911475861cec41755502771901127f,0eb4df990f6753bfc9e9029bf76f169c28456414
Climate_h4,0,1230,N,2026,2,58.203904443777034,7af3279b444ee011c7f4ba8a6219a2511255d14458c75b6ca71d87b89fe581db,cd9df2ade1ca21431041edcb14d5f17dd4911475861cec41755502771901127f,0eb4df990f6753bfc9e9029bf76f169c28456414
Climate_h4,0,1230,N,2026,3,58.6413765229354,7af3279b444ee011c7f4ba8a6219a2511255d14458c75b6ca71d87b89fe581db,cd9df2ade1ca21431041edcb14d5f17dd4911475861cec41755502771901127f,0eb4df990f6753bfc9e9029bf76f169c28456414
Climate_h4,0,1230,N,2026,4,59.035753030991884,7af3279b444ee011c7f4ba8a6219a2511255d14458c75b6ca71d87b89fe581db,cd9df2ade1ca21431041edcb14d5f17dd4911475861cec41755502771901127f,0eb4df990f6753bfc9e9029bf76f169c28456414
Climate_h4,0,1231,N,2026,1,56.23532294189154,7af3279b444ee011c7f4ba8a6219a2511255d14458c75b6ca71d87b89fe581db,cd9df2ade1ca21431041edcb14d5f17dd4911475861cec41755502771901127f,0eb4df990f6753bfc9e9029bf76f169c28456414
Climate_h4,0,1231,N,2026,2,56.704313478583764,7af3279b444ee011c7f4ba8a6219a2511255d14458c75b6ca71d87b89fe581db,cd9df2ade1ca21431041edcb14d5f17dd4911475861cec41755502771901127f,0eb4df990f6753bfc9e9029bf76f169c28456414
Climate_h4,0,1231,N,2026,3,57.10103221242979,7af3279b444ee011c7f4ba8a6219a2511255d14458c75b6ca71d87b89fe581db,cd9df2ade1ca21431041edcb14d5f17dd4911475861cec41755502771901127f,0eb4df990f6753bfc9e9029bf76f169c28456414
Climate_h4,0,1231,N,2026,4,57.42328227217374,7af3279b444ee011c7f4ba8a6219a2511255d14458c75b6ca71d87b89fe581db,cd9df2ade1ca21431041edcb14d5f17dd4911475861cec41755502771901127f,0eb4df990f6753bfc9e9029bf76f169c28456414
Climate_h4,0,1232,N,2026,1,55.107202379539565,7af3279b444ee011c7f4ba8a6219a2511255d14458c75b6ca71d87b89fe581db,cd9df2ade1ca21431041edcb14d5f17dd4911475861cec41755502771901127f,0eb4df990f6753bfc9e9029bf76f169c28456414
Climate_h4,0,1232,N,2026,2,55.53641608713477,7af3279b444ee011c7f4ba8a6219a2511255d14458c75b6ca71d87b89fe581db,cd9df2ade1ca21431041edcb14d5f17dd4911475861cec41755502771901127f,0eb4df990f6753bfc9e9029bf76f169c28456414
Climate_h4,0,1232,N,2026,3,55.86649995766343,7af3279b444ee011c7f4ba8a6219a2511255d14458c75b6ca71d87b89fe581db,cd9df2ade1ca21431041edcb14d5f17dd4911475861cec41755502771901127f,0eb4df990f6753bfc9e9029bf76f169c28456414
Climate_h4,0,1232,N,2026,4,56.115067900797655,7af3279b444ee011c7f4ba8a6219a2511255d14458c75b6ca71d87b89fe581db,cd9df2ade1ca21431041edcb14d5f17dd4911475861cec41755502771901127f,0eb4df990f6753bfc9e9029bf76f169c28456414
Climate_h4,0,1233,N,2026,1,56.42822365349482,7af3279b444ee011c7f4ba8a6219a2511255d14458c75b6ca71d87b89fe581db,cd9df2ade1ca21431041edcb14d5f17dd4911475861cec41755502771901127f,0eb4df990f6753bfc9e9029bf76f169c28456414
Climate_h4,0,1233,N,2026,2,56.78278452970859,7af3279b444ee011c7f4ba8a6219a2511255d14458c75b6ca71d87b89fe581db,cd9df2ade1ca21431041edcb14d5f17dd4911475861cec41755502771901127f,0eb4df990f6753bfc9e9029bf76f169c28456414
Climate_h4,0,1233,N,2026,3,57.03482268030191,7af3279b444ee011c7f4ba8a6219a2511255d14458c75b6ca71d87b89fe581db,cd9df2ade1ca21431041edcb14d5f17dd4911475861cec41755502771901127f,0eb4df990f6753bfc9e9029bf76f169c28456414
Climate_h4,0,1233,N,2026,4,57.197281539092494,7af3279b444ee011c7f4ba8a6219a2511255d14458c75b6ca71d87b89fe581db,cd9df2ade1ca21431041edcb14d5f17dd4911475861cec41755502771901127f,0eb4df990f6753bfc9e9029bf76f169c28456414
Climate_h4,0,1234,N,2026,1,57.02217660434385,7af3279b444ee011c7f4ba8a6219a2511255d14458c75b6ca71d87b89fe581db,cd9df2ade1ca21431041edcb14d5f17dd4911475861cec41755502771901127f,0eb4df990f6753bfc9e9029bf76f169c28456414
Climate_h4,0,1234,N,2026,2,57.28925911993246,7af3279b444ee011c7f4ba8a6219a2511255d14458c75b6ca71d87b89fe581db,cd9df2ade1ca21431041edcb14d5f17dd4911475861cec41755502771901127f,0eb4df990f6753bfc9e9029bf76f169c28456414
Climate_h4,0,1234,N,2026,3,57.4536820702333,7af3279b444ee011c7f4ba8a6219a2511255d14458c75b6ca71d87b89fe581db,cd9df2ade1ca21431041edcb14d5f17dd4911475861cec41755502771901127f,0eb4df990f6753bfc9e9029bf76f169c28456414
Climate_h4,0,1234,N,2026,4,57.529235037244014,7af3279b444ee011c7f4ba8a6219a2511255d14458c75b6ca71d87b89fe581db,cd9df2ade1ca21431041edcb14d5f17dd4911475861cec41755502771901127f,0eb4df990f6753bfc9e9029bf76f169c28456414
Climate_h4,0,1235,N,2026,1,56.87429899082395,7af3279b444ee011c7f4ba8a6219a2511255d14458c75b6ca71d87b89fe581db,cd9df2ade1ca21431041edcb14d5f17dd4911475861cec41755502771901127f,0eb4df990f6753bfc9e9029bf76f169c28456414
Climate_h4,0,1235,N,2026,2,57.05163109869931,7af3279b444ee011c7f4ba8a6219a2511255d14458c75b6ca71d87b89fe581db,cd9df2ade1ca21431041edcb14d5f17dd4911475861cec41755502771901127f,0eb4df990f6753bfc9e9029bf76f169c28456414
Climate_h4,0,1235,N,2026,3,57.132193595053636,7af3279b444ee011c7f4ba8a6219a2511255d14458c75b6ca71d87b89fe581db,cd9df2ade1ca21431041edcb14d5f17dd4911475861cec41755502771901127f,0eb4df990f6753bfc9e9029bf76f169c28456414
Climate_h4,0,1235,N,2026,4,57.13354076826348,7af3279b444ee011c7f4ba8a6219a2511255d14458c75b6ca71d87b89fe581db,cd9df2ade1ca21431041edcb14d5f17dd4911475861cec41755502771901127f,0eb4df990f6753bfc9e9029bf76f169c28456414
Climate_h4,0,1236,N,2026,1,56.37260231956052,7af3279b444ee011c7f4ba8a6219a2511255d14458c75b6ca71d87b89fe581db,cd9df2ade1ca21431041edcb14d5f17dd4911475861cec41755502771901127f,0eb4df990f6753bfc9e9029bf76f169c28456414
Climate_h4,0,1236,N,2026,2,56.46294754025121,7af3279b444ee011c7f4ba8a6219a2511255d14458c75b6ca71d87b89fe581db,cd9df2ade1ca21431041edcb14d5f17dd4911475861cec41755502771901127f,0eb4df990f6753bfc9e9029bf76f169c28456414
Climate_h4,0,1236,N,2026,3,56.471949757150945,7af3279b444ee011c7f4ba8a6219a2511255d14458c75b6ca71d87b89fe581db,cd9df2ade1ca21431041edcb14d5f17dd4911475861cec41755502771901127f,0eb4df990f6753bfc9e9029bf76f169c28456414
Climate_h4,0,1236,N,2026,4,56.42857520039628,7af3279b444ee011c7f4ba8a6219a2511255d14458c75b6ca71d87b89fe581db,cd9df2ade1ca21431041edcb14d5f17dd4911475861cec41755502771901127f,0eb4df990f6753bfc9e9029bf76f169c28456414
Climate_h4,0,1237,N,2026,1,55.2547307361895,7af3279b444ee011c7f4ba8a6219a2511255d14458c75b6ca71d87b89fe581db,cd9df2ade1ca21431041edcb14d5f17dd4911475861cec41755502771901127f,0eb4df990f6753bfc9e9029bf76f169c28456414
Climate_h4,0,1237,N,2026,2,55.278962651446854,7af3279b444ee011c7f4ba8a6219a2511255d14458c75b6ca71d87b89fe581db,cd9df2ade1ca21431041edcb14d5f17dd4911475861cec41755502771901127f,0eb4df990f6753bfc9e9029bf76f169c28456414
Climate_h4,0,1237,N,2026,3,55.24939820215181,7af3279b444ee011c7f4ba8a6219a2511255d14458c75b6ca71d87b89fe581db,cd9df2ade1ca21431041edcb14d5f17dd4911475861cec41755502771901127f,0eb4df990f6753bfc9e9029bf76f169c28456414
Climate_h4,0,1237,N,2026,4,55.16485348977059,7af3279b444ee011c7f4ba8a6219a2511255d14458c75b6ca71d87b89fe581db,cd9df2ade1ca21431041edcb14d5f17dd4911475861cec41755502771901127f,0eb4df990f6753bfc9e9029bf76f169c28456414
Climate_h4,0,1238,N,2026,1,53.187959049597026,7af3279b444ee011c7f4ba8a6219a2511255d14458c75b6ca71d87b89fe581db,cd9df2ade1ca21431041edcb14d5f17dd4911475861cec41755502771901127f,0eb4df990f6753bfc9e9029bf76f169c28456414
Climate_h4,0,1238,N,2026,2,53.183037036110434,7af3279b444ee011c7f4ba8a6219a2511255d14458c75b6ca71d87b89fe581db,cd9df2ade1ca21431041edcb14d5f17dd4911475861cec41755502771901127f,0eb4df990f6753bfc9e9029bf76f169c28456414
Climate_h4,0,1238,N,2026,3,53.12244378193119,7af3279b444ee011c7f4ba8a6219a2511255d14458c75b6ca71d87b89fe581db,cd9df2ade1ca21431041edcb14d5f17dd4911475861cec41755502771901127f,0eb4df990f6753bfc9e9029bf76f169c28456414
Climate_h4,0,1238,N,2026,4,53.01321683009984,7af3279b444ee011c7f4ba8a6219a2511255d14458c75b6ca71d87b89fe581db,cd9df2ade1ca21431041edcb14d5f17dd4911475861cec41755502771901127f,0eb4df990f6753bfc9e9029bf76f169c28456414
Climate_h4,0,1239,N,2026,1,52.51062965861189,7af3279b444ee011c7f4ba8a6219a2511255d14458c75b6ca71d87b89fe581db,cd9df2ade1ca21431041edcb14d5f17dd4911475861cec41755502771901127f,0eb4df990f6753bfc9e9029bf76f169c28456414
Climate_h4,0,1239,N,2026,2,52.48224712397401,7af3279b444ee011c7f4ba8a6219a2511255d14458c75b6ca71d87b89fe581db,cd9df2ade1ca21431041edcb14d5f17dd4911475861cec41755502771901127f,0eb4df990f6753bfc9e9029bf76f169c28456414
Climate_h4,0,1239,N,2026,3,52.40102952233025,7af3279b444ee011c7f4ba8a6219a2511255d14458c75b6ca71d87b89fe581db,cd9df2ade1ca21431041edcb14d5f17dd4911475861cec41755502771901127f,0eb4df990f6753bfc9e9029bf76f169c28456414
Climate_h4,0,1239,N,2026,4,52.26422352208881,7af3279b444ee011c7f4ba8a6219a2511255d14458c75b6ca71d87b89fe581db,cd9df2ade1ca21431041edcb14d5f17dd4911475861cec41755502771901127f,0eb4df990f6753bfc9e9029bf76f169c28456414
Climate_h4,0,1240,N,2026,1,50.83744427688299,7af3279b444ee011c7f4ba8a6219a2511255d14458c75b6ca71d87b89fe581db,cd9df2ade1ca21431041edcb14d5f17dd4911475861cec41755502771901127f,0eb4df990f6753bfc9e9029bf76f169c28456414
Climate_h4,0,1240,N,2026,2,50.79547099443556,7af3279b444ee011c7f4ba8a6219a2511255d14458c75b6ca71d87b89fe581db,cd9df2ade1ca21431041edcb14d5f17dd4911475861cec41755502771901127f,0eb4df990f6753bfc9e9029bf76f169c28456414
Climate_h4,0,1240,N,2026,3,50.69307615330012,7af3279b444ee011c7f4ba8a6219a2511255d14458c75b6ca71d87b89fe581db,cd9df2ade1ca21431041edcb14d5f17dd4911475861cec41755502771901127f,0eb4df990f6753bfc9e9029bf76f169c28456414
Climate_h4,0,1240,N,2026,4,50.54649059869374,7af3279b444ee011c7f4ba8a6219a2511255d14458c75b6ca71d87b89fe581db,cd9df2ade1ca21431041edcb14d5f17dd4911475861cec41755502771901127f,0eb4df990f6753bfc9e9029bf76f169c28456414
Climate_h4,0,1241,N,2026,1,50.35588761580126,7af3279b444ee011c7f4ba8a6219a2511255d14458c75b6ca71d87b89fe581db,cd9df2ade1ca21431041edcb14d5f17dd4911475861cec41755502771901127f,0eb4df990f6753bfc9e9029bf76f169c28456414
Climate_h4,0,1241,N,2026,2,50.29725883139134,7af3279b444ee011c7f4ba8a6219a2511255d14458c75b6ca71d87b89fe581db,cd9df2ade1ca21431041edcb14d5f17dd4911475861cec41755502771901127f,0eb4df990f6753bfc9e9029bf76f169c28456414
Climate_h4,0,1241,N,2026,3,50.18568795919765,7af3279b444ee011c7f4ba8a6219a2511255d14458c75b6ca71d87b89fe581db,cd9df2ade1ca21431041edcb14d5f17dd4911475861cec41755502771901127f,0eb4df990f6753bfc9e9029bf76f169c28456414
Climate_h4,0,1241,N,2026,4,50.03450735298155,7af3279b444ee011c7f4ba8a6219a2511255d14458c75b6ca71d87b89fe581db,cd9df2ade1ca21431041edcb14d5f17dd4911475861cec41755502771901127f,0eb4df990f6753bfc9e9029bf76f169c28456414
Climate_h4,0,1242,N,2026,1,50.948483041150055,7af3279b444ee011c7f4ba8a6219a2511255d14458c75b6ca71d87b89fe581db,cd9df2ade1ca21431041edcb14d5f17dd4911475861cec41755502771901127f,0eb4df990f6753bfc9e9029bf76f169c28456414
Climate_h4,0,1242,N,2026,2,50.87273798304808,7af3279b444ee011c7f4ba8a6219a2511255d14458c75b6ca71d87b89fe581db,cd9df2ade1ca21431041edcb14d5f17dd4911475861cec41755502771901127f,0eb4df990f6753bfc9e9029bf76f169c28456414
Climate_h4,0,1242,N,2026,3,50.74863073733124,7af3279b444ee011c7f4ba8a6219a2511255d14458c75b6ca71d87b89fe581db,cd9df2ade1ca21431041edcb14d5f17dd4911475861cec41755502771901127f,0eb4df990f6753bfc9e9029bf76f169c28456414
Climate_h4,0,1242,N,2026,4,50.58918897148938,7af3279b444ee011c7f4ba8a6219a2511255d14458c75b6ca71d87b89fe581db,cd9df2ade1ca21431041edcb14d5f17dd4911475861cec41755502771901127f,0eb4df990f6753bfc9e9029bf76f169c28456414
Climate_h4,0,1243,N,2026,1,51.23205074040652,7af3279b444ee011c7f4ba8a6219a2511255d14458c75b6ca71d87b89fe581db,cd9df2ade1ca21431041edcb14d5f17dd4911475861cec41755502771901127f,0eb4df990f6753bfc9e9029bf76f169c28456414
Climate_h4,0,1243,N,2026,2,51.141966228047195,7af3279b444ee011c7f4ba8a6219a2511255d14458c75b6ca71d87b89fe581db,cd9df2ade1ca21431041edcb14d5f17dd4911475861cec41755502771901127f,0eb4df990f6753bfc9e9029bf76f169c28456414
Climate_h4,0,1243,N,2026,3,51.00539293987969,7af3279b444ee011c7f4ba8a6219a2511255d14458c75b6ca71d87b89fe581db,cd9df2ade1ca21431041edcb14d5f17dd4911475861cec41755502771901127f,0eb4df990f6753bfc9e9029bf76f169c28456414
Climate_h4,0,1243,N,2026,4,50.83269537120828,7af3279b444ee011c7f4ba8a6219a2511255d14458c75b6ca71d87b89fe581db,cd9df2ade1ca21431041edcb14d5f17dd4911475861cec41755502771901127f,0eb4df990f6753bfc9e9029bf76f169c28456414
Climate_h4,0,1244,N,2026,1,54.2686142009755,7af3279b444ee011c7f4ba8a6219a2511255d14458c75b6ca71d87b89fe581db,cd9df2ade1ca21431041edcb14d5f17dd4911475861cec41755502771901127f,0eb4df990f6753bfc9e9029bf76f169c28456414
Climate_h4,0,1244,N,2026,2,54.14888111378367,7af3279b444ee011c7f4ba8a6219a2511255d14458c75b6ca71d87b89fe581db,cd9df2ade1ca21431041edcb14d5f17dd4911475861cec41755502771901127f,0eb4df990f6753bfc9e9029bf76f169c28456414
Climate_h4,0,1244,N,2026,3,53.982072397277044,7af3279b444ee011c7f4ba8a6219a2511255d14458c75b6ca71d87b89fe581db,cd9df2ade1ca21431041edcb14d5f17dd4911475861cec41755502771901127f,0eb4df990f6753bfc9e9029bf76f169c28456414
Climate_h4,0,1244,N,2026,4,53.77491555479188,7af3279b444ee011c7f4ba8a6219a2511255d14458c75b6ca71d87b89fe581db,cd9df2ade1ca21431041edcb14d5f17dd4911475861cec41755502771901127f,0eb4df990f6753bfc9e9029bf76f169c28456414
Climate_h4,0,1245,N,2026,1,53.451038838391355,7af3279b444ee011c7f4ba8a6219a2511255d14458c75b6ca71d87b89fe581db,cd9df2ade1ca21431041edcb14d5f17dd4911475861cec41755502771901127f,0eb4df990f6753bfc9e9029bf76f169c28456414
Climate_h4,0,1245,N,2026,2,53.30431890220098,7af3279b444ee011c7f4ba8a6219a2511255d14458c75b6ca71d87b89fe581db,cd9df2ade1ca21431041edcb14d5f17dd4911475861cec41755502771901127f,0eb4df990f6753bfc9e9029bf76f169c28456414
Climate_h4,0,1245,N,2026,3,53.10950887461232,7af3279b444ee011c7f4ba8a6219a2511255d14458c75b6ca71d87b89fe581db,cd9df2ade1ca21431041edcb14d5f17dd4911475861cec41755502771901127f,0eb4df990f6753bfc9e9029bf76f169c28456414
Climate_h4,0,1245,N,2026,4,52.88854655014563,7af3279b444ee011c7f4ba8a6219a2511255d14458c75b6ca71d87b89fe581db,cd9df2ade1ca21431041edcb14d5f17dd4911475861cec41755502771901127f,0eb4df990f6753bfc9e9029bf76f169c28456414
Climate_h4,0,1246,N,2026,1,53.07629412826775,7af3279b444ee011c7f4ba8a6219a2511255d14458c75b6ca71d87b89fe581db,cd9df2ade1ca21431041edcb14d5f17dd4911475861cec41755502771901127f,0eb4df990f6753bfc9e9029bf76f169c28456414
Climate_h4,0,1246,N,2026,2,52.89897204383629,7af3279b444ee011c7f4ba8a6219a2511255d14458c75b6ca71d87b89fe581db,cd9df2ade1ca21431041edcb14d5f17dd4911475861cec41755502771901127f,0eb4df990f6753bfc9e9029bf76f169c28456414
Climate_h4,0,1246,N,2026,3,52.6925993530962,7af3279b444ee011c7f4ba8a6219a2511255d14458c75b6ca71d87b89fe581db,cd9df2ade1ca21431041edcb14d5f17dd4911475861cec41755502771901127f,0eb4df990f6753bfc9e9029bf76f169c28456414
Climate_h4,0,1246,N,2026,4,52.46737116118527,7af3279b444ee011c7f4ba8a6219a2511255d14458c75b6ca71d87b89fe581db,cd9df2ade1ca21431041edcb14d5f17dd4911475861cec41755502771901127f,0eb4df990f6753bfc9e9029bf76f169c28456414
Climate_h4,0,1247,N,2026,1,52.66079107312749,7af3279b444ee011c7f4ba8a6219a2511255d14458c75b6ca71d87b89fe581db,cd9df2ade1ca21431041edcb14d5f17dd4911475861cec41755502771901127f,0eb4df990f6753bfc9e9029bf76f169c28456414
Climate_h4,0,1247,N,2026,2,52.474798083857145,7af3279b444ee011c7f4ba8a6219a2511255d14458c75b6ca71d87b89fe581db,cd9df2ade1ca21431041edcb14d5f17dd4911475861cec41755502771901127f,0eb4df990f6753bfc9e9029bf76f169c28456414
Climate_h4,0,1247,N,2026,3,52.26803386335467,7af3279b444ee011c7f4ba8a6219a2511255d14458c75b6ca71d87b89fe581db,cd9df2ade1ca21431041edcb14d5f17dd4911475861cec41755502771901127f,0eb4df990f6753bfc9e9029bf76f169c28456414
Climate_h4,0,1247,N,2026,4,52.051115148033226,7af3279b444ee011c7f4ba8a6219a2511255d14458c75b6ca71d87b89fe581db,cd9df2ade1ca21431041edcb14d5f17dd4911475861cec41755502771901127f,0eb4df990f6753bfc9e9029bf76f169c28456414
Climate_h4,0,1248,N,2026,1,53.02636010568908,7af3279b444ee011c7f4ba8a6219a2511255d14458c75b6ca71d87b89fe581db,cd9df2ade1ca21431041edcb14d5f17dd4911475861cec41755502771901127f,0eb4df990f6753bfc9e9029bf76f169c28456414
Climate_h4,0,1248,N,2026,2,52.83581568089595,7af3279b444ee011c7f4ba8a6219a2511255d14458c75b6ca71d87b89fe581db,cd9df2ade1ca21431041edcb14d5f17dd4911475861cec41755502771901127f,0eb4df990f6753bfc9e9029bf76f169c28456414
Climate_h4,0,1248,N,2026,3,52.635739146671234,7af3279b444ee011c7f4ba8a6219a2511255d14458c75b6ca71d87b89fe581db,cd9df2ade1ca21431041edcb14d5f17dd4911475861cec41755502771901127f,0eb4df990f6753bfc9e9029bf76f169c28456414
Climate_h4,0,1248,N,2026,4,52.42404684811607,7af3279b444ee011c7f4ba8a6219a2511255d14458c75b6ca71d87b89fe581db,cd9df2ade1ca21431041edcb14d5f17dd4911475861cec41755502771901127f,0eb4df990f6753bfc9e9029bf76f169c28456414
Climate_h4,0,1249,N,2026,1,53.353190247894396,7af3279b444ee011c7f4ba8a6219a2511255d14458c75b6ca71d87b89fe581db,cd9df2ade1ca21431041edcb14d5f17dd4911475861cec41755502771901127f,0eb4df990f6753bfc9e9029bf76f169c28456414
Climate_h4,0,1249,N,2026,2,53.167029869562114,7af3279b444ee011c7f4ba8a6219a2511255d14458c75b6ca71d87b89fe581db,cd9df2ade1ca21431041edcb14d5f17dd4911475861cec41755502771901127f,0eb4df990f6753bfc9e9029bf76f169c28456414
Climate_h4,0,1249,N,2026,3,52.97062070421067,7af3279b444ee011c7f4ba8a6219a2511255d14458c75b6ca71d87b89fe581db,cd9df2ade1ca21431041edcb14d5f17dd4911475861cec41755502771901127f,0eb4df990f6753bfc9e9029bf76f169c28456414
Climate_h4,0,1249,N,2026,4,52.77897508408894,7af3279b444ee011c7f4ba8a6219a2511255d14458c75b6ca71d87b89fe581db,cd9df2ade1ca21431041edcb14d5f17dd4911475861cec41755502771901127f,0eb4df990f6753bfc9e9029bf76f169c28456414
Climate_h4,0,1250,N,2026,1,52.82950376165517,7af3279b444ee011c7f4ba8a6219a2511255d14458c75b6ca71d87b89fe581db,cd9df2ade1ca21431041edcb14d5f17dd4911475861cec41755502771901127f,0eb4df990f6753bfc9e9029bf76f169c28456414
Climate_h4,0,1250,N,2026,2,52.650341092847974,7af3279b444ee011c7f4ba8a6219a2511255d14458c75b6ca71d87b89fe581db,cd9df2ade1ca21431041edcb14d5f17dd4911475861cec41755502771901127f,0eb4df990f6753bfc9e9029bf76f169c28456414
Climate_h4,0,1250,N,2026,3,52.477802325297546,7af3279b444ee011c7f4ba8a6219a2511255d14458c75b6ca71d87b89fe581db,cd9df2ade1ca21431041edcb14d5f17dd4911475861cec41755502771901127f,0eb4df990f6753bfc9e9029bf76f169c28456414
Climate_h4,0,1250,N,2026,4,52.307251899196544,7af3279b444ee011c7f4ba8a6219a2511255d14458c75b6ca71d87b89fe581db,cd9df2ade1ca21431041edcb14d5f17dd4911475861cec41755502771901127f,0eb4df990f6753bfc9e9029bf76f169c28456414
Climate_h4,0,1251,N,2026,1,53.4070627227811,7af3279b444ee011c7f4ba8a6219a2511255d14458c75b6ca71d87b89fe581db,cd9df2ade1ca21431041edcb14d5f17dd4911475861cec41755502771901127f,0eb4df990f6753bfc9e9029bf76f169c28456414
Climate_h4,0,1251,N,2026,2,53.245721366864586,7af3279b444ee011c7f4ba8a6219a2511255d14458c75b6ca71d87b89fe581db,cd9df2ade1ca21431041edcb14d5f17dd4911475861cec41755502771901127f,0eb4df990f6753bfc9e9029bf76f169c28456414
Climate_h4,0,1251,N,2026,3,53.088002360400104,7af3279b444ee011c7f4ba8a6219a2511255d14458c75b6ca71d87b89fe581db,cd9df2ade1ca21431041edcb14d5f17dd4911475861cec41755502771901127f,0eb4df990f6753bfc9e9029bf76f169c28456414
Climate_h4,0,1251,N,2026,4,52.93004137564025,7af3279b444ee011c7f4ba8a6219a2511255d14458c75b6ca71d87b89fe581db,cd9df2ade1ca21431041edcb14d5f17dd4911475861cec41755502771901127f,0eb4df990f6753bfc9e9029bf76f169c28456414
Climate_h4,0,1252,N,2026,1,54.34983414552197,7af3279b444ee011c7f4ba8a6219a2511255d14458c75b6ca71d87b89fe581db,cd9df2ade1ca21431041edcb14d5f17dd4911475861cec41755502771901127f,0eb4df990f6753bfc9e9029bf76f169c28456414
Climate_h4,0,1252,N,2026,2,54.20439696793104,7af3279b444ee011c7f4ba8a6219a2511255d14458c75b6ca71d87b89fe581db,cd9df2ade1ca21431041edcb14d5f17dd4911475861cec41755502771901127f,0eb4df990f6753bfc9e9029bf76f169c28456414
Climate_h4,0,1252,N,2026,3,54.05503192144546,7af3279b444ee011c7f4ba8a6219a2511255d14458c75b6ca71d87b89fe581db,cd9df2ade1ca21431041edcb14d5f17dd4911475861cec41755502771901127f,0eb4df990f6753bfc9e9029bf76f169c28456414
Climate_h4,0,1252,N,2026,4,53.89451566749398,7af3279b444ee011c7f4ba8a6219a2511255d14458c75b6ca71d87b89fe581db,cd9df2ade1ca21431041edcb14d5f17dd4911475861cec41755502771901127f,0eb4df990f6753bfc9e9029bf76f169c28456414
Climate_h4,0,1253,N,2026,1,53.92668848392585,7af3279b444ee011c7f4ba8a6219a2511255d14458c75b6ca71d87b89fe581db,cd9df2ade1ca21431041edcb14d5f17dd4911475861cec41755502771901127f,0eb4df990f6753bfc9e9029bf76f169c28456414
Climate_h4,0,1253,N,2026,2,53.78993330221612,7af3279b444ee011c7f4ba8a6219a2511255d14458c75b6ca71d87b89fe581db,cd9df2ade1ca21431041edcb14d5f17dd4911475861cec41755502771901127f,0eb4df990f6753bfc9e9029bf76f169c28456414
Climate_h4,0,1253,N,2026,3,53.63911163883296,7af3279b444ee011c7f4ba8a6219a2511255d14458c75b6ca71d87b89fe581db,cd9df2ade1ca21431041edcb14d5f17dd4911475861cec41755502771901127f,0eb4df990f6753bfc9e9029bf76f169c28456414
Climate_h4,0,1253,N,2026,4,53.47978296661224,7af3279b444ee011c7f4ba8a6219a2511255d14458c75b6ca71d87b89fe581db,cd9df2ade1ca21431041edcb14d5f17dd4911475861cec41755502771901127f,0eb4df990f6753bfc9e9029bf76f169c28456414
Climate_h4,0,1254,N,2026,1,55.01696001616157,7af3279b444ee011c7f4ba8a6219a2511255d14458c75b6ca71d87b89fe581db,cd9df2ade1ca21431041edcb14d5f17dd4911475861cec41755502771901127f,0eb4df990f6753bfc9e9029bf76f169c28456414
Climate_h4,0,1254,N,2026,2,54.87308886752077,7af3279b444ee011c7f4ba8a6219a2511255d14458c75b6ca71d87b89fe581db,cd9df2ade1ca21431041edcb14d5f17dd4911475861cec41755502771901127f,0eb4df990f6753bfc9e9029bf76f169c28456414
Climate_h4,0,1254,N,2026,3,54.7188851085011,7af3279b444ee011c7f4ba8a6219a2511255d14458c75b6ca71d87b89fe581db,cd9df2ade1ca21431041edcb14d5f17dd4911475861cec41755502771901127f,0eb4df990f6753bfc9e9029bf76f169c28456414
Climate_h4,0,1254,N,2026,4,54.589778323364676,7af3279b444ee011c7f4ba8a6219a2511255d14458c75b6ca71d87b89fe581db,cd9df2ade1ca21431041edcb14d5f17dd4911475861cec41755502771901127f,0eb4df990f6753bfc9e9029bf76f169c28456414
Climate_h4,0,1255,N,2026,1,57.06123798825698,7af3279b444ee011c7f4ba8a6219a2511255d14458c75b6ca71d87b89fe581db,cd9df2ade1ca21431041edcb14d5f17dd4911475861cec41755502771901127f,0eb4df990f6753bfc9e9029bf76f169c28456414
Climate_h4,0,1255,N,2026,2,56.90609018502249,7af3279b444ee011c7f4ba8a6219a2511255d14458c75b6ca71d87b89fe581db,cd9df2ade1ca21431041edcb14d5f17dd4911475861cec41755502771901127f,0eb4df990f6753bfc9e9029bf76f169c28456414
Climate_h4,0,1255,N,2026,3,56.774723939438914,7af3279b444ee011c7f4ba8a6219a2511255d14458c75b6ca71d87b89fe581db,cd9df2ade1ca21431041edcb14d5f17dd4911475861cec41755502771901127f,0eb4df990f6753bfc9e9029bf76f169c28456414
Climate_h4,0,1255,N,2026,4,56.66700924320754,7af3279b444ee011c7f4ba8a6219a2511255d14458c75b6ca71d87b89fe581db,cd9df2ade1ca21431041edcb14d5f17dd4911475861cec41755502771901127f,0eb4df990f6753bfc9e9029bf76f169c28456414
Climate_h4,0,1256,N,2026,1,58.05955115270618,7af3279b444ee011c7f4ba8a6219a2511255d14458c75b6ca71d87b89fe581db,cd9df2ade1ca21431041edcb14d5f17dd4911475861cec41755502771901127f,0eb4df990f6753bfc9e9029bf76f169c28456414
Climate_h4,0,1256,N,2026,2,57.92456142917503,7af3279b444ee011c7f4ba8a6219a2511255d14458c75b6ca71d87b89fe581db,cd9df2ade1ca21431041edcb14d5f17dd4911475861cec41755502771901127f,0eb4df990f6753bfc9e9029bf76f169c28456414
Climate_h4,0,1256,N,2026,3,57.8126801867537,7af3279b444ee011c7f4ba8a6219a2511255d14458c75b6ca71d87b89fe581db,cd9df2ade1ca21431041edcb14d5f17dd4911475861cec41755502771901127f,0eb4df990f6753bfc9e9029bf76f169c28456414
Climate_h4,0,1256,N,2026,4,57.70923044049371,7af3279b444ee011c7f4ba8a6219a2511255d14458c75b6ca71d87b89fe581db,cd9df2ade1ca21431041edcb14d5f17dd4911475861cec41755502771901127f,0eb4df990f6753bfc9e9029bf76f169c28456414
Climate_h4,0,1257,N,2026,1,62.75576589923422,7af3279b444ee011c7f4ba8a6219a2511255d14458c75b6ca71d87b89fe581db,cd9df2ade1ca21431041edcb14d5f17dd4911475861cec41755502771901127f,0eb4df990f6753bfc9e9029bf76f169c28456414
Climate_h4,0,1257,N,2026,2,62.61828569234874,7af3279b444ee011c7f4ba8a6219a2511255d14458c75b6ca71d87b89fe581db,cd9df2ade1ca21431041edcb14d5f17dd4911475861cec41755502771901127f,0eb4df990f6753bfc9e9029bf76f169c28456414
Climate_h4,0,1257,N,2026,3,62.48960246347262,7af3279b444ee011c7f4ba8a6219a2511255d14458c75b6ca71d87b89fe581db,cd9df2ade1ca21431041edcb14d5f17dd4911475861cec41755502771901127f,0eb4df990f6753bfc9e9029bf76f169c28456414
Climate_h4,0,1257,N,2026,4,62.36737939506763,7af3279b444ee011c7f4ba8a6219a2511255d14458c75b6ca71d87b89fe581db,cd9df2ade1ca21431041edcb14d5f17dd4911475861cec41755502771901127f,0eb4df990f6753bfc9e9029bf76f169c28456414
Climate_h4,0,1258,N,2026,1,64.84809586495734,7af3279b444ee011c7f4ba8a6219a2511255d14458c75b6ca71d87b89fe581db,cd9df2ade1ca21431041edcb14d5f17dd4911475861cec41755502771901127f,0eb4df990f6753bfc9e9029bf76f169c28456414
Climate_h4,0,1258,N,2026,2,64.68715929489017,7af3279b444ee011c7f4ba8a6219a2511255d14458c75b6ca71d87b89fe581db,cd9df2ade1ca21431041edcb14d5f17dd4911475861cec41755502771901127f,0eb4df990f6753bfc9e9029bf76f169c28456414
Climate_h4,0,1258,N,2026,3,64.53529248026744,7af3279b444ee011c7f4ba8a6219a2511255d14458c75b6ca71d87b89fe581db,cd9df2ade1ca21431041edcb14d5f17dd4911475861cec41755502771901127f,0eb4df990f6753bfc9e9029bf76f169c28456414
Climate_h4,0,1258,N,2026,4,64.39015234835266,7af3279b444ee011c7f4ba8a6219a2511255d14458c75b6ca71d87b89fe581db,cd9df2ade1ca21431041edcb14d5f17dd4911475861cec41755502771901127f,0eb4df990f6753bfc9e9029bf76f169c28456414
Climate_h4,0,1259,N,2026,1,66.57930325644666,7af3279b444ee011c7f4ba8a6219a2511255d14458c75b6ca71d87b89fe581db,cd9df2ade1ca21431041edcb14d5f17dd4911475861cec41755502771901127f,0eb4df990f6753bfc9e9029bf76f169c28456414
Climate_h4,0,1259,N,2026,2,66.388067590742,7af3279b444ee011c7f4ba8a6219a2511255d14458c75b6ca71d87b89fe581db,cd9df2ade1ca21431041edcb14d5f17dd4911475861cec41755502771901127f,0eb4df990f6753bfc9e9029bf76f169c28456414
Climate_h4,0,1259,N,2026,3,66.2093991547544,7af3279b444ee011c7f4ba8a6219a2511255d14458c75b6ca71d87b89fe581db,cd9df2ade1ca21431041edcb14d5f17dd4911475861cec41755502771901127f,0eb4df990f6753bfc9e9029bf76f169c28456414
Climate_h4,0,1259,N,2026,4,66.03509119011687,7af3279b444ee011c7f4ba8a6219a2511255d14458c75b6ca71d87b89fe581db,cd9df2ade1ca21431041edcb14d5f17dd4911475861cec41755502771901127f,0eb4df990f6753bfc9e9029bf76f169c28456414
Climate_h4,0,1260,N,2026,1,65.09890461194405,7af3279b444ee011c7f4ba8a6219a2511255d14458c75b6ca71d87b89fe581db,cd9df2ade1ca21431041edcb14d5f17dd4911475861cec41755502771901127f,0eb4df990f6753bfc9e9029bf76f169c28456414
Climate_h4,0,1260,N,2026,2,64.89555181830647,7af3279b444ee011c7f4ba8a6219a2511255d14458c75b6ca71d87b89fe581db,cd9df2ade1ca21431041edcb14d5f17dd4911475861cec41755502771901127f,0eb4df990f6753bfc9e9029bf76f169c28456414
Climate_h4,0,1260,N,2026,3,64.70284349828898,7af3279b444ee011c7f4ba8a6219a2511255d14458c75b6ca71d87b89fe581db,cd9df2ade1ca21431041edcb14d5f17dd4911475861cec41755502771901127f,0eb4df990f6753bfc9e9029bf76f169c28456414
Climate_h4,0,1260,N,2026,4,64.51837901688235,7af3279b444ee011c7f4ba8a6219a2511255d14458c75b6ca71d87b89fe581db,cd9df2ade1ca21431041edcb14d5f17dd4911475861cec41755502771901127f,0eb4df990f6753bfc9e9029bf76f169c28456414
Climate_h4,0,1261,N,2026,1,60.44500629453735,7af3279b444ee011c7f4ba8a6219a2511255d14458c75b6ca71d87b89fe581db,cd9df2ade1ca21431041edcb14d5f17dd4911475861cec41755502771901127f,0eb4df990f6753bfc9e9029bf76f169c28456414
Climate_h4,0,1261,N,2026,2,60.25150654763452,7af3279b444ee011c7f4ba8a6219a2511255d14458c75b6ca71d87b89fe581db,cd9df2ade1ca21431041edcb14d5f17dd4911475861cec41755502771901127f,0eb4df990f6753bfc9e9029bf76f169c28456414
Climate_h4,0,1261,N,2026,3,60.074391746337476,7af3279b444ee011c7f4ba8a6219a2511255d14458c75b6ca71d87b89fe581db,cd9df2ade1ca21431041edcb14d5f17dd4911475861cec41755502771901127f,0eb4df990f6753bfc9e9029bf76f169c28456414
Climate_h4,0,1261,N,2026,4,59.9241266884249,7af3279b444ee011c7f4ba8a6219a2511255d14458c75b6ca71d87b89fe581db,cd9df2ade1ca21431041edcb14d5f17dd4911475861cec41755502771901127f,0eb4df990f6753bfc9e9029bf76f169c28456414
Climate_h4,0,1262,N,2026,1,60.055207676066495,7af3279b444ee011c7f4ba8a6219a2511255d14458c75b6ca71d87b89fe581db,cd9df2ade1ca21431041edcb14d5f17dd4911475861cec41755502771901127f,0eb4df990f6753bfc9e9029bf76f169c28456414
Climate_h4,0,1262,N,2026,2,59.88017630098419,7af3279b444ee011c7f4ba8a6219a2511255d14458c75b6ca71d87b89fe581db,cd9df2ade1ca21431041edcb14d5f17dd4911475861cec41755502771901127f,0eb4df990f6753bfc9e9029bf76f169c28456414
Climate_h4,0,1262,N,2026,3,59.737944698987405,7af3279b444ee011c7f4ba8a6219a2511255d14458c75b6ca71d87b89fe581db,cd9df2ade1ca21431041edcb14d5f17dd4911475861cec41755502771901127f,0eb4df990f6753bfc9e9029bf76f169c28456414
Climate_h4,0,1262,N,2026,4,59.60435381326247,7af3279b444ee011c7f4ba8a6219a2511255d14458c75b6ca71d87b89fe581db,cd9df2ade1ca21431041edcb14d5f17dd4911475861cec41755502771901127f,0eb4df990f6753bfc9e9029bf76f169c28456414
Climate_h4,0,1263,N,2026,1,61.52370017504482,7af3279b444ee011c7f4ba8a6219a2511255d14458c75b6ca71d87b89fe581db,cd9df2ade1ca21431041edcb14d5f17dd4911475861cec41755502771901127f,0eb4df990f6753bfc9e9029bf76f169c28456414
Climate_h4,0,1263,N,2026,2,61.374110183390414,7af3279b444ee011c7f4ba8a6219a2511255d14458c75b6ca71d87b89fe581db,cd9df2ade1ca21431041edcb14d5f17dd4911475861cec41755502771901127f,0eb4df990f6753bfc9e9029bf76f169c28456414
Climate_h4,0,1263,N,2026,3,61.23794738510773,7af3279b444ee011c7f4ba8a6219a2511255d14458c75b6ca71d87b89fe581db,cd9df2ade1ca21431041edcb14d5f17dd4911475861cec41755502771901127f,0eb4df990f6753bfc9e9029bf76f169c28456414
Climate_h4,0,1263,N,2026,4,61.09938936861156,7af3279b444ee011c7f4ba8a6219a2511255d14458c75b6ca71d87b89fe581db,cd9df2ade1ca21431041edcb14d5f17dd4911475861cec41755502771901127f,0eb4df990f6753bfc9e9029bf76f169c28456414
Climate_h4,0,1264,N,2026,1,62.850552431227406,7af3279b444ee011c7f4ba8a6219a2511255d14458c75b6ca71d87b89fe581db,cd9df2ade1ca21431041edcb14d5f17dd4911475861cec41755502771901127f,0eb4df990f6753bfc9e9029bf76f169c28456414
Climate_h4,0,1264,N,2026,2,62.703305322692984,7af3279b444ee011c7f4ba8a6219a2511255d14458c75b6ca71d87b89fe581db,cd9df2ade1ca21431041edcb14d5f17dd4911475861cec41755502771901127f,0eb4df990f6753bfc9e9029bf76f169c28456414
Climate_h4,0,1264,N,2026,3,62.55505992872165,7af3279b444ee011c7f4ba8a6219a2511255d14458c75b6ca71d87b89fe581db,cd9df2ade1ca21431041edcb14d5f17dd4911475861cec41755502771901127f,0eb4df990f6753bfc9e9029bf76f169c28456414
Climate_h4,0,1264,N,2026,4,62.42405968394935,7af3279b444ee011c7f4ba8a6219a2511255d14458c75b6ca71d87b89fe581db,cd9df2ade1ca21431041edcb14d5f17dd4911475861cec41755502771901127f,0eb4df990f6753bfc9e9029bf76f169c28456414
Climate_h4,0,1265,N,2026,1,64.65345135991426,7af3279b444ee011c7f4ba8a6219a2511255d14458c75b6ca71d87b89fe581db,cd9df2ade1ca21431041edcb14d5f17dd4911475861cec41755502771901127f,0eb4df990f6753bfc9e9029bf76f169c28456414
Climate_h4,0,1265,N,2026,2,64.4883354725863,7af3279b444ee011c7f4ba8a6219a2511255d14458c75b6ca71d87b89fe581db,cd9df2ade1ca21431041edcb14d5f17dd4911475861cec41755502771901127f,0eb4df990f6753bfc9e9029bf76f169c28456414
Climate_h4,0,1265,N,2026,3,64.33795126799711,7af3279b444ee011c7f4ba8a6219a2511255d14458c75b6ca71d87b89fe581db,cd9df2ade1ca21431041edcb14d5f17dd4911475861cec41755502771901127f,0eb4df990f6753bfc9e9029bf76f169c28456414
Climate_h4,0,1265,N,2026,4,64.23964458584227,7af3279b444ee011c7f4ba8a6219a2511255d14458c75b6ca71d87b89fe581db,cd9df2ade1ca21431041edcb14d5f17dd4911475861cec41755502771901127f,0eb4df990f6753bfc9e9029bf76f169c28456414
Climate_h4,0,1266,N,2026,1,65.36521042068148,7af3279b444ee011c7f4ba8a6219a2511255d14458c75b6ca71d87b89fe581db,cd9df2ade1ca21431041edcb14d5f17dd4911475861cec41755502771901127f,0eb4df990f6753bfc9e9029bf76f169c28456414
Climate_h4,0,1266,N,2026,2,65.19931908449163,7af3279b444ee011c7f4ba8a6219a2511255d14458c75b6ca71d87b89fe581db,cd9df2ade1ca21431041edcb14d5f17dd4911475861cec41755502771901127f,0eb4df990f6753bfc9e9029bf76f169c28456414
Climate_h4,0,1266,N,2026,3,65.07841712238626,7af3279b444ee011c7f4ba8a6219a2511255d14458c75b6ca71d87b89fe581db,cd9df2ade1ca21431041edcb14d5f17dd4911475861cec41755502771901127f,0eb4df990f6753bfc9e9029bf76f169c28456414
Climate_h4,0,1266,N,2026,4,65.00946990653229,7af3279b444ee011c7f4ba8a6219a2511255d14458c75b6ca71d87b89fe581db,cd9df2ade1ca21431041edcb14d5f17dd4911475861cec41755502771901127f,0eb4df990f6753bfc9e9029bf76f169c28456414
Climate_h4,0,1267,N,2026,1,67.202404891609,7af3279b444ee011c7f4ba8a6219a2511255d14458c75b6ca71d87b89fe581db,cd9df2ade1ca21431041edcb14d5f17dd4911475861cec41755502771901127f,0eb4df990f6753bfc9e9029bf76f169c28456414
Climate_h4,0,1267,N,2026,2,67.0540959773384,7af3279b444ee011c7f4ba8a6219a2511255d14458c75b6ca71d87b89fe581db,cd9df2ade1ca21431041edcb14d5f17dd4911475861cec41755502771901127f,0eb4df990f6753bfc9e9029bf76f169c28456414
Climate_h4,0,1267,N,2026,3,66.95159254010487,7af3279b444ee011c7f4ba8a6219a2511255d14458c75b6ca71d87b89fe581db,cd9df2ade1ca21431041edcb14d5f17dd4911475861cec41755502771901127f,0eb4df990f6753bfc9e9029bf76f169c28456414
Climate_h4,0,1267,N,2026,4,66.90335138050624,7af3279b444ee011c7f4ba8a6219a2511255d14458c75b6ca71d87b89fe581db,cd9df2ade1ca21431041edcb14d5f17dd4911475861cec41755502771901127f,0eb4df990f6753bfc9e9029bf76f169c28456414
Climate_h4,0,1268,N,2026,1,67.0606562046799,7af3279b444ee011c7f4ba8a6219a2511255d14458c75b6ca71d87b89fe581db,cd9df2ade1ca21431041edcb14d5f17dd4911475861cec41755502771901127f,0eb4df990f6753bfc9e9029bf76f169c28456414
Climate_h4,0,1268,N,2026,2,66.93517089018539,7af3279b444ee011c7f4ba8a6219a2511255d14458c75b6ca71d87b89fe581db,cd9df2ade1ca21431041edcb14d5f17dd4911475861cec41755502771901127f,0eb4df990f6753bfc9e9029bf76f169c28456414
Climate_h4,0,1268,N,2026,3,66.85768134023004,7af3279b444ee011c7f4ba8a6219a2511255d14458c75b6ca71d87b89fe581db,cd9df2ade1ca21431041edcb14d5f17dd4911475861cec41755502771901127f,0eb4df990f6753bfc9e9029bf76f169c28456414
Climate_h4,0,1268,N,2026,4,66.8194173952855,7af3279b444ee011c7f4ba8a6219a2511255d14458c75b6ca71d87b89fe581db,cd9df2ade1ca21431041edcb14d5f17dd4911475861cec41755502771901127f,0eb4df990f6753bfc9e9029bf76f169c28456414
