task_id,origin_id,proxy_selected,conservative_lag_selected,removed_by_lag,removed_end_dates,trigger
SocialGood_h3_f1,SocialGood:h3:f1:o385,7,0,"['2b4b9b894f98dd94', '7da5592bc23bbfd3', 'b0a8e23b5d1cb2ca', 'c3b3f6189f794c42', 'cdb480ebfea77308', 'd9c7cc43dabbd70b', 'f7c1b07845d2d4ba']","['1980-01-20', '1980-01-20', '1980-01-06', '1980-01-27', '1980-01-13', '1980-01-27', '1980-01-06']",lag_not_elapsed
SocialGood_h3_f1,SocialGood:h3:f1:o386,14,7,"['04b05ee2d17d37d2', '56605db62b15e6ea', '6c6f1d48fa3c363b', '7087c823e25a2e52', '7780064d647f6060', '86595bc6a15dba30', 'df3b697e8a50ff07']","['1980-02-17', '1980-02-17', '1980-02-03', '1980-02-10', '1980-02-24', '1980-02-03', '1980-02-10']",lag_not_elapsed
SocialGood_h3_f1,SocialGood:h3:f1:o387,23,14,"['0126e1a95cb3f92e', '38d426121b72c227', '52d1189585fbad2e', '582760720f3fe2b9', 'bb0f3827626a665e', 'c7e34fd1a4319024', 'd011573ef67c3599', 'd8c8267b3baa86ec', 'fbc851f22e8c1e7e']","['1980-03-16', '1980-03-30', '1980-03-30', '1980-03-02', '1980-03-23', '1980-03-16', '1980-03-23', '1980-03-02', '1980-03-09']",lag_not_elapsed
SocialGood_h3_f1,SocialGood:h3:f1:o388,30,23,"['2197f08f0976875c', '45761f30a7557457', '6bf0a9b85f129343', '721c74e9dc59098f', '7886366677dbc78a', 'c5a47661b57b3616', 'ecce1f732c3f8d81']","['1980-04-06', '1980-04-06', '1980-04-27', '1980-04-13', '1980-04-13', '1980-04-20', '1980-04-20']",lag_not_elapsed
SocialGood_h3_f1,SocialGood:h3:f1:o389,32,30,"['14b066b093f4745d', '44ab6a9afdeb7971', '57e584286c6ecaed', '74d82622ca2496eb', '7c49b2513156363e', 'c3692bc0f7462e49', 'ce0d084f22d817fa', 'e18e0344a35ba3da']","['1980-05-04', '1980-05-25', '1980-05-11', '1980-05-25', '1980-05-18', '1980-05-04', '1980-05-18', '1980-05-11']",lag_not_elapsed
SocialGood_h3_f1,SocialGood:h3:f1:o390,32,32,"['00188268210b7be8', '0970ca0ddfa81c57', '104456887e59adc6', '63a520eea61336a6', '8c24b55024fe11b1', '99ac078a7c218bda', 'a539216349025997', 'bfb0cc530fb69be9', 'c19e37e43bd437c4', 'db8e2b3e784beb41']","['1980-06-15', '1980-06-22', '1980-06-08', '1980-06-29', '1980-06-01', '1980-06-15', '1980-06-08', '1980-06-22', '1980-06-29', '1980-06-01']",lag_not_elapsed
SocialGood_h3_f1,SocialGood:h3:f1:o391,32,32,"['0e78d700c8b6aee7', '2e7317258614cd2d', '5ec889f5f1b5d057', 'e50b3f82e0557ab3']","['1980-07-06', '1980-07-20', '1980-07-13', '1980-07-20']",lag_not_elapsed
SocialGood_h3_f1,SocialGood:h3:f1:o392,32,32,"['02243003e98a1d6c', '0b455eb8d0656a39', '3d121943bcd792d5', '4f14375e20a87f1a', 'a6e9c92549457a96', 'b3b9d06c2223cf8a', 'bac03cbea33d29bd', 'c4c40c4ef9db456f']","['1980-08-17', '1980-08-10', '1980-08-17', '1980-08-31', '1980-08-31', '1980-08-03', '1980-08-03', '1980-08-10']",lag_not_elapsed
SocialGood_h3_f1,SocialGood:h3:f1:o393,32,32,"['1ff11e8018ccc9c6', '2d8815414756b46e', '4f14375e20a87f1a', '5089cd592e19a71a', '944d4106718bdb7d', '9494187bde34cf7f', 'a6e9c92549457a96', 'bdc2872db819b659', 'fb0a0d40a137d13a', 'ff77cab600afb3d3']","['1980-09-07', '1980-09-14', '1980-08-31', '1980-09-21', '1980-09-28', '1980-09-21', '1980-08-31', '1980-09-14', '1980-09-07', '1980-09-28']",lag_not_elapsed
SocialGood_h3_f1,SocialGood:h3:f1:o394,32,32,"['1c506e459ed86363', '1ea0d4b39ac5a4f6', '28fa29c9ca1c1c6b', '2ff2ebf01b1b14f0', '37e3a86d19870c56', '7aa692f48044bc1c', '8c30b94b8ac4104f', '9b9977d72eaab22a']","['1980-10-05', '1980-10-26', '1980-10-12', '1980-10-26', '1980-10-19', '1980-10-19', '1980-10-12', '1980-10-05']",lag_not_elapsed
SocialGood_h3_f1,SocialGood:h3:f1:o395,32,32,"['03328ca85e70d991', '7181a3f785833a6c', '790a060232458298', 'afcd600d9f29004e', 'c364cb2dd55a0c4c', 'cb51d7f3b9c6898b', 'd4915d01475ecbfa', 'f18dea77eeecc2be']","['1980-11-16', '1980-11-09', '1980-11-16', '1980-11-02', '1980-11-23', '1980-11-30', '1980-11-23', '1980-11-09']",lag_not_elapsed
SocialGood_h3_f1,SocialGood:h3:f1:o396,32,32,"['121c4f9ff1bb0d1d', '1e9588383dec3fbe', '412997eb04131f5d', '47cf8212b289e233', '5c6755e65944626d', 'b8d087bdfaa2e377', 'babb86b9de2cfd87', 'dbac1a988555ddd5']","['1980-12-07', '1980-12-14', '1980-12-28', '1980-12-07', '1980-12-14', '1980-12-21', '1980-12-21', '1980-12-28']",lag_not_elapsed
SocialGood_h3_f1,SocialGood:h3:f1:o397,32,32,"['56c14f70900117d4', '8d788ad5c1ad40ff', 'adcfda8d05f902b2', 'c0ccebabd3f064e4', 'd2adfb57d57fc083', 'e1957d124bf8d6da', 'e6c547e50e2af909', 'ff89068d7143fe07']","['1981-01-04', '1981-01-04', '1981-01-11', '1981-01-25', '1981-01-25', '1981-01-18', '1981-01-18', '1981-01-11']",lag_not_elapsed
SocialGood_h3_f1,SocialGood:h3:f1:o398,32,32,"['099b5e96e3e9d44f', '099eed3e8bdcf5b2', '3153d953fa6a4e99', '5d38b8c8fcc87b45', '63f8b58142be55be', '99e8112d5e783655', 'b3a1883bdae49d33', 'f629f958ad2f9fb8']","['1981-02-01', '1981-02-08', '1981-02-08', '1981-02-22', '1981-02-15', '1981-02-22', '1981-02-01', '1981-02-15']",lag_not_elapsed
SocialGood_h3_f1,SocialGood:h3:f1:o399,32,32,"['0f5e8057fc656982', '8f53c7b3583cd74d', 'a07395b24854745b', 'b2eacfdf2707024b', 'd32e9db74207f847', 'e32e7235bf9e3777', 'e54cc322dce8968f', 'f20e27766a7e76f6', 'f249f93aabaa1cad']","['1981-03-29', '1981-03-01', '1981-03-15', '1981-03-22', '1981-03-08', '1981-03-08', '1981-03-29', '1981-03-01', '1981-03-15']",lag_not_elapsed
SocialGood_h3_f1,SocialGood:h3:f1:o400,32,32,"['071805e381ec6de7', '45e2667ffc27cb04', '59d6df1fd2c053c6', '72f4a39661cbb95c', '9f6e114bcb27e5e1', 'aa65399c128b29d9', 'fbde304a2a0fc7eb']","['1981-04-26', '1981-04-12', '1981-04-05', '1981-04-12', '1981-04-19', '1981-04-05', '1981-04-19']",lag_not_elapsed
SocialGood_h3_f1,SocialGood:h3:f1:o401,32,32,"['25e4d8886a34998c', '5be6aa5124821154', '662c0d08ef83b58b', '7831d6cde5a132f2', '87ebc5fe7905094e', 'ccb71531c7ebbc9d', 'dbeffeed18b6144c', 'e84c55881c68d938', 'e8a4d660be312380']","['1981-05-03', '1981-05-31', '1981-05-10', '1981-05-10', '1981-05-24', '1981-05-17', '1981-05-03', '1981-05-31', '1981-05-17']",lag_not_elapsed
SocialGood_h3_f1,SocialGood:h3:f1:o402,32,32,"['16480d819e917bd1', '3d7de93d39862502', '3f61775b57f5c938', '5be6aa5124821154', '6bd68a6ad080f0ec', '79e573955177e7c4', 'baf444b7f56093de', 'e84c55881c68d938']","['1981-06-07', '1981-06-07', '1981-06-28', '1981-05-31', '1981-06-21', '1981-06-14', '1981-06-28', '1981-05-31']",lag_not_elapsed
SocialGood_h3_f1,SocialGood:h3:f1:o403,32,32,"['11b7e436cdd50441', '254d119f20b971d1', '3448cd5dcc85f49e', '35cb70bc1ccd4588', '70a691543ddb4873', '7782890e6811d9b1', 'a720c3b360ad4a77', 'b1422633b7669af1']","['1981-07-26', '1981-07-26', '1981-07-19', '1981-07-12', '1981-07-05', '1981-07-19', '1981-07-12', '1981-07-05']",lag_not_elapsed
SocialGood_h3_f1,SocialGood:h3:f1:o404,32,32,"['015bceb63b041135', '05ba52fc8b1a6e04', '1b941bbe451b6ea6', '2c668d68deadf876', '667a4e5f29a70158', '8e8710dd46a40f5b', 'a6c701ea37f30d0e', 'cbfae813d059ef03']","['1981-08-23', '1981-08-09', '1981-08-02', '1981-08-30', '1981-08-30', '1981-08-02', '1981-08-16', '1981-08-16']",lag_not_elapsed
SocialGood_h3_f1,SocialGood:h3:f1:o405,32,32,"['253f65f94591b5d3', '48f699d77c824884', '4c6e5e2b390da0b3', '5c9e8672f382d8d4', '923681edf0eb1ce9', 'c82c9c3a365c60f6', 'fe3d798058b98f10']","['1981-09-20', '1981-09-13', '1981-09-20', '1981-09-27', '1981-09-13', '1981-09-27', '1981-09-06']",lag_not_elapsed
SocialGood_h3_f1,SocialGood:h3:f1:o406,32,32,"['29fa791a3643f544', '7f7f7048dd2788c5', '99982d0b2f6f8b30', 'a105c3dea823cbcb', 'c02f4b6c8f7c76db', 'd764e6b5cb872cf9', 'fba575334aacf094']","['1981-10-25', '1981-10-18', '1981-10-11', '1981-10-18', '1981-10-04', '1981-10-11', '1981-10-25']",lag_not_elapsed
SocialGood_h3_f1,SocialGood:h3:f1:o407,32,32,"['0b077d30fa8272d2', '353954b67a4bbee0', '606ba2602e5d1a8e', '6d5e3439bb26c358', '9510296185c7a1e3', '9eff209b24f7f168', 'a66568109197d669', 'd4564d65b1e8592b', 'ee86aef9f0db1e87']","['1981-11-08', '1981-11-08', '1981-11-22', '1981-11-15', '1981-11-15', '1981-11-29', '1981-11-01', '1981-11-22', '1981-11-01']",lag_not_elapsed
SocialGood_h3_f1,SocialGood:h3:f1:o408,32,32,"['272fc05761310385', '2957f1e8f6db7315', 'c539cd9af8505844', 'cdcda5e06ef7a795', 'd443af0a0d92153d', 'dfb262a6129786ca', 'ff8cc162c7d20474']","['1981-12-27', '1981-12-13', '1981-12-20', '1981-12-20', '1981-12-06', '1981-12-13', '1981-12-06']",lag_not_elapsed
SocialGood_h3_f1,SocialGood:h3:f1:o409,32,32,"['0ecd0d58f2bc6b30', '23200c2e77188a09', '2ea9405da4e3abb6', '51e14994103b92ab', '56bf28d1c3c330cc', '5cc9d3ed9f70bf8e', 'a4dc8ab2772a2dd3', 'b2e011eec09a15c6', 'b3c3e192cb06d414']","['1982-01-17', '1982-01-31', '1982-01-03', '1982-01-10', '1982-01-24', '1982-01-24', '1982-01-31', '1982-01-10', '1982-01-03']",lag_not_elapsed
SocialGood_h3_f1,SocialGood:h3:f1:o410,32,32,"['054b13de2f7cec08', '0b5ba3ce7fc485ea', '23200c2e77188a09', '550543dc91247c39', '889ada420bfeb7c3', 'a14439e2350e0453', 'a4dc8ab2772a2dd3', 'a52d836080725478', 'd94051c2c276c5db']","['1982-02-07', '1982-02-21', '1982-01-31', '1982-02-28', '1982-02-07', '1982-02-21', '1982-01-31', '1982-02-14', '1982-02-14']",lag_not_elapsed
SocialGood_h3_f1,SocialGood:h3:f1:o411,32,32,"['031fe38ebf21c4b4', '4f4d35b569561055', '5ea3f9db3b1cec92', '8ffbd9babb6bce7b', '981bb5f37072a61c', 'ac5c4d210fbf7015', 'b696bbcbb712ba57']","['1982-03-07', '1982-03-14', '1982-03-21', '1982-03-14', '1982-03-07', '1982-03-28', '1982-03-21']",lag_not_elapsed
SocialGood_h3_f1,SocialGood:h3:f1:o412,32,32,"['040f68cab86dddcb', '703e82da6129843b', '72a11899763a6996', 'c5d47388d31f0006', 'c9ceb983f7c74d81', 'cb495477b500c115', 'd2762604ad5dcf36', 'dc51ad1351d4013e']","['1982-04-11', '1982-04-18', '1982-04-11', '1982-04-25', '1982-04-04', '1982-04-04', '1982-04-25', '1982-04-18']",lag_not_elapsed
SocialGood_h3_f1,SocialGood:h3:f1:o413,32,32,"['0469e9653d59a7da', '0d9a1683677b49ee', '4ff724727213c72f', '52a559849d9adb8b', '7b393b4e5b3f71eb', '8b37162423ab5f37', '8e9c53ed250cd6a7', '99d87e43c3ec0161', 'add2fb56a593251e', 'da929427b8259bfe']","['1982-05-30', '1982-05-09', '1982-05-16', '1982-05-16', '1982-05-02', '1982-05-23', '1982-05-09', '1982-05-02', '1982-05-23', '1982-05-30']",lag_not_elapsed
SocialGood_h3_f1,SocialGood:h3:f1:o414,32,32,"['45ab91c107d301a4', '76d2ada81542dea9', 'b1f22984d43353f8', 'b26545fc659d91ee', 'dfa1111c0a6b1282', 'fc401a418c73d2e3']","['1982-06-06', '1982-06-20', '1982-06-13', '1982-06-20', '1982-06-06', '1982-06-13']",lag_not_elapsed
SocialGood_h3_f1,SocialGood:h3:f1:o415,32,32,"['045e1ad8f4b560cb', '3cde835b45f15ff2', '51ebbb3cdd6d7039', '668a11343ca7b89d', '81e3707b58f2f378', 'c17d07f221fe073a', 'd59691e46ccf6900', 'f71e75a31969d42b']","['1982-07-18', '1982-07-18', '1982-07-11', '1982-07-11', '1982-07-25', '1982-07-25', '1982-07-04', '1982-07-04']",lag_not_elapsed
SocialGood_h3_f1,SocialGood:h3:f1:o416,32,32,"['26ac42512914be6c', '55e021b6a1d7fc58', '5ab01575e25fbd76', '805ace3d5676a0f4', 'a77f768accc02c45', 'bbb9744e9545af3a', 'dccb51cd4f3d3cbd', 'e18f2cfbe2d89687', 'f366b3b484bc5cfb', 'fcada915a8e50376']","['1982-08-15', '1982-08-29', '1982-08-01', '1982-08-01', '1982-08-08', '1982-08-29', '1982-08-22', '1982-08-15', '1982-08-22', '1982-08-08']",lag_not_elapsed
SocialGood_h3_f1,SocialGood:h3:f1:o417,32,32,"['09b46f52e60269eb', '1b3ca242e8bb546c', '4f206df6caf751ef', '75ecbda44e37b4cf', '8335f16bf41a711e', '83b7a636c4994f2c', 'd305f953855e00be', 'f005b0cdfabc7ede']","['1982-09-05', '1982-09-26', '1982-09-19', '1982-09-05', '1982-09-26', '1982-09-19', '1982-09-12', '1982-09-12']",lag_not_elapsed
SocialGood_h3_f1,SocialGood:h3:f1:o418,32,32,"['2938d0c65d8c0112', '6443add6805b425a', '6970d62d1aef3351', '706689c3f97540e5', '8ac5d9d1f0a699bb', '94595e97b1b28b8b', '9a1c2ca21a2d7e8a', 'd31cee0a4b624816', 'ef8a2ece16e17030', 'fe5322cbe28c05cd']","['1982-10-17', '1982-10-03', '1982-10-24', '1982-10-10', '1982-10-10', '1982-10-24', '1982-10-31', '1982-10-03', '1982-10-17', '1982-10-31']",lag_not_elapsed
SocialGood_h3_f1,SocialGood:h3:f1:o419,32,32,"['08910221d2787207', '47b469fa5c6d389c', '4f78e1eb0a8ac109', '68607b0f75c4ec15', '86b14a6117ba92c0', '89490d13228c904b', '9a1c2ca21a2d7e8a', 'bedef08752591448', 'f7c53df68c7a3d2e', 'fe5322cbe28c05cd']","['1982-11-21', '1982-11-21', '1982-11-28', '1982-11-14', '1982-11-07', '1982-11-14', '1982-10-31', '1982-11-28', '1982-11-07', '1982-10-31']",lag_not_elapsed
SocialGood_h3_f1,SocialGood:h3:f1:o420,32,32,"['069a39be3e0141cb', '5d414a45e97432c4', '5e54e52375f49e53', '73bc600cc6e7f661', 'b0249b098e28cca3', 'b5eaf73ba9917c51', 'd1a4be9af275da94', 'fd1a5de57fc7764a']","['1982-12-05', '1982-12-12', '1982-12-19', '1982-12-05', '1982-12-26', '1982-12-19', '1982-12-26', '1982-12-12']",lag_not_elapsed
SocialGood_h3_f1,SocialGood:h3:f1:o421,32,32,"['17ff77b1c6e73acd', '18ad3ad8cc47c944', '450c5cb0b8019690', '4cc81675b76c69d0', '7f1de98e24ccc15b', '83cf638b86a9b3d9', 'cf428c72c421dcc8', 'd666e4499a09be92']","['1983-01-09', '1983-01-23', '1983-01-02', '1983-01-16', '1983-01-02', '1983-01-30', '1983-01-16', '1983-01-30']",lag_not_elapsed
SocialGood_h3_f1,SocialGood:h3:f1:o422,32,32,"['0c8105329ff471a7', '3364c300d403d173', '45510df32aee6d83', '83cf638b86a9b3d9', 'b347688fd30052a9', 'c86814022adf10b1', 'c9bffc7e88ba4c00', 'ca2c563ac14afd02', 'd666e4499a09be92']","['1983-02-06', '1983-02-20', '1983-02-06', '1983-01-30', '1983-02-20', '1983-02-13', '1983-02-27', '1983-02-27', '1983-01-30']",lag_not_elapsed
SocialGood_h3_f1,SocialGood:h3:f1:o423,32,32,"['0d2d40c745fffa49', '3d5fb38b6ca28fcc', '3f01062853eadc7b', 'a1d8e7a4aa6bae7d', 'aa11f5af552d093b', 'b07b4a107f8785b3', 'c16c34f07c5e1b7d', 'f1072c71a7a93833']","['1983-03-27', '1983-03-06', '1983-03-20', '1983-03-13', '1983-03-27', '1983-03-20', '1983-03-06', '1983-03-13']",lag_not_elapsed
SocialGood_h3_f1,SocialGood:h3:f1:o424,32,32,"['12ee48d72b13aa5d', '55970ea7403d0c45', '55fc1a6b83b4e1cd', '85329900d9306f17', '88fba7b4860bfb13', 'a919b901089ff34b', 'f72e74c50ddb4e02', 'fa78da50c4743923']","['1983-04-17', '1983-04-03', '1983-04-17', '1983-04-03', '1983-04-24', '1983-04-24', '1983-04-10', '1983-04-10']",lag_not_elapsed
SocialGood_h3_f1,SocialGood:h3:f1:o425,32,32,"['0be30d285b29a4df', '2d8fcc9d28e4c783', '38f37befe4ed4735', '5f0bee3bf961e194', '75a54b4cee5b9de9', 'd73891f2cfe238f0', 'f30294ab79f7d92e', 'f9066235c1fbb794', 'fea7138616b9c958']","['1983-05-15', '1983-05-29', '1983-05-01', '1983-05-08', '1983-05-01', '1983-05-29', '1983-05-22', '1983-05-15', '1983-05-22']",lag_not_elapsed
SocialGood_h3_f1,SocialGood:h3:f1:o426,32,32,"['0130ac6443ea0037', '1d5e0743ffd50332', '29be51bc28304b99', '5f7c2a1f8c3e894a', '6bdc2af585724dc9', '8528a61222952dd9', 'fc7ec039b83db407']","['1983-06-05', '1983-06-12', '1983-06-05', '1983-06-26', '1983-06-19', '1983-06-26', '1983-06-19']",lag_not_elapsed
SocialGood_h3_f1,SocialGood:h3:f1:o427,32,32,"['468bd298c99487e8', '4a54bee81abb296c', '4b478c8784d7098f', '51ed5cd5605d11ed', '5f3aaa1113933bf6', '6ba39316d059be00', '733cdcb75f732685', '74773ea5fa7d7f72', '810ef4d43b1868d8', 'd8916023cb717dde']","['1983-07-24', '1983-07-03', '1983-07-17', '1983-07-10', '1983-07-31', '1983-07-31', '1983-07-03', '1983-07-24', '1983-07-10', '1983-07-17']",lag_not_elapsed
SocialGood_h3_f1,SocialGood:h3:f1:o428,32,32,"['04134bbd984c63e1', '80b7df3512731500', '883bf69ca3bac79e', '9e3ffdbcd7884d4b', 'afe1532856a15013', 'd8b578d627d25c55', 'e6a244db5296951a']","['1983-08-14', '1983-08-14', '1983-08-21', '1983-08-07', '1983-08-07', '1983-08-21', '1983-08-28']",lag_not_elapsed
SocialGood_h3_f1,SocialGood:h3:f1:o429,32,32,"['1732f6631af071dd', '3ab797c7b996ea11', '664e9c16e6ee0964', '66ea53fbf017e846', '696900a51d37a72d', '7e2aa1c7e84e5416', 'c3782e45b6784a92', 'd9644855235aadb0']","['1983-09-18', '1983-09-11', '1983-09-18', '1983-09-04', '1983-09-04', '1983-09-25', '1983-09-11', '1983-09-25']",lag_not_elapsed
SocialGood_h3_f1,SocialGood:h3:f1:o430,32,32,"['2e715be3abd84e75', '61888dce4e861bc1', '7d28ddc4cc3fa38b', '99cd77709f104cd5', 'a0458187b17b49f4', 'cb8ab6ec3a593b6d', 'cecdddbcb9f3a0bf', 'e3005b1e487cf84c']","['1983-10-09', '1983-10-02', '1983-10-16', '1983-10-23', '1983-10-30', '1983-10-09', '1983-10-02', '1983-10-16']",lag_not_elapsed
SocialGood_h3_f1,SocialGood:h3:f1:o431,32,32,"['2f772b8efcd27b55', '3334ec6ff3f21302', '5b3b084a68c4a994', '5df68d9f388fbdd2', '828d946361d47cf4', '844472c2a3dcdcbb', 'c78a00bc971d502b', 'efdee317a8ae672c']","['1983-11-13', '1983-11-06', '1983-11-20', '1983-11-06', '1983-11-27', '1983-11-27', '1983-11-13', '1983-11-20']",lag_not_elapsed
SocialGood_h3_f1,SocialGood:h3:f1:o432,32,32,"['0529533c8e999a43', '17833e6fd0944b4b', '3536277480179649', '3ffa092795311d4b', '4ac05fd287459b16', 'ca47b117e4fe0680', 'd2d626e3b339cec6', 'f38ee790c1215ea8']","['1983-12-18', '1983-12-04', '1983-12-11', '1983-12-11', '1983-12-25', '1983-12-04', '1983-12-18', '1983-12-25']",lag_not_elapsed
SocialGood_h3_f1,SocialGood:h3:f1:o433,32,32,"['017c96ebcd06372a', '19b615ba9a2411cc', '33803ac10f158db2', '3676c998ad7c0f47', '43ba5aa4962a2acb', '622462c7869e4e3d', '7637e09a1fe54567', 'd7e81bfb6e39eb2a', 'deb22d76653a44e8']","['1984-01-08', '1984-01-29', '1984-01-01', '1984-01-29', '1984-01-15', '1984-01-22', '1984-01-08', '1984-01-01', '1984-01-15']",lag_not_elapsed
SocialGood_h3_f1,SocialGood:h3:f1:o434,32,32,"['4649aa13894a7f9c', '59b8faa7fa671353', '600933e83ebdd86a', '66bc4ef9ae5d934c', '7aed7b9d1d947e48', '8e5336b60d9c80c4', 'cfb4071297e53522', 'fd0bd55ddc46e6f2']","['1984-02-19', '1984-02-26', '1984-02-12', '1984-02-26', '1984-02-05', '1984-02-05', '1984-02-12', '1984-02-19']",lag_not_elapsed
SocialGood_h3_f1,SocialGood:h3:f1:o435,32,32,"['2c45eeb4602b1fe5', '7cfe0e911f71eecd', '82aa309a45de896a', '9612942f6bbafdad', 'a9dafd8932cbf998', 'ab6fc431649e6fe4', 'e025ddba4d6875ae']","['1984-03-18', '1984-03-25', '1984-03-11', '1984-03-04', '1984-03-25', '1984-03-18', '1984-03-04']",lag_not_elapsed
SocialGood_h3_f1,SocialGood:h3:f1:o436,32,32,"['1994a1f42177226d', '43f26901dc623691', '4d8939005cf9e3c5', '4d9b3aabf584e0d9', '4f7492ec649ada8c', 'baca3817e81f621b', 'd0aaccd1f16f1955', 'e3dfe5a3f085b3c0']","['1984-04-29', '1984-04-01', '1984-04-08', '1984-04-01', '1984-04-22', '1984-04-15', '1984-04-15', '1984-04-29']",lag_not_elapsed
SocialGood_h3_f1,SocialGood:h3:f1:o437,32,32,"['12be219fa691d7f8', '235dd62ff873a962', '2ddd23dd16117748', '4627b8b9a3442274', '62bfcd5a56428202', '949f47d2707815f1', 'a7897b115287c0ce', 'adbfc7c04895db37']","['1984-05-27', '1984-05-20', '1984-05-06', '1984-05-13', '1984-05-06', '1984-05-20', '1984-05-27', '1984-05-13']",lag_not_elapsed
SocialGood_h3_f1,SocialGood:h3:f1:o438,32,32,"['0e88f1fa6cb5da4f', '94b3b68519979709', 'a5e15e17b4198cd9', 'cddebfb447ac2688', 'e0622ca0720a00b0', 'ebbd6745bf3b703f', 'f7f265af465b40d5']","['1984-06-17', '1984-06-03', '1984-06-03', '1984-06-10', '1984-06-17', '1984-06-10', '1984-06-24']",lag_not_elapsed
SocialGood_h3_f1,SocialGood:h3:f1:o439,32,32,"['078faad89e4d7e67', '1a22c4a40971ad05', '36a43eb5d87c3c54', '8461ff234f76a7b2', '88a7c924b402fb1d', 'b9c000d458df684a', 'befd0ca1e7d46d11', 'd44d575c44554ee5', 'd6d69499e5b0a97a']","['1984-07-22', '1984-07-08', '1984-07-01', '1984-07-01', '1984-07-29', '1984-07-29', '1984-07-22', '1984-07-15', '1984-07-15']",lag_not_elapsed
SocialGood_h3_f1,SocialGood:h3:f1:o440,32,32,"['426e6973c3520cfc', '6102cb5298e0e46a', '83a5e3dc7bc78148', 'a046b62a60f27a83', 'db9303bb86227c31', 'dde0f635f0a4cda6', 'edb36bfcc4539b19', 'fbc02219628ff576']","['1984-08-26', '1984-08-12', '1984-08-19', '1984-08-05', '1984-08-05', '1984-08-26', '1984-08-12', '1984-08-19']",lag_not_elapsed
SocialGood_h3_f1,SocialGood:h3:f1:o441,32,32,"['1851b2304c1df80f', '1b6ef4c0c301b69b', '29860c71c8ccfb13', '3adfd7496a28d8e7', '40be7bbb709ec3c8', '43b7e94c726e2b9b', '46ac8b5e818853d7', '6e3a8e3b5d845775', '7e7c44e4b4f15354', '8908eb80e2be5928']","['1984-09-30', '1984-09-09', '1984-09-16', '1984-09-30', '1984-09-16', '1984-09-02', '1984-09-09', '1984-09-23', '1984-09-23', '1984-09-02']",lag_not_elapsed
SocialGood_h3_f1,SocialGood:h3:f1:o442,32,32,"['30e40b3bf3f05aec', '7a233c7516548aa2', '9265e951d3d8aaeb', '9bf8d2a5492bd480', '9eaa2e4971732a9d', '9fb20edfadb89d6b', 'aa128bb84ecbbef5', 'bc0377d00eaceeff']","['1984-10-28', '1984-10-21', '1984-10-21', '1984-10-28', '1984-10-14', '1984-10-07', '1984-10-07', '1984-10-14']",lag_not_elapsed
SocialGood_h3_f1,SocialGood:h3:f1:o443,32,32,"['0652e81318d42e7d', '45b568a387e0020f', '66b3c263d25d31d0', '7cadb660008a09fd', 'dba99390d1e788b9', 'dbf8afdd07d1cc0a', 'dc5dd6c85b7166dc', 'e5f1b1f720154c0d']","['1984-11-11', '1984-11-25', '1984-11-18', '1984-11-04', '1984-11-04', '1984-11-11', '1984-11-18', '1984-11-25']",lag_not_elapsed
SocialGood_h3_f1,SocialGood:h3:f1:o444,32,32,"['0ff5797863383e08', '348f89885a3ff46e', '49f41a280fd5a71d', '4e423aabcee782c0', '5f791188bce30bef', '6ff336af9c6975de', '9741be0ed6e14146', 'cb1bbc4efcee44fa']","['1984-12-23', '1984-12-02', '1984-12-30', '1984-12-09', '1984-12-16', '1984-12-09', '1984-12-02', '1984-12-16']",lag_not_elapsed
SocialGood_h3_f1,SocialGood:h3:f1:o445,32,32,"['090643275f8a2d7b', '2ef6173d5a66dbe0', '4de322adfa31dfb5', '60de953f2c22eff4', '68628c74ef4a5f07', '70e1283761c856bf', '88265f9b1a16459c', 'd1948a93c8d5dcfb']","['1985-01-27', '1985-01-13', '1985-01-06', '1985-01-27', '1985-01-06', '1985-01-13', '1985-01-20', '1985-01-20']",lag_not_elapsed
SocialGood_h3_f1,SocialGood:h3:f1:o446,32,32,"['0dc9c6d5981bb263', '1f269fcf02dc030f', '27bd692549b07d9d', '2feed2be3007580d', '72303d4e37b54536', '9cc92b3fdea27018', 'be8ad9bbeafe2b8b', 'd039463184a42fbc']","['1985-02-17', '1985-02-17', '1985-02-24', '1985-02-10', '1985-02-10', '1985-02-03', '1985-02-03', '1985-02-24']",lag_not_elapsed
SocialGood_h3_f1,SocialGood:h3:f1:o447,32,32,"['45f5284c08de1b23', '5337f8dfd9fbf956', '53939dd11c5582f5', '53c9d65e45f1befb', '67310ae894deb100', 'bf507cd617912ca9', 'd1de8bf31ed54334', 'da5f448a0592d591']","['1985-03-24', '1985-03-31', '1985-03-17', '1985-03-03', '1985-03-17', '1985-03-10', '1985-03-03', '1985-03-24']",lag_not_elapsed
SocialGood_h3_f1,SocialGood:h3:f1:o448,32,32,"['1b66ec6615e5b11f', '266a374e17421c05', '5337f8dfd9fbf956', '67ae00e9cace954a', '78d9d4f800312bf6', 'e2e007a9a30811d6', 'e2e6e8fd18050779', 'e7e186b0a5676b17', 'f553eaa92b7d3e51']","['1985-04-14', '1985-04-21', '1985-03-31', '1985-04-07', '1985-04-28', '1985-04-21', '1985-04-28', '1985-04-14', '1985-04-07']",lag_not_elapsed
SocialGood_h3_f1,SocialGood:h3:f1:o449,32,32,"['02363d4d4175a90c', '0631711af38debe7', '13ad89f61e546325', '370e6c9d0157ae1b', '432590c980fa3901', '96a9843cf8456879', 'b57e82398e03bee9', 'd02f299b3b32773a']","['1985-05-26', '1985-05-05', '1985-05-12', '1985-05-05', '1985-05-19', '1985-05-26', '1985-05-19', '1985-05-12']",lag_not_elapsed
SocialGood_h3_f1,SocialGood:h3:f1:o450,32,32,"['14e0fa6cc6a65701', '241562f3990d81ce', '42c61332e713dcce', '8beff4b2842aeb72', '91c5daa71e2a6865', '9e6002c09258142a', 'c81f9fcdd72a8555', 'd7ef33f9f2d7b542', 'e3d30199fe24f8f3', 'f39a4381ab91e9a9']","['1985-06-16', '1985-06-16', '1985-06-23', '1985-06-02', '1985-06-09', '1985-06-30', '1985-06-30', '1985-06-23', '1985-06-09', '1985-06-02']",lag_not_elapsed
SocialGood_h3_f1,SocialGood:h3:f1:o451,32,32,"['1dce9966e61b46bf', '595db92e111b5d35', '65f423fe7fe83712', '78f4e0ae3ba55f02', 'b40625610fc91952', 'df5c0e48c40d337f', 'e2c2d24d7ff61ba6']","['1985-07-21', '1985-07-28', '1985-07-07', '1985-07-14', '1985-07-21', '1985-07-14', '1985-07-07']",lag_not_elapsed
SocialGood_h3_f1,SocialGood:h3:f1:o452,32,32,"['149342abbd300240', '63927601b808c223', '6ab7113210ec0f09', '89c63faffe7680cb', '9440f4c589f4a28d', 'edf522518e5fd983', 'f4b8d0fcb43013d0', 'fad18fd128ef006c']","['1985-08-18', '1985-08-11', '1985-08-25', '1985-08-04', '1985-08-18', '1985-08-11', '1985-08-04', '1985-08-25']",lag_not_elapsed
SocialGood_h3_f1,SocialGood:h3:f1:o453,32,32,"['11184684511655d6', '2fcf580e5acfa190', '30d7544316b71919', '3e2be57d111b6f8f', '7b103ca9c5bf29ac', '8fbb2209d7b8f4d8', 'c317a653b2f272c3', 'c9abfefa824d6815', 'caa067e48adc0fb3', 'd68270ba3a380db5']","['1985-09-01', '1985-09-15', '1985-09-22', '1985-09-01', '1985-09-29', '1985-09-08', '1985-09-08', '1985-09-15', '1985-09-29', '1985-09-22']",lag_not_elapsed
SocialGood_h3_f1,SocialGood:h3:f1:o454,32,32,"['3c86bb9ed925a37a', '43b7baa0758dff9c', '774a24a555363f50', '9513540f027c88a8', 'b60994163e2a6f4f', 'c8d4443084fa6460', 'e69e16a9f9d2b896', 'fc01c548eeac056c']","['1985-10-06', '1985-10-06', '1985-10-27', '1985-10-27', '1985-10-13', '1985-10-20', '1985-10-20', '1985-10-13']",lag_not_elapsed
SocialGood_h3_f1,SocialGood:h3:f1:o455,32,32,"['096ee12ded58dd82', '2d5a4f11128f9eb8', '3dda9c7dfacbfdbc', '47d5fc530c4afe06', 'b46b8206360e912b', 'c1ece9ebe178bb4e', 'edc2e942c1875927']","['1985-11-17', '1985-11-24', '1985-11-24', '1985-11-03', '1985-11-10', '1985-11-03', '1985-11-17']",lag_not_elapsed
SocialGood_h3_f1,SocialGood:h3:f1:o458,32,32,"['0ff1fb5359eec6b3', '131c1ba437080b5a', '5aeff3989744d001', '772c7df90c79d72b', '7cff001f290e26dc', '8e201d2f9c10995e', 'f40a7890479062d7']","['1986-02-23', '1986-02-23', '1986-02-16', '1986-02-02', '1986-02-02', '1986-02-09', '1986-02-16']",lag_not_elapsed
SocialGood_h3_f1,SocialGood:h3:f1:o459,32,32,"['06721dd63e3a778f', '3657291398742f31', '37042e76fd4cff1c', '4857082dc584bd56', '53fb3284d31575cf', '554942d72e31a966', '8a197c43a3ceb7b4', 'f26fbc7825aada09', 'f387278f6ebb09a2']","['1986-03-23', '1986-03-02', '1986-03-23', '1986-03-09', '1986-03-02', '1986-03-09', '1986-03-30', '1986-03-16', '1986-03-16']",lag_not_elapsed
SocialGood_h3_f1,SocialGood:h3:f1:o460,32,32,"['0d9366b68797b849', '36c2802b621c290f', '6cd58d49ca4e82c4', '6d65d0baeef9c7ed', 'ac63c747f55835bd', 'c296fc04c714ab25']","['1986-04-06', '1986-04-20', '1986-04-06', '1986-04-20', '1986-04-13', '1986-04-13']",lag_not_elapsed
SocialGood_h3_f1,SocialGood:h3:f1:o461,32,32,"['1fb31de3f5e844f1', '20d13f0472edead3', '63b730c352b9c322', '6677db5fbc872a7c', '71888052dbdc19f4', 'adf54ab2a5918e95', 'b6a20d317b68749a']","['1986-05-18', '1986-05-18', '1986-05-25', '1986-05-11', '1986-05-04', '1986-05-25', '1986-05-11']",lag_not_elapsed
SocialGood_h3_f1,SocialGood:h3:f1:o462,32,32,"['017a6a143bf4b2c3', '1505e6454b0957e7', '5355833a660328a6', '74b4b6f34e0ac762', '9e00fb156017108d', 'dd0f5d5b703e811c', 'e0f88464ae4abe6e', 'f7819db8b8a381cc']","['1986-06-15', '1986-06-08', '1986-06-29', '1986-06-08', '1986-06-15', '1986-06-01', '1986-06-22', '1986-06-01']",lag_not_elapsed
SocialGood_h3_f1,SocialGood:h3:f1:o463,32,32,"['0c1d9c0830af96c1', '241b80afba45f0d9', '4633d0b80835cf79', '6bc48f590ad77252', 'a80b3f813b52e293', 'd596cccd47a1841a', 'fc02aa2003b9eff1']","['1986-07-13', '1986-07-20', '1986-07-13', '1986-07-20', '1986-07-27', '1986-07-06', '1986-07-06']",lag_not_elapsed
SocialGood_h3_f1,SocialGood:h3:f1:o464,32,32,"['31b126520cfa3ee6', '3c8405d279f118ef', '3ca233b8ad965399', '4c8ee3245527eea3', '666cbaf3a05893e4', 'b73ae575eff33d3a', 'dc89dfa84d3402fb', 'f41ea08ca134d58d', 'f664f55e71b25251']","['1986-08-31', '1986-08-17', '1986-08-03', '1986-08-24', '1986-08-17', '1986-08-31', '1986-08-03', '1986-08-10', '1986-08-10']",lag_not_elapsed
SocialGood_h3_f1,SocialGood:h3:f1:o465,32,32,"['31b126520cfa3ee6', '3788d34ac2fa7dcb', '3d358c77a3030f85', '515b981413a62383', '8a081ff9ec396bf6', '9746bb425c9707a8', 'b73ae575eff33d3a', 'c45a4afb51e7c854', 'f06263548e47118a']","['1986-08-31', '1986-09-21', '1986-09-07', '1986-09-07', '1986-09-14', '1986-09-28', '1986-08-31', '1986-09-14', '1986-09-28']",lag_not_elapsed
SocialGood_h3_f1,SocialGood:h3:f1:o466,32,32,"['031926880365419a', '1ef59e8c6c4c60ed', '392dee08117d2835', '402d5ad5cd267124', '4d92527706d5b89d', '8cab5340d678d918', 'a809da5b94a3a34f']","['1986-10-26', '1986-10-05', '1986-10-26', '1986-10-12', '1986-10-12', '1986-10-19', '1986-10-19']",lag_not_elapsed
SocialGood_h3_f1,SocialGood:h3:f1:o467,32,32,"['1d8ee250667968a5', '2ed0514d353ab962', '35b0156becf094d0', '5c4781c61d18382b', '69b807ba61d6bcd3', '9e47f257edcc5e0c', 'af79e12d4aeb2414', 'b47d2cad98670d6a', 'bc6d64ee58946bf6', 'c44f4526e3a7509d']","['1986-11-09', '1986-11-23', '1986-11-23', '1986-11-09', '1986-11-02', '1986-11-16', '1986-11-30', '1986-11-16', '1986-11-30', '1986-11-02']",lag_not_elapsed
SocialGood_h3_f1,SocialGood:h3:f1:o468,32,32,"['187c090572ea30bc', '2b0ffe599f284af7', '2bf52dd1e3ffbb52', '567f8d6567dbfded', '8e4465e08d1f54a1', 'aa7cd64d68e0ff1b', 'aeec90653c559c5e', 'bc4cdda39e863c77']","['1986-12-14', '1986-12-21', '1986-12-21', '1986-12-14', '1986-12-07', '1986-12-28', '1986-12-07', '1986-12-28']",lag_not_elapsed
SocialGood_h3_f1,SocialGood:h3:f1:o469,32,32,"['6b884ee62c4bf7a7', '70d3a5124b86fd37', '73b752c1352af86b', '91494dfd35254a17', '947215203e0bf16f', '9ce9bf208e434ce1', 'a681733a2fd7083d', 'ad11a439326e2cca']","['1987-01-18', '1987-01-18', '1987-01-25', '1987-01-11', '1987-01-04', '1987-01-04', '1987-01-11', '1987-01-25']",lag_not_elapsed
SocialGood_h3_f1,SocialGood:h3:f1:o470,32,32,"['303f546607ad86b0', '52957b1e14045b1f', '8d56319dbb6d20c5', 'a832a290f7a370e0', 'b7b10eba6ea18499', 'db68faba4b484f39']","['1987-02-01', '1987-02-15', '1987-02-08', '1987-02-22', '1987-02-08', '1987-02-01']",lag_not_elapsed
SocialGood_h3_f1,SocialGood:h3:f1:o471,32,32,"['15bb57efcd42e754', '17d48c021b3d8561', '1faf4eaf2849f4ab', '30101a93370503c6', 'bc68ac445d31b785', 'bcc08aca42b9cf21', 'c7814ad49ed446fb', 'd0140b4ef95d34e0', 'f1c790bff84aa7b7', 'f250e6e29d8a91c1']","['1987-03-29', '1987-03-08', '1987-03-22', '1987-03-15', '1987-03-15', '1987-03-01', '1987-03-22', '1987-03-08', '1987-03-29', '1987-03-01']",lag_not_elapsed
SocialGood_h3_f1,SocialGood:h3:f1:o472,32,32,"['32f20079d8cb5579', '3652cd8163a56b07', '38e6faa73f9b55c7', '519cef5ff8116135', '81fc856f69d313c1', '881bde041a46f1ae', 'dfac5dfdc7bae515', 'e214f48ea8d150ef']","['1987-04-19', '1987-04-26', '1987-04-05', '1987-04-26', '1987-04-19', '1987-04-12', '1987-04-12', '1987-04-05']",lag_not_elapsed
SocialGood_h3_f1,SocialGood:h3:f1:o473,32,32,"['04e6f7c6236035ee', '10c3357e96212b3c', '61fcbc1510cfa300', '81967919a1695bcf', 'c0a8310725b3c67f', 'd3774a4f522ac764', 'dc005d273a85c1ba', 'f0227890ba49ff01', 'f2da78c5b93a2fc2']","['1987-05-31', '1987-05-03', '1987-05-10', '1987-05-24', '1987-05-10', '1987-05-17', '1987-05-31', '1987-05-03', '1987-05-17']",lag_not_elapsed
SocialGood_h3_f1,SocialGood:h3:f1:o474,32,32,"['020eba3fb2615802', '04e6f7c6236035ee', '1093127f2e758322', '477b4a8c320bf0ed', '7539fec2673b5ef0', '8b1f00833a7c217d', 'a6f6625655639488', 'c8947a0c84388323', 'dc005d273a85c1ba']","['1987-06-07', '1987-05-31', '1987-06-21', '1987-06-14', '1987-06-21', '1987-06-28', '1987-06-14', '1987-06-07', '1987-05-31']",lag_not_elapsed
SocialGood_h3_f1,SocialGood:h3:f1:o475,32,32,"['002adfdd61303426', '101d1f76dc19956a', '207166ec0eaaf576', '3bb06af750b647ec', '60c7e3aeeab8e6a7', 'a662bcccabc03209', 'ec35190396f1b20c', 'ffa5fcd7adef5195']","['1987-07-19', '1987-07-12', '1987-07-05', '1987-07-12', '1987-07-26', '1987-07-26', '1987-07-19', '1987-07-05']",lag_not_elapsed
SocialGood_h3_f1,SocialGood:h3:f1:o476,32,32,"['37862809ee3d0272', '4ac7953ad1e05416', '500488014cad380e', '97c000e22be35698', '9f511d8b2ceab2f5', 'd3546fb4c6142ac9', 'edd7ffb42c8ced73']","['1987-08-02', '1987-08-23', '1987-08-23', '1987-08-09', '1987-08-02', '1987-08-16', '1987-08-16']",lag_not_elapsed
SocialGood_h3_f1,SocialGood:h3:f1:o477,32,32,"['0593c7877f6c641a', '4f35d8b30f939682', '63ab10bca69f4c4d', '6938e7d2e9db6cca', '93b7b71c7550754b', 'c6fd7ba4c2623218', 'dd40767edf689c21', 'f2112de5ec2e2433']","['1987-09-13', '1987-09-06', '1987-09-27', '1987-09-13', '1987-09-27', '1987-09-06', '1987-09-20', '1987-09-20']",lag_not_elapsed
SocialGood_h3_f1,SocialGood:h3:f1:o478,32,32,"['07dcab0f4096b4bf', '49efdea9592087d6', 'a3440be6543231a3', 'b85cb1503e65c57b', 'c973b12f7e9d5841', 'd434c9e0d67f0b3a', 'd7cfb39461907e64']","['1987-10-25', '1987-10-11', '1987-10-18', '1987-10-04', '1987-10-04', '1987-10-11', '1987-10-18']",lag_not_elapsed
SocialGood_h3_f1,SocialGood:h3:f1:o479,32,32,"['18a91b3cc6971edb', '32fec5182d6c1b21', '5ff6fdad9012c040', '634d57f40461bd08', '69e8b2e02fdba060', '6d67efad1cfc3396', '9aef15404e7a0217', 'abe09424e4a44989', 'af47699a808febfd']","['1987-11-29', '1987-11-08', '1987-11-15', '1987-11-01', '1987-11-01', '1987-11-15', '1987-11-22', '1987-11-08', '1987-11-22']",lag_not_elapsed
SocialGood_h3_f1,SocialGood:h3:f1:o480,32,32,"['2e9f390d5f103fe8', '4f9454149d1fb56b', '54a5c96d620adf40', '55a816df4b70c924', '8de7d98f10caf43e', '92035bd910b57d9c', '9523aa29e1700ed2', 'f9fba3b0682a1d92']","['1987-12-06', '1987-12-27', '1987-12-13', '1987-12-20', '1987-12-06', '1987-12-13', '1987-12-27', '1987-12-20']",lag_not_elapsed
SocialGood_h3_f1,SocialGood:h3:f1:o481,32,32,"['091fdd64386bf0a8', '41bc0a1a81665be5', '7ec7b59d2ff22eb4', '95d36779853409ec', 'ac5a6d208c5e60a6', 'b248f4eaa0e35791', 'ceb8f0ea17e981ec', 'f078040aad8004ee']","['1988-01-24', '1988-01-17', '1988-01-03', '1988-01-17', '1988-01-24', '1988-01-03', '1988-01-10', '1988-01-31']",lag_not_elapsed
SocialGood_h3_f1,SocialGood:h3:f1:o482,32,32,"['007ac932d678ec2e', '00d45642cf74b6a4', '231e9da8bc435d74', '39ed014abda63ad0', '4afe4b7e0cfc6806', '660c33d5ccb1844b', 'a030bebefd37840a', 'e57fd85b78249d9b', 'f078040aad8004ee']","['1988-02-28', '1988-02-21', '1988-02-07', '1988-02-14', '1988-02-21', '1988-02-28', '1988-02-07', '1988-02-14', '1988-01-31']",lag_not_elapsed
SocialGood_h3_f1,SocialGood:h3:f1:o483,32,32,"['3d80569f2fd3ab91', '633ab6699720dcb7', '8e5867e576e74863', 'af5c3e7dee416d95', 'b68fd0846bb2b6e2', 'd6e406e05007f18b']","['1988-03-13', '1988-03-20', '1988-03-13', '1988-03-06', '1988-03-20', '1988-03-06']",lag_not_elapsed
SocialGood_h3_f1,SocialGood:h3:f1:o484,32,32,"['0a26cc3f7239d2bc', '0eda6bf201ce3f41', '512be08c98f8f8b8', '53bf432872958e34', '7661d781dcf23ced', 'c7190ce55777fe0b', 'd94665f3514d6f51']","['1988-04-10', '1988-04-03', '1988-04-10', '1988-04-17', '1988-04-17', '1988-04-24', '1988-04-03']",lag_not_elapsed
SocialGood_h3_f1,SocialGood:h3:f1:o485,32,32,"['247b75b738dd357e', '2b376a5787033309', '481ad4fdb5fd0b33', '51c4338f7b453015', '63501d37e9a9394b', '6d0a85ee6442c83b', '80b94cc837084f79', 'c4483d53ccc6656e', 'c9b7559e44103ff0', 'd738d53dc27e240b']","['1988-05-15', '1988-05-29', '1988-05-22', '1988-05-08', '1988-05-01', '1988-05-15', '1988-05-29', '1988-05-01', '1988-05-08', '1988-05-22']",lag_not_elapsed
SocialGood_h3_f1,SocialGood:h3:f1:o486,32,32,"['155ac1e04aff35c0', '1855881d0a81138a', '27120be6b81bbba1', 'a0d16ccffc148d7d', 'b96d7d60175a6004', 'bd1101359022b46c', 'e55001f75ea34edc']","['1988-06-19', '1988-06-05', '1988-06-19', '1988-06-12', '1988-06-05', '1988-06-26', '1988-06-12']",lag_not_elapsed
SocialGood_h3_f1,SocialGood:h3:f1:o487,32,32,"['2890fc388f0b380a', '4f8cbf72e033b671', '63f77fae9d7cdfd0', '7e58174783853d50', '9cadb71003071160', 'a0431956b5bbcddf', 'ac32a73173984cf5', 'd53fe07f3ff86f4b', 'f11af701ebf595aa', 'f4a69511a460062e']","['1988-07-31', '1988-07-03', '1988-07-17', '1988-07-03', '1988-07-17', '1988-07-31', '1988-07-10', '1988-07-24', '1988-07-10', '1988-07-24']",lag_not_elapsed
SocialGood_h3_f1,SocialGood:h3:f1:o488,32,32,"['82feb9113ee35440', '93ab7fa5dd63107b', 'a3726c852cf34517', 'a8f7cff06272758e', 'c6fb85f9842baeb5', 'd9dba2f8c2727985', 'f1144d20c8ff1bbf']","['1988-08-07', '1988-08-14', '1988-08-07', '1988-08-21', '1988-08-28', '1988-08-21', '1988-08-28']",lag_not_elapsed
SocialGood_h3_f1,SocialGood:h3:f1:o489,32,32,"['0126e8bb4225b080', '0da73315b5764dcb', '1011414d69efa105', '2d350c93737982ab', '72529b0451f10c84', 'ad011e8643d49a34', 'ad256c2711e2feb3', 'c3a5979c2d9ae8f5']","['1988-09-25', '1988-09-11', '1988-09-11', '1988-09-25', '1988-09-18', '1988-09-18', '1988-09-04', '1988-09-04']",lag_not_elapsed
SocialGood_h3_f1,SocialGood:h3:f1:o490,32,32,"['19777435a37712be', '3b0ae911f933c63a', '3ba7d42d8274b930', '5c2c6e5ed746e776', '5ec1e37d6d81b42d', '85b3e943b1920eb5', '97a1b85b09df9ae5', '9bb293d2a62d4be3', 'a3203ec4ca8dedce']","['1988-10-02', '1988-10-30', '1988-10-02', '1988-10-16', '1988-10-30', '1988-10-23', '1988-10-09', '1988-10-16', '1988-10-23']",lag_not_elapsed
SocialGood_h3_f1,SocialGood:h3:f1:o491,32,32,"['1bb5d596935473ac', '408c85a7c40d54e3', '47aff0798f65ade2', 'a1b617844bd308d1', 'bf874f46f11f2ac9', 'c34b50419d793fe4', 'dc062900da3de1ab', 'ee0df510f5249625']","['1988-11-13', '1988-11-27', '1988-11-13', '1988-11-20', '1988-11-27', '1988-11-06', '1988-11-06', '1988-11-20']",lag_not_elapsed
SocialGood_h3_f1,SocialGood:h3:f1:o492,32,32,"['30e32ee192e94536', '362db749083c7e6d', '61a4617cafc365fb', '8603a48c39a57ef6', '8ddfcbaf346ede64', 'a384d543cf6f6701', 'f9d3afe1fc482182']","['1988-12-18', '1988-12-04', '1988-12-18', '1988-12-25', '1988-12-04', '1988-12-25', '1988-12-11']",lag_not_elapsed
SocialGood_h3_f1,SocialGood:h3:f1:o493,32,32,"['1b471887c71504db', '3daa421cb2e7f2d5', '5ea19d82f533c73a', '994221545a63fe52', 'b57c89dceda5094b', 'c1711f848cb47013', 'e326419b0abb0777']","['1989-01-08', '1989-01-01', '1989-01-01', '1989-01-22', '1989-01-29', '1989-01-15', '1989-01-15']",lag_not_elapsed
SocialGood_h3_f1,SocialGood:h3:f1:o494,32,32,"['1740b041f9bbf24f', '694da9247d76d32f', '7258a56d3bbaeb46', '95f8985702b10358', '9fd49d8915c374dd', 'b57c89dceda5094b', 'c710a34c1ca670aa']","['1989-02-12', '1989-02-19', '1989-02-05', '1989-02-19', '1989-02-26', '1989-01-29', '1989-02-05']",lag_not_elapsed
SocialGood_h3_f1,SocialGood:h3:f1:o495,32,32,"['0ca1630c9f32ff53', '1a81f0f969aa5a4c', '85583835f449cd9a', '8c6fc6256c5e7938', 'e89e1372305ad862', 'eaa8091a06807dc6']","['1989-03-19', '1989-03-05', '1989-03-19', '1989-03-12', '1989-03-12', '1989-03-05']",lag_not_elapsed
SocialGood_h3_f1,SocialGood:h3:f1:o496,32,32,"['73fd69cdc4829b45', '9b06677ff7f60d0f', 'b4741ced4e6f6ada', 'd18d9c8905e660e3', 'f45a0442c51385a3', 'f49a47f9f4e01343']","['1989-04-02', '1989-04-23', '1989-04-16', '1989-04-02', '1989-04-16', '1989-04-30']",lag_not_elapsed
SocialGood_h3_f1,SocialGood:h3:f1:o497,32,32,"['0e13e170063f8060', '4da7b82f5dc822cf', '712c04e952bbca07', '7fdea7c924ca1ff8', '9370e071869660f2', '9b6b0f528b749352', 'd347a428d53804fd', 'f9a4060fa8cd343b']","['1989-05-07', '1989-05-07', '1989-05-21', '1989-05-28', '1989-05-28', '1989-05-21', '1989-05-14', '1989-05-14']",lag_not_elapsed
SocialGood_h3_f1,SocialGood:h3:f1:o498,32,32,"['226b0ea51f91d766', '893bf080c23670c6', 'a604f0eb9e9d7a69', 'aaf74db1baeebd6f', 'b7fc45510690b8d4', 'e3e2a6f8bf312db1', 'e9a4e8f73e88c1de']","['1989-06-18', '1989-06-18', '1989-06-11', '1989-06-04', '1989-06-04', '1989-06-25', '1989-06-11']",lag_not_elapsed
SocialGood_h3_f1,SocialGood:h3:f1:o499,32,32,"['1528be86f24b1131', '3e832330916c8097', '658c8a69b106e111', '6aa3732e3b6682d5', '7e8e0c018e6268e2', '860bd110b90556d9', 'bcc7f7611434ffaa', 'e4233bafcfa945c5']","['1989-07-09', '1989-07-30', '1989-07-23', '1989-07-02', '1989-07-30', '1989-07-02', '1989-07-16', '1989-07-09']",lag_not_elapsed
SocialGood_h3_f1,SocialGood:h3:f1:o500,32,32,"['0becc70c16a90b9b', '570715cd4e3a1641', '647e000981cfbb6b', 'adf072c265129d35', 'd4d1a13f9da56301', 'f71db09a713e5086', 'fa7f025869c2cf4c']","['1989-08-13', '1989-08-20', '1989-08-27', '1989-08-20', '1989-08-06', '1989-08-13', '1989-08-06']",lag_not_elapsed
SocialGood_h3_f1,SocialGood:h3:f1:o501,32,32,"['3e01eaa046e214ef', '64e1921cd58ad06c', '9cc5228a551d1e0e', 'c1ad14a03b30361d', 'f2208149c31de780', 'fd156e79b8e00e9e']","['1989-09-10', '1989-09-03', '1989-09-24', '1989-09-17', '1989-09-17', '1989-09-03']",lag_not_elapsed
SocialGood_h3_f1,SocialGood:h3:f1:o502,32,32,"['0bb208c5072cae0c', '280b1bb6f558b13f', '35a3f6fc7f81279b', '4fc04c3c7ad0d0ab', '5ef1a867d8beaf68', '693ef4de28925a9f', '80fd695c5d73fda8', 'd27f45174bdd573e', 'e875dc1adab0c395']","['1989-10-29', '1989-10-08', '1989-10-15', '1989-10-01', '1989-10-22', '1989-10-15', '1989-10-22', '1989-10-01', '1989-10-08']",lag_not_elapsed
SocialGood_h3_f1,SocialGood:h3:f1:o503,32,32,"['1fc97ca428dc8be5', '48e677aa8ff74968', '512f22d85cb3c566', '7a3f185b4e3f5646', 'd0638e4b99e39532', 'd373580edec1a667', 'd8e39c844e76b15a', 'def040fed9c67757']","['1989-11-12', '1989-11-26', '1989-11-05', '1989-11-19', '1989-11-12', '1989-11-26', '1989-11-19', '1989-11-05']",lag_not_elapsed
SocialGood_h3_f1,SocialGood:h3:f1:o504,32,32,"['76d9119d63f20028', '7ab6b7793102b1bc', '7ce6854d5386a1c4', '9140af5c3d538a49', 'a53f4093d2529d1e', 'b44c40a4a55aed8b', 'd4b6468b05da6097']","['1989-12-17', '1989-12-10', '1989-12-24', '1989-12-17', '1989-12-03', '1989-12-10', '1989-12-31']",lag_not_elapsed
SocialGood_h3_f1,SocialGood:h3:f1:o505,32,32,"['2d32bbe25a96f4cf', '7002365fea092e25', '9ac4e0b8eff72818', 'b6e58e0e3f52f180', 'd66a8360723ff474', 'e35362fb5766416d']","['1990-01-07', '1990-01-28', '1990-01-21', '1990-01-14', '1990-01-21', '1990-01-07']",lag_not_elapsed
SocialGood_h3_f1,SocialGood:h3:f1:o506,32,32,"['0bec08ea9e1bef6a', '21f2886295340990', '24d43c3b338350d6', '2992c0fdf68757f1', '4961f6d2835d34bc', '900ee54ee9d97dd1', 'b3739c81c0a11d3d', 'e504d9e500a9edaf']","['1990-02-04', '1990-02-11', '1990-02-18', '1990-02-25', '1990-02-25', '1990-02-18', '1990-02-11', '1990-02-04']",lag_not_elapsed
SocialGood_h3_f1,SocialGood:h3:f1:o507,32,32,"['01d610c8f19d5dc4', '05e370c2698d1543', '1cd7b23f6fa070c6', '3678cff35f36ec36', '462c0de30812e317', '499b5419e392145c', '4ba888610e3ced9c', 'bc813370a7f1abb1']","['1990-03-11', '1990-03-25', '1990-03-18', '1990-03-11', '1990-03-18', '1990-03-25', '1990-03-04', '1990-03-04']",lag_not_elapsed
SocialGood_h3_f1,SocialGood:h3:f1:o508,32,32,"['214f8bdd7c07a4fc', '2de70f0412501726', '30cb65bbb2105387', '472052b22211b78f', '7ee730a4143c0fe2', '86dd070c595b8a88', '9647456a0b63dab4', 'b4c42ba81fc707b1', 'd0078f98030c2136', 'f5cb05414dc6aa74']","['1990-04-08', '1990-04-01', '1990-04-01', '1990-04-08', '1990-04-22', '1990-04-15', '1990-04-22', '1990-04-29', '1990-04-15', '1990-04-29']",lag_not_elapsed
SocialGood_h3_f1,SocialGood:h3:f1:o509,32,32,"['0370d0498fe0457a', '4c29d6e028dc4985', '79e787c01b47ece5', '8c6f5924fc398292', '8d41a3e67c97fb55', 'c9a99ddc47cc7d3e', 'efcd4826cc60805c', 'fa67d91cf93a9f90']","['1990-05-20', '1990-05-13', '1990-05-27', '1990-05-06', '1990-05-20', '1990-05-06', '1990-05-27', '1990-05-13']",lag_not_elapsed
SocialGood_h3_f1,SocialGood:h3:f1:o510,32,32,"['222cf550004abff9', '8cf274cc614d24a8', 'aa9cea599c851980', 'cbd28867abb0c2fa', 'e4eaa61e909c99fd', 'f30c767f36b2a8fb']","['1990-06-17', '1990-06-10', '1990-06-17', '1990-06-03', '1990-06-24', '1990-06-03']",lag_not_elapsed
SocialGood_h3_f1,SocialGood:h3:f1:o511,32,32,"['110e5409bd6800e1', '3c4d89f11abea0f3', '45330367fe4a7968', '4d4f9af261c1b770', '5b1bb7ba27cb3cdf', '73e86ad788b7e64a', 'a2c728c5a160b01d', 'c3e1c686513905ac', 'da36687bce34e7cf', 'dd54165067fe8ab2']","['1990-07-08', '1990-07-22', '1990-07-29', '1990-07-08', '1990-07-15', '1990-07-15', '1990-07-22', '1990-07-01', '1990-07-29', '1990-07-01']",lag_not_elapsed
SocialGood_h3_f1,SocialGood:h3:f1:o512,32,32,"['0b79813495d41905', '0ca6ce5067a02229', '455a32ccf216d625', '839071f3d5f4bd7b', '888d950fb4053546', 'bf4a4b6bceb6039b', 'd105020335359144']","['1990-08-26', '1990-08-19', '1990-08-05', '1990-08-12', '1990-08-19', '1990-08-05', '1990-08-26']",lag_not_elapsed
SocialGood_h3_f1,SocialGood:h3:f1:o513,32,32,"['1e22163942f58c80', '814e986516781714', '9e81873ccd96cb78', 'aa01926c37c950f6', 'b99ed3f0967cba50', 'c99b241fdf7e7cd0', 'e3134d11419b7298', 'ecd3d59804aaf13a', 'edb37cf43d0a9f3f']","['1990-09-02', '1990-09-09', '1990-09-16', '1990-09-30', '1990-09-16', '1990-09-23', '1990-09-09', '1990-09-02', '1990-09-23']",lag_not_elapsed
SocialGood_h3_f1,SocialGood:h3:f1:o514,32,32,"['075c8a1907eca89f', '0aeef7ce09728d58', '4c7a708da1b1326a', '65c667f94413b4cb', '7f91e3b11bafda42', 'c2cba6afd9b4231b', 'f2ad73c842f6bc5e']","['1990-10-28', '1990-10-14', '1990-10-21', '1990-10-07', '1990-10-21', '1990-10-07', '1990-10-28']",lag_not_elapsed
SocialGood_h3_f1,SocialGood:h3:f1:o515,32,32,"['1f9841b9afc16a26', '5befc267511162ca', '73301779be9e9b0e', 'cd89c3a1ced35e02', 'cde2a2cfd0c8d91b', 'e91893ff711127e5', 'edfa3f94874842f3', 'fd6155e29405d450']","['1990-11-11', '1990-11-25', '1990-11-18', '1990-11-11', '1990-11-25', '1990-11-04', '1990-11-04', '1990-11-18']",lag_not_elapsed
SocialGood_h3_f1,SocialGood:h3:f1:o516,32,32,"['2f3123ab6f09d741', '5cc1601dbdd78097', '5e44c94b914a8965', '6730f2bf604f8284', '6d84a48ff3d3dd2a', '9866ba7de53493f8', 'a39f842076b27277', 'b43179d8d98d3827', 'c6773660c45f4b1e']","['1990-12-30', '1990-12-02', '1990-12-23', '1990-12-09', '1990-12-02', '1990-12-09', '1990-12-16', '1990-12-23', '1990-12-16']",lag_not_elapsed
SocialGood_h3_f1,SocialGood:h3:f1:o517,32,32,"['584a32126c9ef671', '5e1d7f597c7e75f7', '8786752179823358', '926d9f9262edcc14', 'e15439a624cfc490', 'f37d8798baa3d092']","['1991-01-06', '1991-01-13', '1991-01-20', '1991-01-27', '1991-01-06', '1991-01-20']",lag_not_elapsed
SocialGood_h3_f1,SocialGood:h3:f1:o518,32,32,"['233a1898e63d65f6', '2d8739938b84471d', '4028ea85f7edc31f', '4d0a6fb02f2d11db', '683bd0f8656efed5', '6cfd39e746af9417', 'b75f5090ca96e25f', 'fbfb34fd98cc4de6']","['1991-02-03', '1991-02-10', '1991-02-17', '1991-02-17', '1991-02-03', '1991-02-24', '1991-02-10', '1991-02-24']",lag_not_elapsed
SocialGood_h3_f1,SocialGood:h3:f1:o519,32,32,"['01a57aa6c4634b0d', '13018406b7e41c46', '3be9c9fe27accc60', '4aa0f6fe9216d754', '4e1320ef4598681f', '529d88500e2d578e', '7bc3a5036aa0c5fc', '8e1dbb116012256f', 'fdd59dabaeb74e49']","['1991-03-03', '1991-03-10', '1991-03-31', '1991-03-24', '1991-03-17', '1991-03-10', '1991-03-03', '1991-03-31', '1991-03-17']",lag_not_elapsed
SocialGood_h3_f1,SocialGood:h3:f1:o520,32,32,"['131e0ec091c1e7c4', '2c17eaf5a191e665', '3be9c9fe27accc60', '533ab8df50b82b76', '8e1dbb116012256f', 'ace38633e499e626', 'ea2aa8b47a2b32f1', 'f7b10173d2f15d43']","['1991-04-21', '1991-04-14', '1991-03-31', '1991-04-21', '1991-03-31', '1991-04-07', '1991-04-07', '1991-04-28']",lag_not_elapsed
SocialGood_h3_f1,SocialGood:h3:f1:o521,32,32,"['0dfa4d43ddbbc280', '2de76dfa0905ed73', '558bcd7adb89e1c7', '83982e69a7e79798', '8a79eecb90720d98', '8e11bdf9aed644f2', 'b022d84c3b61ba80', 'd0bfe6ccceb80e31']","['1991-05-19', '1991-05-05', '1991-05-26', '1991-05-12', '1991-05-26', '1991-05-05', '1991-05-12', '1991-05-19']",lag_not_elapsed
SocialGood_h3_f1,SocialGood:h3:f1:o522,32,32,"['1e9e708af7cfc88d', '867afcb4de4d3a24', 'a506c6b294760b6b', 'dbabd2f68a161cad', 'df6fb13e03448aca', 'e7edccb24f880db3']","['1991-06-02', '1991-06-16', '1991-06-02', '1991-06-23', '1991-06-30', '1991-06-16']",lag_not_elapsed
SocialGood_h3_f1,SocialGood:h3:f1:o523,32,32,"['12e4a3674a3998c0', '3cf09db7f5ccc4f7', '6cec38badd5e9814', '7b91f7d37b32a88a', '83c992293e654b0d', 'a05c5255f8a75ef9', 'bdafa5af48aea8a1', 'd928ca4fd43f1fce']","['1991-07-07', '1991-07-14', '1991-07-21', '1991-07-21', '1991-07-28', '1991-07-07', '1991-07-14', '1991-07-28']",lag_not_elapsed
SocialGood_h3_f1,SocialGood:h3:f1:o524,32,32,"['076675c396d81113', '2218167e6621a2f4', '26a8951bc2f2de57', '59a7ebd101f12e04', '5c65860791837857', '648fb7471807d72e', '98db983f04c9eb77', 'b7c6bce0070ae6fa']","['1991-08-18', '1991-08-25', '1991-08-18', '1991-08-25', '1991-08-04', '1991-08-04', '1991-08-11', '1991-08-11']",lag_not_elapsed
SocialGood_h3_f1,SocialGood:h3:f1:o525,32,32,"['0fd9c52155231e37', '2e2609667c3d9bb9', '669ed6396c152b4a', '8386dc3db5f5d421', '94d470db7e3f29f1', 'a1c664114dd90a28', 'a88aeea75f7f434a', 'adbfb53e945cf5ae', 'd63887d37c76765c', 'f610749d74906a97']","['1991-09-01', '1991-09-15', '1991-09-15', '1991-09-29', '1991-09-22', '1991-09-01', '1991-09-08', '1991-09-08', '1991-09-29', '1991-09-22']",lag_not_elapsed
SocialGood_h3_f1,SocialGood:h3:f1:o526,32,32,"['7d35042381b4b2b1', '9ffdd90e5cc6d99b', 'a178c4f4ea3e9b4a', 'd2982c6835bba0b4', 'd2a425777d140065', 'd2f473e7980c9b94', 'e69cdfaff0c5079a']","['1991-10-06', '1991-10-27', '1991-10-20', '1991-10-06', '1991-10-27', '1991-10-13', '1991-10-20']",lag_not_elapsed
SocialGood_h3_f1,SocialGood:h3:f1:o527,32,32,"['1cb11dfaee32a7c6', '4cacb68e7f29a00c', '4ddbe5b32e4d2a63', '521251550a684b7b', '77927afe0f59668a', '84bbbfea1f4f7059', 'dd5a809f21c4dba1', 'e9a07209908f174c']","['1991-11-10', '1991-11-03', '1991-11-17', '1991-11-10', '1991-11-17', '1991-11-24', '1991-11-24', '1991-11-03']",lag_not_elapsed
SocialGood_h3_f1,SocialGood:h3:f1:o528,32,32,"['065768a04d349ce3', '0f317a47f230b805', '17e2b86f497a844a', '9006101d0c0718da', '924210a7c23367ad', 'c50ff09a86c3f60c', 'e761bcb5865cfba8', 'fbea47d700490637', 'fc34e1ab035a4d89', 'fe2926c3ef6e11ac']","['1991-12-01', '1991-12-22', '1991-12-15', '1991-12-01', '1991-12-08', '1991-12-08', '1991-12-29', '1991-12-15', '1991-12-22', '1991-12-29']",lag_not_elapsed
SocialGood_h3_f1,SocialGood:h3:f1:o529,32,32,"['34f533ffd2dd2564', '515bca8d10199534', '82a1f567d107daba', '8932c27727da52b4', 'ab0997d089a45628', 'afca634e1819b90d', 'd78f4c471d0b3cb1', 'e4f7eb18ccbc6bb2']","['1992-01-19', '1992-01-26', '1992-01-05', '1992-01-12', '1992-01-12', '1992-01-19', '1992-01-26', '1992-01-05']",lag_not_elapsed
SocialGood_h3_f1,SocialGood:h3:f1:o530,32,32,"['156d74fb9bfda581', '1d6b28271b533e1e', '2024254bbeb9bc4a', '847d44f96311b833', '9564184de6d001a8', '95914aa636e754a9', 'ac05886cdafa3374', 'ebdda7e82cfcb807']","['1992-02-23', '1992-02-09', '1992-02-23', '1992-02-02', '1992-02-09', '1992-02-02', '1992-02-16', '1992-02-16']",lag_not_elapsed
SocialGood_h3_f1,SocialGood:h3:f1:o531,32,32,"['0f982a034f047e2a', '145e9359c3f86798', '188fcd811ecd2e09', '371779140cca0c7c', '89fa7efd48b7acff', '9605bf457900c4cd', 'a70c8ff18d58b178', 'c37a2171a78806ab', 'fcc89620fb604d0b']","['1992-03-15', '1992-03-22', '1992-03-01', '1992-03-01', '1992-03-22', '1992-03-29', '1992-03-08', '1992-03-29', '1992-03-15']",lag_not_elapsed
SocialGood_h3_f1,SocialGood:h3:f1:o532,32,32,"['08b5cf6ae3e77a00', '120281d4048e6bd6', '2d90f628c0f46283', '55c1d6bdbb59fe9a', '9ef24d483f1525cb', 'd6aae7b043496033', 'dc9251973e3f5dda', 'f4f59af8a7c850ef']","['1992-04-05', '1992-04-12', '1992-04-05', '1992-04-19', '1992-04-12', '1992-04-26', '1992-04-19', '1992-04-26']",lag_not_elapsed
SocialGood_h3_f1,SocialGood:h3:f1:o533,32,32,"['07273df11d79fe0d', '19951bcb63f4a516', '330a0b5791a5f3e9', '3ac1fd16c4c4595b', '481140738b30a730', '636a658d1226a2f4', 'a865031c0cd8d823', 'ba8df0783820b645', 'd128dabe077bbcd7', 'f7ee5f98a2deb381']","['1992-05-10', '1992-05-31', '1992-05-03', '1992-05-17', '1992-05-10', '1992-05-03', '1992-05-31', '1992-05-17', '1992-05-24', '1992-05-24']",lag_not_elapsed
SocialGood_h3_f1,SocialGood:h3:f1:o534,32,32,"['19951bcb63f4a516', '2c92f17b93e5b3d5', '2d2d31a4c18159dc', '31c24e2db5f42a30', 'a865031c0cd8d823', 'b17e746cdee8a9d4', 'b7e39f24eb95d55d', 'da3b8b47b002fde6', 'eaf22b8b45cd17c6']","['1992-05-31', '1992-06-07', '1992-06-21', '1992-06-21', '1992-05-31', '1992-06-07', '1992-06-28', '1992-06-14', '1992-06-14']",lag_not_elapsed
SocialGood_h3_f1,SocialGood:h3:f1:o535,32,32,"['2b1b41b3c11286b2', '37df0cd7ec0eb6dc', '5cff3da1cac704b3', '66a509fb923f6f30', '772112934659731d', '8cbf6473f5620826', '9922763fa2ff02be', 'd7edc4708e7294f7']","['1992-07-12', '1992-07-05', '1992-07-12', '1992-07-19', '1992-07-26', '1992-07-05', '1992-07-19', '1992-07-26']",lag_not_elapsed
SocialGood_h3_f1,SocialGood:h3:f1:o536,32,32,"['864d5c19758847e8', 'b1bf6fbb07e7d463', 'b532751f3d6fce2b', 'b93a4a2abf964bde', 'bf93f8f537a1816c', 'c79334f25b1a925b', 'd36435fda553cda2', 'deb79fed49e0beeb', 'e8d11a5867cc77fd', 'f6771e078215e05f']","['1992-08-02', '1992-08-30', '1992-08-23', '1992-08-09', '1992-08-30', '1992-08-23', '1992-08-16', '1992-08-09', '1992-08-16', '1992-08-02']",lag_not_elapsed
SocialGood_h3_f1,SocialGood:h3:f1:o537,32,32,"['21beac559faa391b', '2f644b41bf43a219', '39499c02f7910cd1', '3c4250c66dd59a8f', 'a5abd7dc072e9c90', 'd22a1a4ccb0e18c5', 'eb10c6242e497890']","['1992-09-27', '1992-09-20', '1992-09-27', '1992-09-06', '1992-09-06', '1992-09-20', '1992-09-13']",lag_not_elapsed
SocialGood_h3_f1,SocialGood:h3:f1:o538,32,32,"['0156511579648be9', '11d5d3d36c2c91af', '163cfc16c4292d60', '3303a24531093352', '4a71af54e7a3824b', 'beb739a38d433646', 'e3ef1850ffb6a17f', 'e42c5d79c64d8785']","['1992-10-11', '1992-10-25', '1992-10-04', '1992-10-18', '1992-10-11', '1992-10-18', '1992-10-25', '1992-10-04']",lag_not_elapsed
SocialGood_h3_f1,SocialGood:h3:f1:o539,32,32,"['0a95580fa6c491a9', '0f4b136d0bf6a1ad', '1f2e07767e8b2f9e', '26e0ec1c537e141b', '89c8985b3a127583', '8b6a51e7de8d6d98', 'c83a59487277e2a8', 'e1a4aa01b5c89524', 'fb39af49e3a698cf', 'fdb40aee07f105ae']","['1992-11-15', '1992-11-08', '1992-11-22', '1992-11-01', '1992-11-01', '1992-11-15', '1992-11-29', '1992-11-29', '1992-11-22', '1992-11-08']",lag_not_elapsed
SocialGood_h3_f1,SocialGood:h3:f1:o540,32,32,"['286059ca7bcd3892', '46f962641ee16e56', '59d4b344cbb97458', 'a7a33980140b3b98', 'dc41e0bdd4f3b90d', 'ef1fda886c2ba245', 'f857c8955e983840', 'f9899bb7cc0cedde']","['1992-12-20', '1992-12-27', '1992-12-13', '1992-12-20', '1992-12-13', '1992-12-27', '1992-12-06', '1992-12-06']",lag_not_elapsed
SocialGood_h3_f1,SocialGood:h3:f1:o541,32,32,"['109ad6ec7f797d3e', '325d7a71719ac32d', '43413bca4e118e62', '4e6b827527a94870', '692e6b3c8c9b468f', '995b1f826fc0b407', 'bd756c191c7c8136', 'c9a4c8bc3c989b7c', 'daef6ee834bb2579', 'e9ccf5e8b8f1ce5f']","['1993-01-31', '1993-01-03', '1993-01-10', '1993-01-10', '1993-01-24', '1993-01-24', '1993-01-03', '1993-01-17', '1993-01-17', '1993-01-31']",lag_not_elapsed
SocialGood_h3_f1,SocialGood:h3:f1:o542,32,32,"['034d91bcdd2fe2d5', '109ad6ec7f797d3e', '43900d0ddb202a70', '5905aea8da9585b6', '7706731c5f96d211', 'afdd20115c98cf1e', 'c068138564405bfc', 'e9ccf5e8b8f1ce5f']","['1993-02-14', '1993-01-31', '1993-02-28', '1993-02-07', '1993-02-21', '1993-02-28', '1993-02-21', '1993-01-31']",lag_not_elapsed
SocialGood_h3_f1,SocialGood:h3:f1:o543,32,32,"['0b906af39563ba01', '58fa32ab35f133a7', '6061775a3fa79583', 'a9a949768f7efb04', 'c26df373e3c84ab3', 'c73f6f19e473661b', 'ddeaaba21a7d29c5']","['1993-03-28', '1993-03-28', '1993-03-21', '1993-03-14', '1993-03-21', '1993-03-07', '1993-03-14']",lag_not_elapsed
SocialGood_h3_f1,SocialGood:h3:f1:o544,32,32,"['19b7877b0121b472', '2f6951b77d00711b', '673213f0a20d8640', '7388062008ba3e81', '77ca52c2c7777c3f', '992066672903390a', 'c46cb5cdddb78fae']","['1993-04-04', '1993-04-18', '1993-04-25', '1993-04-18', '1993-04-04', '1993-04-25', '1993-04-11']",lag_not_elapsed
SocialGood_h3_f1,SocialGood:h3:f1:o545,32,32,"['18da9d88ddf9bd93', '43d9d4c7d55a526f', '5661b10520aed108', '57f06574ffb71236', '604573f190be2829', '98e951087bf2e6f0', '9a81f7d262fc4a0b', 'a81c69c7f5c6879b', 'ad217704af869a6a', 'b881123bc67dab6f']","['1993-05-02', '1993-05-23', '1993-05-30', '1993-05-09', '1993-05-09', '1993-05-02', '1993-05-23', '1993-05-16', '1993-05-16', '1993-05-30']",lag_not_elapsed
SocialGood_h3_f1,SocialGood:h3:f1:o546,32,32,"['6545eb27cdb23703', '7ea9abbf6dbd9ac9', '8ea971b6d6fb38ce', '94da605269a1e547', '9db388605b68608e', '9f3774e88dd1c4fc', 'aec567565bb0d293', 'bac9d40415581122']","['1993-06-27', '1993-06-13', '1993-06-06', '1993-06-20', '1993-06-13', '1993-06-27', '1993-06-20', '1993-06-06']",lag_not_elapsed
SocialGood_h3_f1,SocialGood:h3:f1:o547,32,32,"['1074a79d7bad7d3a', '26943f830f2d4800', '3ff6a401e1f71ac8', '60b4f2f665c46e21', '85a1f3c9c03de871', 'b1fbf7c5f878941a', 'ba29be6712dcaf7a', 'bfb6068b964cacd4']","['1993-07-04', '1993-07-04', '1993-07-25', '1993-07-18', '1993-07-25', '1993-07-18', '1993-07-11', '1993-07-11']",lag_not_elapsed
SocialGood_h3_f1,SocialGood:h3:f1:o548,32,32,"['06535c7d4ecdaa3f', '12b07608fcc6c228', '16dbae5a62e9c3fb', '6d3cc04e9408ab8d', 'a393675e9c6c56af', 'adf13216c8faa78e', 'c266f515cf3aed5d', 'ca935697f3d9b8f0', 'cf1a23ad235dda66', 'cf9f1a71f7b5412c']","['1993-08-15', '1993-08-22', '1993-08-29', '1993-08-22', '1993-08-01', '1993-08-29', '1993-08-01', '1993-08-08', '1993-08-15', '1993-08-08']",lag_not_elapsed
SocialGood_h3_f1,SocialGood:h3:f1:o549,32,32,"['18ad55a87005e655', '2d0e08afb11df692', '7c43723e7a707110', '817e3015a687310d', 'c743dfb615565216', 'c79d6b63165bb886', 'fc242f0f54a6817f']","['1993-09-19', '1993-09-12', '1993-09-05', '1993-09-26', '1993-09-12', '1993-09-19', '1993-09-26']",lag_not_elapsed
SocialGood_h3_f1,SocialGood:h3:f1:o550,32,32,"['034ae6c08e967fb2', '1bd5fa37c0c93502', '4dc705807ef8361a', '636160b5c4761399', '8b89cfa4fcc6b180', 'aae9c1f993ea7797', 'b1d2f7d04b380345', 'b3e5109b7347d892', 'c034756e1feca29e', 'f99bb2241a440dcd']","['1993-10-03', '1993-10-24', '1993-10-31', '1993-10-24', '1993-10-17', '1993-10-31', '1993-10-17', '1993-10-03', '1993-10-10', '1993-10-10']",lag_not_elapsed
SocialGood_h3_f1,SocialGood:h3:f1:o551,32,32,"['237cdac4ee7a0de9', '2d52dad225ae8e64', '347e3f4530c3b68f', '4dc705807ef8361a', '935cd9bb7a2ae127', 'a8d2eb7cf3e8cd16', 'aae9c1f993ea7797', 'e7b3506b0cc87b87', 'efd150e4c611b5e4']","['1993-11-21', '1993-11-07', '1993-11-14', '1993-10-31', '1993-11-28', '1993-11-07', '1993-10-31', '1993-11-14', '1993-11-21']",lag_not_elapsed
SocialGood_h3_f1,SocialGood:h3:f1:o552,32,32,"['37ff6954abef4371', '3b0bcd882646315f', '3fb2c5528ca28def', '454571e47759343b', '4acbacd1e88da02f', '80b0af2f1256e5fe', 'b2e8a35de6673f0e', 'f4e42d619b6af6a0']","['1993-12-26', '1993-12-26', '1993-12-19', '1993-12-19', '1993-12-12', '1993-12-12', '1993-12-05', '1993-12-05']",lag_not_elapsed
SocialGood_h3_f1,SocialGood:h3:f1:o553,33,32,"['035b082453809a7d', '0d4bb1db45b579d4', '3c7e981650d66d53', '5cbcd2389eedc7d9', '65572d49662d0b16', '71cc1e40cd5445d0', '7a0984191db2865c', '973b9c4cd2b94ffb', 'a56110669ee6409b', 'a6bddcf24b7da1aa', 'fdffa356e2a4562b']","['1994-01-09', '1994-01-31', '1994-01-23', '1994-01-02', '1994-01-02', '1994-01-16', '1994-01-30', '1994-01-09', '1994-01-16', '1994-01-23', '1994-01-30']",lag_not_elapsed
SocialGood_h3_f1,SocialGood:h3:f1:o554,34,32,"['084d112ba49e16ef', '0d4bb1db45b579d4', '3fb72ccbaecd8fd5', '50bb979ec2b5580f', '71296d3fc9f56ed9', '7a0984191db2865c', '81b5e84a7bb9ee26', '9a01f0cd4784bc27', 'b19d22d971969441', 'd12cbe0d817c69a4', 'ee34c34f4b3eedf2', 'fdffa356e2a4562b']","['1994-02-13', '1994-01-31', '1994-02-13', '1994-02-20', '1994-02-06', '1994-01-30', '1994-02-27', '1994-02-27', '1994-02-28', '1994-02-20', '1994-02-06', '1994-01-30']",lag_not_elapsed
SocialGood_h3_f1,SocialGood:h3:f1:o555,35,34,"['419c0556b403aa14', '65a1a089b68a39e5', '7306eb7419e73289', '925ae368703f7a63', 'ac8ceb50ed8c471b', 'b7d053c857f0c034', 'cf76970a488faac2', 'd8b84aadca5ad16a']","['1994-03-20', '1994-03-27', '1994-03-27', '1994-03-20', '1994-03-13', '1994-03-31', '1994-03-06', '1994-03-06']",lag_not_elapsed
SocialGood_h3_f1,SocialGood:h3:f1:o556,36,34,"['0cf6a2066f8aba6c', '7b2ec1e76861364e', '7cfde356bd517b47', '87784e7877ab3874', 'a50692fa4cbf6304', 'aa3b946c98e2c3b3', 'b7d053c857f0c034', 'd5b7902f3172e5dd', 'e49e25b12ddacf2e']","['1994-04-17', '1994-04-30', '1994-04-03', '1994-04-10', '1994-04-17', '1994-04-03', '1994-03-31', '1994-04-24', '1994-04-10']",lag_not_elapsed
SocialGood_h3_f1,SocialGood:h3:f1:o557,37,36,"['1c878f3f5ea6f97e', '277f6ca4e935b96f', '5e723ecb83e39d62', '604d94a9d8a87aac', '72f2844dad1236da', '90f10e4d41a48dfa', '932c73e4840ab0b1', 'b7919eedf69112fe', 'e392597c902cc7ad', 'f4bc15e40b988dce']","['1994-05-22', '1994-05-01', '1994-05-08', '1994-05-15', '1994-05-01', '1994-05-31', '1994-05-22', '1994-05-15', '1994-05-29', '1994-05-08']",lag_not_elapsed
SocialGood_h3_f1,SocialGood:h3:f1:o558,38,36,"['225f7dd8a62cb216', '33b7cb7f45f88002', '537437bfddec0a2c', '5cced971d460eb14', '6443b4a7cf37bb3b', '6da2983e44db2de5', '90f10e4d41a48dfa', 'b51c3a4542f4d20f', 'd53646ca94baf12c']","['1994-06-05', '1994-06-12', '1994-06-19', '1994-06-26', '1994-06-30', '1994-06-12', '1994-05-31', '1994-06-26', '1994-06-05']",lag_not_elapsed
SocialGood_h3_f1,SocialGood:h3:f1:o559,39,38,"['01ca9b86b9227567', '1efbbed0d4254111', '1f6df3e742e5af41', '35bef0b202cd1e85', '46ddf9084bd371b0', '7452934d36ed662a', 'a6eadcee61730178', 'b922580bf14738e4', 'd71f68a3589fc5f2', 'db318c8d8a60afab', 'e9e2401ddacdd7b7']","['1994-07-10', '1994-07-31', '1994-07-17', '1994-07-31', '1994-07-17', '1994-07-03', '1994-07-24', '1994-07-31', '1994-07-24', '1994-07-10', '1994-07-03']",lag_not_elapsed
SocialGood_h3_f1,SocialGood:h3:f1:o560,40,39,"['024a5a49dffdd418', '4244400ce3882015', '49af422aca60b75c', '55a56abc4870f8f3', '62665b18aec108f0', '66c846345862a74d', 'afe65823e0120aa4', 'f7d289ec138687bc', 'ff71eb4d180b90d8']","['1994-08-07', '1994-08-31', '1994-08-21', '1994-08-21', '1994-08-14', '1994-08-28', '1994-08-14', '1994-08-28', '1994-08-07']",lag_not_elapsed
SocialGood_h3_f1,SocialGood:h3:f1:o561,41,39,"['0a5efc6bb33b63cf', '4244400ce3882015', '60979f23472a0e22', '648a5df4915e0ba9', '7dc5e4b158d010c9', '909e69582efb5ab6', '9f2b854ebfd76537', 'a1ab38cbb728ae2d', 'ab3913d60a400728']","['1994-09-30', '1994-08-31', '1994-09-25', '1994-09-18', '1994-09-11', '1994-09-25', '1994-09-18', '1994-09-04', '1994-09-04']",lag_not_elapsed
SocialGood_h3_f1,SocialGood:h3:f1:o562,42,41,"['06d234b16fff1f4b', '275da7984de04c14', '29521ac2ae573962', '4307e53392cae047', '4675f8460a397554', 'aa00466332e6db3d', 'bba1184e686b60c2', 'c86d4daf310690f5', 'd9dc74a7579cdebc']","['1994-10-16', '1994-10-30', '1994-10-31', '1994-10-09', '1994-10-23', '1994-10-30', '1994-10-09', '1994-10-02', '1994-10-16']",lag_not_elapsed
SocialGood_h3_f1,SocialGood:h3:f1:o563,43,41,"['01928844ea2df4b2', '08acb80ddb91b578', '1fbff39c32edffe4', '29521ac2ae573962', '2abbce79de622968', '32643e71af200c54', '86bf0f45d6f37114', 'a98b5113786dd77f', 'af51905d822231f9', 'f1a0d60872035415']","['1994-11-20', '1994-11-06', '1994-11-20', '1994-10-31', '1994-11-27', '1994-11-13', '1994-11-30', '1994-11-13', '1994-11-27', '1994-11-06']",lag_not_elapsed
SocialGood_h3_f1,SocialGood:h3:f1:o564,44,43,"['03dc3364fbc740e3', '1879fc8753a75ef6', '21c1d5ca9fdb7329', '5eec9096e72cb72b', '748ca3ac2f514bf3', 'd8e873286ea89781', 'd9e5c2c0e3e50ca5', 'dc5780d3b7fa0a4d']","['1994-12-18', '1994-12-18', '1994-12-31', '1994-12-04', '1994-12-04', '1994-12-11', '1994-12-25', '1994-12-11']",lag_not_elapsed
SocialGood_h3_f1,SocialGood:h3:f1:o565,44,44,"['1354c33bf3a5fa07', '1461547c9117b690', '2422afc32438910f', '51e9cf25bbbaf629', '5fbc4694551aa7ab', '613735d3f75df053', '7dd696992e061797', '8dd89a035f8c2ac0', '9ab694bed81f92d2']","['1995-01-22', '1995-01-08', '1995-01-29', '1995-01-29', '1995-01-15', '1995-01-01', '1995-01-01', '1995-01-22', '1995-01-15']",lag_not_elapsed
SocialGood_h3_f1,SocialGood:h3:f1:o566,45,44,"['0d9f399dad3aa858', '17b779b61214432e', '2422afc32438910f', '2c07a9dbefb9aa8c', '3fbf3da338b103a3', '51e9cf25bbbaf629', '90c52054679139c5', 'd9581f5ee708e270', 'e06e84b468fd1f6a', 'e6b1dfe294d7d1c8']","['1995-02-26', '1995-02-05', '1995-01-29', '1995-02-19', '1995-02-12', '1995-01-29', '1995-02-05', '1995-02-26', '1995-02-28', '1995-02-19']",lag_not_elapsed
SocialGood_h3_f1,SocialGood:h3:f1:o567,46,45,"['0938611b5f64ca75', '18b6328180f6a0d7', '610d348aaf19f51a', '728e9882be9c9026', 'a2fb26261ed8a093', 'd82ec5180d6c2d54', 'f28eaa525ea69f59', 'f2c3d8738f82e089', 'fb9cccd2fb84d8b3']","['1995-03-12', '1995-03-19', '1995-03-05', '1995-03-19', '1995-03-26', '1995-03-31', '1995-03-05', '1995-03-26', '1995-03-12']",lag_not_elapsed
SocialGood_h3_f1,SocialGood:h3:f1:o568,47,45,"['120f9004154a317b', '13d2ad745fb86519', '5f9c53da6b12edcc', '76eb28af468f159d', '8d8dc744720f8a9e', '9432620720991cba', 'b6460c3b7aa37447', 'c16042efe4c80ac0', 'c5caa33c5e6f079f', 'd82ec5180d6c2d54', 'f1f5748d3db23a8f']","['1995-04-23', '1995-04-30', '1995-04-09', '1995-04-02', '1995-04-16', '1995-04-16', '1995-04-09', '1995-04-30', '1995-04-30', '1995-03-31', '1995-04-02']",lag_not_elapsed
SocialGood_h3_f1,SocialGood:h3:f1:o569,47,47,"['2fd9a70c9eca188e', '3adcdbba786bbfc1', '41588c5f2dbdb523', '4523099c2ccaf1c6', '5116a863e999b86b', '6d6555a7c94b75dd', '74493f01e0729b01', 'f1ca922a70a26517']","['1995-05-07', '1995-05-14', '1995-05-14', '1995-05-21', '1995-05-28', '1995-05-07', '1995-05-28', '1995-05-21']",lag_not_elapsed
SocialGood_h3_f1,SocialGood:h3:f1:o570,48,47,"['1f165c1a9d4b5ddb', '2f5345440e4d8727', '4362a829b877c7e6', '46a530381fd40c14', '6a838ef40da27e91', '791759fe059bac54', 'ce1b9509e1dc5f29', 'd2bc4149de4c5564']","['1995-06-11', '1995-06-04', '1995-06-04', '1995-06-18', '1995-06-18', '1995-06-25', '1995-06-30', '1995-06-25']",lag_not_elapsed
SocialGood_h3_f1,SocialGood:h3:f1:o571,49,48,"['06718773b0343e73', '07e8cbb59e83de53', '2f4106d904009bc6', '4b782f34d6e99ac6', '67a2379095545146', '7eb8e8da959abf4f', '9022aae6bc37c2c5', 'a23e983611fa45d5', 'bb653fac3df9a067', 'c87dd441df005362', 'e2488b24afb32bab']","['1995-07-09', '1995-07-30', '1995-07-02', '1995-07-09', '1995-07-23', '1995-07-31', '1995-07-16', '1995-07-16', '1995-07-30', '1995-07-02', '1995-07-23']",lag_not_elapsed
SocialGood_h3_f1,SocialGood:h3:f1:o572,50,49,"['060088fdfa7c0093', '0733d1ddbca2c6d6', '6ffbe0b5871fe5ef', '8b6412f96955dde1', 'baacd8854320bb8e', 'da28dbb4d408f899']","['1995-08-13', '1995-08-31', '1995-08-06', '1995-08-20', '1995-08-20', '1995-08-06']",lag_not_elapsed
SocialGood_h3_f1,SocialGood:h3:f1:o573,51,49,"['0733d1ddbca2c6d6', '3342d4432a981492', '397fd00aa9cb1919', '4b5d68a6e62ace10', '6601220f69badb9c', '77a4994b107eb53d', 'c437717d8175a90b', 'e1c0a0d8f00908a8', 'f36c5b6205902ffc']","['1995-08-31', '1995-09-10', '1995-09-03', '1995-09-10', '1995-09-17', '1995-09-24', '1995-09-30', '1995-09-17', '1995-09-03']",lag_not_elapsed
SocialGood_h3_f1,SocialGood:h3:f1:o574,52,51,"['3f456d7578e8ee92', '5eee1732d45eb22a', '88f4e580a9a10f48', 'a68eaf80b0ab96ab', 'af68ef587547b759', 'c2d35e5a3a253814', 'f144c704f03070f5', 'f6291dac1c926f2a', 'f658cc71d5675e68', 'f7fef8af63e51d7c']","['1995-10-08', '1995-10-01', '1995-10-29', '1995-10-22', '1995-10-01', '1995-10-08', '1995-10-15', '1995-10-15', '1995-10-29', '1995-10-31']",lag_not_elapsed
SocialGood_h3_f1,SocialGood:h3:f1:o575,52,51,"['3011f525d0f116a4', '315f7f4e4941707d', 'aa1479e14ce9e02e', 'd0895c50245da02c', 'dd2d145e38a13d3a', 'e2bd230ff4b2f227', 'f24f39139108de23', 'f7fef8af63e51d7c']","['1995-11-05', '1995-11-19', '1995-11-19', '1995-11-05', '1995-11-26', '1995-11-12', '1995-11-12', '1995-10-31']",lag_not_elapsed
SocialGood_h3_f1,SocialGood:h3:f1:o576,53,52,"['1005f485ffe06a6e', '74d2a20f13fef368', '80dac974789b88f4', '84f392ef207cf37a', '889840a1ab2d7f37', 'a36d11500a6ad519', 'a8b98c9bfdb78bf5', 'c6316ead7c4d8c3b', 'e250033da5cc6d0d', 'f36dda4209c0fbee', 'f69aacd8cdfacc99']","['1995-12-31', '1995-12-03', '1995-12-24', '1995-12-10', '1995-12-17', '1995-12-10', '1995-12-31', '1995-12-03', '1995-12-17', '1995-12-24', '1995-12-31']",lag_not_elapsed
SocialGood_h3_f1,SocialGood:h3:f1:o577,53,52,"['0426609b379f6ee8', '0e3fd6805a92cb17', '2923899604420d0d', '2ef956fff277cc27', '4dbd811ffce729dc', '53e9db2e90f28ec8', '60852337109e1518', '8203a680fea55b1f', 'fd1823e19d21965d']","['1996-01-07', '1996-01-28', '1996-01-28', '1996-01-14', '1996-01-14', '1996-01-21', '1996-01-31', '1996-01-21', '1996-01-07']",lag_not_elapsed
SocialGood_h3_f1,SocialGood:h3:f1:o578,53,51,"['0ad90710b8080ce0', '0fe133c2b1358346', '29b42a102eba8de2', '3ac6ed3afe1fccae', '3b0a97c7f14f2345', '60852337109e1518', '715424303fc91c14', '99cc241b06d87882', 'da5ab5d60f11b4cd', 'f0e62af2c44e8e43']","['1996-02-04', '1996-02-29', '1996-02-18', '1996-02-11', '1996-02-11', '1996-01-31', '1996-02-25', '1996-02-25', '1996-02-18', '1996-02-04']",lag_not_elapsed
SocialGood_h3_f1,SocialGood:h3:f1:o579,53,52,"['23f8497924308e88', '2eaf9fb67acb5e17', '329b63fcf3811203', '849f269ff512d4d1', 'b18b404c53c7eaa3', 'b82d1ab0e73fb8c9', 'c4b07c7aef610dfb', 'c7ad5bd65d3a60f5', 'd370fa4ae422e33d', 'fe5fd625eb38af54', 'ff704b3646033d42']","['1996-03-10', '1996-03-03', '1996-03-17', '1996-03-31', '1996-03-31', '1996-03-03', '1996-03-24', '1996-03-17', '1996-03-10', '1996-03-24', '1996-03-31']",lag_not_elapsed
SocialGood_h3_f1,SocialGood:h3:f1:o580,53,51,"['017ab36d99e8d05a', '25789ba4fe3dc5d4', '6e59dfc75ab389df', '849f269ff512d4d1', '8f8fdf0ececce0b6', '974c26904897dacc', 'b18b404c53c7eaa3', 'd997f03fde030121', 'dc15768a901b6047', 'e4085cf80e85b964', 'ecacb79e2212c39b', 'ff704b3646033d42']","['1996-04-28', '1996-04-07', '1996-04-21', '1996-03-31', '1996-04-14', '1996-04-07', '1996-03-31', '1996-04-14', '1996-04-30', '1996-04-21', '1996-04-28', '1996-03-31']",lag_not_elapsed
SocialGood_h3_f1,SocialGood:h3:f1:o581,53,52,"['5567a56b1d276dd9', '60f177dcdb4939b7', '834708e0f5547418', '85cbb64d5ee1e2ea', 'b1aafc1d0986eec3', 'b8f1ee0d2152d5b4', 'dfb17944c5bdbba5', 'e213b9ea814d5f77']","['1996-05-12', '1996-05-12', '1996-05-31', '1996-05-05', '1996-05-05', '1996-05-19', '1996-05-19', '1996-05-26']",lag_not_elapsed
SocialGood_h3_f1,SocialGood:h3:f1:o582,53,51,"['06c68aabf10ad7cb', '833d9c3c2558c43f', '834708e0f5547418', '9fd146d19f991344', 'a86ad159e450b5fd', 'a9a5aab95dee3f98', 'b702826ddfe5f857', 'e2faf4eccf064572', 'fb66c8694677ae80', 'fd999e20110e4eb4', 'fff5d65c16a6f7ea']","['1996-06-02', '1996-06-09', '1996-05-31', '1996-06-30', '1996-06-02', '1996-06-23', '1996-06-16', '1996-06-30', '1996-06-30', '1996-06-09', '1996-06-16']",lag_not_elapsed
SocialGood_h3_f1,SocialGood:h3:f1:o583,53,52,"['079a13a91cb4e5bc', '1191d2635651a139', '2c8e1da019d70308', '3a95c8b0aa6b7a6c', '591b64c8302a6250', '988a8010294f5626', 'b5f685cd2f1c0cfd', 'edb289d97031e752', 'f4453a7a0e75ade8']","['1996-07-21', '1996-07-28', '1996-07-14', '1996-07-31', '1996-07-14', '1996-07-28', '1996-07-07', '1996-07-07', '1996-07-21']",lag_not_elapsed
SocialGood_h3_f1,SocialGood:h3:f1:o584,53,52,"['03e69ecdfbf062cb', '09bd0ef4aefbd6f6', '25a93a51751b0f7c', '26601fb033b9e8a1', '2c158a4b8f6ec3b9', '7d33fbc26e289c75', '98f33c7fd62ed460', 'c5ea24e876a90e1a', 'f4a45f3506d76dc8']","['1996-08-11', '1996-08-18', '1996-08-04', '1996-08-25', '1996-08-25', '1996-08-04', '1996-08-18', '1996-08-31', '1996-08-11']",lag_not_elapsed
SocialGood_h3_f1,SocialGood:h3:f1:o585,53,51,"['03f1ce2a340705a3', '1ac88b612682d2f2', '2e28b1d1e67c34c2', '2e92dbb0101a0e96', '9b66b6d45894f749', 'a4985c1459501eff', 'abb7b78910ca3a82', 'adc2b5db9ef85b6f', 'b87e2f375b715116', 'c0971b4be00c720a', 'c5ea24e876a90e1a', 'f50a9fb1cf20adc2']","['1996-09-29', '1996-09-15', '1996-09-08', '1996-09-22', '1996-09-30', '1996-09-01', '1996-09-29', '1996-09-15', '1996-09-22', '1996-09-01', '1996-08-31', '1996-09-08']",lag_not_elapsed
SocialGood_h3_f1,SocialGood:h3:f1:o586,53,52,"['1b77eda194ab91b2', '3544046005d23dc2', '3725a3be164310f7', '4790a6dc24ebd31e', '983d245432739354', 'a1b58651040df8c0', 'b5c3857a01175b82', 'cb31806d45d99f47', 'e685efaa56bd8fe4']","['1996-10-31', '1996-10-20', '1996-10-13', '1996-10-20', '1996-10-06', '1996-10-13', '1996-10-06', '1996-10-27', '1996-10-27']",lag_not_elapsed
SocialGood_h3_f1,SocialGood:h3:f1:o587,53,51,"['04d77d8060d8e74f', '1b77eda194ab91b2', '724d65382a606995', 'b2395090f3cf663c', 'c24fc611421fbec5', 'c93bbe85fd0deb9a', 'd521764d30391725', 'e5c6a217add1d33f', 'edb9c433ded1ccb1', 'fd08ce2ca0010406']","['1996-11-10', '1996-10-31', '1996-11-03', '1996-11-30', '1996-11-03', '1996-11-24', '1996-11-24', '1996-11-10', '1996-11-17', '1996-11-17']",lag_not_elapsed
SocialGood_h3_f1,SocialGood:h3:f1:o588,53,52,"['09bc0d5d62b09f4a', '0e9e4ad76bcdc00a', '3148cc550b1ed633', '4e90cf2cf2541d63', '77154b5ef038adc0', '873086cab2286e3f', '9aca63801152d3cb', 'a4bc013f2ac3059b', 'a73da7451bff7091', 'eb839fa13774be42']","['1996-12-29', '1996-12-15', '1996-12-01', '1996-12-15', '1996-12-01', '1996-12-29', '1996-12-22', '1996-12-08', '1996-12-31', '1996-12-22']",lag_not_elapsed
SocialGood_h3_f1,SocialGood:h3:f1:o589,54,53,"['14273bb855bb244e', '1b0937ef1093ae23', '25a9de7a7b94a2f7', '30238907a174bad4', '32eb9b392a52fa5d', 'b8b4ffd7ced3d2e1', 'cd635dd4c9ee600e', 'cd75d84771814516', 'de75c59596553258']","['1997-01-26', '1997-01-19', '1997-01-12', '1997-01-19', '1997-01-05', '1997-01-12', '1997-01-26', '1997-01-31', '1997-01-05']",lag_not_elapsed
SocialGood_h3_f1,SocialGood:h3:f1:o590,54,52,"['1493d6aa247f136f', '175e35bd097ab037', '1ae86d2a3fe96bdf', '7c8ae48fff1edc77', '7c93d6f7d8be608b', 'a15cb43008de1b78', 'c71de999cf842dd9', 'cd75d84771814516', 'd3896245863509ab']","['1997-02-09', '1997-02-09', '1997-02-28', '1997-02-16', '1997-02-16', '1997-02-02', '1997-02-02', '1997-01-31', '1997-02-23']",lag_not_elapsed
SocialGood_h3_f1,SocialGood:h3:f1:o591,54,53,"['3ed80526b4edc776', '48a16deafc349388', '67975c4c969ad2b7', '80ec35db7693f234', '83fbdb573165f571', '904fbf16cdce1f04', 'a469bb1a0b842721', 'b9e90db57ba139c2', 'd0e57c748db35e7d', 'e1823f7f8c566617', 'faa8ec2e5effb869']","['1997-03-30', '1997-03-09', '1997-03-23', '1997-03-02', '1997-03-31', '1997-03-30', '1997-03-23', '1997-03-16', '1997-03-09', '1997-03-02', '1997-03-16']",lag_not_elapsed
SocialGood_h3_f1,SocialGood:h3:f1:o592,53,52,"['83fbdb573165f571', 'b19e4a623b60cb46', 'b5bdf679ed73de14', 'cbd2771b2e295222', 'ccc6954e698ac52d', 'cf6a01880c3619b8', 'db8753557c582804', 'dda45e4fc378fec9', 'f63b19490e083108']","['1997-03-31', '1997-04-13', '1997-04-27', '1997-04-13', '1997-04-06', '1997-04-20', '1997-04-20', '1997-04-06', '1997-04-27']",lag_not_elapsed
SocialGood_h3_f1,SocialGood:h3:f1:o593,53,53,"['1edc406e08d86862', '2f8c4ebb161e7227', '3bc75ed8c51c2034', '54a1ea4eb49ab511', '5da5c79e6c9f0353', 'a42763252b002f52', 'ec13ad5f3d7dc51c', 'f5037f7a31376b65']","['1997-05-25', '1997-05-04', '1997-05-18', '1997-05-04', '1997-05-11', '1997-05-11', '1997-05-25', '1997-05-18']",lag_not_elapsed
SocialGood_h3_f1,SocialGood:h3:f1:o594,53,52,"['24c793794b07d9ab', '2f43e83e4f94c020', '49397c70d16fbbe9', '5ce780aca1d1bc01', '6e6b41d35927984c', '9029b1ed408d7b46', '96ab68e28043ecf3', '9a17cd500b006e5a', '9f689279a9936ecf', 'a749bf0a04a0b460', 'f4e0ae208214a49e']","['1997-06-29', '1997-06-15', '1997-06-22', '1997-06-22', '1997-06-01', '1997-06-29', '1997-06-08', '1997-06-30', '1997-06-01', '1997-06-08', '1997-06-15']",lag_not_elapsed
SocialGood_h3_f1,SocialGood:h3:f1:o595,52,52,"['25eb5675c9be36a3', '2ae7ce5aa2c549a7', '3894cce3878bb99b', '5856a37e4a1c1e92', 'ded980a207565324', 'df29895b0b1973f0', 'dfbe327d741d47a2', 'f065db67072853a8']","['1997-07-20', '1997-07-13', '1997-07-06', '1997-07-13', '1997-07-27', '1997-07-06', '1997-07-27', '1997-07-20']",lag_not_elapsed
SocialGood_h3_f1,SocialGood:h3:f1:o596,52,51,"['0772d7d586f5fa9c', '124f343714030a81', '2a6b7bc00587fe07', '7ecd923c85e1ec1c', '8122dfa5900c0c77', '872094cf768316da', '87c9124f77408a27', '89a84827c97a2c97', '995ed75c99450c7f', 'fb5cd7f9c65dda77', 'fe0b6e545b2a0796']","['1997-08-10', '1997-08-17', '1997-08-24', '1997-08-31', '1997-08-17', '1997-08-24', '1997-08-31', '1997-08-31', '1997-08-03', '1997-08-10', '1997-08-03']",lag_not_elapsed
SocialGood_h3_f1,SocialGood:h3:f1:o597,52,50,"['0fa0eca227540c37', '1075dc7814830296', '230e924404df9dae', '2ec45d29680484b4', '445dcf0996e7b763', '7ecd923c85e1ec1c', '87c9124f77408a27', '89a84827c97a2c97', '91d5e83932fb85ce', 'a9099a5ba22a010d', 'b886759299bc7fee', 'f8bab088a19d6a84']","['1997-09-30', '1997-09-21', '1997-09-07', '1997-09-07', '1997-09-21', '1997-08-31', '1997-08-31', '1997-08-31', '1997-09-14', '1997-09-28', '1997-09-14', '1997-09-28']",lag_not_elapsed
SocialGood_h3_f1,SocialGood:h3:f1:o598,51,51,"['0757f780b1e1c68d', '456693e11e09a855', '822759baa6c6ae87', 'a24744088a9074be', 'a46237f2b415668b', 'a49123752d5f98f0', 'd03310c75a181f6c', 'd0b33a3ec27eefb8']","['1997-10-05', '1997-10-12', '1997-10-26', '1997-10-05', '1997-10-12', '1997-10-19', '1997-10-19', '1997-10-26']",lag_not_elapsed
SocialGood_h3_f1,SocialGood:h3:f1:o599,52,51,"['16289640b4dfce9c', '1ea9127151dc3942', '20b1a944cb00a42d', '2119f1b9bf50f2c3', '60bbc88ce84596ee', '77dcfbbb2d877033', '7f7309ccacf42424', '8c7c54eb45412847', 'b16d528706e54f4c', 'c334f36707c58306', 'd994a1d739f26729']","['1997-11-23', '1997-11-30', '1997-11-30', '1997-11-02', '1997-11-09', '1997-11-16', '1997-11-02', '1997-11-23', '1997-11-16', '1997-11-30', '1997-11-09']",lag_not_elapsed
SocialGood_h3_f1,SocialGood:h3:f1:o600,52,51,"['2a987669c966d0c3', '44bd780faeb88a4a', '59cc1fe0accc5645', '5b5c7aa7568ef560', '6e5013cdb3478044', '942a3cea95efaa43', '9cfdc8fecb92e495', 'a9f89413c164c229', 'ff9d2fc6d5e3449c']","['1997-12-28', '1997-12-31', '1997-12-28', '1997-12-07', '1997-12-14', '1997-12-14', '1997-12-21', '1997-12-07', '1997-12-21']",lag_not_elapsed
SocialGood_h3_f1,SocialGood:h3:f1:o601,52,51,"['38eba7a2886e301d', '682d486379dec26a', '7feccff8de232acc', '9316c693d1106480', 'bd9f53b3fb1d621c', 'cd9de11dcc6a022f', 'ce02102a06330152', 'd1216990e38838a8', 'e6d7be0f891b444c']","['1998-01-11', '1998-01-31', '1998-01-11', '1998-01-18', '1998-01-18', '1998-01-04', '1998-01-04', '1998-01-25', '1998-01-25']",lag_not_elapsed
SocialGood_h3_f1,SocialGood:h3:f1:o602,52,50,"['257664d2e4f03211', '43abfdf0f2ae568f', '590f4a5c6ba90d1d', '5ca835d90b2ed3e7', '682d486379dec26a', '79116e3653afb16d', '7e87f4b5f796128c', '911bde5d9c9339ef', 'd2851fbd148e326c', 'e82a61d3e0958ce5']","['1998-02-22', '1998-02-15', '1998-02-01', '1998-02-01', '1998-01-31', '1998-02-08', '1998-02-15', '1998-02-08', '1998-02-28', '1998-02-22']",lag_not_elapsed
SocialGood_h3_f1,SocialGood:h3:f1:o603,51,51,"['124b012424f41bb3', '37304305b2f7e9a7', '39a0c5534c255dd7', '4db37513af4bcb7a', '5e2e5812559078ae', '78f216381e456d5d', 'c28d93b1de7dc141', 'd2f8ae88a60b282f', 'd91cc85ade1499bd', 'eeb70296f2ca822c']","['1998-03-15', '1998-03-22', '1998-03-01', '1998-03-08', '1998-03-08', '1998-03-01', '1998-03-29', '1998-03-22', '1998-03-15', '1998-03-29']",lag_not_elapsed
SocialGood_h3_f1,SocialGood:h3:f1:o604,51,50,"['20a7d2a3d95b9fac', '4f7f8da305195480', '61bed2e22382ffcc', '804378626bde344d', '8615d780fb457a7d', 'a029237d08572d24', 'a8c04a1d14ce0fa4', 'fd805c53a9f8852c']","['1998-04-19', '1998-04-05', '1998-04-12', '1998-04-30', '1998-04-26', '1998-04-05', '1998-04-26', '1998-04-12']",lag_not_elapsed
SocialGood_h3_f1,SocialGood:h3:f1:o605,51,50,"['2e732aa285fa32e8', '325e50e9380f0801', '56b2fff3419acd92', '615cf8bb0e3e54e9', '67d036c1102c9f1e', '7451566fb6ea6c65', '92957866edc354f4', '9a43e39b0bc36978', 'aca350e629ddb304', 'b3b4393c995941cc']","['1998-05-03', '1998-05-31', '1998-05-10', '1998-05-17', '1998-05-31', '1998-05-24', '1998-05-31', '1998-05-03', '1998-05-24', '1998-05-10']",lag_not_elapsed
SocialGood_h3_f1,SocialGood:h3:f1:o606,51,49,"['0f050eacd25f77e0', '135c1be5857cba66', '17901c744c5d06af', '2b1048c0e3c969aa', '313d860bd73396ea', '325e50e9380f0801', '67d036c1102c9f1e', '682c7e726f934d93', '7c61716133bd2c29', '928fb39bf8db3199', '92957866edc354f4', 'bf6b58a1c2839f03']","['1998-06-28', '1998-06-21', '1998-06-30', '1998-06-28', '1998-06-07', '1998-05-31', '1998-05-31', '1998-06-21', '1998-06-07', '1998-06-14', '1998-05-31', '1998-06-14']",lag_not_elapsed
SocialGood_h3_f1,SocialGood:h3:f1:o607,51,50,"['47d9b5e0be536c8c', '49e3bb2220f906a5', '4b9ebf1a4176a92e', '610d32a7a0c381d7', 'a3d9789ef58a442a', 'b6cf053f4a504d21', 'dc00c0f9d7a5753a', 'ed15b645bb8b8532', 'f156b1c1c43a5785']","['1998-07-19', '1998-07-31', '1998-07-05', '1998-07-19', '1998-07-12', '1998-07-05', '1998-07-26', '1998-07-26', '1998-07-12']",lag_not_elapsed
SocialGood_h3_f1,SocialGood:h3:f1:o608,51,50,"['157a8e32523b0205', '1facad5a25fd2907', '3f5524dfd58c58e6', '4afb26af1c3ca7d0', '5895f2bb83cb0306', '5fbd602fc33a14df', '7d854dd344f1c5a0', '950012bdc2930dda', 'a2175208b672c7f3', 'f1ab90e94e1d1b68', 'fafa06b713dcac48']","['1998-08-30', '1998-08-09', '1998-08-02', '1998-08-23', '1998-08-02', '1998-08-30', '1998-08-09', '1998-08-16', '1998-08-23', '1998-08-31', '1998-08-16']",lag_not_elapsed
SocialGood_h3_f1,SocialGood:h3:f1:o609,51,49,"['067e6deed3e85755', '119945b6b382f633', '247265adc2f5c0d3', '2f813f81ba14b758', '8f34fd5d8b9505bb', 'a2a555fe55f7e8df', 'a631b13f07a68932', 'b4f807b0ccb29922', 'bba4af887a922535', 'f1ab90e94e1d1b68']","['1998-09-13', '1998-09-13', '1998-09-06', '1998-09-30', '1998-09-20', '1998-09-27', '1998-09-27', '1998-09-20', '1998-09-06', '1998-08-31']",lag_not_elapsed
SocialGood_h3_f1,SocialGood:h3:f1:o610,51,50,"['10ad67d9a1c90f59', '22cff705b2e4b4ef', '5ca4341cbd41cc7a', '841bc53b7e2bcd06', '8a01ab1dd17df253', '8a9adaca3b8f9ecb', 'dce87ec87c2907ea', 'e798650a2bc7b87c', 'fd693c42fb88ae0d']","['1998-10-04', '1998-10-25', '1998-10-11', '1998-10-18', '1998-10-04', '1998-10-18', '1998-10-25', '1998-10-11', '1998-10-31']",lag_not_elapsed
SocialGood_h3_f1,SocialGood:h3:f1:o611,51,49,"['0527bbcedf00a753', '0560c950dcc5cc51', '0951793f541c3873', '1214a6c8682e10dc', '22249c4f3ba055b2', '3079eba58a963171', '5433b04305b3eb8a', 'a7d06d60c31ed827', 'ae84e3d55985be09', 'b540b192ad24e492', 'fd693c42fb88ae0d']","['1998-11-15', '1998-11-29', '1998-11-22', '1998-11-08', '1998-11-30', '1998-11-01', '1998-11-01', '1998-11-15', '1998-11-22', '1998-11-08', '1998-10-31']",lag_not_elapsed
SocialGood_h3_f1,SocialGood:h3:f1:o612,51,50,"['058b32ab8c87cdfe', '54820e787ce6c890', '5541c827b9ad020d', 'b1562de44d8a190b', 'bef371b2066f4efb', 'd2ee9c55577d6862', 'd2fcca1cfb7b6734', 'e20440c6833fa0c5', 'eff0c638fcb0c605']","['1998-12-20', '1998-12-13', '1998-12-27', '1998-12-06', '1998-12-20', '1998-12-31', '1998-12-06', '1998-12-27', '1998-12-13']",lag_not_elapsed
SocialGood_h3_f1,SocialGood:h3:f1:o613,50,50,"['037587995b1265b5', '29f8be004049d272', '34f8004da08fae1f', '4384967ebc10ac28', '51f4f80a8631aa6b', '5b1028c0bd575b42', '8030377ab448dc93', '87a07a2cb8f119a2', '8b5604c73b4f1236', 'db92869eeb49325d']","['1999-01-24', '1999-01-03', '1999-01-31', '1999-01-10', '1999-01-31', '1999-01-17', '1999-01-24', '1999-01-17', '1999-01-10', '1999-01-03']",lag_not_elapsed
SocialGood_h3_f1,SocialGood:h3:f1:o614,50,49,"['07e435826763509d', '0c9d3f2d818baa6a', '201045f162e244ce', '34f8004da08fae1f', '51f4f80a8631aa6b', '5428cd5387d4ae89', '58d1153cb2b3efed', '5a01fc1db712187d', '61d6c641cdad0b64', '8488b71d66828ac9', 'b17adc2b73ad6bfc']","['1999-02-07', '1999-02-21', '1999-02-28', '1999-01-31', '1999-01-31', '1999-02-07', '1999-02-28', '1999-02-28', '1999-02-14', '1999-02-14', '1999-02-21']",lag_not_elapsed
SocialGood_h3_f1,SocialGood:h3:f1:o615,50,49,"['09c886b3f55f2765', '134ced470bb0dee8', '13939703ec2a2078', '52ae7acefd904738', '7d490d89ae833b04', '837e48996f28bc94', '8f402b844d8cca09', '90a0c0af63133872', 'bf44f553f5f7e5e5']","['1999-03-07', '1999-03-21', '1999-03-21', '1999-03-28', '1999-03-31', '1999-03-14', '1999-03-07', '1999-03-28', '1999-03-14']",lag_not_elapsed
SocialGood_h3_f1,SocialGood:h3:f1:o616,50,49,"['0ae2d2124f183323', '129c03bbbb7bc781', '46022e8d7ac999bb', '7d490d89ae833b04', 'a52cea76361a95cb', 'a9f8920297e89ef4', 'b0d089ab9b907850', 'e6f3ed02bec41cea', 'f0de85c5768ce50b']","['1999-04-04', '1999-04-04', '1999-04-11', '1999-03-31', '1999-04-18', '1999-04-11', '1999-04-25', '1999-04-18', '1999-04-25']",lag_not_elapsed
SocialGood_h3_f1,SocialGood:h3:f1:o617,50,50,"['17df220388cc5415', '241accc851e2d225', '2508664b4d9abacf', '374eacf6153005a9', '66539b1c2c9945a8', '78efd5c72da3641b', 'a0b94b9b6cecc731', 'ae6b23c413d8c2eb', 'c21315b232ce4160', 'cc98d5282837bf41']","['1999-05-16', '1999-05-23', '1999-05-09', '1999-05-16', '1999-05-30', '1999-05-09', '1999-05-23', '1999-05-30', '1999-05-02', '1999-05-02']",lag_not_elapsed
SocialGood_h3_f1,SocialGood:h3:f1:o618,50,49,"['1623a51e9d656854', '398d08a2525e78ca', '498bb67ac2132e2d', '4996675f045b1d5d', '52c4262a57807a22', '707ba741e8960804', '94cfb5d76606d07a', 'c810a92f4a04c170', 'd5c72a6d527f6e9e']","['1999-06-06', '1999-06-06', '1999-06-13', '1999-06-27', '1999-06-30', '1999-06-20', '1999-06-27', '1999-06-20', '1999-06-13']",lag_not_elapsed
SocialGood_h3_f1,SocialGood:h3:f1:o619,51,50,"['161f8e7a4af751f1', '162fe1c8a928efd5', '3b2f27448415f0c6', '3f53be5ed9e985f1', '49648ec69e503add', '74bd8e92123ce598', '8ee4098cc5cc7186', 'c17db6bc86c4541c', 'd797f388e68d8d62']","['1999-07-11', '1999-07-25', '1999-07-31', '1999-07-18', '1999-07-25', '1999-07-18', '1999-07-04', '1999-07-11', '1999-07-04']",lag_not_elapsed
SocialGood_h3_f1,SocialGood:h3:f1:o620,50,50,"['1207e2e4425238f3', '138e6a97c05ee958', '26e9491c2d9758b8', '331e35683d75eba3', '3890529770e6e7ee', '488bfe4898a0aeae', '50ed47bd53f791f4', '8666e7df3a12e794', 'b3015ee2613ebcf5', 'eb3642f581af7425']","['1999-08-01', '1999-08-22', '1999-08-29', '1999-08-08', '1999-08-29', '1999-08-08', '1999-08-22', '1999-08-01', '1999-08-15', '1999-08-15']",lag_not_elapsed
SocialGood_h3_f1,SocialGood:h3:f1:o621,49,49,"['356983bd1be7d590', '627c34de22e59e9f', '726dc134c62e910c', '909067af33567db1', '94004ea308f2cdf7', '975a0a85b8129366', 'cacbbfa343435c27', 'f2f0bf4e093a65fa']","['1999-09-05', '1999-09-19', '1999-09-26', '1999-09-19', '1999-09-12', '1999-09-26', '1999-09-05', '1999-09-12']",lag_not_elapsed
SocialGood_h3_f1,SocialGood:h3:f1:o622,50,49,"['169bbe33c88d91ab', '436cf76e887537ab', '462c1b40c397bbbc', '5370a3568491ab1f', 'a3f1571861061713', 'b6ec708b20edb654', 'c7c94491f109f218', 'ecbc2a62d002d265', 'f32875556120a2f0', 'f8d43624da07d836']","['1999-10-24', '1999-10-10', '1999-10-03', '1999-10-17', '1999-10-17', '1999-10-10', '1999-10-24', '1999-10-31', '1999-10-03', '1999-10-31']",lag_not_elapsed
SocialGood_h3_f1,SocialGood:h3:f1:o623,50,48,"['1cb831c082126816', '4e96571074b395c1', '4fd24919e1fb8582', '5c9877f85d6f143d', '8bf2ff723e2b53d9', '8cfdeead2e370dba', '8e8819384b310940', 'aa4c9b2c96c5c84e', 'ecbc2a62d002d265', 'f8d43624da07d836']","['1999-11-21', '1999-11-07', '1999-11-21', '1999-11-28', '1999-11-28', '1999-11-30', '1999-11-07', '1999-11-14', '1999-10-31', '1999-10-31']",lag_not_elapsed
SocialGood_h3_f1,SocialGood:h3:f1:o624,49,49,"['0b6d2a0e371d82fd', '3a8c452ab00ce099', '4d198e097d5cf38e', '75e0099b48a131b2', 'c4de313e2d424573', 'ced90b63f73b7877', 'e39ed50dfb3a769a', 'fb0e8cee48abe157']","['1999-12-12', '1999-12-19', '1999-12-05', '1999-12-05', '1999-12-12', '1999-12-26', '1999-12-26', '1999-12-19']",lag_not_elapsed
SocialGood_h3_f1,SocialGood:h3:f1:o625,49,48,"['099a5b03acb43d57', '16320de2113c8a4d', '16e23a192ad330a5', '193d680ce081c90a', '561d6ac1773d6d8f', '919aae4e601aa64a', 'a4c747582329c27d', 'a840339cfbac7429', 'b7f616ef899d766f', 'c9db20e4a46a9edb', 'd106e3238b7b6f32']","['2000-01-09', '2000-01-16', '2000-01-02', '2000-01-31', '2000-01-02', '2000-01-30', '2000-01-09', '2000-01-23', '2000-01-16', '2000-01-23', '2000-01-30']",lag_not_elapsed
SocialGood_h3_f1,SocialGood:h3:f1:o626,49,47,"['193d680ce081c90a', '27ec6087a8b666f9', '33bd256ad93524bc', '54275e31ec180dc6', '5534d5637143c0de', '5d8bc4b873b6e184', '71ae802d8a3f5ca4', '74e57efb405750dd', '7cb0cd842fc42e67', '919aae4e601aa64a', 'd106e3238b7b6f32', 'd2d57d6394abfad5']","['2000-01-31', '2000-02-13', '2000-02-20', '2000-02-27', '2000-02-29', '2000-02-20', '2000-02-06', '2000-02-06', '2000-02-27', '2000-01-30', '2000-01-30', '2000-02-13']",lag_not_elapsed
SocialGood_h3_f1,SocialGood:h3:f1:o627,49,49,"['02b9318f003b6218', '2f5859f02480ca51', '435e43175b02e466', '5dca248d0468c808', '859605a74c83b632', 'd9dc485aa6e4e392', 'de566b07b992b33f', 'f2b43854de14c436']","['2000-03-12', '2000-03-19', '2000-03-26', '2000-03-05', '2000-03-19', '2000-03-05', '2000-03-12', '2000-03-26']",lag_not_elapsed
SocialGood_h3_f1,SocialGood:h3:f1:o628,49,48,"['0da6f6f17edee5d5', '438ccbe72d85cab6', '54d388c5baf6718c', '74371aebe12569e4', '82d2ec09e1d7907e', '8b8a646335d1f4c8', 'ce90eceafb7cf473', 'd6d8a6168fde886f', 'db98b8bb86461e21', 'f799c5198c84ad66']","['2000-04-23', '2000-04-09', '2000-04-30', '2000-04-16', '2000-04-02', '2000-04-16', '2000-04-09', '2000-04-23', '2000-04-30', '2000-04-30']",lag_not_elapsed
SocialGood_h3_f1,SocialGood:h3:f1:o629,48,48,"['079aaafe2a8a62ce', '4eeb9b7493d7c910', '577ac49411ebfb79', '7222191b7bef5f29', '808b2f784d33cfe7', '9fe56bdcd1fd8e9e', 'c6cf9f3cf33c6996', 'e83ed912808b3dea']","['2000-05-14', '2000-05-07', '2000-05-28', '2000-05-28', '2000-05-07', '2000-05-21', '2000-05-14', '2000-05-21']",lag_not_elapsed
SocialGood_h3_f1,SocialGood:h3:f1:o630,48,47,"['03e8da33cc26231d', '160df892ff74ce1d', '2d122c9d9ce849d4', '6bc454048c58e32b', '8dc3b24523ce072b', '98cad9527949d7d9', 'a8d51c69cbdd3d7f', 'b315f62193dde1c7', 'ebce1f4a1b466e99']","['2000-06-04', '2000-06-18', '2000-06-11', '2000-06-11', '2000-06-25', '2000-06-30', '2000-06-04', '2000-06-25', '2000-06-18']",lag_not_elapsed
SocialGood_h3_f1,SocialGood:h3:f1:o631,48,47,"['223e4dc6231224f6', '2983e8f326144a0b', '379fc9b24f9e75e1', '5ca76cf50985ed76', '73332407aaff824d', '7390922e80261acb', 'a15be7cf0a42e853', 'a2c2414bd630f064', 'a8325fa3cc9de60c', 'df61f46c75360716', 'ee1ff0f87147b1e2']","['2000-07-31', '2000-07-30', '2000-07-16', '2000-07-16', '2000-07-02', '2000-07-23', '2000-07-30', '2000-07-09', '2000-07-02', '2000-07-09', '2000-07-23']",lag_not_elapsed
SocialGood_h3_f1,SocialGood:h3:f1:o632,47,47,"['05aa345bf9928713', '277ca096f56c8cbc', '2cf8bbcbf73b300a', '34446490a8f899aa', '41d93d722fd7a1dd', '5abbf4f9017a8287', 'd1612d66819f217c', 'f749abe1271518c3']","['2000-08-20', '2000-08-27', '2000-08-20', '2000-08-13', '2000-08-06', '2000-08-06', '2000-08-27', '2000-08-13']",lag_not_elapsed
SocialGood_h3_f1,SocialGood:h3:f1:o633,47,46,"['425bce624788c6af', '656f815d9448823e', '69ab692ac781ba4b', '6e8a7707b11114c5', '7d2108db7a8a89d7', '9e1098c560453c49', 'b99759cbc80f67b8', 'e128c91322f01d52', 'fbeb1baac64ebfa6']","['2000-09-03', '2000-09-10', '2000-09-17', '2000-09-10', '2000-09-24', '2000-09-17', '2000-09-24', '2000-09-30', '2000-09-03']",lag_not_elapsed
SocialGood_h3_f1,SocialGood:h3:f1:o634,47,46,"['024bc6f494408eef', '28ef26a5e9290dc6', '2cbb12e3e005ae91', '30ff539693398f2e', '56e7f208e5d90bda', '88d447ce267ee546', 'a9e5fdaecb800a4d', 'b0e661883f3c428f', 'e656cf290fec74d2', 'efaba49b8f070280', 'f70e3e661d463d81']","['2000-10-22', '2000-10-08', '2000-10-15', '2000-10-08', '2000-10-15', '2000-10-01', '2000-10-29', '2000-10-22', '2000-10-01', '2000-10-29', '2000-10-31']",lag_not_elapsed
SocialGood_h3_f1,SocialGood:h3:f1:o635,47,45,"['534562106faf0e81', '58fd891760f0491c', '776cb646fe9aabbb', '832637a6904141bc', '9868689f6763a54e', 'ae5e6d8dc5a7d3c8', 'b45b488c9f5eb1eb', 'cf5815001c153efe', 'dbf7c8a9c9cf996a', 'f70e3e661d463d81']","['2000-11-12', '2000-11-19', '2000-11-12', '2000-11-19', '2000-11-05', '2000-11-30', '2000-11-05', '2000-11-26', '2000-11-26', '2000-10-31']",lag_not_elapsed
SocialGood_h3_f1,SocialGood:h3:f1:o636,46,46,"['3ec48c4b6352c4cb', '3f0c6f9e4703c309', '6fc0e4c97851d5b1', '80cf62a6ca7d6a75', '822a6e5145a5d89f', '90c5943bbd44ca12', 'a12069606f00addd', 'dc0eb3ed9c5efe88', 'dd9fc33d223edd6d']","['2000-12-31', '2000-12-24', '2000-12-31', '2000-12-24', '2000-12-03', '2000-12-17', '2000-12-10', '2000-12-17', '2000-12-03']",lag_not_elapsed
SocialGood_h3_f1,SocialGood:h3:f1:o637,47,46,"['160ba0ace77bf861', '28c3cceb4798c000', '45d68bef034a1458', '4847bbd2b1b356e1', '6727f82e0c235383', '7e23e95a8ad3cd06', 'c7016c791a51e872', 'cba317fbf83898c2', 'fa398c9540aa94df']","['2001-01-14', '2001-01-31', '2001-01-14', '2001-01-07', '2001-01-21', '2001-01-28', '2001-01-21', '2001-01-28', '2001-01-07']",lag_not_elapsed
SocialGood_h3_f1,SocialGood:h3:f1:o638,47,45,"['060a947948827085', '088cebedaecb421b', '12b48d12ae4a40c6', '28c3cceb4798c000', '318af6c63fcad2c6', '39eae8688070b92e', 'a0d7126681a69ccd', 'b1be482e6994af08', 'c433c272c31eed47', 'f314caef0cd17dd0']","['2001-02-25', '2001-02-04', '2001-02-04', '2001-01-31', '2001-02-25', '2001-02-11', '2001-02-28', '2001-02-18', '2001-02-11', '2001-02-18']",lag_not_elapsed
SocialGood_h3_f1,SocialGood:h3:f1:o641,49,48,"['2ba2942d971cd3a6', '4ebabeb7ed776f79', '603b9ce00f6d6c91', '6c0816344ffca57a', '7d15d0a70b542ec6', '94d33cd53eededc6', '955a3449fe37a374', '9729e51a3a71c65d', 'a18c7f596f275323']","['2001-05-31', '2001-05-06', '2001-05-13', '2001-05-20', '2001-05-27', '2001-05-13', '2001-05-06', '2001-05-20', '2001-05-27']",lag_not_elapsed
SocialGood_h3_f1,SocialGood:h3:f1:o642,49,47,"['1a5d2d62cb39f6ec', '2ba2942d971cd3a6', '3067c81aab9f1f77', '416afbc6bf42f068', '45580fb43caa2d12', '572efddc8cffa8a2', '86cadf3bab2a288d', 'd9e4fb4b34ad6061', 'ef0fd40400671918']","['2001-06-24', '2001-05-31', '2001-06-03', '2001-06-17', '2001-06-10', '2001-06-03', '2001-06-30', '2001-06-24', '2001-06-10']",lag_not_elapsed
SocialGood_h3_f1,SocialGood:h3:f1:o643,49,48,"['04168881f4eb1995', '0464002b53192116', '1bcc6dcf7e43330e', '561a45f5a601dc12', '5c77e8a18ebfc419', '6d25732987887407', '8aa98f10f28ffc09', 'b63cee10ec4f47e1', 'ce851568da404182', 'd378f43ce96bb905', 'd6f637e73ccf159a']","['2001-07-22', '2001-07-22', '2001-07-01', '2001-07-29', '2001-07-31', '2001-07-01', '2001-07-15', '2001-07-08', '2001-07-29', '2001-07-15', '2001-07-08']",lag_not_elapsed
SocialGood_h3_f1,SocialGood:h3:f1:o644,50,49,"['10d4fa9afbe5033e', '245195c3694914a7', '3fc5dc29f2f854a5', '62a736e8e6f24496', '943f47d019512171', '9e0a4d096352e603', 'b958e7b333858f51', 'd96b937f6cd0a36e', 'e1f6366a43bc24c5']","['2001-08-19', '2001-08-31', '2001-08-05', '2001-08-26', '2001-08-12', '2001-08-19', '2001-08-05', '2001-08-12', '2001-08-26']",lag_not_elapsed
SocialGood_h3_f1,SocialGood:h3:f1:o645,51,49,"['245195c3694914a7', '263e5610c833d1b5', '2b2a0146feed53e0', '62ab574706a6e2f7', 'a3fb2331e21f5e82', 'b3d70ea1f90b1443', 'b977ea5adafb156a', 'd2be6f2e1f530e64', 'e519923138a50f0f', 'ea1acfdab497b872', 'ff9ccfe89a127b19']","['2001-08-31', '2001-09-02', '2001-09-16', '2001-09-30', '2001-09-30', '2001-09-23', '2001-09-16', '2001-09-23', '2001-09-09', '2001-09-09', '2001-09-30']",lag_not_elapsed
SocialGood_h3_f1,SocialGood:h3:f1:o646,51,50,"['0f7a0641c74a9771', '105d6d2556b58a2f', '5c0a54dca2e79b4d', '5cb2530e5e69421d', '64a171042c4969e5', 'a09c4334e0d0316e', 'e79183807fc0af02', 'f36aba3f6516d34e', 'f934b44d28ed7177']","['2001-10-21', '2001-10-28', '2001-10-14', '2001-10-21', '2001-10-07', '2001-10-14', '2001-10-28', '2001-10-07', '2001-10-31']",lag_not_elapsed
SocialGood_h3_f1,SocialGood:h3:f1:o647,51,49,"['10214a34b2b7a26f', '34792d0971ee69b4', '4e84a26ba8c090b2', '9395771b4f20b2b6', 'b7b4c7dbfe672f1d', 'c945cfeb70fba3c9', 'e91b65b80da90fa6', 'f1557ea22e962a11', 'f3b574a09f29cc05', 'f934b44d28ed7177']","['2001-11-18', '2001-11-18', '2001-11-11', '2001-11-11', '2001-11-25', '2001-11-04', '2001-11-25', '2001-11-30', '2001-11-04', '2001-10-31']",lag_not_elapsed
SocialGood_h3_f1,SocialGood:h3:f1:o648,52,51,"['014d4f0f34966d0a', '075a7ebce02cdab3', '15ff18a47474920e', '17348ddd2864d203', '3a777954d8d03c96', '9994d0be65444233', '9ef276e20bc740eb', 'ad12d0786d465148', 'ad827169ebacd152', 'e4ffbad20ad16119', 'face292913dad8b3']","['2001-12-30', '2001-12-31', '2001-12-02', '2001-12-16', '2001-12-16', '2001-12-30', '2001-12-23', '2001-12-09', '2001-12-23', '2001-12-02', '2001-12-09']",lag_not_elapsed
SocialGood_h3_f1,SocialGood:h3:f1:o649,52,51,"['0b685f2fa7a1150a', '355404d1750f7045', '79d806611ff61a31', '9b83a69dcef038d7', 'a0c2ac8dae38c968', 'ac51c13ab4f704ad', 'b2b526e2b0ac4ae6', 'b91df8febe050d24', 'e04a8a56ef075757']","['2002-01-13', '2002-01-27', '2002-01-27', '2002-01-31', '2002-01-20', '2002-01-06', '2002-01-13', '2002-01-06', '2002-01-20']",lag_not_elapsed
SocialGood_h3_f1,SocialGood:h3:f1:o650,51,50,"['1cb673e35a97f24c', '703e9b37331722c3', '981ac509a0ed6658', '9b83a69dcef038d7', '9e57c7c3db60c38b', 'b29d9b1e27a382b1', 'cd64b975d6c7709a', 'fa03ff9d5396eb12', 'fe73accc59bcf63a']","['2002-02-24', '2002-02-10', '2002-02-10', '2002-01-31', '2002-02-03', '2002-02-03', '2002-02-17', '2002-02-17', '2002-02-24']",lag_not_elapsed
SocialGood_h3_f1,SocialGood:h3:f1:o651,51,51,"['0639c6b5c836f470', '0973069d20b009d3', '313bc7fbfcc191df', '78d2997e22155fe2', '7f37e4969b46e5c6', '91910510e0ceb896', 'aa5d3944cf094eda', 'cb3bf2c3987c96da', 'e4f9446112c67f17']","['2002-03-31', '2002-03-17', '2002-03-24', '2002-03-17', '2002-03-10', '2002-03-03', '2002-03-10', '2002-03-03', '2002-03-24']",lag_not_elapsed
SocialGood_h3_f1,SocialGood:h3:f1:o652,51,50,"['00695d5eef7330c3', '020ca96e7fb7c1ac', '0639c6b5c836f470', '206479b0ec63e39d', '24f6531c0b90227b', '69a85dfd09b1d692', '9d8ed5d7b14838a7', 'bdaffd64b8a97aba', 'cdf7bc550878e176', 'e7e8cd43958f39ab']","['2002-04-07', '2002-04-28', '2002-03-31', '2002-04-30', '2002-04-28', '2002-04-07', '2002-04-21', '2002-04-14', '2002-04-14', '2002-04-21']",lag_not_elapsed
SocialGood_h3_f1,SocialGood:h3:f1:o653,52,51,"['01bfb5c085fadc08', '0297f7e42ef0ede9', '40c91b031f30d4bf', '62fd800e4de5e813', '863577a348a19867', '94714633eb0ae303', 'c5686b5e5d54068a', 'e382ac7abfd6b816', 'f11fedd63ad979bf']","['2002-05-19', '2002-05-12', '2002-05-05', '2002-05-05', '2002-05-26', '2002-05-26', '2002-05-12', '2002-05-31', '2002-05-19']",lag_not_elapsed
SocialGood_h3_f1,SocialGood:h3:f1:o654,52,50,"['1aa1bd80f38cb6b6', '1dc418b9617b14f5', '2339d521b2017c8c', '2fff6c11be1c5799', '31745822c4c5be28', '6dd7599709664617', 'a06823da03d34b04', 'ab569b462daaa8b9', 'ced281ba5a0d667a', 'e382ac7abfd6b816', 'f050e467f4dfb6ac', 'f5146d099169da20']","['2002-06-02', '2002-06-30', '2002-06-30', '2002-06-16', '2002-06-23', '2002-06-02', '2002-06-09', '2002-06-16', '2002-06-30', '2002-05-31', '2002-06-09', '2002-06-23']",lag_not_elapsed
SocialGood_h3_f1,SocialGood:h3:f1:o655,52,51,"['29f76837c4053b63', '566ec551016c75ea', '5f036badd032f5fb', '7268f4afb23cbc2a', '92f4c8f1bc7a0a82', '9ed491b1a84b1a3c', 'b808c6459972aefd', 'cb4dacd765664943', 'd94ade695046edd7']","['2002-07-21', '2002-07-14', '2002-07-28', '2002-07-31', '2002-07-07', '2002-07-21', '2002-07-07', '2002-07-14', '2002-07-28']",lag_not_elapsed
SocialGood_h3_f1,SocialGood:h3:f1:o656,53,52,"['00f829b35646bafe', '2084859855eec034', '3b3662de905cc94c', '4b767b156bc6f6fc', '739e5f8f1a21b505', 'a0e47e7bc1aeb661', 'e7c920828c2838c6', 'ec59c5ff9f9b0286', 'f53f8adddfac1db6']","['2002-08-04', '2002-08-25', '2002-08-04', '2002-08-25', '2002-08-18', '2002-08-11', '2002-08-11', '2002-08-31', '2002-08-18']",lag_not_elapsed
SocialGood_h3_f1,SocialGood:h3:f1:o657,53,51,"['031018b817830084', '1e075341bb1be689', '438a3fc6534a6d11', '49706371a2f2ecb7', '5335b272222449ca', '802bc0c439da637c', '82fb007ecab2d7fd', 'bd3494bce9e557c6', 'd2e37500c993be85', 'd716a6739f0db923', 'e0422c57fe3c5a8e', 'ec59c5ff9f9b0286']","['2002-09-29', '2002-09-01', '2002-09-29', '2002-09-15', '2002-09-08', '2002-09-08', '2002-09-22', '2002-09-01', '2002-09-22', '2002-09-15', '2002-09-30', '2002-08-31']",lag_not_elapsed
SocialGood_h3_f1,SocialGood:h3:f1:o658,53,52,"['08a262296c278c4e', '116c7a2fe2b21ec3', '18d2674c3fc50e1f', '3591a0f53cdd3fdc', '48f7458e19e75586', '54d7e993f91f49b6', '577854079c59a09a', 'cc819884c36c3986', 'd6aa45fa8e812812']","['2002-10-27', '2002-10-20', '2002-10-06', '2002-10-31', '2002-10-13', '2002-10-06', '2002-10-27', '2002-10-13', '2002-10-20']",lag_not_elapsed
SocialGood_h3_f1,SocialGood:h3:f1:o659,52,51,"['022b5aec94e82c87', '2ce1f1d627e6576d', '3591a0f53cdd3fdc', '46fd02f9a1ce77dc', '4826f10e60311a53', '93645c6142ec64f9', '954dff25f6595c61', 'e7248fe214e975f4']","['2002-11-10', '2002-11-10', '2002-10-31', '2002-11-24', '2002-11-17', '2002-11-24', '2002-11-03', '2002-11-17']",lag_not_elapsed
SocialGood_h3_f1,SocialGood:h3:f1:o660,53,52,"['12fbb41a303f99f1', '3b6f2d08b71cc806', '575d223271515de2', '61c33854020b93e1', '6dbcfc5d84c86219', 'b0f490fdfd2f90e8', 'bec566e19bd35c20', 'dddb24d2384fa606', 'f0b5f2a25cc1d097', 'f44848a2120d5eea', 'f46d34fff4418dba']","['2002-12-29', '2002-12-31', '2002-12-08', '2002-12-01', '2002-12-01', '2002-12-22', '2002-12-15', '2002-12-15', '2002-12-29', '2002-12-08', '2002-12-22']",lag_not_elapsed
SocialGood_h3_f1,SocialGood:h3:f1:o661,53,52,"['1c7ea6d89e4968be', '57132a7aa1fb0622', '65d4f9b0199b627d', '74b3436e8cd6feae', '9add10eaf6fc44f3', 'b4e21bd4259aef67', 'bac28e2ba6a4be63', 'cf6de672d332fa7b', 'fcfcc7bfe677b6bf']","['2003-01-12', '2003-01-05', '2003-01-19', '2003-01-05', '2003-01-19', '2003-01-26', '2003-01-12', '2003-01-26', '2003-01-31']",lag_not_elapsed
SocialGood_h3_f1,SocialGood:h3:f1:o662,53,51,"['066cfaa53a99b908', '191baebc375679f0', '2a09edbd9c6ec05a', '4f1957ed817b0ec0', '52478f22a4535d23', '833159fcff3d42ca', 'a7799f84ad903f65', 'd654d0ab4a82f84a', 'fcfcc7bfe677b6bf', 'fef41e9113a22812']","['2003-02-23', '2003-02-02', '2003-02-09', '2003-02-28', '2003-02-23', '2003-02-02', '2003-02-16', '2003-02-16', '2003-01-31', '2003-02-09']",lag_not_elapsed
SocialGood_h3_f1,SocialGood:h3:f1:o663,53,52,"['467c499db844ab02', '4a406fc1c618e415', '6e967cfd4f4703ae', '7fd17d7492a455f0', '969a4bcf1e86d48f', 'a4f99e6fd02d8e25', 'ba2bd047960f4afa', 'c5d3c57461f66c7e', 'ce346adbdb19aa57', 'f08b33d89a39d742', 'f9495b7c83889ef5']","['2003-03-02', '2003-03-23', '2003-03-09', '2003-03-31', '2003-03-30', '2003-03-02', '2003-03-16', '2003-03-30', '2003-03-16', '2003-03-09', '2003-03-23']",lag_not_elapsed
SocialGood_h3_f1,SocialGood:h3:f1:o664,53,51,"['004fd15a5b1dceed', '343ad4c88fff343c', '7fd17d7492a455f0', '8a349210e1f26776', '8df10e31082b3e10', 'a3271974abb1d408', 'dcfeab80f99862f0', 'e10df117b329571c', 'e149ac09a36913dd', 'fd4ca1f88b7e304a']","['2003-04-13', '2003-04-20', '2003-03-31', '2003-04-13', '2003-04-30', '2003-04-27', '2003-04-06', '2003-04-20', '2003-04-27', '2003-04-06']",lag_not_elapsed
SocialGood_h3_f1,SocialGood:h3:f1:o665,52,52,"['31419a280a6f4a7e', '523e05902954766e', '703c0c8edac925e9', '7d538a7657176f68', '89405544a0c0c751', 'ad3d3960c293e4e4', 'c4fad558479ec976', 'fa33cdcfe2712f41']","['2003-05-04', '2003-05-25', '2003-05-04', '2003-05-25', '2003-05-11', '2003-05-18', '2003-05-18', '2003-05-11']",lag_not_elapsed
SocialGood_h3_f1,SocialGood:h3:f1:o666,52,51,"['04d2647bf87405c2', '168ece56a436bed2', '1b73b7675668b602', '37dfcd60b5ec6319', '443e6b09dfdf7b05', '53ca9ddafda83205', '6802b1a1961a9c46', '7844be759f52d4ed', '9e43294e4c38a58e', 'be70c989edd149b0', 'dd7b898c70e30fea']","['2003-06-29', '2003-06-30', '2003-06-22', '2003-06-08', '2003-06-29', '2003-06-08', '2003-06-15', '2003-06-01', '2003-06-15', '2003-06-01', '2003-06-22']",lag_not_elapsed
SocialGood_h3_f1,SocialGood:h3:f1:o667,52,51,"['07602e9b01eca6d1', '0d21d48abaa8b4b7', '314ac5b7f6e2f506', '4d86ea13f4def352', '6f709b98b5c70a8c', 'a91174d7d9faee42', 'b3ab3bb4c4c56025', 'b639f855970d0a3a', 'f101cc999cb091eb']","['2003-07-20', '2003-07-20', '2003-07-27', '2003-07-06', '2003-07-13', '2003-07-06', '2003-07-31', '2003-07-27', '2003-07-13']",lag_not_elapsed
SocialGood_h3_f1,SocialGood:h3:f1:o668,52,51,"['0dbcb8ff9c2e0fd5', '334f9e53a3a38d33', '410e4d253152c6e5', '6a11f60b8a296e8b', 'a90fd65de5e334e9', 'ba75327acd4c8011', 'bdb8bcd7d3cd38f3', 'c10996511dfe7f43', 'c7674f454b844046', 'c9c204720e275437', 'f7aab2056425f771']","['2003-08-03', '2003-08-24', '2003-08-10', '2003-08-17', '2003-08-31', '2003-08-03', '2003-08-10', '2003-08-17', '2003-08-24', '2003-08-31', '2003-08-31']",lag_not_elapsed
SocialGood_h3_f1,SocialGood:h3:f1:o669,52,50,"['03a575d86ec1c621', '0ec7135261940805', '2b0df616b98b8466', '45217128b9a8ea4e', '4f55bab52ccd68ea', 'a90fd65de5e334e9', 'c9c204720e275437', 'd103769f432e5363', 'f092d184ff68b2ee', 'f7aab2056425f771']","['2003-09-07', '2003-09-28', '2003-09-30', '2003-09-14', '2003-09-21', '2003-08-31', '2003-08-31', '2003-09-21', '2003-09-14', '2003-08-31']",lag_not_elapsed
SocialGood_h3_f1,SocialGood:h3:f1:o670,51,51,"['02848e3a5d300e66', '1bc7b013abbab842', '2dd4377cdff97be5', '38eefd3dc3d1f63c', '55b5295961ed7fa0', 'a8c1af6d5a282c09', 'bf088efa63bd70d1']","['2003-10-26', '2003-10-19', '2003-10-05', '2003-10-19', '2003-10-12', '2003-10-05', '2003-10-12']",lag_not_elapsed
SocialGood_h3_f1,SocialGood:h3:f1:o671,50,50,"['195d2084a1b7545e', '32577e6b00eceb9c', '38044bcf663dae63', '555d845ed0676afd', '810263e66bfbe03a', '9c5fda1bef76eb04', 'acabda3aee4c5936', 'b1a7865f754556be', 'd48d1d34f8331f41', 'f9f6df999978342c']","['2003-11-23', '2003-11-30', '2003-11-23', '2003-11-02', '2003-11-09', '2003-11-09', '2003-11-02', '2003-11-16', '2003-11-16', '2003-11-30']",lag_not_elapsed
SocialGood_h3_f1,SocialGood:h3:f1:o672,49,49,"['268645e0bc28c541', '432fa8d4e44ceea5', '9f5507f20d942040', 'cc63df2b119364eb', 'd91cdc7fad595d15', 'ea02982614a1215d', 'f763960bdc5e5d5b']","['2003-12-14', '2003-12-14', '2003-12-07', '2003-12-21', '2003-12-28', '2003-12-07', '2003-12-21']",lag_not_elapsed
SocialGood_h3_f1,SocialGood:h3:f1:o673,49,48,"['0a7e81bef08ea763', '0f892db60e49b089', '3179ebf9485e56b8', 'a9dc481c2e6fc8f1', 'b0acd1e0c14bb9ce', 'c2781692b0c23228', 'd472424cf174b5b5', 'f601503b02ec20b5', 'fb7bc33e7e6bce6f']","['2004-01-04', '2004-01-11', '2004-01-04', '2004-01-18', '2004-01-25', '2004-01-18', '2004-01-25', '2004-01-11', '2004-01-31']",lag_not_elapsed
SocialGood_h3_f1,SocialGood:h3:f1:o674,50,48,"['23e04e8e3fabd418', '3471961227190e3d', '3eef7f6e826d79a1', '4e2f35e02b4a10dd', '7b0ca6c3f23d4b14', 'a69ec8a54d8a0e3b', 'b65ce801890d76a4', 'c0c9e9c1ac919055', 'c973c90c55c353c8', 'e7ad227fccf712d3', 'fb7bc33e7e6bce6f', 'fe682b9fe16d50c9']","['2004-02-22', '2004-02-08', '2004-02-29', '2004-02-01', '2004-02-15', '2004-02-01', '2004-02-29', '2004-02-29', '2004-02-15', '2004-02-08', '2004-01-31', '2004-02-22']",lag_not_elapsed
SocialGood_h3_f1,SocialGood:h3:f1:o675,51,50,"['28f17b77c5e4a861', '9872d599134e19bf', 'b1e693623570b160', 'b350efdcdd79c5c6', 'bed3361a192db67b', 'c795ea0d3755e6f1', 'caa2f22d836139e0', 'f3df87ed1ea1fc9a', 'fbba0d761601f16c']","['2004-03-28', '2004-03-14', '2004-03-31', '2004-03-21', '2004-03-07', '2004-03-07', '2004-03-14', '2004-03-28', '2004-03-21']",lag_not_elapsed
SocialGood_h3_f1,SocialGood:h3:f1:o676,51,49,"['0e1386ce9c0f5aa1', '45ab9e2e1f33d786', '5c854ecc41465f5e', '6537b7e4f90aff9b', '688e1a220ae0c237', 'b1e693623570b160', 'bdc662357c742c2a', 'f1d90f243b264509', 'fcee7ceb60662f71', 'fe3128186724bd7e']","['2004-04-04', '2004-04-11', '2004-04-11', '2004-04-18', '2004-04-04', '2004-03-31', '2004-04-25', '2004-04-25', '2004-04-18', '2004-04-30']",lag_not_elapsed
SocialGood_h3_f1,SocialGood:h3:f1:o677,51,50,"['1f3636d567ff1431', '44ca53db2b379c48', '5420e6b05d48e336', '7288c373fd7386bf', '72faefee10eb1be3', '88cb4818d591a551', '9115f65957ee49d9', '98fbee38b1b8ac7f', 'a45fcded81fbfb82', 'ae9a31fc04d2b8b0', 'e2bd65bca15993bd']","['2004-05-31', '2004-05-30', '2004-05-23', '2004-05-23', '2004-05-02', '2004-05-09', '2004-05-02', '2004-05-30', '2004-05-16', '2004-05-16', '2004-05-09']",lag_not_elapsed
SocialGood_h3_f1,SocialGood:h3:f1:o678,50,49,"['0a5a6decf18d8424', '1f3636d567ff1431', '3688dde76c3d4657', '4dfe5c9efd84d438', '65e3e1f799999d7d', '743193199526e344', '9c24639f71687627', '9c797030ed02ba38', 'a002a5abf1fcebe4']","['2004-06-06', '2004-05-31', '2004-06-13', '2004-06-20', '2004-06-13', '2004-06-20', '2004-06-06', '2004-06-27', '2004-06-27']",lag_not_elapsed
SocialGood_h3_f1,SocialGood:h3:f1:o679,50,49,"['0fd938a70d7c6012', '162e52890644c453', '1eb8d9060c861991', '2ebf995e0dfba2e3', '4858f69d79f5e842', '50689945cb902d11', 'a234cbd92e5ffdbb', 'ee718b33d07c9225', 'f734ebae94fea8ab']","['2004-07-25', '2004-07-25', '2004-07-18', '2004-07-04', '2004-07-18', '2004-07-11', '2004-07-31', '2004-07-11', '2004-07-04']",lag_not_elapsed
SocialGood_h3_f1,SocialGood:h3:f1:o680,49,49,"['00ba9fac330996ff', '1e6929fdad56bf3d', '47d407fe9c5b2187', '5db1ec324636343e', '732a07955760ce26', '865c1e915bb62f80', 'b911291f4b81a7d5', 'bc3c680c7df38347', 'ee53aea7f96c3de1']","['2004-08-08', '2004-08-01', '2004-08-22', '2004-08-29', '2004-08-15', '2004-08-15', '2004-08-29', '2004-08-01', '2004-08-22']",lag_not_elapsed
SocialGood_h3_f1,SocialGood:h3:f1:o681,49,48,"['054d3fa58ed6f2a1', '07ac004ba8b5af77', '237c68c77a18a8f4', '31da46ca3e51f55f', '819fa765e4409a63', '875162ad8fa2756e', '8aaa85f850843872', 'b796d3775895ee21', 'ff20e381d65142d3']","['2004-09-05', '2004-09-30', '2004-09-19', '2004-09-12', '2004-09-19', '2004-09-05', '2004-09-26', '2004-09-26', '2004-09-12']",lag_not_elapsed
SocialGood_h3_f1,SocialGood:h3:f1:o682,49,48,"['1ddd05b27ccda041', '224da0fe343b2501', '3e4f188668f5dc37', '6afa2d8696fd5568', '6f519c09610c7d0c', '70b2244920be5a46', '991698771a52ba4a', 'a68fcc177eb73e02', 'bdd2cfe4a50bb386', 'dbc2e974931bcd9b', 'eae0fe86cc920f95']","['2004-10-31', '2004-10-24', '2004-10-31', '2004-10-10', '2004-10-24', '2004-10-17', '2004-10-03', '2004-10-10', '2004-10-03', '2004-10-17', '2004-10-31']",lag_not_elapsed
SocialGood_h3_f1,SocialGood:h3:f1:o683,49,48,"['0ff0938fbe58e47e', '1ddd05b27ccda041', '3c10d587a5cd5c88', '3e4f188668f5dc37', '50360e3559767a2d', '6a4b75750765b3ef', '713b6bf476cb2a5a', 'c79056792e9116dc', 'da32d24bd00d5775', 'eae0fe86cc920f95']","['2004-11-07', '2004-10-31', '2004-11-28', '2004-10-31', '2004-11-28', '2004-11-21', '2004-11-14', '2004-11-21', '2004-11-07', '2004-10-31']",lag_not_elapsed
SocialGood_h3_f1,SocialGood:h3:f1:o684,48,48,"['20af9d0bb7bb8521', '45eb02fc3388e1c3', '4639ab6e8d827d9e', '55d5930c3a6e346d', '5915c9cd50722f40', '8fbb8f168e8e8f7d', 'b3c03af0e7d26f5c', 'b4b04b4b417a186c']","['2004-12-19', '2004-12-26', '2004-12-19', '2004-12-26', '2004-12-05', '2004-12-12', '2004-12-05', '2004-12-12']",lag_not_elapsed
SocialGood_h3_f1,SocialGood:h3:f1:o685,48,47,"['0b6284eea55499a6', '0bcdde97049e9444', '2bf0a7241de180ef', '3614e48715cc43a0', '4f603ffb2b2a59a6', '95dc62f6570a1792', 'c69a1e25e00061e7', 'cd135b6754ac2d52', 'cef692f3f9b1fc69', 'f1b4a5bfae19ad03', 'feef73e5afdf977a']","['2005-01-02', '2005-01-31', '2005-01-23', '2005-01-16', '2005-01-23', '2005-01-30', '2005-01-02', '2005-01-09', '2005-01-09', '2005-01-16', '2005-01-30']",lag_not_elapsed
SocialGood_h3_f1,SocialGood:h3:f1:o686,48,46,"['0bcdde97049e9444', '2b6d6e6ea1cc147e', '3278b3d0f0dc1a41', '40efc7bf960731d1', '490415255afda46b', '56d7a7fb43a091b6', '860be4a03e233dcf', '95dc62f6570a1792', 'ada1dab5665568aa', 'db4e0528d450bbc9', 'fb670705ab83eaa8', 'feef73e5afdf977a']","['2005-01-31', '2005-02-27', '2005-02-06', '2005-02-13', '2005-02-20', '2005-02-13', '2005-02-06', '2005-01-30', '2005-02-27', '2005-02-20', '2005-02-28', '2005-01-30']",lag_not_elapsed
SocialGood_h3_f1,SocialGood:h3:f1:o687,48,47,"['12c253f68de542e4', '40723b89ffe67cb2', '54e2970654c41232', '7780e4d23bd97ce7', '7793c1b321ada082', '8c1b478966d3a78f', '9194b3f7ef2c4179', 'ac55ce2ded3d6da5', 'b9f5ed7dcf8736bf']","['2005-03-20', '2005-03-20', '2005-03-13', '2005-03-06', '2005-03-13', '2005-03-27', '2005-03-06', '2005-03-27', '2005-03-31']",lag_not_elapsed
SocialGood_h3_f1,SocialGood:h3:f1:o688,48,46,"['3ffde52c4ba4faa0', '4ebb7829682e2c33', '5a89ab1ed512acdf', '8780ffac2727e417', '8a20c42721eb3842', '8d75e2f20a15b6c1', 'a338c9d8340be3bc', 'a6c913a89bb7a359', 'ac7d0ce0c79819cc', 'b9f5ed7dcf8736bf']","['2005-04-17', '2005-04-17', '2005-04-24', '2005-04-30', '2005-04-03', '2005-04-10', '2005-04-24', '2005-04-10', '2005-04-03', '2005-03-31']",lag_not_elapsed
SocialGood_h3_f1,SocialGood:h3:f1:o689,49,48,"['0d3b0346ff3a4df4', '27a56daed4c8f888', '5fa9e12ad7aef136', '893d229b5a6f7f6e', '9d1d28dfcae877fa', 'a1c163cdde1c4b6f', 'd22cb79463b388a0', 'd23510d800816918', 'edc80bd325e8aa89', 'ede11bafe0806043', 'fab00075b3cdaac3']","['2005-05-29', '2005-05-15', '2005-05-08', '2005-05-22', '2005-05-08', '2005-05-29', '2005-05-22', '2005-05-15', '2005-05-01', '2005-05-31', '2005-05-01']",lag_not_elapsed
SocialGood_h3_f1,SocialGood:h3:f1:o690,49,47,"['01d46698358e5b9e', '30308a7aaabf57a9', '4419a3c3665eade8', '63adfa35db30773d', 'b46257876f485a38', 'ba7e47d3ba03a999', 'd90512bdf096c0c6', 'e88e99d81055edb1', 'ede11bafe0806043']","['2005-06-26', '2005-06-12', '2005-06-19', '2005-06-26', '2005-06-05', '2005-06-12', '2005-06-19', '2005-06-30', '2005-05-31']",lag_not_elapsed
SocialGood_h3_f1,SocialGood:h3:f1:o691,49,48,"['0138b493eba81a45', '1b108697f0803192', '21654cc1cfe8dd38', '24e59c61972a8075', '3b0f8709e33d6ed3', '5be0825c9c8d7a6d', '6a9eb123cca7fa4e', '80fbf2fda06550c2', '9273f26234eacf86', 'b24e2b0714b7ef41', 'e74e55e1873132cc']","['2005-07-24', '2005-07-10', '2005-07-31', '2005-07-31', '2005-07-24', '2005-07-17', '2005-07-03', '2005-07-17', '2005-07-03', '2005-07-10', '2005-07-31']",lag_not_elapsed
SocialGood_h3_f1,SocialGood:h3:f1:o692,49,48,"['173c08b46271518b', '3d54fd29b3f4cb19', '5b5e97072c1214e2', '5e25a786dedad80c', '915ecd4ec861b230', 'a22f98701911f4d6', 'b8a4ea6f046b698a', 'd63d3f6ed6096bf6', 'e621ee51632fc2f5']","['2005-08-07', '2005-08-28', '2005-08-21', '2005-08-07', '2005-08-14', '2005-08-28', '2005-08-31', '2005-08-21', '2005-08-14']",lag_not_elapsed
SocialGood_h3_f1,SocialGood:h3:f1:o693,48,47,"['047f1082a8df3e29', '4318bc6ad7c5b2fd', '491505fd6a018058', '6ed3b5d715a0e7d1', '8450884c622e537e', 'a1bceaf58936090a', 'b8a4ea6f046b698a', 'c0e1a32fa2b28f12', 'c238c53dda488291']","['2005-09-04', '2005-09-04', '2005-09-25', '2005-09-18', '2005-09-25', '2005-09-11', '2005-08-31', '2005-09-11', '2005-09-18']",lag_not_elapsed
SocialGood_h3_f1,SocialGood:h3:f1:o694,48,48,"['34c766fc4bbd197b', '475ea52ba64bd77a', '4899b8449639fa44', '58dec9b5f3e94cd7', '960d81e22023ffe0', '9ecb49a012e090e1', 'e534532d809e1e98', 'ea4ef27b2e5b3b80', 'ebd7999fafbfe9bf', 'f2e66951548bb2bb']","['2005-10-02', '2005-10-09', '2005-10-30', '2005-10-09', '2005-10-23', '2005-10-02', '2005-10-23', '2005-10-30', '2005-10-16', '2005-10-16']",lag_not_elapsed
SocialGood_h3_f1,SocialGood:h3:f1:o695,48,48,"['08f999e6f8381950', '20c2eee1a13fef33', '22640eb145ae5e3c', '6af53c6e81052f61', 'b97f19a72fe008d9', 'd622ba2cbd5c568b', 'e0665934527ff98e', 'eb325d633d046c72']","['2005-11-27', '2005-11-06', '2005-11-20', '2005-11-27', '2005-11-13', '2005-11-06', '2005-11-20', '2005-11-13']",lag_not_elapsed
SocialGood_h3_f1,SocialGood:h3:f1:o696,49,48,"['299924c9b43de6e0', '3a1226f891b245e2', '49a0cd160524be3d', '5120090196ac1b60', '716b9f50bd4f3af5', '7b677806ebc4b4c8', '9a2d0fc5f857de5f', 'cf7f02998de11a2e', 'fcbec173edef187a']","['2005-12-18', '2005-12-11', '2005-12-04', '2005-12-25', '2005-12-31', '2005-12-25', '2005-12-11', '2005-12-04', '2005-12-18']",lag_not_elapsed
SocialGood_h3_f1,SocialGood:h3:f1:o697,48,48,"['0a84ebb4c3e49fa5', '121d0f08a327e8f0', '378f3f7de1f45fe0', '41c9068754471356', '716996322e2a37d0', '82ea288e52c1cdeb', '8cfb5002a7aa8a24', '8ff93d4b60472992', 'b4a48f272ca20871', 'ca3518d620e2433c']","['2006-01-29', '2006-01-22', '2006-01-08', '2006-01-01', '2006-01-22', '2006-01-08', '2006-01-15', '2006-01-29', '2006-01-01', '2006-01-15']",lag_not_elapsed
SocialGood_h3_f1,SocialGood:h3:f1:o698,48,47,"['0a84ebb4c3e49fa5', '118a723d897b050f', '330b56befe1bc1b6', '334ea09e1e7ca102', '7eb66f0d108f04bc', '8ff93d4b60472992', 'c633cb3694c18948', 'ce2ee7f95f1773d8', 'dd9d231b0436eec0', 'e50abe157af25365', 'ed2e46d390a83767']","['2006-01-29', '2006-02-26', '2006-02-26', '2006-02-19', '2006-02-19', '2006-01-29', '2006-02-12', '2006-02-05', '2006-02-28', '2006-02-12', '2006-02-05']",lag_not_elapsed
SocialGood_h3_f1,SocialGood:h3:f1:o699,48,47,"['3d2b6e8d54061885', '9e17b8f95d016e50', 'ab818e209e417505', 'adc4400cdf40aa7a', 'c4e429c3212755fc', 'df8ea4560e5389d2', 'f3c487d58068705a', 'fb29e7d67956a164', 'fe32bc998a71d546']","['2006-03-05', '2006-03-12', '2006-03-19', '2006-03-26', '2006-03-31', '2006-03-12', '2006-03-26', '2006-03-19', '2006-03-05']",lag_not_elapsed
SocialGood_h3_f1,SocialGood:h3:f1:o700,48,46,"['3386c4a6d1f3f03c', '36ceb750de4fe528', '469eb7107a480bef', '46f647fb3a13424b', '608d99136f9a3431', '6161b38d03922727', '6c75464d37b149d6', '73ea678dddde5e5b', '8a5b0c009f45932c', '96808830141bb162', 'b150ec2ba31b3d61', 'c4e429c3212755fc']","['2006-04-23', '2006-04-02', '2006-04-09', '2006-04-02', '2006-04-09', '2006-04-23', '2006-04-30', '2006-04-16', '2006-04-16', '2006-04-30', '2006-04-30', '2006-03-31']",lag_not_elapsed
SocialGood_h3_f1,SocialGood:h3:f1:o701,47,47,"['1e6d443a9c92f3b9', '479f39f5b239188f', '79bf621426752bc1', '9b583bb591c79bc0', 'a5e1381f1de632ac', 'b25a326255c207c7', 'bafc423bf320c4eb', 'e25772dde7c66492']","['2006-05-14', '2006-05-14', '2006-05-21', '2006-05-28', '2006-05-07', '2006-05-28', '2006-05-07', '2006-05-21']",lag_not_elapsed
SocialGood_h3_f1,SocialGood:h3:f1:o702,48,47,"['144aa57c3b05a309', '17c1379d0810f2d2', '3b50f32ae33ac6fe', '568168ed15567c4f', '966c161dbf03fb57', 'b5498179e5fc315f', 'bb5f5d0466befc4f', 'db20093f2b4df18f', 'db48a462589e3ccb']","['2006-06-18', '2006-06-04', '2006-06-30', '2006-06-11', '2006-06-18', '2006-06-11', '2006-06-25', '2006-06-25', '2006-06-04']",lag_not_elapsed
SocialGood_h3_f1,SocialGood:h3:f1:o703,48,47,"['1aed927efedeca7e', '38361adc69974951', '3a477ead9acc5a24', '3aedeff02f908655', '4ce3a9c1b112e3ad', '5a5f1dd8ed65c557', '60a07c8a9b886ff8', 'c4844798d7bbca73', 'cead67a7d3555e75', 'd205b3688df4ed95', 'ec4409081f762d81']","['2006-07-30', '2006-07-30', '2006-07-09', '2006-07-02', '2006-07-16', '2006-07-16', '2006-07-09', '2006-07-23', '2006-07-31', '2006-07-23', '2006-07-02']",lag_not_elapsed
SocialGood_h3_f1,SocialGood:h3:f1:o704,49,48,"['23fd13a02f601543', '33db879559b0c40f', '7cf07430f467e64f', 'a6792f9fd26f0e4a', 'ae24f3699638b579', 'b1e7e884fed655a5', 'bb3db4ce1e2a89d9', 'c26d4dd24c466708', 'db57d4f9f0c0c36e']","['2006-08-27', '2006-08-20', '2006-08-13', '2006-08-13', '2006-08-06', '2006-08-20', '2006-08-27', '2006-08-31', '2006-08-06']",lag_not_elapsed
SocialGood_h3_f1,SocialGood:h3:f1:o705,48,47,"['24af5c0fbf0fed9d', '3645fa5807e22844', '5ea345fb7a7c7e70', 'a0d7551c7b53f2a8', 'c26d4dd24c466708', 'c6877f8d30097f05', 'e2a8c8da0d441a44', 'e7c8cc5f47321756', 'fede6a1ecb95ffc1']","['2006-09-03', '2006-09-10', '2006-09-03', '2006-09-24', '2006-08-31', '2006-09-24', '2006-09-10', '2006-09-17', '2006-09-17']",lag_not_elapsed
SocialGood_h3_f1,SocialGood:h3:f1:o706,48,47,"['2eee476014188cb8', '3be836e17c151edf', '41048a0c97951859', '42d3bcc13361d7ef', '4bc2ed9e9e0d0b5b', '6401241e76589f24', '8361f3cc3bf5bee5', '8b9c8f429baa4b5d', 'bf3730f40acc6f58', 'c3c0ab3adafa296d', 'ee529a779802b017']","['2006-10-29', '2006-10-22', '2006-10-22', '2006-10-15', '2006-10-29', '2006-10-08', '2006-10-31', '2006-10-01', '2006-10-15', '2006-10-08', '2006-10-01']",lag_not_elapsed
SocialGood_h3_f1,SocialGood:h3:f1:o707,49,47,"['15e402c6db671e57', '577778906438f45d', '5b5b39c600f44eea', '600140c585bc74ca', '709ac715ff45c952', '8361f3cc3bf5bee5', '85d2b62525cdc387', '9c4582bfbcb48ca4', 'd230731506d777d6', 'd88057eaaf4625d5']","['2006-11-12', '2006-11-19', '2006-11-30', '2006-11-19', '2006-11-12', '2006-10-31', '2006-11-26', '2006-11-26', '2006-11-05', '2006-11-05']",lag_not_elapsed
SocialGood_h3_f1,SocialGood:h3:f1:o708,49,49,"['243cb08cd886ee1b', '254859703f61c3b6', '30cec6c6d9a4ab7c', '409084802ff10012', '5743ff405f2a2e1d', '656a7fc3845d5c51', '86bc2076d0da3492', '8776a4f0bf44b79e', '980df139b6572db2', 'da14bb23c40512ba']","['2006-12-10', '2006-12-03', '2006-12-24', '2006-12-03', '2006-12-10', '2006-12-31', '2006-12-17', '2006-12-17', '2006-12-31', '2006-12-24']",lag_not_elapsed
SocialGood_h3_f1,SocialGood:h3:f1:o709,49,48,"['026d00be65cd571c', '2e700b29f2b3c270', '4fcb92fa5d998df1', '574035d8cf1ec37e', '717264d7d1049e1e', 'a3254d5f1e76afc2', 'b54f59a65a9cd837', 'cc8a6ff7ea00dced', 'e3d2a62994f9d357']","['2007-01-31', '2007-01-14', '2007-01-14', '2007-01-21', '2007-01-07', '2007-01-28', '2007-01-21', '2007-01-07', '2007-01-28']",lag_not_elapsed
SocialGood_h3_f1,SocialGood:h3:f1:o710,49,47,"['026d00be65cd571c', '17420a3f7fd8dd09', '249bea1261e46142', '3c93beedd39c5dba', '510ce5b25b525c28', '98fad6d59f4909bb', 'd715c1c7327617eb', 'de74bbccfabafd12', 'ea2f7a6174f834ec', 'fd4d1b42bfe29981']","['2007-01-31', '2007-02-25', '2007-02-18', '2007-02-25', '2007-02-28', '2007-02-04', '2007-02-11', '2007-02-11', '2007-02-04', '2007-02-18']",lag_not_elapsed
SocialGood_h3_f1,SocialGood:h3:f1:o711,49,48,"['10c05c7e295c6856', '2b2c109b76be7221', '4155d371b7301779', '8e6c78303012e91e', 'b34c65e9642cc6d8', 'bcce53535f89a402', 'c5c0280677ffd2bc', 'e14391d30f3aa92e', 'e9f688ff395eed9c']","['2007-03-04', '2007-03-18', '2007-03-25', '2007-03-18', '2007-03-11', '2007-03-04', '2007-03-11', '2007-03-25', '2007-03-31']",lag_not_elapsed
SocialGood_h3_f1,SocialGood:h3:f1:o712,49,47,"['363d579aa15da84a', '4557864233c16213', '59e8fcae21dbf1c9', '72bed823a002ff02', '96fb5100bdc1c35d', '9c959b4f8e0ee258', 'ba3cd58166427a02', 'c6c347bc06ce7916', 'cec2278b72a13346', 'd33e8c881ae1b568', 'e9f688ff395eed9c']","['2007-04-22', '2007-04-22', '2007-04-15', '2007-04-01', '2007-04-15', '2007-04-08', '2007-04-29', '2007-04-30', '2007-04-01', '2007-04-08', '2007-03-31']",lag_not_elapsed
SocialGood_h3_f1,SocialGood:h3:f1:o713,49,48,"['34dd5e42a9437cc0', '3b3755967775f8bf', '4be19e8774219584', '98dbd89c23ece5b0', 'a2161badb1bdb8b5', 'a9e662a8f7e7a8fe', 'bcbe458121837532', 'ce84a3fd056d0c57']","['2007-05-06', '2007-05-31', '2007-05-13', '2007-05-27', '2007-05-06', '2007-05-20', '2007-05-20', '2007-05-13']",lag_not_elapsed
SocialGood_h3_f1,SocialGood:h3:f1:o714,48,47,"['169492edc28d2689', '263572b55d46370b', '3b3755967775f8bf', '4774cf2d4032ee2e', '9b39eb8a31a1570d', 'b32f64ab2d42d251', 'd776194e90ca2ac4', 'f4e042d6b3e83380', 'fcbfb9af7cbe1fc3']","['2007-06-03', '2007-06-10', '2007-05-31', '2007-06-10', '2007-06-24', '2007-06-24', '2007-06-17', '2007-06-17', '2007-06-03']",lag_not_elapsed
SocialGood_h3_f1,SocialGood:h3:f1:o715,48,47,"['04a013e406d81df4', '12258ea1a8af52f3', '22266e2233c1d486', '3d944128c3197e5c', '5630393e53fc066b', '937872691773da1f', 'aa0334d345efd9be', 'bf6fcbe361854af8', 'cfebc2ddb50ec6ab', 'ea1cba9c2bdde99b', 'ff61883b0f23b82f']","['2007-07-08', '2007-07-01', '2007-07-15', '2007-07-22', '2007-07-08', '2007-07-29', '2007-07-31', '2007-07-29', '2007-07-22', '2007-07-01', '2007-07-15']",lag_not_elapsed
SocialGood_h3_f1,SocialGood:h3:f1:o716,48,47,"['50bc24aeda6849dc', '682d901a202ee2a1', '7914d556d35e926c', '8612662178fddd72', '8d827d8dbaf2ad7a', 'c59e0aebff77c634', 'cf1c8be4ca78fe09', 'e5d1ab72e14700bb', 'f41e7f85f2a7662e']","['2007-08-26', '2007-08-12', '2007-08-19', '2007-08-26', '2007-08-12', '2007-08-19', '2007-08-05', '2007-08-31', '2007-08-05']",lag_not_elapsed
SocialGood_h3_f1,SocialGood:h3:f1:o717,49,47,"['17dce110fc9a6614', '2f8703b518ce4c78', '33a600e9241862a4', '594cf7de3ec99d75', '608545a923e632a0', '70d362f97e612a2f', '90122f5443430984', '9bb0afd35323361e', 'a1b62d4d40be91b3', 'bb27ae03b1b45501', 'becabb2824195d1e', 'e5d1ab72e14700bb']","['2007-09-02', '2007-09-16', '2007-09-23', '2007-09-30', '2007-09-30', '2007-09-16', '2007-09-02', '2007-09-09', '2007-09-30', '2007-09-23', '2007-09-09', '2007-08-31']",lag_not_elapsed
SocialGood_h3_f1,SocialGood:h3:f1:o718,50,49,"['2466d7989e5fd611', '38a545e34f72f965', '50532ecf0cda0013', '5458149232151cbf', '69fee309f6438ae3', '7f2155281612bdf7', 'b11428909d662b57', 'dadaacf69bf339fb']","['2007-10-07', '2007-10-07', '2007-10-31', '2007-10-28', '2007-10-21', '2007-10-14', '2007-10-14', '2007-10-21']",lag_not_elapsed
SocialGood_h3_f1,SocialGood:h3:f1:o719,50,49,"['054dbebb6ab7c965', '1d4064aeb61b300a', '4fdd344b5278c6ad', '50532ecf0cda0013', '551ba7a27ef69659', '645d99d9dec8eb5c', '910112a814f8663e', 'c1497ae75ed37e07', 'ea95ef904757ab75']","['2007-11-25', '2007-11-25', '2007-11-18', '2007-10-31', '2007-11-04', '2007-11-04', '2007-11-11', '2007-11-11', '2007-11-18']",lag_not_elapsed
SocialGood_h3_f1,SocialGood:h3:f1:o720,49,49,"['1bcf3c61f7500b2f', '4256da4c2f6c4e7c', '7bb8ce2d1dd5eab2', '9ac9ddd45386dd77', 'b93425b8851cd86d', 'bca3ede24559b8fd', 'c372102a7922d0a0', 'dd036b407412e0ce', 'ef4671a8b9ed4c2e']","['2007-12-02', '2007-12-16', '2007-12-30', '2007-12-23', '2007-12-09', '2007-12-16', '2007-12-30', '2007-12-23', '2007-12-02']",lag_not_elapsed
SocialGood_h3_f1,SocialGood:h3:f1:o721,50,49,"['1f8dc02edc8512b1', '51e88f6fe6544bf5', '6f01483600bd78e6', '8be294e08830712a', '8de8d72e96bd0336', 'ab50e3073200aef7', 'bfb319b8ab078a17', 'd59a02e321b0233d', 'ed55c64ec0418a59']","['2008-01-13', '2008-01-06', '2008-01-27', '2008-01-27', '2008-01-31', '2008-01-20', '2008-01-20', '2008-01-06', '2008-01-13']",lag_not_elapsed
SocialGood_h3_f1,SocialGood:h3:f1:o722,50,48,"['0c94be7a5df88eb9', '1171624bc650a70d', '1c18b611a03f67c3', '8de8d72e96bd0336', '933ebeb334291ce9', '93f53965cc237c66', '9c14ba8f2ca08dfa', 'c093105d241b3f37', 'e0e4035d28a26260', 'ff711936fc7c682e']","['2008-02-17', '2008-02-24', '2008-02-03', '2008-01-31', '2008-02-17', '2008-02-10', '2008-02-24', '2008-02-10', '2008-02-03', '2008-02-29']",lag_not_elapsed
SocialGood_h3_f1,SocialGood:h3:f1:o723,50,49,"['0626df3681913d10', '19c03f83332766fe', '2197794d17d6f10b', '342007d27c4eede5', '4dbdc990b75348d3', '752a0e3cfacb2d97', '9091b409ace0639d', '9115100609453f80', 'e36a2a06cafc462f', 'eedd3fc9feb61a70', 'fea1ce98ea3b6892']","['2008-03-16', '2008-03-16', '2008-03-09', '2008-03-30', '2008-03-02', '2008-03-09', '2008-03-31', '2008-03-02', '2008-03-30', '2008-03-23', '2008-03-23']",lag_not_elapsed
SocialGood_h3_f1,SocialGood:h3:f1:o724,50,48,"['2289dfe833749d01', '498fe5e2abae30ee', '4fc722ec64843f8f', '58353ca7df0df55a', '6f4a097b08de2cde', '804e91f2759dc592', '9091b409ace0639d', 'a1c9070dcddbbb59', 'd13fca0a0bfbe1f9', 'dac69ec757d1e4b6']","['2008-04-30', '2008-04-27', '2008-04-20', '2008-04-13', '2008-04-20', '2008-04-13', '2008-03-31', '2008-04-06', '2008-04-27', '2008-04-06']",lag_not_elapsed
SocialGood_h3_f1,SocialGood:h3:f1:o725,51,50,"['3869389021b42192', '48be0471783822f0', '4e8360273d3b1342', '79b2ef425cf18511', '92b8103906d2e3e8', '9af1256ce1da2e84', 'dce6d423a21d98ef', 'e85e7ffaaa788741', 'fedeaf66a07a1d96']","['2008-05-04', '2008-05-31', '2008-05-04', '2008-05-25', '2008-05-25', '2008-05-11', '2008-05-18', '2008-05-18', '2008-05-11']",lag_not_elapsed
SocialGood_h3_f1,SocialGood:h3:f1:o726,51,49,"['20e54c167e9e1777', '465b66b3c27b24f6', '48be0471783822f0', '4ed7583f7cc8d926', '8f0411eb83fafd27', '9d7a0c31f2f18865', 'cda1044668d4b568', 'd21f9252a4d94796', 'd3f13d9840d5d4b0', 'de48c84a96b31c2f']","['2008-06-01', '2008-06-15', '2008-05-31', '2008-06-15', '2008-06-22', '2008-06-08', '2008-06-30', '2008-06-29', '2008-06-29', '2008-06-22']",lag_not_elapsed
SocialGood_h3_f1,SocialGood:h3:f1:o727,51,50,"['08ad68f787a3a347', '5ca24efd2a2f3c8a', '5edd3e079b9d3865', '652b1828e97d5d7e', 'a24ab9ef2b728117', 'a2c391c9a7c05ef7', 'e93797c4e865931d', 'ec8edd0693b0109b', 'f35ca6f6d40fcff5']","['2008-07-20', '2008-07-31', '2008-07-27', '2008-07-27', '2008-07-20', '2008-07-06', '2008-07-13', '2008-07-06', '2008-07-13']",lag_not_elapsed
SocialGood_h3_f1,SocialGood:h3:f1:o728,50,50,"['1e7016fb47bdc07f', '2fcde318c4be8dee', '49e2101031e92d49', '54b456c5c4d5a0d8', '75596d688d83a632', '9975a0d2533dc0ea', 'ab20a506e84b3a7d', 'b68b74b776cb2555', 'd3cc08aab1bd8715']","['2008-08-31', '2008-08-10', '2008-08-24', '2008-08-03', '2008-08-03', '2008-08-10', '2008-08-17', '2008-08-31', '2008-08-17']",lag_not_elapsed
SocialGood_h3_f1,SocialGood:h3:f1:o729,51,50,"['0aa1a4621b505971', '1e7016fb47bdc07f', '381ed96975077075', '4604c99fb2e0b6bb', '9b2732ee5556458e', '9e62af1d14639c9a', 'a1879bc2d52724c3', 'b68b74b776cb2555', 'cb60bd7055beba1e', 'cd3d697bfd439212', 'fc8526ef0d8babbc']","['2008-09-14', '2008-08-31', '2008-09-07', '2008-09-28', '2008-09-21', '2008-09-30', '2008-09-07', '2008-08-31', '2008-09-14', '2008-09-21', '2008-09-28']",lag_not_elapsed
