source_bundle_row,origin_id,origin_index,segment,cutoff_time,history_start,segment_lo,segment_hi,package_row,package_partition,horizon_end_index
0,Climate:h4:f2:o52,52,train,2001-01-02T00:00:00,2000-01-04T00:00:00,0,636,0,selection_fit,56
1,Climate:h4:f2:o53,53,train,2001-01-09T00:00:00,2000-01-11T00:00:00,0,636,1,selection_fit,57
2,Climate:h4:f2:o54,54,train,2001-01-16T00:00:00,2000-01-18T00:00:00,0,636,2,selection_fit,58
3,Climate:h4:f2:o55,55,train,2001-01-23T00:00:00,2000-01-25T00:00:00,0,636,3,selection_fit,59
4,Climate:h4:f2:o56,56,train,2001-01-30T00:00:00,2000-02-01T00:00:00,0,636,4,selection_fit,60
5,Climate:h4:f2:o57,57,train,2001-02-06T00:00:00,2000-02-08T00:00:00,0,636,5,selection_fit,61
6,Climate:h4:f2:o58,58,train,2001-02-13T00:00:00,2000-02-15T00:00:00,0,636,6,selection_fit,62
7,Climate:h4:f2:o59,59,train,2001-02-20T00:00:00,2000-02-22T00:00:00,0,636,7,selection_fit,63
8,Climate:h4:f2:o60,60,train,2001-02-27T00:00:00,2000-02-29T00:00:00,0,636,8,selection_fit,64
9,Climate:h4:f2:o61,61,train,2001-03-06T00:00:00,2000-03-07T00:00:00,0,636,9,selection_fit,65
10,Climate:h4:f2:o62,62,train,2001-03-13T00:00:00,2000-03-14T00:00:00,0,636,10,selection_fit,66
11,Climate:h4:f2:o63,63,train,2001-03-20T00:00:00,2000-03-21T00:00:00,0,636,11,selection_fit,67
12,Climate:h4:f2:o64,64,train,2001-03-27T00:00:00,2000-03-28T00:00:00,0,636,12,selection_fit,68
13,Climate:h4:f2:o65,65,train,2001-04-03T00:00:00,2000-04-04T00:00:00,0,636,13,selection_fit,69
14,Climate:h4:f2:o66,66,train,2001-04-10T00:00:00,2000-04-11T00:00:00,0,636,14,selection_fit,70
15,Climate:h4:f2:o67,67,train,2001-04-17T00:00:00,2000-04-18T00:00:00,0,636,15,selection_fit,71
16,Climate:h4:f2:o68,68,train,2001-04-24T00:00:00,2000-04-25T00:00:00,0,636,16,selection_fit,72
17,Climate:h4:f2:o69,69,train,2001-05-01T00:00:00,2000-05-02T00:00:00,0,636,17,selection_fit,73
18,Climate:h4:f2:o70,70,train,2001-05-08T00:00:00,2000-05-09T00:00:00,0,636,18,selection_fit,74
19,Climate:h4:f2:o71,71,train,2001-05-15T00:00:00,2000-05-16T00:00:00,0,636,19,selection_fit,75
20,Climate:h4:f2:o72,72,train,2001-05-22T00:00:00,2000-05-23T00:00:00,0,636,20,selection_fit,76
21,Climate:h4:f2:o73,73,train,2001-05-29T00:00:00,2000-05-30T00:00:00,0,636,21,selection_fit,77
22,Climate:h4:f2:o74,74,train,2001-06-05T00:00:00,2000-06-06T00:00:00,0,636,22,selection_fit,78
23,Climate:h4:f2:o75,75,train,2001-06-12T00:00:00,2000-06-13T00:00:00,0,636,23,selection_fit,79
24,Climate:h4:f2:o76,76,train,2001-06-19T00:00:00,2000-06-20T00:00:00,0,636,24,selection_fit,80
25,Climate:h4:f2:o77,77,train,2001-06-26T00:00:00,2000-06-27T00:00:00,0,636,25,selection_fit,81
26,Climate:h4:f2:o78,78,train,2001-07-03T00:00:00,2000-07-04T00:00:00,0,636,26,selection_fit,82
27,Climate:h4:f2:o79,79,train,2001-07-10T00:00:00,2000-07-11T00:00:00,0,636,27,selection_fit,83
28,Climate:h4:f2:o80,80,train,2001-07-17T00:00:00,2000-07-18T00:00:00,0,636,28,selection_fit,84
29,Climate:h4:f2:o81,81,train,2001-07-24T00:00:00,2000-07-25T00:00:00,0,636,29,selection_fit,85
30,Climate:h4:f2:o82,82,train,2001-07-31T00:00:00,2000-08-01T00:00:00,0,636,30,selection_fit,86
31,Climate:h4:f2:o83,83,train,2001-08-07T00:00:00,2000-08-08T00:00:00,0,636,31,selection_fit,87
32,Climate:h4:f2:o84,84,train,2001-08-14T00:00:00,2000-08-15T00:00:00,0,636,32,selection_fit,88
33,Climate:h4:f2:o85,85,train,2001-08-21T00:00:00,2000-08-22T00:00:00,0,636,33,selection_fit,89
34,Climate:h4:f2:o86,86,train,2001-08-28T00:00:00,2000-08-29T00:00:00,0,636,34,selection_fit,90
35,Climate:h4:f2:o87,87,train,2001-09-04T00:00:00,2000-09-05T00:00:00,0,636,35,selection_fit,91
36,Climate:h4:f2:o88,88,train,2001-09-11T00:00:00,2000-09-12T00:00:00,0,636,36,selection_fit,92
37,Climate:h4:f2:o89,89,train,2001-09-18T00:00:00,2000-09-19T00:00:00,0,636,37,selection_fit,93
38,Climate:h4:f2:o90,90,train,2001-09-25T00:00:00,2000-09-26T00:00:00,0,636,38,selection_fit,94
39,Climate:h4:f2:o91,91,train,2001-10-02T00:00:00,2000-10-03T00:00:00,0,636,39,selection_fit,95
40,Climate:h4:f2:o92,92,train,2001-10-09T00:00:00,2000-10-10T00:00:00,0,636,40,selection_fit,96
41,Climate:h4:f2:o93,93,train,2001-10-16T00:00:00,2000-10-17T00:00:00,0,636,41,selection_fit,97
42,Climate:h4:f2:o94,94,train,2001-10-23T00:00:00,2000-10-24T00:00:00,0,636,42,selection_fit,98
43,Climate:h4:f2:o95,95,train,2001-10-30T00:00:00,2000-10-31T00:00:00,0,636,43,selection_fit,99
44,Climate:h4:f2:o96,96,train,2001-11-06T00:00:00,2000-11-07T00:00:00,0,636,44,selection_fit,100
45,Climate:h4:f2:o97,97,train,2001-11-13T00:00:00,2000-11-14T00:00:00,0,636,45,selection_fit,101
46,Climate:h4:f2:o98,98,train,2001-11-20T00:00:00,2000-11-21T00:00:00,0,636,46,selection_fit,102
47,Climate:h4:f2:o99,99,train,2001-11-27T00:00:00,2000-11-28T00:00:00,0,636,47,selection_fit,103
48,Climate:h4:f2:o100,100,train,2001-12-04T00:00:00,2000-12-05T00:00:00,0,636,48,selection_fit,104
49,Climate:h4:f2:o101,101,train,2001-12-11T00:00:00,2000-12-12T00:00:00,0,636,49,selection_fit,105
50,Climate:h4:f2:o102,102,train,2001-12-18T00:00:00,2000-12-19T00:00:00,0,636,50,selection_fit,106
51,Climate:h4:f2:o103,103,train,2001-12-25T00:00:00,2000-12-26T00:00:00,0,636,51,selection_fit,107
52,Climate:h4:f2:o104,104,train,2002-01-01T00:00:00,2001-01-02T00:00:00,0,636,52,selection_fit,108
53,Climate:h4:f2:o105,105,train,2002-01-08T00:00:00,2001-01-09T00:00:00,0,636,53,selection_fit,109
54,Climate:h4:f2:o106,106,train,2002-01-15T00:00:00,2001-01-16T00:00:00,0,636,54,selection_fit,110
55,Climate:h4:f2:o107,107,train,2002-01-22T00:00:00,2001-01-23T00:00:00,0,636,55,selection_fit,111
56,Climate:h4:f2:o108,108,train,2002-01-29T00:00:00,2001-01-30T00:00:00,0,636,56,selection_fit,112
57,Climate:h4:f2:o109,109,train,2002-02-05T00:00:00,2001-02-06T00:00:00,0,636,57,selection_fit,113
58,Climate:h4:f2:o110,110,train,2002-02-12T00:00:00,2001-02-13T00:00:00,0,636,58,selection_fit,114
59,Climate:h4:f2:o111,111,train,2002-02-19T00:00:00,2001-02-20T00:00:00,0,636,59,selection_fit,115
60,Climate:h4:f2:o112,112,train,2002-02-26T00:00:00,2001-02-27T00:00:00,0,636,60,selection_fit,116
61,Climate:h4:f2:o113,113,train,2002-03-05T00:00:00,2001-03-06T00:00:00,0,636,61,selection_fit,117
62,Climate:h4:f2:o114,114,train,2002-03-12T00:00:00,2001-03-13T00:00:00,0,636,62,selection_fit,118
63,Climate:h4:f2:o115,115,train,2002-03-19T00:00:00,2001-03-20T00:00:00,0,636,63,selection_fit,119
64,Climate:h4:f2:o116,116,train,2002-03-26T00:00:00,2001-03-27T00:00:00,0,636,64,selection_fit,120
65,Climate:h4:f2:o117,117,train,2002-04-02T00:00:00,2001-04-03T00:00:00,0,636,65,selection_fit,121
66,Climate:h4:f2:o118,118,train,2002-04-09T00:00:00,2001-04-10T00:00:00,0,636,66,selection_fit,122
67,Climate:h4:f2:o119,119,train,2002-04-16T00:00:00,2001-04-17T00:00:00,0,636,67,selection_fit,123
68,Climate:h4:f2:o120,120,train,2002-04-23T00:00:00,2001-04-24T00:00:00,0,636,68,selection_fit,124
69,Climate:h4:f2:o121,121,train,2002-04-30T00:00:00,2001-05-01T00:00:00,0,636,69,selection_fit,125
70,Climate:h4:f2:o122,122,train,2002-05-07T00:00:00,2001-05-08T00:00:00,0,636,70,selection_fit,126
71,Climate:h4:f2:o123,123,train,2002-05-14T00:00:00,2001-05-15T00:00:00,0,636,71,selection_fit,127
72,Climate:h4:f2:o124,124,train,2002-05-21T00:00:00,2001-05-22T00:00:00,0,636,72,selection_fit,128
73,Climate:h4:f2:o125,125,train,2002-05-28T00:00:00,2001-05-29T00:00:00,0,636,73,selection_fit,129
74,Climate:h4:f2:o126,126,train,2002-06-04T00:00:00,2001-06-05T00:00:00,0,636,74,selection_fit,130
75,Climate:h4:f2:o127,127,train,2002-06-11T00:00:00,2001-06-12T00:00:00,0,636,75,selection_fit,131
76,Climate:h4:f2:o128,128,train,2002-06-18T00:00:00,2001-06-19T00:00:00,0,636,76,selection_fit,132
77,Climate:h4:f2:o129,129,train,2002-06-25T00:00:00,2001-06-26T00:00:00,0,636,77,selection_fit,133
78,Climate:h4:f2:o130,130,train,2002-07-02T00:00:00,2001-07-03T00:00:00,0,636,78,selection_fit,134
79,Climate:h4:f2:o131,131,train,2002-07-09T00:00:00,2001-07-10T00:00:00,0,636,79,selection_fit,135
80,Climate:h4:f2:o132,132,train,2002-07-16T00:00:00,2001-07-17T00:00:00,0,636,80,selection_fit,136
81,Climate:h4:f2:o133,133,train,2002-07-23T00:00:00,2001-07-24T00:00:00,0,636,81,selection_fit,137
82,Climate:h4:f2:o134,134,train,2002-07-30T00:00:00,2001-07-31T00:00:00,0,636,82,selection_fit,138
83,Climate:h4:f2:o135,135,train,2002-08-06T00:00:00,2001-08-07T00:00:00,0,636,83,selection_fit,139
84,Climate:h4:f2:o136,136,train,2002-08-13T00:00:00,2001-08-14T00:00:00,0,636,84,selection_fit,140
85,Climate:h4:f2:o137,137,train,2002-08-20T00:00:00,2001-08-21T00:00:00,0,636,85,selection_fit,141
86,Climate:h4:f2:o138,138,train,2002-08-27T00:00:00,2001-08-28T00:00:00,0,636,86,selection_fit,142
87,Climate:h4:f2:o139,139,train,2002-09-03T00:00:00,2001-09-04T00:00:00,0,636,87,selection_fit,143
88,Climate:h4:f2:o140,140,train,2002-09-10T00:00:00,2001-09-11T00:00:00,0,636,88,selection_fit,144
89,Climate:h4:f2:o141,141,train,2002-09-17T00:00:00,2001-09-18T00:00:00,0,636,89,selection_fit,145
90,Climate:h4:f2:o142,142,train,2002-09-24T00:00:00,2001-09-25T00:00:00,0,636,90,selection_fit,146
91,Climate:h4:f2:o143,143,train,2002-10-01T00:00:00,2001-10-02T00:00:00,0,636,91,selection_fit,147
92,Climate:h4:f2:o144,144,train,2002-10-08T00:00:00,2001-10-09T00:00:00,0,636,92,selection_fit,148
93,Climate:h4:f2:o145,145,train,2002-10-15T00:00:00,2001-10-16T00:00:00,0,636,93,selection_fit,149
94,Climate:h4:f2:o146,146,train,2002-10-22T00:00:00,2001-10-23T00:00:00,0,636,94,selection_fit,150
95,Climate:h4:f2:o147,147,train,2002-10-29T00:00:00,2001-10-30T00:00:00,0,636,95,selection_fit,151
96,Climate:h4:f2:o148,148,train,2002-11-05T00:00:00,2001-11-06T00:00:00,0,636,96,selection_fit,152
97,Climate:h4:f2:o149,149,train,2002-11-12T00:00:00,2001-11-13T00:00:00,0,636,97,selection_fit,153
98,Climate:h4:f2:o150,150,train,2002-11-19T00:00:00,2001-11-20T00:00:00,0,636,98,selection_fit,154
99,Climate:h4:f2:o151,151,train,2002-11-26T00:00:00,2001-11-27T00:00:00,0,636,99,selection_fit,155
100,Climate:h4:f2:o152,152,train,2002-12-03T00:00:00,2001-12-04T00:00:00,0,636,100,selection_fit,156
101,Climate:h4:f2:o153,153,train,2002-12-10T00:00:00,2001-12-11T00:00:00,0,636,101,selection_fit,157
102,Climate:h4:f2:o154,154,train,2002-12-17T00:00:00,2001-12-18T00:00:00,0,636,102,selection_fit,158
103,Climate:h4:f2:o155,155,train,2002-12-24T00:00:00,2001-12-25T00:00:00,0,636,103,selection_fit,159
104,Climate:h4:f2:o156,156,train,2002-12-31T00:00:00,2002-01-01T00:00:00,0,636,104,selection_fit,160
105,Climate:h4:f2:o157,157,train,2003-01-07T00:00:00,2002-01-08T00:00:00,0,636,105,selection_fit,161
106,Climate:h4:f2:o158,158,train,2003-01-14T00:00:00,2002-01-15T00:00:00,0,636,106,selection_fit,162
107,Climate:h4:f2:o159,159,train,2003-01-21T00:00:00,2002-01-22T00:00:00,0,636,107,selection_fit,163
108,Climate:h4:f2:o160,160,train,2003-01-28T00:00:00,2002-01-29T00:00:00,0,636,108,selection_fit,164
109,Climate:h4:f2:o161,161,train,2003-02-04T00:00:00,2002-02-05T00:00:00,0,636,109,selection_fit,165
110,Climate:h4:f2:o162,162,train,2003-02-11T00:00:00,2002-02-12T00:00:00,0,636,110,selection_fit,166
111,Climate:h4:f2:o163,163,train,2003-02-18T00:00:00,2002-02-19T00:00:00,0,636,111,selection_fit,167
112,Climate:h4:f2:o164,164,train,2003-02-25T00:00:00,2002-02-26T00:00:00,0,636,112,selection_fit,168
113,Climate:h4:f2:o165,165,train,2003-03-04T00:00:00,2002-03-05T00:00:00,0,636,113,selection_fit,169
114,Climate:h4:f2:o166,166,train,2003-03-11T00:00:00,2002-03-12T00:00:00,0,636,114,selection_fit,170
115,Climate:h4:f2:o167,167,train,2003-03-18T00:00:00,2002-03-19T00:00:00,0,636,115,selection_fit,171
116,Climate:h4:f2:o168,168,train,2003-03-25T00:00:00,2002-03-26T00:00:00,0,636,116,selection_fit,172
117,Climate:h4:f2:o169,169,train,2003-04-01T00:00:00,2002-04-02T00:00:00,0,636,117,selection_fit,173
118,Climate:h4:f2:o170,170,train,2003-04-08T00:00:00,2002-04-09T00:00:00,0,636,118,selection_fit,174
119,Climate:h4:f2:o171,171,train,2003-04-15T00:00:00,2002-04-16T00:00:00,0,636,119,selection_fit,175
120,Climate:h4:f2:o172,172,train,2003-04-22T00:00:00,2002-04-23T00:00:00,0,636,120,selection_fit,176
121,Climate:h4:f2:o173,173,train,2003-04-29T00:00:00,2002-04-30T00:00:00,0,636,121,selection_fit,177
122,Climate:h4:f2:o174,174,train,2003-05-06T00:00:00,2002-05-07T00:00:00,0,636,122,selection_fit,178
123,Climate:h4:f2:o175,175,train,2003-05-13T00:00:00,2002-05-14T00:00:00,0,636,123,selection_fit,179
124,Climate:h4:f2:o176,176,train,2003-05-20T00:00:00,2002-05-21T00:00:00,0,636,124,selection_fit,180
125,Climate:h4:f2:o177,177,train,2003-05-27T00:00:00,2002-05-28T00:00:00,0,636,125,selection_fit,181
126,Climate:h4:f2:o178,178,train,2003-06-03T00:00:00,2002-06-04T00:00:00,0,636,126,selection_fit,182
127,Climate:h4:f2:o179,179,train,2003-06-10T00:00:00,2002-06-11T00:00:00,0,636,127,selection_fit,183
128,Climate:h4:f2:o180,180,train,2003-06-17T00:00:00,2002-06-18T00:00:00,0,636,128,selection_fit,184
129,Climate:h4:f2:o181,181,train,2003-06-24T00:00:00,2002-06-25T00:00:00,0,636,129,selection_fit,185
130,Climate:h4:f2:o182,182,train,2003-07-01T00:00:00,2002-07-02T00:00:00,0,636,130,selection_fit,186
131,Climate:h4:f2:o183,183,train,2003-07-08T00:00:00,2002-07-09T00:00:00,0,636,131,selection_fit,187
132,Climate:h4:f2:o184,184,train,2003-07-15T00:00:00,2002-07-16T00:00:00,0,636,132,selection_fit,188
133,Climate:h4:f2:o185,185,train,2003-07-22T00:00:00,2002-07-23T00:00:00,0,636,133,selection_fit,189
134,Climate:h4:f2:o186,186,train,2003-07-29T00:00:00,2002-07-30T00:00:00,0,636,134,selection_fit,190
135,Climate:h4:f2:o187,187,train,2003-08-05T00:00:00,2002-08-06T00:00:00,0,636,135,selection_fit,191
136,Climate:h4:f2:o188,188,train,2003-08-12T00:00:00,2002-08-13T00:00:00,0,636,136,selection_fit,192
137,Climate:h4:f2:o189,189,train,2003-08-19T00:00:00,2002-08-20T00:00:00,0,636,137,selection_fit,193
138,Climate:h4:f2:o190,190,train,2003-08-26T00:00:00,2002-08-27T00:00:00,0,636,138,selection_fit,194
139,Climate:h4:f2:o191,191,train,2003-09-02T00:00:00,2002-09-03T00:00:00,0,636,139,selection_fit,195
140,Climate:h4:f2:o192,192,train,2003-09-09T00:00:00,2002-09-10T00:00:00,0,636,140,selection_fit,196
141,Climate:h4:f2:o193,193,train,2003-09-16T00:00:00,2002-09-17T00:00:00,0,636,141,selection_fit,197
142,Climate:h4:f2:o194,194,train,2003-09-23T00:00:00,2002-09-24T00:00:00,0,636,142,selection_fit,198
143,Climate:h4:f2:o195,195,train,2003-09-30T00:00:00,2002-10-01T00:00:00,0,636,143,selection_fit,199
144,Climate:h4:f2:o196,196,train,2003-10-07T00:00:00,2002-10-08T00:00:00,0,636,144,selection_fit,200
145,Climate:h4:f2:o197,197,train,2003-10-14T00:00:00,2002-10-15T00:00:00,0,636,145,selection_fit,201
146,Climate:h4:f2:o198,198,train,2003-10-21T00:00:00,2002-10-22T00:00:00,0,636,146,selection_fit,202
147,Climate:h4:f2:o199,199,train,2003-10-28T00:00:00,2002-10-29T00:00:00,0,636,147,selection_fit,203
148,Climate:h4:f2:o200,200,train,2003-11-04T00:00:00,2002-11-05T00:00:00,0,636,148,selection_fit,204
149,Climate:h4:f2:o201,201,train,2003-11-11T00:00:00,2002-11-12T00:00:00,0,636,149,selection_fit,205
150,Climate:h4:f2:o202,202,train,2003-11-18T00:00:00,2002-11-19T00:00:00,0,636,150,selection_fit,206
151,Climate:h4:f2:o203,203,train,2003-11-25T00:00:00,2002-11-26T00:00:00,0,636,151,selection_fit,207
152,Climate:h4:f2:o204,204,train,2003-12-02T00:00:00,2002-12-03T00:00:00,0,636,152,selection_fit,208
153,Climate:h4:f2:o205,205,train,2003-12-09T00:00:00,2002-12-10T00:00:00,0,636,153,selection_fit,209
154,Climate:h4:f2:o206,206,train,2003-12-16T00:00:00,2002-12-17T00:00:00,0,636,154,selection_fit,210
155,Climate:h4:f2:o207,207,train,2003-12-23T00:00:00,2002-12-24T00:00:00,0,636,155,selection_fit,211
156,Climate:h4:f2:o208,208,train,2003-12-30T00:00:00,2002-12-31T00:00:00,0,636,156,selection_fit,212
157,Climate:h4:f2:o209,209,train,2004-01-06T00:00:00,2003-01-07T00:00:00,0,636,157,selection_fit,213
158,Climate:h4:f2:o210,210,train,2004-01-13T00:00:00,2003-01-14T00:00:00,0,636,158,selection_fit,214
159,Climate:h4:f2:o211,211,train,2004-01-20T00:00:00,2003-01-21T00:00:00,0,636,159,selection_fit,215
160,Climate:h4:f2:o212,212,train,2004-01-27T00:00:00,2003-01-28T00:00:00,0,636,160,selection_fit,216
161,Climate:h4:f2:o213,213,train,2004-02-03T00:00:00,2003-02-04T00:00:00,0,636,161,selection_fit,217
162,Climate:h4:f2:o214,214,train,2004-02-10T00:00:00,2003-02-11T00:00:00,0,636,162,selection_fit,218
163,Climate:h4:f2:o215,215,train,2004-02-17T00:00:00,2003-02-18T00:00:00,0,636,163,selection_fit,219
164,Climate:h4:f2:o216,216,train,2004-02-24T00:00:00,2003-02-25T00:00:00,0,636,164,selection_fit,220
165,Climate:h4:f2:o217,217,train,2004-03-02T00:00:00,2003-03-04T00:00:00,0,636,165,selection_fit,221
166,Climate:h4:f2:o218,218,train,2004-03-09T00:00:00,2003-03-11T00:00:00,0,636,166,selection_fit,222
167,Climate:h4:f2:o219,219,train,2004-03-16T00:00:00,2003-03-18T00:00:00,0,636,167,selection_fit,223
168,Climate:h4:f2:o220,220,train,2004-03-23T00:00:00,2003-03-25T00:00:00,0,636,168,selection_fit,224
169,Climate:h4:f2:o221,221,train,2004-03-30T00:00:00,2003-04-01T00:00:00,0,636,169,selection_fit,225
170,Climate:h4:f2:o222,222,train,2004-04-06T00:00:00,2003-04-08T00:00:00,0,636,170,selection_fit,226
171,Climate:h4:f2:o223,223,train,2004-04-13T00:00:00,2003-04-15T00:00:00,0,636,171,selection_fit,227
172,Climate:h4:f2:o224,224,train,2004-04-20T00:00:00,2003-04-22T00:00:00,0,636,172,selection_fit,228
173,Climate:h4:f2:o225,225,train,2004-04-27T00:00:00,2003-04-29T00:00:00,0,636,173,selection_fit,229
174,Climate:h4:f2:o226,226,train,2004-05-04T00:00:00,2003-05-06T00:00:00,0,636,174,selection_fit,230
175,Climate:h4:f2:o227,227,train,2004-05-11T00:00:00,2003-05-13T00:00:00,0,636,175,selection_fit,231
176,Climate:h4:f2:o228,228,train,2004-05-18T00:00:00,2003-05-20T00:00:00,0,636,176,selection_fit,232
177,Climate:h4:f2:o229,229,train,2004-05-25T00:00:00,2003-05-27T00:00:00,0,636,177,selection_fit,233
178,Climate:h4:f2:o230,230,train,2004-06-01T00:00:00,2003-06-03T00:00:00,0,636,178,selection_fit,234
179,Climate:h4:f2:o231,231,train,2004-06-08T00:00:00,2003-06-10T00:00:00,0,636,179,selection_fit,235
180,Climate:h4:f2:o232,232,train,2004-06-15T00:00:00,2003-06-17T00:00:00,0,636,180,selection_fit,236
181,Climate:h4:f2:o233,233,train,2004-06-22T00:00:00,2003-06-24T00:00:00,0,636,181,selection_fit,237
182,Climate:h4:f2:o234,234,train,2004-06-29T00:00:00,2003-07-01T00:00:00,0,636,182,selection_fit,238
183,Climate:h4:f2:o235,235,train,2004-07-06T00:00:00,2003-07-08T00:00:00,0,636,183,selection_fit,239
184,Climate:h4:f2:o236,236,train,2004-07-13T00:00:00,2003-07-15T00:00:00,0,636,184,selection_fit,240
185,Climate:h4:f2:o237,237,train,2004-07-20T00:00:00,2003-07-22T00:00:00,0,636,185,selection_fit,241
186,Climate:h4:f2:o238,238,train,2004-07-27T00:00:00,2003-07-29T00:00:00,0,636,186,selection_fit,242
187,Climate:h4:f2:o239,239,train,2004-08-03T00:00:00,2003-08-05T00:00:00,0,636,187,selection_fit,243
188,Climate:h4:f2:o240,240,train,2004-08-10T00:00:00,2003-08-12T00:00:00,0,636,188,selection_fit,244
189,Climate:h4:f2:o241,241,train,2004-08-17T00:00:00,2003-08-19T00:00:00,0,636,189,selection_fit,245
190,Climate:h4:f2:o242,242,train,2004-08-24T00:00:00,2003-08-26T00:00:00,0,636,190,selection_fit,246
191,Climate:h4:f2:o243,243,train,2004-08-31T00:00:00,2003-09-02T00:00:00,0,636,191,selection_fit,247
192,Climate:h4:f2:o244,244,train,2004-09-07T00:00:00,2003-09-09T00:00:00,0,636,192,selection_fit,248
193,Climate:h4:f2:o245,245,train,2004-09-14T00:00:00,2003-09-16T00:00:00,0,636,193,selection_fit,249
194,Climate:h4:f2:o246,246,train,2004-09-21T00:00:00,2003-09-23T00:00:00,0,636,194,selection_fit,250
195,Climate:h4:f2:o247,247,train,2004-09-28T00:00:00,2003-09-30T00:00:00,0,636,195,selection_fit,251
196,Climate:h4:f2:o248,248,train,2004-10-05T00:00:00,2003-10-07T00:00:00,0,636,196,selection_fit,252
197,Climate:h4:f2:o249,249,train,2004-10-12T00:00:00,2003-10-14T00:00:00,0,636,197,selection_fit,253
198,Climate:h4:f2:o250,250,train,2004-10-19T00:00:00,2003-10-21T00:00:00,0,636,198,selection_fit,254
199,Climate:h4:f2:o251,251,train,2004-10-26T00:00:00,2003-10-28T00:00:00,0,636,199,selection_fit,255
200,Climate:h4:f2:o252,252,train,2004-11-02T00:00:00,2003-11-04T00:00:00,0,636,200,selection_fit,256
201,Climate:h4:f2:o253,253,train,2004-11-09T00:00:00,2003-11-11T00:00:00,0,636,201,selection_fit,257
202,Climate:h4:f2:o254,254,train,2004-11-16T00:00:00,2003-11-18T00:00:00,0,636,202,selection_fit,258
203,Climate:h4:f2:o255,255,train,2004-11-23T00:00:00,2003-11-25T00:00:00,0,636,203,selection_fit,259
204,Climate:h4:f2:o256,256,train,2004-11-30T00:00:00,2003-12-02T00:00:00,0,636,204,selection_fit,260
205,Climate:h4:f2:o257,257,train,2004-12-07T00:00:00,2003-12-09T00:00:00,0,636,205,selection_fit,261
206,Climate:h4:f2:o258,258,train,2004-12-14T00:00:00,2003-12-16T00:00:00,0,636,206,selection_fit,262
207,Climate:h4:f2:o259,259,train,2004-12-21T00:00:00,2003-12-23T00:00:00,0,636,207,selection_fit,263
208,Climate:h4:f2:o260,260,train,2004-12-28T00:00:00,2003-12-30T00:00:00,0,636,208,selection_fit,264
209,Climate:h4:f2:o261,261,train,2005-01-04T00:00:00,2004-01-06T00:00:00,0,636,209,selection_fit,265
210,Climate:h4:f2:o262,262,train,2005-01-11T00:00:00,2004-01-13T00:00:00,0,636,210,selection_fit,266
211,Climate:h4:f2:o263,263,train,2005-01-18T00:00:00,2004-01-20T00:00:00,0,636,211,selection_fit,267
212,Climate:h4:f2:o264,264,train,2005-01-25T00:00:00,2004-01-27T00:00:00,0,636,212,selection_fit,268
213,Climate:h4:f2:o265,265,train,2005-02-01T00:00:00,2004-02-03T00:00:00,0,636,213,selection_fit,269
214,Climate:h4:f2:o266,266,train,2005-02-08T00:00:00,2004-02-10T00:00:00,0,636,214,selection_fit,270
215,Climate:h4:f2:o267,267,train,2005-02-15T00:00:00,2004-02-17T00:00:00,0,636,215,selection_fit,271
216,Climate:h4:f2:o268,268,train,2005-02-22T00:00:00,2004-02-24T00:00:00,0,636,216,selection_fit,272
217,Climate:h4:f2:o269,269,train,2005-03-01T00:00:00,2004-03-02T00:00:00,0,636,217,selection_fit,273
218,Climate:h4:f2:o270,270,train,2005-03-08T00:00:00,2004-03-09T00:00:00,0,636,218,selection_fit,274
219,Climate:h4:f2:o271,271,train,2005-03-15T00:00:00,2004-03-16T00:00:00,0,636,219,selection_fit,275
220,Climate:h4:f2:o272,272,train,2005-03-22T00:00:00,2004-03-23T00:00:00,0,636,220,selection_fit,276
221,Climate:h4:f2:o273,273,train,2005-03-29T00:00:00,2004-03-30T00:00:00,0,636,221,selection_fit,277
222,Climate:h4:f2:o274,274,train,2005-04-05T00:00:00,2004-04-06T00:00:00,0,636,222,selection_fit,278
223,Climate:h4:f2:o275,275,train,2005-04-12T00:00:00,2004-04-13T00:00:00,0,636,223,selection_fit,279
224,Climate:h4:f2:o276,276,train,2005-04-19T00:00:00,2004-04-20T00:00:00,0,636,224,selection_fit,280
225,Climate:h4:f2:o277,277,train,2005-04-26T00:00:00,2004-04-27T00:00:00,0,636,225,selection_fit,281
226,Climate:h4:f2:o278,278,train,2005-05-03T00:00:00,2004-05-04T00:00:00,0,636,226,selection_fit,282
227,Climate:h4:f2:o279,279,train,2005-05-10T00:00:00,2004-05-11T00:00:00,0,636,227,selection_fit,283
228,Climate:h4:f2:o280,280,train,2005-05-17T00:00:00,2004-05-18T00:00:00,0,636,228,selection_fit,284
229,Climate:h4:f2:o281,281,train,2005-05-24T00:00:00,2004-05-25T00:00:00,0,636,229,selection_fit,285
230,Climate:h4:f2:o282,282,train,2005-05-31T00:00:00,2004-06-01T00:00:00,0,636,230,selection_fit,286
231,Climate:h4:f2:o283,283,train,2005-06-07T00:00:00,2004-06-08T00:00:00,0,636,231,selection_fit,287
232,Climate:h4:f2:o284,284,train,2005-06-14T00:00:00,2004-06-15T00:00:00,0,636,232,selection_fit,288
233,Climate:h4:f2:o285,285,train,2005-06-21T00:00:00,2004-06-22T00:00:00,0,636,233,selection_fit,289
234,Climate:h4:f2:o286,286,train,2005-06-28T00:00:00,2004-06-29T00:00:00,0,636,234,selection_fit,290
235,Climate:h4:f2:o287,287,train,2005-07-05T00:00:00,2004-07-06T00:00:00,0,636,235,selection_fit,291
236,Climate:h4:f2:o288,288,train,2005-07-12T00:00:00,2004-07-13T00:00:00,0,636,236,selection_fit,292
237,Climate:h4:f2:o289,289,train,2005-07-19T00:00:00,2004-07-20T00:00:00,0,636,237,selection_fit,293
238,Climate:h4:f2:o290,290,train,2005-07-26T00:00:00,2004-07-27T00:00:00,0,636,238,selection_fit,294
239,Climate:h4:f2:o291,291,train,2005-08-02T00:00:00,2004-08-03T00:00:00,0,636,239,selection_fit,295
240,Climate:h4:f2:o292,292,train,2005-08-09T00:00:00,2004-08-10T00:00:00,0,636,240,selection_fit,296
241,Climate:h4:f2:o293,293,train,2005-08-16T00:00:00,2004-08-17T00:00:00,0,636,241,selection_fit,297
242,Climate:h4:f2:o294,294,train,2005-08-23T00:00:00,2004-08-24T00:00:00,0,636,242,selection_fit,298
243,Climate:h4:f2:o295,295,train,2005-08-30T00:00:00,2004-08-31T00:00:00,0,636,243,selection_fit,299
244,Climate:h4:f2:o296,296,train,2005-09-06T00:00:00,2004-09-07T00:00:00,0,636,244,selection_fit,300
245,Climate:h4:f2:o297,297,train,2005-09-13T00:00:00,2004-09-14T00:00:00,0,636,245,selection_fit,301
246,Climate:h4:f2:o298,298,train,2005-09-20T00:00:00,2004-09-21T00:00:00,0,636,246,selection_fit,302
247,Climate:h4:f2:o299,299,train,2005-09-27T00:00:00,2004-09-28T00:00:00,0,636,247,selection_fit,303
248,Climate:h4:f2:o300,300,train,2005-10-04T00:00:00,2004-10-05T00:00:00,0,636,248,selection_fit,304
249,Climate:h4:f2:o301,301,train,2005-10-11T00:00:00,2004-10-12T00:00:00,0,636,249,selection_fit,305
250,Climate:h4:f2:o302,302,train,2005-10-18T00:00:00,2004-10-19T00:00:00,0,636,250,selection_fit,306
251,Climate:h4:f2:o303,303,train,2005-10-25T00:00:00,2004-10-26T00:00:00,0,636,251,selection_fit,307
252,Climate:h4:f2:o304,304,train,2005-11-01T00:00:00,2004-11-02T00:00:00,0,636,252,selection_fit,308
253,Climate:h4:f2:o305,305,train,2005-11-08T00:00:00,2004-11-09T00:00:00,0,636,253,selection_fit,309
254,Climate:h4:f2:o306,306,train,2005-11-15T00:00:00,2004-11-16T00:00:00,0,636,254,selection_fit,310
255,Climate:h4:f2:o307,307,train,2005-11-22T00:00:00,2004-11-23T00:00:00,0,636,255,selection_fit,311
256,Climate:h4:f2:o308,308,train,2005-11-29T00:00:00,2004-11-30T00:00:00,0,636,256,selection_fit,312
257,Climate:h4:f2:o309,309,train,2005-12-06T00:00:00,2004-12-07T00:00:00,0,636,257,selection_fit,313
258,Climate:h4:f2:o310,310,train,2005-12-13T00:00:00,2004-12-14T00:00:00,0,636,258,selection_fit,314
259,Climate:h4:f2:o311,311,train,2005-12-20T00:00:00,2004-12-21T00:00:00,0,636,259,selection_fit,315
260,Climate:h4:f2:o312,312,train,2005-12-27T00:00:00,2004-12-28T00:00:00,0,636,260,selection_fit,316
261,Climate:h4:f2:o313,313,train,2006-01-03T00:00:00,2005-01-04T00:00:00,0,636,261,selection_fit,317
262,Climate:h4:f2:o314,314,train,2006-01-10T00:00:00,2005-01-11T00:00:00,0,636,262,selection_fit,318
263,Climate:h4:f2:o315,315,train,2006-01-17T00:00:00,2005-01-18T00:00:00,0,636,263,selection_fit,319
264,Climate:h4:f2:o316,316,train,2006-01-24T00:00:00,2005-01-25T00:00:00,0,636,264,selection_fit,320
265,Climate:h4:f2:o317,317,train,2006-01-31T00:00:00,2005-02-01T00:00:00,0,636,265,selection_fit,321
266,Climate:h4:f2:o318,318,train,2006-02-07T00:00:00,2005-02-08T00:00:00,0,636,266,selection_fit,322
267,Climate:h4:f2:o319,319,train,2006-02-14T00:00:00,2005-02-15T00:00:00,0,636,267,selection_fit,323
268,Climate:h4:f2:o320,320,train,2006-02-21T00:00:00,2005-02-22T00:00:00,0,636,268,selection_fit,324
269,Climate:h4:f2:o321,321,train,2006-02-28T00:00:00,2005-03-01T00:00:00,0,636,269,selection_fit,325
270,Climate:h4:f2:o322,322,train,2006-03-07T00:00:00,2005-03-08T00:00:00,0,636,270,selection_fit,326
271,Climate:h4:f2:o323,323,train,2006-03-14T00:00:00,2005-03-15T00:00:00,0,636,271,selection_fit,327
272,Climate:h4:f2:o324,324,train,2006-03-21T00:00:00,2005-03-22T00:00:00,0,636,272,selection_fit,328
273,Climate:h4:f2:o325,325,train,2006-03-28T00:00:00,2005-03-29T00:00:00,0,636,273,selection_fit,329
274,Climate:h4:f2:o326,326,train,2006-04-04T00:00:00,2005-04-05T00:00:00,0,636,274,selection_fit,330
275,Climate:h4:f2:o327,327,train,2006-04-11T00:00:00,2005-04-12T00:00:00,0,636,275,selection_fit,331
276,Climate:h4:f2:o328,328,train,2006-04-18T00:00:00,2005-04-19T00:00:00,0,636,276,selection_fit,332
277,Climate:h4:f2:o329,329,train,2006-04-25T00:00:00,2005-04-26T00:00:00,0,636,277,selection_fit,333
278,Climate:h4:f2:o330,330,train,2006-05-02T00:00:00,2005-05-03T00:00:00,0,636,278,selection_fit,334
279,Climate:h4:f2:o331,331,train,2006-05-09T00:00:00,2005-05-10T00:00:00,0,636,279,selection_fit,335
280,Climate:h4:f2:o332,332,train,2006-05-16T00:00:00,2005-05-17T00:00:00,0,636,280,selection_fit,336
281,Climate:h4:f2:o333,333,train,2006-05-23T00:00:00,2005-05-24T00:00:00,0,636,281,selection_fit,337
282,Climate:h4:f2:o334,334,train,2006-05-30T00:00:00,2005-05-31T00:00:00,0,636,282,selection_fit,338
283,Climate:h4:f2:o335,335,train,2006-06-06T00:00:00,2005-06-07T00:00:00,0,636,283,selection_fit,339
284,Climate:h4:f2:o336,336,train,2006-06-13T00:00:00,2005-06-14T00:00:00,0,636,284,selection_fit,340
285,Climate:h4:f2:o337,337,train,2006-06-20T00:00:00,2005-06-21T00:00:00,0,636,285,selection_fit,341
286,Climate:h4:f2:o338,338,train,2006-06-27T00:00:00,2005-06-28T00:00:00,0,636,286,selection_fit,342
287,Climate:h4:f2:o339,339,train,2006-07-04T00:00:00,2005-07-05T00:00:00,0,636,287,selection_fit,343
288,Climate:h4:f2:o340,340,train,2006-07-11T00:00:00,2005-07-12T00:00:00,0,636,288,selection_fit,344
289,Climate:h4:f2:o341,341,train,2006-07-18T00:00:00,2005-07-19T00:00:00,0,636,289,selection_fit,345
290,Climate:h4:f2:o342,342,train,2006-07-25T00:00:00,2005-07-26T00:00:00,0,636,290,selection_fit,346
291,Climate:h4:f2:o343,343,train,2006-08-01T00:00:00,2005-08-02T00:00:00,0,636,291,selection_fit,347
292,Climate:h4:f2:o344,344,train,2006-08-08T00:00:00,2005-08-09T00:00:00,0,636,292,selection_fit,348
293,Climate:h4:f2:o345,345,train,2006-08-15T00:00:00,2005-08-16T00:00:00,0,636,293,selection_fit,349
294,Climate:h4:f2:o346,346,train,2006-08-22T00:00:00,2005-08-23T00:00:00,0,636,294,selection_fit,350
295,Climate:h4:f2:o347,347,train,2006-08-29T00:00:00,2005-08-30T00:00:00,0,636,295,selection_fit,351
296,Climate:h4:f2:o348,348,train,2006-09-05T00:00:00,2005-09-06T00:00:00,0,636,296,selection_fit,352
297,Climate:h4:f2:o349,349,train,2006-09-12T00:00:00,2005-09-13T00:00:00,0,636,297,selection_fit,353
298,Climate:h4:f2:o350,350,train,2006-09-19T00:00:00,2005-09-20T00:00:00,0,636,298,selection_fit,354
299,Climate:h4:f2:o351,351,train,2006-09-26T00:00:00,2005-09-27T00:00:00,0,636,299,selection_fit,355
300,Climate:h4:f2:o352,352,train,2006-10-03T00:00:00,2005-10-04T00:00:00,0,636,300,selection_fit,356
301,Climate:h4:f2:o353,353,train,2006-10-10T00:00:00,2005-10-11T00:00:00,0,636,301,selection_fit,357
302,Climate:h4:f2:o354,354,train,2006-10-17T00:00:00,2005-10-18T00:00:00,0,636,302,selection_fit,358
303,Climate:h4:f2:o355,355,train,2006-10-24T00:00:00,2005-10-25T00:00:00,0,636,303,selection_fit,359
304,Climate:h4:f2:o356,356,train,2006-10-31T00:00:00,2005-11-01T00:00:00,0,636,304,selection_fit,360
305,Climate:h4:f2:o357,357,train,2006-11-07T00:00:00,2005-11-08T00:00:00,0,636,305,selection_fit,361
306,Climate:h4:f2:o358,358,train,2006-11-14T00:00:00,2005-11-15T00:00:00,0,636,306,selection_fit,362
307,Climate:h4:f2:o359,359,train,2006-11-21T00:00:00,2005-11-22T00:00:00,0,636,307,selection_fit,363
308,Climate:h4:f2:o360,360,train,2006-11-28T00:00:00,2005-11-29T00:00:00,0,636,308,selection_fit,364
309,Climate:h4:f2:o361,361,train,2006-12-05T00:00:00,2005-12-06T00:00:00,0,636,309,selection_fit,365
310,Climate:h4:f2:o362,362,train,2006-12-12T00:00:00,2005-12-13T00:00:00,0,636,310,selection_fit,366
311,Climate:h4:f2:o363,363,train,2006-12-19T00:00:00,2005-12-20T00:00:00,0,636,311,selection_fit,367
312,Climate:h4:f2:o364,364,train,2006-12-26T00:00:00,2005-12-27T00:00:00,0,636,312,selection_fit,368
313,Climate:h4:f2:o365,365,train,2007-01-02T00:00:00,2006-01-03T00:00:00,0,636,313,selection_fit,369
314,Climate:h4:f2:o366,366,train,2007-01-09T00:00:00,2006-01-10T00:00:00,0,636,314,selection_fit,370
315,Climate:h4:f2:o367,367,train,2007-01-16T00:00:00,2006-01-17T00:00:00,0,636,315,selection_fit,371
316,Climate:h4:f2:o368,368,train,2007-01-23T00:00:00,2006-01-24T00:00:00,0,636,316,selection_fit,372
317,Climate:h4:f2:o369,369,train,2007-01-30T00:00:00,2006-01-31T00:00:00,0,636,317,selection_fit,373
318,Climate:h4:f2:o370,370,train,2007-02-06T00:00:00,2006-02-07T00:00:00,0,636,318,selection_fit,374
319,Climate:h4:f2:o371,371,train,2007-02-13T00:00:00,2006-02-14T00:00:00,0,636,319,selection_fit,375
320,Climate:h4:f2:o372,372,train,2007-02-20T00:00:00,2006-02-21T00:00:00,0,636,320,selection_fit,376
321,Climate:h4:f2:o373,373,train,2007-02-27T00:00:00,2006-02-28T00:00:00,0,636,321,selection_fit,377
322,Climate:h4:f2:o374,374,train,2007-03-06T00:00:00,2006-03-07T00:00:00,0,636,322,selection_fit,378
323,Climate:h4:f2:o375,375,train,2007-03-13T00:00:00,2006-03-14T00:00:00,0,636,323,selection_fit,379
324,Climate:h4:f2:o376,376,train,2007-03-20T00:00:00,2006-03-21T00:00:00,0,636,324,selection_fit,380
325,Climate:h4:f2:o377,377,train,2007-03-27T00:00:00,2006-03-28T00:00:00,0,636,325,selection_fit,381
326,Climate:h4:f2:o378,378,train,2007-04-03T00:00:00,2006-04-04T00:00:00,0,636,326,selection_fit,382
327,Climate:h4:f2:o379,379,train,2007-04-10T00:00:00,2006-04-11T00:00:00,0,636,327,selection_fit,383
328,Climate:h4:f2:o380,380,train,2007-04-17T00:00:00,2006-04-18T00:00:00,0,636,328,selection_fit,384
329,Climate:h4:f2:o381,381,train,2007-04-24T00:00:00,2006-04-25T00:00:00,0,636,329,selection_fit,385
330,Climate:h4:f2:o382,382,train,2007-05-01T00:00:00,2006-05-02T00:00:00,0,636,330,selection_fit,386
331,Climate:h4:f2:o383,383,train,2007-05-08T00:00:00,2006-05-09T00:00:00,0,636,331,selection_fit,387
332,Climate:h4:f2:o384,384,train,2007-05-15T00:00:00,2006-05-16T00:00:00,0,636,332,selection_fit,388
333,Climate:h4:f2:o385,385,train,2007-05-22T00:00:00,2006-05-23T00:00:00,0,636,333,selection_fit,389
334,Climate:h4:f2:o386,386,train,2007-05-29T00:00:00,2006-05-30T00:00:00,0,636,334,selection_fit,390
335,Climate:h4:f2:o387,387,train,2007-06-05T00:00:00,2006-06-06T00:00:00,0,636,335,selection_fit,391
336,Climate:h4:f2:o388,388,train,2007-06-12T00:00:00,2006-06-13T00:00:00,0,636,336,selection_fit,392
337,Climate:h4:f2:o389,389,train,2007-06-19T00:00:00,2006-06-20T00:00:00,0,636,337,selection_fit,393
338,Climate:h4:f2:o390,390,train,2007-06-26T00:00:00,2006-06-27T00:00:00,0,636,338,selection_fit,394
339,Climate:h4:f2:o391,391,train,2007-07-03T00:00:00,2006-07-04T00:00:00,0,636,339,selection_fit,395
340,Climate:h4:f2:o392,392,train,2007-07-10T00:00:00,2006-07-11T00:00:00,0,636,340,selection_fit,396
341,Climate:h4:f2:o393,393,train,2007-07-17T00:00:00,2006-07-18T00:00:00,0,636,341,selection_fit,397
342,Climate:h4:f2:o394,394,train,2007-07-24T00:00:00,2006-07-25T00:00:00,0,636,342,selection_fit,398
343,Climate:h4:f2:o395,395,train,2007-07-31T00:00:00,2006-08-01T00:00:00,0,636,343,selection_fit,399
344,Climate:h4:f2:o396,396,train,2007-08-07T00:00:00,2006-08-08T00:00:00,0,636,344,selection_fit,400
345,Climate:h4:f2:o397,397,train,2007-08-14T00:00:00,2006-08-15T00:00:00,0,636,345,selection_fit,401
346,Climate:h4:f2:o398,398,train,2007-08-21T00:00:00,2006-08-22T00:00:00,0,636,346,selection_fit,402
347,Climate:h4:f2:o399,399,train,2007-08-28T00:00:00,2006-08-29T00:00:00,0,636,347,selection_fit,403
348,Climate:h4:f2:o400,400,train,2007-09-04T00:00:00,2006-09-05T00:00:00,0,636,348,selection_fit,404
349,Climate:h4:f2:o401,401,train,2007-09-11T00:00:00,2006-09-12T00:00:00,0,636,349,selection_fit,405
350,Climate:h4:f2:o402,402,train,2007-09-18T00:00:00,2006-09-19T00:00:00,0,636,350,selection_fit,406
351,Climate:h4:f2:o403,403,train,2007-09-25T00:00:00,2006-09-26T00:00:00,0,636,351,selection_fit,407
352,Climate:h4:f2:o404,404,train,2007-10-02T00:00:00,2006-10-03T00:00:00,0,636,352,selection_fit,408
353,Climate:h4:f2:o405,405,train,2007-10-09T00:00:00,2006-10-10T00:00:00,0,636,353,selection_fit,409
354,Climate:h4:f2:o406,406,train,2007-10-16T00:00:00,2006-10-17T00:00:00,0,636,354,selection_fit,410
355,Climate:h4:f2:o407,407,train,2007-10-23T00:00:00,2006-10-24T00:00:00,0,636,355,selection_fit,411
356,Climate:h4:f2:o408,408,train,2007-10-30T00:00:00,2006-10-31T00:00:00,0,636,356,selection_fit,412
357,Climate:h4:f2:o409,409,train,2007-11-06T00:00:00,2006-11-07T00:00:00,0,636,357,selection_fit,413
358,Climate:h4:f2:o410,410,train,2007-11-13T00:00:00,2006-11-14T00:00:00,0,636,358,selection_fit,414
359,Climate:h4:f2:o411,411,train,2007-11-20T00:00:00,2006-11-21T00:00:00,0,636,359,selection_fit,415
360,Climate:h4:f2:o412,412,train,2007-11-27T00:00:00,2006-11-28T00:00:00,0,636,360,selection_fit,416
361,Climate:h4:f2:o413,413,train,2007-12-04T00:00:00,2006-12-05T00:00:00,0,636,361,selection_fit,417
362,Climate:h4:f2:o414,414,train,2007-12-11T00:00:00,2006-12-12T00:00:00,0,636,362,selection_fit,418
363,Climate:h4:f2:o415,415,train,2007-12-18T00:00:00,2006-12-19T00:00:00,0,636,363,selection_fit,419
364,Climate:h4:f2:o416,416,train,2007-12-25T00:00:00,2006-12-26T00:00:00,0,636,364,selection_fit,420
365,Climate:h4:f2:o417,417,train,2008-01-01T00:00:00,2007-01-02T00:00:00,0,636,365,selection_fit,421
366,Climate:h4:f2:o418,418,train,2008-01-08T00:00:00,2007-01-09T00:00:00,0,636,366,selection_fit,422
367,Climate:h4:f2:o419,419,train,2008-01-15T00:00:00,2007-01-16T00:00:00,0,636,367,selection_fit,423
368,Climate:h4:f2:o420,420,train,2008-01-22T00:00:00,2007-01-23T00:00:00,0,636,368,selection_fit,424
369,Climate:h4:f2:o421,421,train,2008-01-29T00:00:00,2007-01-30T00:00:00,0,636,369,selection_fit,425
370,Climate:h4:f2:o422,422,train,2008-02-05T00:00:00,2007-02-06T00:00:00,0,636,370,selection_fit,426
371,Climate:h4:f2:o423,423,train,2008-02-12T00:00:00,2007-02-13T00:00:00,0,636,371,selection_fit,427
372,Climate:h4:f2:o424,424,train,2008-02-19T00:00:00,2007-02-20T00:00:00,0,636,372,selection_fit,428
373,Climate:h4:f2:o425,425,train,2008-02-26T00:00:00,2007-02-27T00:00:00,0,636,373,selection_fit,429
374,Climate:h4:f2:o426,426,train,2008-03-04T00:00:00,2007-03-06T00:00:00,0,636,374,selection_fit,430
375,Climate:h4:f2:o427,427,train,2008-03-11T00:00:00,2007-03-13T00:00:00,0,636,375,selection_fit,431
376,Climate:h4:f2:o428,428,train,2008-03-18T00:00:00,2007-03-20T00:00:00,0,636,376,selection_fit,432
377,Climate:h4:f2:o429,429,train,2008-03-25T00:00:00,2007-03-27T00:00:00,0,636,377,selection_fit,433
378,Climate:h4:f2:o430,430,train,2008-04-01T00:00:00,2007-04-03T00:00:00,0,636,378,selection_fit,434
379,Climate:h4:f2:o431,431,train,2008-04-08T00:00:00,2007-04-10T00:00:00,0,636,379,selection_fit,435
380,Climate:h4:f2:o432,432,train,2008-04-15T00:00:00,2007-04-17T00:00:00,0,636,380,selection_fit,436
381,Climate:h4:f2:o433,433,train,2008-04-22T00:00:00,2007-04-24T00:00:00,0,636,381,selection_fit,437
382,Climate:h4:f2:o434,434,train,2008-04-29T00:00:00,2007-05-01T00:00:00,0,636,382,selection_fit,438
383,Climate:h4:f2:o435,435,train,2008-05-06T00:00:00,2007-05-08T00:00:00,0,636,383,selection_fit,439
384,Climate:h4:f2:o436,436,train,2008-05-13T00:00:00,2007-05-15T00:00:00,0,636,384,selection_fit,440
385,Climate:h4:f2:o437,437,train,2008-05-20T00:00:00,2007-05-22T00:00:00,0,636,385,selection_fit,441
386,Climate:h4:f2:o438,438,train,2008-05-27T00:00:00,2007-05-29T00:00:00,0,636,386,selection_fit,442
387,Climate:h4:f2:o439,439,train,2008-06-03T00:00:00,2007-06-05T00:00:00,0,636,387,selection_fit,443
388,Climate:h4:f2:o440,440,train,2008-06-10T00:00:00,2007-06-12T00:00:00,0,636,388,selection_fit,444
389,Climate:h4:f2:o441,441,train,2008-06-17T00:00:00,2007-06-19T00:00:00,0,636,389,selection_fit,445
390,Climate:h4:f2:o442,442,train,2008-06-24T00:00:00,2007-06-26T00:00:00,0,636,390,selection_fit,446
391,Climate:h4:f2:o443,443,train,2008-07-01T00:00:00,2007-07-03T00:00:00,0,636,391,selection_fit,447
392,Climate:h4:f2:o444,444,train,2008-07-08T00:00:00,2007-07-10T00:00:00,0,636,392,selection_fit,448
393,Climate:h4:f2:o445,445,train,2008-07-15T00:00:00,2007-07-17T00:00:00,0,636,393,selection_fit,449
394,Climate:h4:f2:o446,446,train,2008-07-22T00:00:00,2007-07-24T00:00:00,0,636,394,selection_fit,450
395,Climate:h4:f2:o447,447,train,2008-07-29T00:00:00,2007-07-31T00:00:00,0,636,395,selection_fit,451
396,Climate:h4:f2:o448,448,train,2008-08-05T00:00:00,2007-08-07T00:00:00,0,636,396,selection_fit,452
397,Climate:h4:f2:o449,449,train,2008-08-12T00:00:00,2007-08-14T00:00:00,0,636,397,selection_fit,453
398,Climate:h4:f2:o450,450,train,2008-08-19T00:00:00,2007-08-21T00:00:00,0,636,398,selection_fit,454
399,Climate:h4:f2:o451,451,train,2008-08-26T00:00:00,2007-08-28T00:00:00,0,636,399,selection_fit,455
400,Climate:h4:f2:o452,452,train,2008-09-02T00:00:00,2007-09-04T00:00:00,0,636,400,selection_fit,456
401,Climate:h4:f2:o453,453,train,2008-09-09T00:00:00,2007-09-11T00:00:00,0,636,401,selection_fit,457
402,Climate:h4:f2:o454,454,train,2008-09-16T00:00:00,2007-09-18T00:00:00,0,636,402,selection_fit,458
403,Climate:h4:f2:o455,455,train,2008-09-23T00:00:00,2007-09-25T00:00:00,0,636,403,selection_fit,459
404,Climate:h4:f2:o456,456,train,2008-09-30T00:00:00,2007-10-02T00:00:00,0,636,404,selection_fit,460
405,Climate:h4:f2:o457,457,train,2008-10-07T00:00:00,2007-10-09T00:00:00,0,636,405,selection_fit,461
406,Climate:h4:f2:o458,458,train,2008-10-14T00:00:00,2007-10-16T00:00:00,0,636,406,selection_fit,462
407,Climate:h4:f2:o459,459,train,2008-10-21T00:00:00,2007-10-23T00:00:00,0,636,407,selection_fit,463
408,Climate:h4:f2:o460,460,train,2008-10-28T00:00:00,2007-10-30T00:00:00,0,636,408,selection_fit,464
409,Climate:h4:f2:o461,461,train,2008-11-04T00:00:00,2007-11-06T00:00:00,0,636,409,selection_fit,465
410,Climate:h4:f2:o462,462,train,2008-11-11T00:00:00,2007-11-13T00:00:00,0,636,410,selection_fit,466
411,Climate:h4:f2:o463,463,train,2008-11-18T00:00:00,2007-11-20T00:00:00,0,636,411,selection_fit,467
412,Climate:h4:f2:o464,464,train,2008-11-25T00:00:00,2007-11-27T00:00:00,0,636,412,selection_fit,468
413,Climate:h4:f2:o465,465,train,2008-12-02T00:00:00,2007-12-04T00:00:00,0,636,413,selection_fit,469
414,Climate:h4:f2:o466,466,train,2008-12-09T00:00:00,2007-12-11T00:00:00,0,636,414,selection_fit,470
415,Climate:h4:f2:o467,467,train,2008-12-16T00:00:00,2007-12-18T00:00:00,0,636,415,selection_fit,471
416,Climate:h4:f2:o468,468,train,2008-12-23T00:00:00,2007-12-25T00:00:00,0,636,416,selection_fit,472
417,Climate:h4:f2:o469,469,train,2008-12-30T00:00:00,2008-01-01T00:00:00,0,636,417,selection_fit,473
418,Climate:h4:f2:o470,470,train,2009-01-06T00:00:00,2008-01-08T00:00:00,0,636,418,selection_fit,474
419,Climate:h4:f2:o471,471,train,2009-01-13T00:00:00,2008-01-15T00:00:00,0,636,419,selection_fit,475
420,Climate:h4:f2:o472,472,train,2009-01-20T00:00:00,2008-01-22T00:00:00,0,636,420,selection_fit,476
421,Climate:h4:f2:o473,473,train,2009-01-27T00:00:00,2008-01-29T00:00:00,0,636,421,selection_fit,477
422,Climate:h4:f2:o474,474,train,2009-02-03T00:00:00,2008-02-05T00:00:00,0,636,422,selection_fit,478
423,Climate:h4:f2:o475,475,train,2009-02-10T00:00:00,2008-02-12T00:00:00,0,636,423,selection_fit,479
424,Climate:h4:f2:o476,476,train,2009-02-17T00:00:00,2008-02-19T00:00:00,0,636,424,selection_fit,480
425,Climate:h4:f2:o477,477,train,2009-02-24T00:00:00,2008-02-26T00:00:00,0,636,425,selection_fit,481
426,Climate:h4:f2:o478,478,train,2009-03-03T00:00:00,2008-03-04T00:00:00,0,636,426,selection_fit,482
427,Climate:h4:f2:o479,479,train,2009-03-10T00:00:00,2008-03-11T00:00:00,0,636,427,selection_fit,483
428,Climate:h4:f2:o480,480,train,2009-03-17T00:00:00,2008-03-18T00:00:00,0,636,428,selection_fit,484
429,Climate:h4:f2:o481,481,train,2009-03-24T00:00:00,2008-03-25T00:00:00,0,636,429,selection_fit,485
430,Climate:h4:f2:o482,482,train,2009-03-31T00:00:00,2008-04-01T00:00:00,0,636,430,selection_fit,486
431,Climate:h4:f2:o483,483,train,2009-04-07T00:00:00,2008-04-08T00:00:00,0,636,431,selection_fit,487
432,Climate:h4:f2:o484,484,train,2009-04-14T00:00:00,2008-04-15T00:00:00,0,636,432,selection_fit,488
433,Climate:h4:f2:o485,485,train,2009-04-21T00:00:00,2008-04-22T00:00:00,0,636,433,selection_fit,489
434,Climate:h4:f2:o486,486,train,2009-04-28T00:00:00,2008-04-29T00:00:00,0,636,434,selection_fit,490
435,Climate:h4:f2:o487,487,train,2009-05-05T00:00:00,2008-05-06T00:00:00,0,636,435,selection_fit,491
436,Climate:h4:f2:o488,488,train,2009-05-12T00:00:00,2008-05-13T00:00:00,0,636,436,selection_fit,492
437,Climate:h4:f2:o489,489,train,2009-05-19T00:00:00,2008-05-20T00:00:00,0,636,437,selection_fit,493
438,Climate:h4:f2:o490,490,train,2009-05-26T00:00:00,2008-05-27T00:00:00,0,636,438,selection_fit,494
439,Climate:h4:f2:o491,491,train,2009-06-02T00:00:00,2008-06-03T00:00:00,0,636,439,selection_fit,495
440,Climate:h4:f2:o492,492,train,2009-06-09T00:00:00,2008-06-10T00:00:00,0,636,440,selection_fit,496
441,Climate:h4:f2:o493,493,train,2009-06-16T00:00:00,2008-06-17T00:00:00,0,636,441,selection_fit,497
442,Climate:h4:f2:o494,494,train,2009-06-23T00:00:00,2008-06-24T00:00:00,0,636,442,selection_fit,498
443,Climate:h4:f2:o495,495,train,2009-06-30T00:00:00,2008-07-01T00:00:00,0,636,443,selection_fit,499
444,Climate:h4:f2:o496,496,train,2009-07-07T00:00:00,2008-07-08T00:00:00,0,636,444,selection_fit,500
445,Climate:h4:f2:o497,497,train,2009-07-14T00:00:00,2008-07-15T00:00:00,0,636,445,selection_fit,501
446,Climate:h4:f2:o498,498,train,2009-07-21T00:00:00,2008-07-22T00:00:00,0,636,446,selection_fit,502
447,Climate:h4:f2:o499,499,train,2009-07-28T00:00:00,2008-07-29T00:00:00,0,636,447,selection_fit,503
448,Climate:h4:f2:o500,500,train,2009-08-04T00:00:00,2008-08-05T00:00:00,0,636,448,selection_fit,504
449,Climate:h4:f2:o501,501,train,2009-08-11T00:00:00,2008-08-12T00:00:00,0,636,449,selection_fit,505
450,Climate:h4:f2:o502,502,train,2009-08-18T00:00:00,2008-08-19T00:00:00,0,636,450,selection_fit,506
451,Climate:h4:f2:o503,503,train,2009-08-25T00:00:00,2008-08-26T00:00:00,0,636,451,selection_fit,507
452,Climate:h4:f2:o504,504,train,2009-09-01T00:00:00,2008-09-02T00:00:00,0,636,452,selection_fit,508
453,Climate:h4:f2:o505,505,train,2009-09-08T00:00:00,2008-09-09T00:00:00,0,636,453,selection_fit,509
454,Climate:h4:f2:o506,506,train,2009-09-15T00:00:00,2008-09-16T00:00:00,0,636,454,selection_fit,510
455,Climate:h4:f2:o507,507,train,2009-09-22T00:00:00,2008-09-23T00:00:00,0,636,455,selection_fit,511
456,Climate:h4:f2:o508,508,train,2009-09-29T00:00:00,2008-09-30T00:00:00,0,636,456,selection_fit,512
457,Climate:h4:f2:o509,509,train,2009-10-06T00:00:00,2008-10-07T00:00:00,0,636,457,selection_fit,513
458,Climate:h4:f2:o510,510,train,2009-10-13T00:00:00,2008-10-14T00:00:00,0,636,458,selection_fit,514
459,Climate:h4:f2:o511,511,train,2009-10-20T00:00:00,2008-10-21T00:00:00,0,636,459,selection_fit,515
460,Climate:h4:f2:o512,512,train,2009-10-27T00:00:00,2008-10-28T00:00:00,0,636,460,selection_fit,516
461,Climate:h4:f2:o513,513,train,2009-11-03T00:00:00,2008-11-04T00:00:00,0,636,461,selection_fit,517
462,Climate:h4:f2:o514,514,train,2009-11-10T00:00:00,2008-11-11T00:00:00,0,636,462,selection_fit,518
463,Climate:h4:f2:o515,515,train,2009-11-17T00:00:00,2008-11-18T00:00:00,0,636,463,selection_fit,519
464,Climate:h4:f2:o516,516,train,2009-11-24T00:00:00,2008-11-25T00:00:00,0,636,464,selection_fit,520
465,Climate:h4:f2:o517,517,train,2009-12-01T00:00:00,2008-12-02T00:00:00,0,636,465,selection_fit,521
466,Climate:h4:f2:o518,518,train,2009-12-08T00:00:00,2008-12-09T00:00:00,0,636,466,selection_fit,522
467,Climate:h4:f2:o519,519,train,2009-12-15T00:00:00,2008-12-16T00:00:00,0,636,467,selection_fit,523
468,Climate:h4:f2:o520,520,train,2009-12-22T00:00:00,2008-12-23T00:00:00,0,636,468,selection_fit,524
469,Climate:h4:f2:o521,521,train,2009-12-29T00:00:00,2008-12-30T00:00:00,0,636,469,selection_fit,525
470,Climate:h4:f2:o522,522,train,2010-01-05T00:00:00,2009-01-06T00:00:00,0,636,470,selection_fit,526
471,Climate:h4:f2:o523,523,train,2010-01-12T00:00:00,2009-01-13T00:00:00,0,636,471,selection_fit,527
472,Climate:h4:f2:o524,524,train,2010-01-19T00:00:00,2009-01-20T00:00:00,0,636,472,selection_fit,528
473,Climate:h4:f2:o525,525,train,2010-01-26T00:00:00,2009-01-27T00:00:00,0,636,473,selection_fit,529
474,Climate:h4:f2:o526,526,train,2010-02-02T00:00:00,2009-02-03T00:00:00,0,636,474,selection_fit,530
475,Climate:h4:f2:o527,527,train,2010-02-09T00:00:00,2009-02-10T00:00:00,0,636,475,selection_fit,531
476,Climate:h4:f2:o528,528,train,2010-02-16T00:00:00,2009-02-17T00:00:00,0,636,476,selection_fit,532
477,Climate:h4:f2:o529,529,train,2010-02-23T00:00:00,2009-02-24T00:00:00,0,636,477,selection_fit,533
478,Climate:h4:f2:o530,530,train,2010-03-02T00:00:00,2009-03-03T00:00:00,0,636,478,selection_fit,534
479,Climate:h4:f2:o531,531,train,2010-03-09T00:00:00,2009-03-10T00:00:00,0,636,479,selection_fit,535
480,Climate:h4:f2:o532,532,train,2010-03-16T00:00:00,2009-03-17T00:00:00,0,636,480,selection_fit,536
481,Climate:h4:f2:o533,533,train,2010-03-23T00:00:00,2009-03-24T00:00:00,0,636,481,selection_fit,537
482,Climate:h4:f2:o534,534,train,2010-03-30T00:00:00,2009-03-31T00:00:00,0,636,482,selection_fit,538
483,Climate:h4:f2:o535,535,train,2010-04-06T00:00:00,2009-04-07T00:00:00,0,636,483,selection_fit,539
484,Climate:h4:f2:o536,536,train,2010-04-13T00:00:00,2009-04-14T00:00:00,0,636,484,selection_fit,540
485,Climate:h4:f2:o537,537,train,2010-04-20T00:00:00,2009-04-21T00:00:00,0,636,485,selection_fit,541
486,Climate:h4:f2:o538,538,train,2010-04-27T00:00:00,2009-04-28T00:00:00,0,636,486,selection_fit,542
487,Climate:h4:f2:o539,539,train,2010-05-04T00:00:00,2009-05-05T00:00:00,0,636,487,selection_fit,543
488,Climate:h4:f2:o540,540,train,2010-05-11T00:00:00,2009-05-12T00:00:00,0,636,488,selection_fit,544
489,Climate:h4:f2:o541,541,train,2010-05-18T00:00:00,2009-05-19T00:00:00,0,636,489,selection_fit,545
490,Climate:h4:f2:o542,542,train,2010-05-25T00:00:00,2009-05-26T00:00:00,0,636,490,selection_fit,546
491,Climate:h4:f2:o543,543,train,2010-06-01T00:00:00,2009-06-02T00:00:00,0,636,491,selection_fit,547
492,Climate:h4:f2:o544,544,train,2010-06-08T00:00:00,2009-06-09T00:00:00,0,636,492,selection_fit,548
493,Climate:h4:f2:o545,545,train,2010-06-15T00:00:00,2009-06-16T00:00:00,0,636,493,selection_fit,549
494,Climate:h4:f2:o546,546,train,2010-06-22T00:00:00,2009-06-23T00:00:00,0,636,494,selection_fit,550
495,Climate:h4:f2:o547,547,train,2010-06-29T00:00:00,2009-06-30T00:00:00,0,636,495,selection_fit,551
496,Climate:h4:f2:o548,548,train,2010-07-06T00:00:00,2009-07-07T00:00:00,0,636,496,selection_fit,552
497,Climate:h4:f2:o549,549,train,2010-07-13T00:00:00,2009-07-14T00:00:00,0,636,497,selection_fit,553
498,Climate:h4:f2:o550,550,train,2010-07-20T00:00:00,2009-07-21T00:00:00,0,636,498,selection_fit,554
499,Climate:h4:f2:o551,551,train,2010-07-27T00:00:00,2009-07-28T00:00:00,0,636,499,selection_fit,555
500,Climate:h4:f2:o552,552,train,2010-08-03T00:00:00,2009-08-04T00:00:00,0,636,500,selection_fit,556
501,Climate:h4:f2:o553,553,train,2010-08-10T00:00:00,2009-08-11T00:00:00,0,636,501,selection_fit,557
502,Climate:h4:f2:o554,554,train,2010-08-17T00:00:00,2009-08-18T00:00:00,0,636,502,selection_fit,558
503,Climate:h4:f2:o555,555,train,2010-08-24T00:00:00,2009-08-25T00:00:00,0,636,503,selection_fit,559
504,Climate:h4:f2:o556,556,train,2010-08-31T00:00:00,2009-09-01T00:00:00,0,636,504,selection_fit,560
505,Climate:h4:f2:o557,557,train,2010-09-07T00:00:00,2009-09-08T00:00:00,0,636,505,selection_fit,561
506,Climate:h4:f2:o558,558,train,2010-09-14T00:00:00,2009-09-15T00:00:00,0,636,506,selection_fit,562
507,Climate:h4:f2:o559,559,train,2010-09-21T00:00:00,2009-09-22T00:00:00,0,636,507,selection_fit,563
508,Climate:h4:f2:o560,560,train,2010-09-28T00:00:00,2009-09-29T00:00:00,0,636,508,selection_fit,564
509,Climate:h4:f2:o561,561,train,2010-10-05T00:00:00,2009-10-06T00:00:00,0,636,509,selection_fit,565
510,Climate:h4:f2:o562,562,train,2010-10-12T00:00:00,2009-10-13T00:00:00,0,636,510,selection_fit,566
511,Climate:h4:f2:o563,563,train,2010-10-19T00:00:00,2009-10-20T00:00:00,0,636,511,selection_fit,567
512,Climate:h4:f2:o564,564,train,2010-10-26T00:00:00,2009-10-27T00:00:00,0,636,512,selection_fit,568
513,Climate:h4:f2:o565,565,train,2010-11-02T00:00:00,2009-11-03T00:00:00,0,636,513,selection_fit,569
514,Climate:h4:f2:o566,566,train,2010-11-09T00:00:00,2009-11-10T00:00:00,0,636,514,selection_fit,570
515,Climate:h4:f2:o567,567,train,2010-11-16T00:00:00,2009-11-17T00:00:00,0,636,515,selection_fit,571
516,Climate:h4:f2:o568,568,train,2010-11-23T00:00:00,2009-11-24T00:00:00,0,636,516,selection_fit,572
517,Climate:h4:f2:o569,569,train,2010-11-30T00:00:00,2009-12-01T00:00:00,0,636,517,selection_fit,573
518,Climate:h4:f2:o570,570,train,2010-12-07T00:00:00,2009-12-08T00:00:00,0,636,518,selection_fit,574
519,Climate:h4:f2:o571,571,train,2010-12-14T00:00:00,2009-12-15T00:00:00,0,636,519,selection_fit,575
520,Climate:h4:f2:o572,572,train,2010-12-21T00:00:00,2009-12-22T00:00:00,0,636,520,selection_fit,576
521,Climate:h4:f2:o573,573,train,2010-12-28T00:00:00,2009-12-29T00:00:00,0,636,521,selection_fit,577
522,Climate:h4:f2:o574,574,train,2011-01-04T00:00:00,2010-01-05T00:00:00,0,636,522,selection_fit,578
523,Climate:h4:f2:o575,575,train,2011-01-11T00:00:00,2010-01-12T00:00:00,0,636,523,selection_fit,579
524,Climate:h4:f2:o576,576,train,2011-01-18T00:00:00,2010-01-19T00:00:00,0,636,524,selection_fit,580
525,Climate:h4:f2:o577,577,train,2011-01-25T00:00:00,2010-01-26T00:00:00,0,636,525,selection_fit,581
526,Climate:h4:f2:o578,578,train,2011-02-01T00:00:00,2010-02-02T00:00:00,0,636,526,selection_fit,582
527,Climate:h4:f2:o579,579,train,2011-02-08T00:00:00,2010-02-09T00:00:00,0,636,527,selection_fit,583
528,Climate:h4:f2:o580,580,train,2011-02-15T00:00:00,2010-02-16T00:00:00,0,636,528,selection_fit,584
529,Climate:h4:f2:o581,581,train,2011-02-22T00:00:00,2010-02-23T00:00:00,0,636,529,selection_fit,585
530,Climate:h4:f2:o582,582,train,2011-03-01T00:00:00,2010-03-02T00:00:00,0,636,530,selection_fit,586
531,Climate:h4:f2:o583,583,train,2011-03-08T00:00:00,2010-03-09T00:00:00,0,636,531,selection_fit,587
532,Climate:h4:f2:o584,584,train,2011-03-15T00:00:00,2010-03-16T00:00:00,0,636,532,selection_fit,588
533,Climate:h4:f2:o585,585,train,2011-03-22T00:00:00,2010-03-23T00:00:00,0,636,533,selection_fit,589
534,Climate:h4:f2:o586,586,train,2011-03-29T00:00:00,2010-03-30T00:00:00,0,636,534,selection_fit,590
535,Climate:h4:f2:o587,587,train,2011-04-05T00:00:00,2010-04-06T00:00:00,0,636,535,selection_fit,591
536,Climate:h4:f2:o588,588,train,2011-04-12T00:00:00,2010-04-13T00:00:00,0,636,536,selection_fit,592
537,Climate:h4:f2:o589,589,train,2011-04-19T00:00:00,2010-04-20T00:00:00,0,636,537,selection_fit,593
538,Climate:h4:f2:o590,590,train,2011-04-26T00:00:00,2010-04-27T00:00:00,0,636,538,selection_fit,594
539,Climate:h4:f2:o591,591,train,2011-05-03T00:00:00,2010-05-04T00:00:00,0,636,539,selection_fit,595
540,Climate:h4:f2:o592,592,train,2011-05-10T00:00:00,2010-05-11T00:00:00,0,636,540,selection_fit,596
541,Climate:h4:f2:o593,593,train,2011-05-17T00:00:00,2010-05-18T00:00:00,0,636,541,selection_fit,597
542,Climate:h4:f2:o594,594,train,2011-05-24T00:00:00,2010-05-25T00:00:00,0,636,542,selection_fit,598
543,Climate:h4:f2:o595,595,train,2011-05-31T00:00:00,2010-06-01T00:00:00,0,636,543,selection_fit,599
544,Climate:h4:f2:o596,596,train,2011-06-07T00:00:00,2010-06-08T00:00:00,0,636,544,selection_fit,600
545,Climate:h4:f2:o597,597,train,2011-06-14T00:00:00,2010-06-15T00:00:00,0,636,545,selection_fit,601
546,Climate:h4:f2:o598,598,train,2011-06-21T00:00:00,2010-06-22T00:00:00,0,636,546,selection_fit,602
547,Climate:h4:f2:o599,599,train,2011-06-28T00:00:00,2010-06-29T00:00:00,0,636,547,selection_fit,603
548,Climate:h4:f2:o600,600,train,2011-07-05T00:00:00,2010-07-06T00:00:00,0,636,548,selection_fit,604
549,Climate:h4:f2:o601,601,train,2011-07-12T00:00:00,2010-07-13T00:00:00,0,636,549,selection_fit,605
550,Climate:h4:f2:o602,602,train,2011-07-19T00:00:00,2010-07-20T00:00:00,0,636,550,selection_fit,606
551,Climate:h4:f2:o603,603,train,2011-07-26T00:00:00,2010-07-27T00:00:00,0,636,551,selection_fit,607
552,Climate:h4:f2:o604,604,train,2011-08-02T00:00:00,2010-08-03T00:00:00,0,636,552,selection_fit,608
553,Climate:h4:f2:o605,605,train,2011-08-09T00:00:00,2010-08-10T00:00:00,0,636,553,selection_fit,609
554,Climate:h4:f2:o606,606,train,2011-08-16T00:00:00,2010-08-17T00:00:00,0,636,554,selection_fit,610
555,Climate:h4:f2:o607,607,train,2011-08-23T00:00:00,2010-08-24T00:00:00,0,636,555,selection_fit,611
556,Climate:h4:f2:o608,608,train,2011-08-30T00:00:00,2010-08-31T00:00:00,0,636,556,selection_fit,612
557,Climate:h4:f2:o609,609,train,2011-09-06T00:00:00,2010-09-07T00:00:00,0,636,557,selection_fit,613
558,Climate:h4:f2:o610,610,train,2011-09-13T00:00:00,2010-09-14T00:00:00,0,636,558,selection_fit,614
559,Climate:h4:f2:o611,611,train,2011-09-20T00:00:00,2010-09-21T00:00:00,0,636,559,selection_fit,615
560,Climate:h4:f2:o612,612,train,2011-09-27T00:00:00,2010-09-28T00:00:00,0,636,560,selection_fit,616
561,Climate:h4:f2:o613,613,train,2011-10-04T00:00:00,2010-10-05T00:00:00,0,636,561,selection_fit,617
562,Climate:h4:f2:o614,614,train,2011-10-11T00:00:00,2010-10-12T00:00:00,0,636,562,selection_fit,618
563,Climate:h4:f2:o615,615,train,2011-10-18T00:00:00,2010-10-19T00:00:00,0,636,563,selection_fit,619
564,Climate:h4:f2:o616,616,train,2011-10-25T00:00:00,2010-10-26T00:00:00,0,636,564,selection_fit,620
565,Climate:h4:f2:o617,617,train,2011-11-01T00:00:00,2010-11-02T00:00:00,0,636,565,selection_fit,621
566,Climate:h4:f2:o618,618,train,2011-11-08T00:00:00,2010-11-09T00:00:00,0,636,566,selection_fit,622
567,Climate:h4:f2:o619,619,train,2011-11-15T00:00:00,2010-11-16T00:00:00,0,636,567,selection_fit,623
568,Climate:h4:f2:o620,620,train,2011-11-22T00:00:00,2010-11-23T00:00:00,0,636,568,selection_fit,624
569,Climate:h4:f2:o621,621,train,2011-11-29T00:00:00,2010-11-30T00:00:00,0,636,569,selection_fit,625
570,Climate:h4:f2:o622,622,train,2011-12-06T00:00:00,2010-12-07T00:00:00,0,636,570,selection_fit,626
571,Climate:h4:f2:o623,623,train,2011-12-13T00:00:00,2010-12-14T00:00:00,0,636,571,selection_fit,627
572,Climate:h4:f2:o624,624,train,2011-12-20T00:00:00,2010-12-21T00:00:00,0,636,572,selection_fit,628
573,Climate:h4:f2:o625,625,train,2011-12-27T00:00:00,2010-12-28T00:00:00,0,636,573,selection_fit,629
574,Climate:h4:f2:o626,626,train,2012-01-03T00:00:00,2011-01-04T00:00:00,0,636,574,selection_fit,630
575,Climate:h4:f2:o627,627,train,2012-01-10T00:00:00,2011-01-11T00:00:00,0,636,575,selection_fit,631
576,Climate:h4:f2:o628,628,train,2012-01-17T00:00:00,2011-01-18T00:00:00,0,636,576,selection_fit,632
577,Climate:h4:f2:o629,629,train,2012-01-24T00:00:00,2011-01-25T00:00:00,0,636,577,selection_fit,633
578,Climate:h4:f2:o630,630,train,2012-01-31T00:00:00,2011-02-01T00:00:00,0,636,578,selection_fit,634
579,Climate:h4:f2:o631,631,train,2012-02-07T00:00:00,2011-02-08T00:00:00,0,636,579,selection_fit,635
580,Climate:h4:f2:o632,632,train,2012-02-14T00:00:00,2011-02-15T00:00:00,0,636,580,selection_fit,636
581,Climate:h4:f2:o636,636,calibration,2012-03-13T00:00:00,2011-03-15T00:00:00,636,763,581,selection_fit,640
582,Climate:h4:f2:o637,637,calibration,2012-03-20T00:00:00,2011-03-22T00:00:00,636,763,582,selection_fit,641
583,Climate:h4:f2:o638,638,calibration,2012-03-27T00:00:00,2011-03-29T00:00:00,636,763,583,selection_fit,642
584,Climate:h4:f2:o639,639,calibration,2012-04-03T00:00:00,2011-04-05T00:00:00,636,763,584,selection_fit,643
585,Climate:h4:f2:o640,640,calibration,2012-04-10T00:00:00,2011-04-12T00:00:00,636,763,585,selection_fit,644
586,Climate:h4:f2:o641,641,calibration,2012-04-17T00:00:00,2011-04-19T00:00:00,636,763,586,selection_fit,645
587,Climate:h4:f2:o642,642,calibration,2012-04-24T00:00:00,2011-04-26T00:00:00,636,763,587,selection_fit,646
588,Climate:h4:f2:o643,643,calibration,2012-05-01T00:00:00,2011-05-03T00:00:00,636,763,588,selection_fit,647
589,Climate:h4:f2:o644,644,calibration,2012-05-08T00:00:00,2011-05-10T00:00:00,636,763,589,selection_fit,648
590,Climate:h4:f2:o645,645,calibration,2012-05-15T00:00:00,2011-05-17T00:00:00,636,763,590,selection_fit,649
591,Climate:h4:f2:o646,646,calibration,2012-05-22T00:00:00,2011-05-24T00:00:00,636,763,591,selection_fit,650
592,Climate:h4:f2:o647,647,calibration,2012-05-29T00:00:00,2011-05-31T00:00:00,636,763,592,selection_fit,651
593,Climate:h4:f2:o648,648,calibration,2012-06-05T00:00:00,2011-06-07T00:00:00,636,763,593,selection_fit,652
594,Climate:h4:f2:o649,649,calibration,2012-06-12T00:00:00,2011-06-14T00:00:00,636,763,594,selection_fit,653
595,Climate:h4:f2:o650,650,calibration,2012-06-19T00:00:00,2011-06-21T00:00:00,636,763,595,selection_fit,654
596,Climate:h4:f2:o651,651,calibration,2012-06-26T00:00:00,2011-06-28T00:00:00,636,763,596,selection_fit,655
597,Climate:h4:f2:o652,652,calibration,2012-07-03T00:00:00,2011-07-05T00:00:00,636,763,597,selection_fit,656
598,Climate:h4:f2:o653,653,calibration,2012-07-10T00:00:00,2011-07-12T00:00:00,636,763,598,selection_fit,657
599,Climate:h4:f2:o654,654,calibration,2012-07-17T00:00:00,2011-07-19T00:00:00,636,763,599,selection_fit,658
600,Climate:h4:f2:o655,655,calibration,2012-07-24T00:00:00,2011-07-26T00:00:00,636,763,600,selection_fit,659
601,Climate:h4:f2:o656,656,calibration,2012-07-31T00:00:00,2011-08-02T00:00:00,636,763,601,selection_fit,660
602,Climate:h4:f2:o657,657,calibration,2012-08-07T00:00:00,2011-08-09T00:00:00,636,763,602,selection_fit,661
603,Climate:h4:f2:o658,658,calibration,2012-08-14T00:00:00,2011-08-16T00:00:00,636,763,603,selection_fit,662
604,Climate:h4:f2:o659,659,calibration,2012-08-21T00:00:00,2011-08-23T00:00:00,636,763,604,selection_fit,663
605,Climate:h4:f2:o660,660,calibration,2012-08-28T00:00:00,2011-08-30T00:00:00,636,763,605,selection_fit,664
606,Climate:h4:f2:o661,661,calibration,2012-09-04T00:00:00,2011-09-06T00:00:00,636,763,606,selection_fit,665
607,Climate:h4:f2:o662,662,calibration,2012-09-11T00:00:00,2011-09-13T00:00:00,636,763,607,selection_fit,666
608,Climate:h4:f2:o663,663,calibration,2012-09-18T00:00:00,2011-09-20T00:00:00,636,763,608,selection_fit,667
609,Climate:h4:f2:o664,664,calibration,2012-09-25T00:00:00,2011-09-27T00:00:00,636,763,609,selection_fit,668
610,Climate:h4:f2:o665,665,calibration,2012-10-02T00:00:00,2011-10-04T00:00:00,636,763,610,selection_fit,669
611,Climate:h4:f2:o666,666,calibration,2012-10-09T00:00:00,2011-10-11T00:00:00,636,763,611,selection_fit,670
612,Climate:h4:f2:o667,667,calibration,2012-10-16T00:00:00,2011-10-18T00:00:00,636,763,612,selection_fit,671
613,Climate:h4:f2:o668,668,calibration,2012-10-23T00:00:00,2011-10-25T00:00:00,636,763,613,selection_fit,672
614,Climate:h4:f2:o669,669,calibration,2012-10-30T00:00:00,2011-11-01T00:00:00,636,763,614,selection_fit,673
615,Climate:h4:f2:o670,670,calibration,2012-11-06T00:00:00,2011-11-08T00:00:00,636,763,615,selection_fit,674
616,Climate:h4:f2:o671,671,calibration,2012-11-13T00:00:00,2011-11-15T00:00:00,636,763,616,selection_fit,675
617,Climate:h4:f2:o672,672,calibration,2012-11-20T00:00:00,2011-11-22T00:00:00,636,763,617,selection_fit,676
618,Climate:h4:f2:o673,673,calibration,2012-11-27T00:00:00,2011-11-29T00:00:00,636,763,618,selection_fit,677
619,Climate:h4:f2:o674,674,calibration,2012-12-04T00:00:00,2011-12-06T00:00:00,636,763,619,selection_fit,678
620,Climate:h4:f2:o675,675,calibration,2012-12-11T00:00:00,2011-12-13T00:00:00,636,763,620,selection_fit,679
621,Climate:h4:f2:o676,676,calibration,2012-12-18T00:00:00,2011-12-20T00:00:00,636,763,621,selection_fit,680
622,Climate:h4:f2:o677,677,calibration,2012-12-25T00:00:00,2011-12-27T00:00:00,636,763,622,selection_fit,681
623,Climate:h4:f2:o678,678,calibration,2013-01-01T00:00:00,2012-01-03T00:00:00,636,763,623,selection_fit,682
624,Climate:h4:f2:o679,679,calibration,2013-01-08T00:00:00,2012-01-10T00:00:00,636,763,624,selection_fit,683
625,Climate:h4:f2:o680,680,calibration,2013-01-15T00:00:00,2012-01-17T00:00:00,636,763,625,selection_fit,684
626,Climate:h4:f2:o681,681,calibration,2013-01-22T00:00:00,2012-01-24T00:00:00,636,763,626,selection_fit,685
627,Climate:h4:f2:o682,682,calibration,2013-01-29T00:00:00,2012-01-31T00:00:00,636,763,627,selection_fit,686
628,Climate:h4:f2:o683,683,calibration,2013-02-05T00:00:00,2012-02-07T00:00:00,636,763,628,selection_fit,687
629,Climate:h4:f2:o684,684,calibration,2013-02-12T00:00:00,2012-02-14T00:00:00,636,763,629,selection_fit,688
630,Climate:h4:f2:o685,685,calibration,2013-02-19T00:00:00,2012-02-21T00:00:00,636,763,630,selection_fit,689
631,Climate:h4:f2:o686,686,calibration,2013-02-26T00:00:00,2012-02-28T00:00:00,636,763,631,selection_fit,690
632,Climate:h4:f2:o687,687,calibration,2013-03-05T00:00:00,2012-03-06T00:00:00,636,763,632,selection_fit,691
633,Climate:h4:f2:o688,688,calibration,2013-03-12T00:00:00,2012-03-13T00:00:00,636,763,633,selection_fit,692
634,Climate:h4:f2:o689,689,calibration,2013-03-19T00:00:00,2012-03-20T00:00:00,636,763,634,selection_fit,693
635,Climate:h4:f2:o690,690,calibration,2013-03-26T00:00:00,2012-03-27T00:00:00,636,763,635,selection_fit,694
636,Climate:h4:f2:o691,691,calibration,2013-04-02T00:00:00,2012-04-03T00:00:00,636,763,636,selection_fit,695
637,Climate:h4:f2:o692,692,calibration,2013-04-09T00:00:00,2012-04-10T00:00:00,636,763,637,selection_fit,696
638,Climate:h4:f2:o693,693,calibration,2013-04-16T00:00:00,2012-04-17T00:00:00,636,763,638,selection_fit,697
639,Climate:h4:f2:o694,694,calibration,2013-04-23T00:00:00,2012-04-24T00:00:00,636,763,639,selection_fit,698
640,Climate:h4:f2:o695,695,calibration,2013-04-30T00:00:00,2012-05-01T00:00:00,636,763,640,selection_fit,699
641,Climate:h4:f2:o696,696,calibration,2013-05-07T00:00:00,2012-05-08T00:00:00,636,763,641,selection_fit,700
642,Climate:h4:f2:o697,697,calibration,2013-05-14T00:00:00,2012-05-15T00:00:00,636,763,642,selection_fit,701
643,Climate:h4:f2:o698,698,calibration,2013-05-21T00:00:00,2012-05-22T00:00:00,636,763,643,selection_fit,702
644,Climate:h4:f2:o699,699,calibration,2013-05-28T00:00:00,2012-05-29T00:00:00,636,763,644,selection_fit,703
645,Climate:h4:f2:o700,700,calibration,2013-06-04T00:00:00,2012-06-05T00:00:00,636,763,645,selection_fit,704
646,Climate:h4:f2:o701,701,calibration,2013-06-11T00:00:00,2012-06-12T00:00:00,636,763,646,selection_fit,705
647,Climate:h4:f2:o702,702,calibration,2013-06-18T00:00:00,2012-06-19T00:00:00,636,763,647,selection_fit,706
648,Climate:h4:f2:o703,703,calibration,2013-06-25T00:00:00,2012-06-26T00:00:00,636,763,648,selection_fit,707
649,Climate:h4:f2:o704,704,calibration,2013-07-02T00:00:00,2012-07-03T00:00:00,636,763,649,selection_fit,708
650,Climate:h4:f2:o705,705,calibration,2013-07-09T00:00:00,2012-07-10T00:00:00,636,763,650,selection_fit,709
651,Climate:h4:f2:o706,706,calibration,2013-07-16T00:00:00,2012-07-17T00:00:00,636,763,651,selection_fit,710
652,Climate:h4:f2:o707,707,calibration,2013-07-23T00:00:00,2012-07-24T00:00:00,636,763,652,selection_fit,711
653,Climate:h4:f2:o708,708,calibration,2013-07-30T00:00:00,2012-07-31T00:00:00,636,763,653,selection_fit,712
654,Climate:h4:f2:o709,709,calibration,2013-08-06T00:00:00,2012-08-07T00:00:00,636,763,654,selection_fit,713
655,Climate:h4:f2:o710,710,calibration,2013-08-13T00:00:00,2012-08-14T00:00:00,636,763,655,selection_fit,714
656,Climate:h4:f2:o711,711,calibration,2013-08-20T00:00:00,2012-08-21T00:00:00,636,763,656,selection_fit,715
657,Climate:h4:f2:o712,712,calibration,2013-08-27T00:00:00,2012-08-28T00:00:00,636,763,657,selection_fit,716
658,Climate:h4:f2:o713,713,calibration,2013-09-03T00:00:00,2012-09-04T00:00:00,636,763,658,selection_fit,717
659,Climate:h4:f2:o714,714,calibration,2013-09-10T00:00:00,2012-09-11T00:00:00,636,763,659,selection_fit,718
660,Climate:h4:f2:o715,715,calibration,2013-09-17T00:00:00,2012-09-18T00:00:00,636,763,660,selection_fit,719
661,Climate:h4:f2:o716,716,calibration,2013-09-24T00:00:00,2012-09-25T00:00:00,636,763,661,selection_fit,720
662,Climate:h4:f2:o717,717,calibration,2013-10-01T00:00:00,2012-10-02T00:00:00,636,763,662,selection_fit,721
663,Climate:h4:f2:o718,718,calibration,2013-10-08T00:00:00,2012-10-09T00:00:00,636,763,663,selection_fit,722
664,Climate:h4:f2:o719,719,calibration,2013-10-15T00:00:00,2012-10-16T00:00:00,636,763,664,selection_fit,723
665,Climate:h4:f2:o720,720,calibration,2013-10-22T00:00:00,2012-10-23T00:00:00,636,763,665,selection_fit,724
666,Climate:h4:f2:o721,721,calibration,2013-10-29T00:00:00,2012-10-30T00:00:00,636,763,666,selection_fit,725
667,Climate:h4:f2:o722,722,calibration,2013-11-05T00:00:00,2012-11-06T00:00:00,636,763,667,selection_fit,726
668,Climate:h4:f2:o723,723,calibration,2013-11-12T00:00:00,2012-11-13T00:00:00,636,763,668,selection_fit,727
669,Climate:h4:f2:o724,724,calibration,2013-11-19T00:00:00,2012-11-20T00:00:00,636,763,669,selection_fit,728
670,Climate:h4:f2:o725,725,calibration,2013-11-26T00:00:00,2012-11-27T00:00:00,636,763,670,selection_fit,729
671,Climate:h4:f2:o726,726,calibration,2013-12-03T00:00:00,2012-12-04T00:00:00,636,763,671,selection_fit,730
672,Climate:h4:f2:o727,727,calibration,2013-12-10T00:00:00,2012-12-11T00:00:00,636,763,672,selection_fit,731
673,Climate:h4:f2:o728,728,calibration,2013-12-17T00:00:00,2012-12-18T00:00:00,636,763,673,selection_fit,732
674,Climate:h4:f2:o729,729,calibration,2013-12-24T00:00:00,2012-12-25T00:00:00,636,763,674,selection_fit,733
675,Climate:h4:f2:o730,730,calibration,2013-12-31T00:00:00,2013-01-01T00:00:00,636,763,675,selection_fit,734
676,Climate:h4:f2:o731,731,calibration,2014-01-07T00:00:00,2013-01-08T00:00:00,636,763,676,selection_fit,735
677,Climate:h4:f2:o732,732,calibration,2014-01-14T00:00:00,2013-01-15T00:00:00,636,763,677,selection_fit,736
678,Climate:h4:f2:o733,733,calibration,2014-01-21T00:00:00,2013-01-22T00:00:00,636,763,678,selection_fit,737
679,Climate:h4:f2:o734,734,calibration,2014-01-28T00:00:00,2013-01-29T00:00:00,636,763,679,selection_fit,738
680,Climate:h4:f2:o735,735,calibration,2014-02-04T00:00:00,2013-02-05T00:00:00,636,763,680,selection_fit,739
681,Climate:h4:f2:o736,736,calibration,2014-02-11T00:00:00,2013-02-12T00:00:00,636,763,681,selection_fit,740
682,Climate:h4:f2:o737,737,calibration,2014-02-18T00:00:00,2013-02-19T00:00:00,636,763,682,selection_fit,741
683,Climate:h4:f2:o738,738,calibration,2014-02-25T00:00:00,2013-02-26T00:00:00,636,763,683,selection_fit,742
684,Climate:h4:f2:o739,739,calibration,2014-03-04T00:00:00,2013-03-05T00:00:00,636,763,684,selection_fit,743
685,Climate:h4:f2:o740,740,calibration,2014-03-11T00:00:00,2013-03-12T00:00:00,636,763,685,selection_fit,744
686,Climate:h4:f2:o741,741,calibration,2014-03-18T00:00:00,2013-03-19T00:00:00,636,763,686,selection_fit,745
687,Climate:h4:f2:o742,742,calibration,2014-03-25T00:00:00,2013-03-26T00:00:00,636,763,687,selection_fit,746
688,Climate:h4:f2:o743,743,calibration,2014-04-01T00:00:00,2013-04-02T00:00:00,636,763,688,selection_fit,747
689,Climate:h4:f2:o744,744,calibration,2014-04-08T00:00:00,2013-04-09T00:00:00,636,763,689,selection_fit,748
690,Climate:h4:f2:o745,745,calibration,2014-04-15T00:00:00,2013-04-16T00:00:00,636,763,690,selection_fit,749
691,Climate:h4:f2:o746,746,calibration,2014-04-22T00:00:00,2013-04-23T00:00:00,636,763,691,selection_fit,750
692,Climate:h4:f2:o747,747,calibration,2014-04-29T00:00:00,2013-04-30T00:00:00,636,763,692,selection_fit,751
693,Climate:h4:f2:o748,748,calibration,2014-05-06T00:00:00,2013-05-07T00:00:00,636,763,693,selection_fit,752
694,Climate:h4:f2:o749,749,calibration,2014-05-13T00:00:00,2013-05-14T00:00:00,636,763,694,selection_fit,753
695,Climate:h4:f2:o750,750,calibration,2014-05-20T00:00:00,2013-05-21T00:00:00,636,763,695,selection_fit,754
696,Climate:h4:f2:o751,751,calibration,2014-05-27T00:00:00,2013-05-28T00:00:00,636,763,696,selection_fit,755
697,Climate:h4:f2:o752,752,calibration,2014-06-03T00:00:00,2013-06-04T00:00:00,636,763,697,selection_fit,756
698,Climate:h4:f2:o753,753,calibration,2014-06-10T00:00:00,2013-06-11T00:00:00,636,763,698,selection_fit,757
699,Climate:h4:f2:o754,754,calibration,2014-06-17T00:00:00,2013-06-18T00:00:00,636,763,699,selection_fit,758
700,Climate:h4:f2:o755,755,calibration,2014-06-24T00:00:00,2013-06-25T00:00:00,636,763,700,selection_fit,759
701,Climate:h4:f2:o756,756,calibration,2014-07-01T00:00:00,2013-07-02T00:00:00,636,763,701,selection_fit,760
702,Climate:h4:f2:o757,757,calibration,2014-07-08T00:00:00,2013-07-09T00:00:00,636,763,702,selection_fit,761
703,Climate:h4:f2:o758,758,calibration,2014-07-15T00:00:00,2013-07-16T00:00:00,636,763,703,selection_fit,762
704,Climate:h4:f2:o759,759,calibration,2014-07-22T00:00:00,2013-07-23T00:00:00,636,763,704,selection_fit,763
705,Climate:h4:f2:o763,763,decision,2014-08-19T00:00:00,2013-08-20T00:00:00,763,1017,705,selection_fit,767
706,Climate:h4:f2:o764,764,decision,2014-08-26T00:00:00,2013-08-27T00:00:00,763,1017,706,selection_fit,768
707,Climate:h4:f2:o765,765,decision,2014-09-02T00:00:00,2013-09-03T00:00:00,763,1017,707,selection_fit,769
708,Climate:h4:f2:o766,766,decision,2014-09-09T00:00:00,2013-09-10T00:00:00,763,1017,708,selection_fit,770
709,Climate:h4:f2:o767,767,decision,2014-09-16T00:00:00,2013-09-17T00:00:00,763,1017,709,selection_fit,771
710,Climate:h4:f2:o768,768,decision,2014-09-23T00:00:00,2013-09-24T00:00:00,763,1017,710,selection_fit,772
711,Climate:h4:f2:o769,769,decision,2014-09-30T00:00:00,2013-10-01T00:00:00,763,1017,711,selection_fit,773
712,Climate:h4:f2:o770,770,decision,2014-10-07T00:00:00,2013-10-08T00:00:00,763,1017,712,selection_fit,774
713,Climate:h4:f2:o771,771,decision,2014-10-14T00:00:00,2013-10-15T00:00:00,763,1017,713,selection_fit,775
714,Climate:h4:f2:o772,772,decision,2014-10-21T00:00:00,2013-10-22T00:00:00,763,1017,714,selection_fit,776
715,Climate:h4:f2:o773,773,decision,2014-10-28T00:00:00,2013-10-29T00:00:00,763,1017,715,selection_fit,777
716,Climate:h4:f2:o774,774,decision,2014-11-04T00:00:00,2013-11-05T00:00:00,763,1017,716,selection_fit,778
717,Climate:h4:f2:o775,775,decision,2014-11-11T00:00:00,2013-11-12T00:00:00,763,1017,717,selection_fit,779
718,Climate:h4:f2:o776,776,decision,2014-11-18T00:00:00,2013-11-19T00:00:00,763,1017,718,selection_fit,780
719,Climate:h4:f2:o777,777,decision,2014-11-25T00:00:00,2013-11-26T00:00:00,763,1017,719,selection_fit,781
720,Climate:h4:f2:o778,778,decision,2014-12-02T00:00:00,2013-12-03T00:00:00,763,1017,720,selection_fit,782
721,Climate:h4:f2:o779,779,decision,2014-12-09T00:00:00,2013-12-10T00:00:00,763,1017,721,selection_fit,783
722,Climate:h4:f2:o780,780,decision,2014-12-16T00:00:00,2013-12-17T00:00:00,763,1017,722,selection_fit,784
723,Climate:h4:f2:o781,781,decision,2014-12-23T00:00:00,2013-12-24T00:00:00,763,1017,723,selection_fit,785
724,Climate:h4:f2:o782,782,decision,2014-12-30T00:00:00,2013-12-31T00:00:00,763,1017,724,selection_fit,786
725,Climate:h4:f2:o783,783,decision,2015-01-06T00:00:00,2014-01-07T00:00:00,763,1017,725,selection_fit,787
726,Climate:h4:f2:o784,784,decision,2015-01-13T00:00:00,2014-01-14T00:00:00,763,1017,726,selection_fit,788
727,Climate:h4:f2:o785,785,decision,2015-01-20T00:00:00,2014-01-21T00:00:00,763,1017,727,selection_fit,789
728,Climate:h4:f2:o786,786,decision,2015-01-27T00:00:00,2014-01-28T00:00:00,763,1017,728,selection_fit,790
729,Climate:h4:f2:o787,787,decision,2015-02-03T00:00:00,2014-02-04T00:00:00,763,1017,729,selection_fit,791
730,Climate:h4:f2:o788,788,decision,2015-02-10T00:00:00,2014-02-11T00:00:00,763,1017,730,selection_fit,792
731,Climate:h4:f2:o789,789,decision,2015-02-17T00:00:00,2014-02-18T00:00:00,763,1017,731,selection_fit,793
732,Climate:h4:f2:o790,790,decision,2015-02-24T00:00:00,2014-02-25T00:00:00,763,1017,732,selection_fit,794
733,Climate:h4:f2:o791,791,decision,2015-03-03T00:00:00,2014-03-04T00:00:00,763,1017,733,selection_fit,795
734,Climate:h4:f2:o792,792,decision,2015-03-10T00:00:00,2014-03-11T00:00:00,763,1017,734,selection_fit,796
735,Climate:h4:f2:o793,793,decision,2015-03-17T00:00:00,2014-03-18T00:00:00,763,1017,735,selection_fit,797
736,Climate:h4:f2:o794,794,decision,2015-03-24T00:00:00,2014-03-25T00:00:00,763,1017,736,selection_fit,798
737,Climate:h4:f2:o795,795,decision,2015-03-31T00:00:00,2014-04-01T00:00:00,763,1017,737,selection_fit,799
738,Climate:h4:f2:o796,796,decision,2015-04-07T00:00:00,2014-04-08T00:00:00,763,1017,738,selection_fit,800
739,Climate:h4:f2:o797,797,decision,2015-04-14T00:00:00,2014-04-15T00:00:00,763,1017,739,selection_fit,801
740,Climate:h4:f2:o798,798,decision,2015-04-21T00:00:00,2014-04-22T00:00:00,763,1017,740,selection_fit,802
741,Climate:h4:f2:o799,799,decision,2015-04-28T00:00:00,2014-04-29T00:00:00,763,1017,741,selection_fit,803
742,Climate:h4:f2:o800,800,decision,2015-05-05T00:00:00,2014-05-06T00:00:00,763,1017,742,selection_fit,804
743,Climate:h4:f2:o801,801,decision,2015-05-12T00:00:00,2014-05-13T00:00:00,763,1017,743,selection_fit,805
744,Climate:h4:f2:o802,802,decision,2015-05-19T00:00:00,2014-05-20T00:00:00,763,1017,744,selection_fit,806
745,Climate:h4:f2:o803,803,decision,2015-05-26T00:00:00,2014-05-27T00:00:00,763,1017,745,selection_fit,807
746,Climate:h4:f2:o804,804,decision,2015-06-02T00:00:00,2014-06-03T00:00:00,763,1017,746,selection_fit,808
747,Climate:h4:f2:o805,805,decision,2015-06-09T00:00:00,2014-06-10T00:00:00,763,1017,747,selection_fit,809
748,Climate:h4:f2:o806,806,decision,2015-06-16T00:00:00,2014-06-17T00:00:00,763,1017,748,selection_fit,810
749,Climate:h4:f2:o807,807,decision,2015-06-23T00:00:00,2014-06-24T00:00:00,763,1017,749,selection_fit,811
750,Climate:h4:f2:o808,808,decision,2015-06-30T00:00:00,2014-07-01T00:00:00,763,1017,750,selection_fit,812
751,Climate:h4:f2:o809,809,decision,2015-07-07T00:00:00,2014-07-08T00:00:00,763,1017,751,selection_fit,813
752,Climate:h4:f2:o810,810,decision,2015-07-14T00:00:00,2014-07-15T00:00:00,763,1017,752,selection_fit,814
753,Climate:h4:f2:o811,811,decision,2015-07-21T00:00:00,2014-07-22T00:00:00,763,1017,753,selection_fit,815
754,Climate:h4:f2:o812,812,decision,2015-07-28T00:00:00,2014-07-29T00:00:00,763,1017,754,selection_fit,816
755,Climate:h4:f2:o813,813,decision,2015-08-04T00:00:00,2014-08-05T00:00:00,763,1017,755,selection_fit,817
756,Climate:h4:f2:o814,814,decision,2015-08-11T00:00:00,2014-08-12T00:00:00,763,1017,756,selection_fit,818
757,Climate:h4:f2:o815,815,decision,2015-08-18T00:00:00,2014-08-19T00:00:00,763,1017,757,selection_fit,819
758,Climate:h4:f2:o816,816,decision,2015-08-25T00:00:00,2014-08-26T00:00:00,763,1017,758,selection_fit,820
759,Climate:h4:f2:o817,817,decision,2015-09-01T00:00:00,2014-09-02T00:00:00,763,1017,759,selection_fit,821
760,Climate:h4:f2:o818,818,decision,2015-09-08T00:00:00,2014-09-09T00:00:00,763,1017,760,selection_fit,822
761,Climate:h4:f2:o819,819,decision,2015-09-15T00:00:00,2014-09-16T00:00:00,763,1017,761,selection_fit,823
762,Climate:h4:f2:o820,820,decision,2015-09-22T00:00:00,2014-09-23T00:00:00,763,1017,762,selection_fit,824
763,Climate:h4:f2:o821,821,decision,2015-09-29T00:00:00,2014-09-30T00:00:00,763,1017,763,selection_fit,825
764,Climate:h4:f2:o822,822,decision,2015-10-06T00:00:00,2014-10-07T00:00:00,763,1017,764,selection_fit,826
765,Climate:h4:f2:o823,823,decision,2015-10-13T00:00:00,2014-10-14T00:00:00,763,1017,765,selection_fit,827
766,Climate:h4:f2:o824,824,decision,2015-10-20T00:00:00,2014-10-21T00:00:00,763,1017,766,selection_fit,828
767,Climate:h4:f2:o825,825,decision,2015-10-27T00:00:00,2014-10-28T00:00:00,763,1017,767,selection_fit,829
768,Climate:h4:f2:o826,826,decision,2015-11-03T00:00:00,2014-11-04T00:00:00,763,1017,768,selection_fit,830
769,Climate:h4:f2:o827,827,decision,2015-11-10T00:00:00,2014-11-11T00:00:00,763,1017,769,selection_fit,831
770,Climate:h4:f2:o828,828,decision,2015-11-17T00:00:00,2014-11-18T00:00:00,763,1017,770,selection_fit,832
771,Climate:h4:f2:o829,829,decision,2015-11-24T00:00:00,2014-11-25T00:00:00,763,1017,771,selection_fit,833
772,Climate:h4:f2:o830,830,decision,2015-12-01T00:00:00,2014-12-02T00:00:00,763,1017,772,selection_fit,834
773,Climate:h4:f2:o831,831,decision,2015-12-08T00:00:00,2014-12-09T00:00:00,763,1017,773,selection_fit,835
774,Climate:h4:f2:o832,832,decision,2015-12-15T00:00:00,2014-12-16T00:00:00,763,1017,774,selection_fit,836
775,Climate:h4:f2:o833,833,decision,2015-12-22T00:00:00,2014-12-23T00:00:00,763,1017,775,selection_fit,837
776,Climate:h4:f2:o834,834,decision,2015-12-29T00:00:00,2014-12-30T00:00:00,763,1017,776,selection_fit,838
777,Climate:h4:f2:o835,835,decision,2016-01-05T00:00:00,2015-01-06T00:00:00,763,1017,777,selection_fit,839
778,Climate:h4:f2:o836,836,decision,2016-01-12T00:00:00,2015-01-13T00:00:00,763,1017,778,selection_fit,840
779,Climate:h4:f2:o837,837,decision,2016-01-19T00:00:00,2015-01-20T00:00:00,763,1017,779,selection_fit,841
780,Climate:h4:f2:o838,838,decision,2016-01-26T00:00:00,2015-01-27T00:00:00,763,1017,780,selection_fit,842
781,Climate:h4:f2:o839,839,decision,2016-02-02T00:00:00,2015-02-03T00:00:00,763,1017,781,selection_fit,843
782,Climate:h4:f2:o840,840,decision,2016-02-09T00:00:00,2015-02-10T00:00:00,763,1017,782,selection_fit,844
783,Climate:h4:f2:o841,841,decision,2016-02-16T00:00:00,2015-02-17T00:00:00,763,1017,783,selection_fit,845
784,Climate:h4:f2:o842,842,decision,2016-02-23T00:00:00,2015-02-24T00:00:00,763,1017,784,selection_fit,846
785,Climate:h4:f2:o843,843,decision,2016-03-01T00:00:00,2015-03-03T00:00:00,763,1017,785,selection_fit,847
786,Climate:h4:f2:o844,844,decision,2016-03-08T00:00:00,2015-03-10T00:00:00,763,1017,786,selection_fit,848
787,Climate:h4:f2:o845,845,decision,2016-03-15T00:00:00,2015-03-17T00:00:00,763,1017,787,selection_fit,849
788,Climate:h4:f2:o846,846,decision,2016-03-22T00:00:00,2015-03-24T00:00:00,763,1017,788,selection_fit,850
789,Climate:h4:f2:o847,847,decision,2016-03-29T00:00:00,2015-03-31T00:00:00,763,1017,789,selection_fit,851
790,Climate:h4:f2:o848,848,decision,2016-04-05T00:00:00,2015-04-07T00:00:00,763,1017,790,selection_fit,852
791,Climate:h4:f2:o849,849,decision,2016-04-12T00:00:00,2015-04-14T00:00:00,763,1017,791,selection_fit,853
792,Climate:h4:f2:o850,850,decision,2016-04-19T00:00:00,2015-04-21T00:00:00,763,1017,792,selection_fit,854
793,Climate:h4:f2:o851,851,decision,2016-04-26T00:00:00,2015-04-28T00:00:00,763,1017,793,selection_fit,855
794,Climate:h4:f2:o852,852,decision,2016-05-03T00:00:00,2015-05-05T00:00:00,763,1017,794,selection_fit,856
795,Climate:h4:f2:o853,853,decision,2016-05-10T00:00:00,2015-05-12T00:00:00,763,1017,795,selection_fit,857
796,Climate:h4:f2:o854,854,decision,2016-05-17T00:00:00,2015-05-19T00:00:00,763,1017,796,selection_fit,858
797,Climate:h4:f2:o855,855,decision,2016-05-24T00:00:00,2015-05-26T00:00:00,763,1017,797,selection_fit,859
798,Climate:h4:f2:o856,856,decision,2016-05-31T00:00:00,2015-06-02T00:00:00,763,1017,798,selection_fit,860
799,Climate:h4:f2:o857,857,decision,2016-06-07T00:00:00,2015-06-09T00:00:00,763,1017,799,selection_fit,861
800,Climate:h4:f2:o858,858,decision,2016-06-14T00:00:00,2015-06-16T00:00:00,763,1017,800,selection_fit,862
801,Climate:h4:f2:o859,859,decision,2016-06-21T00:00:00,2015-06-23T00:00:00,763,1017,801,selection_fit,863
802,Climate:h4:f2:o860,860,decision,2016-06-28T00:00:00,2015-06-30T00:00:00,763,1017,802,selection_fit,864
803,Climate:h4:f2:o861,861,decision,2016-07-05T00:00:00,2015-07-07T00:00:00,763,1017,803,selection_fit,865
804,Climate:h4:f2:o862,862,decision,2016-07-12T00:00:00,2015-07-14T00:00:00,763,1017,804,selection_fit,866
805,Climate:h4:f2:o863,863,decision,2016-07-19T00:00:00,2015-07-21T00:00:00,763,1017,805,selection_fit,867
806,Climate:h4:f2:o864,864,decision,2016-07-26T00:00:00,2015-07-28T00:00:00,763,1017,806,selection_fit,868
807,Climate:h4:f2:o865,865,decision,2016-08-02T00:00:00,2015-08-04T00:00:00,763,1017,807,selection_fit,869
808,Climate:h4:f2:o866,866,decision,2016-08-09T00:00:00,2015-08-11T00:00:00,763,1017,808,selection_fit,870
809,Climate:h4:f2:o867,867,decision,2016-08-16T00:00:00,2015-08-18T00:00:00,763,1017,809,selection_fit,871
810,Climate:h4:f2:o868,868,decision,2016-08-23T00:00:00,2015-08-25T00:00:00,763,1017,810,selection_fit,872
811,Climate:h4:f2:o869,869,decision,2016-08-30T00:00:00,2015-09-01T00:00:00,763,1017,811,selection_fit,873
812,Climate:h4:f2:o870,870,decision,2016-09-06T00:00:00,2015-09-08T00:00:00,763,1017,812,selection_fit,874
813,Climate:h4:f2:o871,871,decision,2016-09-13T00:00:00,2015-09-15T00:00:00,763,1017,813,selection_fit,875
814,Climate:h4:f2:o872,872,decision,2016-09-20T00:00:00,2015-09-22T00:00:00,763,1017,814,selection_fit,876
815,Climate:h4:f2:o873,873,decision,2016-09-27T00:00:00,2015-09-29T00:00:00,763,1017,815,selection_fit,877
816,Climate:h4:f2:o874,874,decision,2016-10-04T00:00:00,2015-10-06T00:00:00,763,1017,816,selection_fit,878
817,Climate:h4:f2:o875,875,decision,2016-10-11T00:00:00,2015-10-13T00:00:00,763,1017,817,selection_fit,879
818,Climate:h4:f2:o876,876,decision,2016-10-18T00:00:00,2015-10-20T00:00:00,763,1017,818,selection_fit,880
819,Climate:h4:f2:o877,877,decision,2016-10-25T00:00:00,2015-10-27T00:00:00,763,1017,819,selection_fit,881
820,Climate:h4:f2:o878,878,decision,2016-11-01T00:00:00,2015-11-03T00:00:00,763,1017,820,selection_fit,882
821,Climate:h4:f2:o879,879,decision,2016-11-08T00:00:00,2015-11-10T00:00:00,763,1017,821,selection_fit,883
822,Climate:h4:f2:o880,880,decision,2016-11-15T00:00:00,2015-11-17T00:00:00,763,1017,822,selection_fit,884
823,Climate:h4:f2:o881,881,decision,2016-11-22T00:00:00,2015-11-24T00:00:00,763,1017,823,selection_fit,885
824,Climate:h4:f2:o882,882,decision,2016-11-29T00:00:00,2015-12-01T00:00:00,763,1017,824,selection_fit,886
825,Climate:h4:f2:o883,883,decision,2016-12-06T00:00:00,2015-12-08T00:00:00,763,1017,825,selection_fit,887
826,Climate:h4:f2:o884,884,decision,2016-12-13T00:00:00,2015-12-15T00:00:00,763,1017,826,selection_fit,888
827,Climate:h4:f2:o885,885,decision,2016-12-20T00:00:00,2015-12-22T00:00:00,763,1017,827,selection_fit,889
828,Climate:h4:f2:o886,886,decision,2016-12-27T00:00:00,2015-12-29T00:00:00,763,1017,828,selection_fit,890
829,Climate:h4:f2:o887,887,decision,2017-01-03T00:00:00,2016-01-05T00:00:00,763,1017,829,selection_fit,891
830,Climate:h4:f2:o888,888,decision,2017-01-10T00:00:00,2016-01-12T00:00:00,763,1017,830,selection_fit,892
831,Climate:h4:f2:o889,889,decision,2017-01-17T00:00:00,2016-01-19T00:00:00,763,1017,831,selection_fit,893
832,Climate:h4:f2:o890,890,decision,2017-01-24T00:00:00,2016-01-26T00:00:00,763,1017,832,selection_fit,894
833,Climate:h4:f2:o891,891,decision,2017-01-31T00:00:00,2016-02-02T00:00:00,763,1017,833,selection_fit,895
834,Climate:h4:f2:o892,892,decision,2017-02-07T00:00:00,2016-02-09T00:00:00,763,1017,834,selection_fit,896
835,Climate:h4:f2:o893,893,decision,2017-02-14T00:00:00,2016-02-16T00:00:00,763,1017,835,selection_fit,897
836,Climate:h4:f2:o894,894,decision,2017-02-21T00:00:00,2016-02-23T00:00:00,763,1017,836,selection_fit,898
837,Climate:h4:f2:o895,895,decision,2017-02-28T00:00:00,2016-03-01T00:00:00,763,1017,837,selection_fit,899
838,Climate:h4:f2:o896,896,decision,2017-03-07T00:00:00,2016-03-08T00:00:00,763,1017,838,selection_fit,900
839,Climate:h4:f2:o897,897,decision,2017-03-14T00:00:00,2016-03-15T00:00:00,763,1017,839,selection_fit,901
840,Climate:h4:f2:o898,898,decision,2017-03-21T00:00:00,2016-03-22T00:00:00,763,1017,840,selection_fit,902
841,Climate:h4:f2:o899,899,decision,2017-03-28T00:00:00,2016-03-29T00:00:00,763,1017,841,selection_fit,903
842,Climate:h4:f2:o900,900,decision,2017-04-04T00:00:00,2016-04-05T00:00:00,763,1017,842,selection_fit,904
843,Climate:h4:f2:o901,901,decision,2017-04-11T00:00:00,2016-04-12T00:00:00,763,1017,843,selection_fit,905
844,Climate:h4:f2:o902,902,decision,2017-04-18T00:00:00,2016-04-19T00:00:00,763,1017,844,selection_fit,906
845,Climate:h4:f2:o903,903,decision,2017-04-25T00:00:00,2016-04-26T00:00:00,763,1017,845,selection_fit,907
846,Climate:h4:f2:o904,904,decision,2017-05-02T00:00:00,2016-05-03T00:00:00,763,1017,846,selection_fit,908
847,Climate:h4:f2:o905,905,decision,2017-05-09T00:00:00,2016-05-10T00:00:00,763,1017,847,selection_fit,909
848,Climate:h4:f2:o906,906,decision,2017-05-16T00:00:00,2016-05-17T00:00:00,763,1017,848,selection_fit,910
849,Climate:h4:f2:o907,907,decision,2017-05-23T00:00:00,2016-05-24T00:00:00,763,1017,849,selection_fit,911
850,Climate:h4:f2:o908,908,decision,2017-05-30T00:00:00,2016-05-31T00:00:00,763,1017,850,selection_fit,912
851,Climate:h4:f2:o909,909,decision,2017-06-06T00:00:00,2016-06-07T00:00:00,763,1017,851,selection_fit,913
852,Climate:h4:f2:o910,910,decision,2017-06-13T00:00:00,2016-06-14T00:00:00,763,1017,852,selection_fit,914
853,Climate:h4:f2:o911,911,decision,2017-06-20T00:00:00,2016-06-21T00:00:00,763,1017,853,selection_fit,915
854,Climate:h4:f2:o912,912,decision,2017-06-27T00:00:00,2016-06-28T00:00:00,763,1017,854,selection_fit,916
855,Climate:h4:f2:o913,913,decision,2017-07-04T00:00:00,2016-07-05T00:00:00,763,1017,855,selection_fit,917
856,Climate:h4:f2:o914,914,decision,2017-07-11T00:00:00,2016-07-12T00:00:00,763,1017,856,selection_fit,918
857,Climate:h4:f2:o915,915,decision,2017-07-18T00:00:00,2016-07-19T00:00:00,763,1017,857,selection_fit,919
858,Climate:h4:f2:o916,916,decision,2017-07-25T00:00:00,2016-07-26T00:00:00,763,1017,858,selection_fit,920
859,Climate:h4:f2:o917,917,decision,2017-08-01T00:00:00,2016-08-02T00:00:00,763,1017,859,selection_fit,921
860,Climate:h4:f2:o918,918,decision,2017-08-08T00:00:00,2016-08-09T00:00:00,763,1017,860,selection_fit,922
861,Climate:h4:f2:o919,919,decision,2017-08-15T00:00:00,2016-08-16T00:00:00,763,1017,861,selection_fit,923
862,Climate:h4:f2:o920,920,decision,2017-08-22T00:00:00,2016-08-23T00:00:00,763,1017,862,selection_fit,924
863,Climate:h4:f2:o921,921,decision,2017-08-29T00:00:00,2016-08-30T00:00:00,763,1017,863,selection_fit,925
864,Climate:h4:f2:o922,922,decision,2017-09-05T00:00:00,2016-09-06T00:00:00,763,1017,864,selection_fit,926
865,Climate:h4:f2:o923,923,decision,2017-09-12T00:00:00,2016-09-13T00:00:00,763,1017,865,selection_fit,927
866,Climate:h4:f2:o924,924,decision,2017-09-19T00:00:00,2016-09-20T00:00:00,763,1017,866,selection_fit,928
867,Climate:h4:f2:o925,925,decision,2017-09-26T00:00:00,2016-09-27T00:00:00,763,1017,867,selection_fit,929
868,Climate:h4:f2:o926,926,decision,2017-10-03T00:00:00,2016-10-04T00:00:00,763,1017,868,selection_fit,930
869,Climate:h4:f2:o927,927,decision,2017-10-10T00:00:00,2016-10-11T00:00:00,763,1017,869,selection_fit,931
870,Climate:h4:f2:o928,928,decision,2017-10-17T00:00:00,2016-10-18T00:00:00,763,1017,870,selection_fit,932
871,Climate:h4:f2:o929,929,decision,2017-10-24T00:00:00,2016-10-25T00:00:00,763,1017,871,selection_fit,933
872,Climate:h4:f2:o930,930,decision,2017-10-31T00:00:00,2016-11-01T00:00:00,763,1017,872,selection_fit,934
873,Climate:h4:f2:o931,931,decision,2017-11-07T00:00:00,2016-11-08T00:00:00,763,1017,873,selection_fit,935
874,Climate:h4:f2:o932,932,decision,2017-11-14T00:00:00,2016-11-15T00:00:00,763,1017,874,selection_fit,936
875,Climate:h4:f2:o933,933,decision,2017-11-21T00:00:00,2016-11-22T00:00:00,763,1017,875,selection_fit,937
876,Climate:h4:f2:o934,934,decision,2017-11-28T00:00:00,2016-11-29T00:00:00,763,1017,876,selection_fit,938
877,Climate:h4:f2:o935,935,decision,2017-12-05T00:00:00,2016-12-06T00:00:00,763,1017,877,selection_fit,939
878,Climate:h4:f2:o936,936,decision,2017-12-12T00:00:00,2016-12-13T00:00:00,763,1017,878,selection_fit,940
879,Climate:h4:f2:o937,937,decision,2017-12-19T00:00:00,2016-12-20T00:00:00,763,1017,879,selection_fit,941
880,Climate:h4:f2:o938,938,decision,2017-12-26T00:00:00,2016-12-27T00:00:00,763,1017,880,selection_fit,942
881,Climate:h4:f2:o939,939,decision,2018-01-02T00:00:00,2017-01-03T00:00:00,763,1017,881,selection_fit,943
882,Climate:h4:f2:o940,940,decision,2018-01-09T00:00:00,2017-01-10T00:00:00,763,1017,882,selection_fit,944
883,Climate:h4:f2:o941,941,decision,2018-01-16T00:00:00,2017-01-17T00:00:00,763,1017,883,selection_fit,945
884,Climate:h4:f2:o942,942,decision,2018-01-23T00:00:00,2017-01-24T00:00:00,763,1017,884,selection_fit,946
885,Climate:h4:f2:o943,943,decision,2018-01-30T00:00:00,2017-01-31T00:00:00,763,1017,885,selection_fit,947
886,Climate:h4:f2:o944,944,decision,2018-02-06T00:00:00,2017-02-07T00:00:00,763,1017,886,selection_fit,948
887,Climate:h4:f2:o945,945,decision,2018-02-13T00:00:00,2017-02-14T00:00:00,763,1017,887,selection_fit,949
888,Climate:h4:f2:o946,946,decision,2018-02-20T00:00:00,2017-02-21T00:00:00,763,1017,888,selection_fit,950
889,Climate:h4:f2:o947,947,decision,2018-02-27T00:00:00,2017-02-28T00:00:00,763,1017,889,selection_fit,951
890,Climate:h4:f2:o948,948,decision,2018-03-06T00:00:00,2017-03-07T00:00:00,763,1017,890,selection_fit,952
891,Climate:h4:f2:o949,949,decision,2018-03-13T00:00:00,2017-03-14T00:00:00,763,1017,891,selection_fit,953
892,Climate:h4:f2:o950,950,decision,2018-03-20T00:00:00,2017-03-21T00:00:00,763,1017,892,selection_fit,954
893,Climate:h4:f2:o951,951,decision,2018-03-27T00:00:00,2017-03-28T00:00:00,763,1017,893,selection_fit,955
894,Climate:h4:f2:o952,952,decision,2018-04-03T00:00:00,2017-04-04T00:00:00,763,1017,894,selection_fit,956
895,Climate:h4:f2:o953,953,decision,2018-04-10T00:00:00,2017-04-11T00:00:00,763,1017,895,selection_fit,957
896,Climate:h4:f2:o954,954,decision,2018-04-17T00:00:00,2017-04-18T00:00:00,763,1017,896,selection_fit,958
897,Climate:h4:f2:o955,955,decision,2018-04-24T00:00:00,2017-04-25T00:00:00,763,1017,897,selection_fit,959
898,Climate:h4:f2:o956,956,decision,2018-05-01T00:00:00,2017-05-02T00:00:00,763,1017,898,selection_fit,960
899,Climate:h4:f2:o957,957,decision,2018-05-08T00:00:00,2017-05-09T00:00:00,763,1017,899,selection_fit,961
900,Climate:h4:f2:o958,958,decision,2018-05-15T00:00:00,2017-05-16T00:00:00,763,1017,900,selection_fit,962
901,Climate:h4:f2:o959,959,decision,2018-05-22T00:00:00,2017-05-23T00:00:00,763,1017,901,selection_fit,963
902,Climate:h4:f2:o960,960,decision,2018-05-29T00:00:00,2017-05-30T00:00:00,763,1017,902,selection_fit,964
903,Climate:h4:f2:o961,961,decision,2018-06-05T00:00:00,2017-06-06T00:00:00,763,1017,903,selection_fit,965
904,Climate:h4:f2:o962,962,decision,2018-06-12T00:00:00,2017-06-13T00:00:00,763,1017,904,selection_fit,966
905,Climate:h4:f2:o963,963,decision,2018-06-19T00:00:00,2017-06-20T00:00:00,763,1017,905,selection_fit,967
906,Climate:h4:f2:o964,964,decision,2018-06-26T00:00:00,2017-06-27T00:00:00,763,1017,906,selection_fit,968
907,Climate:h4:f2:o965,965,decision,2018-07-03T00:00:00,2017-07-04T00:00:00,763,1017,907,selection_fit,969
908,Climate:h4:f2:o966,966,decision,2018-07-10T00:00:00,2017-07-11T00:00:00,763,1017,908,selection_fit,970
909,Climate:h4:f2:o967,967,decision,2018-07-17T00:00:00,2017-07-18T00:00:00,763,1017,909,selection_fit,971
910,Climate:h4:f2:o968,968,decision,2018-07-24T00:00:00,2017-07-25T00:00:00,763,1017,910,selection_fit,972
911,Climate:h4:f2:o969,969,decision,2018-07-31T00:00:00,2017-08-01T00:00:00,763,1017,911,selection_fit,973
912,Climate:h4:f2:o970,970,decision,2018-08-07T00:00:00,2017-08-08T00:00:00,763,1017,912,selection_fit,974
913,Climate:h4:f2:o971,971,decision,2018-08-14T00:00:00,2017-08-15T00:00:00,763,1017,913,selection_fit,975
914,Climate:h4:f2:o972,972,decision,2018-08-21T00:00:00,2017-08-22T00:00:00,763,1017,914,selection_fit,976
915,Climate:h4:f2:o973,973,decision,2018-08-28T00:00:00,2017-08-29T00:00:00,763,1017,915,selection_fit,977
916,Climate:h4:f2:o974,974,decision,2018-09-04T00:00:00,2017-09-05T00:00:00,763,1017,916,selection_fit,978
917,Climate:h4:f2:o975,975,decision,2018-09-11T00:00:00,2017-09-12T00:00:00,763,1017,917,selection_fit,979
918,Climate:h4:f2:o976,976,decision,2018-09-18T00:00:00,2017-09-19T00:00:00,763,1017,918,selection_fit,980
919,Climate:h4:f2:o977,977,decision,2018-09-25T00:00:00,2017-09-26T00:00:00,763,1017,919,selection_fit,981
920,Climate:h4:f2:o978,978,decision,2018-10-02T00:00:00,2017-10-03T00:00:00,763,1017,920,selection_fit,982
921,Climate:h4:f2:o979,979,decision,2018-10-09T00:00:00,2017-10-10T00:00:00,763,1017,921,selection_fit,983
922,Climate:h4:f2:o980,980,decision,2018-10-16T00:00:00,2017-10-17T00:00:00,763,1017,922,selection_fit,984
923,Climate:h4:f2:o981,981,decision,2018-10-23T00:00:00,2017-10-24T00:00:00,763,1017,923,selection_fit,985
924,Climate:h4:f2:o982,982,decision,2018-10-30T00:00:00,2017-10-31T00:00:00,763,1017,924,selection_fit,986
925,Climate:h4:f2:o983,983,decision,2018-11-06T00:00:00,2017-11-07T00:00:00,763,1017,925,selection_fit,987
926,Climate:h4:f2:o984,984,decision,2018-11-13T00:00:00,2017-11-14T00:00:00,763,1017,926,selection_fit,988
927,Climate:h4:f2:o985,985,decision,2018-11-20T00:00:00,2017-11-21T00:00:00,763,1017,927,selection_fit,989
928,Climate:h4:f2:o986,986,decision,2018-11-27T00:00:00,2017-11-28T00:00:00,763,1017,928,selection_fit,990
929,Climate:h4:f2:o987,987,decision,2018-12-04T00:00:00,2017-12-05T00:00:00,763,1017,929,selection_fit,991
930,Climate:h4:f2:o988,988,decision,2018-12-11T00:00:00,2017-12-12T00:00:00,763,1017,930,selection_fit,992
931,Climate:h4:f2:o989,989,decision,2018-12-18T00:00:00,2017-12-19T00:00:00,763,1017,931,selection_fit,993
932,Climate:h4:f2:o990,990,decision,2018-12-25T00:00:00,2017-12-26T00:00:00,763,1017,932,selection_fit,994
933,Climate:h4:f2:o991,991,decision,2019-01-01T00:00:00,2018-01-02T00:00:00,763,1017,933,selection_fit,995
934,Climate:h4:f2:o992,992,decision,2019-01-08T00:00:00,2018-01-09T00:00:00,763,1017,934,selection_fit,996
935,Climate:h4:f2:o993,993,decision,2019-01-15T00:00:00,2018-01-16T00:00:00,763,1017,935,selection_fit,997
936,Climate:h4:f2:o994,994,decision,2019-01-22T00:00:00,2018-01-23T00:00:00,763,1017,936,selection_fit,998
937,Climate:h4:f2:o995,995,decision,2019-01-29T00:00:00,2018-01-30T00:00:00,763,1017,937,selection_fit,999
938,Climate:h4:f2:o996,996,decision,2019-02-05T00:00:00,2018-02-06T00:00:00,763,1017,938,selection_fit,1000
939,Climate:h4:f2:o997,997,decision,2019-02-12T00:00:00,2018-02-13T00:00:00,763,1017,939,selection_fit,1001
940,Climate:h4:f2:o998,998,decision,2019-02-19T00:00:00,2018-02-20T00:00:00,763,1017,940,selection_fit,1002
941,Climate:h4:f2:o999,999,decision,2019-02-26T00:00:00,2018-02-27T00:00:00,763,1017,941,selection_fit,1003
942,Climate:h4:f2:o1000,1000,decision,2019-03-05T00:00:00,2018-03-06T00:00:00,763,1017,942,selection_fit,1004
943,Climate:h4:f2:o1001,1001,decision,2019-03-12T00:00:00,2018-03-13T00:00:00,763,1017,943,selection_fit,1005
944,Climate:h4:f2:o1002,1002,decision,2019-03-19T00:00:00,2018-03-20T00:00:00,763,1017,944,selection_fit,1006
945,Climate:h4:f2:o1003,1003,decision,2019-03-26T00:00:00,2018-03-27T00:00:00,763,1017,945,selection_fit,1007
946,Climate:h4:f2:o1004,1004,decision,2019-04-02T00:00:00,2018-04-03T00:00:00,763,1017,946,selection_fit,1008
947,Climate:h4:f2:o1005,1005,decision,2019-04-09T00:00:00,2018-04-10T00:00:00,763,1017,947,selection_fit,1009
948,Climate:h4:f2:o1006,1006,decision,2019-04-16T00:00:00,2018-04-17T00:00:00,763,1017,948,selection_fit,1010
949,Climate:h4:f2:o1007,1007,decision,2019-04-23T00:00:00,2018-04-24T00:00:00,763,1017,949,selection_fit,1011
950,Climate:h4:f2:o1008,1008,decision,2019-04-30T00:00:00,2018-05-01T00:00:00,763,1017,950,selection_fit,1012
951,Climate:h4:f2:o1009,1009,decision,2019-05-07T00:00:00,2018-05-08T00:00:00,763,1017,951,selection_fit,1013
952,Climate:h4:f2:o1010,1010,decision,2019-05-14T00:00:00,2018-05-15T00:00:00,763,1017,952,selection_fit,1014
953,Climate:h4:f2:o1011,1011,decision,2019-05-21T00:00:00,2018-05-22T00:00:00,763,1017,953,selection_fit,1015
954,Climate:h4:f2:o1012,1012,decision,2019-05-28T00:00:00,2018-05-29T00:00:00,763,1017,954,selection_fit,1016
955,Climate:h4:f2:o1013,1013,decision,2019-06-04T00:00:00,2018-06-05T00:00:00,763,1017,955,selection_fit,1017
956,Climate:h4:f2:o1017,1017,test,2019-07-02T00:00:00,2018-07-03T00:00:00,1017,1144,0,test_features,1021
957,Climate:h4:f2:o1018,1018,test,2019-07-09T00:00:00,2018-07-10T00:00:00,1017,1144,1,test_features,1022
958,Climate:h4:f2:o1019,1019,test,2019-07-16T00:00:00,2018-07-17T00:00:00,1017,1144,2,test_features,1023
959,Climate:h4:f2:o1020,1020,test,2019-07-23T00:00:00,2018-07-24T00:00:00,1017,1144,3,test_features,1024
960,Climate:h4:f2:o1021,1021,test,2019-07-30T00:00:00,2018-07-31T00:00:00,1017,1144,4,test_features,1025
961,Climate:h4:f2:o1022,1022,test,2019-08-06T00:00:00,2018-08-07T00:00:00,1017,1144,5,test_features,1026
962,Climate:h4:f2:o1023,1023,test,2019-08-13T00:00:00,2018-08-14T00:00:00,1017,1144,6,test_features,1027
963,Climate:h4:f2:o1024,1024,test,2019-08-20T00:00:00,2018-08-21T00:00:00,1017,1144,7,test_features,1028
964,Climate:h4:f2:o1025,1025,test,2019-08-27T00:00:00,2018-08-28T00:00:00,1017,1144,8,test_features,1029
965,Climate:h4:f2:o1026,1026,test,2019-09-03T00:00:00,2018-09-04T00:00:00,1017,1144,9,test_features,1030
966,Climate:h4:f2:o1027,1027,test,2019-09-10T00:00:00,2018-09-11T00:00:00,1017,1144,10,test_features,1031
967,Climate:h4:f2:o1028,1028,test,2019-09-17T00:00:00,2018-09-18T00:00:00,1017,1144,11,test_features,1032
968,Climate:h4:f2:o1029,1029,test,2019-09-24T00:00:00,2018-09-25T00:00:00,1017,1144,12,test_features,1033
969,Climate:h4:f2:o1030,1030,test,2019-10-01T00:00:00,2018-10-02T00:00:00,1017,1144,13,test_features,1034
970,Climate:h4:f2:o1031,1031,test,2019-10-08T00:00:00,2018-10-09T00:00:00,1017,1144,14,test_features,1035
971,Climate:h4:f2:o1032,1032,test,2019-10-15T00:00:00,2018-10-16T00:00:00,1017,1144,15,test_features,1036
972,Climate:h4:f2:o1033,1033,test,2019-10-22T00:00:00,2018-10-23T00:00:00,1017,1144,16,test_features,1037
973,Climate:h4:f2:o1034,1034,test,2019-10-29T00:00:00,2018-10-30T00:00:00,1017,1144,17,test_features,1038
974,Climate:h4:f2:o1035,1035,test,2019-11-05T00:00:00,2018-11-06T00:00:00,1017,1144,18,test_features,1039
975,Climate:h4:f2:o1036,1036,test,2019-11-12T00:00:00,2018-11-13T00:00:00,1017,1144,19,test_features,1040
976,Climate:h4:f2:o1037,1037,test,2019-11-19T00:00:00,2018-11-20T00:00:00,1017,1144,20,test_features,1041
977,Climate:h4:f2:o1038,1038,test,2019-11-26T00:00:00,2018-11-27T00:00:00,1017,1144,21,test_features,1042
978,Climate:h4:f2:o1039,1039,test,2019-12-03T00:00:00,2018-12-04T00:00:00,1017,1144,22,test_features,1043
979,Climate:h4:f2:o1040,1040,test,2019-12-10T00:00:00,2018-12-11T00:00:00,1017,1144,23,test_features,1044
980,Climate:h4:f2:o1041,1041,test,2019-12-17T00:00:00,2018-12-18T00:00:00,1017,1144,24,test_features,1045
981,Climate:h4:f2:o1042,1042,test,2019-12-24T00:00:00,2018-12-25T00:00:00,1017,1144,25,test_features,1046
982,Climate:h4:f2:o1043,1043,test,2019-12-31T00:00:00,2019-01-01T00:00:00,1017,1144,26,test_features,1047
983,Climate:h4:f2:o1044,1044,test,2020-01-07T00:00:00,2019-01-08T00:00:00,1017,1144,27,test_features,1048
984,Climate:h4:f2:o1045,1045,test,2020-01-14T00:00:00,2019-01-15T00:00:00,1017,1144,28,test_features,1049
985,Climate:h4:f2:o1046,1046,test,2020-01-21T00:00:00,2019-01-22T00:00:00,1017,1144,29,test_features,1050
986,Climate:h4:f2:o1047,1047,test,2020-01-28T00:00:00,2019-01-29T00:00:00,1017,1144,30,test_features,1051
987,Climate:h4:f2:o1048,1048,test,2020-02-04T00:00:00,2019-02-05T00:00:00,1017,1144,31,test_features,1052
988,Climate:h4:f2:o1049,1049,test,2020-02-11T00:00:00,2019-02-12T00:00:00,1017,1144,32,test_features,1053
989,Climate:h4:f2:o1050,1050,test,2020-02-18T00:00:00,2019-02-19T00:00:00,1017,1144,33,test_features,1054
990,Climate:h4:f2:o1051,1051,test,2020-02-25T00:00:00,2019-02-26T00:00:00,1017,1144,34,test_features,1055
991,Climate:h4:f2:o1052,1052,test,2020-03-03T00:00:00,2019-03-05T00:00:00,1017,1144,35,test_features,1056
992,Climate:h4:f2:o1053,1053,test,2020-03-10T00:00:00,2019-03-12T00:00:00,1017,1144,36,test_features,1057
993,Climate:h4:f2:o1054,1054,test,2020-03-17T00:00:00,2019-03-19T00:00:00,1017,1144,37,test_features,1058
994,Climate:h4:f2:o1055,1055,test,2020-03-24T00:00:00,2019-03-26T00:00:00,1017,1144,38,test_features,1059
995,Climate:h4:f2:o1056,1056,test,2020-03-31T00:00:00,2019-04-02T00:00:00,1017,1144,39,test_features,1060
996,Climate:h4:f2:o1057,1057,test,2020-04-07T00:00:00,2019-04-09T00:00:00,1017,1144,40,test_features,1061
997,Climate:h4:f2:o1058,1058,test,2020-04-14T00:00:00,2019-04-16T00:00:00,1017,1144,41,test_features,1062
998,Climate:h4:f2:o1059,1059,test,2020-04-21T00:00:00,2019-04-23T00:00:00,1017,1144,42,test_features,1063
999,Climate:h4:f2:o1060,1060,test,2020-04-28T00:00:00,2019-04-30T00:00:00,1017,1144,43,test_features,1064
1000,Climate:h4:f2:o1061,1061,test,2020-05-05T00:00:00,2019-05-07T00:00:00,1017,1144,44,test_features,1065
1001,Climate:h4:f2:o1062,1062,test,2020-05-12T00:00:00,2019-05-14T00:00:00,1017,1144,45,test_features,1066
1002,Climate:h4:f2:o1063,1063,test,2020-05-19T00:00:00,2019-05-21T00:00:00,1017,1144,46,test_features,1067
1003,Climate:h4:f2:o1064,1064,test,2020-05-26T00:00:00,2019-05-28T00:00:00,1017,1144,47,test_features,1068
1004,Climate:h4:f2:o1065,1065,test,2020-06-02T00:00:00,2019-06-04T00:00:00,1017,1144,48,test_features,1069
1005,Climate:h4:f2:o1066,1066,test,2020-06-09T00:00:00,2019-06-11T00:00:00,1017,1144,49,test_features,1070
1006,Climate:h4:f2:o1067,1067,test,2020-06-16T00:00:00,2019-06-18T00:00:00,1017,1144,50,test_features,1071
1007,Climate:h4:f2:o1068,1068,test,2020-06-23T00:00:00,2019-06-25T00:00:00,1017,1144,51,test_features,1072
1008,Climate:h4:f2:o1069,1069,test,2020-06-30T00:00:00,2019-07-02T00:00:00,1017,1144,52,test_features,1073
1009,Climate:h4:f2:o1070,1070,test,2020-07-07T00:00:00,2019-07-09T00:00:00,1017,1144,53,test_features,1074
1010,Climate:h4:f2:o1071,1071,test,2020-07-14T00:00:00,2019-07-16T00:00:00,1017,1144,54,test_features,1075
1011,Climate:h4:f2:o1072,1072,test,2020-07-21T00:00:00,2019-07-23T00:00:00,1017,1144,55,test_features,1076
1012,Climate:h4:f2:o1073,1073,test,2020-07-28T00:00:00,2019-07-30T00:00:00,1017,1144,56,test_features,1077
1013,Climate:h4:f2:o1074,1074,test,2020-08-04T00:00:00,2019-08-06T00:00:00,1017,1144,57,test_features,1078
1014,Climate:h4:f2:o1075,1075,test,2020-08-11T00:00:00,2019-08-13T00:00:00,1017,1144,58,test_features,1079
1015,Climate:h4:f2:o1076,1076,test,2020-08-18T00:00:00,2019-08-20T00:00:00,1017,1144,59,test_features,1080
1016,Climate:h4:f2:o1077,1077,test,2020-08-25T00:00:00,2019-08-27T00:00:00,1017,1144,60,test_features,1081
1017,Climate:h4:f2:o1078,1078,test,2020-09-01T00:00:00,2019-09-03T00:00:00,1017,1144,61,test_features,1082
1018,Climate:h4:f2:o1079,1079,test,2020-09-08T00:00:00,2019-09-10T00:00:00,1017,1144,62,test_features,1083
1019,Climate:h4:f2:o1080,1080,test,2020-09-15T00:00:00,2019-09-17T00:00:00,1017,1144,63,test_features,1084
1020,Climate:h4:f2:o1081,1081,test,2020-09-22T00:00:00,2019-09-24T00:00:00,1017,1144,64,test_features,1085
1021,Climate:h4:f2:o1082,1082,test,2020-09-29T00:00:00,2019-10-01T00:00:00,1017,1144,65,test_features,1086
1022,Climate:h4:f2:o1083,1083,test,2020-10-06T00:00:00,2019-10-08T00:00:00,1017,1144,66,test_features,1087
1023,Climate:h4:f2:o1084,1084,test,2020-10-13T00:00:00,2019-10-15T00:00:00,1017,1144,67,test_features,1088
1024,Climate:h4:f2:o1085,1085,test,2020-10-20T00:00:00,2019-10-22T00:00:00,1017,1144,68,test_features,1089
1025,Climate:h4:f2:o1086,1086,test,2020-10-27T00:00:00,2019-10-29T00:00:00,1017,1144,69,test_features,1090
1026,Climate:h4:f2:o1087,1087,test,2020-11-03T00:00:00,2019-11-05T00:00:00,1017,1144,70,test_features,1091
1027,Climate:h4:f2:o1088,1088,test,2020-11-10T00:00:00,2019-11-12T00:00:00,1017,1144,71,test_features,1092
1028,Climate:h4:f2:o1089,1089,test,2020-11-17T00:00:00,2019-11-19T00:00:00,1017,1144,72,test_features,1093
1029,Climate:h4:f2:o1090,1090,test,2020-11-24T00:00:00,2019-11-26T00:00:00,1017,1144,73,test_features,1094
1030,Climate:h4:f2:o1091,1091,test,2020-12-01T00:00:00,2019-12-03T00:00:00,1017,1144,74,test_features,1095
1031,Climate:h4:f2:o1092,1092,test,2020-12-08T00:00:00,2019-12-10T00:00:00,1017,1144,75,test_features,1096
1032,Climate:h4:f2:o1093,1093,test,2020-12-15T00:00:00,2019-12-17T00:00:00,1017,1144,76,test_features,1097
1033,Climate:h4:f2:o1094,1094,test,2020-12-22T00:00:00,2019-12-24T00:00:00,1017,1144,77,test_features,1098
1034,Climate:h4:f2:o1095,1095,test,2020-12-29T00:00:00,2019-12-31T00:00:00,1017,1144,78,test_features,1099
1035,Climate:h4:f2:o1096,1096,test,2021-01-05T00:00:00,2020-01-07T00:00:00,1017,1144,79,test_features,1100
1036,Climate:h4:f2:o1097,1097,test,2021-01-12T00:00:00,2020-01-14T00:00:00,1017,1144,80,test_features,1101
1037,Climate:h4:f2:o1098,1098,test,2021-01-19T00:00:00,2020-01-21T00:00:00,1017,1144,81,test_features,1102
1038,Climate:h4:f2:o1099,1099,test,2021-01-26T00:00:00,2020-01-28T00:00:00,1017,1144,82,test_features,1103
1039,Climate:h4:f2:o1100,1100,test,2021-02-02T00:00:00,2020-02-04T00:00:00,1017,1144,83,test_features,1104
1040,Climate:h4:f2:o1101,1101,test,2021-02-09T00:00:00,2020-02-11T00:00:00,1017,1144,84,test_features,1105
1041,Climate:h4:f2:o1102,1102,test,2021-02-16T00:00:00,2020-02-18T00:00:00,1017,1144,85,test_features,1106
1042,Climate:h4:f2:o1103,1103,test,2021-02-23T00:00:00,2020-02-25T00:00:00,1017,1144,86,test_features,1107
1043,Climate:h4:f2:o1104,1104,test,2021-03-02T00:00:00,2020-03-03T00:00:00,1017,1144,87,test_features,1108
1044,Climate:h4:f2:o1105,1105,test,2021-03-09T00:00:00,2020-03-10T00:00:00,1017,1144,88,test_features,1109
1045,Climate:h4:f2:o1106,1106,test,2021-03-16T00:00:00,2020-03-17T00:00:00,1017,1144,89,test_features,1110
1046,Climate:h4:f2:o1107,1107,test,2021-03-23T00:00:00,2020-03-24T00:00:00,1017,1144,90,test_features,1111
1047,Climate:h4:f2:o1108,1108,test,2021-03-30T00:00:00,2020-03-31T00:00:00,1017,1144,91,test_features,1112
1048,Climate:h4:f2:o1109,1109,test,2021-04-06T00:00:00,2020-04-07T00:00:00,1017,1144,92,test_features,1113
1049,Climate:h4:f2:o1110,1110,test,2021-04-13T00:00:00,2020-04-14T00:00:00,1017,1144,93,test_features,1114
1050,Climate:h4:f2:o1111,1111,test,2021-04-20T00:00:00,2020-04-21T00:00:00,1017,1144,94,test_features,1115
1051,Climate:h4:f2:o1112,1112,test,2021-04-27T00:00:00,2020-04-28T00:00:00,1017,1144,95,test_features,1116
1052,Climate:h4:f2:o1113,1113,test,2021-05-04T00:00:00,2020-05-05T00:00:00,1017,1144,96,test_features,1117
1053,Climate:h4:f2:o1114,1114,test,2021-05-11T00:00:00,2020-05-12T00:00:00,1017,1144,97,test_features,1118
1054,Climate:h4:f2:o1115,1115,test,2021-05-18T00:00:00,2020-05-19T00:00:00,1017,1144,98,test_features,1119
1055,Climate:h4:f2:o1116,1116,test,2021-05-25T00:00:00,2020-05-26T00:00:00,1017,1144,99,test_features,1120
1056,Climate:h4:f2:o1117,1117,test,2021-06-01T00:00:00,2020-06-02T00:00:00,1017,1144,100,test_features,1121
1057,Climate:h4:f2:o1118,1118,test,2021-06-08T00:00:00,2020-06-09T00:00:00,1017,1144,101,test_features,1122
1058,Climate:h4:f2:o1119,1119,test,2021-06-15T00:00:00,2020-06-16T00:00:00,1017,1144,102,test_features,1123
1059,Climate:h4:f2:o1120,1120,test,2021-06-22T00:00:00,2020-06-23T00:00:00,1017,1144,103,test_features,1124
1060,Climate:h4:f2:o1121,1121,test,2021-06-29T00:00:00,2020-06-30T00:00:00,1017,1144,104,test_features,1125
1061,Climate:h4:f2:o1122,1122,test,2021-07-06T00:00:00,2020-07-07T00:00:00,1017,1144,105,test_features,1126
1062,Climate:h4:f2:o1123,1123,test,2021-07-13T00:00:00,2020-07-14T00:00:00,1017,1144,106,test_features,1127
1063,Climate:h4:f2:o1124,1124,test,2021-07-20T00:00:00,2020-07-21T00:00:00,1017,1144,107,test_features,1128
1064,Climate:h4:f2:o1125,1125,test,2021-07-27T00:00:00,2020-07-28T00:00:00,1017,1144,108,test_features,1129
1065,Climate:h4:f2:o1126,1126,test,2021-08-03T00:00:00,2020-08-04T00:00:00,1017,1144,109,test_features,1130
1066,Climate:h4:f2:o1127,1127,test,2021-08-10T00:00:00,2020-08-11T00:00:00,1017,1144,110,test_features,1131
1067,Climate:h4:f2:o1128,1128,test,2021-08-17T00:00:00,2020-08-18T00:00:00,1017,1144,111,test_features,1132
1068,Climate:h4:f2:o1129,1129,test,2021-08-24T00:00:00,2020-08-25T00:00:00,1017,1144,112,test_features,1133
1069,Climate:h4:f2:o1130,1130,test,2021-08-31T00:00:00,2020-09-01T00:00:00,1017,1144,113,test_features,1134
1070,Climate:h4:f2:o1131,1131,test,2021-09-07T00:00:00,2020-09-08T00:00:00,1017,1144,114,test_features,1135
1071,Climate:h4:f2:o1132,1132,test,2021-09-14T00:00:00,2020-09-15T00:00:00,1017,1144,115,test_features,1136
1072,Climate:h4:f2:o1133,1133,test,2021-09-21T00:00:00,2020-09-22T00:00:00,1017,1144,116,test_features,1137
1073,Climate:h4:f2:o1134,1134,test,2021-09-28T00:00:00,2020-09-29T00:00:00,1017,1144,117,test_features,1138
1074,Climate:h4:f2:o1135,1135,test,2021-10-05T00:00:00,2020-10-06T00:00:00,1017,1144,118,test_features,1139
1075,Climate:h4:f2:o1136,1136,test,2021-10-12T00:00:00,2020-10-13T00:00:00,1017,1144,119,test_features,1140
1076,Climate:h4:f2:o1137,1137,test,2021-10-19T00:00:00,2020-10-20T00:00:00,1017,1144,120,test_features,1141
1077,Climate:h4:f2:o1138,1138,test,2021-10-26T00:00:00,2020-10-27T00:00:00,1017,1144,121,test_features,1142
1078,Climate:h4:f2:o1139,1139,test,2021-11-02T00:00:00,2020-11-03T00:00:00,1017,1144,122,test_features,1143
1079,Climate:h4:f2:o1140,1140,test,2021-11-09T00:00:00,2020-11-10T00:00:00,1017,1144,123,test_features,1144
